<?xml version="1.0" encoding="UTF-8"?>
<gpx creator="Garmin Connect" version="1.1"
  xsi:schemaLocation="http://www.topografix.com/GPX/1/1 http://www.topografix.com/GPX/11.xsd"
  xmlns:ns3="http://www.garmin.com/xmlschemas/TrackPointExtension/v1"
  xmlns="http://www.topografix.com/GPX/1/1"
  xmlns:xsi="http://www.w3.org/2001/XMLSchema-instance" xmlns:ns2="http://www.garmin.com/xmlschemas/GpxExtensions/v3">
  <metadata>
    <link href="connect.garmin.com">
      <text>Garmin Connect</text>
    </link>
    <time>2024-10-22T16:59:32.000Z</time>
  </metadata>
  <trk>
    <name>Blue Mountains Walking</name>
    <type>walking</type>
    <trkseg>
      <trkpt lat="44.42326999269425868988037109375" lon="-80.46962312422692775726318359375">
        <ele>412.600006103515625</ele>
        <time>2024-10-22T16:59:32.000Z</time>
        <extensions>
          <ns3:TrackPointExtension>
            <ns3:hr>80</ns3:hr>
          </ns3:TrackPointExtension>
        </extensions>
      </trkpt>
      <trkpt lat="44.4232672266662120819091796875" lon="-80.469632931053638458251953125">
        <ele>412.399993896484375</ele>
        <time>2024-10-22T16:59:34.000Z</time>
        <extensions>
          <ns3:TrackPointExtension>
            <ns3:hr>83</ns3:hr>
          </ns3:TrackPointExtension>
        </extensions>
      </trkpt>
      <trkpt lat="44.42327653057873249053955078125" lon="-80.46962111257016658782958984375">
        <ele>412.79998779296875</ele>
        <time>2024-10-22T16:59:36.000Z</time>
        <extensions>
          <ns3:TrackPointExtension>
            <ns3:hr>87</ns3:hr>
          </ns3:TrackPointExtension>
        </extensions>
      </trkpt>
      <trkpt lat="44.42326270043849945068359375" lon="-80.4696227051317691802978515625">
        <ele>412</ele>
        <time>2024-10-22T16:59:42.000Z</time>
        <extensions>
          <ns3:TrackPointExtension>
            <ns3:hr>90</ns3:hr>
          </ns3:TrackPointExtension>
        </extensions>
      </trkpt>
      <trkpt lat="44.423263370990753173828125" lon="-80.4696123115718364715576171875">
        <ele>412</ele>
        <time>2024-10-22T16:59:45.000Z</time>
        <extensions>
          <ns3:TrackPointExtension>
            <ns3:hr>91</ns3:hr>
          </ns3:TrackPointExtension>
        </extensions>
      </trkpt>
      <trkpt lat="44.42326261661946773529052734375" lon="-80.46957886777818202972412109375">
        <ele>412</ele>
        <time>2024-10-22T16:59:56.000Z</time>
        <extensions>
          <ns3:TrackPointExtension>
            <ns3:hr>93</ns3:hr>
          </ns3:TrackPointExtension>
        </extensions>
      </trkpt>
      <trkpt lat="44.42328290082514286041259765625" lon="-80.4695657081902027130126953125">
        <ele>411.79998779296875</ele>
        <time>2024-10-22T17:00:03.000Z</time>
        <extensions>
          <ns3:TrackPointExtension>
            <ns3:hr>90</ns3:hr>
          </ns3:TrackPointExtension>
        </extensions>
      </trkpt>
      <trkpt lat="44.42328424192965030670166015625" lon="-80.46956411562860012054443359375">
        <ele>411.79998779296875</ele>
        <time>2024-10-22T17:00:04.000Z</time>
        <extensions>
          <ns3:TrackPointExtension>
            <ns3:hr>87</ns3:hr>
          </ns3:TrackPointExtension>
        </extensions>
      </trkpt>
      <trkpt lat="44.42329220473766326904296875" lon="-80.46956243924796581268310546875">
        <ele>411.79998779296875</ele>
        <time>2024-10-22T17:00:06.000Z</time>
        <extensions>
          <ns3:TrackPointExtension>
            <ns3:hr>84</ns3:hr>
          </ns3:TrackPointExtension>
        </extensions>
      </trkpt>
      <trkpt lat="44.423298574984073638916015625" lon="-80.46956059522926807403564453125">
        <ele>411.79998779296875</ele>
        <time>2024-10-22T17:00:09.000Z</time>
        <extensions>
          <ns3:TrackPointExtension>
            <ns3:hr>84</ns3:hr>
          </ns3:TrackPointExtension>
        </extensions>
      </trkpt>
      <trkpt lat="44.42330670543015003204345703125" lon="-80.46955372206866741180419921875">
        <ele>411.79998779296875</ele>
        <time>2024-10-22T17:00:23.000Z</time>
        <extensions>
          <ns3:TrackPointExtension>
            <ns3:hr>86</ns3:hr>
          </ns3:TrackPointExtension>
        </extensions>
      </trkpt>
      <trkpt lat="44.423311315476894378662109375" lon="-80.4695667140185832977294921875">
        <ele>411.79998779296875</ele>
        <time>2024-10-22T17:00:28.000Z</time>
        <extensions>
          <ns3:TrackPointExtension>
            <ns3:hr>83</ns3:hr>
          </ns3:TrackPointExtension>
        </extensions>
      </trkpt>
      <trkpt lat="44.4233158417046070098876953125" lon="-80.46951902098953723907470703125">
        <ele>411.79998779296875</ele>
        <time>2024-10-22T17:00:38.000Z</time>
        <extensions>
          <ns3:TrackPointExtension>
            <ns3:hr>81</ns3:hr>
          </ns3:TrackPointExtension>
        </extensions>
      </trkpt>
      <trkpt lat="44.423285834491252899169921875" lon="-80.46943251974880695343017578125">
        <ele>411.79998779296875</ele>
        <time>2024-10-22T17:00:49.000Z</time>
        <extensions>
          <ns3:TrackPointExtension>
            <ns3:hr>84</ns3:hr>
          </ns3:TrackPointExtension>
        </extensions>
      </trkpt>
      <trkpt lat="44.42328658886253833770751953125" lon="-80.46940871514379978179931640625">
        <ele>411.79998779296875</ele>
        <time>2024-10-22T17:00:51.000Z</time>
        <extensions>
          <ns3:TrackPointExtension>
            <ns3:hr>87</ns3:hr>
          </ns3:TrackPointExtension>
        </extensions>
      </trkpt>
      <trkpt lat="44.42329145036637783050537109375" lon="-80.46938574872910976409912109375">
        <ele>412</ele>
        <time>2024-10-22T17:00:53.000Z</time>
        <extensions>
          <ns3:TrackPointExtension>
            <ns3:hr>89</ns3:hr>
          </ns3:TrackPointExtension>
        </extensions>
      </trkpt>
      <trkpt lat="44.4233124889433383941650390625" lon="-80.46922825276851654052734375">
        <ele>412.399993896484375</ele>
        <time>2024-10-22T17:01:08.000Z</time>
        <extensions>
          <ns3:TrackPointExtension>
            <ns3:hr>88</ns3:hr>
          </ns3:TrackPointExtension>
        </extensions>
      </trkpt>
      <trkpt lat="44.4232917018234729766845703125" lon="-80.46918977983295917510986328125">
        <ele>412.399993896484375</ele>
        <time>2024-10-22T17:01:16.000Z</time>
        <extensions>
          <ns3:TrackPointExtension>
            <ns3:hr>85</ns3:hr>
          </ns3:TrackPointExtension>
        </extensions>
      </trkpt>
      <trkpt lat="44.423284493386745452880859375" lon="-80.46918089501559734344482421875">
        <ele>412.399993896484375</ele>
        <time>2024-10-22T17:01:17.000Z</time>
        <extensions>
          <ns3:TrackPointExtension>
            <ns3:hr>89</ns3:hr>
          </ns3:TrackPointExtension>
        </extensions>
      </trkpt>
      <trkpt lat="44.4232700765132904052734375" lon="-80.46916295774281024932861328125">
        <ele>412.399993896484375</ele>
        <time>2024-10-22T17:01:19.000Z</time>
        <extensions>
          <ns3:TrackPointExtension>
            <ns3:hr>85</ns3:hr>
          </ns3:TrackPointExtension>
        </extensions>
      </trkpt>
      <trkpt lat="44.423260353505611419677734375" lon="-80.46914569102227687835693359375">
        <ele>412.399993896484375</ele>
        <time>2024-10-22T17:01:21.000Z</time>
        <extensions>
          <ns3:TrackPointExtension>
            <ns3:hr>88</ns3:hr>
          </ns3:TrackPointExtension>
        </extensions>
      </trkpt>
      <trkpt lat="44.4232058711349964141845703125" lon="-80.46900403685867786407470703125">
        <ele>412.399993896484375</ele>
        <time>2024-10-22T17:01:33.000Z</time>
        <extensions>
          <ns3:TrackPointExtension>
            <ns3:hr>85</ns3:hr>
          </ns3:TrackPointExtension>
        </extensions>
      </trkpt>
      <trkpt lat="44.4231914542615413665771484375" lon="-80.468963719904422760009765625">
        <ele>412.399993896484375</ele>
        <time>2024-10-22T17:01:37.000Z</time>
        <extensions>
          <ns3:TrackPointExtension>
            <ns3:hr>88</ns3:hr>
          </ns3:TrackPointExtension>
        </extensions>
      </trkpt>
      <trkpt lat="44.42315809428691864013671875" lon="-80.468933545053005218505859375">
        <ele>412.600006103515625</ele>
        <time>2024-10-22T17:01:42.000Z</time>
        <extensions>
          <ns3:TrackPointExtension>
            <ns3:hr>92</ns3:hr>
          </ns3:TrackPointExtension>
        </extensions>
      </trkpt>
      <trkpt lat="44.4231210462749004364013671875" lon="-80.46889825724065303802490234375">
        <ele>412.399993896484375</ele>
        <time>2024-10-22T17:01:47.000Z</time>
        <extensions>
          <ns3:TrackPointExtension>
            <ns3:hr>91</ns3:hr>
          </ns3:TrackPointExtension>
        </extensions>
      </trkpt>
      <trkpt lat="44.42306430079042911529541015625" lon="-80.468843020498752593994140625">
        <ele>412.20001220703125</ele>
        <time>2024-10-22T17:01:54.000Z</time>
        <extensions>
          <ns3:TrackPointExtension>
            <ns3:hr>95</ns3:hr>
          </ns3:TrackPointExtension>
        </extensions>
      </trkpt>
      <trkpt lat="44.42305122502148151397705078125" lon="-80.46883421950042247772216796875">
        <ele>412.20001220703125</ele>
        <time>2024-10-22T17:01:56.000Z</time>
        <extensions>
          <ns3:TrackPointExtension>
            <ns3:hr>92</ns3:hr>
          </ns3:TrackPointExtension>
        </extensions>
      </trkpt>
      <trkpt lat="44.42301367409527301788330078125" lon="-80.4688200540840625762939453125">
        <ele>412.399993896484375</ele>
        <time>2024-10-22T17:02:03.000Z</time>
        <extensions>
          <ns3:TrackPointExtension>
            <ns3:hr>91</ns3:hr>
          </ns3:TrackPointExtension>
        </extensions>
      </trkpt>
      <trkpt lat="44.4229681603610515594482421875" lon="-80.46880446374416351318359375">
        <ele>412.79998779296875</ele>
        <time>2024-10-22T17:02:16.000Z</time>
        <extensions>
          <ns3:TrackPointExtension>
            <ns3:hr>87</ns3:hr>
          </ns3:TrackPointExtension>
        </extensions>
      </trkpt>
      <trkpt lat="44.4229624606668949127197265625" lon="-80.468808822333812713623046875">
        <ele>412.600006103515625</ele>
        <time>2024-10-22T17:02:21.000Z</time>
        <extensions>
          <ns3:TrackPointExtension>
            <ns3:hr>84</ns3:hr>
          </ns3:TrackPointExtension>
        </extensions>
      </trkpt>
      <trkpt lat="44.42296170629560947418212890625" lon="-80.4688099958002567291259765625">
        <ele>412.600006103515625</ele>
        <time>2024-10-22T17:02:22.000Z</time>
        <extensions>
          <ns3:TrackPointExtension>
            <ns3:hr>82</ns3:hr>
          </ns3:TrackPointExtension>
        </extensions>
      </trkpt>
      <trkpt lat="44.42295952700078487396240234375" lon="-80.4688193835318088531494140625">
        <ele>412.600006103515625</ele>
        <time>2024-10-22T17:02:25.000Z</time>
        <extensions>
          <ns3:TrackPointExtension>
            <ns3:hr>79</ns3:hr>
          </ns3:TrackPointExtension>
        </extensions>
      </trkpt>
      <trkpt lat="44.4229681603610515594482421875" lon="-80.46882030554115772247314453125">
        <ele>412.600006103515625</ele>
        <time>2024-10-22T17:02:39.000Z</time>
        <extensions>
          <ns3:TrackPointExtension>
            <ns3:hr>82</ns3:hr>
          </ns3:TrackPointExtension>
        </extensions>
      </trkpt>
      <trkpt lat="44.42296556197106838226318359375" lon="-80.468823909759521484375">
        <ele>412.600006103515625</ele>
        <time>2024-10-22T17:02:43.000Z</time>
        <extensions>
          <ns3:TrackPointExtension>
            <ns3:hr>84</ns3:hr>
          </ns3:TrackPointExtension>
        </extensions>
      </trkpt>
      <trkpt lat="44.42292214371263980865478515625" lon="-80.4687528312206268310546875">
        <ele>412.600006103515625</ele>
        <time>2024-10-22T17:02:58.000Z</time>
        <extensions>
          <ns3:TrackPointExtension>
            <ns3:hr>83</ns3:hr>
          </ns3:TrackPointExtension>
        </extensions>
      </trkpt>
      <trkpt lat="44.42291527055203914642333984375" lon="-80.4687367379665374755859375">
        <ele>412.600006103515625</ele>
        <time>2024-10-22T17:03:00.000Z</time>
        <extensions>
          <ns3:TrackPointExtension>
            <ns3:hr>86</ns3:hr>
          </ns3:TrackPointExtension>
        </extensions>
      </trkpt>
      <trkpt lat="44.42290739156305789947509765625" lon="-80.46871368773281574249267578125">
        <ele>412.79998779296875</ele>
        <time>2024-10-22T17:03:03.000Z</time>
        <extensions>
          <ns3:TrackPointExtension>
            <ns3:hr>90</ns3:hr>
          </ns3:TrackPointExtension>
        </extensions>
      </trkpt>
      <trkpt lat="44.42283899523317813873291015625" lon="-80.4686369933187961578369140625">
        <ele>412.79998779296875</ele>
        <time>2024-10-22T17:03:11.000Z</time>
        <extensions>
          <ns3:TrackPointExtension>
            <ns3:hr>93</ns3:hr>
          </ns3:TrackPointExtension>
        </extensions>
      </trkpt>
      <trkpt lat="44.42280496470630168914794921875" lon="-80.468596257269382476806640625">
        <ele>412.600006103515625</ele>
        <time>2024-10-22T17:03:15.000Z</time>
        <extensions>
          <ns3:TrackPointExtension>
            <ns3:hr>94</ns3:hr>
          </ns3:TrackPointExtension>
        </extensions>
      </trkpt>
      <trkpt lat="44.4227743707597255706787109375" lon="-80.4685588739812374114990234375">
        <ele>412.600006103515625</ele>
        <time>2024-10-22T17:03:19.000Z</time>
        <extensions>
          <ns3:TrackPointExtension>
            <ns3:hr>97</ns3:hr>
          </ns3:TrackPointExtension>
        </extensions>
      </trkpt>
      <trkpt lat="44.42269482649862766265869140625" lon="-80.468422584235668182373046875">
        <ele>412.79998779296875</ele>
        <time>2024-10-22T17:03:31.000Z</time>
        <extensions>
          <ns3:TrackPointExtension>
            <ns3:hr>97</ns3:hr>
          </ns3:TrackPointExtension>
        </extensions>
      </trkpt>
      <trkpt lat="44.42264487035572528839111328125" lon="-80.46820792369544506072998046875">
        <ele>412.600006103515625</ele>
        <time>2024-10-22T17:03:45.000Z</time>
        <extensions>
          <ns3:TrackPointExtension>
            <ns3:hr>97</ns3:hr>
          </ns3:TrackPointExtension>
        </extensions>
      </trkpt>
      <trkpt lat="44.422593154013156890869140625" lon="-80.46807490289211273193359375">
        <ele>412.600006103515625</ele>
        <time>2024-10-22T17:03:56.000Z</time>
        <extensions>
          <ns3:TrackPointExtension>
            <ns3:hr>94</ns3:hr>
          </ns3:TrackPointExtension>
        </extensions>
      </trkpt>
      <trkpt lat="44.42258921451866626739501953125" lon="-80.4680656827986240386962890625">
        <ele>412.600006103515625</ele>
        <time>2024-10-22T17:03:57.000Z</time>
        <extensions>
          <ns3:TrackPointExtension>
            <ns3:hr>93</ns3:hr>
          </ns3:TrackPointExtension>
        </extensions>
      </trkpt>
      <trkpt lat="44.42257312126457691192626953125" lon="-80.46803860925137996673583984375">
        <ele>412.600006103515625</ele>
        <time>2024-10-22T17:04:00.000Z</time>
        <extensions>
          <ns3:TrackPointExtension>
            <ns3:hr>97</ns3:hr>
          </ns3:TrackPointExtension>
        </extensions>
      </trkpt>
      <trkpt lat="44.422509334981441497802734375" lon="-80.46786024235188961029052734375">
        <ele>412.600006103515625</ele>
        <time>2024-10-22T17:04:12.000Z</time>
        <extensions>
          <ns3:TrackPointExtension>
            <ns3:hr>95</ns3:hr>
          </ns3:TrackPointExtension>
        </extensions>
      </trkpt>
      <trkpt lat="44.42246633581817150115966796875" lon="-80.46770936809480190277099609375">
        <ele>413</ele>
        <time>2024-10-22T17:04:23.000Z</time>
        <extensions>
          <ns3:TrackPointExtension>
            <ns3:hr>94</ns3:hr>
          </ns3:TrackPointExtension>
        </extensions>
      </trkpt>
      <trkpt lat="44.42245828919112682342529296875" lon="-80.46767634339630603790283203125">
        <ele>412.79998779296875</ele>
        <time>2024-10-22T17:04:26.000Z</time>
        <extensions>
          <ns3:TrackPointExtension>
            <ns3:hr>91</ns3:hr>
          </ns3:TrackPointExtension>
        </extensions>
      </trkpt>
      <trkpt lat="44.42245275713503360748291015625" lon="-80.46763342805206775665283203125">
        <ele>412.79998779296875</ele>
        <time>2024-10-22T17:04:29.000Z</time>
        <extensions>
          <ns3:TrackPointExtension>
            <ns3:hr>88</ns3:hr>
          </ns3:TrackPointExtension>
        </extensions>
      </trkpt>
      <trkpt lat="44.4224484823644161224365234375" lon="-80.46761565841734409332275390625">
        <ele>412.79998779296875</ele>
        <time>2024-10-22T17:04:30.000Z</time>
        <extensions>
          <ns3:TrackPointExtension>
            <ns3:hr>91</ns3:hr>
          </ns3:TrackPointExtension>
        </extensions>
      </trkpt>
      <trkpt lat="44.4224069081246852874755859375" lon="-80.46752362512052059173583984375">
        <ele>412.79998779296875</ele>
        <time>2024-10-22T17:04:37.000Z</time>
        <extensions>
          <ns3:TrackPointExtension>
            <ns3:hr>89</ns3:hr>
          </ns3:TrackPointExtension>
        </extensions>
      </trkpt>
      <trkpt lat="44.42238318733870983123779296875" lon="-80.4674546420574188232421875">
        <ele>413</ele>
        <time>2024-10-22T17:04:42.000Z</time>
        <extensions>
          <ns3:TrackPointExtension>
            <ns3:hr>93</ns3:hr>
          </ns3:TrackPointExtension>
        </extensions>
      </trkpt>
      <trkpt lat="44.42238033749163150787353515625" lon="-80.4674397222697734832763671875">
        <ele>413</ele>
        <time>2024-10-22T17:04:43.000Z</time>
        <extensions>
          <ns3:TrackPointExtension>
            <ns3:hr>93</ns3:hr>
          </ns3:TrackPointExtension>
        </extensions>
      </trkpt>
      <trkpt lat="44.42227506078779697418212890625" lon="-80.4673361219465732574462890625">
        <ele>413.399993896484375</ele>
        <time>2024-10-22T17:04:53.000Z</time>
        <extensions>
          <ns3:TrackPointExtension>
            <ns3:hr>92</ns3:hr>
          </ns3:TrackPointExtension>
        </extensions>
      </trkpt>
      <trkpt lat="44.42217414267361164093017578125" lon="-80.4672922007739543914794921875">
        <ele>413.399993896484375</ele>
        <time>2024-10-22T17:05:04.000Z</time>
        <extensions>
          <ns3:TrackPointExtension>
            <ns3:hr>95</ns3:hr>
          </ns3:TrackPointExtension>
        </extensions>
      </trkpt>
      <trkpt lat="44.42216701805591583251953125" lon="-80.46728574670851230621337890625">
        <ele>413.399993896484375</ele>
        <time>2024-10-22T17:05:05.000Z</time>
        <extensions>
          <ns3:TrackPointExtension>
            <ns3:hr>94</ns3:hr>
          </ns3:TrackPointExtension>
        </extensions>
      </trkpt>
      <trkpt lat="44.42211479879915714263916015625" lon="-80.46726563014090061187744140625">
        <ele>413.20001220703125</ele>
        <time>2024-10-22T17:05:09.000Z</time>
        <extensions>
          <ns3:TrackPointExtension>
            <ns3:hr>95</ns3:hr>
          </ns3:TrackPointExtension>
        </extensions>
      </trkpt>
      <trkpt lat="44.42199879325926303863525390625" lon="-80.4672201164066791534423828125">
        <ele>413</ele>
        <time>2024-10-22T17:05:18.000Z</time>
        <extensions>
          <ns3:TrackPointExtension>
            <ns3:hr>97</ns3:hr>
          </ns3:TrackPointExtension>
        </extensions>
      </trkpt>
      <trkpt lat="44.42195118404924869537353515625" lon="-80.46711810864508152008056640625">
        <ele>413.20001220703125</ele>
        <time>2024-10-22T17:05:26.000Z</time>
        <extensions>
          <ns3:TrackPointExtension>
            <ns3:hr>94</ns3:hr>
          </ns3:TrackPointExtension>
        </extensions>
      </trkpt>
      <trkpt lat="44.42194196395576000213623046875" lon="-80.46706932596862316131591796875">
        <ele>413.20001220703125</ele>
        <time>2024-10-22T17:05:29.000Z</time>
        <extensions>
          <ns3:TrackPointExtension>
            <ns3:hr>94</ns3:hr>
          </ns3:TrackPointExtension>
        </extensions>
      </trkpt>
      <trkpt lat="44.42192084155976772308349609375" lon="-80.4670202918350696563720703125">
        <ele>413.20001220703125</ele>
        <time>2024-10-22T17:05:32.000Z</time>
        <extensions>
          <ns3:TrackPointExtension>
            <ns3:hr>91</ns3:hr>
          </ns3:TrackPointExtension>
        </extensions>
      </trkpt>
      <trkpt lat="44.421885721385478973388671875" lon="-80.46696673147380352020263671875">
        <ele>413.399993896484375</ele>
        <time>2024-10-22T17:05:36.000Z</time>
        <extensions>
          <ns3:TrackPointExtension>
            <ns3:hr>94</ns3:hr>
          </ns3:TrackPointExtension>
        </extensions>
      </trkpt>
      <trkpt lat="44.42184842191636562347412109375" lon="-80.466904453933238983154296875">
        <ele>413.399993896484375</ele>
        <time>2024-10-22T17:05:42.000Z</time>
        <extensions>
          <ns3:TrackPointExtension>
            <ns3:hr>93</ns3:hr>
          </ns3:TrackPointExtension>
        </extensions>
      </trkpt>
      <trkpt lat="44.4217346794903278350830078125" lon="-80.46681049279868602752685546875">
        <ele>413.399993896484375</ele>
        <time>2024-10-22T17:05:54.000Z</time>
        <extensions>
          <ns3:TrackPointExtension>
            <ns3:hr>94</ns3:hr>
          </ns3:TrackPointExtension>
        </extensions>
      </trkpt>
      <trkpt lat="44.4215868227183818817138671875" lon="-80.46669381670653820037841796875">
        <ele>413.399993896484375</ele>
        <time>2024-10-22T17:06:07.000Z</time>
        <extensions>
          <ns3:TrackPointExtension>
            <ns3:hr>95</ns3:hr>
          </ns3:TrackPointExtension>
        </extensions>
      </trkpt>
      <trkpt lat="44.4214755110442638397216796875" lon="-80.46653958968818187713623046875">
        <ele>413.399993896484375</ele>
        <time>2024-10-22T17:06:21.000Z</time>
        <extensions>
          <ns3:TrackPointExtension>
            <ns3:hr>92</ns3:hr>
          </ns3:TrackPointExtension>
        </extensions>
      </trkpt>
      <trkpt lat="44.4214637763798236846923828125" lon="-80.466517545282840728759765625">
        <ele>413.399993896484375</ele>
        <time>2024-10-22T17:06:23.000Z</time>
        <extensions>
          <ns3:TrackPointExtension>
            <ns3:hr>96</ns3:hr>
          </ns3:TrackPointExtension>
        </extensions>
      </trkpt>
      <trkpt lat="44.42138121463358402252197265625" lon="-80.46641117893159389495849609375">
        <ele>413.399993896484375</ele>
        <time>2024-10-22T17:06:31.000Z</time>
        <extensions>
          <ns3:TrackPointExtension>
            <ns3:hr>92</ns3:hr>
          </ns3:TrackPointExtension>
        </extensions>
      </trkpt>
      <trkpt lat="44.42137065343558788299560546875" lon="-80.46640329994261264801025390625">
        <ele>413.399993896484375</ele>
        <time>2024-10-22T17:06:32.000Z</time>
        <extensions>
          <ns3:TrackPointExtension>
            <ns3:hr>92</ns3:hr>
          </ns3:TrackPointExtension>
        </extensions>
      </trkpt>
      <trkpt lat="44.4213276542723178863525390625" lon="-80.46637035906314849853515625">
        <ele>413.399993896484375</ele>
        <time>2024-10-22T17:06:36.000Z</time>
        <extensions>
          <ns3:TrackPointExtension>
            <ns3:hr>92</ns3:hr>
          </ns3:TrackPointExtension>
        </extensions>
      </trkpt>
      <trkpt lat="44.4212329387664794921875" lon="-80.466215796768665313720703125">
        <ele>413.399993896484375</ele>
        <time>2024-10-22T17:06:48.000Z</time>
        <extensions>
          <ns3:TrackPointExtension>
            <ns3:hr>92</ns3:hr>
          </ns3:TrackPointExtension>
        </extensions>
      </trkpt>
      <trkpt lat="44.42113277502357959747314453125" lon="-80.46614429913461208343505859375">
        <ele>413.399993896484375</ele>
        <time>2024-10-22T17:07:00.000Z</time>
        <extensions>
          <ns3:TrackPointExtension>
            <ns3:hr>92</ns3:hr>
          </ns3:TrackPointExtension>
        </extensions>
      </trkpt>
      <trkpt lat="44.421053566038608551025390625" lon="-80.46608193777501583099365234375">
        <ele>413.399993896484375</ele>
        <time>2024-10-22T17:07:10.000Z</time>
        <extensions>
          <ns3:TrackPointExtension>
            <ns3:hr>95</ns3:hr>
          </ns3:TrackPointExtension>
        </extensions>
      </trkpt>
      <trkpt lat="44.42103202454745769500732421875" lon="-80.46605897136032581329345703125">
        <ele>413.399993896484375</ele>
        <time>2024-10-22T17:07:13.000Z</time>
        <extensions>
          <ns3:TrackPointExtension>
            <ns3:hr>92</ns3:hr>
          </ns3:TrackPointExtension>
        </extensions>
      </trkpt>
      <trkpt lat="44.4210197031497955322265625" lon="-80.46605142764747142791748046875">
        <ele>413.399993896484375</ele>
        <time>2024-10-22T17:07:14.000Z</time>
        <extensions>
          <ns3:TrackPointExtension>
            <ns3:hr>92</ns3:hr>
          </ns3:TrackPointExtension>
        </extensions>
      </trkpt>
      <trkpt lat="44.42098148167133331298828125" lon="-80.46602795831859111785888671875">
        <ele>413.399993896484375</ele>
        <time>2024-10-22T17:07:18.000Z</time>
        <extensions>
          <ns3:TrackPointExtension>
            <ns3:hr>95</ns3:hr>
          </ns3:TrackPointExtension>
        </extensions>
      </trkpt>
      <trkpt lat="44.4209387339651584625244140625" lon="-80.46598554588854312896728515625">
        <ele>413.399993896484375</ele>
        <time>2024-10-22T17:07:23.000Z</time>
        <extensions>
          <ns3:TrackPointExtension>
            <ns3:hr>92</ns3:hr>
          </ns3:TrackPointExtension>
        </extensions>
      </trkpt>
      <trkpt lat="44.42088299430906772613525390625" lon="-80.46593139879405498504638671875">
        <ele>413.399993896484375</ele>
        <time>2024-10-22T17:07:31.000Z</time>
        <extensions>
          <ns3:TrackPointExtension>
            <ns3:hr>93</ns3:hr>
          </ns3:TrackPointExtension>
        </extensions>
      </trkpt>
      <trkpt lat="44.42087779752910137176513671875" lon="-80.4659249447286128997802734375">
        <ele>413.399993896484375</ele>
        <time>2024-10-22T17:07:32.000Z</time>
        <extensions>
          <ns3:TrackPointExtension>
            <ns3:hr>90</ns3:hr>
          </ns3:TrackPointExtension>
        </extensions>
      </trkpt>
      <trkpt lat="44.4208062998950481414794921875" lon="-80.465873815119266510009765625">
        <ele>413.399993896484375</ele>
        <time>2024-10-22T17:07:40.000Z</time>
        <extensions>
          <ns3:TrackPointExtension>
            <ns3:hr>95</ns3:hr>
          </ns3:TrackPointExtension>
        </extensions>
      </trkpt>
      <trkpt lat="44.420797415077686309814453125" lon="-80.4658672772347927093505859375">
        <ele>413.399993896484375</ele>
        <time>2024-10-22T17:07:41.000Z</time>
        <extensions>
          <ns3:TrackPointExtension>
            <ns3:hr>95</ns3:hr>
          </ns3:TrackPointExtension>
        </extensions>
      </trkpt>
      <trkpt lat="44.420753158628940582275390625" lon="-80.4658287204802036285400390625">
        <ele>413.399993896484375</ele>
        <time>2024-10-22T17:07:46.000Z</time>
        <extensions>
          <ns3:TrackPointExtension>
            <ns3:hr>98</ns3:hr>
          </ns3:TrackPointExtension>
        </extensions>
      </trkpt>
      <trkpt lat="44.420745782554149627685546875" lon="-80.46582452952861785888671875">
        <ele>413.399993896484375</ele>
        <time>2024-10-22T17:07:47.000Z</time>
        <extensions>
          <ns3:TrackPointExtension>
            <ns3:hr>95</ns3:hr>
          </ns3:TrackPointExtension>
        </extensions>
      </trkpt>
      <trkpt lat="44.4207211397588253021240234375" lon="-80.46580198220908641815185546875">
        <ele>413.399993896484375</ele>
        <time>2024-10-22T17:07:50.000Z</time>
        <extensions>
          <ns3:TrackPointExtension>
            <ns3:hr>98</ns3:hr>
          </ns3:TrackPointExtension>
        </extensions>
      </trkpt>
      <trkpt lat="44.42069104872643947601318359375" lon="-80.46577214263379573822021484375">
        <ele>413.399993896484375</ele>
        <time>2024-10-22T17:07:54.000Z</time>
        <extensions>
          <ns3:TrackPointExtension>
            <ns3:hr>101</ns3:hr>
          </ns3:TrackPointExtension>
        </extensions>
      </trkpt>
      <trkpt lat="44.42067562602460384368896484375" lon="-80.46576392836868762969970703125">
        <ele>413.399993896484375</ele>
        <time>2024-10-22T17:07:55.000Z</time>
        <extensions>
          <ns3:TrackPointExtension>
            <ns3:hr>97</ns3:hr>
          </ns3:TrackPointExtension>
        </extensions>
      </trkpt>
      <trkpt lat="44.420609660446643829345703125" lon="-80.465704165399074554443359375">
        <ele>413.399993896484375</ele>
        <time>2024-10-22T17:08:02.000Z</time>
        <extensions>
          <ns3:TrackPointExtension>
            <ns3:hr>96</ns3:hr>
          </ns3:TrackPointExtension>
        </extensions>
      </trkpt>
      <trkpt lat="44.42058962769806385040283203125" lon="-80.4656905867159366607666015625">
        <ele>413.399993896484375</ele>
        <time>2024-10-22T17:08:05.000Z</time>
        <extensions>
          <ns3:TrackPointExtension>
            <ns3:hr>100</ns3:hr>
          </ns3:TrackPointExtension>
        </extensions>
      </trkpt>
      <trkpt lat="44.4205273501574993133544921875" lon="-80.465629063546657562255859375">
        <ele>413.399993896484375</ele>
        <time>2024-10-22T17:08:12.000Z</time>
        <extensions>
          <ns3:TrackPointExtension>
            <ns3:hr>97</ns3:hr>
          </ns3:TrackPointExtension>
        </extensions>
      </trkpt>
      <trkpt lat="44.42048351280391216278076171875" lon="-80.46560115180909633636474609375">
        <ele>413.399993896484375</ele>
        <time>2024-10-22T17:08:16.000Z</time>
        <extensions>
          <ns3:TrackPointExtension>
            <ns3:hr>99</ns3:hr>
          </ns3:TrackPointExtension>
        </extensions>
      </trkpt>
      <trkpt lat="44.42044663242995738983154296875" lon="-80.46558187343180179595947265625">
        <ele>413.399993896484375</ele>
        <time>2024-10-22T17:08:19.000Z</time>
        <extensions>
          <ns3:TrackPointExtension>
            <ns3:hr>95</ns3:hr>
          </ns3:TrackPointExtension>
        </extensions>
      </trkpt>
      <trkpt lat="44.42031671293079853057861328125" lon="-80.46549486927688121795654296875">
        <ele>413.399993896484375</ele>
        <time>2024-10-22T17:08:32.000Z</time>
        <extensions>
          <ns3:TrackPointExtension>
            <ns3:hr>93</ns3:hr>
          </ns3:TrackPointExtension>
        </extensions>
      </trkpt>
      <trkpt lat="44.42027379758656024932861328125" lon="-80.46546821482479572296142578125">
        <ele>413.399993896484375</ele>
        <time>2024-10-22T17:08:36.000Z</time>
        <extensions>
          <ns3:TrackPointExtension>
            <ns3:hr>89</ns3:hr>
          </ns3:TrackPointExtension>
        </extensions>
      </trkpt>
      <trkpt lat="44.42022333852946758270263671875" lon="-80.46541993506252765655517578125">
        <ele>413.399993896484375</ele>
        <time>2024-10-22T17:08:42.000Z</time>
        <extensions>
          <ns3:TrackPointExtension>
            <ns3:hr>93</ns3:hr>
          </ns3:TrackPointExtension>
        </extensions>
      </trkpt>
      <trkpt lat="44.42021571099758148193359375" lon="-80.46540920622646808624267578125">
        <ele>413.399993896484375</ele>
        <time>2024-10-22T17:08:43.000Z</time>
        <extensions>
          <ns3:TrackPointExtension>
            <ns3:hr>96</ns3:hr>
          </ns3:TrackPointExtension>
        </extensions>
      </trkpt>
      <trkpt lat="44.4202078320086002349853515625" lon="-80.4653992317616939544677734375">
        <ele>413.399993896484375</ele>
        <time>2024-10-22T17:08:44.000Z</time>
        <extensions>
          <ns3:TrackPointExtension>
            <ns3:hr>96</ns3:hr>
          </ns3:TrackPointExtension>
        </extensions>
      </trkpt>
      <trkpt lat="44.42018042318522930145263671875" lon="-80.46537467278540134429931640625">
        <ele>413.399993896484375</ele>
        <time>2024-10-22T17:08:48.000Z</time>
        <extensions>
          <ns3:TrackPointExtension>
            <ns3:hr>97</ns3:hr>
          </ns3:TrackPointExtension>
        </extensions>
      </trkpt>
      <trkpt lat="44.4201518408954143524169921875" lon="-80.46534583903849124908447265625">
        <ele>413.399993896484375</ele>
        <time>2024-10-22T17:08:52.000Z</time>
        <extensions>
          <ns3:TrackPointExtension>
            <ns3:hr>100</ns3:hr>
          </ns3:TrackPointExtension>
        </extensions>
      </trkpt>
      <trkpt lat="44.42007598467171192169189453125" lon="-80.46527962200343608856201171875">
        <ele>413.399993896484375</ele>
        <time>2024-10-22T17:09:01.000Z</time>
        <extensions>
          <ns3:TrackPointExtension>
            <ns3:hr>102</ns3:hr>
          </ns3:TrackPointExtension>
        </extensions>
      </trkpt>
      <trkpt lat="44.42006743513047695159912109375" lon="-80.46527140773832798004150390625">
        <ele>413.399993896484375</ele>
        <time>2024-10-22T17:09:02.000Z</time>
        <extensions>
          <ns3:TrackPointExtension>
            <ns3:hr>98</ns3:hr>
          </ns3:TrackPointExtension>
        </extensions>
      </trkpt>
      <trkpt lat="44.42003658972680568695068359375" lon="-80.46524894423782825469970703125">
        <ele>413.399993896484375</ele>
        <time>2024-10-22T17:09:06.000Z</time>
        <extensions>
          <ns3:TrackPointExtension>
            <ns3:hr>95</ns3:hr>
          </ns3:TrackPointExtension>
        </extensions>
      </trkpt>
      <trkpt lat="44.41993986256420612335205078125" lon="-80.46521508134901523590087890625">
        <ele>413.399993896484375</ele>
        <time>2024-10-22T17:09:15.000Z</time>
        <extensions>
          <ns3:TrackPointExtension>
            <ns3:hr>95</ns3:hr>
          </ns3:TrackPointExtension>
        </extensions>
      </trkpt>
      <trkpt lat="44.41990063525736331939697265625" lon="-80.46520250849425792694091796875">
        <ele>413.399993896484375</ele>
        <time>2024-10-22T17:09:18.000Z</time>
        <extensions>
          <ns3:TrackPointExtension>
            <ns3:hr>94</ns3:hr>
          </ns3:TrackPointExtension>
        </extensions>
      </trkpt>
      <trkpt lat="44.41985604353249073028564453125" lon="-80.465165041387081146240234375">
        <ele>413.399993896484375</ele>
        <time>2024-10-22T17:09:22.000Z</time>
        <extensions>
          <ns3:TrackPointExtension>
            <ns3:hr>97</ns3:hr>
          </ns3:TrackPointExtension>
        </extensions>
      </trkpt>
      <trkpt lat="44.4198085181415081024169921875" lon="-80.46510846354067325592041015625">
        <ele>413.399993896484375</ele>
        <time>2024-10-22T17:09:27.000Z</time>
        <extensions>
          <ns3:TrackPointExtension>
            <ns3:hr>96</ns3:hr>
          </ns3:TrackPointExtension>
        </extensions>
      </trkpt>
      <trkpt lat="44.419719837605953216552734375" lon="-80.465059764683246612548828125">
        <ele>413.399993896484375</ele>
        <time>2024-10-22T17:09:36.000Z</time>
        <extensions>
          <ns3:TrackPointExtension>
            <ns3:hr>91</ns3:hr>
          </ns3:TrackPointExtension>
        </extensions>
      </trkpt>
      <trkpt lat="44.41967256367206573486328125" lon="-80.4650321044027805328369140625">
        <ele>413.399993896484375</ele>
        <time>2024-10-22T17:09:40.000Z</time>
        <extensions>
          <ns3:TrackPointExtension>
            <ns3:hr>94</ns3:hr>
          </ns3:TrackPointExtension>
        </extensions>
      </trkpt>
      <trkpt lat="44.41966183483600616455078125" lon="-80.46502682380378246307373046875">
        <ele>413.399993896484375</ele>
        <time>2024-10-22T17:09:41.000Z</time>
        <extensions>
          <ns3:TrackPointExtension>
            <ns3:hr>94</ns3:hr>
          </ns3:TrackPointExtension>
        </extensions>
      </trkpt>
      <trkpt lat="44.419610537588596343994140625" lon="-80.46500855125486850738525390625">
        <ele>413.399993896484375</ele>
        <time>2024-10-22T17:09:46.000Z</time>
        <extensions>
          <ns3:TrackPointExtension>
            <ns3:hr>99</ns3:hr>
          </ns3:TrackPointExtension>
        </extensions>
      </trkpt>
      <trkpt lat="44.41951967775821685791015625" lon="-80.4649516381323337554931640625">
        <ele>413.399993896484375</ele>
        <time>2024-10-22T17:09:54.000Z</time>
        <extensions>
          <ns3:TrackPointExtension>
            <ns3:hr>99</ns3:hr>
          </ns3:TrackPointExtension>
        </extensions>
      </trkpt>
      <trkpt lat="44.41944457590579986572265625" lon="-80.46490595676004886627197265625">
        <ele>413.399993896484375</ele>
        <time>2024-10-22T17:10:02.000Z</time>
        <extensions>
          <ns3:TrackPointExtension>
            <ns3:hr>102</ns3:hr>
          </ns3:TrackPointExtension>
        </extensions>
      </trkpt>
      <trkpt lat="44.41943510435521602630615234375" lon="-80.46490143053233623504638671875">
        <ele>413.399993896484375</ele>
        <time>2024-10-22T17:10:03.000Z</time>
        <extensions>
          <ns3:TrackPointExtension>
            <ns3:hr>99</ns3:hr>
          </ns3:TrackPointExtension>
        </extensions>
      </trkpt>
      <trkpt lat="44.4193884171545505523681640625" lon="-80.46488332562148571014404296875">
        <ele>413.399993896484375</ele>
        <time>2024-10-22T17:10:08.000Z</time>
        <extensions>
          <ns3:TrackPointExtension>
            <ns3:hr>96</ns3:hr>
          </ns3:TrackPointExtension>
        </extensions>
      </trkpt>
      <trkpt lat="44.41935145296156406402587890625" lon="-80.464867986738681793212890625">
        <ele>413.399993896484375</ele>
        <time>2024-10-22T17:10:13.000Z</time>
        <extensions>
          <ns3:TrackPointExtension>
            <ns3:hr>100</ns3:hr>
          </ns3:TrackPointExtension>
        </extensions>
      </trkpt>
      <trkpt lat="44.419308789074420928955078125" lon="-80.46483823098242282867431640625">
        <ele>413.399993896484375</ele>
        <time>2024-10-22T17:10:21.000Z</time>
        <extensions>
          <ns3:TrackPointExtension>
            <ns3:hr>101</ns3:hr>
          </ns3:TrackPointExtension>
        </extensions>
      </trkpt>
      <trkpt lat="44.4193004071712493896484375" lon="-80.46483504585921764373779296875">
        <ele>413.399993896484375</ele>
        <time>2024-10-22T17:10:22.000Z</time>
        <extensions>
          <ns3:TrackPointExtension>
            <ns3:hr>97</ns3:hr>
          </ns3:TrackPointExtension>
        </extensions>
      </trkpt>
      <trkpt lat="44.41928255371749401092529296875" lon="-80.46482264064252376556396484375">
        <ele>413.399993896484375</ele>
        <time>2024-10-22T17:10:24.000Z</time>
        <extensions>
          <ns3:TrackPointExtension>
            <ns3:hr>94</ns3:hr>
          </ns3:TrackPointExtension>
        </extensions>
      </trkpt>
      <trkpt lat="44.419242404401302337646484375" lon="-80.46478810720145702362060546875">
        <ele>413.399993896484375</ele>
        <time>2024-10-22T17:10:28.000Z</time>
        <extensions>
          <ns3:TrackPointExtension>
            <ns3:hr>91</ns3:hr>
          </ns3:TrackPointExtension>
        </extensions>
      </trkpt>
      <trkpt lat="44.4192130677402019500732421875" lon="-80.4647588543593883514404296875">
        <ele>413.399993896484375</ele>
        <time>2024-10-22T17:10:31.000Z</time>
        <extensions>
          <ns3:TrackPointExtension>
            <ns3:hr>95</ns3:hr>
          </ns3:TrackPointExtension>
        </extensions>
      </trkpt>
      <trkpt lat="44.41918398253619670867919921875" lon="-80.46474628150463104248046875">
        <ele>413.399993896484375</ele>
        <time>2024-10-22T17:10:34.000Z</time>
        <extensions>
          <ns3:TrackPointExtension>
            <ns3:hr>93</ns3:hr>
          </ns3:TrackPointExtension>
        </extensions>
      </trkpt>
      <trkpt lat="44.41911608912050724029541015625" lon="-80.46471719630062580108642578125">
        <ele>415</ele>
        <time>2024-10-22T17:10:42.000Z</time>
        <extensions>
          <ns3:TrackPointExtension>
            <ns3:hr>92</ns3:hr>
          </ns3:TrackPointExtension>
        </extensions>
      </trkpt>
      <trkpt lat="44.4190960563719272613525390625" lon="-80.4646911285817623138427734375">
        <ele>416.20001220703125</ele>
        <time>2024-10-22T17:10:44.000Z</time>
        <extensions>
          <ns3:TrackPointExtension>
            <ns3:hr>93</ns3:hr>
          </ns3:TrackPointExtension>
        </extensions>
      </trkpt>
      <trkpt lat="44.4190853275358676910400390625" lon="-80.46467386186122894287109375">
        <ele>416.600006103515625</ele>
        <time>2024-10-22T17:10:46.000Z</time>
        <extensions>
          <ns3:TrackPointExtension>
            <ns3:hr>94</ns3:hr>
          </ns3:TrackPointExtension>
        </extensions>
      </trkpt>
      <trkpt lat="44.41905892454087734222412109375" lon="-80.464647710323333740234375">
        <ele>416.79998779296875</ele>
        <time>2024-10-22T17:10:50.000Z</time>
        <extensions>
          <ns3:TrackPointExtension>
            <ns3:hr>91</ns3:hr>
          </ns3:TrackPointExtension>
        </extensions>
      </trkpt>
      <trkpt lat="44.4189780391752719879150390625" lon="-80.4646016098558902740478515625">
        <ele>417</ele>
        <time>2024-10-22T17:10:59.000Z</time>
        <extensions>
          <ns3:TrackPointExtension>
            <ns3:hr>91</ns3:hr>
          </ns3:TrackPointExtension>
        </extensions>
      </trkpt>
      <trkpt lat="44.4188553281128406524658203125" lon="-80.46455777250230312347412109375">
        <ele>417</ele>
        <time>2024-10-22T17:11:13.000Z</time>
        <extensions>
          <ns3:TrackPointExtension>
            <ns3:hr>86</ns3:hr>
          </ns3:TrackPointExtension>
        </extensions>
      </trkpt>
      <trkpt lat="44.41882825456559658050537109375" lon="-80.46454637311398983001708984375">
        <ele>417</ele>
        <time>2024-10-22T17:11:16.000Z</time>
        <extensions>
          <ns3:TrackPointExtension>
            <ns3:hr>89</ns3:hr>
          </ns3:TrackPointExtension>
        </extensions>
      </trkpt>
      <trkpt lat="44.4187057949602603912353515625" lon="-80.4644866101443767547607421875">
        <ele>417.20001220703125</ele>
        <time>2024-10-22T17:11:26.000Z</time>
        <extensions>
          <ns3:TrackPointExtension>
            <ns3:hr>94</ns3:hr>
          </ns3:TrackPointExtension>
        </extensions>
      </trkpt>
      <trkpt lat="44.41869079135358333587646484375" lon="-80.46447881497442722320556640625">
        <ele>417.20001220703125</ele>
        <time>2024-10-22T17:11:27.000Z</time>
        <extensions>
          <ns3:TrackPointExtension>
            <ns3:hr>94</ns3:hr>
          </ns3:TrackPointExtension>
        </extensions>
      </trkpt>
      <trkpt lat="44.41867654211819171905517578125" lon="-80.46448267064988613128662109375">
        <ele>417.20001220703125</ele>
        <time>2024-10-22T17:11:28.000Z</time>
        <extensions>
          <ns3:TrackPointExtension>
            <ns3:hr>94</ns3:hr>
          </ns3:TrackPointExtension>
        </extensions>
      </trkpt>
      <trkpt lat="44.418656341731548309326171875" lon="-80.46448719687759876251220703125">
        <ele>417</ele>
        <time>2024-10-22T17:11:30.000Z</time>
        <extensions>
          <ns3:TrackPointExtension>
            <ns3:hr>95</ns3:hr>
          </ns3:TrackPointExtension>
        </extensions>
      </trkpt>
      <trkpt lat="44.41859154962003231048583984375" lon="-80.46460940502583980560302734375">
        <ele>417.20001220703125</ele>
        <time>2024-10-22T17:11:40.000Z</time>
        <extensions>
          <ns3:TrackPointExtension>
            <ns3:hr>95</ns3:hr>
          </ns3:TrackPointExtension>
        </extensions>
      </trkpt>
      <trkpt lat="44.41858819685876369476318359375" lon="-80.46462298370897769927978515625">
        <ele>417.20001220703125</ele>
        <time>2024-10-22T17:11:41.000Z</time>
        <extensions>
          <ns3:TrackPointExtension>
            <ns3:hr>96</ns3:hr>
          </ns3:TrackPointExtension>
        </extensions>
      </trkpt>
      <trkpt lat="44.418572522699832916259765625" lon="-80.46468467451632022857666015625">
        <ele>417.600006103515625</ele>
        <time>2024-10-22T17:11:44.000Z</time>
        <extensions>
          <ns3:TrackPointExtension>
            <ns3:hr>93</ns3:hr>
          </ns3:TrackPointExtension>
        </extensions>
      </trkpt>
      <trkpt lat="44.41853170283138751983642578125" lon="-80.46484728343784809112548828125">
        <ele>417.79998779296875</ele>
        <time>2024-10-22T17:11:53.000Z</time>
        <extensions>
          <ns3:TrackPointExtension>
            <ns3:hr>95</ns3:hr>
          </ns3:TrackPointExtension>
        </extensions>
      </trkpt>
      <trkpt lat="44.418519549071788787841796875" lon="-80.4648963175714015960693359375">
        <ele>417.79998779296875</ele>
        <time>2024-10-22T17:11:56.000Z</time>
        <extensions>
          <ns3:TrackPointExtension>
            <ns3:hr>92</ns3:hr>
          </ns3:TrackPointExtension>
        </extensions>
      </trkpt>
      <trkpt lat="44.41848258487880229949951171875" lon="-80.465021543204784393310546875">
        <ele>417.79998779296875</ele>
        <time>2024-10-22T17:12:04.000Z</time>
        <extensions>
          <ns3:TrackPointExtension>
            <ns3:hr>89</ns3:hr>
          </ns3:TrackPointExtension>
        </extensions>
      </trkpt>
      <trkpt lat="44.4184623844921588897705078125" lon="-80.46509002335369586944580078125">
        <ele>418</ele>
        <time>2024-10-22T17:12:09.000Z</time>
        <extensions>
          <ns3:TrackPointExtension>
            <ns3:hr>90</ns3:hr>
          </ns3:TrackPointExtension>
        </extensions>
      </trkpt>
      <trkpt lat="44.41845760680735111236572265625" lon="-80.46510678716003894805908203125">
        <ele>418</ele>
        <time>2024-10-22T17:12:10.000Z</time>
        <extensions>
          <ns3:TrackPointExtension>
            <ns3:hr>93</ns3:hr>
          </ns3:TrackPointExtension>
        </extensions>
      </trkpt>
      <trkpt lat="44.41845391876995563507080078125" lon="-80.4651224613189697265625">
        <ele>418</ele>
        <time>2024-10-22T17:12:11.000Z</time>
        <extensions>
          <ns3:TrackPointExtension>
            <ns3:hr>90</ns3:hr>
          </ns3:TrackPointExtension>
        </extensions>
      </trkpt>
      <trkpt lat="44.41843849606812000274658203125" lon="-80.46522748656570911407470703125">
        <ele>418.399993896484375</ele>
        <time>2024-10-22T17:12:18.000Z</time>
        <extensions>
          <ns3:TrackPointExtension>
            <ns3:hr>89</ns3:hr>
          </ns3:TrackPointExtension>
        </extensions>
      </trkpt>
      <trkpt lat="44.4184233248233795166015625" lon="-80.46533192507922649383544921875">
        <ele>419</ele>
        <time>2024-10-22T17:12:25.000Z</time>
        <extensions>
          <ns3:TrackPointExtension>
            <ns3:hr>89</ns3:hr>
          </ns3:TrackPointExtension>
        </extensions>
      </trkpt>
      <trkpt lat="44.41842877306044101715087890625" lon="-80.4653730802237987518310546875">
        <ele>419.399993896484375</ele>
        <time>2024-10-22T17:12:28.000Z</time>
        <extensions>
          <ns3:TrackPointExtension>
            <ns3:hr>90</ns3:hr>
          </ns3:TrackPointExtension>
        </extensions>
      </trkpt>
      <trkpt lat="44.4183913059532642364501953125" lon="-80.46553962863981723785400390625">
        <ele>419.79998779296875</ele>
        <time>2024-10-22T17:12:40.000Z</time>
        <extensions>
          <ns3:TrackPointExtension>
            <ns3:hr>93</ns3:hr>
          </ns3:TrackPointExtension>
        </extensions>
      </trkpt>
      <trkpt lat="44.41838669590651988983154296875" lon="-80.4655561409890651702880859375">
        <ele>419.79998779296875</ele>
        <time>2024-10-22T17:12:41.000Z</time>
        <extensions>
          <ns3:TrackPointExtension>
            <ns3:hr>92</ns3:hr>
          </ns3:TrackPointExtension>
        </extensions>
      </trkpt>
      <trkpt lat="44.418347887694835662841796875" lon="-80.46571413986384868621826171875">
        <ele>420.399993896484375</ele>
        <time>2024-10-22T17:12:51.000Z</time>
        <extensions>
          <ns3:TrackPointExtension>
            <ns3:hr>93</ns3:hr>
          </ns3:TrackPointExtension>
        </extensions>
      </trkpt>
      <trkpt lat="44.4183359853923320770263671875" lon="-80.46578831970691680908203125">
        <ele>420.600006103515625</ele>
        <time>2024-10-22T17:12:56.000Z</time>
        <extensions>
          <ns3:TrackPointExtension>
            <ns3:hr>94</ns3:hr>
          </ns3:TrackPointExtension>
        </extensions>
      </trkpt>
      <trkpt lat="44.41831679083406925201416015625" lon="-80.46590591780841350555419921875">
        <ele>421.399993896484375</ele>
        <time>2024-10-22T17:13:03.000Z</time>
        <extensions>
          <ns3:TrackPointExtension>
            <ns3:hr>93</ns3:hr>
          </ns3:TrackPointExtension>
        </extensions>
      </trkpt>
      <trkpt lat="44.418293572962284088134765625" lon="-80.46601002104580402374267578125">
        <ele>422.20001220703125</ele>
        <time>2024-10-22T17:13:10.000Z</time>
        <extensions>
          <ns3:TrackPointExtension>
            <ns3:hr>92</ns3:hr>
          </ns3:TrackPointExtension>
        </extensions>
      </trkpt>
      <trkpt lat="44.4182893820106983184814453125" lon="-80.46602393500506877899169921875">
        <ele>422.399993896484375</ele>
        <time>2024-10-22T17:13:11.000Z</time>
        <extensions>
          <ns3:TrackPointExtension>
            <ns3:hr>97</ns3:hr>
          </ns3:TrackPointExtension>
        </extensions>
      </trkpt>
      <trkpt lat="44.41827370785176753997802734375" lon="-80.466109178960323333740234375">
        <ele>422.79998779296875</ele>
        <time>2024-10-22T17:13:18.000Z</time>
        <extensions>
          <ns3:TrackPointExtension>
            <ns3:hr>100</ns3:hr>
          </ns3:TrackPointExtension>
        </extensions>
      </trkpt>
      <trkpt lat="44.418248645961284637451171875" lon="-80.4662038944661617279052734375">
        <ele>423</ele>
        <time>2024-10-22T17:13:25.000Z</time>
        <extensions>
          <ns3:TrackPointExtension>
            <ns3:hr>102</ns3:hr>
          </ns3:TrackPointExtension>
        </extensions>
      </trkpt>
      <trkpt lat="44.418223835527896881103515625" lon="-80.46633339487016201019287109375">
        <ele>423.399993896484375</ele>
        <time>2024-10-22T17:13:34.000Z</time>
        <extensions>
          <ns3:TrackPointExtension>
            <ns3:hr>101</ns3:hr>
          </ns3:TrackPointExtension>
        </extensions>
      </trkpt>
      <trkpt lat="44.41821319051086902618408203125" lon="-80.46638921834528446197509765625">
        <ele>423.79998779296875</ele>
        <time>2024-10-22T17:13:38.000Z</time>
        <extensions>
          <ns3:TrackPointExtension>
            <ns3:hr>101</ns3:hr>
          </ns3:TrackPointExtension>
        </extensions>
      </trkpt>
      <trkpt lat="44.4181854464113712310791015625" lon="-80.46652550809085369110107421875">
        <ele>424.399993896484375</ele>
        <time>2024-10-22T17:13:48.000Z</time>
        <extensions>
          <ns3:TrackPointExtension>
            <ns3:hr>97</ns3:hr>
          </ns3:TrackPointExtension>
        </extensions>
      </trkpt>
      <trkpt lat="44.4181549362838268280029296875" lon="-80.46665442176163196563720703125">
        <ele>424.399993896484375</ele>
        <time>2024-10-22T17:13:56.000Z</time>
        <extensions>
          <ns3:TrackPointExtension>
            <ns3:hr>95</ns3:hr>
          </ns3:TrackPointExtension>
        </extensions>
      </trkpt>
      <trkpt lat="44.41813473589718341827392578125" lon="-80.4667094908654689788818359375">
        <ele>424.399993896484375</ele>
        <time>2024-10-22T17:14:00.000Z</time>
        <extensions>
          <ns3:TrackPointExtension>
            <ns3:hr>98</ns3:hr>
          </ns3:TrackPointExtension>
        </extensions>
      </trkpt>
      <trkpt lat="44.41812953911721706390380859375" lon="-80.46672332100570201873779296875">
        <ele>424.399993896484375</ele>
        <time>2024-10-22T17:14:01.000Z</time>
        <extensions>
          <ns3:TrackPointExtension>
            <ns3:hr>101</ns3:hr>
          </ns3:TrackPointExtension>
        </extensions>
      </trkpt>
      <trkpt lat="44.41812618635594844818115234375" lon="-80.46673706732690334320068359375">
        <ele>424.600006103515625</ele>
        <time>2024-10-22T17:14:02.000Z</time>
        <extensions>
          <ns3:TrackPointExtension>
            <ns3:hr>101</ns3:hr>
          </ns3:TrackPointExtension>
        </extensions>
      </trkpt>
      <trkpt lat="44.41810472868382930755615234375" lon="-80.46681384555995464324951171875">
        <ele>425</ele>
        <time>2024-10-22T17:14:07.000Z</time>
        <extensions>
          <ns3:TrackPointExtension>
            <ns3:hr>99</ns3:hr>
          </ns3:TrackPointExtension>
        </extensions>
      </trkpt>
      <trkpt lat="44.4180912338197231292724609375" lon="-80.4668603651225566864013671875">
        <ele>425.600006103515625</ele>
        <time>2024-10-22T17:14:10.000Z</time>
        <extensions>
          <ns3:TrackPointExtension>
            <ns3:hr>99</ns3:hr>
          </ns3:TrackPointExtension>
        </extensions>
      </trkpt>
      <trkpt lat="44.4180556945502758026123046875" lon="-80.4670511372387409210205078125">
        <ele>426.600006103515625</ele>
        <time>2024-10-22T17:14:22.000Z</time>
        <extensions>
          <ns3:TrackPointExtension>
            <ns3:hr>97</ns3:hr>
          </ns3:TrackPointExtension>
        </extensions>
      </trkpt>
      <trkpt lat="44.41801789216697216033935546875" lon="-80.46725356020033359527587890625">
        <ele>427.600006103515625</ele>
        <time>2024-10-22T17:14:36.000Z</time>
        <extensions>
          <ns3:TrackPointExtension>
            <ns3:hr>98</ns3:hr>
          </ns3:TrackPointExtension>
        </extensions>
      </trkpt>
      <trkpt lat="44.41801420412957668304443359375" lon="-80.46726780943572521209716796875">
        <ele>427.79998779296875</ele>
        <time>2024-10-22T17:14:37.000Z</time>
        <extensions>
          <ns3:TrackPointExtension>
            <ns3:hr>99</ns3:hr>
          </ns3:TrackPointExtension>
        </extensions>
      </trkpt>
      <trkpt lat="44.417989812791347503662109375" lon="-80.46740896068513393402099609375">
        <ele>428.79998779296875</ele>
        <time>2024-10-22T17:14:46.000Z</time>
        <extensions>
          <ns3:TrackPointExtension>
            <ns3:hr>99</ns3:hr>
          </ns3:TrackPointExtension>
        </extensions>
      </trkpt>
      <trkpt lat="44.41798268817365169525146484375" lon="-80.467469394207000732421875">
        <ele>429.20001220703125</ele>
        <time>2024-10-22T17:14:50.000Z</time>
        <extensions>
          <ns3:TrackPointExtension>
            <ns3:hr>104</ns3:hr>
          </ns3:TrackPointExtension>
        </extensions>
      </trkpt>
      <trkpt lat="44.41798034124076366424560546875" lon="-80.4674826376140117645263671875">
        <ele>429.20001220703125</ele>
        <time>2024-10-22T17:14:51.000Z</time>
        <extensions>
          <ns3:TrackPointExtension>
            <ns3:hr>101</ns3:hr>
          </ns3:TrackPointExtension>
        </extensions>
      </trkpt>
      <trkpt lat="44.41794798709452152252197265625" lon="-80.46764952130615711212158203125">
        <ele>429.600006103515625</ele>
        <time>2024-10-22T17:15:02.000Z</time>
        <extensions>
          <ns3:TrackPointExtension>
            <ns3:hr>98</ns3:hr>
          </ns3:TrackPointExtension>
        </extensions>
      </trkpt>
      <trkpt lat="44.41794455051422119140625" lon="-80.46766578219830989837646484375">
        <ele>429.79998779296875</ele>
        <time>2024-10-22T17:15:03.000Z</time>
        <extensions>
          <ns3:TrackPointExtension>
            <ns3:hr>101</ns3:hr>
          </ns3:TrackPointExtension>
        </extensions>
      </trkpt>
      <trkpt lat="44.41794228740036487579345703125" lon="-80.46768061816692352294921875">
        <ele>429.79998779296875</ele>
        <time>2024-10-22T17:15:04.000Z</time>
        <extensions>
          <ns3:TrackPointExtension>
            <ns3:hr>100</ns3:hr>
          </ns3:TrackPointExtension>
        </extensions>
      </trkpt>
      <trkpt lat="44.417938180267810821533203125" lon="-80.4677216894924640655517578125">
        <ele>430.20001220703125</ele>
        <time>2024-10-22T17:15:07.000Z</time>
        <extensions>
          <ns3:TrackPointExtension>
            <ns3:hr>103</ns3:hr>
          </ns3:TrackPointExtension>
        </extensions>
      </trkpt>
      <trkpt lat="44.417936503887176513671875" lon="-80.467742644250392913818359375">
        <ele>430.20001220703125</ele>
        <time>2024-10-22T17:15:09.000Z</time>
        <extensions>
          <ns3:TrackPointExtension>
            <ns3:hr>107</ns3:hr>
          </ns3:TrackPointExtension>
        </extensions>
      </trkpt>
      <trkpt lat="44.4179323129355907440185546875" lon="-80.467767454683780670166015625">
        <ele>430.399993896484375</ele>
        <time>2024-10-22T17:15:11.000Z</time>
        <extensions>
          <ns3:TrackPointExtension>
            <ns3:hr>110</ns3:hr>
          </ns3:TrackPointExtension>
        </extensions>
      </trkpt>
      <trkpt lat="44.41792837344110012054443359375" lon="-80.467826463282108306884765625">
        <ele>430.79998779296875</ele>
        <time>2024-10-22T17:15:15.000Z</time>
        <extensions>
          <ns3:TrackPointExtension>
            <ns3:hr>110</ns3:hr>
          </ns3:TrackPointExtension>
        </extensions>
      </trkpt>
      <trkpt lat="44.4179239310324192047119140625" lon="-80.46785353682935237884521484375">
        <ele>431</ele>
        <time>2024-10-22T17:15:17.000Z</time>
        <extensions>
          <ns3:TrackPointExtension>
            <ns3:hr>110</ns3:hr>
          </ns3:TrackPointExtension>
        </extensions>
      </trkpt>
      <trkpt lat="44.4179064966738224029541015625" lon="-80.46790818683803081512451171875">
        <ele>431.20001220703125</ele>
        <time>2024-10-22T17:15:21.000Z</time>
        <extensions>
          <ns3:TrackPointExtension>
            <ns3:hr>107</ns3:hr>
          </ns3:TrackPointExtension>
        </extensions>
      </trkpt>
      <trkpt lat="44.4178654253482818603515625" lon="-80.4680385254323482513427734375">
        <ele>431.79998779296875</ele>
        <time>2024-10-22T17:15:30.000Z</time>
        <extensions>
          <ns3:TrackPointExtension>
            <ns3:hr>107</ns3:hr>
          </ns3:TrackPointExtension>
        </extensions>
      </trkpt>
      <trkpt lat="44.4178669340908527374267578125" lon="-80.468065179884433746337890625">
        <ele>431.79998779296875</ele>
        <time>2024-10-22T17:15:32.000Z</time>
        <extensions>
          <ns3:TrackPointExtension>
            <ns3:hr>105</ns3:hr>
          </ns3:TrackPointExtension>
        </extensions>
      </trkpt>
      <trkpt lat="44.41784153692424297332763671875" lon="-80.46814472414553165435791015625">
        <ele>432.20001220703125</ele>
        <time>2024-10-22T17:15:37.000Z</time>
        <extensions>
          <ns3:TrackPointExtension>
            <ns3:hr>108</ns3:hr>
          </ns3:TrackPointExtension>
        </extensions>
      </trkpt>
      <trkpt lat="44.41784254275262355804443359375" lon="-80.46816081739962100982666015625">
        <ele>432.20001220703125</ele>
        <time>2024-10-22T17:15:38.000Z</time>
        <extensions>
          <ns3:TrackPointExtension>
            <ns3:hr>108</ns3:hr>
          </ns3:TrackPointExtension>
        </extensions>
      </trkpt>
      <trkpt lat="44.4178307242691516876220703125" lon="-80.46824161894619464874267578125">
        <ele>432.79998779296875</ele>
        <time>2024-10-22T17:15:43.000Z</time>
        <extensions>
          <ns3:TrackPointExtension>
            <ns3:hr>107</ns3:hr>
          </ns3:TrackPointExtension>
        </extensions>
      </trkpt>
      <trkpt lat="44.417826198041439056396484375" lon="-80.46827137470245361328125">
        <ele>433</ele>
        <time>2024-10-22T17:15:45.000Z</time>
        <extensions>
          <ns3:TrackPointExtension>
            <ns3:hr>106</ns3:hr>
          </ns3:TrackPointExtension>
        </extensions>
      </trkpt>
      <trkpt lat="44.41781722940504550933837890625" lon="-80.46831470914185047149658203125">
        <ele>433.20001220703125</ele>
        <time>2024-10-22T17:15:48.000Z</time>
        <extensions>
          <ns3:TrackPointExtension>
            <ns3:hr>110</ns3:hr>
          </ns3:TrackPointExtension>
        </extensions>
      </trkpt>
      <trkpt lat="44.41781102679669857025146484375" lon="-80.46843574382364749908447265625">
        <ele>433.399993896484375</ele>
        <time>2024-10-22T17:15:56.000Z</time>
        <extensions>
          <ns3:TrackPointExtension>
            <ns3:hr>108</ns3:hr>
          </ns3:TrackPointExtension>
        </extensions>
      </trkpt>
      <trkpt lat="44.417813122272491455078125" lon="-80.46844764612615108489990234375">
        <ele>433.600006103515625</ele>
        <time>2024-10-22T17:15:57.000Z</time>
        <extensions>
          <ns3:TrackPointExtension>
            <ns3:hr>105</ns3:hr>
          </ns3:TrackPointExtension>
        </extensions>
      </trkpt>
      <trkpt lat="44.41781387664377689361572265625" lon="-80.46846256591379642486572265625">
        <ele>433.600006103515625</ele>
        <time>2024-10-22T17:15:58.000Z</time>
        <extensions>
          <ns3:TrackPointExtension>
            <ns3:hr>108</ns3:hr>
          </ns3:TrackPointExtension>
        </extensions>
      </trkpt>
      <trkpt lat="44.4178039021790027618408203125" lon="-80.46850497834384441375732421875">
        <ele>434</ele>
        <time>2024-10-22T17:16:01.000Z</time>
        <extensions>
          <ns3:TrackPointExtension>
            <ns3:hr>107</ns3:hr>
          </ns3:TrackPointExtension>
        </extensions>
      </trkpt>
      <trkpt lat="44.41780398599803447723388671875" lon="-80.4685172997415065765380859375">
        <ele>434</ele>
        <time>2024-10-22T17:16:02.000Z</time>
        <extensions>
          <ns3:TrackPointExtension>
            <ns3:hr>104</ns3:hr>
          </ns3:TrackPointExtension>
        </extensions>
      </trkpt>
      <trkpt lat="44.41778638400137424468994140625" lon="-80.468580164015293121337890625">
        <ele>434.399993896484375</ele>
        <time>2024-10-22T17:16:07.000Z</time>
        <extensions>
          <ns3:TrackPointExtension>
            <ns3:hr>101</ns3:hr>
          </ns3:TrackPointExtension>
        </extensions>
      </trkpt>
      <trkpt lat="44.41777464933693408966064453125" lon="-80.4686027951538562774658203125">
        <ele>434.600006103515625</ele>
        <time>2024-10-22T17:16:09.000Z</time>
        <extensions>
          <ns3:TrackPointExtension>
            <ns3:hr>101</ns3:hr>
          </ns3:TrackPointExtension>
        </extensions>
      </trkpt>
      <trkpt lat="44.41774715669453144073486328125" lon="-80.46864797361195087432861328125">
        <ele>435</ele>
        <time>2024-10-22T17:16:13.000Z</time>
        <extensions>
          <ns3:TrackPointExtension>
            <ns3:hr>104</ns3:hr>
          </ns3:TrackPointExtension>
        </extensions>
      </trkpt>
      <trkpt lat="44.41774003207683563232421875" lon="-80.46865761280059814453125">
        <ele>435</ele>
        <time>2024-10-22T17:16:14.000Z</time>
        <extensions>
          <ns3:TrackPointExtension>
            <ns3:hr>105</ns3:hr>
          </ns3:TrackPointExtension>
        </extensions>
      </trkpt>
      <trkpt lat="44.4177224300801753997802734375" lon="-80.46868837438523769378662109375">
        <ele>435.399993896484375</ele>
        <time>2024-10-22T17:16:17.000Z</time>
        <extensions>
          <ns3:TrackPointExtension>
            <ns3:hr>101</ns3:hr>
          </ns3:TrackPointExtension>
        </extensions>
      </trkpt>
      <trkpt lat="44.4177086837589740753173828125" lon="-80.4687204770743846893310546875">
        <ele>436.20001220703125</ele>
        <time>2024-10-22T17:16:21.000Z</time>
        <extensions>
          <ns3:TrackPointExtension>
            <ns3:hr>105</ns3:hr>
          </ns3:TrackPointExtension>
        </extensions>
      </trkpt>
      <trkpt lat="44.4176989607512950897216796875" lon="-80.46874168328940868377685546875">
        <ele>436.399993896484375</ele>
        <time>2024-10-22T17:16:23.000Z</time>
        <extensions>
          <ns3:TrackPointExtension>
            <ns3:hr>104</ns3:hr>
          </ns3:TrackPointExtension>
        </extensions>
      </trkpt>
      <trkpt lat="44.4176788441836833953857421875" lon="-80.46884067356586456298828125">
        <ele>437.20001220703125</ele>
        <time>2024-10-22T17:16:32.000Z</time>
        <extensions>
          <ns3:TrackPointExtension>
            <ns3:hr>107</ns3:hr>
          </ns3:TrackPointExtension>
        </extensions>
      </trkpt>
      <trkpt lat="44.41767926327884197235107421875" lon="-80.46885232441127300262451171875">
        <ele>437.20001220703125</ele>
        <time>2024-10-22T17:16:33.000Z</time>
        <extensions>
          <ns3:TrackPointExtension>
            <ns3:hr>108</ns3:hr>
          </ns3:TrackPointExtension>
        </extensions>
      </trkpt>
      <trkpt lat="44.41767239011824131011962890625" lon="-80.468874871730804443359375">
        <ele>437.20001220703125</ele>
        <time>2024-10-22T17:16:36.000Z</time>
        <extensions>
          <ns3:TrackPointExtension>
            <ns3:hr>111</ns3:hr>
          </ns3:TrackPointExtension>
        </extensions>
      </trkpt>
      <trkpt lat="44.4176647625863552093505859375" lon="-80.46888954006135463714599609375">
        <ele>437.20001220703125</ele>
        <time>2024-10-22T17:16:38.000Z</time>
        <extensions>
          <ns3:TrackPointExtension>
            <ns3:hr>109</ns3:hr>
          </ns3:TrackPointExtension>
        </extensions>
      </trkpt>
      <trkpt lat="44.41764724440872669219970703125" lon="-80.46897520311176776885986328125">
        <ele>437.600006103515625</ele>
        <time>2024-10-22T17:16:48.000Z</time>
        <extensions>
          <ns3:TrackPointExtension>
            <ns3:hr>106</ns3:hr>
          </ns3:TrackPointExtension>
        </extensions>
      </trkpt>
      <trkpt lat="44.41764791496098041534423828125" lon="-80.468991883099079132080078125">
        <ele>438</ele>
        <time>2024-10-22T17:16:50.000Z</time>
        <extensions>
          <ns3:TrackPointExtension>
            <ns3:hr>109</ns3:hr>
          </ns3:TrackPointExtension>
        </extensions>
      </trkpt>
      <trkpt lat="44.41764573566615581512451171875" lon="-80.468999929726123809814453125">
        <ele>438.20001220703125</ele>
        <time>2024-10-22T17:16:51.000Z</time>
        <extensions>
          <ns3:TrackPointExtension>
            <ns3:hr>109</ns3:hr>
          </ns3:TrackPointExtension>
        </extensions>
      </trkpt>
      <trkpt lat="44.417634420096874237060546875" lon="-80.46901091001927852630615234375">
        <ele>438.399993896484375</ele>
        <time>2024-10-22T17:16:53.000Z</time>
        <extensions>
          <ns3:TrackPointExtension>
            <ns3:hr>108</ns3:hr>
          </ns3:TrackPointExtension>
        </extensions>
      </trkpt>
      <trkpt lat="44.417590834200382232666015625" lon="-80.46904795803129673004150390625">
        <ele>439</ele>
        <time>2024-10-22T17:16:59.000Z</time>
        <extensions>
          <ns3:TrackPointExtension>
            <ns3:hr>105</ns3:hr>
          </ns3:TrackPointExtension>
        </extensions>
      </trkpt>
      <trkpt lat="44.41757641732692718505859375" lon="-80.4690507240593433380126953125">
        <ele>439.399993896484375</ele>
        <time>2024-10-22T17:17:01.000Z</time>
        <extensions>
          <ns3:TrackPointExtension>
            <ns3:hr>108</ns3:hr>
          </ns3:TrackPointExtension>
        </extensions>
      </trkpt>
      <trkpt lat="44.41755638457834720611572265625" lon="-80.46908081509172916412353515625">
        <ele>440.399993896484375</ele>
        <time>2024-10-22T17:17:07.000Z</time>
        <extensions>
          <ns3:TrackPointExtension>
            <ns3:hr>109</ns3:hr>
          </ns3:TrackPointExtension>
        </extensions>
      </trkpt>
      <trkpt lat="44.417525120079517364501953125" lon="-80.46910780481994152069091796875">
        <ele>441.399993896484375</ele>
        <time>2024-10-22T17:17:13.000Z</time>
        <extensions>
          <ns3:TrackPointExtension>
            <ns3:hr>111</ns3:hr>
          </ns3:TrackPointExtension>
        </extensions>
      </trkpt>
      <trkpt lat="44.41749201156198978424072265625" lon="-80.46910009346902370452880859375">
        <ele>442.399993896484375</ele>
        <time>2024-10-22T17:17:21.000Z</time>
        <extensions>
          <ns3:TrackPointExtension>
            <ns3:hr>109</ns3:hr>
          </ns3:TrackPointExtension>
        </extensions>
      </trkpt>
      <trkpt lat="44.41748597659170627593994140625" lon="-80.46909414231777191162109375">
        <ele>442.600006103515625</ele>
        <time>2024-10-22T17:17:22.000Z</time>
        <extensions>
          <ns3:TrackPointExtension>
            <ns3:hr>112</ns3:hr>
          </ns3:TrackPointExtension>
        </extensions>
      </trkpt>
      <trkpt lat="44.4174501858651638031005859375" lon="-80.4690666496753692626953125">
        <ele>443.399993896484375</ele>
        <time>2024-10-22T17:17:28.000Z</time>
        <extensions>
          <ns3:TrackPointExtension>
            <ns3:hr>109</ns3:hr>
          </ns3:TrackPointExtension>
        </extensions>
      </trkpt>
      <trkpt lat="44.41740198992192745208740234375" lon="-80.4690386541187763214111328125">
        <ele>443.600006103515625</ele>
        <time>2024-10-22T17:17:34.000Z</time>
        <extensions>
          <ns3:TrackPointExtension>
            <ns3:hr>110</ns3:hr>
          </ns3:TrackPointExtension>
        </extensions>
      </trkpt>
      <trkpt lat="44.4173868186771869659423828125" lon="-80.46902113594114780426025390625">
        <ele>443.79998779296875</ele>
        <time>2024-10-22T17:17:36.000Z</time>
        <extensions>
          <ns3:TrackPointExtension>
            <ns3:hr>111</ns3:hr>
          </ns3:TrackPointExtension>
        </extensions>
      </trkpt>
      <trkpt lat="44.417303502559661865234375" lon="-80.46891099773347377777099609375">
        <ele>444.399993896484375</ele>
        <time>2024-10-22T17:17:51.000Z</time>
        <extensions>
          <ns3:TrackPointExtension>
            <ns3:hr>114</ns3:hr>
          </ns3:TrackPointExtension>
        </extensions>
      </trkpt>
      <trkpt lat="44.4172567315399646759033203125" lon="-80.46889968216419219970703125">
        <ele>444.600006103515625</ele>
        <time>2024-10-22T17:17:57.000Z</time>
        <extensions>
          <ns3:TrackPointExtension>
            <ns3:hr>115</ns3:hr>
          </ns3:TrackPointExtension>
        </extensions>
      </trkpt>
      <trkpt lat="44.41719562746584415435791015625" lon="-80.46889473684132099151611328125">
        <ele>445.20001220703125</ele>
        <time>2024-10-22T17:18:04.000Z</time>
        <extensions>
          <ns3:TrackPointExtension>
            <ns3:hr>114</ns3:hr>
          </ns3:TrackPointExtension>
        </extensions>
      </trkpt>
      <trkpt lat="44.41711650229990482330322265625" lon="-80.46884360723197460174560546875">
        <ele>445.600006103515625</ele>
        <time>2024-10-22T17:18:13.000Z</time>
        <extensions>
          <ns3:TrackPointExtension>
            <ns3:hr>111</ns3:hr>
          </ns3:TrackPointExtension>
        </extensions>
      </trkpt>
      <trkpt lat="44.41706252284348011016845703125" lon="-80.4688230715692043304443359375">
        <ele>446</ele>
        <time>2024-10-22T17:18:18.000Z</time>
        <extensions>
          <ns3:TrackPointExtension>
            <ns3:hr>113</ns3:hr>
          </ns3:TrackPointExtension>
        </extensions>
      </trkpt>
      <trkpt lat="44.4170233793556690216064453125" lon="-80.46881041489541530609130859375">
        <ele>446.79998779296875</ele>
        <time>2024-10-22T17:18:23.000Z</time>
        <extensions>
          <ns3:TrackPointExtension>
            <ns3:hr>112</ns3:hr>
          </ns3:TrackPointExtension>
        </extensions>
      </trkpt>
      <trkpt lat="44.4170012511312961578369140625" lon="-80.46880052424967288970947265625">
        <ele>447.20001220703125</ele>
        <time>2024-10-22T17:18:26.000Z</time>
        <extensions>
          <ns3:TrackPointExtension>
            <ns3:hr>117</ns3:hr>
          </ns3:TrackPointExtension>
        </extensions>
      </trkpt>
      <trkpt lat="44.41696981899440288543701171875" lon="-80.46879029832780361175537109375">
        <ele>448</ele>
        <time>2024-10-22T17:18:30.000Z</time>
        <extensions>
          <ns3:TrackPointExtension>
            <ns3:hr>116</ns3:hr>
          </ns3:TrackPointExtension>
        </extensions>
      </trkpt>
      <trkpt lat="44.41695749759674072265625" lon="-80.4687838442623615264892578125">
        <ele>448.399993896484375</ele>
        <time>2024-10-22T17:18:32.000Z</time>
        <extensions>
          <ns3:TrackPointExtension>
            <ns3:hr>114</ns3:hr>
          </ns3:TrackPointExtension>
        </extensions>
      </trkpt>
      <trkpt lat="44.41692304797470569610595703125" lon="-80.46876146458089351654052734375">
        <ele>449</ele>
        <time>2024-10-22T17:18:38.000Z</time>
        <extensions>
          <ns3:TrackPointExtension>
            <ns3:hr>114</ns3:hr>
          </ns3:TrackPointExtension>
        </extensions>
      </trkpt>
      <trkpt lat="44.41687409766018390655517578125" lon="-80.46871636994183063507080078125">
        <ele>449.399993896484375</ele>
        <time>2024-10-22T17:18:46.000Z</time>
        <extensions>
          <ns3:TrackPointExtension>
            <ns3:hr>111</ns3:hr>
          </ns3:TrackPointExtension>
        </extensions>
      </trkpt>
      <trkpt lat="44.41683922894299030303955078125" lon="-80.46858251094818115234375">
        <ele>449.20001220703125</ele>
        <time>2024-10-22T17:18:56.000Z</time>
        <extensions>
          <ns3:TrackPointExtension>
            <ns3:hr>110</ns3:hr>
          </ns3:TrackPointExtension>
        </extensions>
      </trkpt>
      <trkpt lat="44.41684015095233917236328125" lon="-80.46854772605001926422119140625">
        <ele>449</ele>
        <time>2024-10-22T17:18:58.000Z</time>
        <extensions>
          <ns3:TrackPointExtension>
            <ns3:hr>111</ns3:hr>
          </ns3:TrackPointExtension>
        </extensions>
      </trkpt>
      <trkpt lat="44.4168453477323055267333984375" lon="-80.46841822564601898193359375">
        <ele>448.79998779296875</ele>
        <time>2024-10-22T17:19:08.000Z</time>
        <extensions>
          <ns3:TrackPointExtension>
            <ns3:hr>108</ns3:hr>
          </ns3:TrackPointExtension>
        </extensions>
      </trkpt>
      <trkpt lat="44.416849873960018157958984375" lon="-80.46838729642331600189208984375">
        <ele>448.79998779296875</ele>
        <time>2024-10-22T17:19:10.000Z</time>
        <extensions>
          <ns3:TrackPointExtension>
            <ns3:hr>109</ns3:hr>
          </ns3:TrackPointExtension>
        </extensions>
      </trkpt>
      <trkpt lat="44.41683168523013591766357421875" lon="-80.46823223121464252471923828125">
        <ele>448.600006103515625</ele>
        <time>2024-10-22T17:19:17.000Z</time>
        <extensions>
          <ns3:TrackPointExtension>
            <ns3:hr>112</ns3:hr>
          </ns3:TrackPointExtension>
        </extensions>
      </trkpt>
      <trkpt lat="44.41682749427855014801025390625" lon="-80.46818621456623077392578125">
        <ele>448.399993896484375</ele>
        <time>2024-10-22T17:19:19.000Z</time>
        <extensions>
          <ns3:TrackPointExtension>
            <ns3:hr>115</ns3:hr>
          </ns3:TrackPointExtension>
        </extensions>
      </trkpt>
      <trkpt lat="44.4168332777917385101318359375" lon="-80.468129552900791168212890625">
        <ele>448.20001220703125</ele>
        <time>2024-10-22T17:19:22.000Z</time>
        <extensions>
          <ns3:TrackPointExtension>
            <ns3:hr>113</ns3:hr>
          </ns3:TrackPointExtension>
        </extensions>
      </trkpt>
      <trkpt lat="44.416840486228466033935546875" lon="-80.46804833225905895233154296875">
        <ele>448</ele>
        <time>2024-10-22T17:19:27.000Z</time>
        <extensions>
          <ns3:TrackPointExtension>
            <ns3:hr>112</ns3:hr>
          </ns3:TrackPointExtension>
        </extensions>
      </trkpt>
      <trkpt lat="44.41684015095233917236328125" lon="-80.4680167324841022491455078125">
        <ele>447.79998779296875</ele>
        <time>2024-10-22T17:19:29.000Z</time>
        <extensions>
          <ns3:TrackPointExtension>
            <ns3:hr>108</ns3:hr>
          </ns3:TrackPointExtension>
        </extensions>
      </trkpt>
      <trkpt lat="44.41681978292763233184814453125" lon="-80.4679701291024684906005859375">
        <ele>447.399993896484375</ele>
        <time>2024-10-22T17:19:32.000Z</time>
        <extensions>
          <ns3:TrackPointExtension>
            <ns3:hr>105</ns3:hr>
          </ns3:TrackPointExtension>
        </extensions>
      </trkpt>
      <trkpt lat="44.416801594197750091552734375" lon="-80.46794540248811244964599609375">
        <ele>447.20001220703125</ele>
        <time>2024-10-22T17:19:34.000Z</time>
        <extensions>
          <ns3:TrackPointExtension>
            <ns3:hr>107</ns3:hr>
          </ns3:TrackPointExtension>
        </extensions>
      </trkpt>
      <trkpt lat="44.41677753813564777374267578125" lon="-80.4679205082356929779052734375">
        <ele>447.20001220703125</ele>
        <time>2024-10-22T17:19:37.000Z</time>
        <extensions>
          <ns3:TrackPointExtension>
            <ns3:hr>103</ns3:hr>
          </ns3:TrackPointExtension>
        </extensions>
      </trkpt>
      <trkpt lat="44.41670997999608516693115234375" lon="-80.46784364618360996246337890625">
        <ele>448</ele>
        <time>2024-10-22T17:19:45.000Z</time>
        <extensions>
          <ns3:TrackPointExtension>
            <ns3:hr>101</ns3:hr>
          </ns3:TrackPointExtension>
        </extensions>
      </trkpt>
      <trkpt lat="44.41667309962213039398193359375" lon="-80.46781263314187526702880859375">
        <ele>448.399993896484375</ele>
        <time>2024-10-22T17:19:49.000Z</time>
        <extensions>
          <ns3:TrackPointExtension>
            <ns3:hr>104</ns3:hr>
          </ns3:TrackPointExtension>
        </extensions>
      </trkpt>
      <trkpt lat="44.4165871851146221160888671875" lon="-80.46772512607276439666748046875">
        <ele>448.79998779296875</ele>
        <time>2024-10-22T17:19:59.000Z</time>
        <extensions>
          <ns3:TrackPointExtension>
            <ns3:hr>103</ns3:hr>
          </ns3:TrackPointExtension>
        </extensions>
      </trkpt>
      <trkpt lat="44.41657134331762790679931640625" lon="-80.467708110809326171875">
        <ele>449</ele>
        <time>2024-10-22T17:20:01.000Z</time>
        <extensions>
          <ns3:TrackPointExtension>
            <ns3:hr>103</ns3:hr>
          </ns3:TrackPointExtension>
        </extensions>
      </trkpt>
      <trkpt lat="44.41654183901846408843994140625" lon="-80.46767123043537139892578125">
        <ele>449.20001220703125</ele>
        <time>2024-10-22T17:20:05.000Z</time>
        <extensions>
          <ns3:TrackPointExtension>
            <ns3:hr>106</ns3:hr>
          </ns3:TrackPointExtension>
        </extensions>
      </trkpt>
      <trkpt lat="44.41650529392063617706298828125" lon="-80.4676397144794464111328125">
        <ele>449.399993896484375</ele>
        <time>2024-10-22T17:20:09.000Z</time>
        <extensions>
          <ns3:TrackPointExtension>
            <ns3:hr>103</ns3:hr>
          </ns3:TrackPointExtension>
        </extensions>
      </trkpt>
      <trkpt lat="44.41648475825786590576171875" lon="-80.46762320213019847869873046875">
        <ele>449.399993896484375</ele>
        <time>2024-10-22T17:20:11.000Z</time>
        <extensions>
          <ns3:TrackPointExtension>
            <ns3:hr>106</ns3:hr>
          </ns3:TrackPointExtension>
        </extensions>
      </trkpt>
      <trkpt lat="44.41645097918808460235595703125" lon="-80.467590428888797760009765625">
        <ele>450</ele>
        <time>2024-10-22T17:20:15.000Z</time>
        <extensions>
          <ns3:TrackPointExtension>
            <ns3:hr>105</ns3:hr>
          </ns3:TrackPointExtension>
        </extensions>
      </trkpt>
      <trkpt lat="44.41644729115068912506103515625" lon="-80.46757928095757961273193359375">
        <ele>450</ele>
        <time>2024-10-22T17:20:16.000Z</time>
        <extensions>
          <ns3:TrackPointExtension>
            <ns3:hr>108</ns3:hr>
          </ns3:TrackPointExtension>
        </extensions>
      </trkpt>
      <trkpt lat="44.41644008271396160125732421875" lon="-80.46752831898629665374755859375">
        <ele>450.600006103515625</ele>
        <time>2024-10-22T17:20:23.000Z</time>
        <extensions>
          <ns3:TrackPointExtension>
            <ns3:hr>110</ns3:hr>
          </ns3:TrackPointExtension>
        </extensions>
      </trkpt>
      <trkpt lat="44.41643186844885349273681640625" lon="-80.46753552742302417755126953125">
        <ele>450.79998779296875</ele>
        <time>2024-10-22T17:20:30.000Z</time>
        <extensions>
          <ns3:TrackPointExtension>
            <ns3:hr>105</ns3:hr>
          </ns3:TrackPointExtension>
        </extensions>
      </trkpt>
      <trkpt lat="44.41642264835536479949951171875" lon="-80.4675349406898021697998046875">
        <ele>450.600006103515625</ele>
        <time>2024-10-22T17:20:37.000Z</time>
        <extensions>
          <ns3:TrackPointExtension>
            <ns3:hr>102</ns3:hr>
          </ns3:TrackPointExtension>
        </extensions>
      </trkpt>
      <trkpt lat="44.41638895310461521148681640625" lon="-80.46755514107644557952880859375">
        <ele>450.399993896484375</ele>
        <time>2024-10-22T17:20:51.000Z</time>
        <extensions>
          <ns3:TrackPointExtension>
            <ns3:hr>103</ns3:hr>
          </ns3:TrackPointExtension>
        </extensions>
      </trkpt>
      <trkpt lat="44.41634234972298145294189453125" lon="-80.46753435395658016204833984375">
        <ele>450.20001220703125</ele>
        <time>2024-10-22T17:20:58.000Z</time>
        <extensions>
          <ns3:TrackPointExtension>
            <ns3:hr>100</ns3:hr>
          </ns3:TrackPointExtension>
        </extensions>
      </trkpt>
      <trkpt lat="44.41631686873733997344970703125" lon="-80.4675188474357128143310546875">
        <ele>450.399993896484375</ele>
        <time>2024-10-22T17:21:02.000Z</time>
        <extensions>
          <ns3:TrackPointExtension>
            <ns3:hr>96</ns3:hr>
          </ns3:TrackPointExtension>
        </extensions>
      </trkpt>
      <trkpt lat="44.41630999557673931121826171875" lon="-80.4675161652266979217529296875">
        <ele>450.399993896484375</ele>
        <time>2024-10-22T17:21:03.000Z</time>
        <extensions>
          <ns3:TrackPointExtension>
            <ns3:hr>96</ns3:hr>
          </ns3:TrackPointExtension>
        </extensions>
      </trkpt>
      <trkpt lat="44.41628132946789264678955078125" lon="-80.46750216744840145111083984375">
        <ele>450.600006103515625</ele>
        <time>2024-10-22T17:21:07.000Z</time>
        <extensions>
          <ns3:TrackPointExtension>
            <ns3:hr>99</ns3:hr>
          </ns3:TrackPointExtension>
        </extensions>
      </trkpt>
      <trkpt lat="44.41624009050428867340087890625" lon="-80.4674890078604221343994140625">
        <ele>450.79998779296875</ele>
        <time>2024-10-22T17:21:11.000Z</time>
        <extensions>
          <ns3:TrackPointExtension>
            <ns3:hr>102</ns3:hr>
          </ns3:TrackPointExtension>
        </extensions>
      </trkpt>
      <trkpt lat="44.41621628589928150177001953125" lon="-80.4674843139946460723876953125">
        <ele>451</ele>
        <time>2024-10-22T17:21:14.000Z</time>
        <extensions>
          <ns3:TrackPointExtension>
            <ns3:hr>100</ns3:hr>
          </ns3:TrackPointExtension>
        </extensions>
      </trkpt>
      <trkpt lat="44.4161939062178134918212890625" lon="-80.46747953630983829498291015625">
        <ele>451.20001220703125</ele>
        <time>2024-10-22T17:21:17.000Z</time>
        <extensions>
          <ns3:TrackPointExtension>
            <ns3:hr>99</ns3:hr>
          </ns3:TrackPointExtension>
        </extensions>
      </trkpt>
      <trkpt lat="44.41613079048693180084228515625" lon="-80.4674437455832958221435546875">
        <ele>452.20001220703125</ele>
        <time>2024-10-22T17:21:26.000Z</time>
        <extensions>
          <ns3:TrackPointExtension>
            <ns3:hr>101</ns3:hr>
          </ns3:TrackPointExtension>
        </extensions>
      </trkpt>
      <trkpt lat="44.41608955152332782745361328125" lon="-80.4674182645976543426513671875">
        <ele>452.79998779296875</ele>
        <time>2024-10-22T17:21:30.000Z</time>
        <extensions>
          <ns3:TrackPointExtension>
            <ns3:hr>101</ns3:hr>
          </ns3:TrackPointExtension>
        </extensions>
      </trkpt>
      <trkpt lat="44.4160088337957859039306640625" lon="-80.4673634469509124755859375">
        <ele>453.20001220703125</ele>
        <time>2024-10-22T17:21:39.000Z</time>
        <extensions>
          <ns3:TrackPointExtension>
            <ns3:hr>100</ns3:hr>
          </ns3:TrackPointExtension>
        </extensions>
      </trkpt>
      <trkpt lat="44.415951669216156005859375" lon="-80.4673304222524166107177734375">
        <ele>453.20001220703125</ele>
        <time>2024-10-22T17:21:44.000Z</time>
        <extensions>
          <ns3:TrackPointExtension>
            <ns3:hr>100</ns3:hr>
          </ns3:TrackPointExtension>
        </extensions>
      </trkpt>
      <trkpt lat="44.41590934060513973236083984375" lon="-80.467318184673786163330078125">
        <ele>453.20001220703125</ele>
        <time>2024-10-22T17:21:49.000Z</time>
        <extensions>
          <ns3:TrackPointExtension>
            <ns3:hr>96</ns3:hr>
          </ns3:TrackPointExtension>
        </extensions>
      </trkpt>
      <trkpt lat="44.41587246023118495941162109375" lon="-80.4673044383525848388671875">
        <ele>453.20001220703125</ele>
        <time>2024-10-22T17:21:53.000Z</time>
        <extensions>
          <ns3:TrackPointExtension>
            <ns3:hr>99</ns3:hr>
          </ns3:TrackPointExtension>
        </extensions>
      </trkpt>
      <trkpt lat="44.41584211774170398712158203125" lon="-80.46729546971619129180908203125">
        <ele>453.20001220703125</ele>
        <time>2024-10-22T17:21:57.000Z</time>
        <extensions>
          <ns3:TrackPointExtension>
            <ns3:hr>96</ns3:hr>
          </ns3:TrackPointExtension>
        </extensions>
      </trkpt>
      <trkpt lat="44.41583323292434215545654296875" lon="-80.4672918654978275299072265625">
        <ele>453.20001220703125</ele>
        <time>2024-10-22T17:21:59.000Z</time>
        <extensions>
          <ns3:TrackPointExtension>
            <ns3:hr>101</ns3:hr>
          </ns3:TrackPointExtension>
        </extensions>
      </trkpt>
      <trkpt lat="44.41582895815372467041015625" lon="-80.4672911949455738067626953125">
        <ele>453.20001220703125</ele>
        <time>2024-10-22T17:22:00.000Z</time>
        <extensions>
          <ns3:TrackPointExtension>
            <ns3:hr>101</ns3:hr>
          </ns3:TrackPointExtension>
        </extensions>
      </trkpt>
      <trkpt lat="44.415782354772090911865234375" lon="-80.4672717489302158355712890625">
        <ele>453.20001220703125</ele>
        <time>2024-10-22T17:22:08.000Z</time>
        <extensions>
          <ns3:TrackPointExtension>
            <ns3:hr>98</ns3:hr>
          </ns3:TrackPointExtension>
        </extensions>
      </trkpt>
      <trkpt lat="44.41577590070664882659912109375" lon="-80.4672623611986637115478515625">
        <ele>453</ele>
        <time>2024-10-22T17:22:10.000Z</time>
        <extensions>
          <ns3:TrackPointExtension>
            <ns3:hr>101</ns3:hr>
          </ns3:TrackPointExtension>
        </extensions>
      </trkpt>
      <trkpt lat="44.41576148383319377899169921875" lon="-80.46724769286811351776123046875">
        <ele>453</ele>
        <time>2024-10-22T17:22:16.000Z</time>
        <extensions>
          <ns3:TrackPointExtension>
            <ns3:hr>103</ns3:hr>
          </ns3:TrackPointExtension>
        </extensions>
      </trkpt>
      <trkpt lat="44.41573700867593288421630859375" lon="-80.4672512970864772796630859375">
        <ele>453</ele>
        <time>2024-10-22T17:22:25.000Z</time>
        <extensions>
          <ns3:TrackPointExtension>
            <ns3:hr>100</ns3:hr>
          </ns3:TrackPointExtension>
        </extensions>
      </trkpt>
      <trkpt lat="44.41573063842952251434326171875" lon="-80.4672650434076786041259765625">
        <ele>453</ele>
        <time>2024-10-22T17:22:32.000Z</time>
        <extensions>
          <ns3:TrackPointExtension>
            <ns3:hr>97</ns3:hr>
          </ns3:TrackPointExtension>
        </extensions>
      </trkpt>
      <trkpt lat="44.415717981755733489990234375" lon="-80.46724484302103519439697265625">
        <ele>453.399993896484375</ele>
        <time>2024-10-22T17:22:39.000Z</time>
        <extensions>
          <ns3:TrackPointExtension>
            <ns3:hr>93</ns3:hr>
          </ns3:TrackPointExtension>
        </extensions>
      </trkpt>
      <trkpt lat="44.41571630537509918212890625" lon="-80.46724341809749603271484375">
        <ele>453.399993896484375</ele>
        <time>2024-10-22T17:22:41.000Z</time>
        <extensions>
          <ns3:TrackPointExtension>
            <ns3:hr>90</ns3:hr>
          </ns3:TrackPointExtension>
        </extensions>
      </trkpt>
      <trkpt lat="44.4157017208635807037353515625" lon="-80.46723864041268825531005859375">
        <ele>453.399993896484375</ele>
        <time>2024-10-22T17:22:46.000Z</time>
        <extensions>
          <ns3:TrackPointExtension>
            <ns3:hr>92</ns3:hr>
          </ns3:TrackPointExtension>
        </extensions>
      </trkpt>
      <trkpt lat="44.41568688489496707916259765625" lon="-80.46723478473722934722900390625">
        <ele>453.399993896484375</ele>
        <time>2024-10-22T17:22:49.000Z</time>
        <extensions>
          <ns3:TrackPointExtension>
            <ns3:hr>95</ns3:hr>
          </ns3:TrackPointExtension>
        </extensions>
      </trkpt>
      <trkpt lat="44.41565805114805698394775390625" lon="-80.46721684746444225311279296875">
        <ele>453.399993896484375</ele>
        <time>2024-10-22T17:22:54.000Z</time>
        <extensions>
          <ns3:TrackPointExtension>
            <ns3:hr>98</ns3:hr>
          </ns3:TrackPointExtension>
        </extensions>
      </trkpt>
      <trkpt lat="44.4156028144061565399169921875" lon="-80.46719907782971858978271484375">
        <ele>453.399993896484375</ele>
        <time>2024-10-22T17:23:01.000Z</time>
        <extensions>
          <ns3:TrackPointExtension>
            <ns3:hr>96</ns3:hr>
          </ns3:TrackPointExtension>
        </extensions>
      </trkpt>
      <trkpt lat="44.41553869284689426422119140625" lon="-80.46716219745576381683349609375">
        <ele>453.399993896484375</ele>
        <time>2024-10-22T17:23:14.000Z</time>
        <extensions>
          <ns3:TrackPointExtension>
            <ns3:hr>95</ns3:hr>
          </ns3:TrackPointExtension>
        </extensions>
      </trkpt>
      <trkpt lat="44.41550977528095245361328125" lon="-80.467165298759937286376953125">
        <ele>453.399993896484375</ele>
        <time>2024-10-22T17:23:18.000Z</time>
        <extensions>
          <ns3:TrackPointExtension>
            <ns3:hr>98</ns3:hr>
          </ns3:TrackPointExtension>
        </extensions>
      </trkpt>
      <trkpt lat="44.4154546223580837249755859375" lon="-80.46713889576494693756103515625">
        <ele>453.399993896484375</ele>
        <time>2024-10-22T17:23:26.000Z</time>
        <extensions>
          <ns3:TrackPointExtension>
            <ns3:hr>95</ns3:hr>
          </ns3:TrackPointExtension>
        </extensions>
      </trkpt>
      <trkpt lat="44.41543492488563060760498046875" lon="-80.467131435871124267578125">
        <ele>453.399993896484375</ele>
        <time>2024-10-22T17:23:28.000Z</time>
        <extensions>
          <ns3:TrackPointExtension>
            <ns3:hr>98</ns3:hr>
          </ns3:TrackPointExtension>
        </extensions>
      </trkpt>
      <trkpt lat="44.4153932668268680572509765625" lon="-80.4671198688447475433349609375">
        <ele>453.399993896484375</ele>
        <time>2024-10-22T17:23:32.000Z</time>
        <extensions>
          <ns3:TrackPointExtension>
            <ns3:hr>101</ns3:hr>
          </ns3:TrackPointExtension>
        </extensions>
      </trkpt>
      <trkpt lat="44.41528690047562122344970703125" lon="-80.467104278504848480224609375">
        <ele>453.399993896484375</ele>
        <time>2024-10-22T17:23:43.000Z</time>
        <extensions>
          <ns3:TrackPointExtension>
            <ns3:hr>99</ns3:hr>
          </ns3:TrackPointExtension>
        </extensions>
      </trkpt>
      <trkpt lat="44.4152462482452392578125" lon="-80.46711198985576629638671875">
        <ele>453.399993896484375</ele>
        <time>2024-10-22T17:23:50.000Z</time>
        <extensions>
          <ns3:TrackPointExtension>
            <ns3:hr>102</ns3:hr>
          </ns3:TrackPointExtension>
        </extensions>
      </trkpt>
      <trkpt lat="44.41522571258246898651123046875" lon="-80.46710989437997341156005859375">
        <ele>453.399993896484375</ele>
        <time>2024-10-22T17:23:53.000Z</time>
        <extensions>
          <ns3:TrackPointExtension>
            <ns3:hr>105</ns3:hr>
          </ns3:TrackPointExtension>
        </extensions>
      </trkpt>
      <trkpt lat="44.4152061827480792999267578125" lon="-80.4671114869415760040283203125">
        <ele>453.399993896484375</ele>
        <time>2024-10-22T17:23:57.000Z</time>
        <extensions>
          <ns3:TrackPointExtension>
            <ns3:hr>101</ns3:hr>
          </ns3:TrackPointExtension>
        </extensions>
      </trkpt>
      <trkpt lat="44.41519151441752910614013671875" lon="-80.46712162904441356658935546875">
        <ele>453.399993896484375</ele>
        <time>2024-10-22T17:24:00.000Z</time>
        <extensions>
          <ns3:TrackPointExtension>
            <ns3:hr>102</ns3:hr>
          </ns3:TrackPointExtension>
        </extensions>
      </trkpt>
      <trkpt lat="44.41511406563222408294677734375" lon="-80.46714224852621555328369140625">
        <ele>453.399993896484375</ele>
        <time>2024-10-22T17:24:15.000Z</time>
        <extensions>
          <ns3:TrackPointExtension>
            <ns3:hr>104</ns3:hr>
          </ns3:TrackPointExtension>
        </extensions>
      </trkpt>
      <trkpt lat="44.41503142006695270538330078125" lon="-80.467092208564281463623046875">
        <ele>453.399993896484375</ele>
        <time>2024-10-22T17:24:29.000Z</time>
        <extensions>
          <ns3:TrackPointExtension>
            <ns3:hr>105</ns3:hr>
          </ns3:TrackPointExtension>
        </extensions>
      </trkpt>
      <trkpt lat="44.4150090403854846954345703125" lon="-80.46706899069249629974365234375">
        <ele>453.399993896484375</ele>
        <time>2024-10-22T17:24:32.000Z</time>
        <extensions>
          <ns3:TrackPointExtension>
            <ns3:hr>102</ns3:hr>
          </ns3:TrackPointExtension>
        </extensions>
      </trkpt>
      <trkpt lat="44.4149138219654560089111328125" lon="-80.46698969788849353790283203125">
        <ele>453.399993896484375</ele>
        <time>2024-10-22T17:24:43.000Z</time>
        <extensions>
          <ns3:TrackPointExtension>
            <ns3:hr>104</ns3:hr>
          </ns3:TrackPointExtension>
        </extensions>
      </trkpt>
      <trkpt lat="44.41482891328632831573486328125" lon="-80.4668841697275638580322265625">
        <ele>453.399993896484375</ele>
        <time>2024-10-22T17:24:57.000Z</time>
        <extensions>
          <ns3:TrackPointExtension>
            <ns3:hr>102</ns3:hr>
          </ns3:TrackPointExtension>
        </extensions>
      </trkpt>
      <trkpt lat="44.41478021442890167236328125" lon="-80.46680479310452938079833984375">
        <ele>453.399993896484375</ele>
        <time>2024-10-22T17:25:11.000Z</time>
        <extensions>
          <ns3:TrackPointExtension>
            <ns3:hr>101</ns3:hr>
          </ns3:TrackPointExtension>
        </extensions>
      </trkpt>
      <trkpt lat="44.41470016725361347198486328125" lon="-80.46670496463775634765625">
        <ele>453.399993896484375</ele>
        <time>2024-10-22T17:25:28.000Z</time>
        <extensions>
          <ns3:TrackPointExtension>
            <ns3:hr>103</ns3:hr>
          </ns3:TrackPointExtension>
        </extensions>
      </trkpt>
      <trkpt lat="44.4146958924829959869384765625" lon="-80.46668794937431812286376953125">
        <ele>453.399993896484375</ele>
        <time>2024-10-22T17:25:29.000Z</time>
        <extensions>
          <ns3:TrackPointExtension>
            <ns3:hr>107</ns3:hr>
          </ns3:TrackPointExtension>
        </extensions>
      </trkpt>
      <trkpt lat="44.41465272568166255950927734375" lon="-80.4666079021990299224853515625">
        <ele>453.399993896484375</ele>
        <time>2024-10-22T17:25:38.000Z</time>
        <extensions>
          <ns3:TrackPointExtension>
            <ns3:hr>104</ns3:hr>
          </ns3:TrackPointExtension>
        </extensions>
      </trkpt>
      <trkpt lat="44.41464610397815704345703125" lon="-80.4666065610945224761962890625">
        <ele>453.399993896484375</ele>
        <time>2024-10-22T17:25:39.000Z</time>
        <extensions>
          <ns3:TrackPointExtension>
            <ns3:hr>103</ns3:hr>
          </ns3:TrackPointExtension>
        </extensions>
      </trkpt>
      <trkpt lat="44.41462188027799129486083984375" lon="-80.46659356914460659027099609375">
        <ele>457.20001220703125</ele>
        <time>2024-10-22T17:25:42.000Z</time>
        <extensions>
          <ns3:TrackPointExtension>
            <ns3:hr>105</ns3:hr>
          </ns3:TrackPointExtension>
        </extensions>
      </trkpt>
      <trkpt lat="44.41459472291171550750732421875" lon="-80.466563813388347625732421875">
        <ele>457</ele>
        <time>2024-10-22T17:25:46.000Z</time>
        <extensions>
          <ns3:TrackPointExtension>
            <ns3:hr>109</ns3:hr>
          </ns3:TrackPointExtension>
        </extensions>
      </trkpt>
      <trkpt lat="44.4145892746746540069580078125" lon="-80.46656104736030101776123046875">
        <ele>457</ele>
        <time>2024-10-22T17:25:48.000Z</time>
        <extensions>
          <ns3:TrackPointExtension>
            <ns3:hr>103</ns3:hr>
          </ns3:TrackPointExtension>
        </extensions>
      </trkpt>
      <trkpt lat="44.41458567045629024505615234375" lon="-80.46655786223709583282470703125">
        <ele>457</ele>
        <time>2024-10-22T17:25:49.000Z</time>
        <extensions>
          <ns3:TrackPointExtension>
            <ns3:hr>104</ns3:hr>
          </ns3:TrackPointExtension>
        </extensions>
      </trkpt>
      <trkpt lat="44.414570666849613189697265625" lon="-80.46652433462440967559814453125">
        <ele>457</ele>
        <time>2024-10-22T17:25:53.000Z</time>
        <extensions>
          <ns3:TrackPointExtension>
            <ns3:hr>103</ns3:hr>
          </ns3:TrackPointExtension>
        </extensions>
      </trkpt>
      <trkpt lat="44.4145242311060428619384765625" lon="-80.4664664156734943389892578125">
        <ele>457.20001220703125</ele>
        <time>2024-10-22T17:26:06.000Z</time>
        <extensions>
          <ns3:TrackPointExtension>
            <ns3:hr>100</ns3:hr>
          </ns3:TrackPointExtension>
        </extensions>
      </trkpt>
      <trkpt lat="44.4145138375461101531982421875" lon="-80.46646750532090663909912109375">
        <ele>457.20001220703125</ele>
        <time>2024-10-22T17:26:09.000Z</time>
        <extensions>
          <ns3:TrackPointExtension>
            <ns3:hr>98</ns3:hr>
          </ns3:TrackPointExtension>
        </extensions>
      </trkpt>
      <trkpt lat="44.41450570710003376007080078125" lon="-80.46646197326481342315673828125">
        <ele>457.20001220703125</ele>
        <time>2024-10-22T17:26:11.000Z</time>
        <extensions>
          <ns3:TrackPointExtension>
            <ns3:hr>94</ns3:hr>
          </ns3:TrackPointExtension>
        </extensions>
      </trkpt>
      <trkpt lat="44.41449179314076900482177734375" lon="-80.4664741270244121551513671875">
        <ele>457.399993896484375</ele>
        <time>2024-10-22T17:26:16.000Z</time>
        <extensions>
          <ns3:TrackPointExtension>
            <ns3:hr>91</ns3:hr>
          </ns3:TrackPointExtension>
        </extensions>
      </trkpt>
      <trkpt lat="44.414453990757465362548828125" lon="-80.466471947729587554931640625">
        <ele>457.600006103515625</ele>
        <time>2024-10-22T17:26:23.000Z</time>
        <extensions>
          <ns3:TrackPointExtension>
            <ns3:hr>91</ns3:hr>
          </ns3:TrackPointExtension>
        </extensions>
      </trkpt>
      <trkpt lat="44.41442976705729961395263671875" lon="-80.4664744623005390167236328125">
        <ele>458.20001220703125</ele>
        <time>2024-10-22T17:26:27.000Z</time>
        <extensions>
          <ns3:TrackPointExtension>
            <ns3:hr>92</ns3:hr>
          </ns3:TrackPointExtension>
        </extensions>
      </trkpt>
      <trkpt lat="44.41440244205296039581298828125" lon="-80.46646767295897006988525390625">
        <ele>458.79998779296875</ele>
        <time>2024-10-22T17:26:31.000Z</time>
        <extensions>
          <ns3:TrackPointExtension>
            <ns3:hr>95</ns3:hr>
          </ns3:TrackPointExtension>
        </extensions>
      </trkpt>
      <trkpt lat="44.414379559457302093505859375" lon="-80.46645996160805225372314453125">
        <ele>459.20001220703125</ele>
        <time>2024-10-22T17:26:36.000Z</time>
        <extensions>
          <ns3:TrackPointExtension>
            <ns3:hr>96</ns3:hr>
          </ns3:TrackPointExtension>
        </extensions>
      </trkpt>
      <trkpt lat="44.41435910761356353759765625" lon="-80.4664570279419422149658203125">
        <ele>459.399993896484375</ele>
        <time>2024-10-22T17:26:39.000Z</time>
        <extensions>
          <ns3:TrackPointExtension>
            <ns3:hr>94</ns3:hr>
          </ns3:TrackPointExtension>
        </extensions>
      </trkpt>
      <trkpt lat="44.41430588252842426300048828125" lon="-80.46644747257232666015625">
        <ele>460.20001220703125</ele>
        <time>2024-10-22T17:26:46.000Z</time>
        <extensions>
          <ns3:TrackPointExtension>
            <ns3:hr>92</ns3:hr>
          </ns3:TrackPointExtension>
        </extensions>
      </trkpt>
      <trkpt lat="44.41423212178051471710205078125" lon="-80.4664295352995395660400390625">
        <ele>460.79998779296875</ele>
        <time>2024-10-22T17:26:53.000Z</time>
        <extensions>
          <ns3:TrackPointExtension>
            <ns3:hr>94</ns3:hr>
          </ns3:TrackPointExtension>
        </extensions>
      </trkpt>
      <trkpt lat="44.4141735322773456573486328125" lon="-80.466418303549289703369140625">
        <ele>461.399993896484375</ele>
        <time>2024-10-22T17:27:00.000Z</time>
        <extensions>
          <ns3:TrackPointExtension>
            <ns3:hr>94</ns3:hr>
          </ns3:TrackPointExtension>
        </extensions>
      </trkpt>
      <trkpt lat="44.41413438878953456878662109375" lon="-80.46641059219837188720703125">
        <ele>461.79998779296875</ele>
        <time>2024-10-22T17:27:05.000Z</time>
        <extensions>
          <ns3:TrackPointExtension>
            <ns3:hr>91</ns3:hr>
          </ns3:TrackPointExtension>
        </extensions>
      </trkpt>
      <trkpt lat="44.41410253755748271942138671875" lon="-80.4664027132093906402587890625">
        <ele>462</ele>
        <time>2024-10-22T17:27:09.000Z</time>
        <extensions>
          <ns3:TrackPointExtension>
            <ns3:hr>92</ns3:hr>
          </ns3:TrackPointExtension>
        </extensions>
      </trkpt>
      <trkpt lat="44.41405895166099071502685546875" lon="-80.466409586369991302490234375">
        <ele>462.399993896484375</ele>
        <time>2024-10-22T17:27:14.000Z</time>
        <extensions>
          <ns3:TrackPointExtension>
            <ns3:hr>94</ns3:hr>
          </ns3:TrackPointExtension>
        </extensions>
      </trkpt>
      <trkpt lat="44.4140199758112430572509765625" lon="-80.4664090834558010101318359375">
        <ele>462.399993896484375</ele>
        <time>2024-10-22T17:27:20.000Z</time>
        <extensions>
          <ns3:TrackPointExtension>
            <ns3:hr>97</ns3:hr>
          </ns3:TrackPointExtension>
        </extensions>
      </trkpt>
      <trkpt lat="44.4139904715120792388916015625" lon="-80.4664080776274204254150390625">
        <ele>462.399993896484375</ele>
        <time>2024-10-22T17:27:23.000Z</time>
        <extensions>
          <ns3:TrackPointExtension>
            <ns3:hr>99</ns3:hr>
          </ns3:TrackPointExtension>
        </extensions>
      </trkpt>
      <trkpt lat="44.41394479013979434967041015625" lon="-80.46641821973025798797607421875">
        <ele>462.20001220703125</ele>
        <time>2024-10-22T17:27:31.000Z</time>
        <extensions>
          <ns3:TrackPointExtension>
            <ns3:hr>100</ns3:hr>
          </ns3:TrackPointExtension>
        </extensions>
      </trkpt>
      <trkpt lat="44.413925595581531524658203125" lon="-80.46642559580504894256591796875">
        <ele>462.20001220703125</ele>
        <time>2024-10-22T17:27:37.000Z</time>
        <extensions>
          <ns3:TrackPointExtension>
            <ns3:hr>99</ns3:hr>
          </ns3:TrackPointExtension>
        </extensions>
      </trkpt>
      <trkpt lat="44.41389902494847774505615234375" lon="-80.46641754917800426483154296875">
        <ele>462.20001220703125</ele>
        <time>2024-10-22T17:27:42.000Z</time>
        <extensions>
          <ns3:TrackPointExtension>
            <ns3:hr>96</ns3:hr>
          </ns3:TrackPointExtension>
        </extensions>
      </trkpt>
      <trkpt lat="44.4138815067708492279052734375" lon="-80.4664131067693233489990234375">
        <ele>462.20001220703125</ele>
        <time>2024-10-22T17:27:44.000Z</time>
        <extensions>
          <ns3:TrackPointExtension>
            <ns3:hr>99</ns3:hr>
          </ns3:TrackPointExtension>
        </extensions>
      </trkpt>
      <trkpt lat="44.41386633552610874176025390625" lon="-80.466420315206050872802734375">
        <ele>462.20001220703125</ele>
        <time>2024-10-22T17:27:47.000Z</time>
        <extensions>
          <ns3:TrackPointExtension>
            <ns3:hr>96</ns3:hr>
          </ns3:TrackPointExtension>
        </extensions>
      </trkpt>
      <trkpt lat="44.4138530083000659942626953125" lon="-80.46642425470054149627685546875">
        <ele>462.20001220703125</ele>
        <time>2024-10-22T17:27:49.000Z</time>
        <extensions>
          <ns3:TrackPointExtension>
            <ns3:hr>96</ns3:hr>
          </ns3:TrackPointExtension>
        </extensions>
      </trkpt>
      <trkpt lat="44.4138342328369617462158203125" lon="-80.46642073430120944976806640625">
        <ele>462.399993896484375</ele>
        <time>2024-10-22T17:27:51.000Z</time>
        <extensions>
          <ns3:TrackPointExtension>
            <ns3:hr>99</ns3:hr>
          </ns3:TrackPointExtension>
        </extensions>
      </trkpt>
      <trkpt lat="44.41381922923028469085693359375" lon="-80.4664273560047149658203125">
        <ele>462.399993896484375</ele>
        <time>2024-10-22T17:27:53.000Z</time>
        <extensions>
          <ns3:TrackPointExtension>
            <ns3:hr>96</ns3:hr>
          </ns3:TrackPointExtension>
        </extensions>
      </trkpt>
      <trkpt lat="44.41379257477819919586181640625" lon="-80.466417968273162841796875">
        <ele>462.399993896484375</ele>
        <time>2024-10-22T17:27:58.000Z</time>
        <extensions>
          <ns3:TrackPointExtension>
            <ns3:hr>100</ns3:hr>
          </ns3:TrackPointExtension>
        </extensions>
      </trkpt>
      <trkpt lat="44.4137651659548282623291015625" lon="-80.46640698798000812530517578125">
        <ele>462.600006103515625</ele>
        <time>2024-10-22T17:28:01.000Z</time>
        <extensions>
          <ns3:TrackPointExtension>
            <ns3:hr>97</ns3:hr>
          </ns3:TrackPointExtension>
        </extensions>
      </trkpt>
      <trkpt lat="44.41374932415783405303955078125" lon="-80.4664147831499576568603515625">
        <ele>462.79998779296875</ele>
        <time>2024-10-22T17:28:03.000Z</time>
        <extensions>
          <ns3:TrackPointExtension>
            <ns3:hr>96</ns3:hr>
          </ns3:TrackPointExtension>
        </extensions>
      </trkpt>
      <trkpt lat="44.4137289561331272125244140625" lon="-80.46641536988317966461181640625">
        <ele>462.79998779296875</ele>
        <time>2024-10-22T17:28:05.000Z</time>
        <extensions>
          <ns3:TrackPointExtension>
            <ns3:hr>99</ns3:hr>
          </ns3:TrackPointExtension>
        </extensions>
      </trkpt>
      <trkpt lat="44.413650669157505035400390625" lon="-80.46642257831990718841552734375">
        <ele>463</ele>
        <time>2024-10-22T17:28:13.000Z</time>
        <extensions>
          <ns3:TrackPointExtension>
            <ns3:hr>95</ns3:hr>
          </ns3:TrackPointExtension>
        </extensions>
      </trkpt>
      <trkpt lat="44.4136199913918972015380859375" lon="-80.46641671098768711090087890625">
        <ele>463</ele>
        <time>2024-10-22T17:28:17.000Z</time>
        <extensions>
          <ns3:TrackPointExtension>
            <ns3:hr>98</ns3:hr>
          </ns3:TrackPointExtension>
        </extensions>
      </trkpt>
      <trkpt lat="44.413617812097072601318359375" lon="-80.46641729772090911865234375">
        <ele>463</ele>
        <time>2024-10-22T17:28:18.000Z</time>
        <extensions>
          <ns3:TrackPointExtension>
            <ns3:hr>97</ns3:hr>
          </ns3:TrackPointExtension>
        </extensions>
      </trkpt>
      <trkpt lat="44.41350993700325489044189453125" lon="-80.46641587279736995697021484375">
        <ele>463</ele>
        <time>2024-10-22T17:28:31.000Z</time>
        <extensions>
          <ns3:TrackPointExtension>
            <ns3:hr>101</ns3:hr>
          </ns3:TrackPointExtension>
        </extensions>
      </trkpt>
      <trkpt lat="44.41349803470075130462646484375" lon="-80.46641754917800426483154296875">
        <ele>463</ele>
        <time>2024-10-22T17:28:33.000Z</time>
        <extensions>
          <ns3:TrackPointExtension>
            <ns3:hr>99</ns3:hr>
          </ns3:TrackPointExtension>
        </extensions>
      </trkpt>
      <trkpt lat="44.41344874911010265350341796875" lon="-80.46643146313726902008056640625">
        <ele>463.20001220703125</ele>
        <time>2024-10-22T17:28:38.000Z</time>
        <extensions>
          <ns3:TrackPointExtension>
            <ns3:hr>96</ns3:hr>
          </ns3:TrackPointExtension>
        </extensions>
      </trkpt>
      <trkpt lat="44.4134317338466644287109375" lon="-80.4664365760982036590576171875">
        <ele>463.20001220703125</ele>
        <time>2024-10-22T17:28:40.000Z</time>
        <extensions>
          <ns3:TrackPointExtension>
            <ns3:hr>99</ns3:hr>
          </ns3:TrackPointExtension>
        </extensions>
      </trkpt>
      <trkpt lat="44.41338278353214263916015625" lon="-80.46645753085613250732421875">
        <ele>463.399993896484375</ele>
        <time>2024-10-22T17:28:46.000Z</time>
        <extensions>
          <ns3:TrackPointExtension>
            <ns3:hr>98</ns3:hr>
          </ns3:TrackPointExtension>
        </extensions>
      </trkpt>
      <trkpt lat="44.41335973329842090606689453125" lon="-80.46646130271255970001220703125">
        <ele>463.399993896484375</ele>
        <time>2024-10-22T17:28:49.000Z</time>
        <extensions>
          <ns3:TrackPointExtension>
            <ns3:hr>99</ns3:hr>
          </ns3:TrackPointExtension>
        </extensions>
      </trkpt>
      <trkpt lat="44.41331438720226287841796875" lon="-80.46646851114928722381591796875">
        <ele>463.20001220703125</ele>
        <time>2024-10-22T17:28:58.000Z</time>
        <extensions>
          <ns3:TrackPointExtension>
            <ns3:hr>96</ns3:hr>
          </ns3:TrackPointExtension>
        </extensions>
      </trkpt>
      <trkpt lat="44.413316063582897186279296875" lon="-80.4664568603038787841796875">
        <ele>463.20001220703125</ele>
        <time>2024-10-22T17:29:03.000Z</time>
        <extensions>
          <ns3:TrackPointExtension>
            <ns3:hr>95</ns3:hr>
          </ns3:TrackPointExtension>
        </extensions>
      </trkpt>
      <trkpt lat="44.41332369111478328704833984375" lon="-80.46644336543977260589599609375">
        <ele>463.20001220703125</ele>
        <time>2024-10-22T17:29:08.000Z</time>
        <extensions>
          <ns3:TrackPointExtension>
            <ns3:hr>99</ns3:hr>
          </ns3:TrackPointExtension>
        </extensions>
      </trkpt>
      <trkpt lat="44.41334162838757038116455078125" lon="-80.4664281941950321197509765625">
        <ele>463.600006103515625</ele>
        <time>2024-10-22T17:29:19.000Z</time>
        <extensions>
          <ns3:TrackPointExtension>
            <ns3:hr>96</ns3:hr>
          </ns3:TrackPointExtension>
        </extensions>
      </trkpt>
      <trkpt lat="44.4133155606687068939208984375" lon="-80.4664094187319278717041015625">
        <ele>463.79998779296875</ele>
        <time>2024-10-22T17:29:34.000Z</time>
        <extensions>
          <ns3:TrackPointExtension>
            <ns3:hr>96</ns3:hr>
          </ns3:TrackPointExtension>
        </extensions>
      </trkpt>
      <trkpt lat="44.413267783820629119873046875" lon="-80.46637295745313167572021484375">
        <ele>463.79998779296875</ele>
        <time>2024-10-22T17:29:38.000Z</time>
        <extensions>
          <ns3:TrackPointExtension>
            <ns3:hr>99</ns3:hr>
          </ns3:TrackPointExtension>
        </extensions>
      </trkpt>
      <trkpt lat="44.413151778280735015869140625" lon="-80.4663540981709957122802734375">
        <ele>463.600006103515625</ele>
        <time>2024-10-22T17:29:49.000Z</time>
        <extensions>
          <ns3:TrackPointExtension>
            <ns3:hr>99</ns3:hr>
          </ns3:TrackPointExtension>
        </extensions>
      </trkpt>
      <trkpt lat="44.41310475580394268035888671875" lon="-80.4663574509322643280029296875">
        <ele>463.600006103515625</ele>
        <time>2024-10-22T17:29:55.000Z</time>
        <extensions>
          <ns3:TrackPointExtension>
            <ns3:hr>102</ns3:hr>
          </ns3:TrackPointExtension>
        </extensions>
      </trkpt>
      <trkpt lat="44.41308849491178989410400390625" lon="-80.4663594625890254974365234375">
        <ele>463.600006103515625</ele>
        <time>2024-10-22T17:29:57.000Z</time>
        <extensions>
          <ns3:TrackPointExtension>
            <ns3:hr>99</ns3:hr>
          </ns3:TrackPointExtension>
        </extensions>
      </trkpt>
      <trkpt lat="44.4130654446780681610107421875" lon="-80.46635988168418407440185546875">
        <ele>463.600006103515625</ele>
        <time>2024-10-22T17:30:00.000Z</time>
        <extensions>
          <ns3:TrackPointExtension>
            <ns3:hr>96</ns3:hr>
          </ns3:TrackPointExtension>
        </extensions>
      </trkpt>
      <trkpt lat="44.41300149075686931610107421875" lon="-80.46638351865112781524658203125">
        <ele>463.600006103515625</ele>
        <time>2024-10-22T17:30:06.000Z</time>
        <extensions>
          <ns3:TrackPointExtension>
            <ns3:hr>97</ns3:hr>
          </ns3:TrackPointExtension>
        </extensions>
      </trkpt>
      <trkpt lat="44.41293862648308277130126953125" lon="-80.46637631021440029144287109375">
        <ele>463.600006103515625</ele>
        <time>2024-10-22T17:30:17.000Z</time>
        <extensions>
          <ns3:TrackPointExtension>
            <ns3:hr>98</ns3:hr>
          </ns3:TrackPointExtension>
        </extensions>
      </trkpt>
      <trkpt lat="44.41293695010244846343994140625" lon="-80.4663380049169063568115234375">
        <ele>463.600006103515625</ele>
        <time>2024-10-22T17:30:28.000Z</time>
        <extensions>
          <ns3:TrackPointExtension>
            <ns3:hr>97</ns3:hr>
          </ns3:TrackPointExtension>
        </extensions>
      </trkpt>
      <trkpt lat="44.4129363633692264556884765625" lon="-80.46632300131022930145263671875">
        <ele>463.600006103515625</ele>
        <time>2024-10-22T17:30:36.000Z</time>
        <extensions>
          <ns3:TrackPointExtension>
            <ns3:hr>100</ns3:hr>
          </ns3:TrackPointExtension>
        </extensions>
      </trkpt>
      <trkpt lat="44.41294466145336627960205078125" lon="-80.46631244011223316192626953125">
        <ele>463.600006103515625</ele>
        <time>2024-10-22T17:30:41.000Z</time>
        <extensions>
          <ns3:TrackPointExtension>
            <ns3:hr>99</ns3:hr>
          </ns3:TrackPointExtension>
        </extensions>
      </trkpt>
      <trkpt lat="44.41294902004301548004150390625" lon="-80.4663061536848545074462890625">
        <ele>463.600006103515625</ele>
        <time>2024-10-22T17:30:46.000Z</time>
        <extensions>
          <ns3:TrackPointExtension>
            <ns3:hr>96</ns3:hr>
          </ns3:TrackPointExtension>
        </extensions>
      </trkpt>
      <trkpt lat="44.41294583491981029510498046875" lon="-80.46630439348518848419189453125">
        <ele>463.600006103515625</ele>
        <time>2024-10-22T17:30:48.000Z</time>
        <extensions>
          <ns3:TrackPointExtension>
            <ns3:hr>93</ns3:hr>
          </ns3:TrackPointExtension>
        </extensions>
      </trkpt>
      <trkpt lat="44.4129440747201442718505859375" lon="-80.4663011245429515838623046875">
        <ele>463.600006103515625</ele>
        <time>2024-10-22T17:30:52.000Z</time>
        <extensions>
          <ns3:TrackPointExtension>
            <ns3:hr>90</ns3:hr>
          </ns3:TrackPointExtension>
        </extensions>
      </trkpt>
      <trkpt lat="44.4129514507949352264404296875" lon="-80.46630539931356906890869140625">
        <ele>463.600006103515625</ele>
        <time>2024-10-22T17:30:56.000Z</time>
        <extensions>
          <ns3:TrackPointExtension>
            <ns3:hr>90</ns3:hr>
          </ns3:TrackPointExtension>
        </extensions>
      </trkpt>
      <trkpt lat="44.412962011992931365966796875" lon="-80.466246306896209716796875">
        <ele>463.600006103515625</ele>
        <time>2024-10-22T17:31:12.000Z</time>
        <extensions>
          <ns3:TrackPointExtension>
            <ns3:hr>89</ns3:hr>
          </ns3:TrackPointExtension>
        </extensions>
      </trkpt>
      <trkpt lat="44.4129487685859203338623046875" lon="-80.46621889807283878326416015625">
        <ele>463.600006103515625</ele>
        <time>2024-10-22T17:31:29.000Z</time>
        <extensions>
          <ns3:TrackPointExtension>
            <ns3:hr>89</ns3:hr>
          </ns3:TrackPointExtension>
        </extensions>
      </trkpt>
      <trkpt lat="44.4129430688917636871337890625" lon="-80.46623934991657733917236328125">
        <ele>463.600006103515625</ele>
        <time>2024-10-22T17:31:39.000Z</time>
        <extensions>
          <ns3:TrackPointExtension>
            <ns3:hr>93</ns3:hr>
          </ns3:TrackPointExtension>
        </extensions>
      </trkpt>
      <trkpt lat="44.412944577634334564208984375" lon="-80.466229878365993499755859375">
        <ele>463.600006103515625</ele>
        <time>2024-10-22T17:31:43.000Z</time>
        <extensions>
          <ns3:TrackPointExtension>
            <ns3:hr>91</ns3:hr>
          </ns3:TrackPointExtension>
        </extensions>
      </trkpt>
      <trkpt lat="44.41296159289777278900146484375" lon="-80.46623934991657733917236328125">
        <ele>463.600006103515625</ele>
        <time>2024-10-22T17:31:59.000Z</time>
        <extensions>
          <ns3:TrackPointExtension>
            <ns3:hr>90</ns3:hr>
          </ns3:TrackPointExtension>
        </extensions>
      </trkpt>
      <trkpt lat="44.41296058706939220428466796875" lon="-80.466237924993038177490234375">
        <ele>463.600006103515625</ele>
        <time>2024-10-22T17:32:01.000Z</time>
        <extensions>
          <ns3:TrackPointExtension>
            <ns3:hr>86</ns3:hr>
          </ns3:TrackPointExtension>
        </extensions>
      </trkpt>
      <trkpt lat="44.4129408895969390869140625" lon="-80.4662283696234226226806640625">
        <ele>463.600006103515625</ele>
        <time>2024-10-22T17:32:07.000Z</time>
        <extensions>
          <ns3:TrackPointExtension>
            <ns3:hr>89</ns3:hr>
          </ns3:TrackPointExtension>
        </extensions>
      </trkpt>
      <trkpt lat="44.41293862648308277130126953125" lon="-80.46625410206615924835205078125">
        <ele>463.600006103515625</ele>
        <time>2024-10-22T17:32:13.000Z</time>
        <extensions>
          <ns3:TrackPointExtension>
            <ns3:hr>91</ns3:hr>
          </ns3:TrackPointExtension>
        </extensions>
      </trkpt>
      <trkpt lat="44.4129383750259876251220703125" lon="-80.46625980176031589508056640625">
        <ele>463.600006103515625</ele>
        <time>2024-10-22T17:32:14.000Z</time>
        <extensions>
          <ns3:TrackPointExtension>
            <ns3:hr>88</ns3:hr>
          </ns3:TrackPointExtension>
        </extensions>
      </trkpt>
      <trkpt lat="44.41293619573116302490234375" lon="-80.46626466326415538787841796875">
        <ele>463.600006103515625</ele>
        <time>2024-10-22T17:32:15.000Z</time>
        <extensions>
          <ns3:TrackPointExtension>
            <ns3:hr>91</ns3:hr>
          </ns3:TrackPointExtension>
        </extensions>
      </trkpt>
      <trkpt lat="44.41287643276154994964599609375" lon="-80.466340519487857818603515625">
        <ele>463.600006103515625</ele>
        <time>2024-10-22T17:32:25.000Z</time>
        <extensions>
          <ns3:TrackPointExtension>
            <ns3:hr>92</ns3:hr>
          </ns3:TrackPointExtension>
        </extensions>
      </trkpt>
      <trkpt lat="44.41285975277423858642578125" lon="-80.46634680591523647308349609375">
        <ele>463.600006103515625</ele>
        <time>2024-10-22T17:32:30.000Z</time>
        <extensions>
          <ns3:TrackPointExtension>
            <ns3:hr>95</ns3:hr>
          </ns3:TrackPointExtension>
        </extensions>
      </trkpt>
      <trkpt lat="44.412820525467395782470703125" lon="-80.46641989611089229583740234375">
        <ele>463.600006103515625</ele>
        <time>2024-10-22T17:32:39.000Z</time>
        <extensions>
          <ns3:TrackPointExtension>
            <ns3:hr>96</ns3:hr>
          </ns3:TrackPointExtension>
        </extensions>
      </trkpt>
      <trkpt lat="44.4127853214740753173828125" lon="-80.466422997415065765380859375">
        <ele>463.600006103515625</ele>
        <time>2024-10-22T17:32:46.000Z</time>
        <extensions>
          <ns3:TrackPointExtension>
            <ns3:hr>99</ns3:hr>
          </ns3:TrackPointExtension>
        </extensions>
      </trkpt>
      <trkpt lat="44.4127638638019561767578125" lon="-80.46642442233860492706298828125">
        <ele>466.79998779296875</ele>
        <time>2024-10-22T17:32:49.000Z</time>
        <extensions>
          <ns3:TrackPointExtension>
            <ns3:hr>101</ns3:hr>
          </ns3:TrackPointExtension>
        </extensions>
      </trkpt>
      <trkpt lat="44.41275707446038722991943359375" lon="-80.4664278589189052581787109375">
        <ele>466.600006103515625</ele>
        <time>2024-10-22T17:32:50.000Z</time>
        <extensions>
          <ns3:TrackPointExtension>
            <ns3:hr>99</ns3:hr>
          </ns3:TrackPointExtension>
        </extensions>
      </trkpt>
      <trkpt lat="44.4126919470727443695068359375" lon="-80.46644252724945545196533203125">
        <ele>466.20001220703125</ele>
        <time>2024-10-22T17:32:58.000Z</time>
        <extensions>
          <ns3:TrackPointExtension>
            <ns3:hr>102</ns3:hr>
          </ns3:TrackPointExtension>
        </extensions>
      </trkpt>
      <trkpt lat="44.4126688130199909210205078125" lon="-80.46644235961139202117919921875">
        <ele>465.79998779296875</ele>
        <time>2024-10-22T17:33:01.000Z</time>
        <extensions>
          <ns3:TrackPointExtension>
            <ns3:hr>100</ns3:hr>
          </ns3:TrackPointExtension>
        </extensions>
      </trkpt>
      <trkpt lat="44.41264241002500057220458984375" lon="-80.466445125639438629150390625">
        <ele>465.399993896484375</ele>
        <time>2024-10-22T17:33:05.000Z</time>
        <extensions>
          <ns3:TrackPointExtension>
            <ns3:hr>101</ns3:hr>
          </ns3:TrackPointExtension>
        </extensions>
      </trkpt>
      <trkpt lat="44.41257351078093051910400390625" lon="-80.4664332233369350433349609375">
        <ele>465.399993896484375</ele>
        <time>2024-10-22T17:33:13.000Z</time>
        <extensions>
          <ns3:TrackPointExtension>
            <ns3:hr>104</ns3:hr>
          </ns3:TrackPointExtension>
        </extensions>
      </trkpt>
      <trkpt lat="44.4125159271061420440673828125" lon="-80.4664300382137298583984375">
        <ele>465</ele>
        <time>2024-10-22T17:33:19.000Z</time>
        <extensions>
          <ns3:TrackPointExtension>
            <ns3:hr>102</ns3:hr>
          </ns3:TrackPointExtension>
        </extensions>
      </trkpt>
      <trkpt lat="44.41248156130313873291015625" lon="-80.46642308123409748077392578125">
        <ele>464.399993896484375</ele>
        <time>2024-10-22T17:33:22.000Z</time>
        <extensions>
          <ns3:TrackPointExtension>
            <ns3:hr>100</ns3:hr>
          </ns3:TrackPointExtension>
        </extensions>
      </trkpt>
      <trkpt lat="44.41243604756891727447509765625" lon="-80.4664327204227447509765625">
        <ele>463.399993896484375</ele>
        <time>2024-10-22T17:33:30.000Z</time>
        <extensions>
          <ns3:TrackPointExtension>
            <ns3:hr>100</ns3:hr>
          </ns3:TrackPointExtension>
        </extensions>
      </trkpt>
      <trkpt lat="44.412428252398967742919921875" lon="-80.46643498353660106658935546875">
        <ele>463.20001220703125</ele>
        <time>2024-10-22T17:33:32.000Z</time>
        <extensions>
          <ns3:TrackPointExtension>
            <ns3:hr>101</ns3:hr>
          </ns3:TrackPointExtension>
        </extensions>
      </trkpt>
      <trkpt lat="44.412402100861072540283203125" lon="-80.46644202433526515960693359375">
        <ele>462.20001220703125</ele>
        <time>2024-10-22T17:33:37.000Z</time>
        <extensions>
          <ns3:TrackPointExtension>
            <ns3:hr>100</ns3:hr>
          </ns3:TrackPointExtension>
        </extensions>
      </trkpt>
      <trkpt lat="44.41235289908945560455322265625" lon="-80.4664300382137298583984375">
        <ele>461.20001220703125</ele>
        <time>2024-10-22T17:33:44.000Z</time>
        <extensions>
          <ns3:TrackPointExtension>
            <ns3:hr>100</ns3:hr>
          </ns3:TrackPointExtension>
        </extensions>
      </trkpt>
      <trkpt lat="44.412304200232028961181640625" lon="-80.46644001267850399017333984375">
        <ele>460.399993896484375</ele>
        <time>2024-10-22T17:33:49.000Z</time>
        <extensions>
          <ns3:TrackPointExtension>
            <ns3:hr>98</ns3:hr>
          </ns3:TrackPointExtension>
        </extensions>
      </trkpt>
      <trkpt lat="44.4122758693993091583251953125" lon="-80.46643749810755252838134765625">
        <ele>460.20001220703125</ele>
        <time>2024-10-22T17:33:52.000Z</time>
        <extensions>
          <ns3:TrackPointExtension>
            <ns3:hr>96</ns3:hr>
          </ns3:TrackPointExtension>
        </extensions>
      </trkpt>
      <trkpt lat="44.4121737778186798095703125" lon="-80.4664365760982036590576171875">
        <ele>459.600006103515625</ele>
        <time>2024-10-22T17:34:02.000Z</time>
        <extensions>
          <ns3:TrackPointExtension>
            <ns3:hr>93</ns3:hr>
          </ns3:TrackPointExtension>
        </extensions>
      </trkpt>
      <trkpt lat="44.4121682457625865936279296875" lon="-80.466431714594364166259765625">
        <ele>459.600006103515625</ele>
        <time>2024-10-22T17:34:03.000Z</time>
        <extensions>
          <ns3:TrackPointExtension>
            <ns3:hr>96</ns3:hr>
          </ns3:TrackPointExtension>
        </extensions>
      </trkpt>
      <trkpt lat="44.41211468540132045745849609375" lon="-80.46642123721539974212646484375">
        <ele>459.399993896484375</ele>
        <time>2024-10-22T17:34:09.000Z</time>
        <extensions>
          <ns3:TrackPointExtension>
            <ns3:hr>93</ns3:hr>
          </ns3:TrackPointExtension>
        </extensions>
      </trkpt>
      <trkpt lat="44.41209054552018642425537109375" lon="-80.46640899963676929473876953125">
        <ele>459.399993896484375</ele>
        <time>2024-10-22T17:34:12.000Z</time>
        <extensions>
          <ns3:TrackPointExtension>
            <ns3:hr>100</ns3:hr>
          </ns3:TrackPointExtension>
        </extensions>
      </trkpt>
      <trkpt lat="44.41202382557094097137451171875" lon="-80.46638066880404949188232421875">
        <ele>459.399993896484375</ele>
        <time>2024-10-22T17:34:20.000Z</time>
        <extensions>
          <ns3:TrackPointExtension>
            <ns3:hr>97</ns3:hr>
          </ns3:TrackPointExtension>
        </extensions>
      </trkpt>
      <trkpt lat="44.4119972549378871917724609375" lon="-80.46636071987450122833251953125">
        <ele>459.20001220703125</ele>
        <time>2024-10-22T17:34:23.000Z</time>
        <extensions>
          <ns3:TrackPointExtension>
            <ns3:hr>97</ns3:hr>
          </ns3:TrackPointExtension>
        </extensions>
      </trkpt>
      <trkpt lat="44.4119275175034999847412109375" lon="-80.46631361357867717742919921875">
        <ele>459.399993896484375</ele>
        <time>2024-10-22T17:34:30.000Z</time>
        <extensions>
          <ns3:TrackPointExtension>
            <ns3:hr>100</ns3:hr>
          </ns3:TrackPointExtension>
        </extensions>
      </trkpt>
      <trkpt lat="44.41189239732921123504638671875" lon="-80.466298945248126983642578125">
        <ele>459.600006103515625</ele>
        <time>2024-10-22T17:34:34.000Z</time>
        <extensions>
          <ns3:TrackPointExtension>
            <ns3:hr>103</ns3:hr>
          </ns3:TrackPointExtension>
        </extensions>
      </trkpt>
      <trkpt lat="44.4118675030767917633056640625" lon="-80.46629215590655803680419921875">
        <ele>459.79998779296875</ele>
        <time>2024-10-22T17:34:36.000Z</time>
        <extensions>
          <ns3:TrackPointExtension>
            <ns3:hr>105</ns3:hr>
          </ns3:TrackPointExtension>
        </extensions>
      </trkpt>
      <trkpt lat="44.4117930717766284942626953125" lon="-80.46627245843410491943359375">
        <ele>460.79998779296875</ele>
        <time>2024-10-22T17:34:48.000Z</time>
        <extensions>
          <ns3:TrackPointExtension>
            <ns3:hr>107</ns3:hr>
          </ns3:TrackPointExtension>
        </extensions>
      </trkpt>
      <trkpt lat="44.41175979562103748321533203125" lon="-80.466258041560649871826171875">
        <ele>461</ele>
        <time>2024-10-22T17:34:57.000Z</time>
        <extensions>
          <ns3:TrackPointExtension>
            <ns3:hr>104</ns3:hr>
          </ns3:TrackPointExtension>
        </extensions>
      </trkpt>
      <trkpt lat="44.41175040788948535919189453125" lon="-80.4662612266838550567626953125">
        <ele>461.20001220703125</ele>
        <time>2024-10-22T17:34:59.000Z</time>
        <extensions>
          <ns3:TrackPointExtension>
            <ns3:hr>105</ns3:hr>
          </ns3:TrackPointExtension>
        </extensions>
      </trkpt>
      <trkpt lat="44.41174018196761608123779296875" lon="-80.46626348979771137237548828125">
        <ele>461.20001220703125</ele>
        <time>2024-10-22T17:35:01.000Z</time>
        <extensions>
          <ns3:TrackPointExtension>
            <ns3:hr>105</ns3:hr>
          </ns3:TrackPointExtension>
        </extensions>
      </trkpt>
      <trkpt lat="44.4116951711475849151611328125" lon="-80.46626038849353790283203125">
        <ele>461.79998779296875</ele>
        <time>2024-10-22T17:35:13.000Z</time>
        <extensions>
          <ns3:TrackPointExtension>
            <ns3:hr>108</ns3:hr>
          </ns3:TrackPointExtension>
        </extensions>
      </trkpt>
      <trkpt lat="44.41168469376862049102783203125" lon="-80.4662739671766757965087890625">
        <ele>461.79998779296875</ele>
        <time>2024-10-22T17:35:15.000Z</time>
        <extensions>
          <ns3:TrackPointExtension>
            <ns3:hr>109</ns3:hr>
          </ns3:TrackPointExtension>
        </extensions>
      </trkpt>
      <trkpt lat="44.41167916171252727508544921875" lon="-80.46627891249954700469970703125">
        <ele>461.79998779296875</ele>
        <time>2024-10-22T17:35:16.000Z</time>
        <extensions>
          <ns3:TrackPointExtension>
            <ns3:hr>112</ns3:hr>
          </ns3:TrackPointExtension>
        </extensions>
      </trkpt>
      <trkpt lat="44.411558210849761962890625" lon="-80.46631562523543834686279296875">
        <ele>461.600006103515625</ele>
        <time>2024-10-22T17:35:32.000Z</time>
        <extensions>
          <ns3:TrackPointExtension>
            <ns3:hr>111</ns3:hr>
          </ns3:TrackPointExtension>
        </extensions>
      </trkpt>
      <trkpt lat="44.41145167686045169830322265625" lon="-80.46634999103844165802001953125">
        <ele>461.399993896484375</ele>
        <time>2024-10-22T17:35:45.000Z</time>
        <extensions>
          <ns3:TrackPointExtension>
            <ns3:hr>111</ns3:hr>
          </ns3:TrackPointExtension>
        </extensions>
      </trkpt>
      <trkpt lat="44.4114192388951778411865234375" lon="-80.46636139042675495147705078125">
        <ele>461.20001220703125</ele>
        <time>2024-10-22T17:35:49.000Z</time>
        <extensions>
          <ns3:TrackPointExtension>
            <ns3:hr>106</ns3:hr>
          </ns3:TrackPointExtension>
        </extensions>
      </trkpt>
      <trkpt lat="44.41137112677097320556640625" lon="-80.46636759303510189056396484375">
        <ele>461.399993896484375</ele>
        <time>2024-10-22T17:35:56.000Z</time>
        <extensions>
          <ns3:TrackPointExtension>
            <ns3:hr>103</ns3:hr>
          </ns3:TrackPointExtension>
        </extensions>
      </trkpt>
      <trkpt lat="44.41135109402239322662353515625" lon="-80.46637731604278087615966796875">
        <ele>461.399993896484375</ele>
        <time>2024-10-22T17:35:58.000Z</time>
        <extensions>
          <ns3:TrackPointExtension>
            <ns3:hr>100</ns3:hr>
          </ns3:TrackPointExtension>
        </extensions>
      </trkpt>
      <trkpt lat="44.411342628300189971923828125" lon="-80.466380417346954345703125">
        <ele>461.399993896484375</ele>
        <time>2024-10-22T17:35:59.000Z</time>
        <extensions>
          <ns3:TrackPointExtension>
            <ns3:hr>99</ns3:hr>
          </ns3:TrackPointExtension>
        </extensions>
      </trkpt>
      <trkpt lat="44.41127859055995941162109375" lon="-80.4664124362170696258544921875">
        <ele>461.79998779296875</ele>
        <time>2024-10-22T17:36:05.000Z</time>
        <extensions>
          <ns3:TrackPointExtension>
            <ns3:hr>102</ns3:hr>
          </ns3:TrackPointExtension>
        </extensions>
      </trkpt>
      <trkpt lat="44.41122494637966156005859375" lon="-80.46644018031656742095947265625">
        <ele>462</ele>
        <time>2024-10-22T17:36:14.000Z</time>
        <extensions>
          <ns3:TrackPointExtension>
            <ns3:hr>101</ns3:hr>
          </ns3:TrackPointExtension>
        </extensions>
      </trkpt>
      <trkpt lat="44.41119317896664142608642578125" lon="-80.46642660163342952728271484375">
        <ele>462.20001220703125</ele>
        <time>2024-10-22T17:36:17.000Z</time>
        <extensions>
          <ns3:TrackPointExtension>
            <ns3:hr>101</ns3:hr>
          </ns3:TrackPointExtension>
        </extensions>
      </trkpt>
      <trkpt lat="44.41116769798099994659423828125" lon="-80.4664204828441143035888671875">
        <ele>462.399993896484375</ele>
        <time>2024-10-22T17:36:19.000Z</time>
        <extensions>
          <ns3:TrackPointExtension>
            <ns3:hr>98</ns3:hr>
          </ns3:TrackPointExtension>
        </extensions>
      </trkpt>
      <trkpt lat="44.411128051578998565673828125" lon="-80.4664248414337635040283203125">
        <ele>462.79998779296875</ele>
        <time>2024-10-22T17:36:23.000Z</time>
        <extensions>
          <ns3:TrackPointExtension>
            <ns3:hr>101</ns3:hr>
          </ns3:TrackPointExtension>
        </extensions>
      </trkpt>
      <trkpt lat="44.41112168133258819580078125" lon="-80.4664278589189052581787109375">
        <ele>462.79998779296875</ele>
        <time>2024-10-22T17:36:24.000Z</time>
        <extensions>
          <ns3:TrackPointExtension>
            <ns3:hr>100</ns3:hr>
          </ns3:TrackPointExtension>
        </extensions>
      </trkpt>
      <trkpt lat="44.4110990501940250396728515625" lon="-80.466432385146617889404296875">
        <ele>463</ele>
        <time>2024-10-22T17:36:27.000Z</time>
        <extensions>
          <ns3:TrackPointExtension>
            <ns3:hr>103</ns3:hr>
          </ns3:TrackPointExtension>
        </extensions>
      </trkpt>
      <trkpt lat="44.41107801161706447601318359375" lon="-80.46643330715596675872802734375">
        <ele>463</ele>
        <time>2024-10-22T17:36:29.000Z</time>
        <extensions>
          <ns3:TrackPointExtension>
            <ns3:hr>100</ns3:hr>
          </ns3:TrackPointExtension>
        </extensions>
      </trkpt>
      <trkpt lat="44.4110410474240779876708984375" lon="-80.466442108154296875">
        <ele>463.20001220703125</ele>
        <time>2024-10-22T17:36:34.000Z</time>
        <extensions>
          <ns3:TrackPointExtension>
            <ns3:hr>101</ns3:hr>
          </ns3:TrackPointExtension>
        </extensions>
      </trkpt>
      <trkpt lat="44.410995282232761383056640625" lon="-80.4664479754865169525146484375">
        <ele>463.399993896484375</ele>
        <time>2024-10-22T17:36:39.000Z</time>
        <extensions>
          <ns3:TrackPointExtension>
            <ns3:hr>101</ns3:hr>
          </ns3:TrackPointExtension>
        </extensions>
      </trkpt>
      <trkpt lat="44.41094842739403247833251953125" lon="-80.46645761467516422271728515625">
        <ele>464</ele>
        <time>2024-10-22T17:36:46.000Z</time>
        <extensions>
          <ns3:TrackPointExtension>
            <ns3:hr>104</ns3:hr>
          </ns3:TrackPointExtension>
        </extensions>
      </trkpt>
      <trkpt lat="44.41094063222408294677734375" lon="-80.46645761467516422271728515625">
        <ele>464.20001220703125</ele>
        <time>2024-10-22T17:36:48.000Z</time>
        <extensions>
          <ns3:TrackPointExtension>
            <ns3:hr>102</ns3:hr>
          </ns3:TrackPointExtension>
        </extensions>
      </trkpt>
      <trkpt lat="44.41090651787817478179931640625" lon="-80.46645241789519786834716796875">
        <ele>465</ele>
        <time>2024-10-22T17:36:53.000Z</time>
        <extensions>
          <ns3:TrackPointExtension>
            <ns3:hr>103</ns3:hr>
          </ns3:TrackPointExtension>
        </extensions>
      </trkpt>
      <trkpt lat="44.41088807769119739532470703125" lon="-80.46644336543977260589599609375">
        <ele>465</ele>
        <time>2024-10-22T17:36:57.000Z</time>
        <extensions>
          <ns3:TrackPointExtension>
            <ns3:hr>106</ns3:hr>
          </ns3:TrackPointExtension>
        </extensions>
      </trkpt>
      <trkpt lat="44.4108824618160724639892578125" lon="-80.46644068323075771331787109375">
        <ele>465.20001220703125</ele>
        <time>2024-10-22T17:36:58.000Z</time>
        <extensions>
          <ns3:TrackPointExtension>
            <ns3:hr>102</ns3:hr>
          </ns3:TrackPointExtension>
        </extensions>
      </trkpt>
      <trkpt lat="44.41081347875297069549560546875" lon="-80.46641050837934017181396484375">
        <ele>465.20001220703125</ele>
        <time>2024-10-22T17:37:06.000Z</time>
        <extensions>
          <ns3:TrackPointExtension>
            <ns3:hr>101</ns3:hr>
          </ns3:TrackPointExtension>
        </extensions>
      </trkpt>
      <trkpt lat="44.4106739200651645660400390625" lon="-80.4664064012467861175537109375">
        <ele>465</ele>
        <time>2024-10-22T17:37:21.000Z</time>
        <extensions>
          <ns3:TrackPointExtension>
            <ns3:hr>101</ns3:hr>
          </ns3:TrackPointExtension>
        </extensions>
      </trkpt>
      <trkpt lat="44.41057006828486919403076171875" lon="-80.46643699519336223602294921875">
        <ele>464</ele>
        <time>2024-10-22T17:37:35.000Z</time>
        <extensions>
          <ns3:TrackPointExtension>
            <ns3:hr>103</ns3:hr>
          </ns3:TrackPointExtension>
        </extensions>
      </trkpt>
      <trkpt lat="44.4105357863008975982666015625" lon="-80.46644437126815319061279296875">
        <ele>463.20001220703125</ele>
        <time>2024-10-22T17:37:40.000Z</time>
        <extensions>
          <ns3:TrackPointExtension>
            <ns3:hr>107</ns3:hr>
          </ns3:TrackPointExtension>
        </extensions>
      </trkpt>
      <trkpt lat="44.410529248416423797607421875" lon="-80.466451160609722137451171875">
        <ele>463.20001220703125</ele>
        <time>2024-10-22T17:37:41.000Z</time>
        <extensions>
          <ns3:TrackPointExtension>
            <ns3:hr>113</ns3:hr>
          </ns3:TrackPointExtension>
        </extensions>
      </trkpt>
      <trkpt lat="44.410520531237125396728515625" lon="-80.4664620570838451385498046875">
        <ele>463.20001220703125</ele>
        <time>2024-10-22T17:37:42.000Z</time>
        <extensions>
          <ns3:TrackPointExtension>
            <ns3:hr>116</ns3:hr>
          </ns3:TrackPointExtension>
        </extensions>
      </trkpt>
      <trkpt lat="44.4105082936584949493408203125" lon="-80.46647454611957073211669921875">
        <ele>463.20001220703125</ele>
        <time>2024-10-22T17:37:44.000Z</time>
        <extensions>
          <ns3:TrackPointExtension>
            <ns3:hr>119</ns3:hr>
          </ns3:TrackPointExtension>
        </extensions>
      </trkpt>
      <trkpt lat="44.41048356704413890838623046875" lon="-80.4664841853082180023193359375">
        <ele>463.20001220703125</ele>
        <time>2024-10-22T17:37:49.000Z</time>
        <extensions>
          <ns3:TrackPointExtension>
            <ns3:hr>114</ns3:hr>
          </ns3:TrackPointExtension>
        </extensions>
      </trkpt>
      <trkpt lat="44.410469569265842437744140625" lon="-80.4664831794798374176025390625">
        <ele>463</ele>
        <time>2024-10-22T17:37:51.000Z</time>
        <extensions>
          <ns3:TrackPointExtension>
            <ns3:hr>111</ns3:hr>
          </ns3:TrackPointExtension>
        </extensions>
      </trkpt>
      <trkpt lat="44.4104397296905517578125" lon="-80.46649642288684844970703125">
        <ele>463</ele>
        <time>2024-10-22T17:37:54.000Z</time>
        <extensions>
          <ns3:TrackPointExtension>
            <ns3:hr>107</ns3:hr>
          </ns3:TrackPointExtension>
        </extensions>
      </trkpt>
      <trkpt lat="44.41040930338203907012939453125" lon="-80.46652332879602909088134765625">
        <ele>463</ele>
        <time>2024-10-22T17:37:58.000Z</time>
        <extensions>
          <ns3:TrackPointExtension>
            <ns3:hr>110</ns3:hr>
          </ns3:TrackPointExtension>
        </extensions>
      </trkpt>
      <trkpt lat="44.41037711687386035919189453125" lon="-80.46655165962874889373779296875">
        <ele>462.79998779296875</ele>
        <time>2024-10-22T17:38:03.000Z</time>
        <extensions>
          <ns3:TrackPointExtension>
            <ns3:hr>111</ns3:hr>
          </ns3:TrackPointExtension>
        </extensions>
      </trkpt>
      <trkpt lat="44.4103604368865489959716796875" lon="-80.46657764352858066558837890625">
        <ele>462.600006103515625</ele>
        <time>2024-10-22T17:38:05.000Z</time>
        <extensions>
          <ns3:TrackPointExtension>
            <ns3:hr>108</ns3:hr>
          </ns3:TrackPointExtension>
        </extensions>
      </trkpt>
      <trkpt lat="44.41028206609189510345458984375" lon="-80.466647632420063018798828125">
        <ele>462.600006103515625</ele>
        <time>2024-10-22T17:38:15.000Z</time>
        <extensions>
          <ns3:TrackPointExtension>
            <ns3:hr>108</ns3:hr>
          </ns3:TrackPointExtension>
        </extensions>
      </trkpt>
      <trkpt lat="44.410267062485218048095703125" lon="-80.4666612111032009124755859375">
        <ele>462.600006103515625</ele>
        <time>2024-10-22T17:38:18.000Z</time>
        <extensions>
          <ns3:TrackPointExtension>
            <ns3:hr>105</ns3:hr>
          </ns3:TrackPointExtension>
        </extensions>
      </trkpt>
      <trkpt lat="44.41025356762111186981201171875" lon="-80.466674454510211944580078125">
        <ele>462.600006103515625</ele>
        <time>2024-10-22T17:38:21.000Z</time>
        <extensions>
          <ns3:TrackPointExtension>
            <ns3:hr>102</ns3:hr>
          </ns3:TrackPointExtension>
        </extensions>
      </trkpt>
      <trkpt lat="44.4102048687636852264404296875" lon="-80.46670337207615375518798828125">
        <ele>462.20001220703125</ele>
        <time>2024-10-22T17:38:28.000Z</time>
        <extensions>
          <ns3:TrackPointExtension>
            <ns3:hr>100</ns3:hr>
          </ns3:TrackPointExtension>
        </extensions>
      </trkpt>
      <trkpt lat="44.41019992344081401824951171875" lon="-80.46670706011354923248291015625">
        <ele>462</ele>
        <time>2024-10-22T17:38:29.000Z</time>
        <extensions>
          <ns3:TrackPointExtension>
            <ns3:hr>100</ns3:hr>
          </ns3:TrackPointExtension>
        </extensions>
      </trkpt>
      <trkpt lat="44.4101626239717006683349609375" lon="-80.4667420126497745513916015625">
        <ele>461.79998779296875</ele>
        <time>2024-10-22T17:38:35.000Z</time>
        <extensions>
          <ns3:TrackPointExtension>
            <ns3:hr>103</ns3:hr>
          </ns3:TrackPointExtension>
        </extensions>
      </trkpt>
      <trkpt lat="44.4101515598595142364501953125" lon="-80.46677193604409694671630859375">
        <ele>461.600006103515625</ele>
        <time>2024-10-22T17:38:37.000Z</time>
        <extensions>
          <ns3:TrackPointExtension>
            <ns3:hr>99</ns3:hr>
          </ns3:TrackPointExtension>
        </extensions>
      </trkpt>
      <trkpt lat="44.41011208109557628631591796875" lon="-80.46682608313858509063720703125">
        <ele>461.600006103515625</ele>
        <time>2024-10-22T17:38:44.000Z</time>
        <extensions>
          <ns3:TrackPointExtension>
            <ns3:hr>98</ns3:hr>
          </ns3:TrackPointExtension>
        </extensions>
      </trkpt>
      <trkpt lat="44.41000596620142459869384765625" lon="-80.46688877977430820465087890625">
        <ele>461.399993896484375</ele>
        <time>2024-10-22T17:38:56.000Z</time>
        <extensions>
          <ns3:TrackPointExtension>
            <ns3:hr>98</ns3:hr>
          </ns3:TrackPointExtension>
        </extensions>
      </trkpt>
      <trkpt lat="44.40996120683848857879638671875" lon="-80.466882325708866119384765625">
        <ele>461.399993896484375</ele>
        <time>2024-10-22T17:39:01.000Z</time>
        <extensions>
          <ns3:TrackPointExtension>
            <ns3:hr>95</ns3:hr>
          </ns3:TrackPointExtension>
        </extensions>
      </trkpt>
      <trkpt lat="44.40994125790894031524658203125" lon="-80.4668905399739742279052734375">
        <ele>461.20001220703125</ele>
        <time>2024-10-22T17:39:04.000Z</time>
        <extensions>
          <ns3:TrackPointExtension>
            <ns3:hr>96</ns3:hr>
          </ns3:TrackPointExtension>
        </extensions>
      </trkpt>
      <trkpt lat="44.40990605391561985015869140625" lon="-80.46690353192389011383056640625">
        <ele>460.79998779296875</ele>
        <time>2024-10-22T17:39:09.000Z</time>
        <extensions>
          <ns3:TrackPointExtension>
            <ns3:hr>95</ns3:hr>
          </ns3:TrackPointExtension>
        </extensions>
      </trkpt>
      <trkpt lat="44.4098243303596973419189453125" lon="-80.46695373952388763427734375">
        <ele>460.399993896484375</ele>
        <time>2024-10-22T17:39:23.000Z</time>
        <extensions>
          <ns3:TrackPointExtension>
            <ns3:hr>94</ns3:hr>
          </ns3:TrackPointExtension>
        </extensions>
      </trkpt>
      <trkpt lat="44.4098161160945892333984375" lon="-80.46696438454091548919677734375">
        <ele>460.399993896484375</ele>
        <time>2024-10-22T17:39:25.000Z</time>
        <extensions>
          <ns3:TrackPointExtension>
            <ns3:hr>98</ns3:hr>
          </ns3:TrackPointExtension>
        </extensions>
      </trkpt>
      <trkpt lat="44.40980144776403903961181640625" lon="-80.46697578392922878265380859375">
        <ele>460.20001220703125</ele>
        <time>2024-10-22T17:39:28.000Z</time>
        <extensions>
          <ns3:TrackPointExtension>
            <ns3:hr>92</ns3:hr>
          </ns3:TrackPointExtension>
        </extensions>
      </trkpt>
      <trkpt lat="44.4097995199263095855712890625" lon="-80.4669783823192119598388671875">
        <ele>460.20001220703125</ele>
        <time>2024-10-22T17:39:29.000Z</time>
        <extensions>
          <ns3:TrackPointExtension>
            <ns3:hr>94</ns3:hr>
          </ns3:TrackPointExtension>
        </extensions>
      </trkpt>
      <trkpt lat="44.4097844325006008148193359375" lon="-80.46700160019099712371826171875">
        <ele>459.600006103515625</ele>
        <time>2024-10-22T17:39:33.000Z</time>
        <extensions>
          <ns3:TrackPointExtension>
            <ns3:hr>98</ns3:hr>
          </ns3:TrackPointExtension>
        </extensions>
      </trkpt>
      <trkpt lat="44.40978049300611019134521484375" lon="-80.46700830571353435516357421875">
        <ele>459.399993896484375</ele>
        <time>2024-10-22T17:39:34.000Z</time>
        <extensions>
          <ns3:TrackPointExtension>
            <ns3:hr>94</ns3:hr>
          </ns3:TrackPointExtension>
        </extensions>
      </trkpt>
      <trkpt lat="44.40975819714367389678955078125" lon="-80.46701936982572078704833984375">
        <ele>459.20001220703125</ele>
        <time>2024-10-22T17:39:38.000Z</time>
        <extensions>
          <ns3:TrackPointExtension>
            <ns3:hr>94</ns3:hr>
          </ns3:TrackPointExtension>
        </extensions>
      </trkpt>
      <trkpt lat="44.409707486629486083984375" lon="-80.46701367013156414031982421875">
        <ele>458.600006103515625</ele>
        <time>2024-10-22T17:39:47.000Z</time>
        <extensions>
          <ns3:TrackPointExtension>
            <ns3:hr>97</ns3:hr>
          </ns3:TrackPointExtension>
        </extensions>
      </trkpt>
      <trkpt lat="44.40967865288257598876953125" lon="-80.4670306853950023651123046875">
        <ele>458.399993896484375</ele>
        <time>2024-10-22T17:39:50.000Z</time>
        <extensions>
          <ns3:TrackPointExtension>
            <ns3:hr>96</ns3:hr>
          </ns3:TrackPointExtension>
        </extensions>
      </trkpt>
      <trkpt lat="44.4096318818628787994384765625" lon="-80.46703395433723926544189453125">
        <ele>458</ele>
        <time>2024-10-22T17:39:55.000Z</time>
        <extensions>
          <ns3:TrackPointExtension>
            <ns3:hr>95</ns3:hr>
          </ns3:TrackPointExtension>
        </extensions>
      </trkpt>
      <trkpt lat="44.409591145813465118408203125" lon="-80.4670521430671215057373046875">
        <ele>457.600006103515625</ele>
        <time>2024-10-22T17:40:03.000Z</time>
        <extensions>
          <ns3:TrackPointExtension>
            <ns3:hr>92</ns3:hr>
          </ns3:TrackPointExtension>
        </extensions>
      </trkpt>
      <trkpt lat="44.409581087529659271240234375" lon="-80.46705842949450016021728515625">
        <ele>457.600006103515625</ele>
        <time>2024-10-22T17:40:05.000Z</time>
        <extensions>
          <ns3:TrackPointExtension>
            <ns3:hr>92</ns3:hr>
          </ns3:TrackPointExtension>
        </extensions>
      </trkpt>
      <trkpt lat="44.40956910140812397003173828125" lon="-80.46706127934157848358154296875">
        <ele>457.399993896484375</ele>
        <time>2024-10-22T17:40:08.000Z</time>
        <extensions>
          <ns3:TrackPointExtension>
            <ns3:hr>95</ns3:hr>
          </ns3:TrackPointExtension>
        </extensions>
      </trkpt>
      <trkpt lat="44.40954160876572132110595703125" lon="-80.46705977059900760650634765625">
        <ele>457</ele>
        <time>2024-10-22T17:40:14.000Z</time>
        <extensions>
          <ns3:TrackPointExtension>
            <ns3:hr>97</ns3:hr>
          </ns3:TrackPointExtension>
        </extensions>
      </trkpt>
      <trkpt lat="44.40951964817941188812255859375" lon="-80.46704904176294803619384765625">
        <ele>456.399993896484375</ele>
        <time>2024-10-22T17:40:19.000Z</time>
        <extensions>
          <ns3:TrackPointExtension>
            <ns3:hr>100</ns3:hr>
          </ns3:TrackPointExtension>
        </extensions>
      </trkpt>
      <trkpt lat="44.40951629541814327239990234375" lon="-80.46704820357263088226318359375">
        <ele>456</ele>
        <time>2024-10-22T17:40:21.000Z</time>
        <extensions>
          <ns3:TrackPointExtension>
            <ns3:hr>99</ns3:hr>
          </ns3:TrackPointExtension>
        </extensions>
      </trkpt>
      <trkpt lat="44.40951730124652385711669921875" lon="-80.4670501314103603363037109375">
        <ele>456</ele>
        <time>2024-10-22T17:40:22.000Z</time>
        <extensions>
          <ns3:TrackPointExtension>
            <ns3:hr>99</ns3:hr>
          </ns3:TrackPointExtension>
        </extensions>
      </trkpt>
      <trkpt lat="44.40950858406722545623779296875" lon="-80.4670353792607784271240234375">
        <ele>455.399993896484375</ele>
        <time>2024-10-22T17:40:34.000Z</time>
        <extensions>
          <ns3:TrackPointExtension>
            <ns3:hr>99</ns3:hr>
          </ns3:TrackPointExtension>
        </extensions>
      </trkpt>
      <trkpt lat="44.40950858406722545623779296875" lon="-80.4670357145369052886962890625">
        <ele>455.399993896484375</ele>
        <time>2024-10-22T17:40:36.000Z</time>
        <extensions>
          <ns3:TrackPointExtension>
            <ns3:hr>93</ns3:hr>
          </ns3:TrackPointExtension>
        </extensions>
      </trkpt>
      <trkpt lat="44.4095049798488616943359375" lon="-80.46703512780368328094482421875">
        <ele>455.600006103515625</ele>
        <time>2024-10-22T17:40:40.000Z</time>
        <extensions>
          <ns3:TrackPointExtension>
            <ns3:hr>89</ns3:hr>
          </ns3:TrackPointExtension>
        </extensions>
      </trkpt>
      <trkpt lat="44.40950372256338596343994140625" lon="-80.46703420579433441162109375">
        <ele>455.600006103515625</ele>
        <time>2024-10-22T17:40:41.000Z</time>
        <extensions>
          <ns3:TrackPointExtension>
            <ns3:hr>93</ns3:hr>
          </ns3:TrackPointExtension>
        </extensions>
      </trkpt>
      <trkpt lat="44.40950472839176654815673828125" lon="-80.4670388996601104736328125">
        <ele>455.79998779296875</ele>
        <time>2024-10-22T17:40:44.000Z</time>
        <extensions>
          <ns3:TrackPointExtension>
            <ns3:hr>94</ns3:hr>
          </ns3:TrackPointExtension>
        </extensions>
      </trkpt>
      <trkpt lat="44.40948913805186748504638671875" lon="-80.46703496016561985015869140625">
        <ele>456</ele>
        <time>2024-10-22T17:40:56.000Z</time>
        <extensions>
          <ns3:TrackPointExtension>
            <ns3:hr>90</ns3:hr>
          </ns3:TrackPointExtension>
        </extensions>
      </trkpt>
      <trkpt lat="44.40948486328125" lon="-80.46703328378498554229736328125">
        <ele>456</ele>
        <time>2024-10-22T17:40:58.000Z</time>
        <extensions>
          <ns3:TrackPointExtension>
            <ns3:hr>87</ns3:hr>
          </ns3:TrackPointExtension>
        </extensions>
      </trkpt>
      <trkpt lat="44.40948226489126682281494140625" lon="-80.46702657826244831085205078125">
        <ele>455.79998779296875</ele>
        <time>2024-10-22T17:41:01.000Z</time>
        <extensions>
          <ns3:TrackPointExtension>
            <ns3:hr>86</ns3:hr>
          </ns3:TrackPointExtension>
        </extensions>
      </trkpt>
      <trkpt lat="44.40946751274168491363525390625" lon="-80.46702641062438488006591796875">
        <ele>455.600006103515625</ele>
        <time>2024-10-22T17:41:15.000Z</time>
        <extensions>
          <ns3:TrackPointExtension>
            <ns3:hr>88</ns3:hr>
          </ns3:TrackPointExtension>
        </extensions>
      </trkpt>
      <trkpt lat="44.4094669260084629058837890625" lon="-80.46702439896762371063232421875">
        <ele>455.600006103515625</ele>
        <time>2024-10-22T17:41:16.000Z</time>
        <extensions>
          <ns3:TrackPointExtension>
            <ns3:hr>85</ns3:hr>
          </ns3:TrackPointExtension>
        </extensions>
      </trkpt>
      <trkpt lat="44.40946399234235286712646484375" lon="-80.467033870518207550048828125">
        <ele>455.79998779296875</ele>
        <time>2024-10-22T17:41:18.000Z</time>
        <extensions>
          <ns3:TrackPointExtension>
            <ns3:hr>81</ns3:hr>
          </ns3:TrackPointExtension>
        </extensions>
      </trkpt>
      <trkpt lat="44.4094588793814182281494140625" lon="-80.4670373909175395965576171875">
        <ele>455.79998779296875</ele>
        <time>2024-10-22T17:41:19.000Z</time>
        <extensions>
          <ns3:TrackPointExtension>
            <ns3:hr>84</ns3:hr>
          </ns3:TrackPointExtension>
        </extensions>
      </trkpt>
      <trkpt lat="44.40945443697273731231689453125" lon="-80.46704552136361598968505859375">
        <ele>455.79998779296875</ele>
        <time>2024-10-22T17:41:22.000Z</time>
        <extensions>
          <ns3:TrackPointExtension>
            <ns3:hr>88</ns3:hr>
          </ns3:TrackPointExtension>
        </extensions>
      </trkpt>
      <trkpt lat="44.40944773145020008087158203125" lon="-80.467039905488491058349609375">
        <ele>455.79998779296875</ele>
        <time>2024-10-22T17:41:25.000Z</time>
        <extensions>
          <ns3:TrackPointExtension>
            <ns3:hr>91</ns3:hr>
          </ns3:TrackPointExtension>
        </extensions>
      </trkpt>
      <trkpt lat="44.40943817608058452606201171875" lon="-80.4670337028801441192626953125">
        <ele>456</ele>
        <time>2024-10-22T17:41:27.000Z</time>
        <extensions>
          <ns3:TrackPointExtension>
            <ns3:hr>93</ns3:hr>
          </ns3:TrackPointExtension>
        </extensions>
      </trkpt>
      <trkpt lat="44.40942342393100261688232421875" lon="-80.46701853163540363311767578125">
        <ele>456</ele>
        <time>2024-10-22T17:41:39.000Z</time>
        <extensions>
          <ns3:TrackPointExtension>
            <ns3:hr>93</ns3:hr>
          </ns3:TrackPointExtension>
        </extensions>
      </trkpt>
      <trkpt lat="44.40941353328526020050048828125" lon="-80.46702858991920948028564453125">
        <ele>455.79998779296875</ele>
        <time>2024-10-22T17:41:44.000Z</time>
        <extensions>
          <ns3:TrackPointExtension>
            <ns3:hr>96</ns3:hr>
          </ns3:TrackPointExtension>
        </extensions>
      </trkpt>
      <trkpt lat="44.40941353328526020050048828125" lon="-80.467069409787654876708984375">
        <ele>455.79998779296875</ele>
        <time>2024-10-22T17:41:52.000Z</time>
        <extensions>
          <ns3:TrackPointExtension>
            <ns3:hr>93</ns3:hr>
          </ns3:TrackPointExtension>
        </extensions>
      </trkpt>
      <trkpt lat="44.4094092585146427154541015625" lon="-80.46708391048014163970947265625">
        <ele>455.79998779296875</ele>
        <time>2024-10-22T17:41:54.000Z</time>
        <extensions>
          <ns3:TrackPointExtension>
            <ns3:hr>96</ns3:hr>
          </ns3:TrackPointExtension>
        </extensions>
      </trkpt>
      <trkpt lat="44.40939844585955142974853515625" lon="-80.4671084694564342498779296875">
        <ele>455.600006103515625</ele>
        <time>2024-10-22T17:41:57.000Z</time>
        <extensions>
          <ns3:TrackPointExtension>
            <ns3:hr>93</ns3:hr>
          </ns3:TrackPointExtension>
        </extensions>
      </trkpt>
      <trkpt lat="44.40935871563851833343505859375" lon="-80.467149876058101654052734375">
        <ele>455.600006103515625</ele>
        <time>2024-10-22T17:42:06.000Z</time>
        <extensions>
          <ns3:TrackPointExtension>
            <ns3:hr>96</ns3:hr>
          </ns3:TrackPointExtension>
        </extensions>
      </trkpt>
      <trkpt lat="44.40933675505220890045166015625" lon="-80.46714325435459613800048828125">
        <ele>455.399993896484375</ele>
        <time>2024-10-22T17:42:10.000Z</time>
        <extensions>
          <ns3:TrackPointExtension>
            <ns3:hr>96</ns3:hr>
          </ns3:TrackPointExtension>
        </extensions>
      </trkpt>
      <trkpt lat="44.40924991853535175323486328125" lon="-80.4671818949282169342041015625">
        <ele>455.20001220703125</ele>
        <time>2024-10-22T17:42:23.000Z</time>
        <extensions>
          <ns3:TrackPointExtension>
            <ns3:hr>97</ns3:hr>
          </ns3:TrackPointExtension>
        </extensions>
      </trkpt>
      <trkpt lat="44.409241788089275360107421875" lon="-80.467193126678466796875">
        <ele>455.20001220703125</ele>
        <time>2024-10-22T17:42:25.000Z</time>
        <extensions>
          <ns3:TrackPointExtension>
            <ns3:hr>101</ns3:hr>
          </ns3:TrackPointExtension>
        </extensions>
      </trkpt>
      <trkpt lat="44.4092305563390254974365234375" lon="-80.4672090522944927215576171875">
        <ele>455.20001220703125</ele>
        <time>2024-10-22T17:42:28.000Z</time>
        <extensions>
          <ns3:TrackPointExtension>
            <ns3:hr>97</ns3:hr>
          </ns3:TrackPointExtension>
        </extensions>
      </trkpt>
      <trkpt lat="44.40922644920647144317626953125" lon="-80.46721584163606166839599609375">
        <ele>455.20001220703125</ele>
        <time>2024-10-22T17:42:29.000Z</time>
        <extensions>
          <ns3:TrackPointExtension>
            <ns3:hr>101</ns3:hr>
          </ns3:TrackPointExtension>
        </extensions>
      </trkpt>
      <trkpt lat="44.40921152941882610321044921875" lon="-80.46725138090550899505615234375">
        <ele>455.20001220703125</ele>
        <time>2024-10-22T17:42:36.000Z</time>
        <extensions>
          <ns3:TrackPointExtension>
            <ns3:hr>102</ns3:hr>
          </ns3:TrackPointExtension>
        </extensions>
      </trkpt>
      <trkpt lat="44.4091859646141529083251953125" lon="-80.467253811657428741455078125">
        <ele>455</ele>
        <time>2024-10-22T17:42:42.000Z</time>
        <extensions>
          <ns3:TrackPointExtension>
            <ns3:hr>99</ns3:hr>
          </ns3:TrackPointExtension>
        </extensions>
      </trkpt>
      <trkpt lat="44.4091759063303470611572265625" lon="-80.4672519676387310028076171875">
        <ele>455</ele>
        <time>2024-10-22T17:42:45.000Z</time>
        <extensions>
          <ns3:TrackPointExtension>
            <ns3:hr>100</ns3:hr>
          </ns3:TrackPointExtension>
        </extensions>
      </trkpt>
      <trkpt lat="44.40915436483919620513916015625" lon="-80.46725205145776271820068359375">
        <ele>454.79998779296875</ele>
        <time>2024-10-22T17:42:49.000Z</time>
        <extensions>
          <ns3:TrackPointExtension>
            <ns3:hr>101</ns3:hr>
          </ns3:TrackPointExtension>
        </extensions>
      </trkpt>
      <trkpt lat="44.40912335179746150970458984375" lon="-80.4672972299158573150634765625">
        <ele>454</ele>
        <time>2024-10-22T17:43:01.000Z</time>
        <extensions>
          <ns3:TrackPointExtension>
            <ns3:hr>99</ns3:hr>
          </ns3:TrackPointExtension>
        </extensions>
      </trkpt>
      <trkpt lat="44.40912435762584209442138671875" lon="-80.4672975651919841766357421875">
        <ele>454</ele>
        <time>2024-10-22T17:43:03.000Z</time>
        <extensions>
          <ns3:TrackPointExtension>
            <ns3:hr>96</ns3:hr>
          </ns3:TrackPointExtension>
        </extensions>
      </trkpt>
      <trkpt lat="44.4091128744184970855712890625" lon="-80.4672747664153575897216796875">
        <ele>454.399993896484375</ele>
        <time>2024-10-22T17:43:16.000Z</time>
        <extensions>
          <ns3:TrackPointExtension>
            <ns3:hr>95</ns3:hr>
          </ns3:TrackPointExtension>
        </extensions>
      </trkpt>
      <trkpt lat="44.40907540731132030487060546875" lon="-80.4673220403492450714111328125">
        <ele>454.79998779296875</ele>
        <time>2024-10-22T17:43:27.000Z</time>
        <extensions>
          <ns3:TrackPointExtension>
            <ns3:hr>95</ns3:hr>
          </ns3:TrackPointExtension>
        </extensions>
      </trkpt>
      <trkpt lat="44.40903802402317523956298828125" lon="-80.4674497805535793304443359375">
        <ele>456</ele>
        <time>2024-10-22T17:43:39.000Z</time>
        <extensions>
          <ns3:TrackPointExtension>
            <ns3:hr>95</ns3:hr>
          </ns3:TrackPointExtension>
        </extensions>
      </trkpt>
      <trkpt lat="44.40903115086257457733154296875" lon="-80.4674578271806240081787109375">
        <ele>456.20001220703125</ele>
        <time>2024-10-22T17:43:40.000Z</time>
        <extensions>
          <ns3:TrackPointExtension>
            <ns3:hr>93</ns3:hr>
          </ns3:TrackPointExtension>
        </extensions>
      </trkpt>
      <trkpt lat="44.40895755775272846221923828125" lon="-80.46755581162869930267333984375">
        <ele>456.600006103515625</ele>
        <time>2024-10-22T17:43:51.000Z</time>
        <extensions>
          <ns3:TrackPointExtension>
            <ns3:hr>96</ns3:hr>
          </ns3:TrackPointExtension>
        </extensions>
      </trkpt>
      <trkpt lat="44.4089395366609096527099609375" lon="-80.46758405864238739013671875">
        <ele>456.600006103515625</ele>
        <time>2024-10-22T17:43:54.000Z</time>
        <extensions>
          <ns3:TrackPointExtension>
            <ns3:hr>96</ns3:hr>
          </ns3:TrackPointExtension>
        </extensions>
      </trkpt>
      <trkpt lat="44.40886485390365123748779296875" lon="-80.46771473251283168792724609375">
        <ele>456</ele>
        <time>2024-10-22T17:44:09.000Z</time>
        <extensions>
          <ns3:TrackPointExtension>
            <ns3:hr>96</ns3:hr>
          </ns3:TrackPointExtension>
        </extensions>
      </trkpt>
      <trkpt lat="44.40878991968929767608642578125" lon="-80.4678167402744293212890625">
        <ele>455.600006103515625</ele>
        <time>2024-10-22T17:44:24.000Z</time>
        <extensions>
          <ns3:TrackPointExtension>
            <ns3:hr>95</ns3:hr>
          </ns3:TrackPointExtension>
        </extensions>
      </trkpt>
      <trkpt lat="44.40871414728462696075439453125" lon="-80.46792872250080108642578125">
        <ele>455.600006103515625</ele>
        <time>2024-10-22T17:44:36.000Z</time>
        <extensions>
          <ns3:TrackPointExtension>
            <ns3:hr>92</ns3:hr>
          </ns3:TrackPointExtension>
        </extensions>
      </trkpt>
      <trkpt lat="44.408695288002490997314453125" lon="-80.467988066375255584716796875">
        <ele>455.79998779296875</ele>
        <time>2024-10-22T17:44:43.000Z</time>
        <extensions>
          <ns3:TrackPointExtension>
            <ns3:hr>97</ns3:hr>
          </ns3:TrackPointExtension>
        </extensions>
      </trkpt>
      <trkpt lat="44.40869637764990329742431640625" lon="-80.4680527746677398681640625">
        <ele>455.79998779296875</ele>
        <time>2024-10-22T17:44:48.000Z</time>
        <extensions>
          <ns3:TrackPointExtension>
            <ns3:hr>97</ns3:hr>
          </ns3:TrackPointExtension>
        </extensions>
      </trkpt>
      <trkpt lat="44.4086869060993194580078125" lon="-80.46810398809611797332763671875">
        <ele>456</ele>
        <time>2024-10-22T17:44:52.000Z</time>
        <extensions>
          <ns3:TrackPointExtension>
            <ns3:hr>94</ns3:hr>
          </ns3:TrackPointExtension>
        </extensions>
      </trkpt>
      <trkpt lat="44.4086843915283679962158203125" lon="-80.46814790926873683929443359375">
        <ele>456</ele>
        <time>2024-10-22T17:44:56.000Z</time>
        <extensions>
          <ns3:TrackPointExtension>
            <ns3:hr>97</ns3:hr>
          </ns3:TrackPointExtension>
        </extensions>
      </trkpt>
      <trkpt lat="44.408667795360088348388671875" lon="-80.46824128367006778717041015625">
        <ele>456.399993896484375</ele>
        <time>2024-10-22T17:45:04.000Z</time>
        <extensions>
          <ns3:TrackPointExtension>
            <ns3:hr>97</ns3:hr>
          </ns3:TrackPointExtension>
        </extensions>
      </trkpt>
      <trkpt lat="44.4086639396846294403076171875" lon="-80.4683858714997768402099609375">
        <ele>456.399993896484375</ele>
        <time>2024-10-22T17:45:14.000Z</time>
        <extensions>
          <ns3:TrackPointExtension>
            <ns3:hr>100</ns3:hr>
          </ns3:TrackPointExtension>
        </extensions>
      </trkpt>
      <trkpt lat="44.40866352058947086334228515625" lon="-80.4684006236493587493896484375">
        <ele>456.600006103515625</ele>
        <time>2024-10-22T17:45:15.000Z</time>
        <extensions>
          <ns3:TrackPointExtension>
            <ns3:hr>97</ns3:hr>
          </ns3:TrackPointExtension>
        </extensions>
      </trkpt>
      <trkpt lat="44.4086654484272003173828125" lon="-80.468413196504116058349609375">
        <ele>456.399993896484375</ele>
        <time>2024-10-22T17:45:16.000Z</time>
        <extensions>
          <ns3:TrackPointExtension>
            <ns3:hr>100</ns3:hr>
          </ns3:TrackPointExtension>
        </extensions>
      </trkpt>
      <trkpt lat="44.40867005847394466400146484375" lon="-80.46842602081596851348876953125">
        <ele>456.600006103515625</ele>
        <time>2024-10-22T17:45:17.000Z</time>
        <extensions>
          <ns3:TrackPointExtension>
            <ns3:hr>97</ns3:hr>
          </ns3:TrackPointExtension>
        </extensions>
      </trkpt>
      <trkpt lat="44.408716745674610137939453125" lon="-80.468518473207950592041015625">
        <ele>456.600006103515625</ele>
        <time>2024-10-22T17:45:24.000Z</time>
        <extensions>
          <ns3:TrackPointExtension>
            <ns3:hr>98</ns3:hr>
          </ns3:TrackPointExtension>
        </extensions>
      </trkpt>
      <trkpt lat="44.40874516032636165618896484375" lon="-80.4685659147799015045166015625">
        <ele>457</ele>
        <time>2024-10-22T17:45:28.000Z</time>
        <extensions>
          <ns3:TrackPointExtension>
            <ns3:hr>97</ns3:hr>
          </ns3:TrackPointExtension>
        </extensions>
      </trkpt>
      <trkpt lat="44.40876846201717853546142578125" lon="-80.4685957543551921844482421875">
        <ele>457</ele>
        <time>2024-10-22T17:45:31.000Z</time>
        <extensions>
          <ns3:TrackPointExtension>
            <ns3:hr>100</ns3:hr>
          </ns3:TrackPointExtension>
        </extensions>
      </trkpt>
      <trkpt lat="44.40877784974873065948486328125" lon="-80.46860572881996631622314453125">
        <ele>457.20001220703125</ele>
        <time>2024-10-22T17:45:32.000Z</time>
        <extensions>
          <ns3:TrackPointExtension>
            <ns3:hr>100</ns3:hr>
          </ns3:TrackPointExtension>
        </extensions>
      </trkpt>
      <trkpt lat="44.40884473733603954315185546875" lon="-80.46868921257555484771728515625">
        <ele>458.20001220703125</ele>
        <time>2024-10-22T17:45:43.000Z</time>
        <extensions>
          <ns3:TrackPointExtension>
            <ns3:hr>102</ns3:hr>
          </ns3:TrackPointExtension>
        </extensions>
      </trkpt>
      <trkpt lat="44.4088773429393768310546875" lon="-80.4687194712460041046142578125">
        <ele>458.79998779296875</ele>
        <time>2024-10-22T17:45:51.000Z</time>
        <extensions>
          <ns3:TrackPointExtension>
            <ns3:hr>99</ns3:hr>
          </ns3:TrackPointExtension>
        </extensions>
      </trkpt>
      <trkpt lat="44.40888245590031147003173828125" lon="-80.4687369056046009063720703125">
        <ele>459</ele>
        <time>2024-10-22T17:45:54.000Z</time>
        <extensions>
          <ns3:TrackPointExtension>
            <ns3:hr>101</ns3:hr>
          </ns3:TrackPointExtension>
        </extensions>
      </trkpt>
      <trkpt lat="44.40888480283319950103759765625" lon="-80.468740426003932952880859375">
        <ele>459.20001220703125</ele>
        <time>2024-10-22T17:45:55.000Z</time>
        <extensions>
          <ns3:TrackPointExtension>
            <ns3:hr>102</ns3:hr>
          </ns3:TrackPointExtension>
        </extensions>
      </trkpt>
      <trkpt lat="44.4089311547577381134033203125" lon="-80.4688130132853984832763671875">
        <ele>460.399993896484375</ele>
        <time>2024-10-22T17:46:05.000Z</time>
        <extensions>
          <ns3:TrackPointExtension>
            <ns3:hr>102</ns3:hr>
          </ns3:TrackPointExtension>
        </extensions>
      </trkpt>
      <trkpt lat="44.40894733183085918426513671875" lon="-80.46884528361260890960693359375">
        <ele>460.79998779296875</ele>
        <time>2024-10-22T17:46:09.000Z</time>
        <extensions>
          <ns3:TrackPointExtension>
            <ns3:hr>104</ns3:hr>
          </ns3:TrackPointExtension>
        </extensions>
      </trkpt>
      <trkpt lat="44.40897054970264434814453125" lon="-80.46887126751244068145751953125">
        <ele>461</ele>
        <time>2024-10-22T17:46:13.000Z</time>
        <extensions>
          <ns3:TrackPointExtension>
            <ns3:hr>101</ns3:hr>
          </ns3:TrackPointExtension>
        </extensions>
      </trkpt>
      <trkpt lat="44.40898932516574859619140625" lon="-80.4689122550189495086669921875">
        <ele>461.20001220703125</ele>
        <time>2024-10-22T17:46:20.000Z</time>
        <extensions>
          <ns3:TrackPointExtension>
            <ns3:hr>106</ns3:hr>
          </ns3:TrackPointExtension>
        </extensions>
      </trkpt>
      <trkpt lat="44.40899209119379520416259765625" lon="-80.4689152725040912628173828125">
        <ele>461.20001220703125</ele>
        <time>2024-10-22T17:46:21.000Z</time>
        <extensions>
          <ns3:TrackPointExtension>
            <ns3:hr>106</ns3:hr>
          </ns3:TrackPointExtension>
        </extensions>
      </trkpt>
      <trkpt lat="44.409001730382442474365234375" lon="-80.46892692334949970245361328125">
        <ele>461.20001220703125</ele>
        <time>2024-10-22T17:46:23.000Z</time>
        <extensions>
          <ns3:TrackPointExtension>
            <ns3:hr>109</ns3:hr>
          </ns3:TrackPointExtension>
        </extensions>
      </trkpt>
      <trkpt lat="44.409004412591457366943359375" lon="-80.46893614344298839569091796875">
        <ele>461.20001220703125</ele>
        <time>2024-10-22T17:46:24.000Z</time>
        <extensions>
          <ns3:TrackPointExtension>
            <ns3:hr>109</ns3:hr>
          </ns3:TrackPointExtension>
        </extensions>
      </trkpt>
      <trkpt lat="44.40907456912100315093994140625" lon="-80.4690041206777095794677734375">
        <ele>461.399993896484375</ele>
        <time>2024-10-22T17:46:32.000Z</time>
        <extensions>
          <ns3:TrackPointExtension>
            <ns3:hr>108</ns3:hr>
          </ns3:TrackPointExtension>
        </extensions>
      </trkpt>
      <trkpt lat="44.40912988968193531036376953125" lon="-80.46905164606869220733642578125">
        <ele>461.399993896484375</ele>
        <time>2024-10-22T17:46:38.000Z</time>
        <extensions>
          <ns3:TrackPointExtension>
            <ns3:hr>105</ns3:hr>
          </ns3:TrackPointExtension>
        </extensions>
      </trkpt>
      <trkpt lat="44.4091500900685787200927734375" lon="-80.46906606294214725494384765625">
        <ele>461.600006103515625</ele>
        <time>2024-10-22T17:46:41.000Z</time>
        <extensions>
          <ns3:TrackPointExtension>
            <ns3:hr>108</ns3:hr>
          </ns3:TrackPointExtension>
        </extensions>
      </trkpt>
      <trkpt lat="44.40919543616473674774169921875" lon="-80.46906941570341587066650390625">
        <ele>461.79998779296875</ele>
        <time>2024-10-22T17:46:46.000Z</time>
        <extensions>
          <ns3:TrackPointExtension>
            <ns3:hr>105</ns3:hr>
          </ns3:TrackPointExtension>
        </extensions>
      </trkpt>
      <trkpt lat="44.40926156938076019287109375" lon="-80.46904326416552066802978515625">
        <ele>462.20001220703125</ele>
        <time>2024-10-22T17:46:54.000Z</time>
        <extensions>
          <ns3:TrackPointExtension>
            <ns3:hr>105</ns3:hr>
          </ns3:TrackPointExtension>
        </extensions>
      </trkpt>
      <trkpt lat="44.4092738069593906402587890625" lon="-80.469030104577541351318359375">
        <ele>462.399993896484375</ele>
        <time>2024-10-22T17:46:56.000Z</time>
        <extensions>
          <ns3:TrackPointExtension>
            <ns3:hr>105</ns3:hr>
          </ns3:TrackPointExtension>
        </extensions>
      </trkpt>
      <trkpt lat="44.4093566201627254486083984375" lon="-80.468991212546825408935546875">
        <ele>463</ele>
        <time>2024-10-22T17:47:06.000Z</time>
        <extensions>
          <ns3:TrackPointExtension>
            <ns3:hr>108</ns3:hr>
          </ns3:TrackPointExtension>
        </extensions>
      </trkpt>
      <trkpt lat="44.4093760661780834197998046875" lon="-80.46899045817553997039794921875">
        <ele>463.20001220703125</ele>
        <time>2024-10-22T17:47:09.000Z</time>
        <extensions>
          <ns3:TrackPointExtension>
            <ns3:hr>105</ns3:hr>
          </ns3:TrackPointExtension>
        </extensions>
      </trkpt>
      <trkpt lat="44.40938067622482776641845703125" lon="-80.46899179928004741668701171875">
        <ele>463.20001220703125</ele>
        <time>2024-10-22T17:47:10.000Z</time>
        <extensions>
          <ns3:TrackPointExtension>
            <ns3:hr>106</ns3:hr>
          </ns3:TrackPointExtension>
        </extensions>
      </trkpt>
      <trkpt lat="44.40940666012465953826904296875" lon="-80.46900521032512187957763671875">
        <ele>463.399993896484375</ele>
        <time>2024-10-22T17:47:13.000Z</time>
        <extensions>
          <ns3:TrackPointExtension>
            <ns3:hr>103</ns3:hr>
          </ns3:TrackPointExtension>
        </extensions>
      </trkpt>
      <trkpt lat="44.4094162993133068084716796875" lon="-80.4690135084092617034912109375">
        <ele>463.399993896484375</ele>
        <time>2024-10-22T17:47:14.000Z</time>
        <extensions>
          <ns3:TrackPointExtension>
            <ns3:hr>107</ns3:hr>
          </ns3:TrackPointExtension>
        </extensions>
      </trkpt>
      <trkpt lat="44.409425519406795501708984375" lon="-80.46902038156986236572265625">
        <ele>463.399993896484375</ele>
        <time>2024-10-22T17:47:15.000Z</time>
        <extensions>
          <ns3:TrackPointExtension>
            <ns3:hr>104</ns3:hr>
          </ns3:TrackPointExtension>
        </extensions>
      </trkpt>
      <trkpt lat="44.40945661626756191253662109375" lon="-80.4690668173134326934814453125">
        <ele>463.79998779296875</ele>
        <time>2024-10-22T17:47:22.000Z</time>
        <extensions>
          <ns3:TrackPointExtension>
            <ns3:hr>105</ns3:hr>
          </ns3:TrackPointExtension>
        </extensions>
      </trkpt>
      <trkpt lat="44.40953917801380157470703125" lon="-80.46910394914448261260986328125">
        <ele>463.600006103515625</ele>
        <time>2024-10-22T17:47:37.000Z</time>
        <extensions>
          <ns3:TrackPointExtension>
            <ns3:hr>102</ns3:hr>
          </ns3:TrackPointExtension>
        </extensions>
      </trkpt>
      <trkpt lat="44.40954722464084625244140625" lon="-80.4691060446202754974365234375">
        <ele>463.600006103515625</ele>
        <time>2024-10-22T17:47:38.000Z</time>
        <extensions>
          <ns3:TrackPointExtension>
            <ns3:hr>102</ns3:hr>
          </ns3:TrackPointExtension>
        </extensions>
      </trkpt>
      <trkpt lat="44.4096758030354976654052734375" lon="-80.46910529024899005889892578125">
        <ele>463.600006103515625</ele>
        <time>2024-10-22T17:47:53.000Z</time>
        <extensions>
          <ns3:TrackPointExtension>
            <ns3:hr>103</ns3:hr>
          </ns3:TrackPointExtension>
        </extensions>
      </trkpt>
      <trkpt lat="44.40977445803582668304443359375" lon="-80.46911199577152729034423828125">
        <ele>463.600006103515625</ele>
        <time>2024-10-22T17:48:03.000Z</time>
        <extensions>
          <ns3:TrackPointExtension>
            <ns3:hr>106</ns3:hr>
          </ns3:TrackPointExtension>
        </extensions>
      </trkpt>
      <trkpt lat="44.4098065607249736785888671875" lon="-80.46911501325666904449462890625">
        <ele>463.399993896484375</ele>
        <time>2024-10-22T17:48:07.000Z</time>
        <extensions>
          <ns3:TrackPointExtension>
            <ns3:hr>105</ns3:hr>
          </ns3:TrackPointExtension>
        </extensions>
      </trkpt>
      <trkpt lat="44.40983648411929607391357421875" lon="-80.4691097326576709747314453125">
        <ele>463.20001220703125</ele>
        <time>2024-10-22T17:48:11.000Z</time>
        <extensions>
          <ns3:TrackPointExtension>
            <ns3:hr>99</ns3:hr>
          </ns3:TrackPointExtension>
        </extensions>
      </trkpt>
      <trkpt lat="44.40996087156236171722412109375" lon="-80.4690969921648502349853515625">
        <ele>463.399993896484375</ele>
        <time>2024-10-22T17:48:22.000Z</time>
        <extensions>
          <ns3:TrackPointExtension>
            <ns3:hr>100</ns3:hr>
          </ns3:TrackPointExtension>
        </extensions>
      </trkpt>
      <trkpt lat="44.4100623764097690582275390625" lon="-80.4690559208393096923828125">
        <ele>463.79998779296875</ele>
        <time>2024-10-22T17:48:33.000Z</time>
        <extensions>
          <ns3:TrackPointExtension>
            <ns3:hr>104</ns3:hr>
          </ns3:TrackPointExtension>
        </extensions>
      </trkpt>
      <trkpt lat="44.410082995891571044921875" lon="-80.46904728747904300689697265625">
        <ele>464</ele>
        <time>2024-10-22T17:48:35.000Z</time>
        <extensions>
          <ns3:TrackPointExtension>
            <ns3:hr>100</ns3:hr>
          </ns3:TrackPointExtension>
        </extensions>
      </trkpt>
      <trkpt lat="44.4101495482027530670166015625" lon="-80.4690614528954029083251953125">
        <ele>464.399993896484375</ele>
        <time>2024-10-22T17:48:42.000Z</time>
        <extensions>
          <ns3:TrackPointExtension>
            <ns3:hr>102</ns3:hr>
          </ns3:TrackPointExtension>
        </extensions>
      </trkpt>
      <trkpt lat="44.41021107137203216552734375" lon="-80.46907670795917510986328125">
        <ele>464.79998779296875</ele>
        <time>2024-10-22T17:48:47.000Z</time>
        <extensions>
          <ns3:TrackPointExtension>
            <ns3:hr>104</ns3:hr>
          </ns3:TrackPointExtension>
        </extensions>
      </trkpt>
      <trkpt lat="44.4103188626468181610107421875" lon="-80.4691144265234470367431640625">
        <ele>464.79998779296875</ele>
        <time>2024-10-22T17:49:01.000Z</time>
        <extensions>
          <ns3:TrackPointExtension>
            <ns3:hr>101</ns3:hr>
          </ns3:TrackPointExtension>
        </extensions>
      </trkpt>
      <trkpt lat="44.41032632254064083099365234375" lon="-80.46912071295082569122314453125">
        <ele>464.79998779296875</ele>
        <time>2024-10-22T17:49:02.000Z</time>
        <extensions>
          <ns3:TrackPointExtension>
            <ns3:hr>102</ns3:hr>
          </ns3:TrackPointExtension>
        </extensions>
      </trkpt>
      <trkpt lat="44.410442747175693511962890625" lon="-80.4691605269908905029296875">
        <ele>464.79998779296875</ele>
        <time>2024-10-22T17:49:12.000Z</time>
        <extensions>
          <ns3:TrackPointExtension>
            <ns3:hr>101</ns3:hr>
          </ns3:TrackPointExtension>
        </extensions>
      </trkpt>
      <trkpt lat="44.410477615892887115478515625" lon="-80.46916899271309375762939453125">
        <ele>464.600006103515625</ele>
        <time>2024-10-22T17:49:16.000Z</time>
        <extensions>
          <ns3:TrackPointExtension>
            <ns3:hr>102</ns3:hr>
          </ns3:TrackPointExtension>
        </extensions>
      </trkpt>
      <trkpt lat="44.4105381332337856292724609375" lon="-80.4691989161074161529541015625">
        <ele>464.600006103515625</ele>
        <time>2024-10-22T17:49:23.000Z</time>
        <extensions>
          <ns3:TrackPointExtension>
            <ns3:hr>99</ns3:hr>
          </ns3:TrackPointExtension>
        </extensions>
      </trkpt>
      <trkpt lat="44.41061633639037609100341796875" lon="-80.46921710483729839324951171875">
        <ele>464.399993896484375</ele>
        <time>2024-10-22T17:49:30.000Z</time>
        <extensions>
          <ns3:TrackPointExtension>
            <ns3:hr>102</ns3:hr>
          </ns3:TrackPointExtension>
        </extensions>
      </trkpt>
      <trkpt lat="44.4107429869472980499267578125" lon="-80.4692968167364597320556640625">
        <ele>464.20001220703125</ele>
        <time>2024-10-22T17:49:43.000Z</time>
        <extensions>
          <ns3:TrackPointExtension>
            <ns3:hr>100</ns3:hr>
          </ns3:TrackPointExtension>
        </extensions>
      </trkpt>
      <trkpt lat="44.4108247943222522735595703125" lon="-80.46937719918787479400634765625">
        <ele>464.20001220703125</ele>
        <time>2024-10-22T17:49:57.000Z</time>
        <extensions>
          <ns3:TrackPointExtension>
            <ns3:hr>100</ns3:hr>
          </ns3:TrackPointExtension>
        </extensions>
      </trkpt>
      <trkpt lat="44.41083158366382122039794921875" lon="-80.469384156167507171630859375">
        <ele>464.20001220703125</ele>
        <time>2024-10-22T17:49:58.000Z</time>
        <extensions>
          <ns3:TrackPointExtension>
            <ns3:hr>96</ns3:hr>
          </ns3:TrackPointExtension>
        </extensions>
      </trkpt>
      <trkpt lat="44.4108589924871921539306640625" lon="-80.46943134628236293792724609375">
        <ele>464.20001220703125</ele>
        <time>2024-10-22T17:50:02.000Z</time>
        <extensions>
          <ns3:TrackPointExtension>
            <ns3:hr>100</ns3:hr>
          </ns3:TrackPointExtension>
        </extensions>
      </trkpt>
      <trkpt lat="44.410887658596038818359375" lon="-80.46949907205998897552490234375">
        <ele>464.20001220703125</ele>
        <time>2024-10-22T17:50:09.000Z</time>
        <extensions>
          <ns3:TrackPointExtension>
            <ns3:hr>100</ns3:hr>
          </ns3:TrackPointExtension>
        </extensions>
      </trkpt>
      <trkpt lat="44.41090484149754047393798828125" lon="-80.46953670680522918701171875">
        <ele>464.20001220703125</ele>
        <time>2024-10-22T17:50:12.000Z</time>
        <extensions>
          <ns3:TrackPointExtension>
            <ns3:hr>97</ns3:hr>
          </ns3:TrackPointExtension>
        </extensions>
      </trkpt>
      <trkpt lat="44.41095110960304737091064453125" lon="-80.46967081725597381591796875">
        <ele>464.600006103515625</ele>
        <time>2024-10-22T17:50:25.000Z</time>
        <extensions>
          <ns3:TrackPointExtension>
            <ns3:hr>98</ns3:hr>
          </ns3:TrackPointExtension>
        </extensions>
      </trkpt>
      <trkpt lat="44.4110038317739963531494140625" lon="-80.469824038445949554443359375">
        <ele>465</ele>
        <time>2024-10-22T17:50:40.000Z</time>
        <extensions>
          <ns3:TrackPointExtension>
            <ns3:hr>100</ns3:hr>
          </ns3:TrackPointExtension>
        </extensions>
      </trkpt>
      <trkpt lat="44.41104833967983722686767578125" lon="-80.4700491763651371002197265625">
        <ele>464.79998779296875</ele>
        <time>2024-10-22T17:50:55.000Z</time>
        <extensions>
          <ns3:TrackPointExtension>
            <ns3:hr>100</ns3:hr>
          </ns3:TrackPointExtension>
        </extensions>
      </trkpt>
      <trkpt lat="44.4110682047903537750244140625" lon="-80.47010743059217929840087890625">
        <ele>464.79998779296875</ele>
        <time>2024-10-22T17:50:59.000Z</time>
        <extensions>
          <ns3:TrackPointExtension>
            <ns3:hr>103</ns3:hr>
          </ns3:TrackPointExtension>
        </extensions>
      </trkpt>
      <trkpt lat="44.41107030026614665985107421875" lon="-80.47011933289468288421630859375">
        <ele>464.79998779296875</ele>
        <time>2024-10-22T17:51:00.000Z</time>
        <extensions>
          <ns3:TrackPointExtension>
            <ns3:hr>106</ns3:hr>
          </ns3:TrackPointExtension>
        </extensions>
      </trkpt>
      <trkpt lat="44.4111143052577972412109375" lon="-80.4702785052359104156494140625">
        <ele>464.79998779296875</ele>
        <time>2024-10-22T17:51:11.000Z</time>
        <extensions>
          <ns3:TrackPointExtension>
            <ns3:hr>105</ns3:hr>
          </ns3:TrackPointExtension>
        </extensions>
      </trkpt>
      <trkpt lat="44.41112034022808074951171875" lon="-80.4703152179718017578125">
        <ele>464.79998779296875</ele>
        <time>2024-10-22T17:51:13.000Z</time>
        <extensions>
          <ns3:TrackPointExtension>
            <ns3:hr>101</ns3:hr>
          </ns3:TrackPointExtension>
        </extensions>
      </trkpt>
      <trkpt lat="44.411127381026744842529296875" lon="-80.470409095287322998046875">
        <ele>464.399993896484375</ele>
        <time>2024-10-22T17:51:19.000Z</time>
        <extensions>
          <ns3:TrackPointExtension>
            <ns3:hr>98</ns3:hr>
          </ns3:TrackPointExtension>
        </extensions>
      </trkpt>
      <trkpt lat="44.411116652190685272216796875" lon="-80.47054781578481197357177734375">
        <ele>464</ele>
        <time>2024-10-22T17:51:29.000Z</time>
        <extensions>
          <ns3:TrackPointExtension>
            <ns3:hr>101</ns3:hr>
          </ns3:TrackPointExtension>
        </extensions>
      </trkpt>
      <trkpt lat="44.411105252802371978759765625" lon="-80.4706121049821376800537109375">
        <ele>463.79998779296875</ele>
        <time>2024-10-22T17:51:35.000Z</time>
        <extensions>
          <ns3:TrackPointExtension>
            <ns3:hr>97</ns3:hr>
          </ns3:TrackPointExtension>
        </extensions>
      </trkpt>
      <trkpt lat="44.41108010709285736083984375" lon="-80.47069466672837734222412109375">
        <ele>463.600006103515625</ele>
        <time>2024-10-22T17:51:41.000Z</time>
        <extensions>
          <ns3:TrackPointExtension>
            <ns3:hr>100</ns3:hr>
          </ns3:TrackPointExtension>
        </extensions>
      </trkpt>
      <trkpt lat="44.41106057725846767425537109375" lon="-80.47075468115508556365966796875">
        <ele>463.600006103515625</ele>
        <time>2024-10-22T17:51:46.000Z</time>
        <extensions>
          <ns3:TrackPointExtension>
            <ns3:hr>99</ns3:hr>
          </ns3:TrackPointExtension>
        </extensions>
      </trkpt>
      <trkpt lat="44.411051273345947265625" lon="-80.47080027870833873748779296875">
        <ele>463.399993896484375</ele>
        <time>2024-10-22T17:51:50.000Z</time>
        <extensions>
          <ns3:TrackPointExtension>
            <ns3:hr>100</ns3:hr>
          </ns3:TrackPointExtension>
        </extensions>
      </trkpt>
      <trkpt lat="44.41106728278100490570068359375" lon="-80.47085928730666637420654296875">
        <ele>463.20001220703125</ele>
        <time>2024-10-22T17:51:58.000Z</time>
        <extensions>
          <ns3:TrackPointExtension>
            <ns3:hr>100</ns3:hr>
          </ns3:TrackPointExtension>
        </extensions>
      </trkpt>
      <trkpt lat="44.4110338389873504638671875" lon="-80.47086683101952075958251953125">
        <ele>463.20001220703125</ele>
        <time>2024-10-22T17:52:05.000Z</time>
        <extensions>
          <ns3:TrackPointExtension>
            <ns3:hr>96</ns3:hr>
          </ns3:TrackPointExtension>
        </extensions>
      </trkpt>
      <trkpt lat="44.41103861667215824127197265625" lon="-80.47087504528462886810302734375">
        <ele>463</ele>
        <time>2024-10-22T17:52:10.000Z</time>
        <extensions>
          <ns3:TrackPointExtension>
            <ns3:hr>99</ns3:hr>
          </ns3:TrackPointExtension>
        </extensions>
      </trkpt>
      <trkpt lat="44.4110390357673168182373046875" lon="-80.47087638638913631439208984375">
        <ele>462.79998779296875</ele>
        <time>2024-10-22T17:52:11.000Z</time>
        <extensions>
          <ns3:TrackPointExtension>
            <ns3:hr>99</ns3:hr>
          </ns3:TrackPointExtension>
        </extensions>
      </trkpt>
      <trkpt lat="44.4110604934394359588623046875" lon="-80.47087403945624828338623046875">
        <ele>462.600006103515625</ele>
        <time>2024-10-22T17:52:20.000Z</time>
        <extensions>
          <ns3:TrackPointExtension>
            <ns3:hr>96</ns3:hr>
          </ns3:TrackPointExtension>
        </extensions>
      </trkpt>
      <trkpt lat="44.4110494293272495269775390625" lon="-80.470865406095981597900390625">
        <ele>462.79998779296875</ele>
        <time>2024-10-22T17:52:27.000Z</time>
        <extensions>
          <ns3:TrackPointExtension>
            <ns3:hr>97</ns3:hr>
          </ns3:TrackPointExtension>
        </extensions>
      </trkpt>
      <trkpt lat="44.41104766912758350372314453125" lon="-80.470866747200489044189453125">
        <ele>462.79998779296875</ele>
        <time>2024-10-22T17:52:28.000Z</time>
        <extensions>
          <ns3:TrackPointExtension>
            <ns3:hr>94</ns3:hr>
          </ns3:TrackPointExtension>
        </extensions>
      </trkpt>
      <trkpt lat="44.411042220890522003173828125" lon="-80.47087202779948711395263671875">
        <ele>462.79998779296875</ele>
        <time>2024-10-22T17:52:34.000Z</time>
        <extensions>
          <ns3:TrackPointExtension>
            <ns3:hr>98</ns3:hr>
          </ns3:TrackPointExtension>
        </extensions>
      </trkpt>
      <trkpt lat="44.4110445678234100341796875" lon="-80.47087387181818485260009765625">
        <ele>462.79998779296875</ele>
        <time>2024-10-22T17:52:35.000Z</time>
        <extensions>
          <ns3:TrackPointExtension>
            <ns3:hr>94</ns3:hr>
          </ns3:TrackPointExtension>
        </extensions>
      </trkpt>
      <trkpt lat="44.41104599274694919586181640625" lon="-80.4708773083984851837158203125">
        <ele>462.79998779296875</ele>
        <time>2024-10-22T17:52:36.000Z</time>
        <extensions>
          <ns3:TrackPointExtension>
            <ns3:hr>91</ns3:hr>
          </ns3:TrackPointExtension>
        </extensions>
      </trkpt>
      <trkpt lat="44.41104616038501262664794921875" lon="-80.47088183462619781494140625">
        <ele>462.79998779296875</ele>
        <time>2024-10-22T17:52:38.000Z</time>
        <extensions>
          <ns3:TrackPointExtension>
            <ns3:hr>87</ns3:hr>
          </ns3:TrackPointExtension>
        </extensions>
      </trkpt>
      <trkpt lat="44.41104523837566375732421875" lon="-80.4708930663764476776123046875">
        <ele>462.79998779296875</ele>
        <time>2024-10-22T17:52:41.000Z</time>
        <extensions>
          <ns3:TrackPointExtension>
            <ns3:hr>84</ns3:hr>
          </ns3:TrackPointExtension>
        </extensions>
      </trkpt>
      <trkpt lat="44.4110445678234100341796875" lon="-80.47089750878512859344482421875">
        <ele>462.79998779296875</ele>
        <time>2024-10-22T17:52:43.000Z</time>
        <extensions>
          <ns3:TrackPointExtension>
            <ns3:hr>83</ns3:hr>
          </ns3:TrackPointExtension>
        </extensions>
      </trkpt>
      <trkpt lat="44.4110688753426074981689453125" lon="-80.47092139720916748046875">
        <ele>463</ele>
        <time>2024-10-22T17:52:52.000Z</time>
        <extensions>
          <ns3:TrackPointExtension>
            <ns3:hr>86</ns3:hr>
          </ns3:TrackPointExtension>
        </extensions>
      </trkpt>
      <trkpt lat="44.41108052618801593780517578125" lon="-80.47094964422285556793212890625">
        <ele>462.79998779296875</ele>
        <time>2024-10-22T17:52:56.000Z</time>
        <extensions>
          <ns3:TrackPointExtension>
            <ns3:hr>89</ns3:hr>
          </ns3:TrackPointExtension>
        </extensions>
      </trkpt>
      <trkpt lat="44.4110834598541259765625" lon="-80.4709698446094989776611328125">
        <ele>462.79998779296875</ele>
        <time>2024-10-22T17:52:58.000Z</time>
        <extensions>
          <ns3:TrackPointExtension>
            <ns3:hr>91</ns3:hr>
          </ns3:TrackPointExtension>
        </extensions>
      </trkpt>
      <trkpt lat="44.41112109459936618804931640625" lon="-80.47105475328862667083740234375">
        <ele>462.399993896484375</ele>
        <time>2024-10-22T17:53:06.000Z</time>
        <extensions>
          <ns3:TrackPointExtension>
            <ns3:hr>92</ns3:hr>
          </ns3:TrackPointExtension>
        </extensions>
      </trkpt>
      <trkpt lat="44.41114322282373905181884765625" lon="-80.471128933131694793701171875">
        <ele>461.399993896484375</ele>
        <time>2024-10-22T17:53:13.000Z</time>
        <extensions>
          <ns3:TrackPointExtension>
            <ns3:hr>97</ns3:hr>
          </ns3:TrackPointExtension>
        </extensions>
      </trkpt>
      <trkpt lat="44.41115009598433971405029296875" lon="-80.47113689593970775604248046875">
        <ele>461.399993896484375</ele>
        <time>2024-10-22T17:53:14.000Z</time>
        <extensions>
          <ns3:TrackPointExtension>
            <ns3:hr>97</ns3:hr>
          </ns3:TrackPointExtension>
        </extensions>
      </trkpt>
      <trkpt lat="44.411156885325908660888671875" lon="-80.47115684486925601959228515625">
        <ele>461.20001220703125</ele>
        <time>2024-10-22T17:53:16.000Z</time>
        <extensions>
          <ns3:TrackPointExtension>
            <ns3:hr>98</ns3:hr>
          </ns3:TrackPointExtension>
        </extensions>
      </trkpt>
      <trkpt lat="44.4111644290387630462646484375" lon="-80.47117017209529876708984375">
        <ele>461.20001220703125</ele>
        <time>2024-10-22T17:53:18.000Z</time>
        <extensions>
          <ns3:TrackPointExtension>
            <ns3:hr>95</ns3:hr>
          </ns3:TrackPointExtension>
        </extensions>
      </trkpt>
      <trkpt lat="44.41116836853325366973876953125" lon="-80.4713074676692485809326171875">
        <ele>460.600006103515625</ele>
        <time>2024-10-22T17:53:32.000Z</time>
        <extensions>
          <ns3:TrackPointExtension>
            <ns3:hr>95</ns3:hr>
          </ns3:TrackPointExtension>
        </extensions>
      </trkpt>
      <trkpt lat="44.4112583063542842864990234375" lon="-80.4713832400739192962646484375">
        <ele>461</ele>
        <time>2024-10-22T17:53:43.000Z</time>
        <extensions>
          <ns3:TrackPointExtension>
            <ns3:hr>98</ns3:hr>
          </ns3:TrackPointExtension>
        </extensions>
      </trkpt>
      <trkpt lat="44.41131974570453166961669921875" lon="-80.4714457690715789794921875">
        <ele>461.399993896484375</ele>
        <time>2024-10-22T17:53:50.000Z</time>
        <extensions>
          <ns3:TrackPointExtension>
            <ns3:hr>99</ns3:hr>
          </ns3:TrackPointExtension>
        </extensions>
      </trkpt>
      <trkpt lat="44.4113300554454326629638671875" lon="-80.47145926393568515777587890625">
        <ele>461.399993896484375</ele>
        <time>2024-10-22T17:53:52.000Z</time>
        <extensions>
          <ns3:TrackPointExtension>
            <ns3:hr>96</ns3:hr>
          </ns3:TrackPointExtension>
        </extensions>
      </trkpt>
      <trkpt lat="44.4113716296851634979248046875" lon="-80.47161013819277286529541015625">
        <ele>461.79998779296875</ele>
        <time>2024-10-22T17:54:03.000Z</time>
        <extensions>
          <ns3:TrackPointExtension>
            <ns3:hr>97</ns3:hr>
          </ns3:TrackPointExtension>
        </extensions>
      </trkpt>
      <trkpt lat="44.411370120942592620849609375" lon="-80.4717594198882579803466796875">
        <ele>461.600006103515625</ele>
        <time>2024-10-22T17:54:14.000Z</time>
        <extensions>
          <ns3:TrackPointExtension>
            <ns3:hr>100</ns3:hr>
          </ns3:TrackPointExtension>
        </extensions>
      </trkpt>
      <trkpt lat="44.411363415420055389404296875" lon="-80.471776686608791351318359375">
        <ele>461.600006103515625</ele>
        <time>2024-10-22T17:54:15.000Z</time>
        <extensions>
          <ns3:TrackPointExtension>
            <ns3:hr>97</ns3:hr>
          </ns3:TrackPointExtension>
        </extensions>
      </trkpt>
      <trkpt lat="44.4113637506961822509765625" lon="-80.47178708016872406005859375">
        <ele>461.600006103515625</ele>
        <time>2024-10-22T17:54:16.000Z</time>
        <extensions>
          <ns3:TrackPointExtension>
            <ns3:hr>97</ns3:hr>
          </ns3:TrackPointExtension>
        </extensions>
      </trkpt>
      <trkpt lat="44.411360733211040496826171875" lon="-80.47185187228024005889892578125">
        <ele>461.399993896484375</ele>
        <time>2024-10-22T17:54:20.000Z</time>
        <extensions>
          <ns3:TrackPointExtension>
            <ns3:hr>94</ns3:hr>
          </ns3:TrackPointExtension>
        </extensions>
      </trkpt>
      <trkpt lat="44.4113498367369174957275390625" lon="-80.47188472934067249298095703125">
        <ele>461.399993896484375</ele>
        <time>2024-10-22T17:54:23.000Z</time>
        <extensions>
          <ns3:TrackPointExtension>
            <ns3:hr>97</ns3:hr>
          </ns3:TrackPointExtension>
        </extensions>
      </trkpt>
      <trkpt lat="44.411341287195682525634765625" lon="-80.47191389836370944976806640625">
        <ele>461.20001220703125</ele>
        <time>2024-10-22T17:54:25.000Z</time>
        <extensions>
          <ns3:TrackPointExtension>
            <ns3:hr>94</ns3:hr>
          </ns3:TrackPointExtension>
        </extensions>
      </trkpt>
      <trkpt lat="44.411335252225399017333984375" lon="-80.4719344340264797210693359375">
        <ele>461.20001220703125</ele>
        <time>2024-10-22T17:54:27.000Z</time>
        <extensions>
          <ns3:TrackPointExtension>
            <ns3:hr>97</ns3:hr>
          </ns3:TrackPointExtension>
        </extensions>
      </trkpt>
      <trkpt lat="44.4113277085125446319580078125" lon="-80.4719585739076137542724609375">
        <ele>461.20001220703125</ele>
        <time>2024-10-22T17:54:29.000Z</time>
        <extensions>
          <ns3:TrackPointExtension>
            <ns3:hr>100</ns3:hr>
          </ns3:TrackPointExtension>
        </extensions>
      </trkpt>
      <trkpt lat="44.41131304018199443817138671875" lon="-80.47205924056470394134521484375">
        <ele>460.399993896484375</ele>
        <time>2024-10-22T17:54:40.000Z</time>
        <extensions>
          <ns3:TrackPointExtension>
            <ns3:hr>103</ns3:hr>
          </ns3:TrackPointExtension>
        </extensions>
      </trkpt>
      <trkpt lat="44.41131270490586757659912109375" lon="-80.472067035734653472900390625">
        <ele>460.399993896484375</ele>
        <time>2024-10-22T17:54:41.000Z</time>
        <extensions>
          <ns3:TrackPointExtension>
            <ns3:hr>104</ns3:hr>
          </ns3:TrackPointExtension>
        </extensions>
      </trkpt>
      <trkpt lat="44.41128688864409923553466796875" lon="-80.47210760414600372314453125">
        <ele>459.79998779296875</ele>
        <time>2024-10-22T17:54:47.000Z</time>
        <extensions>
          <ns3:TrackPointExtension>
            <ns3:hr>100</ns3:hr>
          </ns3:TrackPointExtension>
        </extensions>
      </trkpt>
      <trkpt lat="44.41124682314693927764892578125" lon="-80.47214255668222904205322265625">
        <ele>459.399993896484375</ele>
        <time>2024-10-22T17:54:52.000Z</time>
        <extensions>
          <ns3:TrackPointExtension>
            <ns3:hr>103</ns3:hr>
          </ns3:TrackPointExtension>
        </extensions>
      </trkpt>
      <trkpt lat="44.41123290918767452239990234375" lon="-80.4721543751657009124755859375">
        <ele>459.399993896484375</ele>
        <time>2024-10-22T17:54:54.000Z</time>
        <extensions>
          <ns3:TrackPointExtension>
            <ns3:hr>102</ns3:hr>
          </ns3:TrackPointExtension>
        </extensions>
      </trkpt>
      <trkpt lat="44.411220252513885498046875" lon="-80.47217776067554950714111328125">
        <ele>459.399993896484375</ele>
        <time>2024-10-22T17:54:57.000Z</time>
        <extensions>
          <ns3:TrackPointExtension>
            <ns3:hr>99</ns3:hr>
          </ns3:TrackPointExtension>
        </extensions>
      </trkpt>
      <trkpt lat="44.41121564246714115142822265625" lon="-80.47227079980075359344482421875">
        <ele>459.600006103515625</ele>
        <time>2024-10-22T17:55:03.000Z</time>
        <extensions>
          <ns3:TrackPointExtension>
            <ns3:hr>102</ns3:hr>
          </ns3:TrackPointExtension>
        </extensions>
      </trkpt>
      <trkpt lat="44.41121631301939487457275390625" lon="-80.47230667434632778167724609375">
        <ele>459.79998779296875</ele>
        <time>2024-10-22T17:55:05.000Z</time>
        <extensions>
          <ns3:TrackPointExtension>
            <ns3:hr>102</ns3:hr>
          </ns3:TrackPointExtension>
        </extensions>
      </trkpt>
      <trkpt lat="44.41122905351221561431884765625" lon="-80.47244514338672161102294921875">
        <ele>460.399993896484375</ele>
        <time>2024-10-22T17:55:12.000Z</time>
        <extensions>
          <ns3:TrackPointExtension>
            <ns3:hr>105</ns3:hr>
          </ns3:TrackPointExtension>
        </extensions>
      </trkpt>
      <trkpt lat="44.411226622760295867919921875" lon="-80.472471714019775390625">
        <ele>460.399993896484375</ele>
        <time>2024-10-22T17:55:14.000Z</time>
        <extensions>
          <ns3:TrackPointExtension>
            <ns3:hr>102</ns3:hr>
          </ns3:TrackPointExtension>
        </extensions>
      </trkpt>
      <trkpt lat="44.41122268326580524444580078125" lon="-80.4725044034421443939208984375">
        <ele>460.600006103515625</ele>
        <time>2024-10-22T17:55:16.000Z</time>
        <extensions>
          <ns3:TrackPointExtension>
            <ns3:hr>102</ns3:hr>
          </ns3:TrackPointExtension>
        </extensions>
      </trkpt>
      <trkpt lat="44.4112006388604640960693359375" lon="-80.47261998988687992095947265625">
        <ele>460.600006103515625</ele>
        <time>2024-10-22T17:55:24.000Z</time>
        <extensions>
          <ns3:TrackPointExtension>
            <ns3:hr>105</ns3:hr>
          </ns3:TrackPointExtension>
        </extensions>
      </trkpt>
      <trkpt lat="44.411186389625072479248046875" lon="-80.47267489135265350341796875">
        <ele>460.79998779296875</ele>
        <time>2024-10-22T17:55:30.000Z</time>
        <extensions>
          <ns3:TrackPointExtension>
            <ns3:hr>103</ns3:hr>
          </ns3:TrackPointExtension>
        </extensions>
      </trkpt>
      <trkpt lat="44.41114506684243679046630859375" lon="-80.47285300679504871368408203125">
        <ele>461.20001220703125</ele>
        <time>2024-10-22T17:55:44.000Z</time>
        <extensions>
          <ns3:TrackPointExtension>
            <ns3:hr>101</ns3:hr>
          </ns3:TrackPointExtension>
        </extensions>
      </trkpt>
      <trkpt lat="44.4111416302621364593505859375" lon="-80.4728628136217594146728515625">
        <ele>461.399993896484375</ele>
        <time>2024-10-22T17:55:45.000Z</time>
        <extensions>
          <ns3:TrackPointExtension>
            <ns3:hr>102</ns3:hr>
          </ns3:TrackPointExtension>
        </extensions>
      </trkpt>
      <trkpt lat="44.41111472435295581817626953125" lon="-80.47291620634496212005615234375">
        <ele>461.600006103515625</ele>
        <time>2024-10-22T17:55:51.000Z</time>
        <extensions>
          <ns3:TrackPointExtension>
            <ns3:hr>99</ns3:hr>
          </ns3:TrackPointExtension>
        </extensions>
      </trkpt>
      <trkpt lat="44.41109083592891693115234375" lon="-80.4729640670120716094970703125">
        <ele>461.600006103515625</ele>
        <time>2024-10-22T17:55:56.000Z</time>
        <extensions>
          <ns3:TrackPointExtension>
            <ns3:hr>99</ns3:hr>
          </ns3:TrackPointExtension>
        </extensions>
      </trkpt>
      <trkpt lat="44.41108806990087032318115234375" lon="-80.4730505682528018951416015625">
        <ele>461.600006103515625</ele>
        <time>2024-10-22T17:56:06.000Z</time>
        <extensions>
          <ns3:TrackPointExtension>
            <ns3:hr>102</ns3:hr>
          </ns3:TrackPointExtension>
        </extensions>
      </trkpt>
      <trkpt lat="44.4110946916043758392333984375" lon="-80.47306356020271778106689453125">
        <ele>461.600006103515625</ele>
        <time>2024-10-22T17:56:08.000Z</time>
        <extensions>
          <ns3:TrackPointExtension>
            <ns3:hr>102</ns3:hr>
          </ns3:TrackPointExtension>
        </extensions>
      </trkpt>
      <trkpt lat="44.4111436419188976287841796875" lon="-80.47309071756899356842041015625">
        <ele>462.399993896484375</ele>
        <time>2024-10-22T17:56:14.000Z</time>
        <extensions>
          <ns3:TrackPointExtension>
            <ns3:hr>101</ns3:hr>
          </ns3:TrackPointExtension>
        </extensions>
      </trkpt>
      <trkpt lat="44.411188401281833648681640625" lon="-80.4731192998588085174560546875">
        <ele>463.20001220703125</ele>
        <time>2024-10-22T17:56:20.000Z</time>
        <extensions>
          <ns3:TrackPointExtension>
            <ns3:hr>101</ns3:hr>
          </ns3:TrackPointExtension>
        </extensions>
      </trkpt>
      <trkpt lat="44.4112013094127178192138671875" lon="-80.47312525101006031036376953125">
        <ele>463.399993896484375</ele>
        <time>2024-10-22T17:56:22.000Z</time>
        <extensions>
          <ns3:TrackPointExtension>
            <ns3:hr>102</ns3:hr>
          </ns3:TrackPointExtension>
        </extensions>
      </trkpt>
      <trkpt lat="44.41120843403041362762451171875" lon="-80.4731275141239166259765625">
        <ele>463.600006103515625</ele>
        <time>2024-10-22T17:56:23.000Z</time>
        <extensions>
          <ns3:TrackPointExtension>
            <ns3:hr>99</ns3:hr>
          </ns3:TrackPointExtension>
        </extensions>
      </trkpt>
      <trkpt lat="44.4112184084951877593994140625" lon="-80.47313095070421695709228515625">
        <ele>464</ele>
        <time>2024-10-22T17:56:24.000Z</time>
        <extensions>
          <ns3:TrackPointExtension>
            <ns3:hr>102</ns3:hr>
          </ns3:TrackPointExtension>
        </extensions>
      </trkpt>
      <trkpt lat="44.41124414093792438507080078125" lon="-80.473146624863147735595703125">
        <ele>464.399993896484375</ele>
        <time>2024-10-22T17:56:26.000Z</time>
        <extensions>
          <ns3:TrackPointExtension>
            <ns3:hr>105</ns3:hr>
          </ns3:TrackPointExtension>
        </extensions>
      </trkpt>
      <trkpt lat="44.4112566299736499786376953125" lon="-80.473155342042446136474609375">
        <ele>464.600006103515625</ele>
        <time>2024-10-22T17:56:27.000Z</time>
        <extensions>
          <ns3:TrackPointExtension>
            <ns3:hr>103</ns3:hr>
          </ns3:TrackPointExtension>
        </extensions>
      </trkpt>
      <trkpt lat="44.41128169186413288116455078125" lon="-80.47317604534327983856201171875">
        <ele>464.79998779296875</ele>
        <time>2024-10-22T17:56:29.000Z</time>
        <extensions>
          <ns3:TrackPointExtension>
            <ns3:hr>104</ns3:hr>
          </ns3:TrackPointExtension>
        </extensions>
      </trkpt>
      <trkpt lat="44.41133600659668445587158203125" lon="-80.4731890372931957244873046875">
        <ele>465.399993896484375</ele>
        <time>2024-10-22T17:56:34.000Z</time>
        <extensions>
          <ns3:TrackPointExtension>
            <ns3:hr>108</ns3:hr>
          </ns3:TrackPointExtension>
        </extensions>
      </trkpt>
      <trkpt lat="44.41134698688983917236328125" lon="-80.4731892049312591552734375">
        <ele>465.600006103515625</ele>
        <time>2024-10-22T17:56:35.000Z</time>
        <extensions>
          <ns3:TrackPointExtension>
            <ns3:hr>108</ns3:hr>
          </ns3:TrackPointExtension>
        </extensions>
      </trkpt>
      <trkpt lat="44.41146475262939929962158203125" lon="-80.47323253937065601348876953125">
        <ele>466.399993896484375</ele>
        <time>2024-10-22T17:56:43.000Z</time>
        <extensions>
          <ns3:TrackPointExtension>
            <ns3:hr>111</ns3:hr>
          </ns3:TrackPointExtension>
        </extensions>
      </trkpt>
      <trkpt lat="44.41151638515293598175048828125" lon="-80.4732450284063816070556640625">
        <ele>466.399993896484375</ele>
        <time>2024-10-22T17:56:47.000Z</time>
        <extensions>
          <ns3:TrackPointExtension>
            <ns3:hr>109</ns3:hr>
          </ns3:TrackPointExtension>
        </extensions>
      </trkpt>
      <trkpt lat="44.41157690249383449554443359375" lon="-80.4732631333172321319580078125">
        <ele>466.79998779296875</ele>
        <time>2024-10-22T17:56:52.000Z</time>
        <extensions>
          <ns3:TrackPointExtension>
            <ns3:hr>105</ns3:hr>
          </ns3:TrackPointExtension>
        </extensions>
      </trkpt>
      <trkpt lat="44.4116696901619434356689453125" lon="-80.473301522433757781982421875">
        <ele>467</ele>
        <time>2024-10-22T17:56:58.000Z</time>
        <extensions>
          <ns3:TrackPointExtension>
            <ns3:hr>109</ns3:hr>
          </ns3:TrackPointExtension>
        </extensions>
      </trkpt>
      <trkpt lat="44.41169592551887035369873046875" lon="-80.4733090661466121673583984375">
        <ele>467</ele>
        <time>2024-10-22T17:57:00.000Z</time>
        <extensions>
          <ns3:TrackPointExtension>
            <ns3:hr>108</ns3:hr>
          </ns3:TrackPointExtension>
        </extensions>
      </trkpt>
      <trkpt lat="44.41180606372654438018798828125" lon="-80.47332960180938243865966796875">
        <ele>467.600006103515625</ele>
        <time>2024-10-22T17:57:09.000Z</time>
        <extensions>
          <ns3:TrackPointExtension>
            <ns3:hr>107</ns3:hr>
          </ns3:TrackPointExtension>
        </extensions>
      </trkpt>
      <trkpt lat="44.41185048781335353851318359375" lon="-80.47333966009318828582763671875">
        <ele>467.600006103515625</ele>
        <time>2024-10-22T17:57:13.000Z</time>
        <extensions>
          <ns3:TrackPointExtension>
            <ns3:hr>104</ns3:hr>
          </ns3:TrackPointExtension>
        </extensions>
      </trkpt>
      <trkpt lat="44.41188267432153224945068359375" lon="-80.47335122711956501007080078125">
        <ele>467.79998779296875</ele>
        <time>2024-10-22T17:57:16.000Z</time>
        <extensions>
          <ns3:TrackPointExtension>
            <ns3:hr>104</ns3:hr>
          </ns3:TrackPointExtension>
        </extensions>
      </trkpt>
      <trkpt lat="44.4118956662714481353759765625" lon="-80.47335575334727764129638671875">
        <ele>467.79998779296875</ele>
        <time>2024-10-22T17:57:17.000Z</time>
        <extensions>
          <ns3:TrackPointExtension>
            <ns3:hr>104</ns3:hr>
          </ns3:TrackPointExtension>
        </extensions>
      </trkpt>
      <trkpt lat="44.41195257939398288726806640625" lon="-80.47336279414594173431396484375">
        <ele>467.79998779296875</ele>
        <time>2024-10-22T17:57:21.000Z</time>
        <extensions>
          <ns3:TrackPointExtension>
            <ns3:hr>101</ns3:hr>
          </ns3:TrackPointExtension>
        </extensions>
      </trkpt>
      <trkpt lat="44.41201477311551570892333984375" lon="-80.47338089905679225921630859375">
        <ele>468</ele>
        <time>2024-10-22T17:57:26.000Z</time>
        <extensions>
          <ns3:TrackPointExtension>
            <ns3:hr>105</ns3:hr>
          </ns3:TrackPointExtension>
        </extensions>
      </trkpt>
      <trkpt lat="44.4120267592370510101318359375" lon="-80.473379977047443389892578125">
        <ele>468</ele>
        <time>2024-10-22T17:57:27.000Z</time>
        <extensions>
          <ns3:TrackPointExtension>
            <ns3:hr>105</ns3:hr>
          </ns3:TrackPointExtension>
        </extensions>
      </trkpt>
      <trkpt lat="44.4120928086340427398681640625" lon="-80.47339162789285182952880859375">
        <ele>468.20001220703125</ele>
        <time>2024-10-22T17:57:33.000Z</time>
        <extensions>
          <ns3:TrackPointExtension>
            <ns3:hr>102</ns3:hr>
          </ns3:TrackPointExtension>
        </extensions>
      </trkpt>
      <trkpt lat="44.41212885081768035888671875" lon="-80.473398081958293914794921875">
        <ele>468.600006103515625</ele>
        <time>2024-10-22T17:57:36.000Z</time>
        <extensions>
          <ns3:TrackPointExtension>
            <ns3:hr>102</ns3:hr>
          </ns3:TrackPointExtension>
        </extensions>
      </trkpt>
      <trkpt lat="44.41216564737260341644287109375" lon="-80.47340671531856060028076171875">
        <ele>468.79998779296875</ele>
        <time>2024-10-22T17:57:39.000Z</time>
        <extensions>
          <ns3:TrackPointExtension>
            <ns3:hr>102</ns3:hr>
          </ns3:TrackPointExtension>
        </extensions>
      </trkpt>
      <trkpt lat="44.4121756218373775482177734375" lon="-80.473408810794353485107421875">
        <ele>469</ele>
        <time>2024-10-22T17:57:40.000Z</time>
        <extensions>
          <ns3:TrackPointExtension>
            <ns3:hr>105</ns3:hr>
          </ns3:TrackPointExtension>
        </extensions>
      </trkpt>
      <trkpt lat="44.4122094847261905670166015625" lon="-80.4734160192310810089111328125">
        <ele>469.399993896484375</ele>
        <time>2024-10-22T17:57:43.000Z</time>
        <extensions>
          <ns3:TrackPointExtension>
            <ns3:hr>110</ns3:hr>
          </ns3:TrackPointExtension>
        </extensions>
      </trkpt>
      <trkpt lat="44.41222968511283397674560546875" lon="-80.4734217189252376556396484375">
        <ele>469.79998779296875</ele>
        <time>2024-10-22T17:57:45.000Z</time>
        <extensions>
          <ns3:TrackPointExtension>
            <ns3:hr>110</ns3:hr>
          </ns3:TrackPointExtension>
        </extensions>
      </trkpt>
      <trkpt lat="44.412239491939544677734375" lon="-80.473425574600696563720703125">
        <ele>469.79998779296875</ele>
        <time>2024-10-22T17:57:46.000Z</time>
        <extensions>
          <ns3:TrackPointExtension>
            <ns3:hr>110</ns3:hr>
          </ns3:TrackPointExtension>
        </extensions>
      </trkpt>
      <trkpt lat="44.41232691518962383270263671875" lon="-80.4734478704631328582763671875">
        <ele>470.600006103515625</ele>
        <time>2024-10-22T17:57:53.000Z</time>
        <extensions>
          <ns3:TrackPointExtension>
            <ns3:hr>111</ns3:hr>
          </ns3:TrackPointExtension>
        </extensions>
      </trkpt>
      <trkpt lat="44.412390701472759246826171875" lon="-80.4734627902507781982421875">
        <ele>471</ele>
        <time>2024-10-22T17:57:58.000Z</time>
        <extensions>
          <ns3:TrackPointExtension>
            <ns3:hr>111</ns3:hr>
          </ns3:TrackPointExtension>
        </extensions>
      </trkpt>
      <trkpt lat="44.41242548637092113494873046875" lon="-80.47347494401037693023681640625">
        <ele>471.20001220703125</ele>
        <time>2024-10-22T17:58:01.000Z</time>
        <extensions>
          <ns3:TrackPointExtension>
            <ns3:hr>109</ns3:hr>
          </ns3:TrackPointExtension>
        </extensions>
      </trkpt>
      <trkpt lat="44.41252171061933040618896484375" lon="-80.47350780107080936431884765625">
        <ele>471.79998779296875</ele>
        <time>2024-10-22T17:58:09.000Z</time>
        <extensions>
          <ns3:TrackPointExtension>
            <ns3:hr>110</ns3:hr>
          </ns3:TrackPointExtension>
        </extensions>
      </trkpt>
      <trkpt lat="44.412546269595623016357421875" lon="-80.4735129140317440032958984375">
        <ele>472</ele>
        <time>2024-10-22T17:58:11.000Z</time>
        <extensions>
          <ns3:TrackPointExtension>
            <ns3:hr>112</ns3:hr>
          </ns3:TrackPointExtension>
        </extensions>
      </trkpt>
      <trkpt lat="44.4125678949058055877685546875" lon="-80.47351844608783721923828125">
        <ele>472</ele>
        <time>2024-10-22T17:58:13.000Z</time>
        <extensions>
          <ns3:TrackPointExtension>
            <ns3:hr>108</ns3:hr>
          </ns3:TrackPointExtension>
        </extensions>
      </trkpt>
      <trkpt lat="44.4126151688396930694580078125" lon="-80.4735333658754825592041015625">
        <ele>472.399993896484375</ele>
        <time>2024-10-22T17:58:17.000Z</time>
        <extensions>
          <ns3:TrackPointExtension>
            <ns3:hr>109</ns3:hr>
          </ns3:TrackPointExtension>
        </extensions>
      </trkpt>
      <trkpt lat="44.4126476906239986419677734375" lon="-80.47354551963508129119873046875">
        <ele>472.399993896484375</ele>
        <time>2024-10-22T17:58:20.000Z</time>
        <extensions>
          <ns3:TrackPointExtension>
            <ns3:hr>106</ns3:hr>
          </ns3:TrackPointExtension>
        </extensions>
      </trkpt>
      <trkpt lat="44.4127164222300052642822265625" lon="-80.47355775721371173858642578125">
        <ele>472.600006103515625</ele>
        <time>2024-10-22T17:58:25.000Z</time>
        <extensions>
          <ns3:TrackPointExtension>
            <ns3:hr>108</ns3:hr>
          </ns3:TrackPointExtension>
        </extensions>
      </trkpt>
      <trkpt lat="44.41275808028876781463623046875" lon="-80.47356798313558101654052734375">
        <ele>473</ele>
        <time>2024-10-22T17:58:28.000Z</time>
        <extensions>
          <ns3:TrackPointExtension>
            <ns3:hr>107</ns3:hr>
          </ns3:TrackPointExtension>
        </extensions>
      </trkpt>
      <trkpt lat="44.41284491680562496185302734375" lon="-80.47358684241771697998046875">
        <ele>473.399993896484375</ele>
        <time>2024-10-22T17:58:35.000Z</time>
        <extensions>
          <ns3:TrackPointExtension>
            <ns3:hr>106</ns3:hr>
          </ns3:TrackPointExtension>
        </extensions>
      </trkpt>
      <trkpt lat="44.41294348798692226409912109375" lon="-80.47360888682305812835693359375">
        <ele>473.79998779296875</ele>
        <time>2024-10-22T17:58:43.000Z</time>
        <extensions>
          <ns3:TrackPointExtension>
            <ns3:hr>105</ns3:hr>
          </ns3:TrackPointExtension>
        </extensions>
      </trkpt>
      <trkpt lat="44.4130158238112926483154296875" lon="-80.4736264050006866455078125">
        <ele>474</ele>
        <time>2024-10-22T17:58:48.000Z</time>
        <extensions>
          <ns3:TrackPointExtension>
            <ns3:hr>106</ns3:hr>
          </ns3:TrackPointExtension>
        </extensions>
      </trkpt>
      <trkpt lat="44.41306804306805133819580078125" lon="-80.47363889403641223907470703125">
        <ele>474.20001220703125</ele>
        <time>2024-10-22T17:58:52.000Z</time>
        <extensions>
          <ns3:TrackPointExtension>
            <ns3:hr>107</ns3:hr>
          </ns3:TrackPointExtension>
        </extensions>
      </trkpt>
      <trkpt lat="44.41321313381195068359375" lon="-80.47367124818265438079833984375">
        <ele>474.20001220703125</ele>
        <time>2024-10-22T17:59:03.000Z</time>
        <extensions>
          <ns3:TrackPointExtension>
            <ns3:hr>106</ns3:hr>
          </ns3:TrackPointExtension>
        </extensions>
      </trkpt>
      <trkpt lat="44.413238950073719024658203125" lon="-80.473680384457111358642578125">
        <ele>474.20001220703125</ele>
        <time>2024-10-22T17:59:05.000Z</time>
        <extensions>
          <ns3:TrackPointExtension>
            <ns3:hr>109</ns3:hr>
          </ns3:TrackPointExtension>
        </extensions>
      </trkpt>
      <trkpt lat="44.4132920913398265838623046875" lon="-80.4736916162073612213134765625">
        <ele>474.20001220703125</ele>
        <time>2024-10-22T17:59:09.000Z</time>
        <extensions>
          <ns3:TrackPointExtension>
            <ns3:hr>109</ns3:hr>
          </ns3:TrackPointExtension>
        </extensions>
      </trkpt>
      <trkpt lat="44.413348920643329620361328125" lon="-80.47371097840368747711181640625">
        <ele>474</ele>
        <time>2024-10-22T17:59:14.000Z</time>
        <extensions>
          <ns3:TrackPointExtension>
            <ns3:hr>104</ns3:hr>
          </ns3:TrackPointExtension>
        </extensions>
      </trkpt>
      <trkpt lat="44.41336107440292835235595703125" lon="-80.47371282242238521575927734375">
        <ele>473.79998779296875</ele>
        <time>2024-10-22T17:59:15.000Z</time>
        <extensions>
          <ns3:TrackPointExtension>
            <ns3:hr>104</ns3:hr>
          </ns3:TrackPointExtension>
        </extensions>
      </trkpt>
      <trkpt lat="44.4133725576102733612060546875" lon="-80.47371701337397098541259765625">
        <ele>473.79998779296875</ele>
        <time>2024-10-22T17:59:16.000Z</time>
        <extensions>
          <ns3:TrackPointExtension>
            <ns3:hr>104</ns3:hr>
          </ns3:TrackPointExtension>
        </extensions>
      </trkpt>
      <trkpt lat="44.41348361782729625701904296875" lon="-80.47375640831887722015380859375">
        <ele>473.20001220703125</ele>
        <time>2024-10-22T17:59:26.000Z</time>
        <extensions>
          <ns3:TrackPointExtension>
            <ns3:hr>105</ns3:hr>
          </ns3:TrackPointExtension>
        </extensions>
      </trkpt>
      <trkpt lat="44.4135103560984134674072265625" lon="-80.47376495786011219024658203125">
        <ele>473</ele>
        <time>2024-10-22T17:59:28.000Z</time>
        <extensions>
          <ns3:TrackPointExtension>
            <ns3:hr>106</ns3:hr>
          </ns3:TrackPointExtension>
        </extensions>
      </trkpt>
      <trkpt lat="44.41358990035951137542724609375" lon="-80.47378960065543651580810546875">
        <ele>472</ele>
        <time>2024-10-22T17:59:34.000Z</time>
        <extensions>
          <ns3:TrackPointExtension>
            <ns3:hr>107</ns3:hr>
          </ns3:TrackPointExtension>
        </extensions>
      </trkpt>
      <trkpt lat="44.413603059947490692138671875" lon="-80.47379605472087860107421875">
        <ele>471.79998779296875</ele>
        <time>2024-10-22T17:59:35.000Z</time>
        <extensions>
          <ns3:TrackPointExtension>
            <ns3:hr>106</ns3:hr>
          </ns3:TrackPointExtension>
        </extensions>
      </trkpt>
      <trkpt lat="44.41366416402161121368408203125" lon="-80.4738351143896579742431640625">
        <ele>471.20001220703125</ele>
        <time>2024-10-22T17:59:41.000Z</time>
        <extensions>
          <ns3:TrackPointExtension>
            <ns3:hr>107</ns3:hr>
          </ns3:TrackPointExtension>
        </extensions>
      </trkpt>
      <trkpt lat="44.413675479590892791748046875" lon="-80.4738388024270534515380859375">
        <ele>471</ele>
        <time>2024-10-22T17:59:42.000Z</time>
        <extensions>
          <ns3:TrackPointExtension>
            <ns3:hr>103</ns3:hr>
          </ns3:TrackPointExtension>
        </extensions>
      </trkpt>
      <trkpt lat="44.4136867113411426544189453125" lon="-80.4738411493599414825439453125">
        <ele>470.79998779296875</ele>
        <time>2024-10-22T17:59:43.000Z</time>
        <extensions>
          <ns3:TrackPointExtension>
            <ns3:hr>102</ns3:hr>
          </ns3:TrackPointExtension>
        </extensions>
      </trkpt>
      <trkpt lat="44.41375695168972015380859375" lon="-80.47386847436428070068359375">
        <ele>470</ele>
        <time>2024-10-22T17:59:49.000Z</time>
        <extensions>
          <ns3:TrackPointExtension>
            <ns3:hr>101</ns3:hr>
          </ns3:TrackPointExtension>
        </extensions>
      </trkpt>
      <trkpt lat="44.4137696921825408935546875" lon="-80.47387392260134220123291015625">
        <ele>469.79998779296875</ele>
        <time>2024-10-22T17:59:50.000Z</time>
        <extensions>
          <ns3:TrackPointExtension>
            <ns3:hr>102</ns3:hr>
          </ns3:TrackPointExtension>
        </extensions>
      </trkpt>
      <trkpt lat="44.4138721190392971038818359375" lon="-80.4739232920110225677490234375">
        <ele>468.600006103515625</ele>
        <time>2024-10-22T17:59:59.000Z</time>
        <extensions>
          <ns3:TrackPointExtension>
            <ns3:hr>103</ns3:hr>
          </ns3:TrackPointExtension>
        </extensions>
      </trkpt>
      <trkpt lat="44.41389231942594051361083984375" lon="-80.4739383794367313385009765625">
        <ele>468.20001220703125</ele>
        <time>2024-10-22T18:00:01.000Z</time>
        <extensions>
          <ns3:TrackPointExtension>
            <ns3:hr>102</ns3:hr>
          </ns3:TrackPointExtension>
        </extensions>
      </trkpt>
      <trkpt lat="44.41392861306667327880859375" lon="-80.47395556233823299407958984375">
        <ele>467.399993896484375</ele>
        <time>2024-10-22T18:00:05.000Z</time>
        <extensions>
          <ns3:TrackPointExtension>
            <ns3:hr>102</ns3:hr>
          </ns3:TrackPointExtension>
        </extensions>
      </trkpt>
      <trkpt lat="44.41398217342793941497802734375" lon="-80.4739615134894847869873046875">
        <ele>466.79998779296875</ele>
        <time>2024-10-22T18:00:10.000Z</time>
        <extensions>
          <ns3:TrackPointExtension>
            <ns3:hr>101</ns3:hr>
          </ns3:TrackPointExtension>
        </extensions>
      </trkpt>
      <trkpt lat="44.41405174322426319122314453125" lon="-80.4739762656390666961669921875">
        <ele>466.20001220703125</ele>
        <time>2024-10-22T18:00:16.000Z</time>
        <extensions>
          <ns3:TrackPointExtension>
            <ns3:hr>103</ns3:hr>
          </ns3:TrackPointExtension>
        </extensions>
      </trkpt>
      <trkpt lat="44.41407588310539722442626953125" lon="-80.47398489899933338165283203125">
        <ele>466</ele>
        <time>2024-10-22T18:00:18.000Z</time>
        <extensions>
          <ns3:TrackPointExtension>
            <ns3:hr>103</ns3:hr>
          </ns3:TrackPointExtension>
        </extensions>
      </trkpt>
      <trkpt lat="44.41416188143193721771240234375" lon="-80.47402680851519107818603515625">
        <ele>465.20001220703125</ele>
        <time>2024-10-22T18:00:25.000Z</time>
        <extensions>
          <ns3:TrackPointExtension>
            <ns3:hr>103</ns3:hr>
          </ns3:TrackPointExtension>
        </extensions>
      </trkpt>
      <trkpt lat="44.41417344845831394195556640625" lon="-80.47402798198163509368896484375">
        <ele>465.20001220703125</ele>
        <time>2024-10-22T18:00:26.000Z</time>
        <extensions>
          <ns3:TrackPointExtension>
            <ns3:hr>104</ns3:hr>
          </ns3:TrackPointExtension>
        </extensions>
      </trkpt>
      <trkpt lat="44.41430269740521907806396484375" lon="-80.4740426503121852874755859375">
        <ele>464.600006103515625</ele>
        <time>2024-10-22T18:00:35.000Z</time>
        <extensions>
          <ns3:TrackPointExtension>
            <ns3:hr>103</ns3:hr>
          </ns3:TrackPointExtension>
        </extensions>
      </trkpt>
      <trkpt lat="44.41431325860321521759033203125" lon="-80.47404508106410503387451171875">
        <ele>464.399993896484375</ele>
        <time>2024-10-22T18:00:36.000Z</time>
        <extensions>
          <ns3:TrackPointExtension>
            <ns3:hr>106</ns3:hr>
          </ns3:TrackPointExtension>
        </extensions>
      </trkpt>
      <trkpt lat="44.41434326581656932830810546875" lon="-80.47404558397829532623291015625">
        <ele>464</ele>
        <time>2024-10-22T18:00:38.000Z</time>
        <extensions>
          <ns3:TrackPointExtension>
            <ns3:hr>105</ns3:hr>
          </ns3:TrackPointExtension>
        </extensions>
      </trkpt>
      <trkpt lat="44.4144223071634769439697265625" lon="-80.47403804026544094085693359375">
        <ele>463.399993896484375</ele>
        <time>2024-10-22T18:00:43.000Z</time>
        <extensions>
          <ns3:TrackPointExtension>
            <ns3:hr>104</ns3:hr>
          </ns3:TrackPointExtension>
        </extensions>
      </trkpt>
      <trkpt lat="44.4144722633063793182373046875" lon="-80.47403812408447265625">
        <ele>462.79998779296875</ele>
        <time>2024-10-22T18:00:48.000Z</time>
        <extensions>
          <ns3:TrackPointExtension>
            <ns3:hr>105</ns3:hr>
          </ns3:TrackPointExtension>
        </extensions>
      </trkpt>
      <trkpt lat="44.41452213563024997711181640625" lon="-80.47404960729181766510009765625">
        <ele>462.20001220703125</ele>
        <time>2024-10-22T18:00:52.000Z</time>
        <extensions>
          <ns3:TrackPointExtension>
            <ns3:hr>104</ns3:hr>
          </ns3:TrackPointExtension>
        </extensions>
      </trkpt>
      <trkpt lat="44.414584748446941375732421875" lon="-80.47406586818397045135498046875">
        <ele>461.79998779296875</ele>
        <time>2024-10-22T18:00:57.000Z</time>
        <extensions>
          <ns3:TrackPointExtension>
            <ns3:hr>102</ns3:hr>
          </ns3:TrackPointExtension>
        </extensions>
      </trkpt>
      <trkpt lat="44.414632022380828857421875" lon="-80.47408112324774265289306640625">
        <ele>461.399993896484375</ele>
        <time>2024-10-22T18:01:01.000Z</time>
        <extensions>
          <ns3:TrackPointExtension>
            <ns3:hr>103</ns3:hr>
          </ns3:TrackPointExtension>
        </extensions>
      </trkpt>
      <trkpt lat="44.414675943553447723388671875" lon="-80.4740859009325504302978515625">
        <ele>461.20001220703125</ele>
        <time>2024-10-22T18:01:04.000Z</time>
        <extensions>
          <ns3:TrackPointExtension>
            <ns3:hr>100</ns3:hr>
          </ns3:TrackPointExtension>
        </extensions>
      </trkpt>
      <trkpt lat="44.41472589969635009765625" lon="-80.4740892536938190460205078125">
        <ele>460.79998779296875</ele>
        <time>2024-10-22T18:01:08.000Z</time>
        <extensions>
          <ns3:TrackPointExtension>
            <ns3:hr>101</ns3:hr>
          </ns3:TrackPointExtension>
        </extensions>
      </trkpt>
      <trkpt lat="44.414750039577484130859375" lon="-80.47409771941602230072021484375">
        <ele>460.600006103515625</ele>
        <time>2024-10-22T18:01:10.000Z</time>
        <extensions>
          <ns3:TrackPointExtension>
            <ns3:hr>103</ns3:hr>
          </ns3:TrackPointExtension>
        </extensions>
      </trkpt>
      <trkpt lat="44.41476454026997089385986328125" lon="-80.474099479615688323974609375">
        <ele>460.600006103515625</ele>
        <time>2024-10-22T18:01:11.000Z</time>
        <extensions>
          <ns3:TrackPointExtension>
            <ns3:hr>106</ns3:hr>
          </ns3:TrackPointExtension>
        </extensions>
      </trkpt>
      <trkpt lat="44.4148004986345767974853515625" lon="-80.4741063527762889862060546875">
        <ele>460.399993896484375</ele>
        <time>2024-10-22T18:01:13.000Z</time>
        <extensions>
          <ns3:TrackPointExtension>
            <ns3:hr>109</ns3:hr>
          </ns3:TrackPointExtension>
        </extensions>
      </trkpt>
      <trkpt lat="44.4148859940469264984130859375" lon="-80.4741306602954864501953125">
        <ele>459.79998779296875</ele>
        <time>2024-10-22T18:01:19.000Z</time>
        <extensions>
          <ns3:TrackPointExtension>
            <ns3:hr>110</ns3:hr>
          </ns3:TrackPointExtension>
        </extensions>
      </trkpt>
      <trkpt lat="44.41500828601419925689697265625" lon="-80.4741378687322139739990234375">
        <ele>459.20001220703125</ele>
        <time>2024-10-22T18:01:28.000Z</time>
        <extensions>
          <ns3:TrackPointExtension>
            <ns3:hr>109</ns3:hr>
          </ns3:TrackPointExtension>
        </extensions>
      </trkpt>
      <trkpt lat="44.415050111711025238037109375" lon="-80.4741459153592586517333984375">
        <ele>459.20001220703125</ele>
        <time>2024-10-22T18:01:31.000Z</time>
        <extensions>
          <ns3:TrackPointExtension>
            <ns3:hr>106</ns3:hr>
          </ns3:TrackPointExtension>
        </extensions>
      </trkpt>
      <trkpt lat="44.41508975811302661895751953125" lon="-80.47415739856660366058349609375">
        <ele>459</ele>
        <time>2024-10-22T18:01:34.000Z</time>
        <extensions>
          <ns3:TrackPointExtension>
            <ns3:hr>109</ns3:hr>
          </ns3:TrackPointExtension>
        </extensions>
      </trkpt>
      <trkpt lat="44.41512932069599628448486328125" lon="-80.47415991313755512237548828125">
        <ele>459</ele>
        <time>2024-10-22T18:01:37.000Z</time>
        <extensions>
          <ns3:TrackPointExtension>
            <ns3:hr>103</ns3:hr>
          </ns3:TrackPointExtension>
        </extensions>
      </trkpt>
      <trkpt lat="44.415143989026546478271484375" lon="-80.47416041605174541473388671875">
        <ele>459</ele>
        <time>2024-10-22T18:01:38.000Z</time>
        <extensions>
          <ns3:TrackPointExtension>
            <ns3:hr>103</ns3:hr>
          </ns3:TrackPointExtension>
        </extensions>
      </trkpt>
      <trkpt lat="44.41516737453639507293701171875" lon="-80.47416192479431629180908203125">
        <ele>458.79998779296875</ele>
        <time>2024-10-22T18:01:40.000Z</time>
        <extensions>
          <ns3:TrackPointExtension>
            <ns3:hr>100</ns3:hr>
          </ns3:TrackPointExtension>
        </extensions>
      </trkpt>
      <trkpt lat="44.41524113528430461883544921875" lon="-80.47417717985808849334716796875">
        <ele>458.79998779296875</ele>
        <time>2024-10-22T18:01:46.000Z</time>
        <extensions>
          <ns3:TrackPointExtension>
            <ns3:hr>101</ns3:hr>
          </ns3:TrackPointExtension>
        </extensions>
      </trkpt>
      <trkpt lat="44.41526410169899463653564453125" lon="-80.474187321960926055908203125">
        <ele>458.600006103515625</ele>
        <time>2024-10-22T18:01:48.000Z</time>
        <extensions>
          <ns3:TrackPointExtension>
            <ns3:hr>102</ns3:hr>
          </ns3:TrackPointExtension>
        </extensions>
      </trkpt>
      <trkpt lat="44.4153419695794582366943359375" lon="-80.4742005653679370880126953125">
        <ele>458.79998779296875</ele>
        <time>2024-10-22T18:01:54.000Z</time>
        <extensions>
          <ns3:TrackPointExtension>
            <ns3:hr>101</ns3:hr>
          </ns3:TrackPointExtension>
        </extensions>
      </trkpt>
      <trkpt lat="44.415365271270275115966796875" lon="-80.47420584596693515777587890625">
        <ele>458.79998779296875</ele>
        <time>2024-10-22T18:01:56.000Z</time>
        <extensions>
          <ns3:TrackPointExtension>
            <ns3:hr>98</ns3:hr>
          </ns3:TrackPointExtension>
        </extensions>
      </trkpt>
      <trkpt lat="44.41544196568429470062255859375" lon="-80.4742371104657649993896484375">
        <ele>458.600006103515625</ele>
        <time>2024-10-22T18:02:03.000Z</time>
        <extensions>
          <ns3:TrackPointExtension>
            <ns3:hr>100</ns3:hr>
          </ns3:TrackPointExtension>
        </extensions>
      </trkpt>
      <trkpt lat="44.4155515171587467193603515625" lon="-80.47427541576325893402099609375">
        <ele>458.399993896484375</ele>
        <time>2024-10-22T18:02:12.000Z</time>
        <extensions>
          <ns3:TrackPointExtension>
            <ns3:hr>99</ns3:hr>
          </ns3:TrackPointExtension>
        </extensions>
      </trkpt>
      <trkpt lat="44.4156346656382083892822265625" lon="-80.474296621978282928466796875">
        <ele>458</ele>
        <time>2024-10-22T18:02:20.000Z</time>
        <extensions>
          <ns3:TrackPointExtension>
            <ns3:hr>99</ns3:hr>
          </ns3:TrackPointExtension>
        </extensions>
      </trkpt>
      <trkpt lat="44.41569887101650238037109375" lon="-80.4743148945271968841552734375">
        <ele>457.600006103515625</ele>
        <time>2024-10-22T18:02:25.000Z</time>
        <extensions>
          <ns3:TrackPointExtension>
            <ns3:hr>100</ns3:hr>
          </ns3:TrackPointExtension>
        </extensions>
      </trkpt>
      <trkpt lat="44.4157369248569011688232421875" lon="-80.47433610074222087860107421875">
        <ele>457.399993896484375</ele>
        <time>2024-10-22T18:02:28.000Z</time>
        <extensions>
          <ns3:TrackPointExtension>
            <ns3:hr>100</ns3:hr>
          </ns3:TrackPointExtension>
        </extensions>
      </trkpt>
      <trkpt lat="44.41580079495906829833984375" lon="-80.474357642233371734619140625">
        <ele>456.20001220703125</ele>
        <time>2024-10-22T18:02:33.000Z</time>
        <extensions>
          <ns3:TrackPointExtension>
            <ns3:hr>101</ns3:hr>
          </ns3:TrackPointExtension>
        </extensions>
      </trkpt>
      <trkpt lat="44.4158797524869441986083984375" lon="-80.47437633387744426727294921875">
        <ele>456.20001220703125</ele>
        <time>2024-10-22T18:02:39.000Z</time>
        <extensions>
          <ns3:TrackPointExtension>
            <ns3:hr>102</ns3:hr>
          </ns3:TrackPointExtension>
        </extensions>
      </trkpt>
      <trkpt lat="44.41596382297575473785400390625" lon="-80.47440567053854465484619140625">
        <ele>456.20001220703125</ele>
        <time>2024-10-22T18:02:47.000Z</time>
        <extensions>
          <ns3:TrackPointExtension>
            <ns3:hr>104</ns3:hr>
          </ns3:TrackPointExtension>
        </extensions>
      </trkpt>
      <trkpt lat="44.4160282798111438751220703125" lon="-80.47442344017326831817626953125">
        <ele>456.20001220703125</ele>
        <time>2024-10-22T18:02:54.000Z</time>
        <extensions>
          <ns3:TrackPointExtension>
            <ns3:hr>101</ns3:hr>
          </ns3:TrackPointExtension>
        </extensions>
      </trkpt>
      <trkpt lat="44.4160393439233303070068359375" lon="-80.47442662529647350311279296875">
        <ele>456.20001220703125</ele>
        <time>2024-10-22T18:02:55.000Z</time>
        <extensions>
          <ns3:TrackPointExtension>
            <ns3:hr>101</ns3:hr>
          </ns3:TrackPointExtension>
        </extensions>
      </trkpt>
      <trkpt lat="44.416149146854877471923828125" lon="-80.47445478849112987518310546875">
        <ele>456.20001220703125</ele>
        <time>2024-10-22T18:03:04.000Z</time>
        <extensions>
          <ns3:TrackPointExtension>
            <ns3:hr>104</ns3:hr>
          </ns3:TrackPointExtension>
        </extensions>
      </trkpt>
      <trkpt lat="44.41616280935704708099365234375" lon="-80.474460236728191375732421875">
        <ele>456.20001220703125</ele>
        <time>2024-10-22T18:03:05.000Z</time>
        <extensions>
          <ns3:TrackPointExtension>
            <ns3:hr>100</ns3:hr>
          </ns3:TrackPointExtension>
        </extensions>
      </trkpt>
      <trkpt lat="44.41626121290028095245361328125" lon="-80.4745120368897914886474609375">
        <ele>456.20001220703125</ele>
        <time>2024-10-22T18:03:13.000Z</time>
        <extensions>
          <ns3:TrackPointExtension>
            <ns3:hr>103</ns3:hr>
          </ns3:TrackPointExtension>
        </extensions>
      </trkpt>
      <trkpt lat="44.41631468944251537322998046875" lon="-80.474536679685115814208984375">
        <ele>456.20001220703125</ele>
        <time>2024-10-22T18:03:19.000Z</time>
        <extensions>
          <ns3:TrackPointExtension>
            <ns3:hr>100</ns3:hr>
          </ns3:TrackPointExtension>
        </extensions>
      </trkpt>
      <trkpt lat="44.41633455455303192138671875" lon="-80.474538691341876983642578125">
        <ele>456.20001220703125</ele>
        <time>2024-10-22T18:03:21.000Z</time>
        <extensions>
          <ns3:TrackPointExtension>
            <ns3:hr>100</ns3:hr>
          </ns3:TrackPointExtension>
        </extensions>
      </trkpt>
      <trkpt lat="44.4163712672889232635498046875" lon="-80.47454145736992359161376953125">
        <ele>456.20001220703125</ele>
        <time>2024-10-22T18:03:24.000Z</time>
        <extensions>
          <ns3:TrackPointExtension>
            <ns3:hr>103</ns3:hr>
          </ns3:TrackPointExtension>
        </extensions>
      </trkpt>
      <trkpt lat="44.41641879267990589141845703125" lon="-80.47455604188144207000732421875">
        <ele>456.20001220703125</ele>
        <time>2024-10-22T18:03:29.000Z</time>
        <extensions>
          <ns3:TrackPointExtension>
            <ns3:hr>100</ns3:hr>
          </ns3:TrackPointExtension>
        </extensions>
      </trkpt>
      <trkpt lat="44.41647947765886783599853515625" lon="-80.474566854536533355712890625">
        <ele>448</ele>
        <time>2024-10-22T18:03:34.000Z</time>
        <extensions>
          <ns3:TrackPointExtension>
            <ns3:hr>100</ns3:hr>
          </ns3:TrackPointExtension>
        </extensions>
      </trkpt>
      <trkpt lat="44.41650621592998504638671875" lon="-80.47457733191549777984619140625">
        <ele>448.20001220703125</ele>
        <time>2024-10-22T18:03:37.000Z</time>
        <extensions>
          <ns3:TrackPointExtension>
            <ns3:hr>100</ns3:hr>
          </ns3:TrackPointExtension>
        </extensions>
      </trkpt>
      <trkpt lat="44.4166039489209651947021484375" lon="-80.47459795139729976654052734375">
        <ele>446.79998779296875</ele>
        <time>2024-10-22T18:03:44.000Z</time>
        <extensions>
          <ns3:TrackPointExtension>
            <ns3:hr>98</ns3:hr>
          </ns3:TrackPointExtension>
        </extensions>
      </trkpt>
      <trkpt lat="44.4166839122772216796875" lon="-80.47462896443903446197509765625">
        <ele>446.600006103515625</ele>
        <time>2024-10-22T18:03:51.000Z</time>
        <extensions>
          <ns3:TrackPointExtension>
            <ns3:hr>97</ns3:hr>
          </ns3:TrackPointExtension>
        </extensions>
      </trkpt>
      <trkpt lat="44.41671215929090976715087890625" lon="-80.47464153729379177093505859375">
        <ele>446.79998779296875</ele>
        <time>2024-10-22T18:03:53.000Z</time>
        <extensions>
          <ns3:TrackPointExtension>
            <ns3:hr>96</ns3:hr>
          </ns3:TrackPointExtension>
        </extensions>
      </trkpt>
      <trkpt lat="44.41682229749858379364013671875" lon="-80.47464757226407527923583984375">
        <ele>446.20001220703125</ele>
        <time>2024-10-22T18:04:00.000Z</time>
        <extensions>
          <ns3:TrackPointExtension>
            <ns3:hr>97</ns3:hr>
          </ns3:TrackPointExtension>
        </extensions>
      </trkpt>
      <trkpt lat="44.4168476946651935577392578125" lon="-80.4746521823108196258544921875">
        <ele>446.20001220703125</ele>
        <time>2024-10-22T18:04:02.000Z</time>
        <extensions>
          <ns3:TrackPointExtension>
            <ns3:hr>94</ns3:hr>
          </ns3:TrackPointExtension>
        </extensions>
      </trkpt>
      <trkpt lat="44.4168644584715366363525390625" lon="-80.47465595416724681854248046875">
        <ele>446</ele>
        <time>2024-10-22T18:04:03.000Z</time>
        <extensions>
          <ns3:TrackPointExtension>
            <ns3:hr>99</ns3:hr>
          </ns3:TrackPointExtension>
        </extensions>
      </trkpt>
      <trkpt lat="44.41688130609691143035888671875" lon="-80.47466098330914974212646484375">
        <ele>445.79998779296875</ele>
        <time>2024-10-22T18:04:04.000Z</time>
        <extensions>
          <ns3:TrackPointExtension>
            <ns3:hr>96</ns3:hr>
          </ns3:TrackPointExtension>
        </extensions>
      </trkpt>
      <trkpt lat="44.41693210043013095855712890625" lon="-80.47465712763369083404541015625">
        <ele>445.399993896484375</ele>
        <time>2024-10-22T18:04:07.000Z</time>
        <extensions>
          <ns3:TrackPointExtension>
            <ns3:hr>96</ns3:hr>
          </ns3:TrackPointExtension>
        </extensions>
      </trkpt>
      <trkpt lat="44.41700183786451816558837890625" lon="-80.47467405907809734344482421875">
        <ele>445</ele>
        <time>2024-10-22T18:04:12.000Z</time>
        <extensions>
          <ns3:TrackPointExtension>
            <ns3:hr>99</ns3:hr>
          </ns3:TrackPointExtension>
        </extensions>
      </trkpt>
      <trkpt lat="44.41702748648822307586669921875" lon="-80.4746751487255096435546875">
        <ele>444.79998779296875</ele>
        <time>2024-10-22T18:04:14.000Z</time>
        <extensions>
          <ns3:TrackPointExtension>
            <ns3:hr>99</ns3:hr>
          </ns3:TrackPointExtension>
        </extensions>
      </trkpt>
      <trkpt lat="44.41704341210424900054931640625" lon="-80.4746743105351924896240234375">
        <ele>444.600006103515625</ele>
        <time>2024-10-22T18:04:15.000Z</time>
        <extensions>
          <ns3:TrackPointExtension>
            <ns3:hr>99</ns3:hr>
          </ns3:TrackPointExtension>
        </extensions>
      </trkpt>
      <trkpt lat="44.41716344095766544342041015625" lon="-80.4746967740356922149658203125">
        <ele>444</ele>
        <time>2024-10-22T18:04:23.000Z</time>
        <extensions>
          <ns3:TrackPointExtension>
            <ns3:hr>98</ns3:hr>
          </ns3:TrackPointExtension>
        </extensions>
      </trkpt>
      <trkpt lat="44.417235441505908966064453125" lon="-80.47471714206039905548095703125">
        <ele>443.79998779296875</ele>
        <time>2024-10-22T18:04:28.000Z</time>
        <extensions>
          <ns3:TrackPointExtension>
            <ns3:hr>98</ns3:hr>
          </ns3:TrackPointExtension>
        </extensions>
      </trkpt>
      <trkpt lat="44.41728648729622364044189453125" lon="-80.4747333191335201263427734375">
        <ele>443.399993896484375</ele>
        <time>2024-10-22T18:04:32.000Z</time>
        <extensions>
          <ns3:TrackPointExtension>
            <ns3:hr>97</ns3:hr>
          </ns3:TrackPointExtension>
        </extensions>
      </trkpt>
      <trkpt lat="44.417424537241458892822265625" lon="-80.47475419007241725921630859375">
        <ele>442.79998779296875</ele>
        <time>2024-10-22T18:04:41.000Z</time>
        <extensions>
          <ns3:TrackPointExtension>
            <ns3:hr>100</ns3:hr>
          </ns3:TrackPointExtension>
        </extensions>
      </trkpt>
      <trkpt lat="44.417464099824428558349609375" lon="-80.47476273961365222930908203125">
        <ele>442.600006103515625</ele>
        <time>2024-10-22T18:04:44.000Z</time>
        <extensions>
          <ns3:TrackPointExtension>
            <ns3:hr>99</ns3:hr>
          </ns3:TrackPointExtension>
        </extensions>
      </trkpt>
      <trkpt lat="44.4175514392554759979248046875" lon="-80.47477506101131439208984375">
        <ele>442.20001220703125</ele>
        <time>2024-10-22T18:04:50.000Z</time>
        <extensions>
          <ns3:TrackPointExtension>
            <ns3:hr>100</ns3:hr>
          </ns3:TrackPointExtension>
        </extensions>
      </trkpt>
      <trkpt lat="44.417616315186023712158203125" lon="-80.47478847205638885498046875">
        <ele>441.79998779296875</ele>
        <time>2024-10-22T18:04:55.000Z</time>
        <extensions>
          <ns3:TrackPointExtension>
            <ns3:hr>97</ns3:hr>
          </ns3:TrackPointExtension>
        </extensions>
      </trkpt>
      <trkpt lat="44.4176523573696613311767578125" lon="-80.47479995526373386383056640625">
        <ele>441.79998779296875</ele>
        <time>2024-10-22T18:04:58.000Z</time>
        <extensions>
          <ns3:TrackPointExtension>
            <ns3:hr>100</ns3:hr>
          </ns3:TrackPointExtension>
        </extensions>
      </trkpt>
      <trkpt lat="44.4177006371319293975830078125" lon="-80.474813617765903472900390625">
        <ele>441.600006103515625</ele>
        <time>2024-10-22T18:05:02.000Z</time>
        <extensions>
          <ns3:TrackPointExtension>
            <ns3:hr>101</ns3:hr>
          </ns3:TrackPointExtension>
        </extensions>
      </trkpt>
      <trkpt lat="44.417775236070156097412109375" lon="-80.47482979483902454376220703125">
        <ele>441.600006103515625</ele>
        <time>2024-10-22T18:05:08.000Z</time>
        <extensions>
          <ns3:TrackPointExtension>
            <ns3:hr>102</ns3:hr>
          </ns3:TrackPointExtension>
        </extensions>
      </trkpt>
      <trkpt lat="44.4178493320941925048828125" lon="-80.4748563654720783233642578125">
        <ele>441</ele>
        <time>2024-10-22T18:05:14.000Z</time>
        <extensions>
          <ns3:TrackPointExtension>
            <ns3:hr>105</ns3:hr>
          </ns3:TrackPointExtension>
        </extensions>
      </trkpt>
      <trkpt lat="44.41789249889552593231201171875" lon="-80.4748674295842647552490234375">
        <ele>440.600006103515625</ele>
        <time>2024-10-22T18:05:17.000Z</time>
        <extensions>
          <ns3:TrackPointExtension>
            <ns3:hr>104</ns3:hr>
          </ns3:TrackPointExtension>
        </extensions>
      </trkpt>
      <trkpt lat="44.41790674813091754913330078125" lon="-80.47486935742199420928955078125">
        <ele>440.399993896484375</ele>
        <time>2024-10-22T18:05:18.000Z</time>
        <extensions>
          <ns3:TrackPointExtension>
            <ns3:hr>103</ns3:hr>
          </ns3:TrackPointExtension>
        </extensions>
      </trkpt>
      <trkpt lat="44.41795972175896167755126953125" lon="-80.4748763144016265869140625">
        <ele>440.20001220703125</ele>
        <time>2024-10-22T18:05:22.000Z</time>
        <extensions>
          <ns3:TrackPointExtension>
            <ns3:hr>100</ns3:hr>
          </ns3:TrackPointExtension>
        </extensions>
      </trkpt>
      <trkpt lat="44.4180017150938510894775390625" lon="-80.47488075681030750274658203125">
        <ele>440</ele>
        <time>2024-10-22T18:05:25.000Z</time>
        <extensions>
          <ns3:TrackPointExtension>
            <ns3:hr>102</ns3:hr>
          </ns3:TrackPointExtension>
        </extensions>
      </trkpt>
      <trkpt lat="44.418054521083831787109375" lon="-80.47489802353084087371826171875">
        <ele>439.79998779296875</ele>
        <time>2024-10-22T18:05:29.000Z</time>
        <extensions>
          <ns3:TrackPointExtension>
            <ns3:hr>106</ns3:hr>
          </ns3:TrackPointExtension>
        </extensions>
      </trkpt>
      <trkpt lat="44.418083690106868743896484375" lon="-80.47490003518760204315185546875">
        <ele>439.399993896484375</ele>
        <time>2024-10-22T18:05:31.000Z</time>
        <extensions>
          <ns3:TrackPointExtension>
            <ns3:hr>103</ns3:hr>
          </ns3:TrackPointExtension>
        </extensions>
      </trkpt>
      <trkpt lat="44.41810087300837039947509765625" lon="-80.474899113178253173828125">
        <ele>439.399993896484375</ele>
        <time>2024-10-22T18:05:32.000Z</time>
        <extensions>
          <ns3:TrackPointExtension>
            <ns3:hr>104</ns3:hr>
          </ns3:TrackPointExtension>
        </extensions>
      </trkpt>
      <trkpt lat="44.4181177206337451934814453125" lon="-80.4748986102640628814697265625">
        <ele>439.399993896484375</ele>
        <time>2024-10-22T18:05:33.000Z</time>
        <extensions>
          <ns3:TrackPointExtension>
            <ns3:hr>105</ns3:hr>
          </ns3:TrackPointExtension>
        </extensions>
      </trkpt>
      <trkpt lat="44.41813238896429538726806640625" lon="-80.47489902935922145843505859375">
        <ele>439.20001220703125</ele>
        <time>2024-10-22T18:05:34.000Z</time>
        <extensions>
          <ns3:TrackPointExtension>
            <ns3:hr>101</ns3:hr>
          </ns3:TrackPointExtension>
        </extensions>
      </trkpt>
      <trkpt lat="44.4182605482637882232666015625" lon="-80.47491981647908687591552734375">
        <ele>439</ele>
        <time>2024-10-22T18:05:43.000Z</time>
        <extensions>
          <ns3:TrackPointExtension>
            <ns3:hr>101</ns3:hr>
          </ns3:TrackPointExtension>
        </extensions>
      </trkpt>
      <trkpt lat="44.41840530373156070709228515625" lon="-80.4749475605785846710205078125">
        <ele>438.399993896484375</ele>
        <time>2024-10-22T18:05:53.000Z</time>
        <extensions>
          <ns3:TrackPointExtension>
            <ns3:hr>100</ns3:hr>
          </ns3:TrackPointExtension>
        </extensions>
      </trkpt>
      <trkpt lat="44.4184198044240474700927734375" lon="-80.4749485664069652557373046875">
        <ele>438.20001220703125</ele>
        <time>2024-10-22T18:05:54.000Z</time>
        <extensions>
          <ns3:TrackPointExtension>
            <ns3:hr>100</ns3:hr>
          </ns3:TrackPointExtension>
        </extensions>
      </trkpt>
      <trkpt lat="44.41854226402938365936279296875" lon="-80.47497161664068698883056640625">
        <ele>437.79998779296875</ele>
        <time>2024-10-22T18:06:03.000Z</time>
        <extensions>
          <ns3:TrackPointExtension>
            <ns3:hr>100</ns3:hr>
          </ns3:TrackPointExtension>
        </extensions>
      </trkpt>
      <trkpt lat="44.41866002976894378662109375" lon="-80.475002042949199676513671875">
        <ele>437.399993896484375</ele>
        <time>2024-10-22T18:06:12.000Z</time>
        <extensions>
          <ns3:TrackPointExtension>
            <ns3:hr>101</ns3:hr>
          </ns3:TrackPointExtension>
        </extensions>
      </trkpt>
      <trkpt lat="44.41870034672319889068603515625" lon="-80.4750095866620540618896484375">
        <ele>437.20001220703125</ele>
        <time>2024-10-22T18:06:15.000Z</time>
        <extensions>
          <ns3:TrackPointExtension>
            <ns3:hr>100</ns3:hr>
          </ns3:TrackPointExtension>
        </extensions>
      </trkpt>
      <trkpt lat="44.41880411468446254730224609375" lon="-80.47504135407507419586181640625">
        <ele>436.79998779296875</ele>
        <time>2024-10-22T18:06:23.000Z</time>
        <extensions>
          <ns3:TrackPointExtension>
            <ns3:hr>101</ns3:hr>
          </ns3:TrackPointExtension>
        </extensions>
      </trkpt>
      <trkpt lat="44.41886479966342449188232421875" lon="-80.47507236711680889129638671875">
        <ele>436.20001220703125</ele>
        <time>2024-10-22T18:06:28.000Z</time>
        <extensions>
          <ns3:TrackPointExtension>
            <ns3:hr>101</ns3:hr>
          </ns3:TrackPointExtension>
        </extensions>
      </trkpt>
      <trkpt lat="44.4189193658530712127685546875" lon="-80.4750910587608814239501953125">
        <ele>436</ele>
        <time>2024-10-22T18:06:32.000Z</time>
        <extensions>
          <ns3:TrackPointExtension>
            <ns3:hr>102</ns3:hr>
          </ns3:TrackPointExtension>
        </extensions>
      </trkpt>
      <trkpt lat="44.419034533202648162841796875" lon="-80.475110672414302825927734375">
        <ele>435.20001220703125</ele>
        <time>2024-10-22T18:06:41.000Z</time>
        <extensions>
          <ns3:TrackPointExtension>
            <ns3:hr>102</ns3:hr>
          </ns3:TrackPointExtension>
        </extensions>
      </trkpt>
      <trkpt lat="44.4190474413335323333740234375" lon="-80.47511477954685688018798828125">
        <ele>435.20001220703125</ele>
        <time>2024-10-22T18:06:42.000Z</time>
        <extensions>
          <ns3:TrackPointExtension>
            <ns3:hr>98</ns3:hr>
          </ns3:TrackPointExtension>
        </extensions>
      </trkpt>
      <trkpt lat="44.419060684740543365478515625" lon="-80.47511813230812549591064453125">
        <ele>435.20001220703125</ele>
        <time>2024-10-22T18:06:43.000Z</time>
        <extensions>
          <ns3:TrackPointExtension>
            <ns3:hr>99</ns3:hr>
          </ns3:TrackPointExtension>
        </extensions>
      </trkpt>
      <trkpt lat="44.419130422174930572509765625" lon="-80.47512374818325042724609375">
        <ele>434.79998779296875</ele>
        <time>2024-10-22T18:06:48.000Z</time>
        <extensions>
          <ns3:TrackPointExtension>
            <ns3:hr>103</ns3:hr>
          </ns3:TrackPointExtension>
        </extensions>
      </trkpt>
      <trkpt lat="44.41914374940097332000732421875" lon="-80.4751249216496944427490234375">
        <ele>434.79998779296875</ele>
        <time>2024-10-22T18:06:49.000Z</time>
        <extensions>
          <ns3:TrackPointExtension>
            <ns3:hr>101</ns3:hr>
          </ns3:TrackPointExtension>
        </extensions>
      </trkpt>
      <trkpt lat="44.4192724116146564483642578125" lon="-80.4751525819301605224609375">
        <ele>434.399993896484375</ele>
        <time>2024-10-22T18:06:58.000Z</time>
        <extensions>
          <ns3:TrackPointExtension>
            <ns3:hr>99</ns3:hr>
          </ns3:TrackPointExtension>
        </extensions>
      </trkpt>
      <trkpt lat="44.41934608854353427886962890625" lon="-80.4751646518707275390625">
        <ele>434.20001220703125</ele>
        <time>2024-10-22T18:07:04.000Z</time>
        <extensions>
          <ns3:TrackPointExtension>
            <ns3:hr>102</ns3:hr>
          </ns3:TrackPointExtension>
        </extensions>
      </trkpt>
      <trkpt lat="44.419358409941196441650390625" lon="-80.475170351564884185791015625">
        <ele>434.20001220703125</ele>
        <time>2024-10-22T18:07:05.000Z</time>
        <extensions>
          <ns3:TrackPointExtension>
            <ns3:hr>101</ns3:hr>
          </ns3:TrackPointExtension>
        </extensions>
      </trkpt>
      <trkpt lat="44.41938363946974277496337890625" lon="-80.47517864964902400970458984375">
        <ele>434</ele>
        <time>2024-10-22T18:07:07.000Z</time>
        <extensions>
          <ns3:TrackPointExtension>
            <ns3:hr>101</ns3:hr>
          </ns3:TrackPointExtension>
        </extensions>
      </trkpt>
      <trkpt lat="44.4194957055151462554931640625" lon="-80.47520480118691921234130859375">
        <ele>433.79998779296875</ele>
        <time>2024-10-22T18:07:15.000Z</time>
        <extensions>
          <ns3:TrackPointExtension>
            <ns3:hr>99</ns3:hr>
          </ns3:TrackPointExtension>
        </extensions>
      </trkpt>
      <trkpt lat="44.419592432677745819091796875" lon="-80.4752250015735626220703125">
        <ele>433.79998779296875</ele>
        <time>2024-10-22T18:07:22.000Z</time>
        <extensions>
          <ns3:TrackPointExtension>
            <ns3:hr>98</ns3:hr>
          </ns3:TrackPointExtension>
        </extensions>
      </trkpt>
      <trkpt lat="44.41965906880795955657958984375" lon="-80.47524067573249340057373046875">
        <ele>433.600006103515625</ele>
        <time>2024-10-22T18:07:27.000Z</time>
        <extensions>
          <ns3:TrackPointExtension>
            <ns3:hr>99</ns3:hr>
          </ns3:TrackPointExtension>
        </extensions>
      </trkpt>
      <trkpt lat="44.41978161223232746124267578125" lon="-80.4752768017351627349853515625">
        <ele>433.20001220703125</ele>
        <time>2024-10-22T18:07:36.000Z</time>
        <extensions>
          <ns3:TrackPointExtension>
            <ns3:hr>100</ns3:hr>
          </ns3:TrackPointExtension>
        </extensions>
      </trkpt>
      <trkpt lat="44.419819749891757965087890625" lon="-80.47528107650578022003173828125">
        <ele>433.20001220703125</ele>
        <time>2024-10-22T18:07:39.000Z</time>
        <extensions>
          <ns3:TrackPointExtension>
            <ns3:hr>103</ns3:hr>
          </ns3:TrackPointExtension>
        </extensions>
      </trkpt>
      <trkpt lat="44.4198869727551937103271484375" lon="-80.47529406845569610595703125">
        <ele>433.20001220703125</ele>
        <time>2024-10-22T18:07:44.000Z</time>
        <extensions>
          <ns3:TrackPointExtension>
            <ns3:hr>103</ns3:hr>
          </ns3:TrackPointExtension>
        </extensions>
      </trkpt>
      <trkpt lat="44.42000322975218296051025390625" lon="-80.47531954944133758544921875">
        <ele>433.20001220703125</ele>
        <time>2024-10-22T18:07:53.000Z</time>
        <extensions>
          <ns3:TrackPointExtension>
            <ns3:hr>103</ns3:hr>
          </ns3:TrackPointExtension>
        </extensions>
      </trkpt>
      <trkpt lat="44.42016466520726680755615234375" lon="-80.47535835765302181243896484375">
        <ele>433</ele>
        <time>2024-10-22T18:08:05.000Z</time>
        <extensions>
          <ns3:TrackPointExtension>
            <ns3:hr>103</ns3:hr>
          </ns3:TrackPointExtension>
        </extensions>
      </trkpt>
      <trkpt lat="44.42028972320258617401123046875" lon="-80.47538216225802898406982421875">
        <ele>433</ele>
        <time>2024-10-22T18:08:14.000Z</time>
        <extensions>
          <ns3:TrackPointExtension>
            <ns3:hr>103</ns3:hr>
          </ns3:TrackPointExtension>
        </extensions>
      </trkpt>
      <trkpt lat="44.42042333073914051055908203125" lon="-80.4754048772156238555908203125">
        <ele>433</ele>
        <time>2024-10-22T18:08:24.000Z</time>
        <extensions>
          <ns3:TrackPointExtension>
            <ns3:hr>101</ns3:hr>
          </ns3:TrackPointExtension>
        </extensions>
      </trkpt>
      <trkpt lat="44.4204747118055820465087890625" lon="-80.475418455898761749267578125">
        <ele>433.20001220703125</ele>
        <time>2024-10-22T18:08:28.000Z</time>
        <extensions>
          <ns3:TrackPointExtension>
            <ns3:hr>104</ns3:hr>
          </ns3:TrackPointExtension>
        </extensions>
      </trkpt>
      <trkpt lat="44.42050195299088954925537109375" lon="-80.4754266701638698577880859375">
        <ele>433.20001220703125</ele>
        <time>2024-10-22T18:08:30.000Z</time>
        <extensions>
          <ns3:TrackPointExtension>
            <ns3:hr>101</ns3:hr>
          </ns3:TrackPointExtension>
        </extensions>
      </trkpt>
      <trkpt lat="44.42053883336484432220458984375" lon="-80.47544217668473720550537109375">
        <ele>433.20001220703125</ele>
        <time>2024-10-22T18:08:33.000Z</time>
        <extensions>
          <ns3:TrackPointExtension>
            <ns3:hr>98</ns3:hr>
          </ns3:TrackPointExtension>
        </extensions>
      </trkpt>
      <trkpt lat="44.42056263796985149383544921875" lon="-80.47544133849442005157470703125">
        <ele>433.20001220703125</ele>
        <time>2024-10-22T18:08:35.000Z</time>
        <extensions>
          <ns3:TrackPointExtension>
            <ns3:hr>99</ns3:hr>
          </ns3:TrackPointExtension>
        </extensions>
      </trkpt>
      <trkpt lat="44.42061276175081729888916015625" lon="-80.47544963657855987548828125">
        <ele>433.20001220703125</ele>
        <time>2024-10-22T18:08:39.000Z</time>
        <extensions>
          <ns3:TrackPointExtension>
            <ns3:hr>102</ns3:hr>
          </ns3:TrackPointExtension>
        </extensions>
      </trkpt>
      <trkpt lat="44.42065601237118244171142578125" lon="-80.4754588566720485687255859375">
        <ele>433.20001220703125</ele>
        <time>2024-10-22T18:08:43.000Z</time>
        <extensions>
          <ns3:TrackPointExtension>
            <ns3:hr>104</ns3:hr>
          </ns3:TrackPointExtension>
        </extensions>
      </trkpt>
      <trkpt lat="44.4207637198269367218017578125" lon="-80.47549967654049396514892578125">
        <ele>432.600006103515625</ele>
        <time>2024-10-22T18:08:51.000Z</time>
        <extensions>
          <ns3:TrackPointExtension>
            <ns3:hr>104</ns3:hr>
          </ns3:TrackPointExtension>
        </extensions>
      </trkpt>
      <trkpt lat="44.4208508916199207305908203125" lon="-80.47552448697388172149658203125">
        <ele>432.79998779296875</ele>
        <time>2024-10-22T18:08:58.000Z</time>
        <extensions>
          <ns3:TrackPointExtension>
            <ns3:hr>104</ns3:hr>
          </ns3:TrackPointExtension>
        </extensions>
      </trkpt>
      <trkpt lat="44.4209655560553073883056640625" lon="-80.475555248558521270751953125">
        <ele>433</ele>
        <time>2024-10-22T18:09:06.000Z</time>
        <extensions>
          <ns3:TrackPointExtension>
            <ns3:hr>107</ns3:hr>
          </ns3:TrackPointExtension>
        </extensions>
      </trkpt>
      <trkpt lat="44.42097921855747699737548828125" lon="-80.47555834986269474029541015625">
        <ele>433</ele>
        <time>2024-10-22T18:09:07.000Z</time>
        <extensions>
          <ns3:TrackPointExtension>
            <ns3:hr>105</ns3:hr>
          </ns3:TrackPointExtension>
        </extensions>
      </trkpt>
      <trkpt lat="44.42107401788234710693359375" lon="-80.4755634628236293792724609375">
        <ele>432.79998779296875</ele>
        <time>2024-10-22T18:09:15.000Z</time>
        <extensions>
          <ns3:TrackPointExtension>
            <ns3:hr>105</ns3:hr>
          </ns3:TrackPointExtension>
        </extensions>
      </trkpt>
      <trkpt lat="44.421150796115398406982421875" lon="-80.4755939729511737823486328125">
        <ele>432.79998779296875</ele>
        <time>2024-10-22T18:09:21.000Z</time>
        <extensions>
          <ns3:TrackPointExtension>
            <ns3:hr>104</ns3:hr>
          </ns3:TrackPointExtension>
        </extensions>
      </trkpt>
      <trkpt lat="44.42126168869435787200927734375" lon="-80.47561299987137317657470703125">
        <ele>432.600006103515625</ele>
        <time>2024-10-22T18:09:30.000Z</time>
        <extensions>
          <ns3:TrackPointExtension>
            <ns3:hr>105</ns3:hr>
          </ns3:TrackPointExtension>
        </extensions>
      </trkpt>
      <trkpt lat="44.42137266509234905242919921875" lon="-80.47563663683831691741943359375">
        <ele>432.600006103515625</ele>
        <time>2024-10-22T18:09:39.000Z</time>
        <extensions>
          <ns3:TrackPointExtension>
            <ns3:hr>107</ns3:hr>
          </ns3:TrackPointExtension>
        </extensions>
      </trkpt>
      <trkpt lat="44.42140853963792324066162109375" lon="-80.4756407439708709716796875">
        <ele>432.399993896484375</ele>
        <time>2024-10-22T18:09:42.000Z</time>
        <extensions>
          <ns3:TrackPointExtension>
            <ns3:hr>111</ns3:hr>
          </ns3:TrackPointExtension>
        </extensions>
      </trkpt>
      <trkpt lat="44.42143343389034271240234375" lon="-80.47564719803631305694580078125">
        <ele>432.399993896484375</ele>
        <time>2024-10-22T18:09:44.000Z</time>
        <extensions>
          <ns3:TrackPointExtension>
            <ns3:hr>108</ns3:hr>
          </ns3:TrackPointExtension>
        </extensions>
      </trkpt>
      <trkpt lat="44.4214651174843311309814453125" lon="-80.47565348446369171142578125">
        <ele>432.399993896484375</ele>
        <time>2024-10-22T18:09:46.000Z</time>
        <extensions>
          <ns3:TrackPointExtension>
            <ns3:hr>109</ns3:hr>
          </ns3:TrackPointExtension>
        </extensions>
      </trkpt>
      <trkpt lat="44.42158238030970096588134765625" lon="-80.47567586414515972137451171875">
        <ele>432.399993896484375</ele>
        <time>2024-10-22T18:09:54.000Z</time>
        <extensions>
          <ns3:TrackPointExtension>
            <ns3:hr>110</ns3:hr>
          </ns3:TrackPointExtension>
        </extensions>
      </trkpt>
      <trkpt lat="44.4216285645961761474609375" lon="-80.47568424604833126068115234375">
        <ele>432.399993896484375</ele>
        <time>2024-10-22T18:09:58.000Z</time>
        <extensions>
          <ns3:TrackPointExtension>
            <ns3:hr>106</ns3:hr>
          </ns3:TrackPointExtension>
        </extensions>
      </trkpt>
      <trkpt lat="44.4216501899063587188720703125" lon="-80.47568835318088531494140625">
        <ele>432.20001220703125</ele>
        <time>2024-10-22T18:10:00.000Z</time>
        <extensions>
          <ns3:TrackPointExtension>
            <ns3:hr>103</ns3:hr>
          </ns3:TrackPointExtension>
        </extensions>
      </trkpt>
      <trkpt lat="44.4216780178248882293701171875" lon="-80.4756989143788814544677734375">
        <ele>432.20001220703125</ele>
        <time>2024-10-22T18:10:02.000Z</time>
        <extensions>
          <ns3:TrackPointExtension>
            <ns3:hr>101</ns3:hr>
          </ns3:TrackPointExtension>
        </extensions>
      </trkpt>
      <trkpt lat="44.4216910935938358306884765625" lon="-80.47570419497787952423095703125">
        <ele>432.20001220703125</ele>
        <time>2024-10-22T18:10:03.000Z</time>
        <extensions>
          <ns3:TrackPointExtension>
            <ns3:hr>101</ns3:hr>
          </ns3:TrackPointExtension>
        </extensions>
      </trkpt>
      <trkpt lat="44.42177784629166126251220703125" lon="-80.4757337830960750579833984375">
        <ele>431.79998779296875</ele>
        <time>2024-10-22T18:10:09.000Z</time>
        <extensions>
          <ns3:TrackPointExtension>
            <ns3:hr>102</ns3:hr>
          </ns3:TrackPointExtension>
        </extensions>
      </trkpt>
      <trkpt lat="44.42186702974140644073486328125" lon="-80.47576035372912883758544921875">
        <ele>431.399993896484375</ele>
        <time>2024-10-22T18:10:15.000Z</time>
        <extensions>
          <ns3:TrackPointExtension>
            <ns3:hr>99</ns3:hr>
          </ns3:TrackPointExtension>
        </extensions>
      </trkpt>
      <trkpt lat="44.42190013825893402099609375" lon="-80.47576613724231719970703125">
        <ele>431.399993896484375</ele>
        <time>2024-10-22T18:10:18.000Z</time>
        <extensions>
          <ns3:TrackPointExtension>
            <ns3:hr>100</ns3:hr>
          </ns3:TrackPointExtension>
        </extensions>
      </trkpt>
      <trkpt lat="44.42197599448263645172119140625" lon="-80.47576077282428741455078125">
        <ele>431.20001220703125</ele>
        <time>2024-10-22T18:10:24.000Z</time>
        <extensions>
          <ns3:TrackPointExtension>
            <ns3:hr>103</ns3:hr>
          </ns3:TrackPointExtension>
        </extensions>
      </trkpt>
      <trkpt lat="44.421988986432552337646484375" lon="-80.4757518880069255828857421875">
        <ele>431.20001220703125</ele>
        <time>2024-10-22T18:10:25.000Z</time>
        <extensions>
          <ns3:TrackPointExtension>
            <ns3:hr>104</ns3:hr>
          </ns3:TrackPointExtension>
        </extensions>
      </trkpt>
      <trkpt lat="44.42205226980149745941162109375" lon="-80.475679300725460052490234375">
        <ele>431.20001220703125</ele>
        <time>2024-10-22T18:10:32.000Z</time>
        <extensions>
          <ns3:TrackPointExtension>
            <ns3:hr>102</ns3:hr>
          </ns3:TrackPointExtension>
        </extensions>
      </trkpt>
      <trkpt lat="44.422061741352081298828125" lon="-80.47565323300659656524658203125">
        <ele>431</ele>
        <time>2024-10-22T18:10:34.000Z</time>
        <extensions>
          <ns3:TrackPointExtension>
            <ns3:hr>103</ns3:hr>
          </ns3:TrackPointExtension>
        </extensions>
      </trkpt>
      <trkpt lat="44.42209753207862377166748046875" lon="-80.47554493881762027740478515625">
        <ele>431</ele>
        <time>2024-10-22T18:10:41.000Z</time>
        <extensions>
          <ns3:TrackPointExtension>
            <ns3:hr>100</ns3:hr>
          </ns3:TrackPointExtension>
        </extensions>
      </trkpt>
      <trkpt lat="44.422147236764430999755859375" lon="-80.47541074454784393310546875">
        <ele>431</ele>
        <time>2024-10-22T18:10:49.000Z</time>
        <extensions>
          <ns3:TrackPointExtension>
            <ns3:hr>101</ns3:hr>
          </ns3:TrackPointExtension>
        </extensions>
      </trkpt>
      <trkpt lat="44.4222010485827922821044921875" lon="-80.4752362333238124847412109375">
        <ele>431.20001220703125</ele>
        <time>2024-10-22T18:10:59.000Z</time>
        <extensions>
          <ns3:TrackPointExtension>
            <ns3:hr>99</ns3:hr>
          </ns3:TrackPointExtension>
        </extensions>
      </trkpt>
      <trkpt lat="44.42220314405858516693115234375" lon="-80.4750810004770755767822265625">
        <ele>431.20001220703125</ele>
        <time>2024-10-22T18:11:07.000Z</time>
        <extensions>
          <ns3:TrackPointExtension>
            <ns3:hr>97</ns3:hr>
          </ns3:TrackPointExtension>
        </extensions>
      </trkpt>
      <trkpt lat="44.42222862504422664642333984375" lon="-80.47494001686573028564453125">
        <ele>431.20001220703125</ele>
        <time>2024-10-22T18:11:15.000Z</time>
        <extensions>
          <ns3:TrackPointExtension>
            <ns3:hr>98</ns3:hr>
          </ns3:TrackPointExtension>
        </extensions>
      </trkpt>
      <trkpt lat="44.42224320955574512481689453125" lon="-80.47489668242633342742919921875">
        <ele>431.20001220703125</ele>
        <time>2024-10-22T18:11:18.000Z</time>
        <extensions>
          <ns3:TrackPointExtension>
            <ns3:hr>101</ns3:hr>
          </ns3:TrackPointExtension>
        </extensions>
      </trkpt>
      <trkpt lat="44.4222469814121723175048828125" lon="-80.4748821817338466644287109375">
        <ele>431.20001220703125</ele>
        <time>2024-10-22T18:11:19.000Z</time>
        <extensions>
          <ns3:TrackPointExtension>
            <ns3:hr>105</ns3:hr>
          </ns3:TrackPointExtension>
        </extensions>
      </trkpt>
      <trkpt lat="44.4222587160766124725341796875" lon="-80.47482493333518505096435546875">
        <ele>431.20001220703125</ele>
        <time>2024-10-22T18:11:22.000Z</time>
        <extensions>
          <ns3:TrackPointExtension>
            <ns3:hr>102</ns3:hr>
          </ns3:TrackPointExtension>
        </extensions>
      </trkpt>
      <trkpt lat="44.422263242304325103759765625" lon="-80.47480464912950992584228515625">
        <ele>431.20001220703125</ele>
        <time>2024-10-22T18:11:23.000Z</time>
        <extensions>
          <ns3:TrackPointExtension>
            <ns3:hr>103</ns3:hr>
          </ns3:TrackPointExtension>
        </extensions>
      </trkpt>
      <trkpt lat="44.4222915731370449066162109375" lon="-80.4746686108410358428955078125">
        <ele>431.399993896484375</ele>
        <time>2024-10-22T18:11:31.000Z</time>
        <extensions>
          <ns3:TrackPointExtension>
            <ns3:hr>105</ns3:hr>
          </ns3:TrackPointExtension>
        </extensions>
      </trkpt>
      <trkpt lat="44.42232032306492328643798828125" lon="-80.474524609744548797607421875">
        <ele>431.600006103515625</ele>
        <time>2024-10-22T18:11:39.000Z</time>
        <extensions>
          <ns3:TrackPointExtension>
            <ns3:hr>103</ns3:hr>
          </ns3:TrackPointExtension>
        </extensions>
      </trkpt>
      <trkpt lat="44.422359801828861236572265625" lon="-80.47433517873287200927734375">
        <ele>431.79998779296875</ele>
        <time>2024-10-22T18:11:50.000Z</time>
        <extensions>
          <ns3:TrackPointExtension>
            <ns3:hr>104</ns3:hr>
          </ns3:TrackPointExtension>
        </extensions>
      </trkpt>
      <trkpt lat="44.422367177903652191162109375" lon="-80.47428346239030361175537109375">
        <ele>431.79998779296875</ele>
        <time>2024-10-22T18:11:53.000Z</time>
        <extensions>
          <ns3:TrackPointExtension>
            <ns3:hr>103</ns3:hr>
          </ns3:TrackPointExtension>
        </extensions>
      </trkpt>
      <trkpt lat="44.42238117568194866180419921875" lon="-80.47419511713087558746337890625">
        <ele>432</ele>
        <time>2024-10-22T18:11:58.000Z</time>
        <extensions>
          <ns3:TrackPointExtension>
            <ns3:hr>106</ns3:hr>
          </ns3:TrackPointExtension>
        </extensions>
      </trkpt>
      <trkpt lat="44.4223854504525661468505859375" lon="-80.47417835332453250885009765625">
        <ele>432</ele>
        <time>2024-10-22T18:11:59.000Z</time>
        <extensions>
          <ns3:TrackPointExtension>
            <ns3:hr>102</ns3:hr>
          </ns3:TrackPointExtension>
        </extensions>
      </trkpt>
      <trkpt lat="44.42238821648061275482177734375" lon="-80.474158823490142822265625">
        <ele>432</ele>
        <time>2024-10-22T18:12:00.000Z</time>
        <extensions>
          <ns3:TrackPointExtension>
            <ns3:hr>105</ns3:hr>
          </ns3:TrackPointExtension>
        </extensions>
      </trkpt>
      <trkpt lat="44.4223908148705959320068359375" lon="-80.474139042198657989501953125">
        <ele>432</ele>
        <time>2024-10-22T18:12:01.000Z</time>
        <extensions>
          <ns3:TrackPointExtension>
            <ns3:hr>102</ns3:hr>
          </ns3:TrackPointExtension>
        </extensions>
      </trkpt>
      <trkpt lat="44.42239324562251567840576171875" lon="-80.47412001527845859527587890625">
        <ele>432.20001220703125</ele>
        <time>2024-10-22T18:12:02.000Z</time>
        <extensions>
          <ns3:TrackPointExtension>
            <ns3:hr>102</ns3:hr>
          </ns3:TrackPointExtension>
        </extensions>
      </trkpt>
      <trkpt lat="44.422404728829860687255859375" lon="-80.47406427562236785888671875">
        <ele>432.20001220703125</ele>
        <time>2024-10-22T18:12:05.000Z</time>
        <extensions>
          <ns3:TrackPointExtension>
            <ns3:hr>105</ns3:hr>
          </ns3:TrackPointExtension>
        </extensions>
      </trkpt>
      <trkpt lat="44.4224183075129985809326171875" lon="-80.4740180075168609619140625">
        <ele>432.20001220703125</ele>
        <time>2024-10-22T18:12:08.000Z</time>
        <extensions>
          <ns3:TrackPointExtension>
            <ns3:hr>104</ns3:hr>
          </ns3:TrackPointExtension>
        </extensions>
      </trkpt>
      <trkpt lat="44.42246885038912296295166015625" lon="-80.473881550133228302001953125">
        <ele>432</ele>
        <time>2024-10-22T18:12:16.000Z</time>
        <extensions>
          <ns3:TrackPointExtension>
            <ns3:hr>103</ns3:hr>
          </ns3:TrackPointExtension>
        </extensions>
      </trkpt>
      <trkpt lat="44.42250925116240978240966796875" lon="-80.4737546481192111968994140625">
        <ele>432</ele>
        <time>2024-10-22T18:12:23.000Z</time>
        <extensions>
          <ns3:TrackPointExtension>
            <ns3:hr>104</ns3:hr>
          </ns3:TrackPointExtension>
        </extensions>
      </trkpt>
      <trkpt lat="44.422538168728351593017578125" lon="-80.473590195178985595703125">
        <ele>432.399993896484375</ele>
        <time>2024-10-22T18:12:33.000Z</time>
        <extensions>
          <ns3:TrackPointExtension>
            <ns3:hr>105</ns3:hr>
          </ns3:TrackPointExtension>
        </extensions>
      </trkpt>
      <trkpt lat="44.4225762225687503814697265625" lon="-80.47344711609184741973876953125">
        <ele>432.399993896484375</ele>
        <time>2024-10-22T18:12:41.000Z</time>
        <extensions>
          <ns3:TrackPointExtension>
            <ns3:hr>104</ns3:hr>
          </ns3:TrackPointExtension>
        </extensions>
      </trkpt>
      <trkpt lat="44.42260363139212131500244140625" lon="-80.47331149689853191375732421875">
        <ele>432.399993896484375</ele>
        <time>2024-10-22T18:12:49.000Z</time>
        <extensions>
          <ns3:TrackPointExtension>
            <ns3:hr>105</ns3:hr>
          </ns3:TrackPointExtension>
        </extensions>
      </trkpt>
      <trkpt lat="44.42263363860547542572021484375" lon="-80.4731757938861846923828125">
        <ele>432.399993896484375</ele>
        <time>2024-10-22T18:12:57.000Z</time>
        <extensions>
          <ns3:TrackPointExtension>
            <ns3:hr>105</ns3:hr>
          </ns3:TrackPointExtension>
        </extensions>
      </trkpt>
      <trkpt lat="44.422646798193454742431640625" lon="-80.4730475507676601409912109375">
        <ele>432.20001220703125</ele>
        <time>2024-10-22T18:13:04.000Z</time>
        <extensions>
          <ns3:TrackPointExtension>
            <ns3:hr>108</ns3:hr>
          </ns3:TrackPointExtension>
        </extensions>
      </trkpt>
      <trkpt lat="44.42265761084854602813720703125" lon="-80.47301377169787883758544921875">
        <ele>432.20001220703125</ele>
        <time>2024-10-22T18:13:06.000Z</time>
        <extensions>
          <ns3:TrackPointExtension>
            <ns3:hr>108</ns3:hr>
          </ns3:TrackPointExtension>
        </extensions>
      </trkpt>
      <trkpt lat="44.42267219536006450653076171875" lon="-80.4729375801980495452880859375">
        <ele>432</ele>
        <time>2024-10-22T18:13:10.000Z</time>
        <extensions>
          <ns3:TrackPointExtension>
            <ns3:hr>105</ns3:hr>
          </ns3:TrackPointExtension>
        </extensions>
      </trkpt>
      <trkpt lat="44.42268577404320240020751953125" lon="-80.47286658547818660736083984375">
        <ele>432</ele>
        <time>2024-10-22T18:13:14.000Z</time>
        <extensions>
          <ns3:TrackPointExtension>
            <ns3:hr>105</ns3:hr>
          </ns3:TrackPointExtension>
        </extensions>
      </trkpt>
      <trkpt lat="44.422710500657558441162109375" lon="-80.472753681242465972900390625">
        <ele>432</ele>
        <time>2024-10-22T18:13:20.000Z</time>
        <extensions>
          <ns3:TrackPointExtension>
            <ns3:hr>102</ns3:hr>
          </ns3:TrackPointExtension>
        </extensions>
      </trkpt>
      <trkpt lat="44.4227187149226665496826171875" lon="-80.4727280326187610626220703125">
        <ele>432</ele>
        <time>2024-10-22T18:13:22.000Z</time>
        <extensions>
          <ns3:TrackPointExtension>
            <ns3:hr>102</ns3:hr>
          </ns3:TrackPointExtension>
        </extensions>
      </trkpt>
      <trkpt lat="44.4227653183043003082275390625" lon="-80.472567938268184661865234375">
        <ele>431.79998779296875</ele>
        <time>2024-10-22T18:13:31.000Z</time>
        <extensions>
          <ns3:TrackPointExtension>
            <ns3:hr>100</ns3:hr>
          </ns3:TrackPointExtension>
        </extensions>
      </trkpt>
      <trkpt lat="44.42279733717441558837890625" lon="-80.472437180578708648681640625">
        <ele>431.79998779296875</ele>
        <time>2024-10-22T18:13:38.000Z</time>
        <extensions>
          <ns3:TrackPointExtension>
            <ns3:hr>100</ns3:hr>
          </ns3:TrackPointExtension>
        </extensions>
      </trkpt>
      <trkpt lat="44.42284469492733478546142578125" lon="-80.47227482311427593231201171875">
        <ele>431.600006103515625</ele>
        <time>2024-10-22T18:13:46.000Z</time>
        <extensions>
          <ns3:TrackPointExtension>
            <ns3:hr>101</ns3:hr>
          </ns3:TrackPointExtension>
        </extensions>
      </trkpt>
      <trkpt lat="44.42288124002516269683837890625" lon="-80.472134761512279510498046875">
        <ele>431.20001220703125</ele>
        <time>2024-10-22T18:13:54.000Z</time>
        <extensions>
          <ns3:TrackPointExtension>
            <ns3:hr>100</ns3:hr>
          </ns3:TrackPointExtension>
        </extensions>
      </trkpt>
      <trkpt lat="44.42290328443050384521484375" lon="-80.47202185727655887603759765625">
        <ele>431.20001220703125</ele>
        <time>2024-10-22T18:14:00.000Z</time>
        <extensions>
          <ns3:TrackPointExtension>
            <ns3:hr>101</ns3:hr>
          </ns3:TrackPointExtension>
        </extensions>
      </trkpt>
      <trkpt lat="44.42293555475771427154541015625" lon="-80.47187634743750095367431640625">
        <ele>431.399993896484375</ele>
        <time>2024-10-22T18:14:08.000Z</time>
        <extensions>
          <ns3:TrackPointExtension>
            <ns3:hr>102</ns3:hr>
          </ns3:TrackPointExtension>
        </extensions>
      </trkpt>
      <trkpt lat="44.42296153865754604339599609375" lon="-80.47176671214401721954345703125">
        <ele>431.399993896484375</ele>
        <time>2024-10-22T18:14:15.000Z</time>
        <extensions>
          <ns3:TrackPointExtension>
            <ns3:hr>104</ns3:hr>
          </ns3:TrackPointExtension>
        </extensions>
      </trkpt>
      <trkpt lat="44.42299825139343738555908203125" lon="-80.4716219566762447357177734375">
        <ele>431.20001220703125</ele>
        <time>2024-10-22T18:14:24.000Z</time>
        <extensions>
          <ns3:TrackPointExtension>
            <ns3:hr>105</ns3:hr>
          </ns3:TrackPointExtension>
        </extensions>
      </trkpt>
      <trkpt lat="44.42300277762115001678466796875" lon="-80.47160728834569454193115234375">
        <ele>431.20001220703125</ele>
        <time>2024-10-22T18:14:25.000Z</time>
        <extensions>
          <ns3:TrackPointExtension>
            <ns3:hr>102</ns3:hr>
          </ns3:TrackPointExtension>
        </extensions>
      </trkpt>
      <trkpt lat="44.4230447709560394287109375" lon="-80.47146244905889034271240234375">
        <ele>431</ele>
        <time>2024-10-22T18:14:33.000Z</time>
        <extensions>
          <ns3:TrackPointExtension>
            <ns3:hr>101</ns3:hr>
          </ns3:TrackPointExtension>
        </extensions>
      </trkpt>
      <trkpt lat="44.42309129051864147186279296875" lon="-80.47130017541348934173583984375">
        <ele>431</ele>
        <time>2024-10-22T18:14:43.000Z</time>
        <extensions>
          <ns3:TrackPointExtension>
            <ns3:hr>101</ns3:hr>
          </ns3:TrackPointExtension>
        </extensions>
      </trkpt>
      <trkpt lat="44.42312045954167842864990234375" lon="-80.471175871789455413818359375">
        <ele>431.20001220703125</ele>
        <time>2024-10-22T18:14:51.000Z</time>
        <extensions>
          <ns3:TrackPointExtension>
            <ns3:hr>99</ns3:hr>
          </ns3:TrackPointExtension>
        </extensions>
      </trkpt>
      <trkpt lat="44.423157759010791778564453125" lon="-80.4710255004465579986572265625">
        <ele>431.20001220703125</ele>
        <time>2024-10-22T18:14:59.000Z</time>
        <extensions>
          <ns3:TrackPointExtension>
            <ns3:hr>101</ns3:hr>
          </ns3:TrackPointExtension>
        </extensions>
      </trkpt>
      <trkpt lat="44.4231824018061161041259765625" lon="-80.47085006721317768096923828125">
        <ele>431</ele>
        <time>2024-10-22T18:15:09.000Z</time>
        <extensions>
          <ns3:TrackPointExtension>
            <ns3:hr>99</ns3:hr>
          </ns3:TrackPointExtension>
        </extensions>
      </trkpt>
      <trkpt lat="44.4232028536498546600341796875" lon="-80.4707591235637664794921875">
        <ele>431.20001220703125</ele>
        <time>2024-10-22T18:15:15.000Z</time>
        <extensions>
          <ns3:TrackPointExtension>
            <ns3:hr>101</ns3:hr>
          </ns3:TrackPointExtension>
        </extensions>
      </trkpt>
      <trkpt lat="44.42326295189559459686279296875" lon="-80.47064906917512416839599609375">
        <ele>431.20001220703125</ele>
        <time>2024-10-22T18:15:22.000Z</time>
        <extensions>
          <ns3:TrackPointExtension>
            <ns3:hr>102</ns3:hr>
          </ns3:TrackPointExtension>
        </extensions>
      </trkpt>
      <trkpt lat="44.42331232130527496337890625" lon="-80.47055284492671489715576171875">
        <ele>431.20001220703125</ele>
        <time>2024-10-22T18:15:29.000Z</time>
        <extensions>
          <ns3:TrackPointExtension>
            <ns3:hr>99</ns3:hr>
          </ns3:TrackPointExtension>
        </extensions>
      </trkpt>
      <trkpt lat="44.4233446754515171051025390625" lon="-80.47051210887730121612548828125">
        <ele>431.20001220703125</ele>
        <time>2024-10-22T18:15:32.000Z</time>
        <extensions>
          <ns3:TrackPointExtension>
            <ns3:hr>102</ns3:hr>
          </ns3:TrackPointExtension>
        </extensions>
      </trkpt>
      <trkpt lat="44.42336185835301876068115234375" lon="-80.470486544072628021240234375">
        <ele>431.20001220703125</ele>
        <time>2024-10-22T18:15:34.000Z</time>
        <extensions>
          <ns3:TrackPointExtension>
            <ns3:hr>105</ns3:hr>
          </ns3:TrackPointExtension>
        </extensions>
      </trkpt>
      <trkpt lat="44.423364959657192230224609375" lon="-80.4704722948372364044189453125">
        <ele>431.20001220703125</ele>
        <time>2024-10-22T18:15:35.000Z</time>
        <extensions>
          <ns3:TrackPointExtension>
            <ns3:hr>101</ns3:hr>
          </ns3:TrackPointExtension>
        </extensions>
      </trkpt>
      <trkpt lat="44.42337577231228351593017578125" lon="-80.4704421199858188629150390625">
        <ele>431.20001220703125</ele>
        <time>2024-10-22T18:15:37.000Z</time>
        <extensions>
          <ns3:TrackPointExtension>
            <ns3:hr>100</ns3:hr>
          </ns3:TrackPointExtension>
        </extensions>
      </trkpt>
      <trkpt lat="44.4234445877373218536376953125" lon="-80.47029233537614345550537109375">
        <ele>431.20001220703125</ele>
        <time>2024-10-22T18:15:46.000Z</time>
        <extensions>
          <ns3:TrackPointExtension>
            <ns3:hr>99</ns3:hr>
          </ns3:TrackPointExtension>
        </extensions>
      </trkpt>
      <trkpt lat="44.42344886250793933868408203125" lon="-80.47015001066029071807861328125">
        <ele>431.20001220703125</ele>
        <time>2024-10-22T18:15:53.000Z</time>
        <extensions>
          <ns3:TrackPointExtension>
            <ns3:hr>95</ns3:hr>
          </ns3:TrackPointExtension>
        </extensions>
      </trkpt>
      <trkpt lat="44.423448778688907623291015625" lon="-80.47013358213007450103759765625">
        <ele>431.20001220703125</ele>
        <time>2024-10-22T18:15:54.000Z</time>
        <extensions>
          <ns3:TrackPointExtension>
            <ns3:hr>98</ns3:hr>
          </ns3:TrackPointExtension>
        </extensions>
      </trkpt>
      <trkpt lat="44.423466213047504425048828125" lon="-80.4700220189988613128662109375">
        <ele>431.20001220703125</ele>
        <time>2024-10-22T18:16:01.000Z</time>
        <extensions>
          <ns3:TrackPointExtension>
            <ns3:hr>99</ns3:hr>
          </ns3:TrackPointExtension>
        </extensions>
      </trkpt>
      <trkpt lat="44.42348062992095947265625" lon="-80.46987843699753284454345703125">
        <ele>431</ele>
        <time>2024-10-22T18:16:09.000Z</time>
        <extensions>
          <ns3:TrackPointExtension>
            <ns3:hr>99</ns3:hr>
          </ns3:TrackPointExtension>
        </extensions>
      </trkpt>
      <trkpt lat="44.4234459288418292999267578125" lon="-80.469760335981845855712890625">
        <ele>430.79998779296875</ele>
        <time>2024-10-22T18:16:18.000Z</time>
        <extensions>
          <ns3:TrackPointExtension>
            <ns3:hr>98</ns3:hr>
          </ns3:TrackPointExtension>
        </extensions>
      </trkpt>
      <trkpt lat="44.4233758561313152313232421875" lon="-80.46969302929937839508056640625">
        <ele>430.399993896484375</ele>
        <time>2024-10-22T18:16:26.000Z</time>
        <extensions>
          <ns3:TrackPointExtension>
            <ns3:hr>99</ns3:hr>
          </ns3:TrackPointExtension>
        </extensions>
      </trkpt>
      <trkpt lat="44.42332615144550800323486328125" lon="-80.4696391336619853973388671875">
        <ele>430.399993896484375</ele>
        <time>2024-10-22T18:16:34.000Z</time>
        <extensions>
          <ns3:TrackPointExtension>
            <ns3:hr>99</ns3:hr>
          </ns3:TrackPointExtension>
        </extensions>
      </trkpt>
      <trkpt lat="44.4233322702348232269287109375" lon="-80.46963670291006565093994140625">
        <ele>430.600006103515625</ele>
        <time>2024-10-22T18:16:38.000Z</time>
        <extensions>
          <ns3:TrackPointExtension>
            <ns3:hr>102</ns3:hr>
          </ns3:TrackPointExtension>
        </extensions>
      </trkpt>
      <trkpt lat="44.423333443701267242431640625" lon="-80.46964441426098346710205078125">
        <ele>430.600006103515625</ele>
        <time>2024-10-22T18:16:40.000Z</time>
        <extensions>
          <ns3:TrackPointExtension>
            <ns3:hr>99</ns3:hr>
          </ns3:TrackPointExtension>
        </extensions>
      </trkpt>
      <trkpt lat="44.4233302585780620574951171875" lon="-80.469637624919414520263671875">
        <ele>430.79998779296875</ele>
        <time>2024-10-22T18:16:43.000Z</time>
        <extensions>
          <ns3:TrackPointExtension>
            <ns3:hr>95</ns3:hr>
          </ns3:TrackPointExtension>
        </extensions>
      </trkpt>
      <trkpt lat="44.42329891026020050048828125" lon="-80.4696042649447917938232421875">
        <ele>430.79998779296875</ele>
        <time>2024-10-22T18:16:52.000Z</time>
        <extensions>
          <ns3:TrackPointExtension>
            <ns3:hr>95</ns3:hr>
          </ns3:TrackPointExtension>
        </extensions>
      </trkpt>
      <trkpt lat="44.423290193080902099609375" lon="-80.46957828104496002197265625">
        <ele>430.79998779296875</ele>
        <time>2024-10-22T18:16:56.000Z</time>
        <extensions>
          <ns3:TrackPointExtension>
            <ns3:hr>90</ns3:hr>
          </ns3:TrackPointExtension>
        </extensions>
      </trkpt>
      <trkpt lat="44.42327535711228847503662109375" lon="-80.4695579968392848968505859375">
        <ele>430.79998779296875</ele>
        <time>2024-10-22T18:17:00.000Z</time>
        <extensions>
          <ns3:TrackPointExtension>
            <ns3:hr>92</ns3:hr>
          </ns3:TrackPointExtension>
        </extensions>
      </trkpt>
      <trkpt lat="44.42327083088457584381103515625" lon="-80.46957149170339107513427734375">
        <ele>430.79998779296875</ele>
        <time>2024-10-22T18:17:07.000Z</time>
        <extensions>
          <ns3:TrackPointExtension>
            <ns3:hr>92</ns3:hr>
          </ns3:TrackPointExtension>
        </extensions>
      </trkpt>
      <trkpt lat="44.42327016033232212066650390625" lon="-80.469571910798549652099609375">
        <ele>430.79998779296875</ele>
        <time>2024-10-22T18:17:10.000Z</time>
        <extensions>
          <ns3:TrackPointExtension>
            <ns3:hr>95</ns3:hr>
          </ns3:TrackPointExtension>
        </extensions>
      </trkpt>
      <trkpt lat="44.42327066324651241302490234375" lon="-80.4695641994476318359375">
        <ele>430.79998779296875</ele>
        <time>2024-10-22T18:17:14.000Z</time>
        <extensions>
          <ns3:TrackPointExtension>
            <ns3:hr>92</ns3:hr>
          </ns3:TrackPointExtension>
        </extensions>
      </trkpt>
      <trkpt lat="44.42327334545552730560302734375" lon="-80.46956461854279041290283203125">
        <ele>430.79998779296875</ele>
        <time>2024-10-22T18:17:16.000Z</time>
        <extensions>
          <ns3:TrackPointExtension>
            <ns3:hr>91</ns3:hr>
          </ns3:TrackPointExtension>
        </extensions>
      </trkpt>
    </trkseg>
  </trk>
</gpx>
