<?xml version="1.0" encoding="UTF-8"?>
<gpx creator="Garmin Connect" version="1.1"
  xsi:schemaLocation="http://www.topografix.com/GPX/1/1 http://www.topografix.com/GPX/11.xsd"
  xmlns:ns3="http://www.garmin.com/xmlschemas/TrackPointExtension/v1"
  xmlns="http://www.topografix.com/GPX/1/1"
  xmlns:xsi="http://www.w3.org/2001/XMLSchema-instance" xmlns:ns2="http://www.garmin.com/xmlschemas/GpxExtensions/v3">
  <metadata>
    <link href="connect.garmin.com">
      <text>Garmin Connect</text>
    </link>
    <time>2024-10-23T16:40:58.000Z</time>
  </metadata>
  <trk>
    <name>Blue Mountains Walking</name>
    <type>walking</type>
    <trkseg>
      <trkpt lat="44.4310157932341098785400390625" lon="-80.27538836002349853515625">
        <ele>295.600006103515625</ele>
        <time>2024-10-23T16:40:58.000Z</time>
        <extensions>
          <ns3:TrackPointExtension>
            <ns3:hr>98</ns3:hr>
          </ns3:TrackPointExtension>
        </extensions>
      </trkpt>
      <trkpt lat="44.43101420067250728607177734375" lon="-80.27538827620446681976318359375">
        <ele>295.600006103515625</ele>
        <time>2024-10-23T16:40:59.000Z</time>
        <extensions>
          <ns3:TrackPointExtension>
            <ns3:hr>97</ns3:hr>
          </ns3:TrackPointExtension>
        </extensions>
      </trkpt>
      <trkpt lat="44.431014955043792724609375" lon="-80.2753881923854351043701171875">
        <ele>295.600006103515625</ele>
        <time>2024-10-23T16:41:01.000Z</time>
        <extensions>
          <ns3:TrackPointExtension>
            <ns3:hr>100</ns3:hr>
          </ns3:TrackPointExtension>
        </extensions>
      </trkpt>
      <trkpt lat="44.4310107640922069549560546875" lon="-80.2753727696835994720458984375">
        <ele>295</ele>
        <time>2024-10-23T16:41:10.000Z</time>
        <extensions>
          <ns3:TrackPointExtension>
            <ns3:hr>96</ns3:hr>
          </ns3:TrackPointExtension>
        </extensions>
      </trkpt>
      <trkpt lat="44.431010596454143524169921875" lon="-80.27537285350263118743896484375">
        <ele>295</ele>
        <time>2024-10-23T16:41:11.000Z</time>
        <extensions>
          <ns3:TrackPointExtension>
            <ns3:hr>99</ns3:hr>
          </ns3:TrackPointExtension>
        </extensions>
      </trkpt>
      <trkpt lat="44.4310104288160800933837890625" lon="-80.27537838555872440338134765625">
        <ele>294.399993896484375</ele>
        <time>2024-10-23T16:41:19.000Z</time>
        <extensions>
          <ns3:TrackPointExtension>
            <ns3:hr>100</ns3:hr>
          </ns3:TrackPointExtension>
        </extensions>
      </trkpt>
      <trkpt lat="44.4310087524354457855224609375" lon="-80.2753709256649017333984375">
        <ele>294.399993896484375</ele>
        <time>2024-10-23T16:41:22.000Z</time>
        <extensions>
          <ns3:TrackPointExtension>
            <ns3:hr>97</ns3:hr>
          </ns3:TrackPointExtension>
        </extensions>
      </trkpt>
      <trkpt lat="44.4310055673122406005859375" lon="-80.27537302114069461822509765625">
        <ele>294.399993896484375</ele>
        <time>2024-10-23T16:41:24.000Z</time>
        <extensions>
          <ns3:TrackPointExtension>
            <ns3:hr>100</ns3:hr>
          </ns3:TrackPointExtension>
        </extensions>
      </trkpt>
      <trkpt lat="44.43100648932158946990966796875" lon="-80.27537419460713863372802734375">
        <ele>294.399993896484375</ele>
        <time>2024-10-23T16:41:25.000Z</time>
        <extensions>
          <ns3:TrackPointExtension>
            <ns3:hr>100</ns3:hr>
          </ns3:TrackPointExtension>
        </extensions>
      </trkpt>
      <trkpt lat="44.43099894560873508453369140625" lon="-80.27537050656974315643310546875">
        <ele>294.20001220703125</ele>
        <time>2024-10-23T16:41:40.000Z</time>
        <extensions>
          <ns3:TrackPointExtension>
            <ns3:hr>103</ns3:hr>
          </ns3:TrackPointExtension>
        </extensions>
      </trkpt>
      <trkpt lat="44.43099844269454479217529296875" lon="-80.27537025511264801025390625">
        <ele>294.20001220703125</ele>
        <time>2024-10-23T16:41:42.000Z</time>
        <extensions>
          <ns3:TrackPointExtension>
            <ns3:hr>102</ns3:hr>
          </ns3:TrackPointExtension>
        </extensions>
      </trkpt>
      <trkpt lat="44.43099953234195709228515625" lon="-80.2753736078739166259765625">
        <ele>294.20001220703125</ele>
        <time>2024-10-23T16:41:46.000Z</time>
        <extensions>
          <ns3:TrackPointExtension>
            <ns3:hr>99</ns3:hr>
          </ns3:TrackPointExtension>
        </extensions>
      </trkpt>
      <trkpt lat="44.43100011907517910003662109375" lon="-80.27537670917809009552001953125">
        <ele>294.20001220703125</ele>
        <time>2024-10-23T16:41:48.000Z</time>
        <extensions>
          <ns3:TrackPointExtension>
            <ns3:hr>96</ns3:hr>
          </ns3:TrackPointExtension>
        </extensions>
      </trkpt>
      <trkpt lat="44.430997185409069061279296875" lon="-80.2753784693777561187744140625">
        <ele>294.20001220703125</ele>
        <time>2024-10-23T16:41:53.000Z</time>
        <extensions>
          <ns3:TrackPointExtension>
            <ns3:hr>99</ns3:hr>
          </ns3:TrackPointExtension>
        </extensions>
      </trkpt>
      <trkpt lat="44.43099475465714931488037109375" lon="-80.2753858454525470733642578125">
        <ele>294.20001220703125</ele>
        <time>2024-10-23T16:42:00.000Z</time>
        <extensions>
          <ns3:TrackPointExtension>
            <ns3:hr>99</ns3:hr>
          </ns3:TrackPointExtension>
        </extensions>
      </trkpt>
      <trkpt lat="44.4309634901583194732666015625" lon="-80.27543555013835430145263671875">
        <ele>294.20001220703125</ele>
        <time>2024-10-23T16:42:06.000Z</time>
        <extensions>
          <ns3:TrackPointExtension>
            <ns3:hr>102</ns3:hr>
          </ns3:TrackPointExtension>
        </extensions>
      </trkpt>
      <trkpt lat="44.4309537671506404876708984375" lon="-80.27544694952666759490966796875">
        <ele>294</ele>
        <time>2024-10-23T16:42:09.000Z</time>
        <extensions>
          <ns3:TrackPointExtension>
            <ns3:hr>98</ns3:hr>
          </ns3:TrackPointExtension>
        </extensions>
      </trkpt>
      <trkpt lat="44.43094463087618350982666015625" lon="-80.27544535696506500244140625">
        <ele>294</ele>
        <time>2024-10-23T16:42:13.000Z</time>
        <extensions>
          <ns3:TrackPointExtension>
            <ns3:hr>100</ns3:hr>
          </ns3:TrackPointExtension>
        </extensions>
      </trkpt>
      <trkpt lat="44.43094991147518157958984375" lon="-80.27545331977307796478271484375">
        <ele>293.600006103515625</ele>
        <time>2024-10-23T16:42:28.000Z</time>
        <extensions>
          <ns3:TrackPointExtension>
            <ns3:hr>98</ns3:hr>
          </ns3:TrackPointExtension>
        </extensions>
      </trkpt>
      <trkpt lat="44.43094991147518157958984375" lon="-80.27545298449695110321044921875">
        <ele>293.600006103515625</ele>
        <time>2024-10-23T16:42:30.000Z</time>
        <extensions>
          <ns3:TrackPointExtension>
            <ns3:hr>95</ns3:hr>
          </ns3:TrackPointExtension>
        </extensions>
      </trkpt>
      <trkpt lat="44.43095150403678417205810546875" lon="-80.27545348741114139556884765625">
        <ele>293.600006103515625</ele>
        <time>2024-10-23T16:42:32.000Z</time>
        <extensions>
          <ns3:TrackPointExtension>
            <ns3:hr>88</ns3:hr>
          </ns3:TrackPointExtension>
        </extensions>
      </trkpt>
      <trkpt lat="44.43095393478870391845703125" lon="-80.27545499615371227264404296875">
        <ele>293.600006103515625</ele>
        <time>2024-10-23T16:42:34.000Z</time>
        <extensions>
          <ns3:TrackPointExtension>
            <ns3:hr>84</ns3:hr>
          </ns3:TrackPointExtension>
        </extensions>
      </trkpt>
      <trkpt lat="44.43098008632659912109375" lon="-80.27541493065655231475830078125">
        <ele>293.79998779296875</ele>
        <time>2024-10-23T16:42:40.000Z</time>
        <extensions>
          <ns3:TrackPointExtension>
            <ns3:hr>83</ns3:hr>
          </ns3:TrackPointExtension>
        </extensions>
      </trkpt>
      <trkpt lat="44.4310191459953784942626953125" lon="-80.2754062972962856292724609375">
        <ele>295.600006103515625</ele>
        <time>2024-10-23T16:42:43.000Z</time>
        <extensions>
          <ns3:TrackPointExtension>
            <ns3:hr>82</ns3:hr>
          </ns3:TrackPointExtension>
        </extensions>
      </trkpt>
      <trkpt lat="44.43110237829387187957763671875" lon="-80.27540906332433223724365234375">
        <ele>295</ele>
        <time>2024-10-23T16:42:49.000Z</time>
        <extensions>
          <ns3:TrackPointExtension>
            <ns3:hr>81</ns3:hr>
          </ns3:TrackPointExtension>
        </extensions>
      </trkpt>
      <trkpt lat="44.431191980838775634765625" lon="-80.275415517389774322509765625">
        <ele>294.399993896484375</ele>
        <time>2024-10-23T16:42:56.000Z</time>
        <extensions>
          <ns3:TrackPointExtension>
            <ns3:hr>83</ns3:hr>
          </ns3:TrackPointExtension>
        </extensions>
      </trkpt>
      <trkpt lat="44.43121100775897502899169921875" lon="-80.2754180319607257843017578125">
        <ele>294.600006103515625</ele>
        <time>2024-10-23T16:42:58.000Z</time>
        <extensions>
          <ns3:TrackPointExtension>
            <ns3:hr>79</ns3:hr>
          </ns3:TrackPointExtension>
        </extensions>
      </trkpt>
      <trkpt lat="44.43122793920338153839111328125" lon="-80.2754441834986209869384765625">
        <ele>294.79998779296875</ele>
        <time>2024-10-23T16:43:00.000Z</time>
        <extensions>
          <ns3:TrackPointExtension>
            <ns3:hr>79</ns3:hr>
          </ns3:TrackPointExtension>
        </extensions>
      </trkpt>
      <trkpt lat="44.43123062141239643096923828125" lon="-80.275477208197116851806640625">
        <ele>295.20001220703125</ele>
        <time>2024-10-23T16:43:02.000Z</time>
        <extensions>
          <ns3:TrackPointExtension>
            <ns3:hr>78</ns3:hr>
          </ns3:TrackPointExtension>
        </extensions>
      </trkpt>
      <trkpt lat="44.431234896183013916015625" lon="-80.27552372775971889495849609375">
        <ele>295.20001220703125</ele>
        <time>2024-10-23T16:43:05.000Z</time>
        <extensions>
          <ns3:TrackPointExtension>
            <ns3:hr>81</ns3:hr>
          </ns3:TrackPointExtension>
        </extensions>
      </trkpt>
      <trkpt lat="44.4312286935746669769287109375" lon="-80.27555641718208789825439453125">
        <ele>295</ele>
        <time>2024-10-23T16:43:07.000Z</time>
        <extensions>
          <ns3:TrackPointExtension>
            <ns3:hr>83</ns3:hr>
          </ns3:TrackPointExtension>
        </extensions>
      </trkpt>
      <trkpt lat="44.431217126548290252685546875" lon="-80.27563445270061492919921875">
        <ele>295</ele>
        <time>2024-10-23T16:43:13.000Z</time>
        <extensions>
          <ns3:TrackPointExtension>
            <ns3:hr>86</ns3:hr>
          </ns3:TrackPointExtension>
        </extensions>
      </trkpt>
      <trkpt lat="44.43122006021440029144287109375" lon="-80.275636799633502960205078125">
        <ele>295</ele>
        <time>2024-10-23T16:43:16.000Z</time>
        <extensions>
          <ns3:TrackPointExtension>
            <ns3:hr>89</ns3:hr>
          </ns3:TrackPointExtension>
        </extensions>
      </trkpt>
      <trkpt lat="44.43122559227049350738525390625" lon="-80.27563939802348613739013671875">
        <ele>295</ele>
        <time>2024-10-23T16:43:18.000Z</time>
        <extensions>
          <ns3:TrackPointExtension>
            <ns3:hr>90</ns3:hr>
          </ns3:TrackPointExtension>
        </extensions>
      </trkpt>
      <trkpt lat="44.43120212294161319732666015625" lon="-80.27574970386922359466552734375">
        <ele>295.20001220703125</ele>
        <time>2024-10-23T16:43:28.000Z</time>
        <extensions>
          <ns3:TrackPointExtension>
            <ns3:hr>90</ns3:hr>
          </ns3:TrackPointExtension>
        </extensions>
      </trkpt>
      <trkpt lat="44.431190304458141326904296875" lon="-80.27582162059843540191650390625">
        <ele>295.399993896484375</ele>
        <time>2024-10-23T16:43:32.000Z</time>
        <extensions>
          <ns3:TrackPointExtension>
            <ns3:hr>90</ns3:hr>
          </ns3:TrackPointExtension>
        </extensions>
      </trkpt>
      <trkpt lat="44.43116876296699047088623046875" lon="-80.27595120482146739959716796875">
        <ele>296</ele>
        <time>2024-10-23T16:43:39.000Z</time>
        <extensions>
          <ns3:TrackPointExtension>
            <ns3:hr>87</ns3:hr>
          </ns3:TrackPointExtension>
        </extensions>
      </trkpt>
      <trkpt lat="44.4311643205583095550537109375" lon="-80.27598104439675807952880859375">
        <ele>296.20001220703125</ele>
        <time>2024-10-23T16:43:41.000Z</time>
        <extensions>
          <ns3:TrackPointExtension>
            <ns3:hr>86</ns3:hr>
          </ns3:TrackPointExtension>
        </extensions>
      </trkpt>
      <trkpt lat="44.43116373382508754730224609375" lon="-80.276042483747005462646484375">
        <ele>296.20001220703125</ele>
        <time>2024-10-23T16:43:46.000Z</time>
        <extensions>
          <ns3:TrackPointExtension>
            <ns3:hr>90</ns3:hr>
          </ns3:TrackPointExtension>
        </extensions>
      </trkpt>
      <trkpt lat="44.4311656616628170013427734375" lon="-80.27610727585852146148681640625">
        <ele>296.399993896484375</ele>
        <time>2024-10-23T16:43:50.000Z</time>
        <extensions>
          <ns3:TrackPointExtension>
            <ns3:hr>93</ns3:hr>
          </ns3:TrackPointExtension>
        </extensions>
      </trkpt>
      <trkpt lat="44.4311639852821826934814453125" lon="-80.27614130638539791107177734375">
        <ele>296.399993896484375</ele>
        <time>2024-10-23T16:43:52.000Z</time>
        <extensions>
          <ns3:TrackPointExtension>
            <ns3:hr>96</ns3:hr>
          </ns3:TrackPointExtension>
        </extensions>
      </trkpt>
      <trkpt lat="44.43116222508251667022705078125" lon="-80.27615739963948726654052734375">
        <ele>296.399993896484375</ele>
        <time>2024-10-23T16:43:53.000Z</time>
        <extensions>
          <ns3:TrackPointExtension>
            <ns3:hr>94</ns3:hr>
          </ns3:TrackPointExtension>
        </extensions>
      </trkpt>
      <trkpt lat="44.431162141263484954833984375" lon="-80.276173911988735198974609375">
        <ele>296.600006103515625</ele>
        <time>2024-10-23T16:43:54.000Z</time>
        <extensions>
          <ns3:TrackPointExtension>
            <ns3:hr>92</ns3:hr>
          </ns3:TrackPointExtension>
        </extensions>
      </trkpt>
      <trkpt lat="44.4311649911105632781982421875" lon="-80.27622194029390811920166015625">
        <ele>296.600006103515625</ele>
        <time>2024-10-23T16:43:57.000Z</time>
        <extensions>
          <ns3:TrackPointExtension>
            <ns3:hr>95</ns3:hr>
          </ns3:TrackPointExtension>
        </extensions>
      </trkpt>
      <trkpt lat="44.43114965222775936126708984375" lon="-80.27629000134766101837158203125">
        <ele>296.79998779296875</ele>
        <time>2024-10-23T16:44:00.000Z</time>
        <extensions>
          <ns3:TrackPointExtension>
            <ns3:hr>99</ns3:hr>
          </ns3:TrackPointExtension>
        </extensions>
      </trkpt>
      <trkpt lat="44.43114303052425384521484375" lon="-80.276310704648494720458984375">
        <ele>296.79998779296875</ele>
        <time>2024-10-23T16:44:01.000Z</time>
        <extensions>
          <ns3:TrackPointExtension>
            <ns3:hr>96</ns3:hr>
          </ns3:TrackPointExtension>
        </extensions>
      </trkpt>
      <trkpt lat="44.431118555366992950439453125" lon="-80.276399552822113037109375">
        <ele>297</ele>
        <time>2024-10-23T16:44:08.000Z</time>
        <extensions>
          <ns3:TrackPointExtension>
            <ns3:hr>94</ns3:hr>
          </ns3:TrackPointExtension>
        </extensions>
      </trkpt>
      <trkpt lat="44.4310677610337734222412109375" lon="-80.276571214199066162109375">
        <ele>297</ele>
        <time>2024-10-23T16:44:20.000Z</time>
        <extensions>
          <ns3:TrackPointExtension>
            <ns3:hr>95</ns3:hr>
          </ns3:TrackPointExtension>
        </extensions>
      </trkpt>
      <trkpt lat="44.43106516264379024505615234375" lon="-80.27658839710056781768798828125">
        <ele>297</ele>
        <time>2024-10-23T16:44:21.000Z</time>
        <extensions>
          <ns3:TrackPointExtension>
            <ns3:hr>98</ns3:hr>
          </ns3:TrackPointExtension>
        </extensions>
      </trkpt>
      <trkpt lat="44.4310566969215869903564453125" lon="-80.27663751505315303802490234375">
        <ele>297</ele>
        <time>2024-10-23T16:44:24.000Z</time>
        <extensions>
          <ns3:TrackPointExtension>
            <ns3:hr>95</ns3:hr>
          </ns3:TrackPointExtension>
        </extensions>
      </trkpt>
      <trkpt lat="44.43105208687484264373779296875" lon="-80.27667104266583919525146484375">
        <ele>297.20001220703125</ele>
        <time>2024-10-23T16:44:26.000Z</time>
        <extensions>
          <ns3:TrackPointExtension>
            <ns3:hr>92</ns3:hr>
          </ns3:TrackPointExtension>
        </extensions>
      </trkpt>
      <trkpt lat="44.431044124066829681396484375" lon="-80.276772044599056243896484375">
        <ele>297.600006103515625</ele>
        <time>2024-10-23T16:44:31.000Z</time>
        <extensions>
          <ns3:TrackPointExtension>
            <ns3:hr>89</ns3:hr>
          </ns3:TrackPointExtension>
        </extensions>
      </trkpt>
      <trkpt lat="44.43102291785180568695068359375" lon="-80.27684387750923633575439453125">
        <ele>298</ele>
        <time>2024-10-23T16:44:35.000Z</time>
        <extensions>
          <ns3:TrackPointExtension>
            <ns3:hr>89</ns3:hr>
          </ns3:TrackPointExtension>
        </extensions>
      </trkpt>
      <trkpt lat="44.43098478019237518310546875" lon="-80.2769158780574798583984375">
        <ele>298.600006103515625</ele>
        <time>2024-10-23T16:44:41.000Z</time>
        <extensions>
          <ns3:TrackPointExtension>
            <ns3:hr>88</ns3:hr>
          </ns3:TrackPointExtension>
        </extensions>
      </trkpt>
      <trkpt lat="44.43095133639872074127197265625" lon="-80.276991315186023712158203125">
        <ele>298.79998779296875</ele>
        <time>2024-10-23T16:44:47.000Z</time>
        <extensions>
          <ns3:TrackPointExtension>
            <ns3:hr>87</ns3:hr>
          </ns3:TrackPointExtension>
        </extensions>
      </trkpt>
      <trkpt lat="44.43088956177234649658203125" lon="-80.27706013061106204986572265625">
        <ele>299.20001220703125</ele>
        <time>2024-10-23T16:44:54.000Z</time>
        <extensions>
          <ns3:TrackPointExtension>
            <ns3:hr>87</ns3:hr>
          </ns3:TrackPointExtension>
        </extensions>
      </trkpt>
      <trkpt lat="44.43088092841207981109619140625" lon="-80.277124755084514617919921875">
        <ele>299.399993896484375</ele>
        <time>2024-10-23T16:44:58.000Z</time>
        <extensions>
          <ns3:TrackPointExtension>
            <ns3:hr>89</ns3:hr>
          </ns3:TrackPointExtension>
        </extensions>
      </trkpt>
      <trkpt lat="44.43087757565081119537353515625" lon="-80.2771403454244136810302734375">
        <ele>299.399993896484375</ele>
        <time>2024-10-23T16:44:59.000Z</time>
        <extensions>
          <ns3:TrackPointExtension>
            <ns3:hr>92</ns3:hr>
          </ns3:TrackPointExtension>
        </extensions>
      </trkpt>
      <trkpt lat="44.43086005747318267822265625" lon="-80.2772167883813381195068359375">
        <ele>299.79998779296875</ele>
        <time>2024-10-23T16:45:04.000Z</time>
        <extensions>
          <ns3:TrackPointExtension>
            <ns3:hr>91</ns3:hr>
          </ns3:TrackPointExtension>
        </extensions>
      </trkpt>
      <trkpt lat="44.43085846491158008575439453125" lon="-80.27725475840270519256591796875">
        <ele>300</ele>
        <time>2024-10-23T16:45:06.000Z</time>
        <extensions>
          <ns3:TrackPointExtension>
            <ns3:hr>95</ns3:hr>
          </ns3:TrackPointExtension>
        </extensions>
      </trkpt>
      <trkpt lat="44.430826194584369659423828125" lon="-80.27732013724744319915771484375">
        <ele>300.399993896484375</ele>
        <time>2024-10-23T16:45:10.000Z</time>
        <extensions>
          <ns3:TrackPointExtension>
            <ns3:hr>96</ns3:hr>
          </ns3:TrackPointExtension>
        </extensions>
      </trkpt>
      <trkpt lat="44.4307898171246051788330078125" lon="-80.27736539952456951141357421875">
        <ele>300.79998779296875</ele>
        <time>2024-10-23T16:45:15.000Z</time>
        <extensions>
          <ns3:TrackPointExtension>
            <ns3:hr>96</ns3:hr>
          </ns3:TrackPointExtension>
        </extensions>
      </trkpt>
      <trkpt lat="44.43073726259171962738037109375" lon="-80.277499258518218994140625">
        <ele>301.79998779296875</ele>
        <time>2024-10-23T16:45:25.000Z</time>
        <extensions>
          <ns3:TrackPointExtension>
            <ns3:hr>94</ns3:hr>
          </ns3:TrackPointExtension>
        </extensions>
      </trkpt>
      <trkpt lat="44.430745057761669158935546875" lon="-80.27753002010285854339599609375">
        <ele>302</ele>
        <time>2024-10-23T16:45:28.000Z</time>
        <extensions>
          <ns3:TrackPointExtension>
            <ns3:hr>98</ns3:hr>
          </ns3:TrackPointExtension>
        </extensions>
      </trkpt>
      <trkpt lat="44.43074681796133518218994140625" lon="-80.27753907255828380584716796875">
        <ele>302.20001220703125</ele>
        <time>2024-10-23T16:45:29.000Z</time>
        <extensions>
          <ns3:TrackPointExtension>
            <ns3:hr>94</ns3:hr>
          </ns3:TrackPointExtension>
        </extensions>
      </trkpt>
      <trkpt lat="44.43076592870056629180908203125" lon="-80.2775661461055278778076171875">
        <ele>302.600006103515625</ele>
        <time>2024-10-23T16:45:32.000Z</time>
        <extensions>
          <ns3:TrackPointExtension>
            <ns3:hr>97</ns3:hr>
          </ns3:TrackPointExtension>
        </extensions>
      </trkpt>
      <trkpt lat="44.43078436888754367828369140625" lon="-80.2775755338370800018310546875">
        <ele>303</ele>
        <time>2024-10-23T16:45:34.000Z</time>
        <extensions>
          <ns3:TrackPointExtension>
            <ns3:hr>95</ns3:hr>
          </ns3:TrackPointExtension>
        </extensions>
      </trkpt>
      <trkpt lat="44.430787973105907440185546875" lon="-80.27756840921938419342041015625">
        <ele>303.20001220703125</ele>
        <time>2024-10-23T16:45:35.000Z</time>
        <extensions>
          <ns3:TrackPointExtension>
            <ns3:hr>97</ns3:hr>
          </ns3:TrackPointExtension>
        </extensions>
      </trkpt>
      <trkpt lat="44.43081756122410297393798828125" lon="-80.277572683990001678466796875">
        <ele>304</ele>
        <time>2024-10-23T16:45:39.000Z</time>
        <extensions>
          <ns3:TrackPointExtension>
            <ns3:hr>95</ns3:hr>
          </ns3:TrackPointExtension>
        </extensions>
      </trkpt>
      <trkpt lat="44.430851675570011138916015625" lon="-80.27764284051954746246337890625">
        <ele>305.20001220703125</ele>
        <time>2024-10-23T16:45:47.000Z</time>
        <extensions>
          <ns3:TrackPointExtension>
            <ns3:hr>95</ns3:hr>
          </ns3:TrackPointExtension>
        </extensions>
      </trkpt>
      <trkpt lat="44.43081152625381946563720703125" lon="-80.27777091600000858306884765625">
        <ele>306.399993896484375</ele>
        <time>2024-10-23T16:45:55.000Z</time>
        <extensions>
          <ns3:TrackPointExtension>
            <ns3:hr>96</ns3:hr>
          </ns3:TrackPointExtension>
        </extensions>
      </trkpt>
      <trkpt lat="44.4308030605316162109375" lon="-80.2778145857155323028564453125">
        <ele>306.79998779296875</ele>
        <time>2024-10-23T16:45:58.000Z</time>
        <extensions>
          <ns3:TrackPointExtension>
            <ns3:hr>96</ns3:hr>
          </ns3:TrackPointExtension>
        </extensions>
      </trkpt>
      <trkpt lat="44.4307479076087474822998046875" lon="-80.277961604297161102294921875">
        <ele>307</ele>
        <time>2024-10-23T16:46:09.000Z</time>
        <extensions>
          <ns3:TrackPointExtension>
            <ns3:hr>93</ns3:hr>
          </ns3:TrackPointExtension>
        </extensions>
      </trkpt>
      <trkpt lat="44.43074128590524196624755859375" lon="-80.2779845707118511199951171875">
        <ele>307</ele>
        <time>2024-10-23T16:46:11.000Z</time>
        <extensions>
          <ns3:TrackPointExtension>
            <ns3:hr>90</ns3:hr>
          </ns3:TrackPointExtension>
        </extensions>
      </trkpt>
      <trkpt lat="44.43073826842010021209716796875" lon="-80.2779996581375598907470703125">
        <ele>307</ele>
        <time>2024-10-23T16:46:12.000Z</time>
        <extensions>
          <ns3:TrackPointExtension>
            <ns3:hr>90</ns3:hr>
          </ns3:TrackPointExtension>
        </extensions>
      </trkpt>
      <trkpt lat="44.4307170622050762176513671875" lon="-80.2781569026410579681396484375">
        <ele>307.20001220703125</ele>
        <time>2024-10-23T16:46:26.000Z</time>
        <extensions>
          <ns3:TrackPointExtension>
            <ns3:hr>88</ns3:hr>
          </ns3:TrackPointExtension>
        </extensions>
      </trkpt>
      <trkpt lat="44.43071999587118625640869140625" lon="-80.27818255126476287841796875">
        <ele>307.399993896484375</ele>
        <time>2024-10-23T16:46:28.000Z</time>
        <extensions>
          <ns3:TrackPointExtension>
            <ns3:hr>89</ns3:hr>
          </ns3:TrackPointExtension>
        </extensions>
      </trkpt>
      <trkpt lat="44.4306892342865467071533203125" lon="-80.27832412160933017730712890625">
        <ele>308.600006103515625</ele>
        <time>2024-10-23T16:46:37.000Z</time>
        <extensions>
          <ns3:TrackPointExtension>
            <ns3:hr>90</ns3:hr>
          </ns3:TrackPointExtension>
        </extensions>
      </trkpt>
      <trkpt lat="44.43067858926951885223388671875" lon="-80.27845856733620166778564453125">
        <ele>309.79998779296875</ele>
        <time>2024-10-23T16:46:47.000Z</time>
        <extensions>
          <ns3:TrackPointExtension>
            <ns3:hr>89</ns3:hr>
          </ns3:TrackPointExtension>
        </extensions>
      </trkpt>
      <trkpt lat="44.43066450767219066619873046875" lon="-80.2785022370517253875732421875">
        <ele>310.20001220703125</ele>
        <time>2024-10-23T16:46:50.000Z</time>
        <extensions>
          <ns3:TrackPointExtension>
            <ns3:hr>92</ns3:hr>
          </ns3:TrackPointExtension>
        </extensions>
      </trkpt>
      <trkpt lat="44.430661238729953765869140625" lon="-80.27851581573486328125">
        <ele>310.600006103515625</ele>
        <time>2024-10-23T16:46:51.000Z</time>
        <extensions>
          <ns3:TrackPointExtension>
            <ns3:hr>93</ns3:hr>
          </ns3:TrackPointExtension>
        </extensions>
      </trkpt>
      <trkpt lat="44.43065620958805084228515625" lon="-80.2785498462617397308349609375">
        <ele>311</ele>
        <time>2024-10-23T16:46:53.000Z</time>
        <extensions>
          <ns3:TrackPointExtension>
            <ns3:hr>92</ns3:hr>
          </ns3:TrackPointExtension>
        </extensions>
      </trkpt>
      <trkpt lat="44.430631734430789947509765625" lon="-80.2787241898477077484130859375">
        <ele>312</ele>
        <time>2024-10-23T16:47:04.000Z</time>
        <extensions>
          <ns3:TrackPointExtension>
            <ns3:hr>95</ns3:hr>
          </ns3:TrackPointExtension>
        </extensions>
      </trkpt>
      <trkpt lat="44.43063072860240936279296875" lon="-80.2787379361689090728759765625">
        <ele>312.20001220703125</ele>
        <time>2024-10-23T16:47:05.000Z</time>
        <extensions>
          <ns3:TrackPointExtension>
            <ns3:hr>94</ns3:hr>
          </ns3:TrackPointExtension>
        </extensions>
      </trkpt>
      <trkpt lat="44.430612958967685699462890625" lon="-80.27888604439795017242431640625">
        <ele>313</ele>
        <time>2024-10-23T16:47:16.000Z</time>
        <extensions>
          <ns3:TrackPointExtension>
            <ns3:hr>94</ns3:hr>
          </ns3:TrackPointExtension>
        </extensions>
      </trkpt>
      <trkpt lat="44.43060868419706821441650390625" lon="-80.278917811810970306396484375">
        <ele>313.399993896484375</ele>
        <time>2024-10-23T16:47:18.000Z</time>
        <extensions>
          <ns3:TrackPointExtension>
            <ns3:hr>93</ns3:hr>
          </ns3:TrackPointExtension>
        </extensions>
      </trkpt>
      <trkpt lat="44.430607259273529052734375" lon="-80.2789615653455257415771484375">
        <ele>313.79998779296875</ele>
        <time>2024-10-23T16:47:21.000Z</time>
        <extensions>
          <ns3:TrackPointExtension>
            <ns3:hr>90</ns3:hr>
          </ns3:TrackPointExtension>
        </extensions>
      </trkpt>
      <trkpt lat="44.43059678189456462860107421875" lon="-80.27901261113584041595458984375">
        <ele>314.20001220703125</ele>
        <time>2024-10-23T16:47:24.000Z</time>
        <extensions>
          <ns3:TrackPointExtension>
            <ns3:hr>91</ns3:hr>
          </ns3:TrackPointExtension>
        </extensions>
      </trkpt>
      <trkpt lat="44.43056501448154449462890625" lon="-80.279089473187923431396484375">
        <ele>314.79998779296875</ele>
        <time>2024-10-23T16:47:30.000Z</time>
        <extensions>
          <ns3:TrackPointExtension>
            <ns3:hr>94</ns3:hr>
          </ns3:TrackPointExtension>
        </extensions>
      </trkpt>
      <trkpt lat="44.4305460713803768157958984375" lon="-80.27912400662899017333984375">
        <ele>315.399993896484375</ele>
        <time>2024-10-23T16:47:34.000Z</time>
        <extensions>
          <ns3:TrackPointExtension>
            <ns3:hr>95</ns3:hr>
          </ns3:TrackPointExtension>
        </extensions>
      </trkpt>
      <trkpt lat="44.43052704446017742156982421875" lon="-80.279146470129489898681640625">
        <ele>316</ele>
        <time>2024-10-23T16:47:41.000Z</time>
        <extensions>
          <ns3:TrackPointExtension>
            <ns3:hr>97</ns3:hr>
          </ns3:TrackPointExtension>
        </extensions>
      </trkpt>
      <trkpt lat="44.43051380105316638946533203125" lon="-80.2791426144540309906005859375">
        <ele>316.20001220703125</ele>
        <time>2024-10-23T16:47:44.000Z</time>
        <extensions>
          <ns3:TrackPointExtension>
            <ns3:hr>94</ns3:hr>
          </ns3:TrackPointExtension>
        </extensions>
      </trkpt>
      <trkpt lat="44.4305098615586757659912109375" lon="-80.279142446815967559814453125">
        <ele>316.399993896484375</ele>
        <time>2024-10-23T16:47:45.000Z</time>
        <extensions>
          <ns3:TrackPointExtension>
            <ns3:hr>95</ns3:hr>
          </ns3:TrackPointExtension>
        </extensions>
      </trkpt>
      <trkpt lat="44.43049653433263301849365234375" lon="-80.27914269827306270599365234375">
        <ele>316.600006103515625</ele>
        <time>2024-10-23T16:47:48.000Z</time>
        <extensions>
          <ns3:TrackPointExtension>
            <ns3:hr>98</ns3:hr>
          </ns3:TrackPointExtension>
        </extensions>
      </trkpt>
      <trkpt lat="44.43048027344048023223876953125" lon="-80.27914638631045818328857421875">
        <ele>316.600006103515625</ele>
        <time>2024-10-23T16:47:54.000Z</time>
        <extensions>
          <ns3:TrackPointExtension>
            <ns3:hr>98</ns3:hr>
          </ns3:TrackPointExtension>
        </extensions>
      </trkpt>
      <trkpt lat="44.43045345135033130645751953125" lon="-80.279135406017303466796875">
        <ele>316.399993896484375</ele>
        <time>2024-10-23T16:48:07.000Z</time>
        <extensions>
          <ns3:TrackPointExtension>
            <ns3:hr>98</ns3:hr>
          </ns3:TrackPointExtension>
        </extensions>
      </trkpt>
      <trkpt lat="44.4304542057216167449951171875" lon="-80.2791426144540309906005859375">
        <ele>316.399993896484375</ele>
        <time>2024-10-23T16:48:10.000Z</time>
        <extensions>
          <ns3:TrackPointExtension>
            <ns3:hr>101</ns3:hr>
          </ns3:TrackPointExtension>
        </extensions>
      </trkpt>
      <trkpt lat="44.43044967949390411376953125" lon="-80.27914546430110931396484375">
        <ele>316.399993896484375</ele>
        <time>2024-10-23T16:48:12.000Z</time>
        <extensions>
          <ns3:TrackPointExtension>
            <ns3:hr>104</ns3:hr>
          </ns3:TrackPointExtension>
        </extensions>
      </trkpt>
      <trkpt lat="44.43043752573430538177490234375" lon="-80.27914504520595073699951171875">
        <ele>316.20001220703125</ele>
        <time>2024-10-23T16:48:14.000Z</time>
        <extensions>
          <ns3:TrackPointExtension>
            <ns3:hr>109</ns3:hr>
          </ns3:TrackPointExtension>
        </extensions>
      </trkpt>
      <trkpt lat="44.43042595870792865753173828125" lon="-80.27914353646337985992431640625">
        <ele>316</ele>
        <time>2024-10-23T16:48:16.000Z</time>
        <extensions>
          <ns3:TrackPointExtension>
            <ns3:hr>113</ns3:hr>
          </ns3:TrackPointExtension>
        </extensions>
      </trkpt>
      <trkpt lat="44.4304109551012516021728515625" lon="-80.27914705686271190643310546875">
        <ele>316</ele>
        <time>2024-10-23T16:48:18.000Z</time>
        <extensions>
          <ns3:TrackPointExtension>
            <ns3:hr>116</ns3:hr>
          </ns3:TrackPointExtension>
        </extensions>
      </trkpt>
      <trkpt lat="44.4303794391453266143798828125" lon="-80.27916264720261096954345703125">
        <ele>316</ele>
        <time>2024-10-23T16:48:22.000Z</time>
        <extensions>
          <ns3:TrackPointExtension>
            <ns3:hr>119</ns3:hr>
          </ns3:TrackPointExtension>
        </extensions>
      </trkpt>
      <trkpt lat="44.43036225624382495880126953125" lon="-80.27917421422898769378662109375">
        <ele>316</ele>
        <time>2024-10-23T16:48:24.000Z</time>
        <extensions>
          <ns3:TrackPointExtension>
            <ns3:hr>122</ns3:hr>
          </ns3:TrackPointExtension>
        </extensions>
      </trkpt>
      <trkpt lat="44.43035848438739776611328125" lon="-80.27917840518057346343994140625">
        <ele>316</ele>
        <time>2024-10-23T16:48:25.000Z</time>
        <extensions>
          <ns3:TrackPointExtension>
            <ns3:hr>127</ns3:hr>
          </ns3:TrackPointExtension>
        </extensions>
      </trkpt>
      <trkpt lat="44.43035085685551166534423828125" lon="-80.27918879874050617218017578125">
        <ele>316</ele>
        <time>2024-10-23T16:48:27.000Z</time>
        <extensions>
          <ns3:TrackPointExtension>
            <ns3:hr>131</ns3:hr>
          </ns3:TrackPointExtension>
        </extensions>
      </trkpt>
      <trkpt lat="44.43033308722078800201416015625" lon="-80.27920313179492950439453125">
        <ele>316</ele>
        <time>2024-10-23T16:48:29.000Z</time>
        <extensions>
          <ns3:TrackPointExtension>
            <ns3:hr>130</ns3:hr>
          </ns3:TrackPointExtension>
        </extensions>
      </trkpt>
      <trkpt lat="44.43031498230993747711181640625" lon="-80.27922970242798328399658203125">
        <ele>316.600006103515625</ele>
        <time>2024-10-23T16:48:36.000Z</time>
        <extensions>
          <ns3:TrackPointExtension>
            <ns3:hr>127</ns3:hr>
          </ns3:TrackPointExtension>
        </extensions>
      </trkpt>
      <trkpt lat="44.43030559457838535308837890625" lon="-80.27923624031245708465576171875">
        <ele>317</ele>
        <time>2024-10-23T16:48:39.000Z</time>
        <extensions>
          <ns3:TrackPointExtension>
            <ns3:hr>132</ns3:hr>
          </ns3:TrackPointExtension>
        </extensions>
      </trkpt>
      <trkpt lat="44.43029947578907012939453125" lon="-80.27923841960728168487548828125">
        <ele>317.20001220703125</ele>
        <time>2024-10-23T16:48:41.000Z</time>
        <extensions>
          <ns3:TrackPointExtension>
            <ns3:hr>129</ns3:hr>
          </ns3:TrackPointExtension>
        </extensions>
      </trkpt>
      <trkpt lat="44.43029285408556461334228515625" lon="-80.27924160473048686981201171875">
        <ele>317.20001220703125</ele>
        <time>2024-10-23T16:48:42.000Z</time>
        <extensions>
          <ns3:TrackPointExtension>
            <ns3:hr>126</ns3:hr>
          </ns3:TrackPointExtension>
        </extensions>
      </trkpt>
      <trkpt lat="44.4302875734865665435791015625" lon="-80.2792525850236415863037109375">
        <ele>317.20001220703125</ele>
        <time>2024-10-23T16:48:43.000Z</time>
        <extensions>
          <ns3:TrackPointExtension>
            <ns3:hr>123</ns3:hr>
          </ns3:TrackPointExtension>
        </extensions>
      </trkpt>
      <trkpt lat="44.4302845560014247894287109375" lon="-80.279255099594593048095703125">
        <ele>317.20001220703125</ele>
        <time>2024-10-23T16:48:44.000Z</time>
        <extensions>
          <ns3:TrackPointExtension>
            <ns3:hr>123</ns3:hr>
          </ns3:TrackPointExtension>
        </extensions>
      </trkpt>
      <trkpt lat="44.43028396926820278167724609375" lon="-80.27926222421228885650634765625">
        <ele>317.399993896484375</ele>
        <time>2024-10-23T16:48:47.000Z</time>
        <extensions>
          <ns3:TrackPointExtension>
            <ns3:hr>120</ns3:hr>
          </ns3:TrackPointExtension>
        </extensions>
      </trkpt>
      <trkpt lat="44.43028396926820278167724609375" lon="-80.2792656607925891876220703125">
        <ele>317.399993896484375</ele>
        <time>2024-10-23T16:48:48.000Z</time>
        <extensions>
          <ns3:TrackPointExtension>
            <ns3:hr>112</ns3:hr>
          </ns3:TrackPointExtension>
        </extensions>
      </trkpt>
      <trkpt lat="44.43028396926820278167724609375" lon="-80.2792690135538578033447265625">
        <ele>317.399993896484375</ele>
        <time>2024-10-23T16:48:49.000Z</time>
        <extensions>
          <ns3:TrackPointExtension>
            <ns3:hr>112</ns3:hr>
          </ns3:TrackPointExtension>
        </extensions>
      </trkpt>
      <trkpt lat="44.43027256987988948822021484375" lon="-80.27926188893616199493408203125">
        <ele>317.600006103515625</ele>
        <time>2024-10-23T16:48:56.000Z</time>
        <extensions>
          <ns3:TrackPointExtension>
            <ns3:hr>114</ns3:hr>
          </ns3:TrackPointExtension>
        </extensions>
      </trkpt>
      <trkpt lat="44.4302679598331451416015625" lon="-80.279253087937831878662109375">
        <ele>317.79998779296875</ele>
        <time>2024-10-23T16:49:05.000Z</time>
        <extensions>
          <ns3:TrackPointExtension>
            <ns3:hr>111</ns3:hr>
          </ns3:TrackPointExtension>
        </extensions>
      </trkpt>
      <trkpt lat="44.43024725653231143951416015625" lon="-80.27928116731345653533935546875">
        <ele>317.600006103515625</ele>
        <time>2024-10-23T16:49:16.000Z</time>
        <extensions>
          <ns3:TrackPointExtension>
            <ns3:hr>108</ns3:hr>
          </ns3:TrackPointExtension>
        </extensions>
      </trkpt>
      <trkpt lat="44.430242143571376800537109375" lon="-80.2792908065021038055419921875">
        <ele>317.600006103515625</ele>
        <time>2024-10-23T16:49:18.000Z</time>
        <extensions>
          <ns3:TrackPointExtension>
            <ns3:hr>105</ns3:hr>
          </ns3:TrackPointExtension>
        </extensions>
      </trkpt>
      <trkpt lat="44.43022705614566802978515625" lon="-80.2793008647859096527099609375">
        <ele>317.600006103515625</ele>
        <time>2024-10-23T16:49:22.000Z</time>
        <extensions>
          <ns3:TrackPointExtension>
            <ns3:hr>102</ns3:hr>
          </ns3:TrackPointExtension>
        </extensions>
      </trkpt>
      <trkpt lat="44.43022194318473339080810546875" lon="-80.2793045528233051300048828125">
        <ele>317.399993896484375</ele>
        <time>2024-10-23T16:49:28.000Z</time>
        <extensions>
          <ns3:TrackPointExtension>
            <ns3:hr>99</ns3:hr>
          </ns3:TrackPointExtension>
        </extensions>
      </trkpt>
      <trkpt lat="44.43024021573364734649658203125" lon="-80.2793015353381633758544921875">
        <ele>317.20001220703125</ele>
        <time>2024-10-23T16:49:31.000Z</time>
        <extensions>
          <ns3:TrackPointExtension>
            <ns3:hr>99</ns3:hr>
          </ns3:TrackPointExtension>
        </extensions>
      </trkpt>
      <trkpt lat="44.43024583160877227783203125" lon="-80.27929876931011676788330078125">
        <ele>317.79998779296875</ele>
        <time>2024-10-23T16:49:41.000Z</time>
        <extensions>
          <ns3:TrackPointExtension>
            <ns3:hr>96</ns3:hr>
          </ns3:TrackPointExtension>
        </extensions>
      </trkpt>
      <trkpt lat="44.4302459992468357086181640625" lon="-80.279298685491085052490234375">
        <ele>317.600006103515625</ele>
        <time>2024-10-23T16:49:42.000Z</time>
        <extensions>
          <ns3:TrackPointExtension>
            <ns3:hr>92</ns3:hr>
          </ns3:TrackPointExtension>
        </extensions>
      </trkpt>
      <trkpt lat="44.43024608306586742401123046875" lon="-80.2792985178530216217041015625">
        <ele>317.79998779296875</ele>
        <time>2024-10-23T16:49:43.000Z</time>
        <extensions>
          <ns3:TrackPointExtension>
            <ns3:hr>92</ns3:hr>
          </ns3:TrackPointExtension>
        </extensions>
      </trkpt>
      <trkpt lat="44.43024574778974056243896484375" lon="-80.27929776348173618316650390625">
        <ele>318.399993896484375</ele>
        <time>2024-10-23T16:49:45.000Z</time>
        <extensions>
          <ns3:TrackPointExtension>
            <ns3:hr>91</ns3:hr>
          </ns3:TrackPointExtension>
        </extensions>
      </trkpt>
      <trkpt lat="44.43025044165551662445068359375" lon="-80.27929558418691158294677734375">
        <ele>318.399993896484375</ele>
        <time>2024-10-23T16:49:48.000Z</time>
        <extensions>
          <ns3:TrackPointExtension>
            <ns3:hr>90</ns3:hr>
          </ns3:TrackPointExtension>
        </extensions>
      </trkpt>
      <trkpt lat="44.43025781773030757904052734375" lon="-80.279289968311786651611328125">
        <ele>318.20001220703125</ele>
        <time>2024-10-23T16:49:54.000Z</time>
        <extensions>
          <ns3:TrackPointExtension>
            <ns3:hr>93</ns3:hr>
          </ns3:TrackPointExtension>
        </extensions>
      </trkpt>
      <trkpt lat="44.43025832064449787139892578125" lon="-80.2792901359498500823974609375">
        <ele>318.20001220703125</ele>
        <time>2024-10-23T16:49:55.000Z</time>
        <extensions>
          <ns3:TrackPointExtension>
            <ns3:hr>96</ns3:hr>
          </ns3:TrackPointExtension>
        </extensions>
      </trkpt>
      <trkpt lat="44.43023719824850559234619140625" lon="-80.27930765412747859954833984375">
        <ele>318.399993896484375</ele>
        <time>2024-10-23T16:50:00.000Z</time>
        <extensions>
          <ns3:TrackPointExtension>
            <ns3:hr>97</ns3:hr>
          </ns3:TrackPointExtension>
        </extensions>
      </trkpt>
      <trkpt lat="44.43018472753465175628662109375" lon="-80.279345624148845672607421875">
        <ele>318.20001220703125</ele>
        <time>2024-10-23T16:50:05.000Z</time>
        <extensions>
          <ns3:TrackPointExtension>
            <ns3:hr>101</ns3:hr>
          </ns3:TrackPointExtension>
        </extensions>
      </trkpt>
      <trkpt lat="44.4301309995353221893310546875" lon="-80.279394574463367462158203125">
        <ele>319.20001220703125</ele>
        <time>2024-10-23T16:50:11.000Z</time>
        <extensions>
          <ns3:TrackPointExtension>
            <ns3:hr>101</ns3:hr>
          </ns3:TrackPointExtension>
        </extensions>
      </trkpt>
      <trkpt lat="44.4301150739192962646484375" lon="-80.2794031240046024322509765625">
        <ele>319.600006103515625</ele>
        <time>2024-10-23T16:50:13.000Z</time>
        <extensions>
          <ns3:TrackPointExtension>
            <ns3:hr>100</ns3:hr>
          </ns3:TrackPointExtension>
        </extensions>
      </trkpt>
      <trkpt lat="44.430092610418796539306640625" lon="-80.27942080982029438018798828125">
        <ele>319.600006103515625</ele>
        <time>2024-10-23T16:50:16.000Z</time>
        <extensions>
          <ns3:TrackPointExtension>
            <ns3:hr>104</ns3:hr>
          </ns3:TrackPointExtension>
        </extensions>
      </trkpt>
      <trkpt lat="44.4300854019820690155029296875" lon="-80.27942550368607044219970703125">
        <ele>319.79998779296875</ele>
        <time>2024-10-23T16:50:17.000Z</time>
        <extensions>
          <ns3:TrackPointExtension>
            <ns3:hr>108</ns3:hr>
          </ns3:TrackPointExtension>
        </extensions>
      </trkpt>
      <trkpt lat="44.43004273809492588043212890625" lon="-80.27944813482463359832763671875">
        <ele>319.600006103515625</ele>
        <time>2024-10-23T16:50:21.000Z</time>
        <extensions>
          <ns3:TrackPointExtension>
            <ns3:hr>112</ns3:hr>
          </ns3:TrackPointExtension>
        </extensions>
      </trkpt>
      <trkpt lat="44.4300056062638759613037109375" lon="-80.27946439571678638458251953125">
        <ele>319.79998779296875</ele>
        <time>2024-10-23T16:50:25.000Z</time>
        <extensions>
          <ns3:TrackPointExtension>
            <ns3:hr>116</ns3:hr>
          </ns3:TrackPointExtension>
        </extensions>
      </trkpt>
      <trkpt lat="44.43000015802681446075439453125" lon="-80.27947043068706989288330078125">
        <ele>320</ele>
        <time>2024-10-23T16:50:26.000Z</time>
        <extensions>
          <ns3:TrackPointExtension>
            <ns3:hr>119</ns3:hr>
          </ns3:TrackPointExtension>
        </extensions>
      </trkpt>
      <trkpt lat="44.429973922669887542724609375" lon="-80.2794856019318103790283203125">
        <ele>320.20001220703125</ele>
        <time>2024-10-23T16:50:30.000Z</time>
        <extensions>
          <ns3:TrackPointExtension>
            <ns3:hr>116</ns3:hr>
          </ns3:TrackPointExtension>
        </extensions>
      </trkpt>
      <trkpt lat="44.4299305044114589691162109375" lon="-80.27949549257755279541015625">
        <ele>320.600006103515625</ele>
        <time>2024-10-23T16:50:35.000Z</time>
        <extensions>
          <ns3:TrackPointExtension>
            <ns3:hr>119</ns3:hr>
          </ns3:TrackPointExtension>
        </extensions>
      </trkpt>
      <trkpt lat="44.4298738427460193634033203125" lon="-80.279501862823963165283203125">
        <ele>320.79998779296875</ele>
        <time>2024-10-23T16:50:40.000Z</time>
        <extensions>
          <ns3:TrackPointExtension>
            <ns3:hr>120</ns3:hr>
          </ns3:TrackPointExtension>
        </extensions>
      </trkpt>
      <trkpt lat="44.42974031902849674224853515625" lon="-80.27946691028773784637451171875">
        <ele>320.79998779296875</ele>
        <time>2024-10-23T16:50:52.000Z</time>
        <extensions>
          <ns3:TrackPointExtension>
            <ns3:hr>125</ns3:hr>
          </ns3:TrackPointExtension>
        </extensions>
      </trkpt>
      <trkpt lat="44.4297310151159763336181640625" lon="-80.27946707792580127716064453125">
        <ele>320.600006103515625</ele>
        <time>2024-10-23T16:50:53.000Z</time>
        <extensions>
          <ns3:TrackPointExtension>
            <ns3:hr>125</ns3:hr>
          </ns3:TrackPointExtension>
        </extensions>
      </trkpt>
      <trkpt lat="44.42963722161948680877685546875" lon="-80.2794597856700420379638671875">
        <ele>319.399993896484375</ele>
        <time>2024-10-23T16:51:02.000Z</time>
        <extensions>
          <ns3:TrackPointExtension>
            <ns3:hr>122</ns3:hr>
          </ns3:TrackPointExtension>
        </extensions>
      </trkpt>
      <trkpt lat="44.4295920431613922119140625" lon="-80.2794497273862361907958984375">
        <ele>318.600006103515625</ele>
        <time>2024-10-23T16:51:07.000Z</time>
        <extensions>
          <ns3:TrackPointExtension>
            <ns3:hr>121</ns3:hr>
          </ns3:TrackPointExtension>
        </extensions>
      </trkpt>
      <trkpt lat="44.42958374507725238800048828125" lon="-80.2794477157294750213623046875">
        <ele>318.20001220703125</ele>
        <time>2024-10-23T16:51:08.000Z</time>
        <extensions>
          <ns3:TrackPointExtension>
            <ns3:hr>121</ns3:hr>
          </ns3:TrackPointExtension>
        </extensions>
      </trkpt>
      <trkpt lat="44.42954870872199535369873046875" lon="-80.27943824417889118194580078125">
        <ele>317.20001220703125</ele>
        <time>2024-10-23T16:51:12.000Z</time>
        <extensions>
          <ns3:TrackPointExtension>
            <ns3:hr>118</ns3:hr>
          </ns3:TrackPointExtension>
        </extensions>
      </trkpt>
      <trkpt lat="44.4294963218271732330322265625" lon="-80.27942583896219730377197265625">
        <ele>316</ele>
        <time>2024-10-23T16:51:18.000Z</time>
        <extensions>
          <ns3:TrackPointExtension>
            <ns3:hr>117</ns3:hr>
          </ns3:TrackPointExtension>
        </extensions>
      </trkpt>
      <trkpt lat="44.42944879643619060516357421875" lon="-80.27942231856286525726318359375">
        <ele>315.399993896484375</ele>
        <time>2024-10-23T16:51:22.000Z</time>
        <extensions>
          <ns3:TrackPointExtension>
            <ns3:hr>115</ns3:hr>
          </ns3:TrackPointExtension>
        </extensions>
      </trkpt>
      <trkpt lat="44.42942700348794460296630859375" lon="-80.27942575514316558837890625">
        <ele>315.20001220703125</ele>
        <time>2024-10-23T16:51:24.000Z</time>
        <extensions>
          <ns3:TrackPointExtension>
            <ns3:hr>116</ns3:hr>
          </ns3:TrackPointExtension>
        </extensions>
      </trkpt>
      <trkpt lat="44.4294011034071445465087890625" lon="-80.2794329635798931121826171875">
        <ele>315</ele>
        <time>2024-10-23T16:51:27.000Z</time>
        <extensions>
          <ns3:TrackPointExtension>
            <ns3:hr>116</ns3:hr>
          </ns3:TrackPointExtension>
        </extensions>
      </trkpt>
      <trkpt lat="44.42937922663986682891845703125" lon="-80.27944880537688732147216796875">
        <ele>314.79998779296875</ele>
        <time>2024-10-23T16:51:31.000Z</time>
        <extensions>
          <ns3:TrackPointExtension>
            <ns3:hr>113</ns3:hr>
          </ns3:TrackPointExtension>
        </extensions>
      </trkpt>
      <trkpt lat="44.42937352694571018218994140625" lon="-80.2794520743191242218017578125">
        <ele>314.600006103515625</ele>
        <time>2024-10-23T16:51:34.000Z</time>
        <extensions>
          <ns3:TrackPointExtension>
            <ns3:hr>113</ns3:hr>
          </ns3:TrackPointExtension>
        </extensions>
      </trkpt>
      <trkpt lat="44.42938056774437427520751953125" lon="-80.27946188114583492279052734375">
        <ele>314.399993896484375</ele>
        <time>2024-10-23T16:51:40.000Z</time>
        <extensions>
          <ns3:TrackPointExtension>
            <ns3:hr>109</ns3:hr>
          </ns3:TrackPointExtension>
        </extensions>
      </trkpt>
      <trkpt lat="44.42937872372567653656005859375" lon="-80.27945735491812229156494140625">
        <ele>314.20001220703125</ele>
        <time>2024-10-23T16:51:43.000Z</time>
        <extensions>
          <ns3:TrackPointExtension>
            <ns3:hr>112</ns3:hr>
          </ns3:TrackPointExtension>
        </extensions>
      </trkpt>
      <trkpt lat="44.4293762929737567901611328125" lon="-80.2794621326029300689697265625">
        <ele>314</ele>
        <time>2024-10-23T16:51:47.000Z</time>
        <extensions>
          <ns3:TrackPointExtension>
            <ns3:hr>111</ns3:hr>
          </ns3:TrackPointExtension>
        </extensions>
      </trkpt>
      <trkpt lat="44.42937679588794708251953125" lon="-80.27945668436586856842041015625">
        <ele>314</ele>
        <time>2024-10-23T16:51:56.000Z</time>
        <extensions>
          <ns3:TrackPointExtension>
            <ns3:hr>110</ns3:hr>
          </ns3:TrackPointExtension>
        </extensions>
      </trkpt>
      <trkpt lat="44.42937620915472507476806640625" lon="-80.2794560976326465606689453125">
        <ele>314</ele>
        <time>2024-10-23T16:51:57.000Z</time>
        <extensions>
          <ns3:TrackPointExtension>
            <ns3:hr>107</ns3:hr>
          </ns3:TrackPointExtension>
        </extensions>
      </trkpt>
      <trkpt lat="44.42936581559479236602783203125" lon="-80.27945484034717082977294921875">
        <ele>313.79998779296875</ele>
        <time>2024-10-23T16:52:01.000Z</time>
        <extensions>
          <ns3:TrackPointExtension>
            <ns3:hr>104</ns3:hr>
          </ns3:TrackPointExtension>
        </extensions>
      </trkpt>
      <trkpt lat="44.42936128936707973480224609375" lon="-80.279451571404933929443359375">
        <ele>313.79998779296875</ele>
        <time>2024-10-23T16:52:08.000Z</time>
        <extensions>
          <ns3:TrackPointExtension>
            <ns3:hr>101</ns3:hr>
          </ns3:TrackPointExtension>
        </extensions>
      </trkpt>
      <trkpt lat="44.4293615408241748809814453125" lon="-80.279446877539157867431640625">
        <ele>313.600006103515625</ele>
        <time>2024-10-23T16:52:12.000Z</time>
        <extensions>
          <ns3:TrackPointExtension>
            <ns3:hr>104</ns3:hr>
          </ns3:TrackPointExtension>
        </extensions>
      </trkpt>
      <trkpt lat="44.42935592494904994964599609375" lon="-80.27943271212279796600341796875">
        <ele>313.600006103515625</ele>
        <time>2024-10-23T16:52:18.000Z</time>
        <extensions>
          <ns3:TrackPointExtension>
            <ns3:hr>106</ns3:hr>
          </ns3:TrackPointExtension>
        </extensions>
      </trkpt>
      <trkpt lat="44.42935441620647907257080078125" lon="-80.2794302813708782196044921875">
        <ele>313.600006103515625</ele>
        <time>2024-10-23T16:52:22.000Z</time>
        <extensions>
          <ns3:TrackPointExtension>
            <ns3:hr>103</ns3:hr>
          </ns3:TrackPointExtension>
        </extensions>
      </trkpt>
      <trkpt lat="44.4293504767119884490966796875" lon="-80.2794252522289752960205078125">
        <ele>313.399993896484375</ele>
        <time>2024-10-23T16:52:27.000Z</time>
        <extensions>
          <ns3:TrackPointExtension>
            <ns3:hr>98</ns3:hr>
          </ns3:TrackPointExtension>
        </extensions>
      </trkpt>
      <trkpt lat="44.429350309073925018310546875" lon="-80.2794245816767215728759765625">
        <ele>313.399993896484375</ele>
        <time>2024-10-23T16:52:28.000Z</time>
        <extensions>
          <ns3:TrackPointExtension>
            <ns3:hr>95</ns3:hr>
          </ns3:TrackPointExtension>
        </extensions>
      </trkpt>
      <trkpt lat="44.4293504767119884490966796875" lon="-80.27942634187638759613037109375">
        <ele>313.399993896484375</ele>
        <time>2024-10-23T16:52:29.000Z</time>
        <extensions>
          <ns3:TrackPointExtension>
            <ns3:hr>91</ns3:hr>
          </ns3:TrackPointExtension>
        </extensions>
      </trkpt>
      <trkpt lat="44.42934729158878326416015625" lon="-80.2794279344379901885986328125">
        <ele>313.20001220703125</ele>
        <time>2024-10-23T16:52:32.000Z</time>
        <extensions>
          <ns3:TrackPointExtension>
            <ns3:hr>88</ns3:hr>
          </ns3:TrackPointExtension>
        </extensions>
      </trkpt>
      <trkpt lat="44.4293390773236751556396484375" lon="-80.27942902408540248870849609375">
        <ele>313.399993896484375</ele>
        <time>2024-10-23T16:52:35.000Z</time>
        <extensions>
          <ns3:TrackPointExtension>
            <ns3:hr>86</ns3:hr>
          </ns3:TrackPointExtension>
        </extensions>
      </trkpt>
      <trkpt lat="44.42934100516140460968017578125" lon="-80.27943489141762256622314453125">
        <ele>313.399993896484375</ele>
        <time>2024-10-23T16:52:41.000Z</time>
        <extensions>
          <ns3:TrackPointExtension>
            <ns3:hr>83</ns3:hr>
          </ns3:TrackPointExtension>
        </extensions>
      </trkpt>
      <trkpt lat="44.42932122386991977691650390625" lon="-80.27943623252213001251220703125">
        <ele>313.600006103515625</ele>
        <time>2024-10-23T16:52:49.000Z</time>
        <extensions>
          <ns3:TrackPointExtension>
            <ns3:hr>86</ns3:hr>
          </ns3:TrackPointExtension>
        </extensions>
      </trkpt>
      <trkpt lat="44.42930965684354305267333984375" lon="-80.27943807654082775115966796875">
        <ele>313.600006103515625</ele>
        <time>2024-10-23T16:52:50.000Z</time>
        <extensions>
          <ns3:TrackPointExtension>
            <ns3:hr>85</ns3:hr>
          </ns3:TrackPointExtension>
        </extensions>
      </trkpt>
      <trkpt lat="44.42925416864454746246337890625" lon="-80.27944310568273067474365234375">
        <ele>313.79998779296875</ele>
        <time>2024-10-23T16:52:56.000Z</time>
        <extensions>
          <ns3:TrackPointExtension>
            <ns3:hr>88</ns3:hr>
          </ns3:TrackPointExtension>
        </extensions>
      </trkpt>
      <trkpt lat="44.4292224012315273284912109375" lon="-80.27945115230977535247802734375">
        <ele>314.20001220703125</ele>
        <time>2024-10-23T16:53:00.000Z</time>
        <extensions>
          <ns3:TrackPointExtension>
            <ns3:hr>91</ns3:hr>
          </ns3:TrackPointExtension>
        </extensions>
      </trkpt>
      <trkpt lat="44.429180324077606201171875" lon="-80.27945601381361484527587890625">
        <ele>314.399993896484375</ele>
        <time>2024-10-23T16:53:04.000Z</time>
        <extensions>
          <ns3:TrackPointExtension>
            <ns3:hr>90</ns3:hr>
          </ns3:TrackPointExtension>
        </extensions>
      </trkpt>
      <trkpt lat="44.42915291525423526763916015625" lon="-80.27946724556386470794677734375">
        <ele>314.600006103515625</ele>
        <time>2024-10-23T16:53:07.000Z</time>
        <extensions>
          <ns3:TrackPointExtension>
            <ns3:hr>85</ns3:hr>
          </ns3:TrackPointExtension>
        </extensions>
      </trkpt>
      <trkpt lat="44.429143778979778289794921875" lon="-80.2794772200286388397216796875">
        <ele>314.600006103515625</ele>
        <time>2024-10-23T16:53:08.000Z</time>
        <extensions>
          <ns3:TrackPointExtension>
            <ns3:hr>89</ns3:hr>
          </ns3:TrackPointExtension>
        </extensions>
      </trkpt>
      <trkpt lat="44.4291141070425510406494140625" lon="-80.2795003540813922882080078125">
        <ele>315</ele>
        <time>2024-10-23T16:53:12.000Z</time>
        <extensions>
          <ns3:TrackPointExtension>
            <ns3:hr>86</ns3:hr>
          </ns3:TrackPointExtension>
        </extensions>
      </trkpt>
      <trkpt lat="44.4290832616388797760009765625" lon="-80.27951753698289394378662109375">
        <ele>315.399993896484375</ele>
        <time>2024-10-23T16:53:16.000Z</time>
        <extensions>
          <ns3:TrackPointExtension>
            <ns3:hr>89</ns3:hr>
          </ns3:TrackPointExtension>
        </extensions>
      </trkpt>
      <trkpt lat="44.42907881923019886016845703125" lon="-80.2795171178877353668212890625">
        <ele>315.79998779296875</ele>
        <time>2024-10-23T16:53:17.000Z</time>
        <extensions>
          <ns3:TrackPointExtension>
            <ns3:hr>88</ns3:hr>
          </ns3:TrackPointExtension>
        </extensions>
      </trkpt>
      <trkpt lat="44.42906624637544155120849609375" lon="-80.27952658943831920623779296875">
        <ele>316.20001220703125</ele>
        <time>2024-10-23T16:53:19.000Z</time>
        <extensions>
          <ns3:TrackPointExtension>
            <ns3:hr>88</ns3:hr>
          </ns3:TrackPointExtension>
        </extensions>
      </trkpt>
      <trkpt lat="44.42903883755207061767578125" lon="-80.27955047786235809326171875">
        <ele>317.399993896484375</ele>
        <time>2024-10-23T16:53:24.000Z</time>
        <extensions>
          <ns3:TrackPointExtension>
            <ns3:hr>85</ns3:hr>
          </ns3:TrackPointExtension>
        </extensions>
      </trkpt>
      <trkpt lat="44.42903473041951656341552734375" lon="-80.27956263162195682525634765625">
        <ele>317.79998779296875</ele>
        <time>2024-10-23T16:53:26.000Z</time>
        <extensions>
          <ns3:TrackPointExtension>
            <ns3:hr>89</ns3:hr>
          </ns3:TrackPointExtension>
        </extensions>
      </trkpt>
      <trkpt lat="44.4290336407721042633056640625" lon="-80.2795784734189510345458984375">
        <ele>318.399993896484375</ele>
        <time>2024-10-23T16:53:29.000Z</time>
        <extensions>
          <ns3:TrackPointExtension>
            <ns3:hr>86</ns3:hr>
          </ns3:TrackPointExtension>
        </extensions>
      </trkpt>
      <trkpt lat="44.42903137765824794769287109375" lon="-80.27958626858890056610107421875">
        <ele>318.600006103515625</ele>
        <time>2024-10-23T16:53:30.000Z</time>
        <extensions>
          <ns3:TrackPointExtension>
            <ns3:hr>86</ns3:hr>
          </ns3:TrackPointExtension>
        </extensions>
      </trkpt>
      <trkpt lat="44.42902735434472560882568359375" lon="-80.27959666214883327484130859375">
        <ele>319</ele>
        <time>2024-10-23T16:53:32.000Z</time>
        <extensions>
          <ns3:TrackPointExtension>
            <ns3:hr>86</ns3:hr>
          </ns3:TrackPointExtension>
        </extensions>
      </trkpt>
      <trkpt lat="44.4290126860141754150390625" lon="-80.27960202656686305999755859375">
        <ele>319.399993896484375</ele>
        <time>2024-10-23T16:53:46.000Z</time>
        <extensions>
          <ns3:TrackPointExtension>
            <ns3:hr>90</ns3:hr>
          </ns3:TrackPointExtension>
        </extensions>
      </trkpt>
      <trkpt lat="44.42901176400482654571533203125" lon="-80.27960571460425853729248046875">
        <ele>319.399993896484375</ele>
        <time>2024-10-23T16:53:47.000Z</time>
        <extensions>
          <ns3:TrackPointExtension>
            <ns3:hr>91</ns3:hr>
          </ns3:TrackPointExtension>
        </extensions>
      </trkpt>
      <trkpt lat="44.42895526997745037078857421875" lon="-80.27970713563263416290283203125">
        <ele>319.600006103515625</ele>
        <time>2024-10-23T16:53:59.000Z</time>
        <extensions>
          <ns3:TrackPointExtension>
            <ns3:hr>94</ns3:hr>
          </ns3:TrackPointExtension>
        </extensions>
      </trkpt>
      <trkpt lat="44.42894755862653255462646484375" lon="-80.279712416231632232666015625">
        <ele>319.79998779296875</ele>
        <time>2024-10-23T16:54:00.000Z</time>
        <extensions>
          <ns3:TrackPointExtension>
            <ns3:hr>95</ns3:hr>
          </ns3:TrackPointExtension>
        </extensions>
      </trkpt>
      <trkpt lat="44.42891302518546581268310546875" lon="-80.2798098139464855194091796875">
        <ele>320.79998779296875</ele>
        <time>2024-10-23T16:54:09.000Z</time>
        <extensions>
          <ns3:TrackPointExtension>
            <ns3:hr>93</ns3:hr>
          </ns3:TrackPointExtension>
        </extensions>
      </trkpt>
      <trkpt lat="44.42887790501117706298828125" lon="-80.2798711694777011871337890625">
        <ele>321.600006103515625</ele>
        <time>2024-10-23T16:54:14.000Z</time>
        <extensions>
          <ns3:TrackPointExtension>
            <ns3:hr>96</ns3:hr>
          </ns3:TrackPointExtension>
        </extensions>
      </trkpt>
      <trkpt lat="44.42886005155742168426513671875" lon="-80.2798996679484844207763671875">
        <ele>321.79998779296875</ele>
        <time>2024-10-23T16:54:16.000Z</time>
        <extensions>
          <ns3:TrackPointExtension>
            <ns3:hr>98</ns3:hr>
          </ns3:TrackPointExtension>
        </extensions>
      </trkpt>
      <trkpt lat="44.42884680815041065216064453125" lon="-80.27993227355182170867919921875">
        <ele>322.20001220703125</ele>
        <time>2024-10-23T16:54:18.000Z</time>
        <extensions>
          <ns3:TrackPointExtension>
            <ns3:hr>103</ns3:hr>
          </ns3:TrackPointExtension>
        </extensions>
      </trkpt>
      <trkpt lat="44.42883306182920932769775390625" lon="-80.27995708398520946502685546875">
        <ele>322.399993896484375</ele>
        <time>2024-10-23T16:54:20.000Z</time>
        <extensions>
          <ns3:TrackPointExtension>
            <ns3:hr>106</ns3:hr>
          </ns3:TrackPointExtension>
        </extensions>
      </trkpt>
      <trkpt lat="44.42881596274673938751220703125" lon="-80.27998340316116809844970703125">
        <ele>322.600006103515625</ele>
        <time>2024-10-23T16:54:22.000Z</time>
        <extensions>
          <ns3:TrackPointExtension>
            <ns3:hr>109</ns3:hr>
          </ns3:TrackPointExtension>
        </extensions>
      </trkpt>
      <trkpt lat="44.42880816757678985595703125" lon="-80.27999245561659336090087890625">
        <ele>322.79998779296875</ele>
        <time>2024-10-23T16:54:23.000Z</time>
        <extensions>
          <ns3:TrackPointExtension>
            <ns3:hr>110</ns3:hr>
          </ns3:TrackPointExtension>
        </extensions>
      </trkpt>
      <trkpt lat="44.428800456225872039794921875" lon="-80.28000033460557460784912109375">
        <ele>323</ele>
        <time>2024-10-23T16:54:24.000Z</time>
        <extensions>
          <ns3:TrackPointExtension>
            <ns3:hr>113</ns3:hr>
          </ns3:TrackPointExtension>
        </extensions>
      </trkpt>
      <trkpt lat="44.428788721561431884765625" lon="-80.28002212755382061004638671875">
        <ele>323.20001220703125</ele>
        <time>2024-10-23T16:54:26.000Z</time>
        <extensions>
          <ns3:TrackPointExtension>
            <ns3:hr>117</ns3:hr>
          </ns3:TrackPointExtension>
        </extensions>
      </trkpt>
      <trkpt lat="44.428775310516357421875" lon="-80.28004291467368602752685546875">
        <ele>323.399993896484375</ele>
        <time>2024-10-23T16:54:28.000Z</time>
        <extensions>
          <ns3:TrackPointExtension>
            <ns3:hr>117</ns3:hr>
          </ns3:TrackPointExtension>
        </extensions>
      </trkpt>
      <trkpt lat="44.42873775959014892578125" lon="-80.2800998277962207794189453125">
        <ele>324</ele>
        <time>2024-10-23T16:54:34.000Z</time>
        <extensions>
          <ns3:TrackPointExtension>
            <ns3:hr>118</ns3:hr>
          </ns3:TrackPointExtension>
        </extensions>
      </trkpt>
      <trkpt lat="44.4287003763020038604736328125" lon="-80.28013612143695354461669921875">
        <ele>324</ele>
        <time>2024-10-23T16:54:38.000Z</time>
        <extensions>
          <ns3:TrackPointExtension>
            <ns3:hr>120</ns3:hr>
          </ns3:TrackPointExtension>
        </extensions>
      </trkpt>
      <trkpt lat="44.42866735160350799560546875" lon="-80.2802015841007232666015625">
        <ele>324.20001220703125</ele>
        <time>2024-10-23T16:54:43.000Z</time>
        <extensions>
          <ns3:TrackPointExtension>
            <ns3:hr>122</ns3:hr>
          </ns3:TrackPointExtension>
        </extensions>
      </trkpt>
      <trkpt lat="44.4286611489951610565185546875" lon="-80.280211307108402252197265625">
        <ele>324.20001220703125</ele>
        <time>2024-10-23T16:54:44.000Z</time>
        <extensions>
          <ns3:TrackPointExtension>
            <ns3:hr>127</ns3:hr>
          </ns3:TrackPointExtension>
        </extensions>
      </trkpt>
      <trkpt lat="44.4286349974572658538818359375" lon="-80.2802793681621551513671875">
        <ele>325</ele>
        <time>2024-10-23T16:54:50.000Z</time>
        <extensions>
          <ns3:TrackPointExtension>
            <ns3:hr>124</ns3:hr>
          </ns3:TrackPointExtension>
        </extensions>
      </trkpt>
      <trkpt lat="44.42863189615309238433837890625" lon="-80.28030912391841411590576171875">
        <ele>326</ele>
        <time>2024-10-23T16:54:54.000Z</time>
        <extensions>
          <ns3:TrackPointExtension>
            <ns3:hr>125</ns3:hr>
          </ns3:TrackPointExtension>
        </extensions>
      </trkpt>
      <trkpt lat="44.4286383502185344696044921875" lon="-80.2803196012973785400390625">
        <ele>326.399993896484375</ele>
        <time>2024-10-23T16:54:56.000Z</time>
        <extensions>
          <ns3:TrackPointExtension>
            <ns3:hr>121</ns3:hr>
          </ns3:TrackPointExtension>
        </extensions>
      </trkpt>
      <trkpt lat="44.42864052951335906982421875" lon="-80.28033426962792873382568359375">
        <ele>327</ele>
        <time>2024-10-23T16:54:58.000Z</time>
        <extensions>
          <ns3:TrackPointExtension>
            <ns3:hr>123</ns3:hr>
          </ns3:TrackPointExtension>
        </extensions>
      </trkpt>
      <trkpt lat="44.4286423735320568084716796875" lon="-80.2803439088165760040283203125">
        <ele>327.20001220703125</ele>
        <time>2024-10-23T16:54:59.000Z</time>
        <extensions>
          <ns3:TrackPointExtension>
            <ns3:hr>123</ns3:hr>
          </ns3:TrackPointExtension>
        </extensions>
      </trkpt>
      <trkpt lat="44.42864748649299144744873046875" lon="-80.2803650312125682830810546875">
        <ele>327.399993896484375</ele>
        <time>2024-10-23T16:55:01.000Z</time>
        <extensions>
          <ns3:TrackPointExtension>
            <ns3:hr>120</ns3:hr>
          </ns3:TrackPointExtension>
        </extensions>
      </trkpt>
      <trkpt lat="44.4286531023681163787841796875" lon="-80.2804086171090602874755859375">
        <ele>328.20001220703125</ele>
        <time>2024-10-23T16:55:05.000Z</time>
        <extensions>
          <ns3:TrackPointExtension>
            <ns3:hr>124</ns3:hr>
          </ns3:TrackPointExtension>
        </extensions>
      </trkpt>
      <trkpt lat="44.42865301854908466339111328125" lon="-80.2804599143564701080322265625">
        <ele>329</ele>
        <time>2024-10-23T16:55:09.000Z</time>
        <extensions>
          <ns3:TrackPointExtension>
            <ns3:hr>128</ns3:hr>
          </ns3:TrackPointExtension>
        </extensions>
      </trkpt>
      <trkpt lat="44.42865653894841670989990234375" lon="-80.2804682962596416473388671875">
        <ele>329.20001220703125</ele>
        <time>2024-10-23T16:55:10.000Z</time>
        <extensions>
          <ns3:TrackPointExtension>
            <ns3:hr>133</ns3:hr>
          </ns3:TrackPointExtension>
        </extensions>
      </trkpt>
      <trkpt lat="44.428655616939067840576171875" lon="-80.2804750017821788787841796875">
        <ele>329.399993896484375</ele>
        <time>2024-10-23T16:55:11.000Z</time>
        <extensions>
          <ns3:TrackPointExtension>
            <ns3:hr>137</ns3:hr>
          </ns3:TrackPointExtension>
        </extensions>
      </trkpt>
      <trkpt lat="44.42865704186260700225830078125" lon="-80.280484221875667572021484375">
        <ele>329.600006103515625</ele>
        <time>2024-10-23T16:55:12.000Z</time>
        <extensions>
          <ns3:TrackPointExtension>
            <ns3:hr>141</ns3:hr>
          </ns3:TrackPointExtension>
        </extensions>
      </trkpt>
      <trkpt lat="44.428657628595829010009765625" lon="-80.280489586293697357177734375">
        <ele>329.79998779296875</ele>
        <time>2024-10-23T16:55:13.000Z</time>
        <extensions>
          <ns3:TrackPointExtension>
            <ns3:hr>141</ns3:hr>
          </ns3:TrackPointExtension>
        </extensions>
      </trkpt>
      <trkpt lat="44.42865821532905101776123046875" lon="-80.280495621263980865478515625">
        <ele>330.20001220703125</ele>
        <time>2024-10-23T16:55:14.000Z</time>
        <extensions>
          <ns3:TrackPointExtension>
            <ns3:hr>142</ns3:hr>
          </ns3:TrackPointExtension>
        </extensions>
      </trkpt>
      <trkpt lat="44.428654946386814117431640625" lon="-80.280511714518070220947265625">
        <ele>330.79998779296875</ele>
        <time>2024-10-23T16:55:17.000Z</time>
        <extensions>
          <ns3:TrackPointExtension>
            <ns3:hr>138</ns3:hr>
          </ns3:TrackPointExtension>
        </extensions>
      </trkpt>
      <trkpt lat="44.42866156809031963348388671875" lon="-80.2805219404399394989013671875">
        <ele>331.399993896484375</ele>
        <time>2024-10-23T16:55:19.000Z</time>
        <extensions>
          <ns3:TrackPointExtension>
            <ns3:hr>135</ns3:hr>
          </ns3:TrackPointExtension>
        </extensions>
      </trkpt>
      <trkpt lat="44.42868101410567760467529296875" lon="-80.28055219911038875579833984375">
        <ele>332.600006103515625</ele>
        <time>2024-10-23T16:55:24.000Z</time>
        <extensions>
          <ns3:TrackPointExtension>
            <ns3:hr>133</ns3:hr>
          </ns3:TrackPointExtension>
        </extensions>
      </trkpt>
      <trkpt lat="44.4286950118839740753173828125" lon="-80.28058036230504512786865234375">
        <ele>333.20001220703125</ele>
        <time>2024-10-23T16:55:27.000Z</time>
        <extensions>
          <ns3:TrackPointExtension>
            <ns3:hr>135</ns3:hr>
          </ns3:TrackPointExtension>
        </extensions>
      </trkpt>
      <trkpt lat="44.428709261119365692138671875" lon="-80.28060835786163806915283203125">
        <ele>333.600006103515625</ele>
        <time>2024-10-23T16:55:29.000Z</time>
        <extensions>
          <ns3:TrackPointExtension>
            <ns3:hr>137</ns3:hr>
          </ns3:TrackPointExtension>
        </extensions>
      </trkpt>
      <trkpt lat="44.4287184812128543853759765625" lon="-80.2806409634649753570556640625">
        <ele>333.79998779296875</ele>
        <time>2024-10-23T16:55:32.000Z</time>
        <extensions>
          <ns3:TrackPointExtension>
            <ns3:hr>140</ns3:hr>
          </ns3:TrackPointExtension>
        </extensions>
      </trkpt>
      <trkpt lat="44.42873331718146800994873046875" lon="-80.28066652826964855194091796875">
        <ele>334.79998779296875</ele>
        <time>2024-10-23T16:55:36.000Z</time>
        <extensions>
          <ns3:TrackPointExtension>
            <ns3:hr>141</ns3:hr>
          </ns3:TrackPointExtension>
        </extensions>
      </trkpt>
      <trkpt lat="44.4287593849003314971923828125" lon="-80.280710197985172271728515625">
        <ele>335.600006103515625</ele>
        <time>2024-10-23T16:55:41.000Z</time>
        <extensions>
          <ns3:TrackPointExtension>
            <ns3:hr>138</ns3:hr>
          </ns3:TrackPointExtension>
        </extensions>
      </trkpt>
      <trkpt lat="44.42876391112804412841796875" lon="-80.28071614913642406463623046875">
        <ele>335.79998779296875</ele>
        <time>2024-10-23T16:55:42.000Z</time>
        <extensions>
          <ns3:TrackPointExtension>
            <ns3:hr>135</ns3:hr>
          </ns3:TrackPointExtension>
        </extensions>
      </trkpt>
      <trkpt lat="44.428772963583469390869140625" lon="-80.280729644000530242919921875">
        <ele>336</ele>
        <time>2024-10-23T16:55:43.000Z</time>
        <extensions>
          <ns3:TrackPointExtension>
            <ns3:hr>136</ns3:hr>
          </ns3:TrackPointExtension>
        </extensions>
      </trkpt>
      <trkpt lat="44.4287976063787937164306640625" lon="-80.280778594315052032470703125">
        <ele>336.600006103515625</ele>
        <time>2024-10-23T16:55:46.000Z</time>
        <extensions>
          <ns3:TrackPointExtension>
            <ns3:hr>133</ns3:hr>
          </ns3:TrackPointExtension>
        </extensions>
      </trkpt>
      <trkpt lat="44.4288074970245361328125" lon="-80.28082787990570068359375">
        <ele>337</ele>
        <time>2024-10-23T16:55:49.000Z</time>
        <extensions>
          <ns3:TrackPointExtension>
            <ns3:hr>135</ns3:hr>
          </ns3:TrackPointExtension>
        </extensions>
      </trkpt>
      <trkpt lat="44.42882283590734004974365234375" lon="-80.28089225292205810546875">
        <ele>337.20001220703125</ele>
        <time>2024-10-23T16:55:53.000Z</time>
        <extensions>
          <ns3:TrackPointExtension>
            <ns3:hr>136</ns3:hr>
          </ns3:TrackPointExtension>
        </extensions>
      </trkpt>
      <trkpt lat="44.428812526166439056396484375" lon="-80.281024016439914703369140625">
        <ele>338.20001220703125</ele>
        <time>2024-10-23T16:56:01.000Z</time>
        <extensions>
          <ns3:TrackPointExtension>
            <ns3:hr>134</ns3:hr>
          </ns3:TrackPointExtension>
        </extensions>
      </trkpt>
      <trkpt lat="44.428827278316020965576171875" lon="-80.2810828574001789093017578125">
        <ele>338.79998779296875</ele>
        <time>2024-10-23T16:56:06.000Z</time>
        <extensions>
          <ns3:TrackPointExtension>
            <ns3:hr>133</ns3:hr>
          </ns3:TrackPointExtension>
        </extensions>
      </trkpt>
      <trkpt lat="44.4288515858352184295654296875" lon="-80.281109511852264404296875">
        <ele>339.399993896484375</ele>
        <time>2024-10-23T16:56:10.000Z</time>
        <extensions>
          <ns3:TrackPointExtension>
            <ns3:hr>131</ns3:hr>
          </ns3:TrackPointExtension>
        </extensions>
      </trkpt>
      <trkpt lat="44.4289095886051654815673828125" lon="-80.2811924926936626434326171875">
        <ele>340</ele>
        <time>2024-10-23T16:56:19.000Z</time>
        <extensions>
          <ns3:TrackPointExtension>
            <ns3:hr>128</ns3:hr>
          </ns3:TrackPointExtension>
        </extensions>
      </trkpt>
      <trkpt lat="44.42893448285758495330810546875" lon="-80.2812186442315578460693359375">
        <ele>340.20001220703125</ele>
        <time>2024-10-23T16:56:21.000Z</time>
        <extensions>
          <ns3:TrackPointExtension>
            <ns3:hr>127</ns3:hr>
          </ns3:TrackPointExtension>
        </extensions>
      </trkpt>
      <trkpt lat="44.4289494864642620086669921875" lon="-80.2812565304338932037353515625">
        <ele>340.399993896484375</ele>
        <time>2024-10-23T16:56:23.000Z</time>
        <extensions>
          <ns3:TrackPointExtension>
            <ns3:hr>128</ns3:hr>
          </ns3:TrackPointExtension>
        </extensions>
      </trkpt>
      <trkpt lat="44.42897991277277469635009765625" lon="-80.28132065199315547943115234375">
        <ele>340.79998779296875</ele>
        <time>2024-10-23T16:56:28.000Z</time>
        <extensions>
          <ns3:TrackPointExtension>
            <ns3:hr>125</ns3:hr>
          </ns3:TrackPointExtension>
        </extensions>
      </trkpt>
      <trkpt lat="44.42899349145591259002685546875" lon="-80.2813413552939891815185546875">
        <ele>340.79998779296875</ele>
        <time>2024-10-23T16:56:30.000Z</time>
        <extensions>
          <ns3:TrackPointExtension>
            <ns3:hr>122</ns3:hr>
          </ns3:TrackPointExtension>
        </extensions>
      </trkpt>
      <trkpt lat="44.42902131937444210052490234375" lon="-80.281404219567775726318359375">
        <ele>341.600006103515625</ele>
        <time>2024-10-23T16:56:36.000Z</time>
        <extensions>
          <ns3:TrackPointExtension>
            <ns3:hr>122</ns3:hr>
          </ns3:TrackPointExtension>
        </extensions>
      </trkpt>
      <trkpt lat="44.42902131937444210052490234375" lon="-80.28142525814473628997802734375">
        <ele>342.79998779296875</ele>
        <time>2024-10-23T16:56:43.000Z</time>
        <extensions>
          <ns3:TrackPointExtension>
            <ns3:hr>121</ns3:hr>
          </ns3:TrackPointExtension>
        </extensions>
      </trkpt>
      <trkpt lat="44.429007656872272491455078125" lon="-80.28144772164523601531982421875">
        <ele>344</ele>
        <time>2024-10-23T16:56:50.000Z</time>
        <extensions>
          <ns3:TrackPointExtension>
            <ns3:hr>119</ns3:hr>
          </ns3:TrackPointExtension>
        </extensions>
      </trkpt>
      <trkpt lat="44.42900941707193851470947265625" lon="-80.28145476244390010833740234375">
        <ele>344.399993896484375</ele>
        <time>2024-10-23T16:56:54.000Z</time>
        <extensions>
          <ns3:TrackPointExtension>
            <ns3:hr>122</ns3:hr>
          </ns3:TrackPointExtension>
        </extensions>
      </trkpt>
      <trkpt lat="44.4290034659206867218017578125" lon="-80.28145962394773960113525390625">
        <ele>344.600006103515625</ele>
        <time>2024-10-23T16:56:56.000Z</time>
        <extensions>
          <ns3:TrackPointExtension>
            <ns3:hr>125</ns3:hr>
          </ns3:TrackPointExtension>
        </extensions>
      </trkpt>
      <trkpt lat="44.4289965927600860595703125" lon="-80.28146465308964252471923828125">
        <ele>344.600006103515625</ele>
        <time>2024-10-23T16:56:57.000Z</time>
        <extensions>
          <ns3:TrackPointExtension>
            <ns3:hr>126</ns3:hr>
          </ns3:TrackPointExtension>
        </extensions>
      </trkpt>
      <trkpt lat="44.4289880432188510894775390625" lon="-80.28147219680249691009521484375">
        <ele>345</ele>
        <time>2024-10-23T16:57:00.000Z</time>
        <extensions>
          <ns3:TrackPointExtension>
            <ns3:hr>125</ns3:hr>
          </ns3:TrackPointExtension>
        </extensions>
      </trkpt>
      <trkpt lat="44.42897438071668148040771484375" lon="-80.2814809978008270263671875">
        <ele>346.20001220703125</ele>
        <time>2024-10-23T16:57:06.000Z</time>
        <extensions>
          <ns3:TrackPointExtension>
            <ns3:hr>127</ns3:hr>
          </ns3:TrackPointExtension>
        </extensions>
      </trkpt>
      <trkpt lat="44.42894018255174160003662109375" lon="-80.281490720808506011962890625">
        <ele>346.79998779296875</ele>
        <time>2024-10-23T16:57:12.000Z</time>
        <extensions>
          <ns3:TrackPointExtension>
            <ns3:hr>130</ns3:hr>
          </ns3:TrackPointExtension>
        </extensions>
      </trkpt>
      <trkpt lat="44.428937919437885284423828125" lon="-80.28148845769464969635009765625">
        <ele>347</ele>
        <time>2024-10-23T16:57:13.000Z</time>
        <extensions>
          <ns3:TrackPointExtension>
            <ns3:hr>126</ns3:hr>
          </ns3:TrackPointExtension>
        </extensions>
      </trkpt>
      <trkpt lat="44.4289300404489040374755859375" lon="-80.2814925648272037506103515625">
        <ele>347.20001220703125</ele>
        <time>2024-10-23T16:57:15.000Z</time>
        <extensions>
          <ns3:TrackPointExtension>
            <ns3:hr>127</ns3:hr>
          </ns3:TrackPointExtension>
        </extensions>
      </trkpt>
      <trkpt lat="44.42892040126025676727294921875" lon="-80.281498096883296966552734375">
        <ele>348</ele>
        <time>2024-10-23T16:57:18.000Z</time>
        <extensions>
          <ns3:TrackPointExtension>
            <ns3:hr>130</ns3:hr>
          </ns3:TrackPointExtension>
        </extensions>
      </trkpt>
      <trkpt lat="44.42891822196543216705322265625" lon="-80.2815016172826290130615234375">
        <ele>348.399993896484375</ele>
        <time>2024-10-23T16:57:19.000Z</time>
        <extensions>
          <ns3:TrackPointExtension>
            <ns3:hr>130</ns3:hr>
          </ns3:TrackPointExtension>
        </extensions>
      </trkpt>
      <trkpt lat="44.42890338599681854248046875" lon="-80.2815239131450653076171875">
        <ele>349.399993896484375</ele>
        <time>2024-10-23T16:57:25.000Z</time>
        <extensions>
          <ns3:TrackPointExtension>
            <ns3:hr>131</ns3:hr>
          </ns3:TrackPointExtension>
        </extensions>
      </trkpt>
      <trkpt lat="44.4288988597691059112548828125" lon="-80.28152751736342906951904296875">
        <ele>349.600006103515625</ele>
        <time>2024-10-23T16:57:26.000Z</time>
        <extensions>
          <ns3:TrackPointExtension>
            <ns3:hr>131</ns3:hr>
          </ns3:TrackPointExtension>
        </extensions>
      </trkpt>
      <trkpt lat="44.428884945809841156005859375" lon="-80.28154277242720127105712890625">
        <ele>350.399993896484375</ele>
        <time>2024-10-23T16:57:30.000Z</time>
        <extensions>
          <ns3:TrackPointExtension>
            <ns3:hr>129</ns3:hr>
          </ns3:TrackPointExtension>
        </extensions>
      </trkpt>
      <trkpt lat="44.42886508069932460784912109375" lon="-80.28158769942820072174072265625">
        <ele>351.600006103515625</ele>
        <time>2024-10-23T16:57:37.000Z</time>
        <extensions>
          <ns3:TrackPointExtension>
            <ns3:hr>128</ns3:hr>
          </ns3:TrackPointExtension>
        </extensions>
      </trkpt>
      <trkpt lat="44.4288504123687744140625" lon="-80.2815864421427249908447265625">
        <ele>352</ele>
        <time>2024-10-23T16:57:40.000Z</time>
        <extensions>
          <ns3:TrackPointExtension>
            <ns3:hr>132</ns3:hr>
          </ns3:TrackPointExtension>
        </extensions>
      </trkpt>
      <trkpt lat="44.4288398511707782745361328125" lon="-80.2815909683704376220703125">
        <ele>352.20001220703125</ele>
        <time>2024-10-23T16:57:43.000Z</time>
        <extensions>
          <ns3:TrackPointExtension>
            <ns3:hr>134</ns3:hr>
          </ns3:TrackPointExtension>
        </extensions>
      </trkpt>
      <trkpt lat="44.42881965078413486480712890625" lon="-80.28166045434772968292236328125">
        <ele>352.600006103515625</ele>
        <time>2024-10-23T16:57:55.000Z</time>
        <extensions>
          <ns3:TrackPointExtension>
            <ns3:hr>134</ns3:hr>
          </ns3:TrackPointExtension>
        </extensions>
      </trkpt>
      <trkpt lat="44.42882166244089603424072265625" lon="-80.28166749514639377593994140625">
        <ele>352.600006103515625</ele>
        <time>2024-10-23T16:57:56.000Z</time>
        <extensions>
          <ns3:TrackPointExtension>
            <ns3:hr>134</ns3:hr>
          </ns3:TrackPointExtension>
        </extensions>
      </trkpt>
      <trkpt lat="44.42883373238146305084228515625" lon="-80.28169616125524044036865234375">
        <ele>353.399993896484375</ele>
        <time>2024-10-23T16:58:01.000Z</time>
        <extensions>
          <ns3:TrackPointExtension>
            <ns3:hr>131</ns3:hr>
          </ns3:TrackPointExtension>
        </extensions>
      </trkpt>
      <trkpt lat="44.42883658222854137420654296875" lon="-80.28170823119580745697021484375">
        <ele>353.79998779296875</ele>
        <time>2024-10-23T16:58:03.000Z</time>
        <extensions>
          <ns3:TrackPointExtension>
            <ns3:hr>135</ns3:hr>
          </ns3:TrackPointExtension>
        </extensions>
      </trkpt>
      <trkpt lat="44.4288599677383899688720703125" lon="-80.28174544684588909149169921875">
        <ele>354.79998779296875</ele>
        <time>2024-10-23T16:58:09.000Z</time>
        <extensions>
          <ns3:TrackPointExtension>
            <ns3:hr>133</ns3:hr>
          </ns3:TrackPointExtension>
        </extensions>
      </trkpt>
      <trkpt lat="44.42886692471802234649658203125" lon="-80.2817554213106632232666015625">
        <ele>356</ele>
        <time>2024-10-23T16:58:12.000Z</time>
        <extensions>
          <ns3:TrackPointExtension>
            <ns3:hr>131</ns3:hr>
          </ns3:TrackPointExtension>
        </extensions>
      </trkpt>
      <trkpt lat="44.42887782119214534759521484375" lon="-80.2817802317440509796142578125">
        <ele>357</ele>
        <time>2024-10-23T16:58:16.000Z</time>
        <extensions>
          <ns3:TrackPointExtension>
            <ns3:hr>130</ns3:hr>
          </ns3:TrackPointExtension>
        </extensions>
      </trkpt>
      <trkpt lat="44.42888754419982433319091796875" lon="-80.28180462308228015899658203125">
        <ele>357.79998779296875</ele>
        <time>2024-10-23T16:58:20.000Z</time>
        <extensions>
          <ns3:TrackPointExtension>
            <ns3:hr>133</ns3:hr>
          </ns3:TrackPointExtension>
        </extensions>
      </trkpt>
      <trkpt lat="44.428891651332378387451171875" lon="-80.28181920759379863739013671875">
        <ele>358</ele>
        <time>2024-10-23T16:58:22.000Z</time>
        <extensions>
          <ns3:TrackPointExtension>
            <ns3:hr>134</ns3:hr>
          </ns3:TrackPointExtension>
        </extensions>
      </trkpt>
      <trkpt lat="44.4288968481123447418212890625" lon="-80.281833708286285400390625">
        <ele>358.20001220703125</ele>
        <time>2024-10-23T16:58:24.000Z</time>
        <extensions>
          <ns3:TrackPointExtension>
            <ns3:hr>135</ns3:hr>
          </ns3:TrackPointExtension>
        </extensions>
      </trkpt>
      <trkpt lat="44.42891000770032405853271484375" lon="-80.2818523161113262176513671875">
        <ele>359.20001220703125</ele>
        <time>2024-10-23T16:58:31.000Z</time>
        <extensions>
          <ns3:TrackPointExtension>
            <ns3:hr>135</ns3:hr>
          </ns3:TrackPointExtension>
        </extensions>
      </trkpt>
      <trkpt lat="44.42892752587795257568359375" lon="-80.28188156895339488983154296875">
        <ele>360</ele>
        <time>2024-10-23T16:58:37.000Z</time>
        <extensions>
          <ns3:TrackPointExtension>
            <ns3:hr>132</ns3:hr>
          </ns3:TrackPointExtension>
        </extensions>
      </trkpt>
      <trkpt lat="44.4289330579340457916259765625" lon="-80.28188659809529781341552734375">
        <ele>360</ele>
        <time>2024-10-23T16:58:38.000Z</time>
        <extensions>
          <ns3:TrackPointExtension>
            <ns3:hr>132</ns3:hr>
          </ns3:TrackPointExtension>
        </extensions>
      </trkpt>
      <trkpt lat="44.428946971893310546875" lon="-80.2818932197988033294677734375">
        <ele>360.20001220703125</ele>
        <time>2024-10-23T16:58:41.000Z</time>
        <extensions>
          <ns3:TrackPointExtension>
            <ns3:hr>132</ns3:hr>
          </ns3:TrackPointExtension>
        </extensions>
      </trkpt>
      <trkpt lat="44.42902274429798126220703125" lon="-80.28196874074637889862060546875">
        <ele>361.399993896484375</ele>
        <time>2024-10-23T16:58:52.000Z</time>
        <extensions>
          <ns3:TrackPointExtension>
            <ns3:hr>131</ns3:hr>
          </ns3:TrackPointExtension>
        </extensions>
      </trkpt>
      <trkpt lat="44.42907177843153476715087890625" lon="-80.2820561639964580535888671875">
        <ele>362.20001220703125</ele>
        <time>2024-10-23T16:59:01.000Z</time>
        <extensions>
          <ns3:TrackPointExtension>
            <ns3:hr>126</ns3:hr>
          </ns3:TrackPointExtension>
        </extensions>
      </trkpt>
      <trkpt lat="44.42907915450632572174072265625" lon="-80.28207443654537200927734375">
        <ele>362.399993896484375</ele>
        <time>2024-10-23T16:59:03.000Z</time>
        <extensions>
          <ns3:TrackPointExtension>
            <ns3:hr>125</ns3:hr>
          </ns3:TrackPointExtension>
        </extensions>
      </trkpt>
      <trkpt lat="44.4290916435420513153076171875" lon="-80.28211609460413455963134765625">
        <ele>363</ele>
        <time>2024-10-23T16:59:07.000Z</time>
        <extensions>
          <ns3:TrackPointExtension>
            <ns3:hr>124</ns3:hr>
          </ns3:TrackPointExtension>
        </extensions>
      </trkpt>
      <trkpt lat="44.42910446785390377044677734375" lon="-80.282144509255886077880859375">
        <ele>363.600006103515625</ele>
        <time>2024-10-23T16:59:10.000Z</time>
        <extensions>
          <ns3:TrackPointExtension>
            <ns3:hr>123</ns3:hr>
          </ns3:TrackPointExtension>
        </extensions>
      </trkpt>
      <trkpt lat="44.4291224889457225799560546875" lon="-80.28220175765454769134521484375">
        <ele>364.600006103515625</ele>
        <time>2024-10-23T16:59:16.000Z</time>
        <extensions>
          <ns3:TrackPointExtension>
            <ns3:hr>125</ns3:hr>
          </ns3:TrackPointExtension>
        </extensions>
      </trkpt>
      <trkpt lat="44.42912458442151546478271484375" lon="-80.2822454273700714111328125">
        <ele>365.20001220703125</ele>
        <time>2024-10-23T16:59:20.000Z</time>
        <extensions>
          <ns3:TrackPointExtension>
            <ns3:hr>123</ns3:hr>
          </ns3:TrackPointExtension>
        </extensions>
      </trkpt>
      <trkpt lat="44.42912056110799312591552734375" lon="-80.282283984124660491943359375">
        <ele>365.600006103515625</ele>
        <time>2024-10-23T16:59:24.000Z</time>
        <extensions>
          <ns3:TrackPointExtension>
            <ns3:hr>129</ns3:hr>
          </ns3:TrackPointExtension>
        </extensions>
      </trkpt>
      <trkpt lat="44.4291154481470584869384765625" lon="-80.28229462914168834686279296875">
        <ele>365.600006103515625</ele>
        <time>2024-10-23T16:59:25.000Z</time>
        <extensions>
          <ns3:TrackPointExtension>
            <ns3:hr>129</ns3:hr>
          </ns3:TrackPointExtension>
        </extensions>
      </trkpt>
      <trkpt lat="44.4290879555046558380126953125" lon="-80.28233402408659458160400390625">
        <ele>366.79998779296875</ele>
        <time>2024-10-23T16:59:30.000Z</time>
        <extensions>
          <ns3:TrackPointExtension>
            <ns3:hr>130</ns3:hr>
          </ns3:TrackPointExtension>
        </extensions>
      </trkpt>
      <trkpt lat="44.42906825803220272064208984375" lon="-80.28235313482582569122314453125">
        <ele>367.20001220703125</ele>
        <time>2024-10-23T16:59:33.000Z</time>
        <extensions>
          <ns3:TrackPointExtension>
            <ns3:hr>130</ns3:hr>
          </ns3:TrackPointExtension>
        </extensions>
      </trkpt>
      <trkpt lat="44.42903942428529262542724609375" lon="-80.2823897637426853179931640625">
        <ele>368</ele>
        <time>2024-10-23T16:59:39.000Z</time>
        <extensions>
          <ns3:TrackPointExtension>
            <ns3:hr>128</ns3:hr>
          </ns3:TrackPointExtension>
        </extensions>
      </trkpt>
      <trkpt lat="44.42902366630733013153076171875" lon="-80.2824031747877597808837890625">
        <ele>368.600006103515625</ele>
        <time>2024-10-23T16:59:42.000Z</time>
        <extensions>
          <ns3:TrackPointExtension>
            <ns3:hr>131</ns3:hr>
          </ns3:TrackPointExtension>
        </extensions>
      </trkpt>
      <trkpt lat="44.429008662700653076171875" lon="-80.2824112214148044586181640625">
        <ele>369</ele>
        <time>2024-10-23T16:59:44.000Z</time>
        <extensions>
          <ns3:TrackPointExtension>
            <ns3:hr>131</ns3:hr>
          </ns3:TrackPointExtension>
        </extensions>
      </trkpt>
      <trkpt lat="44.42898896522819995880126953125" lon="-80.28242840431630611419677734375">
        <ele>369.600006103515625</ele>
        <time>2024-10-23T16:59:47.000Z</time>
        <extensions>
          <ns3:TrackPointExtension>
            <ns3:hr>132</ns3:hr>
          </ns3:TrackPointExtension>
        </extensions>
      </trkpt>
      <trkpt lat="44.4289551861584186553955078125" lon="-80.2824558131396770477294921875">
        <ele>370.20001220703125</ele>
        <time>2024-10-23T16:59:52.000Z</time>
        <extensions>
          <ns3:TrackPointExtension>
            <ns3:hr>138</ns3:hr>
          </ns3:TrackPointExtension>
        </extensions>
      </trkpt>
      <trkpt lat="44.42895024083554744720458984375" lon="-80.28246159665286540985107421875">
        <ele>370.399993896484375</ele>
        <time>2024-10-23T16:59:53.000Z</time>
        <extensions>
          <ns3:TrackPointExtension>
            <ns3:hr>141</ns3:hr>
          </ns3:TrackPointExtension>
        </extensions>
      </trkpt>
      <trkpt lat="44.42894152365624904632568359375" lon="-80.2824789471924304962158203125">
        <ele>370.600006103515625</ele>
        <time>2024-10-23T16:59:55.000Z</time>
        <extensions>
          <ns3:TrackPointExtension>
            <ns3:hr>145</ns3:hr>
          </ns3:TrackPointExtension>
        </extensions>
      </trkpt>
      <trkpt lat="44.42893096245825290679931640625" lon="-80.2824947051703929901123046875">
        <ele>370.79998779296875</ele>
        <time>2024-10-23T16:59:57.000Z</time>
        <extensions>
          <ns3:TrackPointExtension>
            <ns3:hr>148</ns3:hr>
          </ns3:TrackPointExtension>
        </extensions>
      </trkpt>
      <trkpt lat="44.4289236702024936676025390625" lon="-80.2825208567082881927490234375">
        <ele>371</ele>
        <time>2024-10-23T16:59:59.000Z</time>
        <extensions>
          <ns3:TrackPointExtension>
            <ns3:hr>145</ns3:hr>
          </ns3:TrackPointExtension>
        </extensions>
      </trkpt>
      <trkpt lat="44.42892123945057392120361328125" lon="-80.2825339324772357940673828125">
        <ele>371</ele>
        <time>2024-10-23T17:00:00.000Z</time>
        <extensions>
          <ns3:TrackPointExtension>
            <ns3:hr>146</ns3:hr>
          </ns3:TrackPointExtension>
        </extensions>
      </trkpt>
      <trkpt lat="44.4289241731166839599609375" lon="-80.28254860080778598785400390625">
        <ele>371.20001220703125</ele>
        <time>2024-10-23T17:00:01.000Z</time>
        <extensions>
          <ns3:TrackPointExtension>
            <ns3:hr>139</ns3:hr>
          </ns3:TrackPointExtension>
        </extensions>
      </trkpt>
      <trkpt lat="44.4289256818592548370361328125" lon="-80.28256402350962162017822265625">
        <ele>371.20001220703125</ele>
        <time>2024-10-23T17:00:02.000Z</time>
        <extensions>
          <ns3:TrackPointExtension>
            <ns3:hr>139</ns3:hr>
          </ns3:TrackPointExtension>
        </extensions>
      </trkpt>
      <trkpt lat="44.42892693914473056793212890625" lon="-80.28259419836103916168212890625">
        <ele>371.399993896484375</ele>
        <time>2024-10-23T17:00:04.000Z</time>
        <extensions>
          <ns3:TrackPointExtension>
            <ns3:hr>136</ns3:hr>
          </ns3:TrackPointExtension>
        </extensions>
      </trkpt>
      <trkpt lat="44.4289538450539112091064453125" lon="-80.2826906740665435791015625">
        <ele>371.79998779296875</ele>
        <time>2024-10-23T17:00:12.000Z</time>
        <extensions>
          <ns3:TrackPointExtension>
            <ns3:hr>135</ns3:hr>
          </ns3:TrackPointExtension>
        </extensions>
      </trkpt>
      <trkpt lat="44.42895744927227497100830078125" lon="-80.2827263809740543365478515625">
        <ele>372.20001220703125</ele>
        <time>2024-10-23T17:00:16.000Z</time>
        <extensions>
          <ns3:TrackPointExtension>
            <ns3:hr>135</ns3:hr>
          </ns3:TrackPointExtension>
        </extensions>
      </trkpt>
      <trkpt lat="44.42895459942519664764404296875" lon="-80.2827736549079418182373046875">
        <ele>373.399993896484375</ele>
        <time>2024-10-23T17:00:22.000Z</time>
        <extensions>
          <ns3:TrackPointExtension>
            <ns3:hr>136</ns3:hr>
          </ns3:TrackPointExtension>
        </extensions>
      </trkpt>
      <trkpt lat="44.4289545156061649322509765625" lon="-80.28278656303882598876953125">
        <ele>373.399993896484375</ele>
        <time>2024-10-23T17:00:23.000Z</time>
        <extensions>
          <ns3:TrackPointExtension>
            <ns3:hr>137</ns3:hr>
          </ns3:TrackPointExtension>
        </extensions>
      </trkpt>
      <trkpt lat="44.42892995662987232208251953125" lon="-80.282880105078220367431640625">
        <ele>373.79998779296875</ele>
        <time>2024-10-23T17:00:30.000Z</time>
        <extensions>
          <ns3:TrackPointExtension>
            <ns3:hr>137</ns3:hr>
          </ns3:TrackPointExtension>
        </extensions>
      </trkpt>
      <trkpt lat="44.42891067825257778167724609375" lon="-80.28296534903347492218017578125">
        <ele>374.20001220703125</ele>
        <time>2024-10-23T17:00:37.000Z</time>
        <extensions>
          <ns3:TrackPointExtension>
            <ns3:hr>137</ns3:hr>
          </ns3:TrackPointExtension>
        </extensions>
      </trkpt>
      <trkpt lat="44.42889668047428131103515625" lon="-80.28316131792962551116943359375">
        <ele>374.20001220703125</ele>
        <time>2024-10-23T17:00:50.000Z</time>
        <extensions>
          <ns3:TrackPointExtension>
            <ns3:hr>136</ns3:hr>
          </ns3:TrackPointExtension>
        </extensions>
      </trkpt>
      <trkpt lat="44.42889223806560039520263671875" lon="-80.2832433767616748809814453125">
        <ele>374</ele>
        <time>2024-10-23T17:00:54.000Z</time>
        <extensions>
          <ns3:TrackPointExtension>
            <ns3:hr>132</ns3:hr>
          </ns3:TrackPointExtension>
        </extensions>
      </trkpt>
      <trkpt lat="44.42888637073338031768798828125" lon="-80.28329961933195590972900390625">
        <ele>374</ele>
        <time>2024-10-23T17:00:57.000Z</time>
        <extensions>
          <ns3:TrackPointExtension>
            <ns3:hr>135</ns3:hr>
          </ns3:TrackPointExtension>
        </extensions>
      </trkpt>
      <trkpt lat="44.42887723445892333984375" lon="-80.28339701704680919647216796875">
        <ele>374</ele>
        <time>2024-10-23T17:01:03.000Z</time>
        <extensions>
          <ns3:TrackPointExtension>
            <ns3:hr>137</ns3:hr>
          </ns3:TrackPointExtension>
        </extensions>
      </trkpt>
      <trkpt lat="44.428869187831878662109375" lon="-80.2834120206534862518310546875">
        <ele>374</ele>
        <time>2024-10-23T17:01:04.000Z</time>
        <extensions>
          <ns3:TrackPointExtension>
            <ns3:hr>134</ns3:hr>
          </ns3:TrackPointExtension>
        </extensions>
      </trkpt>
      <trkpt lat="44.42886181175708770751953125" lon="-80.28342702426016330718994140625">
        <ele>374</ele>
        <time>2024-10-23T17:01:05.000Z</time>
        <extensions>
          <ns3:TrackPointExtension>
            <ns3:hr>137</ns3:hr>
          </ns3:TrackPointExtension>
        </extensions>
      </trkpt>
      <trkpt lat="44.4288442097604274749755859375" lon="-80.2834851108491420745849609375">
        <ele>374.399993896484375</ele>
        <time>2024-10-23T17:01:09.000Z</time>
        <extensions>
          <ns3:TrackPointExtension>
            <ns3:hr>130</ns3:hr>
          </ns3:TrackPointExtension>
        </extensions>
      </trkpt>
      <trkpt lat="44.42884043790400028228759765625" lon="-80.28351067565381526947021484375">
        <ele>374.600006103515625</ele>
        <time>2024-10-23T17:01:11.000Z</time>
        <extensions>
          <ns3:TrackPointExtension>
            <ns3:hr>127</ns3:hr>
          </ns3:TrackPointExtension>
        </extensions>
      </trkpt>
      <trkpt lat="44.42883591167628765106201171875" lon="-80.2835437841713428497314453125">
        <ele>374.79998779296875</ele>
        <time>2024-10-23T17:01:14.000Z</time>
        <extensions>
          <ns3:TrackPointExtension>
            <ns3:hr>128</ns3:hr>
          </ns3:TrackPointExtension>
        </extensions>
      </trkpt>
      <trkpt lat="44.42882962524890899658203125" lon="-80.283582173287868499755859375">
        <ele>375.20001220703125</ele>
        <time>2024-10-23T17:01:17.000Z</time>
        <extensions>
          <ns3:TrackPointExtension>
            <ns3:hr>124</ns3:hr>
          </ns3:TrackPointExtension>
        </extensions>
      </trkpt>
      <trkpt lat="44.42882568575441837310791015625" lon="-80.28362098149955272674560546875">
        <ele>375.600006103515625</ele>
        <time>2024-10-23T17:01:20.000Z</time>
        <extensions>
          <ns3:TrackPointExtension>
            <ns3:hr>123</ns3:hr>
          </ns3:TrackPointExtension>
        </extensions>
      </trkpt>
      <trkpt lat="44.42882082425057888031005859375" lon="-80.2836457081139087677001953125">
        <ele>376</ele>
        <time>2024-10-23T17:01:22.000Z</time>
        <extensions>
          <ns3:TrackPointExtension>
            <ns3:hr>126</ns3:hr>
          </ns3:TrackPointExtension>
        </extensions>
      </trkpt>
      <trkpt lat="44.428811855614185333251953125" lon="-80.2837114222347736358642578125">
        <ele>376.600006103515625</ele>
        <time>2024-10-23T17:01:26.000Z</time>
        <extensions>
          <ns3:TrackPointExtension>
            <ns3:hr>122</ns3:hr>
          </ns3:TrackPointExtension>
        </extensions>
      </trkpt>
      <trkpt lat="44.428815208375453948974609375" lon="-80.28372810222208499908447265625">
        <ele>376.600006103515625</ele>
        <time>2024-10-23T17:01:27.000Z</time>
        <extensions>
          <ns3:TrackPointExtension>
            <ns3:hr>124</ns3:hr>
          </ns3:TrackPointExtension>
        </extensions>
      </trkpt>
      <trkpt lat="44.428821913897991180419921875" lon="-80.2837965823709964752197265625">
        <ele>377</ele>
        <time>2024-10-23T17:01:31.000Z</time>
        <extensions>
          <ns3:TrackPointExtension>
            <ns3:hr>123</ns3:hr>
          </ns3:TrackPointExtension>
        </extensions>
      </trkpt>
      <trkpt lat="44.42881143651902675628662109375" lon="-80.28388987295329570770263671875">
        <ele>377.600006103515625</ele>
        <time>2024-10-23T17:01:38.000Z</time>
        <extensions>
          <ns3:TrackPointExtension>
            <ns3:hr>123</ns3:hr>
          </ns3:TrackPointExtension>
        </extensions>
      </trkpt>
      <trkpt lat="44.42881881259381771087646484375" lon="-80.2839192934334278106689453125">
        <ele>378.20001220703125</ele>
        <time>2024-10-23T17:01:49.000Z</time>
        <extensions>
          <ns3:TrackPointExtension>
            <ns3:hr>124</ns3:hr>
          </ns3:TrackPointExtension>
        </extensions>
      </trkpt>
      <trkpt lat="44.42882769741117954254150390625" lon="-80.28394393622875213623046875">
        <ele>378.20001220703125</ele>
        <time>2024-10-23T17:02:00.000Z</time>
        <extensions>
          <ns3:TrackPointExtension>
            <ns3:hr>121</ns3:hr>
          </ns3:TrackPointExtension>
        </extensions>
      </trkpt>
      <trkpt lat="44.4288321398198604583740234375" lon="-80.2840007655322551727294921875">
        <ele>378.20001220703125</ele>
        <time>2024-10-23T17:02:04.000Z</time>
        <extensions>
          <ns3:TrackPointExtension>
            <ns3:hr>120</ns3:hr>
          </ns3:TrackPointExtension>
        </extensions>
      </trkpt>
      <trkpt lat="44.4288361631333827972412109375" lon="-80.284108556807041168212890625">
        <ele>378.399993896484375</ele>
        <time>2024-10-23T17:02:11.000Z</time>
        <extensions>
          <ns3:TrackPointExtension>
            <ns3:hr>124</ns3:hr>
          </ns3:TrackPointExtension>
        </extensions>
      </trkpt>
      <trkpt lat="44.42883524112403392791748046875" lon="-80.284140072762966156005859375">
        <ele>378.399993896484375</ele>
        <time>2024-10-23T17:02:13.000Z</time>
        <extensions>
          <ns3:TrackPointExtension>
            <ns3:hr>121</ns3:hr>
          </ns3:TrackPointExtension>
        </extensions>
      </trkpt>
      <trkpt lat="44.42883406765758991241455078125" lon="-80.28420587070286273956298828125">
        <ele>378.79998779296875</ele>
        <time>2024-10-23T17:02:17.000Z</time>
        <extensions>
          <ns3:TrackPointExtension>
            <ns3:hr>121</ns3:hr>
          </ns3:TrackPointExtension>
        </extensions>
      </trkpt>
      <trkpt lat="44.4288398511707782745361328125" lon="-80.284280888736248016357421875">
        <ele>379.79998779296875</ele>
        <time>2024-10-23T17:02:22.000Z</time>
        <extensions>
          <ns3:TrackPointExtension>
            <ns3:hr>120</ns3:hr>
          </ns3:TrackPointExtension>
        </extensions>
      </trkpt>
      <trkpt lat="44.4288492389023303985595703125" lon="-80.28432372026145458221435546875">
        <ele>380.20001220703125</ele>
        <time>2024-10-23T17:02:25.000Z</time>
        <extensions>
          <ns3:TrackPointExtension>
            <ns3:hr>117</ns3:hr>
          </ns3:TrackPointExtension>
        </extensions>
      </trkpt>
      <trkpt lat="44.42885108292102813720703125" lon="-80.28439194895327091217041015625">
        <ele>381</ele>
        <time>2024-10-23T17:02:30.000Z</time>
        <extensions>
          <ns3:TrackPointExtension>
            <ns3:hr>119</ns3:hr>
          </ns3:TrackPointExtension>
        </extensions>
      </trkpt>
      <trkpt lat="44.428866840898990631103515625" lon="-80.2844399772584438323974609375">
        <ele>381.600006103515625</ele>
        <time>2024-10-23T17:02:33.000Z</time>
        <extensions>
          <ns3:TrackPointExtension>
            <ns3:hr>121</ns3:hr>
          </ns3:TrackPointExtension>
        </extensions>
      </trkpt>
      <trkpt lat="44.42887580953538417816162109375" lon="-80.2844822220504283905029296875">
        <ele>382</ele>
        <time>2024-10-23T17:02:36.000Z</time>
        <extensions>
          <ns3:TrackPointExtension>
            <ns3:hr>121</ns3:hr>
          </ns3:TrackPointExtension>
        </extensions>
      </trkpt>
      <trkpt lat="44.42887128330767154693603515625" lon="-80.28455640189349651336669921875">
        <ele>382.600006103515625</ele>
        <time>2024-10-23T17:02:41.000Z</time>
        <extensions>
          <ns3:TrackPointExtension>
            <ns3:hr>122</ns3:hr>
          </ns3:TrackPointExtension>
        </extensions>
      </trkpt>
      <trkpt lat="44.42886977456510066986083984375" lon="-80.284573249518871307373046875">
        <ele>382.79998779296875</ele>
        <time>2024-10-23T17:02:42.000Z</time>
        <extensions>
          <ns3:TrackPointExtension>
            <ns3:hr>123</ns3:hr>
          </ns3:TrackPointExtension>
        </extensions>
      </trkpt>
      <trkpt lat="44.428862817585468292236328125" lon="-80.2846030890941619873046875">
        <ele>383</ele>
        <time>2024-10-23T17:02:44.000Z</time>
        <extensions>
          <ns3:TrackPointExtension>
            <ns3:hr>123</ns3:hr>
          </ns3:TrackPointExtension>
        </extensions>
      </trkpt>
      <trkpt lat="44.4288562797009944915771484375" lon="-80.284648351371288299560546875">
        <ele>383.600006103515625</ele>
        <time>2024-10-23T17:02:47.000Z</time>
        <extensions>
          <ns3:TrackPointExtension>
            <ns3:hr>120</ns3:hr>
          </ns3:TrackPointExtension>
        </extensions>
      </trkpt>
      <trkpt lat="44.4288489036262035369873046875" lon="-80.28467324562370777130126953125">
        <ele>384.20001220703125</ele>
        <time>2024-10-23T17:02:49.000Z</time>
        <extensions>
          <ns3:TrackPointExtension>
            <ns3:hr>119</ns3:hr>
          </ns3:TrackPointExtension>
        </extensions>
      </trkpt>
      <trkpt lat="44.42882216535508632659912109375" lon="-80.284754969179630279541015625">
        <ele>384.399993896484375</ele>
        <time>2024-10-23T17:02:55.000Z</time>
        <extensions>
          <ns3:TrackPointExtension>
            <ns3:hr>120</ns3:hr>
          </ns3:TrackPointExtension>
        </extensions>
      </trkpt>
      <trkpt lat="44.42876164801418781280517578125" lon="-80.2849355153739452362060546875">
        <ele>384</ele>
        <time>2024-10-23T17:03:08.000Z</time>
        <extensions>
          <ns3:TrackPointExtension>
            <ns3:hr>120</ns3:hr>
          </ns3:TrackPointExtension>
        </extensions>
      </trkpt>
      <trkpt lat="44.42870867438614368438720703125" lon="-80.2851420454680919647216796875">
        <ele>383.20001220703125</ele>
        <time>2024-10-23T17:03:20.000Z</time>
        <extensions>
          <ns3:TrackPointExtension>
            <ns3:hr>124</ns3:hr>
          </ns3:TrackPointExtension>
        </extensions>
      </trkpt>
      <trkpt lat="44.42870632745325565338134765625" lon="-80.285153277218341827392578125">
        <ele>383.399993896484375</ele>
        <time>2024-10-23T17:03:21.000Z</time>
        <extensions>
          <ns3:TrackPointExtension>
            <ns3:hr>124</ns3:hr>
          </ns3:TrackPointExtension>
        </extensions>
      </trkpt>
      <trkpt lat="44.42869124002754688262939453125" lon="-80.2853127010166645050048828125">
        <ele>385.399993896484375</ele>
        <time>2024-10-23T17:03:33.000Z</time>
        <extensions>
          <ns3:TrackPointExtension>
            <ns3:hr>123</ns3:hr>
          </ns3:TrackPointExtension>
        </extensions>
      </trkpt>
      <trkpt lat="44.428696520626544952392578125" lon="-80.2853274531662464141845703125">
        <ele>385.399993896484375</ele>
        <time>2024-10-23T17:03:34.000Z</time>
        <extensions>
          <ns3:TrackPointExtension>
            <ns3:hr>123</ns3:hr>
          </ns3:TrackPointExtension>
        </extensions>
      </trkpt>
      <trkpt lat="44.42872703075408935546875" lon="-80.28539861552417278289794921875">
        <ele>386.600006103515625</ele>
        <time>2024-10-23T17:03:40.000Z</time>
        <extensions>
          <ns3:TrackPointExtension>
            <ns3:hr>123</ns3:hr>
          </ns3:TrackPointExtension>
        </extensions>
      </trkpt>
      <trkpt lat="44.428735412657260894775390625" lon="-80.28543348424136638641357421875">
        <ele>387.399993896484375</ele>
        <time>2024-10-23T17:03:43.000Z</time>
        <extensions>
          <ns3:TrackPointExtension>
            <ns3:hr>119</ns3:hr>
          </ns3:TrackPointExtension>
        </extensions>
      </trkpt>
      <trkpt lat="44.428735077381134033203125" lon="-80.285447649657726287841796875">
        <ele>387.600006103515625</ele>
        <time>2024-10-23T17:03:44.000Z</time>
        <extensions>
          <ns3:TrackPointExtension>
            <ns3:hr>120</ns3:hr>
          </ns3:TrackPointExtension>
        </extensions>
      </trkpt>
      <trkpt lat="44.42874203436076641082763671875" lon="-80.28547237627208232879638671875">
        <ele>388</ele>
        <time>2024-10-23T17:03:46.000Z</time>
        <extensions>
          <ns3:TrackPointExtension>
            <ns3:hr>117</ns3:hr>
          </ns3:TrackPointExtension>
        </extensions>
      </trkpt>
      <trkpt lat="44.42875477485358715057373046875" lon="-80.28550204820930957794189453125">
        <ele>388.600006103515625</ele>
        <time>2024-10-23T17:03:49.000Z</time>
        <extensions>
          <ns3:TrackPointExtension>
            <ns3:hr>113</ns3:hr>
          </ns3:TrackPointExtension>
        </extensions>
      </trkpt>
      <trkpt lat="44.4287605583667755126953125" lon="-80.2855259366333484649658203125">
        <ele>389.20001220703125</ele>
        <time>2024-10-23T17:03:51.000Z</time>
        <extensions>
          <ns3:TrackPointExtension>
            <ns3:hr>109</ns3:hr>
          </ns3:TrackPointExtension>
        </extensions>
      </trkpt>
      <trkpt lat="44.42876265384256839752197265625" lon="-80.28553708456456661224365234375">
        <ele>389.399993896484375</ele>
        <time>2024-10-23T17:03:52.000Z</time>
        <extensions>
          <ns3:TrackPointExtension>
            <ns3:hr>106</ns3:hr>
          </ns3:TrackPointExtension>
        </extensions>
      </trkpt>
      <trkpt lat="44.4287694431841373443603515625" lon="-80.285562984645366668701171875">
        <ele>390</ele>
        <time>2024-10-23T17:03:54.000Z</time>
        <extensions>
          <ns3:TrackPointExtension>
            <ns3:hr>106</ns3:hr>
          </ns3:TrackPointExtension>
        </extensions>
      </trkpt>
      <trkpt lat="44.4287634082138538360595703125" lon="-80.285626351833343505859375">
        <ele>390.600006103515625</ele>
        <time>2024-10-23T17:03:59.000Z</time>
        <extensions>
          <ns3:TrackPointExtension>
            <ns3:hr>106</ns3:hr>
          </ns3:TrackPointExtension>
        </extensions>
      </trkpt>
      <trkpt lat="44.4287627376616001129150390625" lon="-80.28567018918693065643310546875">
        <ele>391</ele>
        <time>2024-10-23T17:04:02.000Z</time>
        <extensions>
          <ns3:TrackPointExtension>
            <ns3:hr>109</ns3:hr>
          </ns3:TrackPointExtension>
        </extensions>
      </trkpt>
      <trkpt lat="44.42876248620450496673583984375" lon="-80.28568292967975139617919921875">
        <ele>391.399993896484375</ele>
        <time>2024-10-23T17:04:03.000Z</time>
        <extensions>
          <ns3:TrackPointExtension>
            <ns3:hr>106</ns3:hr>
          </ns3:TrackPointExtension>
        </extensions>
      </trkpt>
      <trkpt lat="44.42875586450099945068359375" lon="-80.2857579477131366729736328125">
        <ele>392.20001220703125</ele>
        <time>2024-10-23T17:04:08.000Z</time>
        <extensions>
          <ns3:TrackPointExtension>
            <ns3:hr>107</ns3:hr>
          </ns3:TrackPointExtension>
        </extensions>
      </trkpt>
      <trkpt lat="44.428746812045574188232421875" lon="-80.2858234941959381103515625">
        <ele>392.79998779296875</ele>
        <time>2024-10-23T17:04:13.000Z</time>
        <extensions>
          <ns3:TrackPointExtension>
            <ns3:hr>107</ns3:hr>
          </ns3:TrackPointExtension>
        </extensions>
      </trkpt>
      <trkpt lat="44.42873029969632625579833984375" lon="-80.2859227359294891357421875">
        <ele>393.399993896484375</ele>
        <time>2024-10-23T17:04:22.000Z</time>
        <extensions>
          <ns3:TrackPointExtension>
            <ns3:hr>107</ns3:hr>
          </ns3:TrackPointExtension>
        </extensions>
      </trkpt>
      <trkpt lat="44.42873574793338775634765625" lon="-80.28596037067472934722900390625">
        <ele>393.399993896484375</ele>
        <time>2024-10-23T17:04:25.000Z</time>
        <extensions>
          <ns3:TrackPointExtension>
            <ns3:hr>109</ns3:hr>
          </ns3:TrackPointExtension>
        </extensions>
      </trkpt>
      <trkpt lat="44.42875050008296966552734375" lon="-80.286149717867374420166015625">
        <ele>393.20001220703125</ele>
        <time>2024-10-23T17:04:39.000Z</time>
        <extensions>
          <ns3:TrackPointExtension>
            <ns3:hr>111</ns3:hr>
          </ns3:TrackPointExtension>
        </extensions>
      </trkpt>
      <trkpt lat="44.4287613965570926666259765625" lon="-80.28620361350476741790771484375">
        <ele>393</ele>
        <time>2024-10-23T17:04:43.000Z</time>
        <extensions>
          <ns3:TrackPointExtension>
            <ns3:hr>114</ns3:hr>
          </ns3:TrackPointExtension>
        </extensions>
      </trkpt>
      <trkpt lat="44.42877757363021373748779296875" lon="-80.28623898513615131378173828125">
        <ele>393</ele>
        <time>2024-10-23T17:04:48.000Z</time>
        <extensions>
          <ns3:TrackPointExtension>
            <ns3:hr>111</ns3:hr>
          </ns3:TrackPointExtension>
        </extensions>
      </trkpt>
      <trkpt lat="44.42879869602620601654052734375" lon="-80.28626681305468082427978515625">
        <ele>392.79998779296875</ele>
        <time>2024-10-23T17:04:51.000Z</time>
        <extensions>
          <ns3:TrackPointExtension>
            <ns3:hr>110</ns3:hr>
          </ns3:TrackPointExtension>
        </extensions>
      </trkpt>
      <trkpt lat="44.4288274459540843963623046875" lon="-80.28630285523831844329833984375">
        <ele>393</ele>
        <time>2024-10-23T17:04:56.000Z</time>
        <extensions>
          <ns3:TrackPointExtension>
            <ns3:hr>113</ns3:hr>
          </ns3:TrackPointExtension>
        </extensions>
      </trkpt>
      <trkpt lat="44.42884194664657115936279296875" lon="-80.28632531873881816864013671875">
        <ele>393.20001220703125</ele>
        <time>2024-10-23T17:05:01.000Z</time>
        <extensions>
          <ns3:TrackPointExtension>
            <ns3:hr>114</ns3:hr>
          </ns3:TrackPointExtension>
        </extensions>
      </trkpt>
      <trkpt lat="44.42884848453104496002197265625" lon="-80.28633403591811656951904296875">
        <ele>393.20001220703125</ele>
        <time>2024-10-23T17:05:04.000Z</time>
        <extensions>
          <ns3:TrackPointExtension>
            <ns3:hr>111</ns3:hr>
          </ns3:TrackPointExtension>
        </extensions>
      </trkpt>
      <trkpt lat="44.42889894358813762664794921875" lon="-80.2864229679107666015625">
        <ele>392.600006103515625</ele>
        <time>2024-10-23T17:05:15.000Z</time>
        <extensions>
          <ns3:TrackPointExtension>
            <ns3:hr>111</ns3:hr>
          </ns3:TrackPointExtension>
        </extensions>
      </trkpt>
      <trkpt lat="44.42890598438680171966552734375" lon="-80.2864583395421504974365234375">
        <ele>392.20001220703125</ele>
        <time>2024-10-23T17:05:18.000Z</time>
        <extensions>
          <ns3:TrackPointExtension>
            <ns3:hr>110</ns3:hr>
          </ns3:TrackPointExtension>
        </extensions>
      </trkpt>
      <trkpt lat="44.4289437867701053619384765625" lon="-80.286529250442981719970703125">
        <ele>391</ele>
        <time>2024-10-23T17:05:26.000Z</time>
        <extensions>
          <ns3:TrackPointExtension>
            <ns3:hr>110</ns3:hr>
          </ns3:TrackPointExtension>
        </extensions>
      </trkpt>
      <trkpt lat="44.42896775901317596435546875" lon="-80.28656302951276302337646484375">
        <ele>390.20001220703125</ele>
        <time>2024-10-23T17:05:31.000Z</time>
        <extensions>
          <ns3:TrackPointExtension>
            <ns3:hr>110</ns3:hr>
          </ns3:TrackPointExtension>
        </extensions>
      </trkpt>
      <trkpt lat="44.42897421307861804962158203125" lon="-80.28656805865466594696044921875">
        <ele>390</ele>
        <time>2024-10-23T17:05:32.000Z</time>
        <extensions>
          <ns3:TrackPointExtension>
            <ns3:hr>109</ns3:hr>
          </ns3:TrackPointExtension>
        </extensions>
      </trkpt>
      <trkpt lat="44.42908116616308689117431640625" lon="-80.28663285076618194580078125">
        <ele>389.79998779296875</ele>
        <time>2024-10-23T17:05:44.000Z</time>
        <extensions>
          <ns3:TrackPointExtension>
            <ns3:hr>112</ns3:hr>
          </ns3:TrackPointExtension>
        </extensions>
      </trkpt>
      <trkpt lat="44.42911134101450443267822265625" lon="-80.286645255982875823974609375">
        <ele>390.20001220703125</ele>
        <time>2024-10-23T17:05:46.000Z</time>
        <extensions>
          <ns3:TrackPointExtension>
            <ns3:hr>117</ns3:hr>
          </ns3:TrackPointExtension>
        </extensions>
      </trkpt>
      <trkpt lat="44.42914134822785854339599609375" lon="-80.28666503727436065673828125">
        <ele>390.600006103515625</ele>
        <time>2024-10-23T17:05:48.000Z</time>
        <extensions>
          <ns3:TrackPointExtension>
            <ns3:hr>116</ns3:hr>
          </ns3:TrackPointExtension>
        </extensions>
      </trkpt>
      <trkpt lat="44.42917336709797382354736328125" lon="-80.28669747523963451385498046875">
        <ele>391.20001220703125</ele>
        <time>2024-10-23T17:05:51.000Z</time>
        <extensions>
          <ns3:TrackPointExtension>
            <ns3:hr>116</ns3:hr>
          </ns3:TrackPointExtension>
        </extensions>
      </trkpt>
      <trkpt lat="44.42920647561550140380859375" lon="-80.28674994595348834991455078125">
        <ele>391.79998779296875</ele>
        <time>2024-10-23T17:05:56.000Z</time>
        <extensions>
          <ns3:TrackPointExtension>
            <ns3:hr>117</ns3:hr>
          </ns3:TrackPointExtension>
        </extensions>
      </trkpt>
      <trkpt lat="44.42924142815172672271728515625" lon="-80.28683711774647235870361328125">
        <ele>392.20001220703125</ele>
        <time>2024-10-23T17:06:03.000Z</time>
        <extensions>
          <ns3:TrackPointExtension>
            <ns3:hr>117</ns3:hr>
          </ns3:TrackPointExtension>
        </extensions>
      </trkpt>
      <trkpt lat="44.4292425177991390228271484375" lon="-80.2868754230439662933349609375">
        <ele>392.79998779296875</ele>
        <time>2024-10-23T17:06:07.000Z</time>
        <extensions>
          <ns3:TrackPointExtension>
            <ns3:hr>118</ns3:hr>
          </ns3:TrackPointExtension>
        </extensions>
      </trkpt>
      <trkpt lat="44.429258443415164947509765625" lon="-80.286926217377185821533203125">
        <ele>393</ele>
        <time>2024-10-23T17:06:11.000Z</time>
        <extensions>
          <ns3:TrackPointExtension>
            <ns3:hr>115</ns3:hr>
          </ns3:TrackPointExtension>
        </extensions>
      </trkpt>
      <trkpt lat="44.4292621314525604248046875" lon="-80.28695446439087390899658203125">
        <ele>393.20001220703125</ele>
        <time>2024-10-23T17:06:13.000Z</time>
        <extensions>
          <ns3:TrackPointExtension>
            <ns3:hr>116</ns3:hr>
          </ns3:TrackPointExtension>
        </extensions>
      </trkpt>
      <trkpt lat="44.42926011979579925537109375" lon="-80.28700442053377628326416015625">
        <ele>394</ele>
        <time>2024-10-23T17:06:18.000Z</time>
        <extensions>
          <ns3:TrackPointExtension>
            <ns3:hr>119</ns3:hr>
          </ns3:TrackPointExtension>
        </extensions>
      </trkpt>
      <trkpt lat="44.429253749549388885498046875" lon="-80.28701850213110446929931640625">
        <ele>394</ele>
        <time>2024-10-23T17:06:20.000Z</time>
        <extensions>
          <ns3:TrackPointExtension>
            <ns3:hr>124</ns3:hr>
          </ns3:TrackPointExtension>
        </extensions>
      </trkpt>
      <trkpt lat="44.4292502291500568389892578125" lon="-80.28702705167233943939208984375">
        <ele>394</ele>
        <time>2024-10-23T17:06:21.000Z</time>
        <extensions>
          <ns3:TrackPointExtension>
            <ns3:hr>127</ns3:hr>
          </ns3:TrackPointExtension>
        </extensions>
      </trkpt>
      <trkpt lat="44.42924411036074161529541015625" lon="-80.28703392483294010162353515625">
        <ele>394</ele>
        <time>2024-10-23T17:06:22.000Z</time>
        <extensions>
          <ns3:TrackPointExtension>
            <ns3:hr>131</ns3:hr>
          </ns3:TrackPointExtension>
        </extensions>
      </trkpt>
      <trkpt lat="44.429239332675933837890625" lon="-80.2870397083461284637451171875">
        <ele>394</ele>
        <time>2024-10-23T17:06:23.000Z</time>
        <extensions>
          <ns3:TrackPointExtension>
            <ns3:hr>134</ns3:hr>
          </ns3:TrackPointExtension>
        </extensions>
      </trkpt>
      <trkpt lat="44.4292180426418781280517578125" lon="-80.28706074692308902740478515625">
        <ele>394</ele>
        <time>2024-10-23T17:06:26.000Z</time>
        <extensions>
          <ns3:TrackPointExtension>
            <ns3:hr>131</ns3:hr>
          </ns3:TrackPointExtension>
        </extensions>
      </trkpt>
      <trkpt lat="44.42919574677944183349609375" lon="-80.28712931089103221893310546875">
        <ele>393.399993896484375</ele>
        <time>2024-10-23T17:06:33.000Z</time>
        <extensions>
          <ns3:TrackPointExtension>
            <ns3:hr>131</ns3:hr>
          </ns3:TrackPointExtension>
        </extensions>
      </trkpt>
      <trkpt lat="44.4291620515286922454833984375" lon="-80.2872137166559696197509765625">
        <ele>392.20001220703125</ele>
        <time>2024-10-23T17:06:41.000Z</time>
        <extensions>
          <ns3:TrackPointExtension>
            <ns3:hr>129</ns3:hr>
          </ns3:TrackPointExtension>
        </extensions>
      </trkpt>
      <trkpt lat="44.42912994883954524993896484375" lon="-80.28724598698318004608154296875">
        <ele>391.20001220703125</ele>
        <time>2024-10-23T17:06:45.000Z</time>
        <extensions>
          <ns3:TrackPointExtension>
            <ns3:hr>129</ns3:hr>
          </ns3:TrackPointExtension>
        </extensions>
      </trkpt>
      <trkpt lat="44.42912290804088115692138671875" lon="-80.28725403361022472381591796875">
        <ele>391</ele>
        <time>2024-10-23T17:06:46.000Z</time>
        <extensions>
          <ns3:TrackPointExtension>
            <ns3:hr>129</ns3:hr>
          </ns3:TrackPointExtension>
        </extensions>
      </trkpt>
      <trkpt lat="44.429099857807159423828125" lon="-80.2872770838439464569091796875">
        <ele>390.79998779296875</ele>
        <time>2024-10-23T17:06:49.000Z</time>
        <extensions>
          <ns3:TrackPointExtension>
            <ns3:hr>123</ns3:hr>
          </ns3:TrackPointExtension>
        </extensions>
      </trkpt>
      <trkpt lat="44.4290782324969768524169921875" lon="-80.28732192702591419219970703125">
        <ele>390.399993896484375</ele>
        <time>2024-10-23T17:06:53.000Z</time>
        <extensions>
          <ns3:TrackPointExtension>
            <ns3:hr>120</ns3:hr>
          </ns3:TrackPointExtension>
        </extensions>
      </trkpt>
      <trkpt lat="44.42906524054706096649169921875" lon="-80.28734003193676471710205078125">
        <ele>390</ele>
        <time>2024-10-23T17:06:55.000Z</time>
        <extensions>
          <ns3:TrackPointExtension>
            <ns3:hr>122</ns3:hr>
          </ns3:TrackPointExtension>
        </extensions>
      </trkpt>
      <trkpt lat="44.42904830910265445709228515625" lon="-80.28738386929035186767578125">
        <ele>389.600006103515625</ele>
        <time>2024-10-23T17:06:59.000Z</time>
        <extensions>
          <ns3:TrackPointExtension>
            <ns3:hr>120</ns3:hr>
          </ns3:TrackPointExtension>
        </extensions>
      </trkpt>
      <trkpt lat="44.4290547631680965423583984375" lon="-80.28743457980453968048095703125">
        <ele>389</ele>
        <time>2024-10-23T17:07:05.000Z</time>
        <extensions>
          <ns3:TrackPointExtension>
            <ns3:hr>117</ns3:hr>
          </ns3:TrackPointExtension>
        </extensions>
      </trkpt>
      <trkpt lat="44.42905426025390625" lon="-80.287443213164806365966796875">
        <ele>389</ele>
        <time>2024-10-23T17:07:06.000Z</time>
        <extensions>
          <ns3:TrackPointExtension>
            <ns3:hr>115</ns3:hr>
          </ns3:TrackPointExtension>
        </extensions>
      </trkpt>
      <trkpt lat="44.42905099131166934967041015625" lon="-80.2874681912362575531005859375">
        <ele>388.79998779296875</ele>
        <time>2024-10-23T17:07:09.000Z</time>
        <extensions>
          <ns3:TrackPointExtension>
            <ns3:hr>112</ns3:hr>
          </ns3:TrackPointExtension>
        </extensions>
      </trkpt>
      <trkpt lat="44.4290547631680965423583984375" lon="-80.287487469613552093505859375">
        <ele>388.20001220703125</ele>
        <time>2024-10-23T17:07:11.000Z</time>
        <extensions>
          <ns3:TrackPointExtension>
            <ns3:hr>111</ns3:hr>
          </ns3:TrackPointExtension>
        </extensions>
      </trkpt>
      <trkpt lat="44.429059289395809173583984375" lon="-80.2875000424683094024658203125">
        <ele>387.79998779296875</ele>
        <time>2024-10-23T17:07:13.000Z</time>
        <extensions>
          <ns3:TrackPointExtension>
            <ns3:hr>112</ns3:hr>
          </ns3:TrackPointExtension>
        </extensions>
      </trkpt>
      <trkpt lat="44.429072029888629913330078125" lon="-80.287522338330745697021484375">
        <ele>386.79998779296875</ele>
        <time>2024-10-23T17:07:17.000Z</time>
        <extensions>
          <ns3:TrackPointExtension>
            <ns3:hr>109</ns3:hr>
          </ns3:TrackPointExtension>
        </extensions>
      </trkpt>
      <trkpt lat="44.42907362245023250579833984375" lon="-80.28752761892974376678466796875">
        <ele>386.399993896484375</ele>
        <time>2024-10-23T17:07:18.000Z</time>
        <extensions>
          <ns3:TrackPointExtension>
            <ns3:hr>108</ns3:hr>
          </ns3:TrackPointExtension>
        </extensions>
      </trkpt>
      <trkpt lat="44.4291141070425510406494140625" lon="-80.287555195391178131103515625">
        <ele>385.399993896484375</ele>
        <time>2024-10-23T17:07:25.000Z</time>
        <extensions>
          <ns3:TrackPointExtension>
            <ns3:hr>108</ns3:hr>
          </ns3:TrackPointExtension>
        </extensions>
      </trkpt>
      <trkpt lat="44.42914637736976146697998046875" lon="-80.287578999996185302734375">
        <ele>384.399993896484375</ele>
        <time>2024-10-23T17:07:31.000Z</time>
        <extensions>
          <ns3:TrackPointExtension>
            <ns3:hr>109</ns3:hr>
          </ns3:TrackPointExtension>
        </extensions>
      </trkpt>
      <trkpt lat="44.42917370237410068511962890625" lon="-80.28759517706930637359619140625">
        <ele>383.600006103515625</ele>
        <time>2024-10-23T17:07:37.000Z</time>
        <extensions>
          <ns3:TrackPointExtension>
            <ns3:hr>106</ns3:hr>
          </ns3:TrackPointExtension>
        </extensions>
      </trkpt>
      <trkpt lat="44.4291828386485576629638671875" lon="-80.2876046486198902130126953125">
        <ele>383.399993896484375</ele>
        <time>2024-10-23T17:07:39.000Z</time>
        <extensions>
          <ns3:TrackPointExtension>
            <ns3:hr>106</ns3:hr>
          </ns3:TrackPointExtension>
        </extensions>
      </trkpt>
      <trkpt lat="44.42919708788394927978515625" lon="-80.28761981986463069915771484375">
        <ele>382.79998779296875</ele>
        <time>2024-10-23T17:07:42.000Z</time>
        <extensions>
          <ns3:TrackPointExtension>
            <ns3:hr>105</ns3:hr>
          </ns3:TrackPointExtension>
        </extensions>
      </trkpt>
      <trkpt lat="44.4291979260742664337158203125" lon="-80.28763809241354465484619140625">
        <ele>382.20001220703125</ele>
        <time>2024-10-23T17:07:48.000Z</time>
        <extensions>
          <ns3:TrackPointExtension>
            <ns3:hr>107</ns3:hr>
          </ns3:TrackPointExtension>
        </extensions>
      </trkpt>
      <trkpt lat="44.42918292246758937835693359375" lon="-80.28766172938048839569091796875">
        <ele>381.600006103515625</ele>
        <time>2024-10-23T17:07:52.000Z</time>
        <extensions>
          <ns3:TrackPointExtension>
            <ns3:hr>103</ns3:hr>
          </ns3:TrackPointExtension>
        </extensions>
      </trkpt>
      <trkpt lat="44.42917135544121265411376953125" lon="-80.28767262585461139678955078125">
        <ele>381.20001220703125</ele>
        <time>2024-10-23T17:07:54.000Z</time>
        <extensions>
          <ns3:TrackPointExtension>
            <ns3:hr>103</ns3:hr>
          </ns3:TrackPointExtension>
        </extensions>
      </trkpt>
      <trkpt lat="44.42916490137577056884765625" lon="-80.28767547570168972015380859375">
        <ele>381</ele>
        <time>2024-10-23T17:07:55.000Z</time>
        <extensions>
          <ns3:TrackPointExtension>
            <ns3:hr>105</ns3:hr>
          </ns3:TrackPointExtension>
        </extensions>
      </trkpt>
      <trkpt lat="44.4291523285210132598876953125" lon="-80.28767698444426059722900390625">
        <ele>380.399993896484375</ele>
        <time>2024-10-23T17:08:00.000Z</time>
        <extensions>
          <ns3:TrackPointExtension>
            <ns3:hr>102</ns3:hr>
          </ns3:TrackPointExtension>
        </extensions>
      </trkpt>
      <trkpt lat="44.42915056832134723663330078125" lon="-80.28768016956746578216552734375">
        <ele>380.20001220703125</ele>
        <time>2024-10-23T17:08:01.000Z</time>
        <extensions>
          <ns3:TrackPointExtension>
            <ns3:hr>102</ns3:hr>
          </ns3:TrackPointExtension>
        </extensions>
      </trkpt>
      <trkpt lat="44.42913539707660675048828125" lon="-80.2876914851367473602294921875">
        <ele>379.399993896484375</ele>
        <time>2024-10-23T17:08:05.000Z</time>
        <extensions>
          <ns3:TrackPointExtension>
            <ns3:hr>105</ns3:hr>
          </ns3:TrackPointExtension>
        </extensions>
      </trkpt>
      <trkpt lat="44.42912776954472064971923828125" lon="-80.28769366443157196044921875">
        <ele>379.20001220703125</ele>
        <time>2024-10-23T17:08:06.000Z</time>
        <extensions>
          <ns3:TrackPointExtension>
            <ns3:hr>102</ns3:hr>
          </ns3:TrackPointExtension>
        </extensions>
      </trkpt>
      <trkpt lat="44.42912123166024684906005859375" lon="-80.287700705230236053466796875">
        <ele>379.20001220703125</ele>
        <time>2024-10-23T17:08:07.000Z</time>
        <extensions>
          <ns3:TrackPointExtension>
            <ns3:hr>102</ns3:hr>
          </ns3:TrackPointExtension>
        </extensions>
      </trkpt>
      <trkpt lat="44.42911326885223388671875" lon="-80.2877082489430904388427734375">
        <ele>378.79998779296875</ele>
        <time>2024-10-23T17:08:09.000Z</time>
        <extensions>
          <ns3:TrackPointExtension>
            <ns3:hr>99</ns3:hr>
          </ns3:TrackPointExtension>
        </extensions>
      </trkpt>
      <trkpt lat="44.42911469377577304840087890625" lon="-80.2877136133611202239990234375">
        <ele>378.600006103515625</ele>
        <time>2024-10-23T17:08:10.000Z</time>
        <extensions>
          <ns3:TrackPointExtension>
            <ns3:hr>99</ns3:hr>
          </ns3:TrackPointExtension>
        </extensions>
      </trkpt>
      <trkpt lat="44.4291070662438869476318359375" lon="-80.28772710822522640228271484375">
        <ele>378</ele>
        <time>2024-10-23T17:08:12.000Z</time>
        <extensions>
          <ns3:TrackPointExtension>
            <ns3:hr>97</ns3:hr>
          </ns3:TrackPointExtension>
        </extensions>
      </trkpt>
      <trkpt lat="44.42910446785390377044677734375" lon="-80.28772710822522640228271484375">
        <ele>377.79998779296875</ele>
        <time>2024-10-23T17:08:13.000Z</time>
        <extensions>
          <ns3:TrackPointExtension>
            <ns3:hr>103</ns3:hr>
          </ns3:TrackPointExtension>
        </extensions>
      </trkpt>
      <trkpt lat="44.42906272597610950469970703125" lon="-80.2877628989517688751220703125">
        <ele>376.79998779296875</ele>
        <time>2024-10-23T17:08:21.000Z</time>
        <extensions>
          <ns3:TrackPointExtension>
            <ns3:hr>105</ns3:hr>
          </ns3:TrackPointExtension>
        </extensions>
      </trkpt>
      <trkpt lat="44.4290587864816188812255859375" lon="-80.287768431007862091064453125">
        <ele>376.600006103515625</ele>
        <time>2024-10-23T17:08:22.000Z</time>
        <extensions>
          <ns3:TrackPointExtension>
            <ns3:hr>108</ns3:hr>
          </ns3:TrackPointExtension>
        </extensions>
      </trkpt>
      <trkpt lat="44.429056607186794281005859375" lon="-80.28777555562555789947509765625">
        <ele>376.600006103515625</ele>
        <time>2024-10-23T17:08:23.000Z</time>
        <extensions>
          <ns3:TrackPointExtension>
            <ns3:hr>111</ns3:hr>
          </ns3:TrackPointExtension>
        </extensions>
      </trkpt>
      <trkpt lat="44.42905434407293796539306640625" lon="-80.28778092004358768463134765625">
        <ele>376.600006103515625</ele>
        <time>2024-10-23T17:08:24.000Z</time>
        <extensions>
          <ns3:TrackPointExtension>
            <ns3:hr>114</ns3:hr>
          </ns3:TrackPointExtension>
        </extensions>
      </trkpt>
      <trkpt lat="44.429032467305660247802734375" lon="-80.28783841989934444427490234375">
        <ele>375.79998779296875</ele>
        <time>2024-10-23T17:08:33.000Z</time>
        <extensions>
          <ns3:TrackPointExtension>
            <ns3:hr>113</ns3:hr>
          </ns3:TrackPointExtension>
        </extensions>
      </trkpt>
      <trkpt lat="44.42898628301918506622314453125" lon="-80.2878936566412448883056640625">
        <ele>374.79998779296875</ele>
        <time>2024-10-23T17:08:39.000Z</time>
        <extensions>
          <ns3:TrackPointExtension>
            <ns3:hr>110</ns3:hr>
          </ns3:TrackPointExtension>
        </extensions>
      </trkpt>
      <trkpt lat="44.428972788155078887939453125" lon="-80.28790547512471675872802734375">
        <ele>374.399993896484375</ele>
        <time>2024-10-23T17:08:40.000Z</time>
        <extensions>
          <ns3:TrackPointExtension>
            <ns3:hr>113</ns3:hr>
          </ns3:TrackPointExtension>
        </extensions>
      </trkpt>
      <trkpt lat="44.42892073653638362884521484375" lon="-80.28792726807296276092529296875">
        <ele>373.600006103515625</ele>
        <time>2024-10-23T17:08:45.000Z</time>
        <extensions>
          <ns3:TrackPointExtension>
            <ns3:hr>110</ns3:hr>
          </ns3:TrackPointExtension>
        </extensions>
      </trkpt>
      <trkpt lat="44.4289139471948146820068359375" lon="-80.28793179430067539215087890625">
        <ele>373.600006103515625</ele>
        <time>2024-10-23T17:08:46.000Z</time>
        <extensions>
          <ns3:TrackPointExtension>
            <ns3:hr>107</ns3:hr>
          </ns3:TrackPointExtension>
        </extensions>
      </trkpt>
      <trkpt lat="44.428899027407169342041015625" lon="-80.28794168494641780853271484375">
        <ele>373.20001220703125</ele>
        <time>2024-10-23T17:08:48.000Z</time>
        <extensions>
          <ns3:TrackPointExtension>
            <ns3:hr>104</ns3:hr>
          </ns3:TrackPointExtension>
        </extensions>
      </trkpt>
      <trkpt lat="44.4288696907460689544677734375" lon="-80.28795526362955570220947265625">
        <ele>372.600006103515625</ele>
        <time>2024-10-23T17:08:52.000Z</time>
        <extensions>
          <ns3:TrackPointExtension>
            <ns3:hr>103</ns3:hr>
          </ns3:TrackPointExtension>
        </extensions>
      </trkpt>
      <trkpt lat="44.42886642180383205413818359375" lon="-80.287962891161441802978515625">
        <ele>372.600006103515625</ele>
        <time>2024-10-23T17:08:53.000Z</time>
        <extensions>
          <ns3:TrackPointExtension>
            <ns3:hr>103</ns3:hr>
          </ns3:TrackPointExtension>
        </extensions>
      </trkpt>
      <trkpt lat="44.4288730435073375701904296875" lon="-80.2880073152482509613037109375">
        <ele>371.600006103515625</ele>
        <time>2024-10-23T17:08:58.000Z</time>
        <extensions>
          <ns3:TrackPointExtension>
            <ns3:hr>103</ns3:hr>
          </ns3:TrackPointExtension>
        </extensions>
      </trkpt>
      <trkpt lat="44.42888285033404827117919921875" lon="-80.28803036548197269439697265625">
        <ele>370.79998779296875</ele>
        <time>2024-10-23T17:09:01.000Z</time>
        <extensions>
          <ns3:TrackPointExtension>
            <ns3:hr>103</ns3:hr>
          </ns3:TrackPointExtension>
        </extensions>
      </trkpt>
      <trkpt lat="44.42888922058045864105224609375" lon="-80.28805576264858245849609375">
        <ele>370.20001220703125</ele>
        <time>2024-10-23T17:09:04.000Z</time>
        <extensions>
          <ns3:TrackPointExtension>
            <ns3:hr>104</ns3:hr>
          </ns3:TrackPointExtension>
        </extensions>
      </trkpt>
      <trkpt lat="44.42887832410633563995361328125" lon="-80.288137905299663543701171875">
        <ele>369.20001220703125</ele>
        <time>2024-10-23T17:09:14.000Z</time>
        <extensions>
          <ns3:TrackPointExtension>
            <ns3:hr>103</ns3:hr>
          </ns3:TrackPointExtension>
        </extensions>
      </trkpt>
      <trkpt lat="44.42878796719014644622802734375" lon="-80.28820672072470188140869140625">
        <ele>368.20001220703125</ele>
        <time>2024-10-23T17:09:26.000Z</time>
        <extensions>
          <ns3:TrackPointExtension>
            <ns3:hr>106</ns3:hr>
          </ns3:TrackPointExtension>
        </extensions>
      </trkpt>
      <trkpt lat="44.42876785062253475189208984375" lon="-80.2882121689617633819580078125">
        <ele>367.600006103515625</ele>
        <time>2024-10-23T17:09:28.000Z</time>
        <extensions>
          <ns3:TrackPointExtension>
            <ns3:hr>104</ns3:hr>
          </ns3:TrackPointExtension>
        </extensions>
      </trkpt>
      <trkpt lat="44.42873013205826282501220703125" lon="-80.28821694664657115936279296875">
        <ele>367.20001220703125</ele>
        <time>2024-10-23T17:09:33.000Z</time>
        <extensions>
          <ns3:TrackPointExtension>
            <ns3:hr>107</ns3:hr>
          </ns3:TrackPointExtension>
        </extensions>
      </trkpt>
      <trkpt lat="44.42871923558413982391357421875" lon="-80.28821443207561969757080078125">
        <ele>367</ele>
        <time>2024-10-23T17:09:34.000Z</time>
        <extensions>
          <ns3:TrackPointExtension>
            <ns3:hr>104</ns3:hr>
          </ns3:TrackPointExtension>
        </extensions>
      </trkpt>
      <trkpt lat="44.42869375459849834442138671875" lon="-80.28820303268730640411376953125">
        <ele>366.600006103515625</ele>
        <time>2024-10-23T17:09:37.000Z</time>
        <extensions>
          <ns3:TrackPointExtension>
            <ns3:hr>110</ns3:hr>
          </ns3:TrackPointExtension>
        </extensions>
      </trkpt>
      <trkpt lat="44.4286800920963287353515625" lon="-80.288197584450244903564453125">
        <ele>366.20001220703125</ele>
        <time>2024-10-23T17:09:39.000Z</time>
        <extensions>
          <ns3:TrackPointExtension>
            <ns3:hr>116</ns3:hr>
          </ns3:TrackPointExtension>
        </extensions>
      </trkpt>
      <trkpt lat="44.42867338657379150390625" lon="-80.28820152394473552703857421875">
        <ele>366</ele>
        <time>2024-10-23T17:09:40.000Z</time>
        <extensions>
          <ns3:TrackPointExtension>
            <ns3:hr>118</ns3:hr>
          </ns3:TrackPointExtension>
        </extensions>
      </trkpt>
      <trkpt lat="44.42865687422454357147216796875" lon="-80.28819859027862548828125">
        <ele>365.79998779296875</ele>
        <time>2024-10-23T17:09:42.000Z</time>
        <extensions>
          <ns3:TrackPointExtension>
            <ns3:hr>121</ns3:hr>
          </ns3:TrackPointExtension>
        </extensions>
      </trkpt>
      <trkpt lat="44.4286229275166988372802734375" lon="-80.2881994284689426422119140625">
        <ele>365.600006103515625</ele>
        <time>2024-10-23T17:09:44.000Z</time>
        <extensions>
          <ns3:TrackPointExtension>
            <ns3:hr>124</ns3:hr>
          </ns3:TrackPointExtension>
        </extensions>
      </trkpt>
      <trkpt lat="44.4285716302692890167236328125" lon="-80.288192220032215118408203125">
        <ele>364.79998779296875</ele>
        <time>2024-10-23T17:09:50.000Z</time>
        <extensions>
          <ns3:TrackPointExtension>
            <ns3:hr>121</ns3:hr>
          </ns3:TrackPointExtension>
        </extensions>
      </trkpt>
      <trkpt lat="44.42851555533707141876220703125" lon="-80.2881789766252040863037109375">
        <ele>363.79998779296875</ele>
        <time>2024-10-23T17:09:57.000Z</time>
        <extensions>
          <ns3:TrackPointExtension>
            <ns3:hr>119</ns3:hr>
          </ns3:TrackPointExtension>
        </extensions>
      </trkpt>
      <trkpt lat="44.42850214429199695587158203125" lon="-80.28816841542720794677734375">
        <ele>363.20001220703125</ele>
        <time>2024-10-23T17:09:59.000Z</time>
        <extensions>
          <ns3:TrackPointExtension>
            <ns3:hr>123</ns3:hr>
          </ns3:TrackPointExtension>
        </extensions>
      </trkpt>
      <trkpt lat="44.42849275656044483184814453125" lon="-80.28816841542720794677734375">
        <ele>363</ele>
        <time>2024-10-23T17:10:00.000Z</time>
        <extensions>
          <ns3:TrackPointExtension>
            <ns3:hr>124</ns3:hr>
          </ns3:TrackPointExtension>
        </extensions>
      </trkpt>
      <trkpt lat="44.4284864701330661773681640625" lon="-80.28816715814173221588134765625">
        <ele>362.79998779296875</ele>
        <time>2024-10-23T17:10:01.000Z</time>
        <extensions>
          <ns3:TrackPointExtension>
            <ns3:hr>128</ns3:hr>
          </ns3:TrackPointExtension>
        </extensions>
      </trkpt>
      <trkpt lat="44.42848269827663898468017578125" lon="-80.28817051090300083160400390625">
        <ele>362.79998779296875</ele>
        <time>2024-10-23T17:10:02.000Z</time>
        <extensions>
          <ns3:TrackPointExtension>
            <ns3:hr>128</ns3:hr>
          </ns3:TrackPointExtension>
        </extensions>
      </trkpt>
      <trkpt lat="44.428402483463287353515625" lon="-80.2882037870585918426513671875">
        <ele>362</ele>
        <time>2024-10-23T17:10:13.000Z</time>
        <extensions>
          <ns3:TrackPointExtension>
            <ns3:hr>127</ns3:hr>
          </ns3:TrackPointExtension>
        </extensions>
      </trkpt>
      <trkpt lat="44.4283922575414180755615234375" lon="-80.28818962164223194122314453125">
        <ele>361.79998779296875</ele>
        <time>2024-10-23T17:10:16.000Z</time>
        <extensions>
          <ns3:TrackPointExtension>
            <ns3:hr>125</ns3:hr>
          </ns3:TrackPointExtension>
        </extensions>
      </trkpt>
      <trkpt lat="44.42838999442756175994873046875" lon="-80.288189537823200225830078125">
        <ele>361.600006103515625</ele>
        <time>2024-10-23T17:10:23.000Z</time>
        <extensions>
          <ns3:TrackPointExtension>
            <ns3:hr>122</ns3:hr>
          </ns3:TrackPointExtension>
        </extensions>
      </trkpt>
      <trkpt lat="44.42839703522622585296630859375" lon="-80.2881833352148532867431640625">
        <ele>361.600006103515625</ele>
        <time>2024-10-23T17:10:26.000Z</time>
        <extensions>
          <ns3:TrackPointExtension>
            <ns3:hr>123</ns3:hr>
          </ns3:TrackPointExtension>
        </extensions>
      </trkpt>
      <trkpt lat="44.428393431007862091064453125" lon="-80.2881766296923160552978515625">
        <ele>361.600006103515625</ele>
        <time>2024-10-23T17:10:30.000Z</time>
        <extensions>
          <ns3:TrackPointExtension>
            <ns3:hr>119</ns3:hr>
          </ns3:TrackPointExtension>
        </extensions>
      </trkpt>
      <trkpt lat="44.4283952750265598297119140625" lon="-80.288174785673618316650390625">
        <ele>361.399993896484375</ele>
        <time>2024-10-23T17:10:32.000Z</time>
        <extensions>
          <ns3:TrackPointExtension>
            <ns3:hr>116</ns3:hr>
          </ns3:TrackPointExtension>
        </extensions>
      </trkpt>
      <trkpt lat="44.42839619703590869903564453125" lon="-80.288174115121364593505859375">
        <ele>361.399993896484375</ele>
        <time>2024-10-23T17:10:33.000Z</time>
        <extensions>
          <ns3:TrackPointExtension>
            <ns3:hr>113</ns3:hr>
          </ns3:TrackPointExtension>
        </extensions>
      </trkpt>
      <trkpt lat="44.42839653231203556060791015625" lon="-80.2881731092929840087890625">
        <ele>361.600006103515625</ele>
        <time>2024-10-23T17:10:34.000Z</time>
        <extensions>
          <ns3:TrackPointExtension>
            <ns3:hr>110</ns3:hr>
          </ns3:TrackPointExtension>
        </extensions>
      </trkpt>
      <trkpt lat="44.42839954979717731475830078125" lon="-80.288174115121364593505859375">
        <ele>361.600006103515625</ele>
        <time>2024-10-23T17:10:39.000Z</time>
        <extensions>
          <ns3:TrackPointExtension>
            <ns3:hr>107</ns3:hr>
          </ns3:TrackPointExtension>
        </extensions>
      </trkpt>
      <trkpt lat="44.42840491421520709991455078125" lon="-80.28817051090300083160400390625">
        <ele>361.600006103515625</ele>
        <time>2024-10-23T17:10:45.000Z</time>
        <extensions>
          <ns3:TrackPointExtension>
            <ns3:hr>107</ns3:hr>
          </ns3:TrackPointExtension>
        </extensions>
      </trkpt>
      <trkpt lat="44.4284197501838207244873046875" lon="-80.28817671351134777069091796875">
        <ele>361.600006103515625</ele>
        <time>2024-10-23T17:10:50.000Z</time>
        <extensions>
          <ns3:TrackPointExtension>
            <ns3:hr>104</ns3:hr>
          </ns3:TrackPointExtension>
        </extensions>
      </trkpt>
      <trkpt lat="44.42842662334442138671875" lon="-80.288185514509677886962890625">
        <ele>361.600006103515625</ele>
        <time>2024-10-23T17:10:54.000Z</time>
        <extensions>
          <ns3:TrackPointExtension>
            <ns3:hr>101</ns3:hr>
          </ns3:TrackPointExtension>
        </extensions>
      </trkpt>
      <trkpt lat="44.42842192947864532470703125" lon="-80.2882114984095096588134765625">
        <ele>361.600006103515625</ele>
        <time>2024-10-23T17:11:01.000Z</time>
        <extensions>
          <ns3:TrackPointExtension>
            <ns3:hr>98</ns3:hr>
          </ns3:TrackPointExtension>
        </extensions>
      </trkpt>
      <trkpt lat="44.4284184090793132781982421875" lon="-80.28822004795074462890625">
        <ele>361.600006103515625</ele>
        <time>2024-10-23T17:11:10.000Z</time>
        <extensions>
          <ns3:TrackPointExtension>
            <ns3:hr>95</ns3:hr>
          </ns3:TrackPointExtension>
        </extensions>
      </trkpt>
      <trkpt lat="44.428418576717376708984375" lon="-80.2882245741784572601318359375">
        <ele>361.600006103515625</ele>
        <time>2024-10-23T17:11:17.000Z</time>
        <extensions>
          <ns3:TrackPointExtension>
            <ns3:hr>96</ns3:hr>
          </ns3:TrackPointExtension>
        </extensions>
      </trkpt>
      <trkpt lat="44.42842871882021427154541015625" lon="-80.2882192097604274749755859375">
        <ele>361.600006103515625</ele>
        <time>2024-10-23T17:11:28.000Z</time>
        <extensions>
          <ns3:TrackPointExtension>
            <ns3:hr>94</ns3:hr>
          </ns3:TrackPointExtension>
        </extensions>
      </trkpt>
      <trkpt lat="44.4284226000308990478515625" lon="-80.28822281397879123687744140625">
        <ele>361.399993896484375</ele>
        <time>2024-10-23T17:11:39.000Z</time>
        <extensions>
          <ns3:TrackPointExtension>
            <ns3:hr>95</ns3:hr>
          </ns3:TrackPointExtension>
        </extensions>
      </trkpt>
      <trkpt lat="44.42842771299183368682861328125" lon="-80.2882187068462371826171875">
        <ele>361.399993896484375</ele>
        <time>2024-10-23T17:11:45.000Z</time>
        <extensions>
          <ns3:TrackPointExtension>
            <ns3:hr>91</ns3:hr>
          </ns3:TrackPointExtension>
        </extensions>
      </trkpt>
      <trkpt lat="44.42842436023056507110595703125" lon="-80.2882205508649349212646484375">
        <ele>361.399993896484375</ele>
        <time>2024-10-23T17:11:46.000Z</time>
        <extensions>
          <ns3:TrackPointExtension>
            <ns3:hr>94</ns3:hr>
          </ns3:TrackPointExtension>
        </extensions>
      </trkpt>
      <trkpt lat="44.428422935307025909423828125" lon="-80.28821744956076145172119140625">
        <ele>361.399993896484375</ele>
        <time>2024-10-23T17:11:47.000Z</time>
        <extensions>
          <ns3:TrackPointExtension>
            <ns3:hr>91</ns3:hr>
          </ns3:TrackPointExtension>
        </extensions>
      </trkpt>
      <trkpt lat="44.4284172356128692626953125" lon="-80.28822046704590320587158203125">
        <ele>361.399993896484375</ele>
        <time>2024-10-23T17:11:50.000Z</time>
        <extensions>
          <ns3:TrackPointExtension>
            <ns3:hr>95</ns3:hr>
          </ns3:TrackPointExtension>
        </extensions>
      </trkpt>
      <trkpt lat="44.4284133799374103546142578125" lon="-80.2882215566933155059814453125">
        <ele>361.399993896484375</ele>
        <time>2024-10-23T17:11:53.000Z</time>
        <extensions>
          <ns3:TrackPointExtension>
            <ns3:hr>98</ns3:hr>
          </ns3:TrackPointExtension>
        </extensions>
      </trkpt>
      <trkpt lat="44.4284086860716342926025390625" lon="-80.2882192097604274749755859375">
        <ele>361.600006103515625</ele>
        <time>2024-10-23T17:11:56.000Z</time>
        <extensions>
          <ns3:TrackPointExtension>
            <ns3:hr>98</ns3:hr>
          </ns3:TrackPointExtension>
        </extensions>
      </trkpt>
      <trkpt lat="44.4283915869891643524169921875" lon="-80.28821493498980998992919921875">
        <ele>360.79998779296875</ele>
        <time>2024-10-23T17:12:02.000Z</time>
        <extensions>
          <ns3:TrackPointExtension>
            <ns3:hr>95</ns3:hr>
          </ns3:TrackPointExtension>
        </extensions>
      </trkpt>
      <trkpt lat="44.42838295362889766693115234375" lon="-80.28821007348597049713134765625">
        <ele>360.79998779296875</ele>
        <time>2024-10-23T17:12:08.000Z</time>
        <extensions>
          <ns3:TrackPointExtension>
            <ns3:hr>99</ns3:hr>
          </ns3:TrackPointExtension>
        </extensions>
      </trkpt>
      <trkpt lat="44.428374655544757843017578125" lon="-80.28821208514273166656494140625">
        <ele>360.79998779296875</ele>
        <time>2024-10-23T17:12:12.000Z</time>
        <extensions>
          <ns3:TrackPointExtension>
            <ns3:hr>99</ns3:hr>
          </ns3:TrackPointExtension>
        </extensions>
      </trkpt>
      <trkpt lat="44.428357221186161041259765625" lon="-80.28820864856243133544921875">
        <ele>360.79998779296875</ele>
        <time>2024-10-23T17:12:18.000Z</time>
        <extensions>
          <ns3:TrackPointExtension>
            <ns3:hr>96</ns3:hr>
          </ns3:TrackPointExtension>
        </extensions>
      </trkpt>
      <trkpt lat="44.4283268786966800689697265625" lon="-80.28822247870266437530517578125">
        <ele>360.79998779296875</ele>
        <time>2024-10-23T17:12:23.000Z</time>
        <extensions>
          <ns3:TrackPointExtension>
            <ns3:hr>99</ns3:hr>
          </ns3:TrackPointExtension>
        </extensions>
      </trkpt>
      <trkpt lat="44.4282799400389194488525390625" lon="-80.28823639266192913055419921875">
        <ele>360.79998779296875</ele>
        <time>2024-10-23T17:12:28.000Z</time>
        <extensions>
          <ns3:TrackPointExtension>
            <ns3:hr>101</ns3:hr>
          </ns3:TrackPointExtension>
        </extensions>
      </trkpt>
      <trkpt lat="44.42823593504726886749267578125" lon="-80.28826296329498291015625">
        <ele>360.79998779296875</ele>
        <time>2024-10-23T17:12:38.000Z</time>
        <extensions>
          <ns3:TrackPointExtension>
            <ns3:hr>106</ns3:hr>
          </ns3:TrackPointExtension>
        </extensions>
      </trkpt>
      <trkpt lat="44.4282239489257335662841796875" lon="-80.28826623223721981048583984375">
        <ele>360.79998779296875</ele>
        <time>2024-10-23T17:12:39.000Z</time>
        <extensions>
          <ns3:TrackPointExtension>
            <ns3:hr>109</ns3:hr>
          </ns3:TrackPointExtension>
        </extensions>
      </trkpt>
      <trkpt lat="44.42821481265127658843994140625" lon="-80.28826941736042499542236328125">
        <ele>360.79998779296875</ele>
        <time>2024-10-23T17:12:40.000Z</time>
        <extensions>
          <ns3:TrackPointExtension>
            <ns3:hr>113</ns3:hr>
          </ns3:TrackPointExtension>
        </extensions>
      </trkpt>
      <trkpt lat="44.42820592783391475677490234375" lon="-80.28826807625591754913330078125">
        <ele>360.79998779296875</ele>
        <time>2024-10-23T17:12:41.000Z</time>
        <extensions>
          <ns3:TrackPointExtension>
            <ns3:hr>116</ns3:hr>
          </ns3:TrackPointExtension>
        </extensions>
      </trkpt>
      <trkpt lat="44.42819788120687007904052734375" lon="-80.2882708422839641571044921875">
        <ele>360.79998779296875</ele>
        <time>2024-10-23T17:12:42.000Z</time>
        <extensions>
          <ns3:TrackPointExtension>
            <ns3:hr>119</ns3:hr>
          </ns3:TrackPointExtension>
        </extensions>
      </trkpt>
      <trkpt lat="44.42818480543792247772216796875" lon="-80.2882745303213596343994140625">
        <ele>360.79998779296875</ele>
        <time>2024-10-23T17:12:43.000Z</time>
        <extensions>
          <ns3:TrackPointExtension>
            <ns3:hr>119</ns3:hr>
          </ns3:TrackPointExtension>
        </extensions>
      </trkpt>
      <trkpt lat="44.428170137107372283935546875" lon="-80.288279391825199127197265625">
        <ele>360.79998779296875</ele>
        <time>2024-10-23T17:12:44.000Z</time>
        <extensions>
          <ns3:TrackPointExtension>
            <ns3:hr>118</ns3:hr>
          </ns3:TrackPointExtension>
        </extensions>
      </trkpt>
      <trkpt lat="44.42812898196280002593994140625" lon="-80.28827813453972339630126953125">
        <ele>360.79998779296875</ele>
        <time>2024-10-23T17:12:46.000Z</time>
        <extensions>
          <ns3:TrackPointExtension>
            <ns3:hr>118</ns3:hr>
          </ns3:TrackPointExtension>
        </extensions>
      </trkpt>
      <trkpt lat="44.42809763364493846893310546875" lon="-80.2882830798625946044921875">
        <ele>360.79998779296875</ele>
        <time>2024-10-23T17:12:48.000Z</time>
        <extensions>
          <ns3:TrackPointExtension>
            <ns3:hr>115</ns3:hr>
          </ns3:TrackPointExtension>
        </extensions>
      </trkpt>
      <trkpt lat="44.427999816834926605224609375" lon="-80.2883045375347137451171875">
        <ele>360.79998779296875</ele>
        <time>2024-10-23T17:12:55.000Z</time>
        <extensions>
          <ns3:TrackPointExtension>
            <ns3:hr>115</ns3:hr>
          </ns3:TrackPointExtension>
        </extensions>
      </trkpt>
      <trkpt lat="44.4279460050165653228759765625" lon="-80.288311578333377838134765625">
        <ele>360.79998779296875</ele>
        <time>2024-10-23T17:12:59.000Z</time>
        <extensions>
          <ns3:TrackPointExtension>
            <ns3:hr>112</ns3:hr>
          </ns3:TrackPointExtension>
        </extensions>
      </trkpt>
      <trkpt lat="44.4278581626713275909423828125" lon="-80.28834166936576366424560546875">
        <ele>359.399993896484375</ele>
        <time>2024-10-23T17:13:08.000Z</time>
        <extensions>
          <ns3:TrackPointExtension>
            <ns3:hr>111</ns3:hr>
          </ns3:TrackPointExtension>
        </extensions>
      </trkpt>
      <trkpt lat="44.42785321734845638275146484375" lon="-80.288345776498317718505859375">
        <ele>358.600006103515625</ele>
        <time>2024-10-23T17:13:09.000Z</time>
        <extensions>
          <ns3:TrackPointExtension>
            <ns3:hr>110</ns3:hr>
          </ns3:TrackPointExtension>
        </extensions>
      </trkpt>
      <trkpt lat="44.4278484396636486053466796875" lon="-80.2883546613156795501708984375">
        <ele>358</ele>
        <time>2024-10-23T17:13:10.000Z</time>
        <extensions>
          <ns3:TrackPointExtension>
            <ns3:hr>111</ns3:hr>
          </ns3:TrackPointExtension>
        </extensions>
      </trkpt>
      <trkpt lat="44.42781432531774044036865234375" lon="-80.2883945591747760772705078125">
        <ele>357.399993896484375</ele>
        <time>2024-10-23T17:13:16.000Z</time>
        <extensions>
          <ns3:TrackPointExtension>
            <ns3:hr>108</ns3:hr>
          </ns3:TrackPointExtension>
        </extensions>
      </trkpt>
      <trkpt lat="44.42780326120555400848388671875" lon="-80.288414172828197479248046875">
        <ele>357</ele>
        <time>2024-10-23T17:13:19.000Z</time>
        <extensions>
          <ns3:TrackPointExtension>
            <ns3:hr>108</ns3:hr>
          </ns3:TrackPointExtension>
        </extensions>
      </trkpt>
      <trkpt lat="44.42778649739921092987060546875" lon="-80.28842280618846416473388671875">
        <ele>356.79998779296875</ele>
        <time>2024-10-23T17:13:21.000Z</time>
        <extensions>
          <ns3:TrackPointExtension>
            <ns3:hr>106</ns3:hr>
          </ns3:TrackPointExtension>
        </extensions>
      </trkpt>
      <trkpt lat="44.427748359739780426025390625" lon="-80.2884223870933055877685546875">
        <ele>356.399993896484375</ele>
        <time>2024-10-23T17:13:26.000Z</time>
        <extensions>
          <ns3:TrackPointExtension>
            <ns3:hr>109</ns3:hr>
          </ns3:TrackPointExtension>
        </extensions>
      </trkpt>
      <trkpt lat="44.42773251794278621673583984375" lon="-80.28841090388596057891845703125">
        <ele>356</ele>
        <time>2024-10-23T17:13:29.000Z</time>
        <extensions>
          <ns3:TrackPointExtension>
            <ns3:hr>109</ns3:hr>
          </ns3:TrackPointExtension>
        </extensions>
      </trkpt>
      <trkpt lat="44.427721202373504638671875" lon="-80.28840302489697933197021484375">
        <ele>355.600006103515625</ele>
        <time>2024-10-23T17:13:33.000Z</time>
        <extensions>
          <ns3:TrackPointExtension>
            <ns3:hr>110</ns3:hr>
          </ns3:TrackPointExtension>
        </extensions>
      </trkpt>
      <trkpt lat="44.42771759815514087677001953125" lon="-80.28840604238212108612060546875">
        <ele>355.600006103515625</ele>
        <time>2024-10-23T17:13:34.000Z</time>
        <extensions>
          <ns3:TrackPointExtension>
            <ns3:hr>107</ns3:hr>
          </ns3:TrackPointExtension>
        </extensions>
      </trkpt>
      <trkpt lat="44.42770116962492465972900390625" lon="-80.28843068517744541168212890625">
        <ele>355.600006103515625</ele>
        <time>2024-10-23T17:13:41.000Z</time>
        <extensions>
          <ns3:TrackPointExtension>
            <ns3:hr>104</ns3:hr>
          </ns3:TrackPointExtension>
        </extensions>
      </trkpt>
      <trkpt lat="44.427656829357147216796875" lon="-80.28844107873737812042236328125">
        <ele>355.20001220703125</ele>
        <time>2024-10-23T17:13:48.000Z</time>
        <extensions>
          <ns3:TrackPointExtension>
            <ns3:hr>103</ns3:hr>
          </ns3:TrackPointExtension>
        </extensions>
      </trkpt>
      <trkpt lat="44.427608884871006011962890625" lon="-80.2884435094892978668212890625">
        <ele>355</ele>
        <time>2024-10-23T17:13:54.000Z</time>
        <extensions>
          <ns3:TrackPointExtension>
            <ns3:hr>104</ns3:hr>
          </ns3:TrackPointExtension>
        </extensions>
      </trkpt>
      <trkpt lat="44.4275589287281036376953125" lon="-80.2884676493704319000244140625">
        <ele>354</ele>
        <time>2024-10-23T17:14:02.000Z</time>
        <extensions>
          <ns3:TrackPointExtension>
            <ns3:hr>103</ns3:hr>
          </ns3:TrackPointExtension>
        </extensions>
      </trkpt>
      <trkpt lat="44.42755498923361301422119140625" lon="-80.28847008012235164642333984375">
        <ele>353.79998779296875</ele>
        <time>2024-10-23T17:14:03.000Z</time>
        <extensions>
          <ns3:TrackPointExtension>
            <ns3:hr>103</ns3:hr>
          </ns3:TrackPointExtension>
        </extensions>
      </trkpt>
      <trkpt lat="44.42750553600490093231201171875" lon="-80.28849137015640735626220703125">
        <ele>352.79998779296875</ele>
        <time>2024-10-23T17:14:10.000Z</time>
        <extensions>
          <ns3:TrackPointExtension>
            <ns3:hr>104</ns3:hr>
          </ns3:TrackPointExtension>
        </extensions>
      </trkpt>
      <trkpt lat="44.4274793006479740142822265625" lon="-80.288504026830196380615234375">
        <ele>352.20001220703125</ele>
        <time>2024-10-23T17:14:14.000Z</time>
        <extensions>
          <ns3:TrackPointExtension>
            <ns3:hr>110</ns3:hr>
          </ns3:TrackPointExtension>
        </extensions>
      </trkpt>
      <trkpt lat="44.4274668954312801361083984375" lon="-80.28850913979113101959228515625">
        <ele>352</ele>
        <time>2024-10-23T17:14:16.000Z</time>
        <extensions>
          <ns3:TrackPointExtension>
            <ns3:hr>115</ns3:hr>
          </ns3:TrackPointExtension>
        </extensions>
      </trkpt>
      <trkpt lat="44.42746144719421863555908203125" lon="-80.2885112352669239044189453125">
        <ele>351.79998779296875</ele>
        <time>2024-10-23T17:14:17.000Z</time>
        <extensions>
          <ns3:TrackPointExtension>
            <ns3:hr>119</ns3:hr>
          </ns3:TrackPointExtension>
        </extensions>
      </trkpt>
      <trkpt lat="44.42745222710072994232177734375" lon="-80.28851500712335109710693359375">
        <ele>351.600006103515625</ele>
        <time>2024-10-23T17:14:18.000Z</time>
        <extensions>
          <ns3:TrackPointExtension>
            <ns3:hr>122</ns3:hr>
          </ns3:TrackPointExtension>
        </extensions>
      </trkpt>
      <trkpt lat="44.4274457730352878570556640625" lon="-80.28851400129497051239013671875">
        <ele>351.600006103515625</ele>
        <time>2024-10-23T17:14:19.000Z</time>
        <extensions>
          <ns3:TrackPointExtension>
            <ns3:hr>124</ns3:hr>
          </ns3:TrackPointExtension>
        </extensions>
      </trkpt>
      <trkpt lat="44.42743194289505481719970703125" lon="-80.2885209582746028900146484375">
        <ele>351.20001220703125</ele>
        <time>2024-10-23T17:14:21.000Z</time>
        <extensions>
          <ns3:TrackPointExtension>
            <ns3:hr>129</ns3:hr>
          </ns3:TrackPointExtension>
        </extensions>
      </trkpt>
      <trkpt lat="44.42741970531642436981201171875" lon="-80.2885363809764385223388671875">
        <ele>351</ele>
        <time>2024-10-23T17:14:24.000Z</time>
        <extensions>
          <ns3:TrackPointExtension>
            <ns3:hr>133</ns3:hr>
          </ns3:TrackPointExtension>
        </extensions>
      </trkpt>
      <trkpt lat="44.4274085573852062225341796875" lon="-80.2885407395660877227783203125">
        <ele>350.600006103515625</ele>
        <time>2024-10-23T17:14:27.000Z</time>
        <extensions>
          <ns3:TrackPointExtension>
            <ns3:hr>134</ns3:hr>
          </ns3:TrackPointExtension>
        </extensions>
      </trkpt>
      <trkpt lat="44.4273926317691802978515625" lon="-80.28853914700448513031005859375">
        <ele>350.399993896484375</ele>
        <time>2024-10-23T17:14:31.000Z</time>
        <extensions>
          <ns3:TrackPointExtension>
            <ns3:hr>131</ns3:hr>
          </ns3:TrackPointExtension>
        </extensions>
      </trkpt>
      <trkpt lat="44.42739439196884632110595703125" lon="-80.28854434378445148468017578125">
        <ele>350.399993896484375</ele>
        <time>2024-10-23T17:14:33.000Z</time>
        <extensions>
          <ns3:TrackPointExtension>
            <ns3:hr>131</ns3:hr>
          </ns3:TrackPointExtension>
        </extensions>
      </trkpt>
      <trkpt lat="44.427396319806575775146484375" lon="-80.28854794800281524658203125">
        <ele>350</ele>
        <time>2024-10-23T17:14:39.000Z</time>
        <extensions>
          <ns3:TrackPointExtension>
            <ns3:hr>128</ns3:hr>
          </ns3:TrackPointExtension>
        </extensions>
      </trkpt>
      <trkpt lat="44.42739137448370456695556640625" lon="-80.288547612726688385009765625">
        <ele>350.399993896484375</ele>
        <time>2024-10-23T17:14:49.000Z</time>
        <extensions>
          <ns3:TrackPointExtension>
            <ns3:hr>125</ns3:hr>
          </ns3:TrackPointExtension>
        </extensions>
      </trkpt>
      <trkpt lat="44.42736790515482425689697265625" lon="-80.28854652307927608489990234375">
        <ele>350.20001220703125</ele>
        <time>2024-10-23T17:14:51.000Z</time>
        <extensions>
          <ns3:TrackPointExtension>
            <ns3:hr>121</ns3:hr>
          </ns3:TrackPointExtension>
        </extensions>
      </trkpt>
      <trkpt lat="44.42736270837485790252685546875" lon="-80.28855456970632076263427734375">
        <ele>350.20001220703125</ele>
        <time>2024-10-23T17:14:53.000Z</time>
        <extensions>
          <ns3:TrackPointExtension>
            <ns3:hr>121</ns3:hr>
          </ns3:TrackPointExtension>
        </extensions>
      </trkpt>
      <trkpt lat="44.42735114134848117828369140625" lon="-80.2885729260742664337158203125">
        <ele>350.20001220703125</ele>
        <time>2024-10-23T17:14:58.000Z</time>
        <extensions>
          <ns3:TrackPointExtension>
            <ns3:hr>117</ns3:hr>
          </ns3:TrackPointExtension>
        </extensions>
      </trkpt>
      <trkpt lat="44.42733219824731349945068359375" lon="-80.28857854194939136505126953125">
        <ele>350</ele>
        <time>2024-10-23T17:15:03.000Z</time>
        <extensions>
          <ns3:TrackPointExtension>
            <ns3:hr>114</ns3:hr>
          </ns3:TrackPointExtension>
        </extensions>
      </trkpt>
      <trkpt lat="44.4273317791521549224853515625" lon="-80.2885658852756023406982421875">
        <ele>350</ele>
        <time>2024-10-23T17:15:09.000Z</time>
        <extensions>
          <ns3:TrackPointExtension>
            <ns3:hr>111</ns3:hr>
          </ns3:TrackPointExtension>
        </extensions>
      </trkpt>
      <trkpt lat="44.42733161151409149169921875" lon="-80.28856672346591949462890625">
        <ele>350</ele>
        <time>2024-10-23T17:15:11.000Z</time>
        <extensions>
          <ns3:TrackPointExtension>
            <ns3:hr>111</ns3:hr>
          </ns3:TrackPointExtension>
        </extensions>
      </trkpt>
      <trkpt lat="44.4273327849805355072021484375" lon="-80.2885687351226806640625">
        <ele>350</ele>
        <time>2024-10-23T17:15:14.000Z</time>
        <extensions>
          <ns3:TrackPointExtension>
            <ns3:hr>108</ns3:hr>
          </ns3:TrackPointExtension>
        </extensions>
      </trkpt>
      <trkpt lat="44.42734368145465850830078125" lon="-80.2885625325143337249755859375">
        <ele>350.20001220703125</ele>
        <time>2024-10-23T17:15:21.000Z</time>
        <extensions>
          <ns3:TrackPointExtension>
            <ns3:hr>105</ns3:hr>
          </ns3:TrackPointExtension>
        </extensions>
      </trkpt>
      <trkpt lat="44.4273438490927219390869140625" lon="-80.2885464392602443695068359375">
        <ele>350.399993896484375</ele>
        <time>2024-10-23T17:15:27.000Z</time>
        <extensions>
          <ns3:TrackPointExtension>
            <ns3:hr>101</ns3:hr>
          </ns3:TrackPointExtension>
        </extensions>
      </trkpt>
      <trkpt lat="44.427340663969516754150390625" lon="-80.28854032047092914581298828125">
        <ele>350.399993896484375</ele>
        <time>2024-10-23T17:15:29.000Z</time>
        <extensions>
          <ns3:TrackPointExtension>
            <ns3:hr>99</ns3:hr>
          </ns3:TrackPointExtension>
        </extensions>
      </trkpt>
      <trkpt lat="44.427334964275360107421875" lon="-80.2885459363460540771484375">
        <ele>350.399993896484375</ele>
        <time>2024-10-23T17:15:38.000Z</time>
        <extensions>
          <ns3:TrackPointExtension>
            <ns3:hr>96</ns3:hr>
          </ns3:TrackPointExtension>
        </extensions>
      </trkpt>
      <trkpt lat="44.427353404462337493896484375" lon="-80.2885487861931324005126953125">
        <ele>350.600006103515625</ele>
        <time>2024-10-23T17:15:45.000Z</time>
        <extensions>
          <ns3:TrackPointExtension>
            <ns3:hr>97</ns3:hr>
          </ns3:TrackPointExtension>
        </extensions>
      </trkpt>
      <trkpt lat="44.42736723460257053375244140625" lon="-80.28856043703854084014892578125">
        <ele>350.79998779296875</ele>
        <time>2024-10-23T17:15:51.000Z</time>
        <extensions>
          <ns3:TrackPointExtension>
            <ns3:hr>100</ns3:hr>
          </ns3:TrackPointExtension>
        </extensions>
      </trkpt>
      <trkpt lat="44.42736840806901454925537109375" lon="-80.2885593473911285400390625">
        <ele>350.79998779296875</ele>
        <time>2024-10-23T17:15:53.000Z</time>
        <extensions>
          <ns3:TrackPointExtension>
            <ns3:hr>103</ns3:hr>
          </ns3:TrackPointExtension>
        </extensions>
      </trkpt>
      <trkpt lat="44.4273438490927219390869140625" lon="-80.28855507262051105499267578125">
        <ele>350.399993896484375</ele>
        <time>2024-10-23T17:16:03.000Z</time>
        <extensions>
          <ns3:TrackPointExtension>
            <ns3:hr>102</ns3:hr>
          </ns3:TrackPointExtension>
        </extensions>
      </trkpt>
      <trkpt lat="44.42729850299656391143798828125" lon="-80.2885484509170055389404296875">
        <ele>350.20001220703125</ele>
        <time>2024-10-23T17:16:09.000Z</time>
        <extensions>
          <ns3:TrackPointExtension>
            <ns3:hr>105</ns3:hr>
          </ns3:TrackPointExtension>
        </extensions>
      </trkpt>
      <trkpt lat="44.4272834993898868560791015625" lon="-80.28854618780314922332763671875">
        <ele>349.600006103515625</ele>
        <time>2024-10-23T17:16:12.000Z</time>
        <extensions>
          <ns3:TrackPointExtension>
            <ns3:hr>102</ns3:hr>
          </ns3:TrackPointExtension>
        </extensions>
      </trkpt>
      <trkpt lat="44.42726480774581432342529296875" lon="-80.28854099102318286895751953125">
        <ele>349.20001220703125</ele>
        <time>2024-10-23T17:16:14.000Z</time>
        <extensions>
          <ns3:TrackPointExtension>
            <ns3:hr>103</ns3:hr>
          </ns3:TrackPointExtension>
        </extensions>
      </trkpt>
      <trkpt lat="44.42722708918154239654541015625" lon="-80.28853529132902622222900390625">
        <ele>348.399993896484375</ele>
        <time>2024-10-23T17:16:19.000Z</time>
        <extensions>
          <ns3:TrackPointExtension>
            <ns3:hr>101</ns3:hr>
          </ns3:TrackPointExtension>
        </extensions>
      </trkpt>
      <trkpt lat="44.42719289101660251617431640625" lon="-80.28855674900114536285400390625">
        <ele>347.79998779296875</ele>
        <time>2024-10-23T17:16:24.000Z</time>
        <extensions>
          <ns3:TrackPointExtension>
            <ns3:hr>101</ns3:hr>
          </ns3:TrackPointExtension>
        </extensions>
      </trkpt>
      <trkpt lat="44.4271718524396419525146484375" lon="-80.2885541506111621856689453125">
        <ele>347.399993896484375</ele>
        <time>2024-10-23T17:16:26.000Z</time>
        <extensions>
          <ns3:TrackPointExtension>
            <ns3:hr>104</ns3:hr>
          </ns3:TrackPointExtension>
        </extensions>
      </trkpt>
      <trkpt lat="44.4271627999842166900634765625" lon="-80.28855289332568645477294921875">
        <ele>347.20001220703125</ele>
        <time>2024-10-23T17:16:27.000Z</time>
        <extensions>
          <ns3:TrackPointExtension>
            <ns3:hr>102</ns3:hr>
          </ns3:TrackPointExtension>
        </extensions>
      </trkpt>
      <trkpt lat="44.4271351397037506103515625" lon="-80.28856211341917514801025390625">
        <ele>346.600006103515625</ele>
        <time>2024-10-23T17:16:30.000Z</time>
        <extensions>
          <ns3:TrackPointExtension>
            <ns3:hr>102</ns3:hr>
          </ns3:TrackPointExtension>
        </extensions>
      </trkpt>
      <trkpt lat="44.427103959023952484130859375" lon="-80.28858424164354801177978515625">
        <ele>346</ele>
        <time>2024-10-23T17:16:35.000Z</time>
        <extensions>
          <ns3:TrackPointExtension>
            <ns3:hr>102</ns3:hr>
          </ns3:TrackPointExtension>
        </extensions>
      </trkpt>
      <trkpt lat="44.42704402841627597808837890625" lon="-80.2886041067540645599365234375">
        <ele>345.399993896484375</ele>
        <time>2024-10-23T17:16:44.000Z</time>
        <extensions>
          <ns3:TrackPointExtension>
            <ns3:hr>100</ns3:hr>
          </ns3:TrackPointExtension>
        </extensions>
      </trkpt>
      <trkpt lat="44.42701217718422412872314453125" lon="-80.28857611119747161865234375">
        <ele>345</ele>
        <time>2024-10-23T17:16:48.000Z</time>
        <extensions>
          <ns3:TrackPointExtension>
            <ns3:hr>100</ns3:hr>
          </ns3:TrackPointExtension>
        </extensions>
      </trkpt>
      <trkpt lat="44.42700396291911602020263671875" lon="-80.28855465352535247802734375">
        <ele>344.399993896484375</ele>
        <time>2024-10-23T17:16:52.000Z</time>
        <extensions>
          <ns3:TrackPointExtension>
            <ns3:hr>106</ns3:hr>
          </ns3:TrackPointExtension>
        </extensions>
      </trkpt>
      <trkpt lat="44.4270063936710357666015625" lon="-80.288544595241546630859375">
        <ele>344.20001220703125</ele>
        <time>2024-10-23T17:16:54.000Z</time>
        <extensions>
          <ns3:TrackPointExtension>
            <ns3:hr>109</ns3:hr>
          </ns3:TrackPointExtension>
        </extensions>
      </trkpt>
      <trkpt lat="44.4270032085478305816650390625" lon="-80.28852975927293300628662109375">
        <ele>344</ele>
        <time>2024-10-23T17:16:56.000Z</time>
        <extensions>
          <ns3:TrackPointExtension>
            <ns3:hr>108</ns3:hr>
          </ns3:TrackPointExtension>
        </extensions>
      </trkpt>
      <trkpt lat="44.4269948266446590423583984375" lon="-80.28851886279881000518798828125">
        <ele>344</ele>
        <time>2024-10-23T17:16:57.000Z</time>
        <extensions>
          <ns3:TrackPointExtension>
            <ns3:hr>109</ns3:hr>
          </ns3:TrackPointExtension>
        </extensions>
      </trkpt>
      <trkpt lat="44.426942355930805206298828125" lon="-80.28854736126959323883056640625">
        <ele>343.600006103515625</ele>
        <time>2024-10-23T17:17:08.000Z</time>
        <extensions>
          <ns3:TrackPointExtension>
            <ns3:hr>106</ns3:hr>
          </ns3:TrackPointExtension>
        </extensions>
      </trkpt>
      <trkpt lat="44.42692819051444530487060546875" lon="-80.2885450981557369232177734375">
        <ele>343.600006103515625</ele>
        <time>2024-10-23T17:17:11.000Z</time>
        <extensions>
          <ns3:TrackPointExtension>
            <ns3:hr>106</ns3:hr>
          </ns3:TrackPointExtension>
        </extensions>
      </trkpt>
      <trkpt lat="44.42692064680159091949462890625" lon="-80.2885414101183414459228515625">
        <ele>343.600006103515625</ele>
        <time>2024-10-23T17:17:15.000Z</time>
        <extensions>
          <ns3:TrackPointExtension>
            <ns3:hr>103</ns3:hr>
          </ns3:TrackPointExtension>
        </extensions>
      </trkpt>
      <trkpt lat="44.4269190542399883270263671875" lon="-80.2885378897190093994140625">
        <ele>343.600006103515625</ele>
        <time>2024-10-23T17:17:17.000Z</time>
        <extensions>
          <ns3:TrackPointExtension>
            <ns3:hr>100</ns3:hr>
          </ns3:TrackPointExtension>
        </extensions>
      </trkpt>
      <trkpt lat="44.42691327072679996490478515625" lon="-80.288542918860912322998046875">
        <ele>343.600006103515625</ele>
        <time>2024-10-23T17:17:19.000Z</time>
        <extensions>
          <ns3:TrackPointExtension>
            <ns3:hr>95</ns3:hr>
          </ns3:TrackPointExtension>
        </extensions>
      </trkpt>
      <trkpt lat="44.42690338008105754852294921875" lon="-80.28854618780314922332763671875">
        <ele>343.600006103515625</ele>
        <time>2024-10-23T17:17:21.000Z</time>
        <extensions>
          <ns3:TrackPointExtension>
            <ns3:hr>92</ns3:hr>
          </ns3:TrackPointExtension>
        </extensions>
      </trkpt>
      <trkpt lat="44.42688929848372936248779296875" lon="-80.28852741234004497528076171875">
        <ele>343.600006103515625</ele>
        <time>2024-10-23T17:17:26.000Z</time>
        <extensions>
          <ns3:TrackPointExtension>
            <ns3:hr>98</ns3:hr>
          </ns3:TrackPointExtension>
        </extensions>
      </trkpt>
      <trkpt lat="44.426887035369873046875" lon="-80.28852623887360095977783203125">
        <ele>343.600006103515625</ele>
        <time>2024-10-23T17:17:27.000Z</time>
        <extensions>
          <ns3:TrackPointExtension>
            <ns3:hr>102</ns3:hr>
          </ns3:TrackPointExtension>
        </extensions>
      </trkpt>
      <trkpt lat="44.4268841855227947235107421875" lon="-80.28852271847426891326904296875">
        <ele>343.600006103515625</ele>
        <time>2024-10-23T17:17:28.000Z</time>
        <extensions>
          <ns3:TrackPointExtension>
            <ns3:hr>102</ns3:hr>
          </ns3:TrackPointExtension>
        </extensions>
      </trkpt>
      <trkpt lat="44.426877982914447784423828125" lon="-80.2885132469236850738525390625">
        <ele>343.600006103515625</ele>
        <time>2024-10-23T17:17:30.000Z</time>
        <extensions>
          <ns3:TrackPointExtension>
            <ns3:hr>106</ns3:hr>
          </ns3:TrackPointExtension>
        </extensions>
      </trkpt>
      <trkpt lat="44.42687521688640117645263671875" lon="-80.288501344621181488037109375">
        <ele>343.600006103515625</ele>
        <time>2024-10-23T17:17:32.000Z</time>
        <extensions>
          <ns3:TrackPointExtension>
            <ns3:hr>109</ns3:hr>
          </ns3:TrackPointExtension>
        </extensions>
      </trkpt>
      <trkpt lat="44.4268696010112762451171875" lon="-80.28849790804088115692138671875">
        <ele>343.600006103515625</ele>
        <time>2024-10-23T17:17:33.000Z</time>
        <extensions>
          <ns3:TrackPointExtension>
            <ns3:hr>112</ns3:hr>
          </ns3:TrackPointExtension>
        </extensions>
      </trkpt>
      <trkpt lat="44.426860548555850982666015625" lon="-80.28849153779447078704833984375">
        <ele>343.600006103515625</ele>
        <time>2024-10-23T17:17:38.000Z</time>
        <extensions>
          <ns3:TrackPointExtension>
            <ns3:hr>108</ns3:hr>
          </ns3:TrackPointExtension>
        </extensions>
      </trkpt>
      <trkpt lat="44.426848478615283966064453125" lon="-80.28846002183854579925537109375">
        <ele>343.399993896484375</ele>
        <time>2024-10-23T17:17:42.000Z</time>
        <extensions>
          <ns3:TrackPointExtension>
            <ns3:hr>111</ns3:hr>
          </ns3:TrackPointExtension>
        </extensions>
      </trkpt>
      <trkpt lat="44.42684604786336421966552734375" lon="-80.28845650143921375274658203125">
        <ele>343.399993896484375</ele>
        <time>2024-10-23T17:17:43.000Z</time>
        <extensions>
          <ns3:TrackPointExtension>
            <ns3:hr>108</ns3:hr>
          </ns3:TrackPointExtension>
        </extensions>
      </trkpt>
      <trkpt lat="44.42684118635952472686767578125" lon="-80.2884492091834545135498046875">
        <ele>343.20001220703125</ele>
        <time>2024-10-23T17:17:45.000Z</time>
        <extensions>
          <ns3:TrackPointExtension>
            <ns3:hr>105</ns3:hr>
          </ns3:TrackPointExtension>
        </extensions>
      </trkpt>
      <trkpt lat="44.42683749832212924957275390625" lon="-80.28844409622251987457275390625">
        <ele>343.20001220703125</ele>
        <time>2024-10-23T17:17:46.000Z</time>
        <extensions>
          <ns3:TrackPointExtension>
            <ns3:hr>102</ns3:hr>
          </ns3:TrackPointExtension>
        </extensions>
      </trkpt>
      <trkpt lat="44.4268375821411609649658203125" lon="-80.288442671298980712890625">
        <ele>343.20001220703125</ele>
        <time>2024-10-23T17:17:47.000Z</time>
        <extensions>
          <ns3:TrackPointExtension>
            <ns3:hr>98</ns3:hr>
          </ns3:TrackPointExtension>
        </extensions>
      </trkpt>
      <trkpt lat="44.42682174034416675567626953125" lon="-80.2884332835674285888671875">
        <ele>343</ele>
        <time>2024-10-23T17:17:50.000Z</time>
        <extensions>
          <ns3:TrackPointExtension>
            <ns3:hr>95</ns3:hr>
          </ns3:TrackPointExtension>
        </extensions>
      </trkpt>
      <trkpt lat="44.426821656525135040283203125" lon="-80.28843269683420658111572265625">
        <ele>343</ele>
        <time>2024-10-23T17:17:51.000Z</time>
        <extensions>
          <ns3:TrackPointExtension>
            <ns3:hr>94</ns3:hr>
          </ns3:TrackPointExtension>
        </extensions>
      </trkpt>
      <trkpt lat="44.4268124364316463470458984375" lon="-80.28843663632869720458984375">
        <ele>342.399993896484375</ele>
        <time>2024-10-23T17:17:57.000Z</time>
        <extensions>
          <ns3:TrackPointExtension>
            <ns3:hr>96</ns3:hr>
          </ns3:TrackPointExtension>
        </extensions>
      </trkpt>
      <trkpt lat="44.42680061794817447662353515625" lon="-80.288465805351734161376953125">
        <ele>342</ele>
        <time>2024-10-23T17:18:01.000Z</time>
        <extensions>
          <ns3:TrackPointExtension>
            <ns3:hr>95</ns3:hr>
          </ns3:TrackPointExtension>
        </extensions>
      </trkpt>
      <trkpt lat="44.426760971546173095703125" lon="-80.28855138458311557769775390625">
        <ele>341.399993896484375</ele>
        <time>2024-10-23T17:18:11.000Z</time>
        <extensions>
          <ns3:TrackPointExtension>
            <ns3:hr>95</ns3:hr>
          </ns3:TrackPointExtension>
        </extensions>
      </trkpt>
      <trkpt lat="44.4266458041965961456298828125" lon="-80.28871382586658000946044921875">
        <ele>341</ele>
        <time>2024-10-23T17:18:28.000Z</time>
        <extensions>
          <ns3:TrackPointExtension>
            <ns3:hr>101</ns3:hr>
          </ns3:TrackPointExtension>
        </extensions>
      </trkpt>
      <trkpt lat="44.42664102651178836822509765625" lon="-80.28871885500848293304443359375">
        <ele>341</ele>
        <time>2024-10-23T17:18:29.000Z</time>
        <extensions>
          <ns3:TrackPointExtension>
            <ns3:hr>105</ns3:hr>
          </ns3:TrackPointExtension>
        </extensions>
      </trkpt>
      <trkpt lat="44.42662426270544528961181640625" lon="-80.28872237540781497955322265625">
        <ele>341</ele>
        <time>2024-10-23T17:18:31.000Z</time>
        <extensions>
          <ns3:TrackPointExtension>
            <ns3:hr>109</ns3:hr>
          </ns3:TrackPointExtension>
        </extensions>
      </trkpt>
      <trkpt lat="44.4266169704496860504150390625" lon="-80.28872120194137096405029296875">
        <ele>341</ele>
        <time>2024-10-23T17:18:32.000Z</time>
        <extensions>
          <ns3:TrackPointExtension>
            <ns3:hr>114</ns3:hr>
          </ns3:TrackPointExtension>
        </extensions>
      </trkpt>
      <trkpt lat="44.426610432565212249755859375" lon="-80.2887229621410369873046875">
        <ele>340.79998779296875</ele>
        <time>2024-10-23T17:18:33.000Z</time>
        <extensions>
          <ns3:TrackPointExtension>
            <ns3:hr>113</ns3:hr>
          </ns3:TrackPointExtension>
        </extensions>
      </trkpt>
      <trkpt lat="44.4265998713672161102294921875" lon="-80.28871801681816577911376953125">
        <ele>340.79998779296875</ele>
        <time>2024-10-23T17:18:35.000Z</time>
        <extensions>
          <ns3:TrackPointExtension>
            <ns3:hr>116</ns3:hr>
          </ns3:TrackPointExtension>
        </extensions>
      </trkpt>
      <trkpt lat="44.4265891425311565399169921875" lon="-80.28871650807559490203857421875">
        <ele>340.600006103515625</ele>
        <time>2024-10-23T17:18:37.000Z</time>
        <extensions>
          <ns3:TrackPointExtension>
            <ns3:hr>113</ns3:hr>
          </ns3:TrackPointExtension>
        </extensions>
      </trkpt>
      <trkpt lat="44.4265254400670528411865234375" lon="-80.28873394243419170379638671875">
        <ele>340</ele>
        <time>2024-10-23T17:18:43.000Z</time>
        <extensions>
          <ns3:TrackPointExtension>
            <ns3:hr>111</ns3:hr>
          </ns3:TrackPointExtension>
        </extensions>
      </trkpt>
      <trkpt lat="44.4264865480363368988037109375" lon="-80.2887355349957942962646484375">
        <ele>339.79998779296875</ele>
        <time>2024-10-23T17:18:45.000Z</time>
        <extensions>
          <ns3:TrackPointExtension>
            <ns3:hr>112</ns3:hr>
          </ns3:TrackPointExtension>
        </extensions>
      </trkpt>
      <trkpt lat="44.42637741565704345703125" lon="-80.2887677215039730072021484375">
        <ele>339.600006103515625</ele>
        <time>2024-10-23T17:18:55.000Z</time>
        <extensions>
          <ns3:TrackPointExtension>
            <ns3:hr>111</ns3:hr>
          </ns3:TrackPointExtension>
        </extensions>
      </trkpt>
      <trkpt lat="44.42637297324836254119873046875" lon="-80.2887739241123199462890625">
        <ele>339.600006103515625</ele>
        <time>2024-10-23T17:18:56.000Z</time>
        <extensions>
          <ns3:TrackPointExtension>
            <ns3:hr>106</ns3:hr>
          </ns3:TrackPointExtension>
        </extensions>
      </trkpt>
      <trkpt lat="44.4263702072203159332275390625" lon="-80.28878171928226947784423828125">
        <ele>339.79998779296875</ele>
        <time>2024-10-23T17:18:57.000Z</time>
        <extensions>
          <ns3:TrackPointExtension>
            <ns3:hr>106</ns3:hr>
          </ns3:TrackPointExtension>
        </extensions>
      </trkpt>
      <trkpt lat="44.42634816281497478485107421875" lon="-80.28887090273201465606689453125">
        <ele>341.20001220703125</ele>
        <time>2024-10-23T17:19:04.000Z</time>
        <extensions>
          <ns3:TrackPointExtension>
            <ns3:hr>109</ns3:hr>
          </ns3:TrackPointExtension>
        </extensions>
      </trkpt>
      <trkpt lat="44.426348917186260223388671875" lon="-80.2888978086411952972412109375">
        <ele>341.20001220703125</ele>
        <time>2024-10-23T17:19:06.000Z</time>
        <extensions>
          <ns3:TrackPointExtension>
            <ns3:hr>112</ns3:hr>
          </ns3:TrackPointExtension>
        </extensions>
      </trkpt>
      <trkpt lat="44.42634514532983303070068359375" lon="-80.28891742229461669921875">
        <ele>341.20001220703125</ele>
        <time>2024-10-23T17:19:08.000Z</time>
        <extensions>
          <ns3:TrackPointExtension>
            <ns3:hr>114</ns3:hr>
          </ns3:TrackPointExtension>
        </extensions>
      </trkpt>
      <trkpt lat="44.4263142161071300506591796875" lon="-80.288970731198787689208984375">
        <ele>341.20001220703125</ele>
        <time>2024-10-23T17:19:13.000Z</time>
        <extensions>
          <ns3:TrackPointExtension>
            <ns3:hr>117</ns3:hr>
          </ns3:TrackPointExtension>
        </extensions>
      </trkpt>
      <trkpt lat="44.4263051636517047882080078125" lon="-80.2889806218445301055908203125">
        <ele>341.20001220703125</ele>
        <time>2024-10-23T17:19:14.000Z</time>
        <extensions>
          <ns3:TrackPointExtension>
            <ns3:hr>120</ns3:hr>
          </ns3:TrackPointExtension>
        </extensions>
      </trkpt>
      <trkpt lat="44.4262934289872646331787109375" lon="-80.28901775367558002471923828125">
        <ele>341.20001220703125</ele>
        <time>2024-10-23T17:19:17.000Z</time>
        <extensions>
          <ns3:TrackPointExtension>
            <ns3:hr>123</ns3:hr>
          </ns3:TrackPointExtension>
        </extensions>
      </trkpt>
      <trkpt lat="44.42628496326506137847900390625" lon="-80.2890426479279994964599609375">
        <ele>341.20001220703125</ele>
        <time>2024-10-23T17:19:19.000Z</time>
        <extensions>
          <ns3:TrackPointExtension>
            <ns3:hr>126</ns3:hr>
          </ns3:TrackPointExtension>
        </extensions>
      </trkpt>
      <trkpt lat="44.4262770004570484161376953125" lon="-80.289075672626495361328125">
        <ele>341.20001220703125</ele>
        <time>2024-10-23T17:19:22.000Z</time>
        <extensions>
          <ns3:TrackPointExtension>
            <ns3:hr>129</ns3:hr>
          </ns3:TrackPointExtension>
        </extensions>
      </trkpt>
      <trkpt lat="44.42626769654452800750732421875" lon="-80.2890835516154766082763671875">
        <ele>341.20001220703125</ele>
        <time>2024-10-23T17:19:23.000Z</time>
        <extensions>
          <ns3:TrackPointExtension>
            <ns3:hr>130</ns3:hr>
          </ns3:TrackPointExtension>
        </extensions>
      </trkpt>
      <trkpt lat="44.426224194467067718505859375" lon="-80.2891231141984462738037109375">
        <ele>341.20001220703125</ele>
        <time>2024-10-23T17:19:27.000Z</time>
        <extensions>
          <ns3:TrackPointExtension>
            <ns3:hr>126</ns3:hr>
          </ns3:TrackPointExtension>
        </extensions>
      </trkpt>
      <trkpt lat="44.42616225220263004302978515625" lon="-80.28917248360812664031982421875">
        <ele>341.20001220703125</ele>
        <time>2024-10-23T17:19:34.000Z</time>
        <extensions>
          <ns3:TrackPointExtension>
            <ns3:hr>129</ns3:hr>
          </ns3:TrackPointExtension>
        </extensions>
      </trkpt>
      <trkpt lat="44.4261467456817626953125" lon="-80.2891816198825836181640625">
        <ele>341.20001220703125</ele>
        <time>2024-10-23T17:19:36.000Z</time>
        <extensions>
          <ns3:TrackPointExtension>
            <ns3:hr>127</ns3:hr>
          </ns3:TrackPointExtension>
        </extensions>
      </trkpt>
      <trkpt lat="44.42612369544804096221923828125" lon="-80.28920500539243221282958984375">
        <ele>341.20001220703125</ele>
        <time>2024-10-23T17:19:42.000Z</time>
        <extensions>
          <ns3:TrackPointExtension>
            <ns3:hr>124</ns3:hr>
          </ns3:TrackPointExtension>
        </extensions>
      </trkpt>
      <trkpt lat="44.42611464299261569976806640625" lon="-80.28921782970428466796875">
        <ele>341.20001220703125</ele>
        <time>2024-10-23T17:19:47.000Z</time>
        <extensions>
          <ns3:TrackPointExtension>
            <ns3:hr>116</ns3:hr>
          </ns3:TrackPointExtension>
        </extensions>
      </trkpt>
      <trkpt lat="44.42611388862133026123046875" lon="-80.289218835532665252685546875">
        <ele>341.20001220703125</ele>
        <time>2024-10-23T17:19:48.000Z</time>
        <extensions>
          <ns3:TrackPointExtension>
            <ns3:hr>116</ns3:hr>
          </ns3:TrackPointExtension>
        </extensions>
      </trkpt>
      <trkpt lat="44.4261127151548862457275390625" lon="-80.2892218530178070068359375">
        <ele>341.20001220703125</ele>
        <time>2024-10-23T17:19:50.000Z</time>
        <extensions>
          <ns3:TrackPointExtension>
            <ns3:hr>113</ns3:hr>
          </ns3:TrackPointExtension>
        </extensions>
      </trkpt>
      <trkpt lat="44.42611279897391796112060546875" lon="-80.28922394849359989166259765625">
        <ele>341.20001220703125</ele>
        <time>2024-10-23T17:19:52.000Z</time>
        <extensions>
          <ns3:TrackPointExtension>
            <ns3:hr>111</ns3:hr>
          </ns3:TrackPointExtension>
        </extensions>
      </trkpt>
      <trkpt lat="44.42611816339194774627685546875" lon="-80.28923132456839084625244140625">
        <ele>341.20001220703125</ele>
        <time>2024-10-23T17:19:56.000Z</time>
        <extensions>
          <ns3:TrackPointExtension>
            <ns3:hr>108</ns3:hr>
          </ns3:TrackPointExtension>
        </extensions>
      </trkpt>
      <trkpt lat="44.42612889222800731658935546875" lon="-80.28924725018441677093505859375">
        <ele>341.20001220703125</ele>
        <time>2024-10-23T17:20:01.000Z</time>
        <extensions>
          <ns3:TrackPointExtension>
            <ns3:hr>105</ns3:hr>
          </ns3:TrackPointExtension>
        </extensions>
      </trkpt>
      <trkpt lat="44.426147080957889556884765625" lon="-80.2892964519560337066650390625">
        <ele>341.20001220703125</ele>
        <time>2024-10-23T17:20:08.000Z</time>
        <extensions>
          <ns3:TrackPointExtension>
            <ns3:hr>104</ns3:hr>
          </ns3:TrackPointExtension>
        </extensions>
      </trkpt>
      <trkpt lat="44.42615621723234653472900390625" lon="-80.289322771131992340087890625">
        <ele>341.20001220703125</ele>
        <time>2024-10-23T17:20:14.000Z</time>
        <extensions>
          <ns3:TrackPointExtension>
            <ns3:hr>100</ns3:hr>
          </ns3:TrackPointExtension>
        </extensions>
      </trkpt>
      <trkpt lat="44.426176585257053375244140625" lon="-80.28934867121279239654541015625">
        <ele>341.20001220703125</ele>
        <time>2024-10-23T17:20:21.000Z</time>
        <extensions>
          <ns3:TrackPointExtension>
            <ns3:hr>97</ns3:hr>
          </ns3:TrackPointExtension>
        </extensions>
      </trkpt>
      <trkpt lat="44.4261834584176540374755859375" lon="-80.2893604896962642669677734375">
        <ele>341.20001220703125</ele>
        <time>2024-10-23T17:20:26.000Z</time>
        <extensions>
          <ns3:TrackPointExtension>
            <ns3:hr>96</ns3:hr>
          </ns3:TrackPointExtension>
        </extensions>
      </trkpt>
      <trkpt lat="44.426186978816986083984375" lon="-80.28936870396137237548828125">
        <ele>341.20001220703125</ele>
        <time>2024-10-23T17:20:30.000Z</time>
        <extensions>
          <ns3:TrackPointExtension>
            <ns3:hr>92</ns3:hr>
          </ns3:TrackPointExtension>
        </extensions>
      </trkpt>
      <trkpt lat="44.426199384033679962158203125" lon="-80.28936476446688175201416015625">
        <ele>341.20001220703125</ele>
        <time>2024-10-23T17:20:40.000Z</time>
        <extensions>
          <ns3:TrackPointExtension>
            <ns3:hr>89</ns3:hr>
          </ns3:TrackPointExtension>
        </extensions>
      </trkpt>
      <trkpt lat="44.42619225941598415374755859375" lon="-80.2893626689910888671875">
        <ele>341.20001220703125</ele>
        <time>2024-10-23T17:20:45.000Z</time>
        <extensions>
          <ns3:TrackPointExtension>
            <ns3:hr>90</ns3:hr>
          </ns3:TrackPointExtension>
        </extensions>
      </trkpt>
      <trkpt lat="44.42619795911014080047607421875" lon="-80.2893477492034435272216796875">
        <ele>341.20001220703125</ele>
        <time>2024-10-23T17:20:53.000Z</time>
        <extensions>
          <ns3:TrackPointExtension>
            <ns3:hr>87</ns3:hr>
          </ns3:TrackPointExtension>
        </extensions>
      </trkpt>
      <trkpt lat="44.42621706984937191009521484375" lon="-80.28935403563082218170166015625">
        <ele>341.20001220703125</ele>
        <time>2024-10-23T17:21:02.000Z</time>
        <extensions>
          <ns3:TrackPointExtension>
            <ns3:hr>86</ns3:hr>
          </ns3:TrackPointExtension>
        </extensions>
      </trkpt>
      <trkpt lat="44.4262089394032955169677734375" lon="-80.28937918134033679962158203125">
        <ele>341.20001220703125</ele>
        <time>2024-10-23T17:21:07.000Z</time>
        <extensions>
          <ns3:TrackPointExtension>
            <ns3:hr>89</ns3:hr>
          </ns3:TrackPointExtension>
        </extensions>
      </trkpt>
      <trkpt lat="44.42620650865137577056884765625" lon="-80.28939996846020221710205078125">
        <ele>341.20001220703125</ele>
        <time>2024-10-23T17:21:12.000Z</time>
        <extensions>
          <ns3:TrackPointExtension>
            <ns3:hr>92</ns3:hr>
          </ns3:TrackPointExtension>
        </extensions>
      </trkpt>
      <trkpt lat="44.42621572874486446380615234375" lon="-80.28938923962414264678955078125">
        <ele>341.20001220703125</ele>
        <time>2024-10-23T17:21:16.000Z</time>
        <extensions>
          <ns3:TrackPointExtension>
            <ns3:hr>92</ns3:hr>
          </ns3:TrackPointExtension>
        </extensions>
      </trkpt>
      <trkpt lat="44.42624590359628200531005859375" lon="-80.289381444454193115234375">
        <ele>341.20001220703125</ele>
        <time>2024-10-23T17:21:26.000Z</time>
        <extensions>
          <ns3:TrackPointExtension>
            <ns3:hr>95</ns3:hr>
          </ns3:TrackPointExtension>
        </extensions>
      </trkpt>
      <trkpt lat="44.42624506540596485137939453125" lon="-80.2893832884728908538818359375">
        <ele>341.20001220703125</ele>
        <time>2024-10-23T17:21:28.000Z</time>
        <extensions>
          <ns3:TrackPointExtension>
            <ns3:hr>98</ns3:hr>
          </ns3:TrackPointExtension>
        </extensions>
      </trkpt>
      <trkpt lat="44.42623500712215900421142578125" lon="-80.2893779240548610687255859375">
        <ele>341.20001220703125</ele>
        <time>2024-10-23T17:21:33.000Z</time>
        <extensions>
          <ns3:TrackPointExtension>
            <ns3:hr>97</ns3:hr>
          </ns3:TrackPointExtension>
        </extensions>
      </trkpt>
      <trkpt lat="44.4262285530567169189453125" lon="-80.289370380342006683349609375">
        <ele>341.20001220703125</ele>
        <time>2024-10-23T17:21:39.000Z</time>
        <extensions>
          <ns3:TrackPointExtension>
            <ns3:hr>94</ns3:hr>
          </ns3:TrackPointExtension>
        </extensions>
      </trkpt>
      <trkpt lat="44.42620449699461460113525390625" lon="-80.28936727903783321380615234375">
        <ele>341.20001220703125</ele>
        <time>2024-10-23T17:21:52.000Z</time>
        <extensions>
          <ns3:TrackPointExtension>
            <ns3:hr>96</ns3:hr>
          </ns3:TrackPointExtension>
        </extensions>
      </trkpt>
      <trkpt lat="44.42616208456456661224365234375" lon="-80.2893604896962642669677734375">
        <ele>341.20001220703125</ele>
        <time>2024-10-23T17:22:04.000Z</time>
        <extensions>
          <ns3:TrackPointExtension>
            <ns3:hr>93</ns3:hr>
          </ns3:TrackPointExtension>
        </extensions>
      </trkpt>
      <trkpt lat="44.42615889944136142730712890625" lon="-80.289360322058200836181640625">
        <ele>341.20001220703125</ele>
        <time>2024-10-23T17:22:08.000Z</time>
        <extensions>
          <ns3:TrackPointExtension>
            <ns3:hr>94</ns3:hr>
          </ns3:TrackPointExtension>
        </extensions>
      </trkpt>
      <trkpt lat="44.4261563010513782501220703125" lon="-80.28936107642948627471923828125">
        <ele>341.20001220703125</ele>
        <time>2024-10-23T17:22:13.000Z</time>
        <extensions>
          <ns3:TrackPointExtension>
            <ns3:hr>98</ns3:hr>
          </ns3:TrackPointExtension>
        </extensions>
      </trkpt>
      <trkpt lat="44.42615546286106109619140625" lon="-80.2893594838678836822509765625">
        <ele>341.20001220703125</ele>
        <time>2024-10-23T17:22:14.000Z</time>
        <extensions>
          <ns3:TrackPointExtension>
            <ns3:hr>101</ns3:hr>
          </ns3:TrackPointExtension>
        </extensions>
      </trkpt>
      <trkpt lat="44.42615537904202938079833984375" lon="-80.28935705311596393585205078125">
        <ele>341.20001220703125</ele>
        <time>2024-10-23T17:22:15.000Z</time>
        <extensions>
          <ns3:TrackPointExtension>
            <ns3:hr>104</ns3:hr>
          </ns3:TrackPointExtension>
        </extensions>
      </trkpt>
      <trkpt lat="44.42615621723234653472900390625" lon="-80.28935453854501247406005859375">
        <ele>341.20001220703125</ele>
        <time>2024-10-23T17:22:16.000Z</time>
        <extensions>
          <ns3:TrackPointExtension>
            <ns3:hr>101</ns3:hr>
          </ns3:TrackPointExtension>
        </extensions>
      </trkpt>
      <trkpt lat="44.42615102045238018035888671875" lon="-80.289335511624813079833984375">
        <ele>341.20001220703125</ele>
        <time>2024-10-23T17:22:20.000Z</time>
        <extensions>
          <ns3:TrackPointExtension>
            <ns3:hr>98</ns3:hr>
          </ns3:TrackPointExtension>
        </extensions>
      </trkpt>
      <trkpt lat="44.42614850588142871856689453125" lon="-80.28932402841746807098388671875">
        <ele>341.20001220703125</ele>
        <time>2024-10-23T17:22:22.000Z</time>
        <extensions>
          <ns3:TrackPointExtension>
            <ns3:hr>92</ns3:hr>
          </ns3:TrackPointExtension>
        </extensions>
      </trkpt>
      <trkpt lat="44.426148422062397003173828125" lon="-80.289318747818470001220703125">
        <ele>341.20001220703125</ele>
        <time>2024-10-23T17:22:23.000Z</time>
        <extensions>
          <ns3:TrackPointExtension>
            <ns3:hr>89</ns3:hr>
          </ns3:TrackPointExtension>
        </extensions>
      </trkpt>
      <trkpt lat="44.42615278065204620361328125" lon="-80.2893152274191379547119140625">
        <ele>341.20001220703125</ele>
        <time>2024-10-23T17:22:25.000Z</time>
        <extensions>
          <ns3:TrackPointExtension>
            <ns3:hr>88</ns3:hr>
          </ns3:TrackPointExtension>
        </extensions>
      </trkpt>
      <trkpt lat="44.4261613301932811737060546875" lon="-80.28931380249559879302978515625">
        <ele>341.20001220703125</ele>
        <time>2024-10-23T17:22:32.000Z</time>
        <extensions>
          <ns3:TrackPointExtension>
            <ns3:hr>85</ns3:hr>
          </ns3:TrackPointExtension>
        </extensions>
      </trkpt>
      <trkpt lat="44.4261586479842662811279296875" lon="-80.28929972089827060699462890625">
        <ele>341.20001220703125</ele>
        <time>2024-10-23T17:22:40.000Z</time>
        <extensions>
          <ns3:TrackPointExtension>
            <ns3:hr>88</ns3:hr>
          </ns3:TrackPointExtension>
        </extensions>
      </trkpt>
      <trkpt lat="44.42616619169712066650390625" lon="-80.2892808616161346435546875">
        <ele>341.20001220703125</ele>
        <time>2024-10-23T17:22:46.000Z</time>
        <extensions>
          <ns3:TrackPointExtension>
            <ns3:hr>89</ns3:hr>
          </ns3:TrackPointExtension>
        </extensions>
      </trkpt>
      <trkpt lat="44.4261593185365200042724609375" lon="-80.289265103638172149658203125">
        <ele>341.20001220703125</ele>
        <time>2024-10-23T17:22:54.000Z</time>
        <extensions>
          <ns3:TrackPointExtension>
            <ns3:hr>92</ns3:hr>
          </ns3:TrackPointExtension>
        </extensions>
      </trkpt>
      <trkpt lat="44.42613945342600345611572265625" lon="-80.289268791675567626953125">
        <ele>341.20001220703125</ele>
        <time>2024-10-23T17:23:04.000Z</time>
        <extensions>
          <ns3:TrackPointExtension>
            <ns3:hr>92</ns3:hr>
          </ns3:TrackPointExtension>
        </extensions>
      </trkpt>
      <trkpt lat="44.42611011676490306854248046875" lon="-80.28927541337907314300537109375">
        <ele>341.20001220703125</ele>
        <time>2024-10-23T17:23:06.000Z</time>
        <extensions>
          <ns3:TrackPointExtension>
            <ns3:hr>89</ns3:hr>
          </ns3:TrackPointExtension>
        </extensions>
      </trkpt>
      <trkpt lat="44.426085390150547027587890625" lon="-80.28927558101713657379150390625">
        <ele>341.20001220703125</ele>
        <time>2024-10-23T17:23:09.000Z</time>
        <extensions>
          <ns3:TrackPointExtension>
            <ns3:hr>97</ns3:hr>
          </ns3:TrackPointExtension>
        </extensions>
      </trkpt>
      <trkpt lat="44.426081366837024688720703125" lon="-80.28927884995937347412109375">
        <ele>341.20001220703125</ele>
        <time>2024-10-23T17:23:10.000Z</time>
        <extensions>
          <ns3:TrackPointExtension>
            <ns3:hr>100</ns3:hr>
          </ns3:TrackPointExtension>
        </extensions>
      </trkpt>
      <trkpt lat="44.42607709206640720367431640625" lon="-80.28927859850227832794189453125">
        <ele>341.20001220703125</ele>
        <time>2024-10-23T17:23:11.000Z</time>
        <extensions>
          <ns3:TrackPointExtension>
            <ns3:hr>105</ns3:hr>
          </ns3:TrackPointExtension>
        </extensions>
      </trkpt>
      <trkpt lat="44.4260724820196628570556640625" lon="-80.2892781794071197509765625">
        <ele>341.20001220703125</ele>
        <time>2024-10-23T17:23:12.000Z</time>
        <extensions>
          <ns3:TrackPointExtension>
            <ns3:hr>109</ns3:hr>
          </ns3:TrackPointExtension>
        </extensions>
      </trkpt>
      <trkpt lat="44.42605353891849517822265625" lon="-80.28929167427122592926025390625">
        <ele>341.20001220703125</ele>
        <time>2024-10-23T17:23:16.000Z</time>
        <extensions>
          <ns3:TrackPointExtension>
            <ns3:hr>110</ns3:hr>
          </ns3:TrackPointExtension>
        </extensions>
      </trkpt>
      <trkpt lat="44.42598857916891574859619140625" lon="-80.2893702127039432525634765625">
        <ele>341.20001220703125</ele>
        <time>2024-10-23T17:23:32.000Z</time>
        <extensions>
          <ns3:TrackPointExtension>
            <ns3:hr>109</ns3:hr>
          </ns3:TrackPointExtension>
        </extensions>
      </trkpt>
      <trkpt lat="44.425978101789951324462890625" lon="-80.28936828486621379852294921875">
        <ele>341.20001220703125</ele>
        <time>2024-10-23T17:23:33.000Z</time>
        <extensions>
          <ns3:TrackPointExtension>
            <ns3:hr>112</ns3:hr>
          </ns3:TrackPointExtension>
        </extensions>
      </trkpt>
      <trkpt lat="44.42596695385873317718505859375" lon="-80.289370715618133544921875">
        <ele>341.20001220703125</ele>
        <time>2024-10-23T17:23:35.000Z</time>
        <extensions>
          <ns3:TrackPointExtension>
            <ns3:hr>116</ns3:hr>
          </ns3:TrackPointExtension>
        </extensions>
      </trkpt>
      <trkpt lat="44.4259494356811046600341796875" lon="-80.28937214054167270660400390625">
        <ele>341.20001220703125</ele>
        <time>2024-10-23T17:23:39.000Z</time>
        <extensions>
          <ns3:TrackPointExtension>
            <ns3:hr>112</ns3:hr>
          </ns3:TrackPointExtension>
        </extensions>
      </trkpt>
      <trkpt lat="44.42590006627142429351806640625" lon="-80.289376080036163330078125">
        <ele>341.20001220703125</ele>
        <time>2024-10-23T17:23:48.000Z</time>
        <extensions>
          <ns3:TrackPointExtension>
            <ns3:hr>119</ns3:hr>
          </ns3:TrackPointExtension>
        </extensions>
      </trkpt>
      <trkpt lat="44.4258932769298553466796875" lon="-80.2893775887787342071533203125">
        <ele>341.20001220703125</ele>
        <time>2024-10-23T17:23:49.000Z</time>
        <extensions>
          <ns3:TrackPointExtension>
            <ns3:hr>123</ns3:hr>
          </ns3:TrackPointExtension>
        </extensions>
      </trkpt>
      <trkpt lat="44.425887577235698699951171875" lon="-80.28938035480678081512451171875">
        <ele>341.20001220703125</ele>
        <time>2024-10-23T17:23:50.000Z</time>
        <extensions>
          <ns3:TrackPointExtension>
            <ns3:hr>126</ns3:hr>
          </ns3:TrackPointExtension>
        </extensions>
      </trkpt>
      <trkpt lat="44.4258632697165012359619140625" lon="-80.28939041309058666229248046875">
        <ele>341.20001220703125</ele>
        <time>2024-10-23T17:23:52.000Z</time>
        <extensions>
          <ns3:TrackPointExtension>
            <ns3:hr>129</ns3:hr>
          </ns3:TrackPointExtension>
        </extensions>
      </trkpt>
      <trkpt lat="44.425856731832027435302734375" lon="-80.28939477168023586273193359375">
        <ele>341.20001220703125</ele>
        <time>2024-10-23T17:23:53.000Z</time>
        <extensions>
          <ns3:TrackPointExtension>
            <ns3:hr>132</ns3:hr>
          </ns3:TrackPointExtension>
        </extensions>
      </trkpt>
      <trkpt lat="44.42573511041700839996337890625" lon="-80.28944539837539196014404296875">
        <ele>341.20001220703125</ele>
        <time>2024-10-23T17:24:05.000Z</time>
        <extensions>
          <ns3:TrackPointExtension>
            <ns3:hr>130</ns3:hr>
          </ns3:TrackPointExtension>
        </extensions>
      </trkpt>
      <trkpt lat="44.42567174322903156280517578125" lon="-80.28948135673999786376953125">
        <ele>338.600006103515625</ele>
        <time>2024-10-23T17:24:09.000Z</time>
        <extensions>
          <ns3:TrackPointExtension>
            <ns3:hr>125</ns3:hr>
          </ns3:TrackPointExtension>
        </extensions>
      </trkpt>
      <trkpt lat="44.4256507046520709991455078125" lon="-80.28949610888957977294921875">
        <ele>338.20001220703125</ele>
        <time>2024-10-23T17:24:11.000Z</time>
        <extensions>
          <ns3:TrackPointExtension>
            <ns3:hr>122</ns3:hr>
          </ns3:TrackPointExtension>
        </extensions>
      </trkpt>
      <trkpt lat="44.42559949122369289398193359375" lon="-80.28955268673598766326904296875">
        <ele>337.399993896484375</ele>
        <time>2024-10-23T17:24:19.000Z</time>
        <extensions>
          <ns3:TrackPointExtension>
            <ns3:hr>119</ns3:hr>
          </ns3:TrackPointExtension>
        </extensions>
      </trkpt>
      <trkpt lat="44.4255457632243633270263671875" lon="-80.2895599789917469024658203125">
        <ele>336.79998779296875</ele>
        <time>2024-10-23T17:24:24.000Z</time>
        <extensions>
          <ns3:TrackPointExtension>
            <ns3:hr>116</ns3:hr>
          </ns3:TrackPointExtension>
        </extensions>
      </trkpt>
      <trkpt lat="44.42552472464740276336669921875" lon="-80.2895606495440006256103515625">
        <ele>336.600006103515625</ele>
        <time>2024-10-23T17:24:26.000Z</time>
        <extensions>
          <ns3:TrackPointExtension>
            <ns3:hr>113</ns3:hr>
          </ns3:TrackPointExtension>
        </extensions>
      </trkpt>
      <trkpt lat="44.42547359503805637359619140625" lon="-80.28956182301044464111328125">
        <ele>337</ele>
        <time>2024-10-23T17:24:30.000Z</time>
        <extensions>
          <ns3:TrackPointExtension>
            <ns3:hr>110</ns3:hr>
          </ns3:TrackPointExtension>
        </extensions>
      </trkpt>
      <trkpt lat="44.4254549033939838409423828125" lon="-80.28956039808690547943115234375">
        <ele>337</ele>
        <time>2024-10-23T17:24:32.000Z</time>
        <extensions>
          <ns3:TrackPointExtension>
            <ns3:hr>107</ns3:hr>
          </ns3:TrackPointExtension>
        </extensions>
      </trkpt>
      <trkpt lat="44.4254426658153533935546875" lon="-80.28956090100109577178955078125">
        <ele>336.79998779296875</ele>
        <time>2024-10-23T17:24:34.000Z</time>
        <extensions>
          <ns3:TrackPointExtension>
            <ns3:hr>106</ns3:hr>
          </ns3:TrackPointExtension>
        </extensions>
      </trkpt>
      <trkpt lat="44.4253821484744548797607421875" lon="-80.2895651757717132568359375">
        <ele>336.399993896484375</ele>
        <time>2024-10-23T17:24:39.000Z</time>
        <extensions>
          <ns3:TrackPointExtension>
            <ns3:hr>107</ns3:hr>
          </ns3:TrackPointExtension>
        </extensions>
      </trkpt>
      <trkpt lat="44.425360523164272308349609375" lon="-80.289556123316287994384765625">
        <ele>336.20001220703125</ele>
        <time>2024-10-23T17:24:41.000Z</time>
        <extensions>
          <ns3:TrackPointExtension>
            <ns3:hr>110</ns3:hr>
          </ns3:TrackPointExtension>
        </extensions>
      </trkpt>
      <trkpt lat="44.4253502972424030303955078125" lon="-80.28954748995602130889892578125">
        <ele>336.20001220703125</ele>
        <time>2024-10-23T17:24:42.000Z</time>
        <extensions>
          <ns3:TrackPointExtension>
            <ns3:hr>113</ns3:hr>
          </ns3:TrackPointExtension>
        </extensions>
      </trkpt>
      <trkpt lat="44.42533043213188648223876953125" lon="-80.2895368449389934539794921875">
        <ele>336.20001220703125</ele>
        <time>2024-10-23T17:24:43.000Z</time>
        <extensions>
          <ns3:TrackPointExtension>
            <ns3:hr>116</ns3:hr>
          </ns3:TrackPointExtension>
        </extensions>
      </trkpt>
      <trkpt lat="44.42529858089983463287353515625" lon="-80.289533995091915130615234375">
        <ele>336</ele>
        <time>2024-10-23T17:24:46.000Z</time>
        <extensions>
          <ns3:TrackPointExtension>
            <ns3:hr>119</ns3:hr>
          </ns3:TrackPointExtension>
        </extensions>
      </trkpt>
      <trkpt lat="44.42527544684708118438720703125" lon="-80.28953609056770801544189453125">
        <ele>336</ele>
        <time>2024-10-23T17:24:48.000Z</time>
        <extensions>
          <ns3:TrackPointExtension>
            <ns3:hr>114</ns3:hr>
          </ns3:TrackPointExtension>
        </extensions>
      </trkpt>
      <trkpt lat="44.42524879239499568939208984375" lon="-80.2895442210137844085693359375">
        <ele>335.79998779296875</ele>
        <time>2024-10-23T17:24:50.000Z</time>
        <extensions>
          <ns3:TrackPointExtension>
            <ns3:hr>106</ns3:hr>
          </ns3:TrackPointExtension>
        </extensions>
      </trkpt>
      <trkpt lat="44.42521375603973865509033203125" lon="-80.28953240253031253814697265625">
        <ele>335.79998779296875</ele>
        <time>2024-10-23T17:24:52.000Z</time>
        <extensions>
          <ns3:TrackPointExtension>
            <ns3:hr>103</ns3:hr>
          </ns3:TrackPointExtension>
        </extensions>
      </trkpt>
      <trkpt lat="44.42514049820601940155029296875" lon="-80.289558805525302886962890625">
        <ele>335.20001220703125</ele>
        <time>2024-10-23T17:24:59.000Z</time>
        <extensions>
          <ns3:TrackPointExtension>
            <ns3:hr>106</ns3:hr>
          </ns3:TrackPointExtension>
        </extensions>
      </trkpt>
      <trkpt lat="44.4251333735883235931396484375" lon="-80.28956391848623752593994140625">
        <ele>335</ele>
        <time>2024-10-23T17:25:00.000Z</time>
        <extensions>
          <ns3:TrackPointExtension>
            <ns3:hr>103</ns3:hr>
          </ns3:TrackPointExtension>
        </extensions>
      </trkpt>
      <trkpt lat="44.4251196272671222686767578125" lon="-80.2895975299179553985595703125">
        <ele>334.79998779296875</ele>
        <time>2024-10-23T17:25:02.000Z</time>
        <extensions>
          <ns3:TrackPointExtension>
            <ns3:hr>104</ns3:hr>
          </ns3:TrackPointExtension>
        </extensions>
      </trkpt>
      <trkpt lat="44.425094313919544219970703125" lon="-80.28964455239474773406982421875">
        <ele>334.600006103515625</ele>
        <time>2024-10-23T17:25:06.000Z</time>
        <extensions>
          <ns3:TrackPointExtension>
            <ns3:hr>101</ns3:hr>
          </ns3:TrackPointExtension>
        </extensions>
      </trkpt>
      <trkpt lat="44.42500018514692783355712890625" lon="-80.28975536115467548370361328125">
        <ele>335.399993896484375</ele>
        <time>2024-10-23T17:25:18.000Z</time>
        <extensions>
          <ns3:TrackPointExtension>
            <ns3:hr>104</ns3:hr>
          </ns3:TrackPointExtension>
        </extensions>
      </trkpt>
      <trkpt lat="44.4249840080738067626953125" lon="-80.2897931635379791259765625">
        <ele>335.600006103515625</ele>
        <time>2024-10-23T17:25:21.000Z</time>
        <extensions>
          <ns3:TrackPointExtension>
            <ns3:hr>103</ns3:hr>
          </ns3:TrackPointExtension>
        </extensions>
      </trkpt>
      <trkpt lat="44.42496933974325656890869140625" lon="-80.2898154594004154205322265625">
        <ele>336.20001220703125</ele>
        <time>2024-10-23T17:25:24.000Z</time>
        <extensions>
          <ns3:TrackPointExtension>
            <ns3:hr>104</ns3:hr>
          </ns3:TrackPointExtension>
        </extensions>
      </trkpt>
      <trkpt lat="44.4249566830694675445556640625" lon="-80.28998971916735172271728515625">
        <ele>336.399993896484375</ele>
        <time>2024-10-23T17:25:36.000Z</time>
        <extensions>
          <ns3:TrackPointExtension>
            <ns3:hr>103</ns3:hr>
          </ns3:TrackPointExtension>
        </extensions>
      </trkpt>
      <trkpt lat="44.42495006136596202850341796875" lon="-80.29008619487285614013671875">
        <ele>335.399993896484375</ele>
        <time>2024-10-23T17:25:43.000Z</time>
        <extensions>
          <ns3:TrackPointExtension>
            <ns3:hr>107</ns3:hr>
          </ns3:TrackPointExtension>
        </extensions>
      </trkpt>
      <trkpt lat="44.42496129311621189117431640625" lon="-80.29011243022978305816650390625">
        <ele>335</ele>
        <time>2024-10-23T17:25:45.000Z</time>
        <extensions>
          <ns3:TrackPointExtension>
            <ns3:hr>106</ns3:hr>
          </ns3:TrackPointExtension>
        </extensions>
      </trkpt>
      <trkpt lat="44.4249774701893329620361328125" lon="-80.29018669389188289642333984375">
        <ele>334.600006103515625</ele>
        <time>2024-10-23T17:25:49.000Z</time>
        <extensions>
          <ns3:TrackPointExtension>
            <ns3:hr>103</ns3:hr>
          </ns3:TrackPointExtension>
        </extensions>
      </trkpt>
      <trkpt lat="44.42498392425477504730224609375" lon="-80.2902208082377910614013671875">
        <ele>334.399993896484375</ele>
        <time>2024-10-23T17:25:52.000Z</time>
        <extensions>
          <ns3:TrackPointExtension>
            <ns3:hr>104</ns3:hr>
          </ns3:TrackPointExtension>
        </extensions>
      </trkpt>
      <trkpt lat="44.42499984987080097198486328125" lon="-80.29024100862443447113037109375">
        <ele>334.20001220703125</ele>
        <time>2024-10-23T17:25:54.000Z</time>
        <extensions>
          <ns3:TrackPointExtension>
            <ns3:hr>101</ns3:hr>
          </ns3:TrackPointExtension>
        </extensions>
      </trkpt>
      <trkpt lat="44.42503354512155055999755859375" lon="-80.290276966989040374755859375">
        <ele>334</ele>
        <time>2024-10-23T17:25:58.000Z</time>
        <extensions>
          <ns3:TrackPointExtension>
            <ns3:hr>98</ns3:hr>
          </ns3:TrackPointExtension>
        </extensions>
      </trkpt>
      <trkpt lat="44.4251021929085254669189453125" lon="-80.29034905135631561279296875">
        <ele>333.600006103515625</ele>
        <time>2024-10-23T17:26:05.000Z</time>
        <extensions>
          <ns3:TrackPointExtension>
            <ns3:hr>101</ns3:hr>
          </ns3:TrackPointExtension>
        </extensions>
      </trkpt>
      <trkpt lat="44.42511166445910930633544921875" lon="-80.2903733588755130767822265625">
        <ele>333.600006103515625</ele>
        <time>2024-10-23T17:26:07.000Z</time>
        <extensions>
          <ns3:TrackPointExtension>
            <ns3:hr>100</ns3:hr>
          </ns3:TrackPointExtension>
        </extensions>
      </trkpt>
      <trkpt lat="44.42516312934458255767822265625" lon="-80.290458686649799346923828125">
        <ele>333.20001220703125</ele>
        <time>2024-10-23T17:26:15.000Z</time>
        <extensions>
          <ns3:TrackPointExtension>
            <ns3:hr>97</ns3:hr>
          </ns3:TrackPointExtension>
        </extensions>
      </trkpt>
      <trkpt lat="44.42523303441703319549560546875" lon="-80.2905238978564739227294921875">
        <ele>333</ele>
        <time>2024-10-23T17:26:20.000Z</time>
        <extensions>
          <ns3:TrackPointExtension>
            <ns3:hr>99</ns3:hr>
          </ns3:TrackPointExtension>
        </extensions>
      </trkpt>
      <trkpt lat="44.425246529281139373779296875" lon="-80.29053169302642345428466796875">
        <ele>333</ele>
        <time>2024-10-23T17:26:21.000Z</time>
        <extensions>
          <ns3:TrackPointExtension>
            <ns3:hr>98</ns3:hr>
          </ns3:TrackPointExtension>
        </extensions>
      </trkpt>
      <trkpt lat="44.42526924423873424530029296875" lon="-80.29055013321340084075927734375">
        <ele>332.79998779296875</ele>
        <time>2024-10-23T17:26:22.000Z</time>
        <extensions>
          <ns3:TrackPointExtension>
            <ns3:hr>99</ns3:hr>
          </ns3:TrackPointExtension>
        </extensions>
      </trkpt>
      <trkpt lat="44.42529338411986827850341796875" lon="-80.2906127460300922393798828125">
        <ele>332.79998779296875</ele>
        <time>2024-10-23T17:26:26.000Z</time>
        <extensions>
          <ns3:TrackPointExtension>
            <ns3:hr>96</ns3:hr>
          </ns3:TrackPointExtension>
        </extensions>
      </trkpt>
      <trkpt lat="44.42532800137996673583984375" lon="-80.29066689312458038330078125">
        <ele>332.79998779296875</ele>
        <time>2024-10-23T17:26:31.000Z</time>
        <extensions>
          <ns3:TrackPointExtension>
            <ns3:hr>100</ns3:hr>
          </ns3:TrackPointExtension>
        </extensions>
      </trkpt>
      <trkpt lat="44.4253734312951564788818359375" lon="-80.29069815762341022491455078125">
        <ele>333</ele>
        <time>2024-10-23T17:26:35.000Z</time>
        <extensions>
          <ns3:TrackPointExtension>
            <ns3:hr>102</ns3:hr>
          </ns3:TrackPointExtension>
        </extensions>
      </trkpt>
      <trkpt lat="44.425391368567943572998046875" lon="-80.29070972464978694915771484375">
        <ele>333.600006103515625</ele>
        <time>2024-10-23T17:26:38.000Z</time>
        <extensions>
          <ns3:TrackPointExtension>
            <ns3:hr>98</ns3:hr>
          </ns3:TrackPointExtension>
        </extensions>
      </trkpt>
      <trkpt lat="44.4254009239375591278076171875" lon="-80.29070469550788402557373046875">
        <ele>334</ele>
        <time>2024-10-23T17:26:40.000Z</time>
        <extensions>
          <ns3:TrackPointExtension>
            <ns3:hr>100</ns3:hr>
          </ns3:TrackPointExtension>
        </extensions>
      </trkpt>
      <trkpt lat="44.4254485331475734710693359375" lon="-80.2906702458858489990234375">
        <ele>334.399993896484375</ele>
        <time>2024-10-23T17:26:48.000Z</time>
        <extensions>
          <ns3:TrackPointExtension>
            <ns3:hr>100</ns3:hr>
          </ns3:TrackPointExtension>
        </extensions>
      </trkpt>
      <trkpt lat="44.4254748523235321044921875" lon="-80.29065775685012340545654296875">
        <ele>334.399993896484375</ele>
        <time>2024-10-23T17:26:51.000Z</time>
        <extensions>
          <ns3:TrackPointExtension>
            <ns3:hr>104</ns3:hr>
          </ns3:TrackPointExtension>
        </extensions>
      </trkpt>
      <trkpt lat="44.4256131537258625030517578125" lon="-80.29060377739369869232177734375">
        <ele>334.79998779296875</ele>
        <time>2024-10-23T17:27:05.000Z</time>
        <extensions>
          <ns3:TrackPointExtension>
            <ns3:hr>106</ns3:hr>
          </ns3:TrackPointExtension>
        </extensions>
      </trkpt>
      <trkpt lat="44.42562346346676349639892578125" lon="-80.29060645960271358489990234375">
        <ele>335</ele>
        <time>2024-10-23T17:27:06.000Z</time>
        <extensions>
          <ns3:TrackPointExtension>
            <ns3:hr>106</ns3:hr>
          </ns3:TrackPointExtension>
        </extensions>
      </trkpt>
      <trkpt lat="44.42571130581200122833251953125" lon="-80.29053102247416973114013671875">
        <ele>335.399993896484375</ele>
        <time>2024-10-23T17:27:16.000Z</time>
        <extensions>
          <ns3:TrackPointExtension>
            <ns3:hr>110</ns3:hr>
          </ns3:TrackPointExtension>
        </extensions>
      </trkpt>
      <trkpt lat="44.425726644694805145263671875" lon="-80.2904878556728363037109375">
        <ele>335.600006103515625</ele>
        <time>2024-10-23T17:27:19.000Z</time>
        <extensions>
          <ns3:TrackPointExtension>
            <ns3:hr>113</ns3:hr>
          </ns3:TrackPointExtension>
        </extensions>
      </trkpt>
      <trkpt lat="44.42572630941867828369140625" lon="-80.29047771356999874114990234375">
        <ele>335.600006103515625</ele>
        <time>2024-10-23T17:27:20.000Z</time>
        <extensions>
          <ns3:TrackPointExtension>
            <ns3:hr>113</ns3:hr>
          </ns3:TrackPointExtension>
        </extensions>
      </trkpt>
      <trkpt lat="44.42573946900665760040283203125" lon="-80.29044921509921550750732421875">
        <ele>335.600006103515625</ele>
        <time>2024-10-23T17:27:24.000Z</time>
        <extensions>
          <ns3:TrackPointExtension>
            <ns3:hr>110</ns3:hr>
          </ns3:TrackPointExtension>
        </extensions>
      </trkpt>
      <trkpt lat="44.42578523419797420501708984375" lon="-80.2904246561229228973388671875">
        <ele>336</ele>
        <time>2024-10-23T17:27:34.000Z</time>
        <extensions>
          <ns3:TrackPointExtension>
            <ns3:hr>111</ns3:hr>
          </ns3:TrackPointExtension>
        </extensions>
      </trkpt>
      <trkpt lat="44.4257871620357036590576171875" lon="-80.2904226444661617279052734375">
        <ele>336</ele>
        <time>2024-10-23T17:27:35.000Z</time>
        <extensions>
          <ns3:TrackPointExtension>
            <ns3:hr>109</ns3:hr>
          </ns3:TrackPointExtension>
        </extensions>
      </trkpt>
      <trkpt lat="44.425790347158908843994140625" lon="-80.29041300527751445770263671875">
        <ele>336</ele>
        <time>2024-10-23T17:27:38.000Z</time>
        <extensions>
          <ns3:TrackPointExtension>
            <ns3:hr>106</ns3:hr>
          </ns3:TrackPointExtension>
        </extensions>
      </trkpt>
      <trkpt lat="44.4258324243128299713134765625" lon="-80.29045625589787960052490234375">
        <ele>336</ele>
        <time>2024-10-23T17:27:47.000Z</time>
        <extensions>
          <ns3:TrackPointExtension>
            <ns3:hr>109</ns3:hr>
          </ns3:TrackPointExtension>
        </extensions>
      </trkpt>
      <trkpt lat="44.42585128359496593475341796875" lon="-80.29047167859971523284912109375">
        <ele>336</ele>
        <time>2024-10-23T17:27:51.000Z</time>
        <extensions>
          <ns3:TrackPointExtension>
            <ns3:hr>111</ns3:hr>
          </ns3:TrackPointExtension>
        </extensions>
      </trkpt>
      <trkpt lat="44.42585966549813747406005859375" lon="-80.2904726006090641021728515625">
        <ele>336</ele>
        <time>2024-10-23T17:28:03.000Z</time>
        <extensions>
          <ns3:TrackPointExtension>
            <ns3:hr>114</ns3:hr>
          </ns3:TrackPointExtension>
        </extensions>
      </trkpt>
      <trkpt lat="44.4258404709398746490478515625" lon="-80.2904404141008853912353515625">
        <ele>336</ele>
        <time>2024-10-23T17:28:07.000Z</time>
        <extensions>
          <ns3:TrackPointExtension>
            <ns3:hr>112</ns3:hr>
          </ns3:TrackPointExtension>
        </extensions>
      </trkpt>
      <trkpt lat="44.4258381240069866180419921875" lon="-80.29043211601674556732177734375">
        <ele>336</ele>
        <time>2024-10-23T17:28:08.000Z</time>
        <extensions>
          <ns3:TrackPointExtension>
            <ns3:hr>115</ns3:hr>
          </ns3:TrackPointExtension>
        </extensions>
      </trkpt>
      <trkpt lat="44.4258401356637477874755859375" lon="-80.2904296852648258209228515625">
        <ele>336</ele>
        <time>2024-10-23T17:28:14.000Z</time>
        <extensions>
          <ns3:TrackPointExtension>
            <ns3:hr>112</ns3:hr>
          </ns3:TrackPointExtension>
        </extensions>
      </trkpt>
      <trkpt lat="44.42587072961032390594482421875" lon="-80.29038987122476100921630859375">
        <ele>336</ele>
        <time>2024-10-23T17:28:24.000Z</time>
        <extensions>
          <ns3:TrackPointExtension>
            <ns3:hr>117</ns3:hr>
          </ns3:TrackPointExtension>
        </extensions>
      </trkpt>
      <trkpt lat="44.42589637823402881622314453125" lon="-80.29042172245681285858154296875">
        <ele>336</ele>
        <time>2024-10-23T17:28:26.000Z</time>
        <extensions>
          <ns3:TrackPointExtension>
            <ns3:hr>122</ns3:hr>
          </ns3:TrackPointExtension>
        </extensions>
      </trkpt>
      <trkpt lat="44.4259145669639110565185546875" lon="-80.2904370613396167755126953125">
        <ele>336.20001220703125</ele>
        <time>2024-10-23T17:28:28.000Z</time>
        <extensions>
          <ns3:TrackPointExtension>
            <ns3:hr>123</ns3:hr>
          </ns3:TrackPointExtension>
        </extensions>
      </trkpt>
      <trkpt lat="44.425919763743877410888671875" lon="-80.2904441021382808685302734375">
        <ele>336.20001220703125</ele>
        <time>2024-10-23T17:28:29.000Z</time>
        <extensions>
          <ns3:TrackPointExtension>
            <ns3:hr>126</ns3:hr>
          </ns3:TrackPointExtension>
        </extensions>
      </trkpt>
      <trkpt lat="44.42595337517559528350830078125" lon="-80.290498249232769012451171875">
        <ele>336.20001220703125</ele>
        <time>2024-10-23T17:28:36.000Z</time>
        <extensions>
          <ns3:TrackPointExtension>
            <ns3:hr>123</ns3:hr>
          </ns3:TrackPointExtension>
        </extensions>
      </trkpt>
      <trkpt lat="44.42595563828945159912109375" lon="-80.29051057063043117523193359375">
        <ele>336.20001220703125</ele>
        <time>2024-10-23T17:28:40.000Z</time>
        <extensions>
          <ns3:TrackPointExtension>
            <ns3:hr>127</ns3:hr>
          </ns3:TrackPointExtension>
        </extensions>
      </trkpt>
      <trkpt lat="44.425956644117832183837890625" lon="-80.29052230529487133026123046875">
        <ele>336.20001220703125</ele>
        <time>2024-10-23T17:28:43.000Z</time>
        <extensions>
          <ns3:TrackPointExtension>
            <ns3:hr>130</ns3:hr>
          </ns3:TrackPointExtension>
        </extensions>
      </trkpt>
      <trkpt lat="44.42594616673886775970458984375" lon="-80.290513336658477783203125">
        <ele>336.20001220703125</ele>
        <time>2024-10-23T17:28:46.000Z</time>
        <extensions>
          <ns3:TrackPointExtension>
            <ns3:hr>128</ns3:hr>
          </ns3:TrackPointExtension>
        </extensions>
      </trkpt>
      <trkpt lat="44.425899647176265716552734375" lon="-80.2904690802097320556640625">
        <ele>336.20001220703125</ele>
        <time>2024-10-23T17:28:57.000Z</time>
        <extensions>
          <ns3:TrackPointExtension>
            <ns3:hr>125</ns3:hr>
          </ns3:TrackPointExtension>
        </extensions>
      </trkpt>
      <trkpt lat="44.4258986413478851318359375" lon="-80.2904690802097320556640625">
        <ele>336.399993896484375</ele>
        <time>2024-10-23T17:28:59.000Z</time>
        <extensions>
          <ns3:TrackPointExtension>
            <ns3:hr>124</ns3:hr>
          </ns3:TrackPointExtension>
        </extensions>
      </trkpt>
      <trkpt lat="44.4258934445679187774658203125" lon="-80.290464721620082855224609375">
        <ele>336.399993896484375</ele>
        <time>2024-10-23T17:29:07.000Z</time>
        <extensions>
          <ns3:TrackPointExtension>
            <ns3:hr>121</ns3:hr>
          </ns3:TrackPointExtension>
        </extensions>
      </trkpt>
      <trkpt lat="44.4258957915008068084716796875" lon="-80.2904588542878627777099609375">
        <ele>336.600006103515625</ele>
        <time>2024-10-23T17:29:12.000Z</time>
        <extensions>
          <ns3:TrackPointExtension>
            <ns3:hr>121</ns3:hr>
          </ns3:TrackPointExtension>
        </extensions>
      </trkpt>
      <trkpt lat="44.42589436657726764678955078125" lon="-80.29043831862509250640869140625">
        <ele>336.79998779296875</ele>
        <time>2024-10-23T17:29:22.000Z</time>
        <extensions>
          <ns3:TrackPointExtension>
            <ns3:hr>118</ns3:hr>
          </ns3:TrackPointExtension>
        </extensions>
      </trkpt>
      <trkpt lat="44.42588296718895435333251953125" lon="-80.2904353849589824676513671875">
        <ele>336.79998779296875</ele>
        <time>2024-10-23T17:29:24.000Z</time>
        <extensions>
          <ns3:TrackPointExtension>
            <ns3:hr>113</ns3:hr>
          </ns3:TrackPointExtension>
        </extensions>
      </trkpt>
      <trkpt lat="44.42586687393486499786376953125" lon="-80.2904555015265941619873046875">
        <ele>337</ele>
        <time>2024-10-23T17:29:29.000Z</time>
        <extensions>
          <ns3:TrackPointExtension>
            <ns3:hr>112</ns3:hr>
          </ns3:TrackPointExtension>
        </extensions>
      </trkpt>
      <trkpt lat="44.42585480399429798126220703125" lon="-80.29045122675597667694091796875">
        <ele>337.399993896484375</ele>
        <time>2024-10-23T17:29:42.000Z</time>
        <extensions>
          <ns3:TrackPointExtension>
            <ns3:hr>109</ns3:hr>
          </ns3:TrackPointExtension>
        </extensions>
      </trkpt>
      <trkpt lat="44.42585044540464878082275390625" lon="-80.290450640022754669189453125">
        <ele>337.399993896484375</ele>
        <time>2024-10-23T17:29:44.000Z</time>
        <extensions>
          <ns3:TrackPointExtension>
            <ns3:hr>112</ns3:hr>
          </ns3:TrackPointExtension>
        </extensions>
      </trkpt>
      <trkpt lat="44.4258503615856170654296875" lon="-80.290450640022754669189453125">
        <ele>337.399993896484375</ele>
        <time>2024-10-23T17:29:45.000Z</time>
        <extensions>
          <ns3:TrackPointExtension>
            <ns3:hr>115</ns3:hr>
          </ns3:TrackPointExtension>
        </extensions>
      </trkpt>
      <trkpt lat="44.4258508644998073577880859375" lon="-80.29044385068118572235107421875">
        <ele>337.20001220703125</ele>
        <time>2024-10-23T17:29:49.000Z</time>
        <extensions>
          <ns3:TrackPointExtension>
            <ns3:hr>115</ns3:hr>
          </ns3:TrackPointExtension>
        </extensions>
      </trkpt>
      <trkpt lat="44.42585396580398082733154296875" lon="-80.29044083319604396820068359375">
        <ele>337.20001220703125</ele>
        <time>2024-10-23T17:29:51.000Z</time>
        <extensions>
          <ns3:TrackPointExtension>
            <ns3:hr>111</ns3:hr>
          </ns3:TrackPointExtension>
        </extensions>
      </trkpt>
      <trkpt lat="44.4258555583655834197998046875" lon="-80.29044066555798053741455078125">
        <ele>337</ele>
        <time>2024-10-23T17:29:52.000Z</time>
        <extensions>
          <ns3:TrackPointExtension>
            <ns3:hr>114</ns3:hr>
          </ns3:TrackPointExtension>
        </extensions>
      </trkpt>
      <trkpt lat="44.425851367413997650146484375" lon="-80.290437899529933929443359375">
        <ele>336.600006103515625</ele>
        <time>2024-10-23T17:30:02.000Z</time>
        <extensions>
          <ns3:TrackPointExtension>
            <ns3:hr>110</ns3:hr>
          </ns3:TrackPointExtension>
        </extensions>
      </trkpt>
      <trkpt lat="44.42584474571049213409423828125" lon="-80.2904355525970458984375">
        <ele>336.600006103515625</ele>
        <time>2024-10-23T17:30:03.000Z</time>
        <extensions>
          <ns3:TrackPointExtension>
            <ns3:hr>113</ns3:hr>
          </ns3:TrackPointExtension>
        </extensions>
      </trkpt>
      <trkpt lat="44.42584122531116008758544921875" lon="-80.290451310575008392333984375">
        <ele>336.600006103515625</ele>
        <time>2024-10-23T17:30:05.000Z</time>
        <extensions>
          <ns3:TrackPointExtension>
            <ns3:hr>108</ns3:hr>
          </ns3:TrackPointExtension>
        </extensions>
      </trkpt>
      <trkpt lat="44.42584139294922351837158203125" lon="-80.29045307077467441558837890625">
        <ele>336.600006103515625</ele>
        <time>2024-10-23T17:30:06.000Z</time>
        <extensions>
          <ns3:TrackPointExtension>
            <ns3:hr>108</ns3:hr>
          </ns3:TrackPointExtension>
        </extensions>
      </trkpt>
      <trkpt lat="44.42583804018795490264892578125" lon="-80.29046011157333850860595703125">
        <ele>336.600006103515625</ele>
        <time>2024-10-23T17:30:12.000Z</time>
        <extensions>
          <ns3:TrackPointExtension>
            <ns3:hr>105</ns3:hr>
          </ns3:TrackPointExtension>
        </extensions>
      </trkpt>
      <trkpt lat="44.42578976042568683624267578125" lon="-80.2904477901756763458251953125">
        <ele>336.600006103515625</ele>
        <time>2024-10-23T17:30:20.000Z</time>
        <extensions>
          <ns3:TrackPointExtension>
            <ns3:hr>108</ns3:hr>
          </ns3:TrackPointExtension>
        </extensions>
      </trkpt>
      <trkpt lat="44.425779618322849273681640625" lon="-80.2904377318918704986572265625">
        <ele>336.600006103515625</ele>
        <time>2024-10-23T17:30:25.000Z</time>
        <extensions>
          <ns3:TrackPointExtension>
            <ns3:hr>106</ns3:hr>
          </ns3:TrackPointExtension>
        </extensions>
      </trkpt>
      <trkpt lat="44.42577919922769069671630859375" lon="-80.290437228977680206298828125">
        <ele>336.600006103515625</ele>
        <time>2024-10-23T17:30:31.000Z</time>
        <extensions>
          <ns3:TrackPointExtension>
            <ns3:hr>103</ns3:hr>
          </ns3:TrackPointExtension>
        </extensions>
      </trkpt>
      <trkpt lat="44.425772912800312042236328125" lon="-80.2904276736080646514892578125">
        <ele>336.600006103515625</ele>
        <time>2024-10-23T17:30:43.000Z</time>
        <extensions>
          <ns3:TrackPointExtension>
            <ns3:hr>99</ns3:hr>
          </ns3:TrackPointExtension>
        </extensions>
      </trkpt>
      <trkpt lat="44.4257730804383754730224609375" lon="-80.2904270030558109283447265625">
        <ele>336.600006103515625</ele>
        <time>2024-10-23T17:30:44.000Z</time>
        <extensions>
          <ns3:TrackPointExtension>
            <ns3:hr>99</ns3:hr>
          </ns3:TrackPointExtension>
        </extensions>
      </trkpt>
      <trkpt lat="44.42577249370515346527099609375" lon="-80.29042826034128665924072265625">
        <ele>336.600006103515625</ele>
        <time>2024-10-23T17:30:50.000Z</time>
        <extensions>
          <ns3:TrackPointExtension>
            <ns3:hr>96</ns3:hr>
          </ns3:TrackPointExtension>
        </extensions>
      </trkpt>
      <trkpt lat="44.4257757626473903656005859375" lon="-80.29042574577033519744873046875">
        <ele>336.600006103515625</ele>
        <time>2024-10-23T17:31:00.000Z</time>
        <extensions>
          <ns3:TrackPointExtension>
            <ns3:hr>101</ns3:hr>
          </ns3:TrackPointExtension>
        </extensions>
      </trkpt>
      <trkpt lat="44.4258408062160015106201171875" lon="-80.290466062724590301513671875">
        <ele>336.600006103515625</ele>
        <time>2024-10-23T17:31:17.000Z</time>
        <extensions>
          <ns3:TrackPointExtension>
            <ns3:hr>102</ns3:hr>
          </ns3:TrackPointExtension>
        </extensions>
      </trkpt>
      <trkpt lat="44.4258337654173374176025390625" lon="-80.29047452844679355621337890625">
        <ele>336.600006103515625</ele>
        <time>2024-10-23T17:31:22.000Z</time>
        <extensions>
          <ns3:TrackPointExtension>
            <ns3:hr>99</ns3:hr>
          </ns3:TrackPointExtension>
        </extensions>
      </trkpt>
      <trkpt lat="44.42582546733319759368896484375" lon="-80.2904705889523029327392578125">
        <ele>336.600006103515625</ele>
        <time>2024-10-23T17:31:24.000Z</time>
        <extensions>
          <ns3:TrackPointExtension>
            <ns3:hr>94</ns3:hr>
          </ns3:TrackPointExtension>
        </extensions>
      </trkpt>
      <trkpt lat="44.42577567882835865020751953125" lon="-80.2904663980007171630859375">
        <ele>336.600006103515625</ele>
        <time>2024-10-23T17:31:34.000Z</time>
        <extensions>
          <ns3:TrackPointExtension>
            <ns3:hr>93</ns3:hr>
          </ns3:TrackPointExtension>
        </extensions>
      </trkpt>
      <trkpt lat="44.42582018673419952392578125" lon="-80.29047486372292041778564453125">
        <ele>336.600006103515625</ele>
        <time>2024-10-23T17:31:49.000Z</time>
        <extensions>
          <ns3:TrackPointExtension>
            <ns3:hr>96</ns3:hr>
          </ns3:TrackPointExtension>
        </extensions>
      </trkpt>
      <trkpt lat="44.4258237071335315704345703125" lon="-80.29047117568552494049072265625">
        <ele>336.600006103515625</ele>
        <time>2024-10-23T17:31:50.000Z</time>
        <extensions>
          <ns3:TrackPointExtension>
            <ns3:hr>94</ns3:hr>
          </ns3:TrackPointExtension>
        </extensions>
      </trkpt>
      <trkpt lat="44.42582999356091022491455078125" lon="-80.29047033749520778656005859375">
        <ele>336.600006103515625</ele>
        <time>2024-10-23T17:31:52.000Z</time>
        <extensions>
          <ns3:TrackPointExtension>
            <ns3:hr>91</ns3:hr>
          </ns3:TrackPointExtension>
        </extensions>
      </trkpt>
      <trkpt lat="44.4258314184844493865966796875" lon="-80.29046715237200260162353515625">
        <ele>336.600006103515625</ele>
        <time>2024-10-23T17:31:53.000Z</time>
        <extensions>
          <ns3:TrackPointExtension>
            <ns3:hr>94</ns3:hr>
          </ns3:TrackPointExtension>
        </extensions>
      </trkpt>
      <trkpt lat="44.42584273405373096466064453125" lon="-80.29046312905848026275634765625">
        <ele>336.600006103515625</ele>
        <time>2024-10-23T17:31:54.000Z</time>
        <extensions>
          <ns3:TrackPointExtension>
            <ns3:hr>97</ns3:hr>
          </ns3:TrackPointExtension>
        </extensions>
      </trkpt>
      <trkpt lat="44.425857067108154296875" lon="-80.29045525006949901580810546875">
        <ele>336.600006103515625</ele>
        <time>2024-10-23T17:31:55.000Z</time>
        <extensions>
          <ns3:TrackPointExtension>
            <ns3:hr>100</ns3:hr>
          </ns3:TrackPointExtension>
        </extensions>
      </trkpt>
      <trkpt lat="44.42586150951683521270751953125" lon="-80.29044804163277149200439453125">
        <ele>336.600006103515625</ele>
        <time>2024-10-23T17:31:56.000Z</time>
        <extensions>
          <ns3:TrackPointExtension>
            <ns3:hr>104</ns3:hr>
          </ns3:TrackPointExtension>
        </extensions>
      </trkpt>
      <trkpt lat="44.42586720921099185943603515625" lon="-80.29044368304312229156494140625">
        <ele>336.600006103515625</ele>
        <time>2024-10-23T17:31:57.000Z</time>
        <extensions>
          <ns3:TrackPointExtension>
            <ns3:hr>104</ns3:hr>
          </ns3:TrackPointExtension>
        </extensions>
      </trkpt>
      <trkpt lat="44.42592487670481204986572265625" lon="-80.2903537452220916748046875">
        <ele>336.600006103515625</ele>
        <time>2024-10-23T17:32:08.000Z</time>
        <extensions>
          <ns3:TrackPointExtension>
            <ns3:hr>106</ns3:hr>
          </ns3:TrackPointExtension>
        </extensions>
      </trkpt>
      <trkpt lat="44.42593242041766643524169921875" lon="-80.29030135832726955413818359375">
        <ele>336.600006103515625</ele>
        <time>2024-10-23T17:32:11.000Z</time>
        <extensions>
          <ns3:TrackPointExtension>
            <ns3:hr>103</ns3:hr>
          </ns3:TrackPointExtension>
        </extensions>
      </trkpt>
      <trkpt lat="44.42592755891382694244384765625" lon="-80.2902652323246002197265625">
        <ele>336.600006103515625</ele>
        <time>2024-10-23T17:32:18.000Z</time>
        <extensions>
          <ns3:TrackPointExtension>
            <ns3:hr>100</ns3:hr>
          </ns3:TrackPointExtension>
        </extensions>
      </trkpt>
      <trkpt lat="44.42590191029012203216552734375" lon="-80.29023815877735614776611328125">
        <ele>336.600006103515625</ele>
        <time>2024-10-23T17:32:23.000Z</time>
        <extensions>
          <ns3:TrackPointExtension>
            <ns3:hr>99</ns3:hr>
          </ns3:TrackPointExtension>
        </extensions>
      </trkpt>
      <trkpt lat="44.42589889280498027801513671875" lon="-80.290209241211414337158203125">
        <ele>336.600006103515625</ele>
        <time>2024-10-23T17:32:29.000Z</time>
        <extensions>
          <ns3:TrackPointExtension>
            <ns3:hr>96</ns3:hr>
          </ns3:TrackPointExtension>
        </extensions>
      </trkpt>
      <trkpt lat="44.42589654587209224700927734375" lon="-80.2901993505656719207763671875">
        <ele>336.600006103515625</ele>
        <time>2024-10-23T17:32:32.000Z</time>
        <extensions>
          <ns3:TrackPointExtension>
            <ns3:hr>93</ns3:hr>
          </ns3:TrackPointExtension>
        </extensions>
      </trkpt>
      <trkpt lat="44.42588062025606632232666015625" lon="-80.2901946566998958587646484375">
        <ele>336.600006103515625</ele>
        <time>2024-10-23T17:32:36.000Z</time>
        <extensions>
          <ns3:TrackPointExtension>
            <ns3:hr>90</ns3:hr>
          </ns3:TrackPointExtension>
        </extensions>
      </trkpt>
      <trkpt lat="44.4258159957826137542724609375" lon="-80.2901983447372913360595703125">
        <ele>336.600006103515625</ele>
        <time>2024-10-23T17:32:42.000Z</time>
        <extensions>
          <ns3:TrackPointExtension>
            <ns3:hr>89</ns3:hr>
          </ns3:TrackPointExtension>
        </extensions>
      </trkpt>
      <trkpt lat="44.42580417729914188385009765625" lon="-80.2901901304721832275390625">
        <ele>336.600006103515625</ele>
        <time>2024-10-23T17:32:48.000Z</time>
        <extensions>
          <ns3:TrackPointExtension>
            <ns3:hr>85</ns3:hr>
          </ns3:TrackPointExtension>
        </extensions>
      </trkpt>
      <trkpt lat="44.42580543458461761474609375" lon="-80.29019038192927837371826171875">
        <ele>336.600006103515625</ele>
        <time>2024-10-23T17:32:49.000Z</time>
        <extensions>
          <ns3:TrackPointExtension>
            <ns3:hr>89</ns3:hr>
          </ns3:TrackPointExtension>
        </extensions>
      </trkpt>
      <trkpt lat="44.4258052669465541839599609375" lon="-80.29018954373896121978759765625">
        <ele>336.600006103515625</ele>
        <time>2024-10-23T17:32:51.000Z</time>
        <extensions>
          <ns3:TrackPointExtension>
            <ns3:hr>85</ns3:hr>
          </ns3:TrackPointExtension>
        </extensions>
      </trkpt>
      <trkpt lat="44.425806440412998199462890625" lon="-80.29019239358603954315185546875">
        <ele>336.600006103515625</ele>
        <time>2024-10-23T17:32:59.000Z</time>
        <extensions>
          <ns3:TrackPointExtension>
            <ns3:hr>88</ns3:hr>
          </ns3:TrackPointExtension>
        </extensions>
      </trkpt>
      <trkpt lat="44.425814487040042877197265625" lon="-80.29019960202276706695556640625">
        <ele>336.600006103515625</ele>
        <time>2024-10-23T17:33:02.000Z</time>
        <extensions>
          <ns3:TrackPointExtension>
            <ns3:hr>89</ns3:hr>
          </ns3:TrackPointExtension>
        </extensions>
      </trkpt>
      <trkpt lat="44.4258183427155017852783203125" lon="-80.290212929248809814453125">
        <ele>336.600006103515625</ele>
        <time>2024-10-23T17:33:06.000Z</time>
        <extensions>
          <ns3:TrackPointExtension>
            <ns3:hr>94</ns3:hr>
          </ns3:TrackPointExtension>
        </extensions>
      </trkpt>
      <trkpt lat="44.42582379095256328582763671875" lon="-80.29021494090557098388671875">
        <ele>336.600006103515625</ele>
        <time>2024-10-23T17:33:07.000Z</time>
        <extensions>
          <ns3:TrackPointExtension>
            <ns3:hr>98</ns3:hr>
          </ns3:TrackPointExtension>
        </extensions>
      </trkpt>
      <trkpt lat="44.425824545323848724365234375" lon="-80.29021955095231533050537109375">
        <ele>336.600006103515625</ele>
        <time>2024-10-23T17:33:08.000Z</time>
        <extensions>
          <ns3:TrackPointExtension>
            <ns3:hr>101</ns3:hr>
          </ns3:TrackPointExtension>
        </extensions>
      </trkpt>
      <trkpt lat="44.42582613788545131683349609375" lon="-80.290225334465503692626953125">
        <ele>336.600006103515625</ele>
        <time>2024-10-23T17:33:09.000Z</time>
        <extensions>
          <ns3:TrackPointExtension>
            <ns3:hr>105</ns3:hr>
          </ns3:TrackPointExtension>
        </extensions>
      </trkpt>
      <trkpt lat="44.42582932300865650177001953125" lon="-80.29022910632193088531494140625">
        <ele>336.600006103515625</ele>
        <time>2024-10-23T17:33:10.000Z</time>
        <extensions>
          <ns3:TrackPointExtension>
            <ns3:hr>109</ns3:hr>
          </ns3:TrackPointExtension>
        </extensions>
      </trkpt>
      <trkpt lat="44.4258287362754344940185546875" lon="-80.29023866169154644012451171875">
        <ele>336.600006103515625</ele>
        <time>2024-10-23T17:33:13.000Z</time>
        <extensions>
          <ns3:TrackPointExtension>
            <ns3:hr>113</ns3:hr>
          </ns3:TrackPointExtension>
        </extensions>
      </trkpt>
      <trkpt lat="44.425811134278774261474609375" lon="-80.2902503125369548797607421875">
        <ele>336.600006103515625</ele>
        <time>2024-10-23T17:33:18.000Z</time>
        <extensions>
          <ns3:TrackPointExtension>
            <ns3:hr>113</ns3:hr>
          </ns3:TrackPointExtension>
        </extensions>
      </trkpt>
      <trkpt lat="44.425790347158908843994140625" lon="-80.29026984237134456634521484375">
        <ele>336.600006103515625</ele>
        <time>2024-10-23T17:33:22.000Z</time>
        <extensions>
          <ns3:TrackPointExtension>
            <ns3:hr>116</ns3:hr>
          </ns3:TrackPointExtension>
        </extensions>
      </trkpt>
      <trkpt lat="44.4257626868784427642822265625" lon="-80.29036112129688262939453125">
        <ele>336.600006103515625</ele>
        <time>2024-10-23T17:33:33.000Z</time>
        <extensions>
          <ns3:TrackPointExtension>
            <ns3:hr>115</ns3:hr>
          </ns3:TrackPointExtension>
        </extensions>
      </trkpt>
      <trkpt lat="44.42576880566775798797607421875" lon="-80.29039037413895130157470703125">
        <ele>336.600006103515625</ele>
        <time>2024-10-23T17:33:42.000Z</time>
        <extensions>
          <ns3:TrackPointExtension>
            <ns3:hr>119</ns3:hr>
          </ns3:TrackPointExtension>
        </extensions>
      </trkpt>
      <trkpt lat="44.42577333189547061920166015625" lon="-80.2903968282043933868408203125">
        <ele>336.600006103515625</ele>
        <time>2024-10-23T17:33:43.000Z</time>
        <extensions>
          <ns3:TrackPointExtension>
            <ns3:hr>113</ns3:hr>
          </ns3:TrackPointExtension>
        </extensions>
      </trkpt>
      <trkpt lat="44.42577651701867580413818359375" lon="-80.29040093533694744110107421875">
        <ele>336.600006103515625</ele>
        <time>2024-10-23T17:33:44.000Z</time>
        <extensions>
          <ns3:TrackPointExtension>
            <ns3:hr>109</ns3:hr>
          </ns3:TrackPointExtension>
        </extensions>
      </trkpt>
      <trkpt lat="44.425772242248058319091796875" lon="-80.29040764085948467254638671875">
        <ele>336.600006103515625</ele>
        <time>2024-10-23T17:33:45.000Z</time>
        <extensions>
          <ns3:TrackPointExtension>
            <ns3:hr>104</ns3:hr>
          </ns3:TrackPointExtension>
        </extensions>
      </trkpt>
      <trkpt lat="44.425766207277774810791015625" lon="-80.2904135920107364654541015625">
        <ele>336.600006103515625</ele>
        <time>2024-10-23T17:33:47.000Z</time>
        <extensions>
          <ns3:TrackPointExtension>
            <ns3:hr>101</ns3:hr>
          </ns3:TrackPointExtension>
        </extensions>
      </trkpt>
      <trkpt lat="44.4257660396397113800048828125" lon="-80.2904140949249267578125">
        <ele>336.600006103515625</ele>
        <time>2024-10-23T17:33:49.000Z</time>
        <extensions>
          <ns3:TrackPointExtension>
            <ns3:hr>97</ns3:hr>
          </ns3:TrackPointExtension>
        </extensions>
      </trkpt>
      <trkpt lat="44.42576494999229907989501953125" lon="-80.29041082598268985748291015625">
        <ele>336.600006103515625</ele>
        <time>2024-10-23T17:33:51.000Z</time>
        <extensions>
          <ns3:TrackPointExtension>
            <ns3:hr>95</ns3:hr>
          </ns3:TrackPointExtension>
        </extensions>
      </trkpt>
      <trkpt lat="44.42576863802969455718994140625" lon="-80.29039205051958560943603515625">
        <ele>336.600006103515625</ele>
        <time>2024-10-23T17:33:57.000Z</time>
        <extensions>
          <ns3:TrackPointExtension>
            <ns3:hr>98</ns3:hr>
          </ns3:TrackPointExtension>
        </extensions>
      </trkpt>
      <trkpt lat="44.42578121088445186614990234375" lon="-80.29042004607617855072021484375">
        <ele>336.600006103515625</ele>
        <time>2024-10-23T17:34:04.000Z</time>
        <extensions>
          <ns3:TrackPointExtension>
            <ns3:hr>95</ns3:hr>
          </ns3:TrackPointExtension>
        </extensions>
      </trkpt>
      <trkpt lat="44.4257817976176738739013671875" lon="-80.29042306356132030487060546875">
        <ele>336.600006103515625</ele>
        <time>2024-10-23T17:34:06.000Z</time>
        <extensions>
          <ns3:TrackPointExtension>
            <ns3:hr>98</ns3:hr>
          </ns3:TrackPointExtension>
        </extensions>
      </trkpt>
      <trkpt lat="44.42577601410448551177978515625" lon="-80.2904243208467960357666015625">
        <ele>336.600006103515625</ele>
        <time>2024-10-23T17:34:07.000Z</time>
        <extensions>
          <ns3:TrackPointExtension>
            <ns3:hr>100</ns3:hr>
          </ns3:TrackPointExtension>
        </extensions>
      </trkpt>
      <trkpt lat="44.4257645308971405029296875" lon="-80.29044133611023426055908203125">
        <ele>336.600006103515625</ele>
        <time>2024-10-23T17:34:22.000Z</time>
        <extensions>
          <ns3:TrackPointExtension>
            <ns3:hr>97</ns3:hr>
          </ns3:TrackPointExtension>
        </extensions>
      </trkpt>
      <trkpt lat="44.42577148787677288055419921875" lon="-80.29043362475931644439697265625">
        <ele>336.600006103515625</ele>
        <time>2024-10-23T17:34:24.000Z</time>
        <extensions>
          <ns3:TrackPointExtension>
            <ns3:hr>97</ns3:hr>
          </ns3:TrackPointExtension>
        </extensions>
      </trkpt>
      <trkpt lat="44.42579830996692180633544921875" lon="-80.29039691202342510223388671875">
        <ele>336.600006103515625</ele>
        <time>2024-10-23T17:34:36.000Z</time>
        <extensions>
          <ns3:TrackPointExtension>
            <ns3:hr>94</ns3:hr>
          </ns3:TrackPointExtension>
        </extensions>
      </trkpt>
      <trkpt lat="44.4258086197078227996826171875" lon="-80.2903884463012218475341796875">
        <ele>336.600006103515625</ele>
        <time>2024-10-23T17:34:40.000Z</time>
        <extensions>
          <ns3:TrackPointExtension>
            <ns3:hr>94</ns3:hr>
          </ns3:TrackPointExtension>
        </extensions>
      </trkpt>
      <trkpt lat="44.42580434493720531463623046875" lon="-80.29037830419838428497314453125">
        <ele>336.600006103515625</ele>
        <time>2024-10-23T17:34:42.000Z</time>
        <extensions>
          <ns3:TrackPointExtension>
            <ns3:hr>97</ns3:hr>
          </ns3:TrackPointExtension>
        </extensions>
      </trkpt>
      <trkpt lat="44.4258062727749347686767578125" lon="-80.2903643064200878143310546875">
        <ele>336.600006103515625</ele>
        <time>2024-10-23T17:34:45.000Z</time>
        <extensions>
          <ns3:TrackPointExtension>
            <ns3:hr>101</ns3:hr>
          </ns3:TrackPointExtension>
        </extensions>
      </trkpt>
      <trkpt lat="44.4258270598948001861572265625" lon="-80.29037344269454479217529296875">
        <ele>336.600006103515625</ele>
        <time>2024-10-23T17:34:57.000Z</time>
        <extensions>
          <ns3:TrackPointExtension>
            <ns3:hr>104</ns3:hr>
          </ns3:TrackPointExtension>
        </extensions>
      </trkpt>
      <trkpt lat="44.4258565641939640045166015625" lon="-80.29039137996733188629150390625">
        <ele>336.600006103515625</ele>
        <time>2024-10-23T17:34:59.000Z</time>
        <extensions>
          <ns3:TrackPointExtension>
            <ns3:hr>106</ns3:hr>
          </ns3:TrackPointExtension>
        </extensions>
      </trkpt>
      <trkpt lat="44.42586402408778667449951171875" lon="-80.29038903303444385528564453125">
        <ele>336.600006103515625</ele>
        <time>2024-10-23T17:35:02.000Z</time>
        <extensions>
          <ns3:TrackPointExtension>
            <ns3:hr>109</ns3:hr>
          </ns3:TrackPointExtension>
        </extensions>
      </trkpt>
      <trkpt lat="44.42586570046842098236083984375" lon="-80.2903978340327739715576171875">
        <ele>336.600006103515625</ele>
        <time>2024-10-23T17:35:04.000Z</time>
        <extensions>
          <ns3:TrackPointExtension>
            <ns3:hr>106</ns3:hr>
          </ns3:TrackPointExtension>
        </extensions>
      </trkpt>
      <trkpt lat="44.4257794506847858428955078125" lon="-80.29040998779237270355224609375">
        <ele>336.600006103515625</ele>
        <time>2024-10-23T17:35:14.000Z</time>
        <extensions>
          <ns3:TrackPointExtension>
            <ns3:hr>105</ns3:hr>
          </ns3:TrackPointExtension>
        </extensions>
      </trkpt>
      <trkpt lat="44.425828568637371063232421875" lon="-80.290344692766666412353515625">
        <ele>336.600006103515625</ele>
        <time>2024-10-23T17:35:27.000Z</time>
        <extensions>
          <ns3:TrackPointExtension>
            <ns3:hr>104</ns3:hr>
          </ns3:TrackPointExtension>
        </extensions>
      </trkpt>
      <trkpt lat="44.42588447593152523040771484375" lon="-80.29028224758803844451904296875">
        <ele>336.600006103515625</ele>
        <time>2024-10-23T17:35:38.000Z</time>
        <extensions>
          <ns3:TrackPointExtension>
            <ns3:hr>101</ns3:hr>
          </ns3:TrackPointExtension>
        </extensions>
      </trkpt>
      <trkpt lat="44.42592638544738292694091796875" lon="-80.2902679145336151123046875">
        <ele>336.600006103515625</ele>
        <time>2024-10-23T17:35:43.000Z</time>
        <extensions>
          <ns3:TrackPointExtension>
            <ns3:hr>103</ns3:hr>
          </ns3:TrackPointExtension>
        </extensions>
      </trkpt>
      <trkpt lat="44.425949268043041229248046875" lon="-80.2902546711266040802001953125">
        <ele>336.600006103515625</ele>
        <time>2024-10-23T17:35:46.000Z</time>
        <extensions>
          <ns3:TrackPointExtension>
            <ns3:hr>98</ns3:hr>
          </ns3:TrackPointExtension>
        </extensions>
      </trkpt>
      <trkpt lat="44.4260503537952899932861328125" lon="-80.290195159614086151123046875">
        <ele>336.600006103515625</ele>
        <time>2024-10-23T17:35:57.000Z</time>
        <extensions>
          <ns3:TrackPointExtension>
            <ns3:hr>101</ns3:hr>
          </ns3:TrackPointExtension>
        </extensions>
      </trkpt>
      <trkpt lat="44.42608480341732501983642578125" lon="-80.290183089673519134521484375">
        <ele>336.600006103515625</ele>
        <time>2024-10-23T17:36:00.000Z</time>
        <extensions>
          <ns3:TrackPointExtension>
            <ns3:hr>104</ns3:hr>
          </ns3:TrackPointExtension>
        </extensions>
      </trkpt>
      <trkpt lat="44.4260909222066402435302734375" lon="-80.29017663560807704925537109375">
        <ele>336.600006103515625</ele>
        <time>2024-10-23T17:36:01.000Z</time>
        <extensions>
          <ns3:TrackPointExtension>
            <ns3:hr>104</ns3:hr>
          </ns3:TrackPointExtension>
        </extensions>
      </trkpt>
      <trkpt lat="44.42611363716423511505126953125" lon="-80.29016657732427120208740234375">
        <ele>336.600006103515625</ele>
        <time>2024-10-23T17:36:04.000Z</time>
        <extensions>
          <ns3:TrackPointExtension>
            <ns3:hr>107</ns3:hr>
          </ns3:TrackPointExtension>
        </extensions>
      </trkpt>
      <trkpt lat="44.42611330188810825347900390625" lon="-80.29016909189522266387939453125">
        <ele>341.399993896484375</ele>
        <time>2024-10-23T17:36:05.000Z</time>
        <extensions>
          <ns3:TrackPointExtension>
            <ns3:hr>107</ns3:hr>
          </ns3:TrackPointExtension>
        </extensions>
      </trkpt>
      <trkpt lat="44.42611925303936004638671875" lon="-80.290164984762668609619140625">
        <ele>340</ele>
        <time>2024-10-23T17:36:07.000Z</time>
        <extensions>
          <ns3:TrackPointExtension>
            <ns3:hr>108</ns3:hr>
          </ns3:TrackPointExtension>
        </extensions>
      </trkpt>
      <trkpt lat="44.42619896493852138519287109375" lon="-80.29012768529355525970458984375">
        <ele>340.399993896484375</ele>
        <time>2024-10-23T17:36:16.000Z</time>
        <extensions>
          <ns3:TrackPointExtension>
            <ns3:hr>110</ns3:hr>
          </ns3:TrackPointExtension>
        </extensions>
      </trkpt>
      <trkpt lat="44.4262961111962795257568359375" lon="-80.290042273700237274169921875">
        <ele>340.399993896484375</ele>
        <time>2024-10-23T17:36:26.000Z</time>
        <extensions>
          <ns3:TrackPointExtension>
            <ns3:hr>113</ns3:hr>
          </ns3:TrackPointExtension>
        </extensions>
      </trkpt>
      <trkpt lat="44.4263571314513683319091796875" lon="-80.28997496701776981353759765625">
        <ele>340.600006103515625</ele>
        <time>2024-10-23T17:36:33.000Z</time>
        <extensions>
          <ns3:TrackPointExtension>
            <ns3:hr>113</ns3:hr>
          </ns3:TrackPointExtension>
        </extensions>
      </trkpt>
      <trkpt lat="44.426410607993602752685546875" lon="-80.28994345106184482574462890625">
        <ele>341</ele>
        <time>2024-10-23T17:36:39.000Z</time>
        <extensions>
          <ns3:TrackPointExtension>
            <ns3:hr>112</ns3:hr>
          </ns3:TrackPointExtension>
        </extensions>
      </trkpt>
      <trkpt lat="44.4264624081552028656005859375" lon="-80.28987287543714046478271484375">
        <ele>341.399993896484375</ele>
        <time>2024-10-23T17:36:51.000Z</time>
        <extensions>
          <ns3:TrackPointExtension>
            <ns3:hr>112</ns3:hr>
          </ns3:TrackPointExtension>
        </extensions>
      </trkpt>
      <trkpt lat="44.4265237636864185333251953125" lon="-80.28986415825784206390380859375">
        <ele>341.79998779296875</ele>
        <time>2024-10-23T17:37:02.000Z</time>
        <extensions>
          <ns3:TrackPointExtension>
            <ns3:hr>117</ns3:hr>
          </ns3:TrackPointExtension>
        </extensions>
      </trkpt>
      <trkpt lat="44.42653499543666839599609375" lon="-80.2898573689162731170654296875">
        <ele>341.79998779296875</ele>
        <time>2024-10-23T17:37:04.000Z</time>
        <extensions>
          <ns3:TrackPointExtension>
            <ns3:hr>121</ns3:hr>
          </ns3:TrackPointExtension>
        </extensions>
      </trkpt>
      <trkpt lat="44.4265423715114593505859375" lon="-80.2898570336401462554931640625">
        <ele>342</ele>
        <time>2024-10-23T17:37:05.000Z</time>
        <extensions>
          <ns3:TrackPointExtension>
            <ns3:hr>122</ns3:hr>
          </ns3:TrackPointExtension>
        </extensions>
      </trkpt>
      <trkpt lat="44.42654832266271114349365234375" lon="-80.2898573689162731170654296875">
        <ele>342</ele>
        <time>2024-10-23T17:37:06.000Z</time>
        <extensions>
          <ns3:TrackPointExtension>
            <ns3:hr>125</ns3:hr>
          </ns3:TrackPointExtension>
        </extensions>
      </trkpt>
      <trkpt lat="44.4265546090900897979736328125" lon="-80.289853177964687347412109375">
        <ele>342</ele>
        <time>2024-10-23T17:37:07.000Z</time>
        <extensions>
          <ns3:TrackPointExtension>
            <ns3:hr>122</ns3:hr>
          </ns3:TrackPointExtension>
        </extensions>
      </trkpt>
      <trkpt lat="44.42656575702130794525146484375" lon="-80.2898429520428180694580078125">
        <ele>342.20001220703125</ele>
        <time>2024-10-23T17:37:09.000Z</time>
        <extensions>
          <ns3:TrackPointExtension>
            <ns3:hr>125</ns3:hr>
          </ns3:TrackPointExtension>
        </extensions>
      </trkpt>
      <trkpt lat="44.42659928463399410247802734375" lon="-80.28982828371226787567138671875">
        <ele>342.399993896484375</ele>
        <time>2024-10-23T17:37:14.000Z</time>
        <extensions>
          <ns3:TrackPointExtension>
            <ns3:hr>121</ns3:hr>
          </ns3:TrackPointExtension>
        </extensions>
      </trkpt>
      <trkpt lat="44.426675140857696533203125" lon="-80.28987287543714046478271484375">
        <ele>342.600006103515625</ele>
        <time>2024-10-23T17:37:24.000Z</time>
        <extensions>
          <ns3:TrackPointExtension>
            <ns3:hr>121</ns3:hr>
          </ns3:TrackPointExtension>
        </extensions>
      </trkpt>
      <trkpt lat="44.42669735290110111236572265625" lon="-80.289875976741313934326171875">
        <ele>342.79998779296875</ele>
        <time>2024-10-23T17:37:28.000Z</time>
        <extensions>
          <ns3:TrackPointExtension>
            <ns3:hr>116</ns3:hr>
          </ns3:TrackPointExtension>
        </extensions>
      </trkpt>
      <trkpt lat="44.42672031931579113006591796875" lon="-80.28988796286284923553466796875">
        <ele>342.79998779296875</ele>
        <time>2024-10-23T17:37:30.000Z</time>
        <extensions>
          <ns3:TrackPointExtension>
            <ns3:hr>111</ns3:hr>
          </ns3:TrackPointExtension>
        </extensions>
      </trkpt>
      <trkpt lat="44.4267312996089458465576171875" lon="-80.2898955903947353363037109375">
        <ele>343</ele>
        <time>2024-10-23T17:37:31.000Z</time>
        <extensions>
          <ns3:TrackPointExtension>
            <ns3:hr>109</ns3:hr>
          </ns3:TrackPointExtension>
        </extensions>
      </trkpt>
      <trkpt lat="44.4267784059047698974609375" lon="-80.2899079956114292144775390625">
        <ele>343.600006103515625</ele>
        <time>2024-10-23T17:37:36.000Z</time>
        <extensions>
          <ns3:TrackPointExtension>
            <ns3:hr>106</ns3:hr>
          </ns3:TrackPointExtension>
        </extensions>
      </trkpt>
      <trkpt lat="44.426798522472381591796875" lon="-80.289906822144985198974609375">
        <ele>344</ele>
        <time>2024-10-23T17:37:38.000Z</time>
        <extensions>
          <ns3:TrackPointExtension>
            <ns3:hr>106</ns3:hr>
          </ns3:TrackPointExtension>
        </extensions>
      </trkpt>
      <trkpt lat="44.42680849693715572357177734375" lon="-80.28990740887820720672607421875">
        <ele>344.20001220703125</ele>
        <time>2024-10-23T17:37:39.000Z</time>
        <extensions>
          <ns3:TrackPointExtension>
            <ns3:hr>106</ns3:hr>
          </ns3:TrackPointExtension>
        </extensions>
      </trkpt>
      <trkpt lat="44.4269046373665332794189453125" lon="-80.2899190597236156463623046875">
        <ele>345</ele>
        <time>2024-10-23T17:37:48.000Z</time>
        <extensions>
          <ns3:TrackPointExtension>
            <ns3:hr>105</ns3:hr>
          </ns3:TrackPointExtension>
        </extensions>
      </trkpt>
      <trkpt lat="44.4269334711134433746337890625" lon="-80.28991411440074443817138671875">
        <ele>345.20001220703125</ele>
        <time>2024-10-23T17:37:54.000Z</time>
        <extensions>
          <ns3:TrackPointExtension>
            <ns3:hr>104</ns3:hr>
          </ns3:TrackPointExtension>
        </extensions>
      </trkpt>
      <trkpt lat="44.42696523852646350860595703125" lon="-80.2899244241416454315185546875">
        <ele>345.399993896484375</ele>
        <time>2024-10-23T17:37:58.000Z</time>
        <extensions>
          <ns3:TrackPointExtension>
            <ns3:hr>107</ns3:hr>
          </ns3:TrackPointExtension>
        </extensions>
      </trkpt>
      <trkpt lat="44.42698585800826549530029296875" lon="-80.289935655891895294189453125">
        <ele>345.600006103515625</ele>
        <time>2024-10-23T17:38:00.000Z</time>
        <extensions>
          <ns3:TrackPointExtension>
            <ns3:hr>111</ns3:hr>
          </ns3:TrackPointExtension>
        </extensions>
      </trkpt>
      <trkpt lat="44.42699977196753025054931640625" lon="-80.2899431996047496795654296875">
        <ele>345.79998779296875</ele>
        <time>2024-10-23T17:38:02.000Z</time>
        <extensions>
          <ns3:TrackPointExtension>
            <ns3:hr>114</ns3:hr>
          </ns3:TrackPointExtension>
        </extensions>
      </trkpt>
      <trkpt lat="44.4269767217338085174560546875" lon="-80.28996122069656848907470703125">
        <ele>345.79998779296875</ele>
        <time>2024-10-23T17:38:08.000Z</time>
        <extensions>
          <ns3:TrackPointExtension>
            <ns3:hr>116</ns3:hr>
          </ns3:TrackPointExtension>
        </extensions>
      </trkpt>
      <trkpt lat="44.427034892141819000244140625" lon="-80.29003095813095569610595703125">
        <ele>346.20001220703125</ele>
        <time>2024-10-23T17:38:16.000Z</time>
        <extensions>
          <ns3:TrackPointExtension>
            <ns3:hr>114</ns3:hr>
          </ns3:TrackPointExtension>
        </extensions>
      </trkpt>
      <trkpt lat="44.427056349813938140869140625" lon="-80.29004998505115509033203125">
        <ele>346.399993896484375</ele>
        <time>2024-10-23T17:38:21.000Z</time>
        <extensions>
          <ns3:TrackPointExtension>
            <ns3:hr>112</ns3:hr>
          </ns3:TrackPointExtension>
        </extensions>
      </trkpt>
      <trkpt lat="44.42713656462728977203369140625" lon="-80.29007546603679656982421875">
        <ele>347.20001220703125</ele>
        <time>2024-10-23T17:38:30.000Z</time>
        <extensions>
          <ns3:TrackPointExtension>
            <ns3:hr>112</ns3:hr>
          </ns3:TrackPointExtension>
        </extensions>
      </trkpt>
      <trkpt lat="44.4271601177752017974853515625" lon="-80.29007571749389171600341796875">
        <ele>347.600006103515625</ele>
        <time>2024-10-23T17:38:34.000Z</time>
        <extensions>
          <ns3:TrackPointExtension>
            <ns3:hr>113</ns3:hr>
          </ns3:TrackPointExtension>
        </extensions>
      </trkpt>
      <trkpt lat="44.4271879456937313079833984375" lon="-80.2900484763085842132568359375">
        <ele>348.399993896484375</ele>
        <time>2024-10-23T17:38:39.000Z</time>
        <extensions>
          <ns3:TrackPointExtension>
            <ns3:hr>115</ns3:hr>
          </ns3:TrackPointExtension>
        </extensions>
      </trkpt>
      <trkpt lat="44.42725810222327709197998046875" lon="-80.2900397591292858123779296875">
        <ele>349</ele>
        <time>2024-10-23T17:38:48.000Z</time>
        <extensions>
          <ns3:TrackPointExtension>
            <ns3:hr>114</ns3:hr>
          </ns3:TrackPointExtension>
        </extensions>
      </trkpt>
      <trkpt lat="44.42729330621659755706787109375" lon="-80.29003255069255828857421875">
        <ele>349.399993896484375</ele>
        <time>2024-10-23T17:38:53.000Z</time>
        <extensions>
          <ns3:TrackPointExtension>
            <ns3:hr>113</ns3:hr>
          </ns3:TrackPointExtension>
        </extensions>
      </trkpt>
      <trkpt lat="44.42743244580924510955810546875" lon="-80.29009583406150341033935546875">
        <ele>350.399993896484375</ele>
        <time>2024-10-23T17:39:03.000Z</time>
        <extensions>
          <ns3:TrackPointExtension>
            <ns3:hr>116</ns3:hr>
          </ns3:TrackPointExtension>
        </extensions>
      </trkpt>
      <trkpt lat="44.42746303975582122802734375" lon="-80.29011226259171962738037109375">
        <ele>350.399993896484375</ele>
        <time>2024-10-23T17:39:05.000Z</time>
        <extensions>
          <ns3:TrackPointExtension>
            <ns3:hr>117</ns3:hr>
          </ns3:TrackPointExtension>
        </extensions>
      </trkpt>
      <trkpt lat="44.4275305978953838348388671875" lon="-80.29014386236667633056640625">
        <ele>350.600006103515625</ele>
        <time>2024-10-23T17:39:13.000Z</time>
        <extensions>
          <ns3:TrackPointExtension>
            <ns3:hr>114</ns3:hr>
          </ns3:TrackPointExtension>
        </extensions>
      </trkpt>
      <trkpt lat="44.4275218807160854339599609375" lon="-80.29016607441008090972900390625">
        <ele>351</ele>
        <time>2024-10-23T17:39:16.000Z</time>
        <extensions>
          <ns3:TrackPointExtension>
            <ns3:hr>111</ns3:hr>
          </ns3:TrackPointExtension>
        </extensions>
      </trkpt>
      <trkpt lat="44.4275145046412944793701171875" lon="-80.29017512686550617218017578125">
        <ele>351</ele>
        <time>2024-10-23T17:39:19.000Z</time>
        <extensions>
          <ns3:TrackPointExtension>
            <ns3:hr>111</ns3:hr>
          </ns3:TrackPointExtension>
        </extensions>
      </trkpt>
      <trkpt lat="44.42752280272543430328369140625" lon="-80.2902191318571567535400390625">
        <ele>351</ele>
        <time>2024-10-23T17:39:33.000Z</time>
        <extensions>
          <ns3:TrackPointExtension>
            <ns3:hr>111</ns3:hr>
          </ns3:TrackPointExtension>
        </extensions>
      </trkpt>
      <trkpt lat="44.42748474888503551483154296875" lon="-80.29024419374763965606689453125">
        <ele>351.20001220703125</ele>
        <time>2024-10-23T17:39:44.000Z</time>
        <extensions>
          <ns3:TrackPointExtension>
            <ns3:hr>108</ns3:hr>
          </ns3:TrackPointExtension>
        </extensions>
      </trkpt>
      <trkpt lat="44.427474774420261383056640625" lon="-80.2902516536414623260498046875">
        <ele>351.20001220703125</ele>
        <time>2024-10-23T17:39:46.000Z</time>
        <extensions>
          <ns3:TrackPointExtension>
            <ns3:hr>107</ns3:hr>
          </ns3:TrackPointExtension>
        </extensions>
      </trkpt>
      <trkpt lat="44.42746044136583805084228515625" lon="-80.2902545034885406494140625">
        <ele>351.399993896484375</ele>
        <time>2024-10-23T17:39:53.000Z</time>
        <extensions>
          <ns3:TrackPointExtension>
            <ns3:hr>104</ns3:hr>
          </ns3:TrackPointExtension>
        </extensions>
      </trkpt>
      <trkpt lat="44.4275222159922122955322265625" lon="-80.29017194174230098724365234375">
        <ele>351.600006103515625</ele>
        <time>2024-10-23T17:40:01.000Z</time>
        <extensions>
          <ns3:TrackPointExtension>
            <ns3:hr>102</ns3:hr>
          </ns3:TrackPointExtension>
        </extensions>
      </trkpt>
      <trkpt lat="44.42754241637885570526123046875" lon="-80.29014914296567440032958984375">
        <ele>351.600006103515625</ele>
        <time>2024-10-23T17:40:06.000Z</time>
        <extensions>
          <ns3:TrackPointExtension>
            <ns3:hr>99</ns3:hr>
          </ns3:TrackPointExtension>
        </extensions>
      </trkpt>
      <trkpt lat="44.42754744552075862884521484375" lon="-80.2901416830718517303466796875">
        <ele>351.600006103515625</ele>
        <time>2024-10-23T17:40:10.000Z</time>
        <extensions>
          <ns3:TrackPointExtension>
            <ns3:hr>96</ns3:hr>
          </ns3:TrackPointExtension>
        </extensions>
      </trkpt>
      <trkpt lat="44.427543841302394866943359375" lon="-80.29012919403612613677978515625">
        <ele>351.79998779296875</ele>
        <time>2024-10-23T17:40:19.000Z</time>
        <extensions>
          <ns3:TrackPointExtension>
            <ns3:hr>94</ns3:hr>
          </ns3:TrackPointExtension>
        </extensions>
      </trkpt>
      <trkpt lat="44.427542500197887420654296875" lon="-80.2901078201830387115478515625">
        <ele>351.79998779296875</ele>
        <time>2024-10-23T17:40:26.000Z</time>
        <extensions>
          <ns3:TrackPointExtension>
            <ns3:hr>97</ns3:hr>
          </ns3:TrackPointExtension>
        </extensions>
      </trkpt>
      <trkpt lat="44.4276286661624908447265625" lon="-80.29009114019572734832763671875">
        <ele>351.79998779296875</ele>
        <time>2024-10-23T17:40:33.000Z</time>
        <extensions>
          <ns3:TrackPointExtension>
            <ns3:hr>99</ns3:hr>
          </ns3:TrackPointExtension>
        </extensions>
      </trkpt>
      <trkpt lat="44.42770100198686122894287109375" lon="-80.29012751765549182891845703125">
        <ele>352.20001220703125</ele>
        <time>2024-10-23T17:40:43.000Z</time>
        <extensions>
          <ns3:TrackPointExtension>
            <ns3:hr>95</ns3:hr>
          </ns3:TrackPointExtension>
        </extensions>
      </trkpt>
      <trkpt lat="44.427715502679347991943359375" lon="-80.2901527471840381622314453125">
        <ele>352.600006103515625</ele>
        <time>2024-10-23T17:40:45.000Z</time>
        <extensions>
          <ns3:TrackPointExtension>
            <ns3:hr>98</ns3:hr>
          </ns3:TrackPointExtension>
        </extensions>
      </trkpt>
      <trkpt lat="44.42775565199553966522216796875" lon="-80.29018007218837738037109375">
        <ele>352.600006103515625</ele>
        <time>2024-10-23T17:40:49.000Z</time>
        <extensions>
          <ns3:TrackPointExtension>
            <ns3:hr>97</ns3:hr>
          </ns3:TrackPointExtension>
        </extensions>
      </trkpt>
      <trkpt lat="44.427874423563480377197265625" lon="-80.2902786433696746826171875">
        <ele>353.20001220703125</ele>
        <time>2024-10-23T17:41:04.000Z</time>
        <extensions>
          <ns3:TrackPointExtension>
            <ns3:hr>100</ns3:hr>
          </ns3:TrackPointExtension>
        </extensions>
      </trkpt>
      <trkpt lat="44.427920021116733551025390625" lon="-80.29033253900706768035888671875">
        <ele>353.600006103515625</ele>
        <time>2024-10-23T17:41:10.000Z</time>
        <extensions>
          <ns3:TrackPointExtension>
            <ns3:hr>99</ns3:hr>
          </ns3:TrackPointExtension>
        </extensions>
      </trkpt>
      <trkpt lat="44.4279473461210727691650390625" lon="-80.2903475426137447357177734375">
        <ele>353.79998779296875</ele>
        <time>2024-10-23T17:41:14.000Z</time>
        <extensions>
          <ns3:TrackPointExtension>
            <ns3:hr>102</ns3:hr>
          </ns3:TrackPointExtension>
        </extensions>
      </trkpt>
      <trkpt lat="44.42796193063259124755859375" lon="-80.290343351662158966064453125">
        <ele>354.20001220703125</ele>
        <time>2024-10-23T17:41:17.000Z</time>
        <extensions>
          <ns3:TrackPointExtension>
            <ns3:hr>105</ns3:hr>
          </ns3:TrackPointExtension>
        </extensions>
      </trkpt>
      <trkpt lat="44.4279848970472812652587890625" lon="-80.290341675281524658203125">
        <ele>354.600006103515625</ele>
        <time>2024-10-23T17:41:21.000Z</time>
        <extensions>
          <ns3:TrackPointExtension>
            <ns3:hr>107</ns3:hr>
          </ns3:TrackPointExtension>
        </extensions>
      </trkpt>
      <trkpt lat="44.42803569138050079345703125" lon="-80.29033505357801914215087890625">
        <ele>355.20001220703125</ele>
        <time>2024-10-23T17:41:26.000Z</time>
        <extensions>
          <ns3:TrackPointExtension>
            <ns3:hr>104</ns3:hr>
          </ns3:TrackPointExtension>
        </extensions>
      </trkpt>
      <trkpt lat="44.42805857397615909576416015625" lon="-80.290330946445465087890625">
        <ele>355.600006103515625</ele>
        <time>2024-10-23T17:41:30.000Z</time>
        <extensions>
          <ns3:TrackPointExtension>
            <ns3:hr>106</ns3:hr>
          </ns3:TrackPointExtension>
        </extensions>
      </trkpt>
      <trkpt lat="44.42809126339852809906005859375" lon="-80.29033203609287738800048828125">
        <ele>356.20001220703125</ele>
        <time>2024-10-23T17:41:33.000Z</time>
        <extensions>
          <ns3:TrackPointExtension>
            <ns3:hr>106</ns3:hr>
          </ns3:TrackPointExtension>
        </extensions>
      </trkpt>
      <trkpt lat="44.42814842797815799713134765625" lon="-80.29034234583377838134765625">
        <ele>356.79998779296875</ele>
        <time>2024-10-23T17:41:41.000Z</time>
        <extensions>
          <ns3:TrackPointExtension>
            <ns3:hr>108</ns3:hr>
          </ns3:TrackPointExtension>
        </extensions>
      </trkpt>
      <trkpt lat="44.4281465001404285430908203125" lon="-80.2903639711439609527587890625">
        <ele>357</ele>
        <time>2024-10-23T17:41:44.000Z</time>
        <extensions>
          <ns3:TrackPointExtension>
            <ns3:hr>114</ns3:hr>
          </ns3:TrackPointExtension>
        </extensions>
      </trkpt>
      <trkpt lat="44.4281543791294097900390625" lon="-80.29036673717200756072998046875">
        <ele>357.20001220703125</ele>
        <time>2024-10-23T17:41:48.000Z</time>
        <extensions>
          <ns3:TrackPointExtension>
            <ns3:hr>115</ns3:hr>
          </ns3:TrackPointExtension>
        </extensions>
      </trkpt>
      <trkpt lat="44.42815261892974376678466796875" lon="-80.29039741493761539459228515625">
        <ele>357.20001220703125</ele>
        <time>2024-10-23T17:41:53.000Z</time>
        <extensions>
          <ns3:TrackPointExtension>
            <ns3:hr>118</ns3:hr>
          </ns3:TrackPointExtension>
        </extensions>
      </trkpt>
      <trkpt lat="44.4281518645584583282470703125" lon="-80.29040361754596233367919921875">
        <ele>357.20001220703125</ele>
        <time>2024-10-23T17:41:55.000Z</time>
        <extensions>
          <ns3:TrackPointExtension>
            <ns3:hr>115</ns3:hr>
          </ns3:TrackPointExtension>
        </extensions>
      </trkpt>
      <trkpt lat="44.42814054898917675018310546875" lon="-80.29043932445347309112548828125">
        <ele>357.20001220703125</ele>
        <time>2024-10-23T17:42:04.000Z</time>
        <extensions>
          <ns3:TrackPointExtension>
            <ns3:hr>112</ns3:hr>
          </ns3:TrackPointExtension>
        </extensions>
      </trkpt>
      <trkpt lat="44.42814658395946025848388671875" lon="-80.2904424257576465606689453125">
        <ele>357.20001220703125</ele>
        <time>2024-10-23T17:42:05.000Z</time>
        <extensions>
          <ns3:TrackPointExtension>
            <ns3:hr>112</ns3:hr>
          </ns3:TrackPointExtension>
        </extensions>
      </trkpt>
      <trkpt lat="44.428181536495685577392578125" lon="-80.29048576019704341888427734375">
        <ele>357.20001220703125</ele>
        <time>2024-10-23T17:42:15.000Z</time>
        <extensions>
          <ns3:TrackPointExtension>
            <ns3:hr>109</ns3:hr>
          </ns3:TrackPointExtension>
        </extensions>
      </trkpt>
      <trkpt lat="44.42817944101989269256591796875" lon="-80.29047855176031589508056640625">
        <ele>357.399993896484375</ele>
        <time>2024-10-23T17:42:21.000Z</time>
        <extensions>
          <ns3:TrackPointExtension>
            <ns3:hr>108</ns3:hr>
          </ns3:TrackPointExtension>
        </extensions>
      </trkpt>
      <trkpt lat="44.4281830452382564544677734375" lon="-80.29047645628452301025390625">
        <ele>357.399993896484375</ele>
        <time>2024-10-23T17:42:25.000Z</time>
        <extensions>
          <ns3:TrackPointExtension>
            <ns3:hr>105</ns3:hr>
          </ns3:TrackPointExtension>
        </extensions>
      </trkpt>
      <trkpt lat="44.42821481265127658843994140625" lon="-80.29048156924545764923095703125">
        <ele>357.399993896484375</ele>
        <time>2024-10-23T17:42:32.000Z</time>
        <extensions>
          <ns3:TrackPointExtension>
            <ns3:hr>109</ns3:hr>
          </ns3:TrackPointExtension>
        </extensions>
      </trkpt>
      <trkpt lat="44.4282360188663005828857421875" lon="-80.2904907055199146270751953125">
        <ele>357.399993896484375</ele>
        <time>2024-10-23T17:42:34.000Z</time>
        <extensions>
          <ns3:TrackPointExtension>
            <ns3:hr>114</ns3:hr>
          </ns3:TrackPointExtension>
        </extensions>
      </trkpt>
      <trkpt lat="44.42824431695044040679931640625" lon="-80.29049179516732692718505859375">
        <ele>357.399993896484375</ele>
        <time>2024-10-23T17:42:35.000Z</time>
        <extensions>
          <ns3:TrackPointExtension>
            <ns3:hr>116</ns3:hr>
          </ns3:TrackPointExtension>
        </extensions>
      </trkpt>
      <trkpt lat="44.4282507710158824920654296875" lon="-80.29049791395664215087890625">
        <ele>357.600006103515625</ele>
        <time>2024-10-23T17:42:36.000Z</time>
        <extensions>
          <ns3:TrackPointExtension>
            <ns3:hr>119</ns3:hr>
          </ns3:TrackPointExtension>
        </extensions>
      </trkpt>
      <trkpt lat="44.4282698817551136016845703125" lon="-80.2905101515352725982666015625">
        <ele>357.79998779296875</ele>
        <time>2024-10-23T17:42:38.000Z</time>
        <extensions>
          <ns3:TrackPointExtension>
            <ns3:hr>122</ns3:hr>
          </ns3:TrackPointExtension>
        </extensions>
      </trkpt>
      <trkpt lat="44.4282785989344120025634765625" lon="-80.2905252389609813690185546875">
        <ele>357.79998779296875</ele>
        <time>2024-10-23T17:42:40.000Z</time>
        <extensions>
          <ns3:TrackPointExtension>
            <ns3:hr>123</ns3:hr>
          </ns3:TrackPointExtension>
        </extensions>
      </trkpt>
      <trkpt lat="44.42830047570168972015380859375" lon="-80.29055180959403514862060546875">
        <ele>357.79998779296875</ele>
        <time>2024-10-23T17:42:44.000Z</time>
        <extensions>
          <ns3:TrackPointExtension>
            <ns3:hr>120</ns3:hr>
          </ns3:TrackPointExtension>
        </extensions>
      </trkpt>
      <trkpt lat="44.42830525338649749755859375" lon="-80.2905634604394435882568359375">
        <ele>357.79998779296875</ele>
        <time>2024-10-23T17:42:47.000Z</time>
        <extensions>
          <ns3:TrackPointExtension>
            <ns3:hr>117</ns3:hr>
          </ns3:TrackPointExtension>
        </extensions>
      </trkpt>
      <trkpt lat="44.42831506021320819854736328125" lon="-80.290574021637439727783203125">
        <ele>357.79998779296875</ele>
        <time>2024-10-23T17:42:49.000Z</time>
        <extensions>
          <ns3:TrackPointExtension>
            <ns3:hr>113</ns3:hr>
          </ns3:TrackPointExtension>
        </extensions>
      </trkpt>
      <trkpt lat="44.42831975407898426055908203125" lon="-80.29057913459837436676025390625">
        <ele>357.79998779296875</ele>
        <time>2024-10-23T17:42:50.000Z</time>
        <extensions>
          <ns3:TrackPointExtension>
            <ns3:hr>110</ns3:hr>
          </ns3:TrackPointExtension>
        </extensions>
      </trkpt>
      <trkpt lat="44.42837339825928211212158203125" lon="-80.29066379182040691375732421875">
        <ele>358.399993896484375</ele>
        <time>2024-10-23T17:43:03.000Z</time>
        <extensions>
          <ns3:TrackPointExtension>
            <ns3:hr>110</ns3:hr>
          </ns3:TrackPointExtension>
        </extensions>
      </trkpt>
      <trkpt lat="44.4283768348395824432373046875" lon="-80.29068809933960437774658203125">
        <ele>358.79998779296875</ele>
        <time>2024-10-23T17:43:09.000Z</time>
        <extensions>
          <ns3:TrackPointExtension>
            <ns3:hr>104</ns3:hr>
          </ns3:TrackPointExtension>
        </extensions>
      </trkpt>
      <trkpt lat="44.42837557755410671234130859375" lon="-80.29069681651890277862548828125">
        <ele>358.79998779296875</ele>
        <time>2024-10-23T17:43:11.000Z</time>
        <extensions>
          <ns3:TrackPointExtension>
            <ns3:hr>103</ns3:hr>
          </ns3:TrackPointExtension>
        </extensions>
      </trkpt>
      <trkpt lat="44.428381361067295074462890625" lon="-80.29069949872791767120361328125">
        <ele>359</ele>
        <time>2024-10-23T17:43:13.000Z</time>
        <extensions>
          <ns3:TrackPointExtension>
            <ns3:hr>108</ns3:hr>
          </ns3:TrackPointExtension>
        </extensions>
      </trkpt>
      <trkpt lat="44.428381025791168212890625" lon="-80.2906958945095539093017578125">
        <ele>359</ele>
        <time>2024-10-23T17:43:14.000Z</time>
        <extensions>
          <ns3:TrackPointExtension>
            <ns3:hr>108</ns3:hr>
          </ns3:TrackPointExtension>
        </extensions>
      </trkpt>
      <trkpt lat="44.4283795170485973358154296875" lon="-80.29069899581372737884521484375">
        <ele>359</ele>
        <time>2024-10-23T17:43:15.000Z</time>
        <extensions>
          <ns3:TrackPointExtension>
            <ns3:hr>108</ns3:hr>
          </ns3:TrackPointExtension>
        </extensions>
      </trkpt>
      <trkpt lat="44.42838345654308795928955078125" lon="-80.2907024323940277099609375">
        <ele>359.20001220703125</ele>
        <time>2024-10-23T17:43:23.000Z</time>
        <extensions>
          <ns3:TrackPointExtension>
            <ns3:hr>105</ns3:hr>
          </ns3:TrackPointExtension>
        </extensions>
      </trkpt>
      <trkpt lat="44.4283744879066944122314453125" lon="-80.29068290255963802337646484375">
        <ele>359.399993896484375</ele>
        <time>2024-10-23T17:43:30.000Z</time>
        <extensions>
          <ns3:TrackPointExtension>
            <ns3:hr>106</ns3:hr>
          </ns3:TrackPointExtension>
        </extensions>
      </trkpt>
      <trkpt lat="44.4283493421971797943115234375" lon="-80.29069581069052219390869140625">
        <ele>359.600006103515625</ele>
        <time>2024-10-23T17:43:42.000Z</time>
        <extensions>
          <ns3:TrackPointExtension>
            <ns3:hr>109</ns3:hr>
          </ns3:TrackPointExtension>
        </extensions>
      </trkpt>
      <trkpt lat="44.428354538977146148681640625" lon="-80.29069849289953708648681640625">
        <ele>359.600006103515625</ele>
        <time>2024-10-23T17:43:43.000Z</time>
        <extensions>
          <ns3:TrackPointExtension>
            <ns3:hr>109</ns3:hr>
          </ns3:TrackPointExtension>
        </extensions>
      </trkpt>
      <trkpt lat="44.428359568119049072265625" lon="-80.29070888645946979522705078125">
        <ele>359.79998779296875</ele>
        <time>2024-10-23T17:43:46.000Z</time>
        <extensions>
          <ns3:TrackPointExtension>
            <ns3:hr>109</ns3:hr>
          </ns3:TrackPointExtension>
        </extensions>
      </trkpt>
      <trkpt lat="44.42836333997547626495361328125" lon="-80.29072766192257404327392578125">
        <ele>360.20001220703125</ele>
        <time>2024-10-23T17:43:50.000Z</time>
        <extensions>
          <ns3:TrackPointExtension>
            <ns3:hr>106</ns3:hr>
          </ns3:TrackPointExtension>
        </extensions>
      </trkpt>
      <trkpt lat="44.42836216650903224945068359375" lon="-80.29077426530420780181884765625">
        <ele>360.600006103515625</ele>
        <time>2024-10-23T17:43:55.000Z</time>
        <extensions>
          <ns3:TrackPointExtension>
            <ns3:hr>110</ns3:hr>
          </ns3:TrackPointExtension>
        </extensions>
      </trkpt>
      <trkpt lat="44.42835730500519275665283203125" lon="-80.29078834690153598785400390625">
        <ele>360.79998779296875</ele>
        <time>2024-10-23T17:43:57.000Z</time>
        <extensions>
          <ns3:TrackPointExtension>
            <ns3:hr>110</ns3:hr>
          </ns3:TrackPointExtension>
        </extensions>
      </trkpt>
      <trkpt lat="44.42832713015377521514892578125" lon="-80.29083763249218463897705078125">
        <ele>361</ele>
        <time>2024-10-23T17:44:06.000Z</time>
        <extensions>
          <ns3:TrackPointExtension>
            <ns3:hr>109</ns3:hr>
          </ns3:TrackPointExtension>
        </extensions>
      </trkpt>
      <trkpt lat="44.42831556312739849090576171875" lon="-80.2908786199986934661865234375">
        <ele>361.20001220703125</ele>
        <time>2024-10-23T17:44:10.000Z</time>
        <extensions>
          <ns3:TrackPointExtension>
            <ns3:hr>108</ns3:hr>
          </ns3:TrackPointExtension>
        </extensions>
      </trkpt>
      <trkpt lat="44.42834355868399143218994140625" lon="-80.29092564247548580169677734375">
        <ele>361.399993896484375</ele>
        <time>2024-10-23T17:44:15.000Z</time>
        <extensions>
          <ns3:TrackPointExtension>
            <ns3:hr>105</ns3:hr>
          </ns3:TrackPointExtension>
        </extensions>
      </trkpt>
      <trkpt lat="44.42834875546395778656005859375" lon="-80.29094994999468326568603515625">
        <ele>362</ele>
        <time>2024-10-23T17:44:17.000Z</time>
        <extensions>
          <ns3:TrackPointExtension>
            <ns3:hr>108</ns3:hr>
          </ns3:TrackPointExtension>
        </extensions>
      </trkpt>
      <trkpt lat="44.42835127003490924835205078125" lon="-80.2909647859632968902587890625">
        <ele>362.20001220703125</ele>
        <time>2024-10-23T17:44:18.000Z</time>
        <extensions>
          <ns3:TrackPointExtension>
            <ns3:hr>108</ns3:hr>
          </ns3:TrackPointExtension>
        </extensions>
      </trkpt>
      <trkpt lat="44.42835864610970020294189453125" lon="-80.2910055220127105712890625">
        <ele>362.600006103515625</ele>
        <time>2024-10-23T17:44:21.000Z</time>
        <extensions>
          <ns3:TrackPointExtension>
            <ns3:hr>110</ns3:hr>
          </ns3:TrackPointExtension>
        </extensions>
      </trkpt>
      <trkpt lat="44.42839083261787891387939453125" lon="-80.29104508459568023681640625">
        <ele>363.20001220703125</ele>
        <time>2024-10-23T17:44:26.000Z</time>
        <extensions>
          <ns3:TrackPointExtension>
            <ns3:hr>112</ns3:hr>
          </ns3:TrackPointExtension>
        </extensions>
      </trkpt>
      <trkpt lat="44.42845118232071399688720703125" lon="-80.29111892916262149810791015625">
        <ele>364.20001220703125</ele>
        <time>2024-10-23T17:44:34.000Z</time>
        <extensions>
          <ns3:TrackPointExtension>
            <ns3:hr>111</ns3:hr>
          </ns3:TrackPointExtension>
        </extensions>
      </trkpt>
      <trkpt lat="44.4284609891474246978759765625" lon="-80.2911297418177127838134765625">
        <ele>364.20001220703125</ele>
        <time>2024-10-23T17:44:35.000Z</time>
        <extensions>
          <ns3:TrackPointExtension>
            <ns3:hr>110</ns3:hr>
          </ns3:TrackPointExtension>
        </extensions>
      </trkpt>
      <trkpt lat="44.4284904934465885162353515625" lon="-80.29117785394191741943359375">
        <ele>365.20001220703125</ele>
        <time>2024-10-23T17:44:40.000Z</time>
        <extensions>
          <ns3:TrackPointExtension>
            <ns3:hr>113</ns3:hr>
          </ns3:TrackPointExtension>
        </extensions>
      </trkpt>
      <trkpt lat="44.428498707711696624755859375" lon="-80.29119369573891162872314453125">
        <ele>365.79998779296875</ele>
        <time>2024-10-23T17:44:41.000Z</time>
        <extensions>
          <ns3:TrackPointExtension>
            <ns3:hr>112</ns3:hr>
          </ns3:TrackPointExtension>
        </extensions>
      </trkpt>
      <trkpt lat="44.4285129569470882415771484375" lon="-80.2912132255733013153076171875">
        <ele>366.20001220703125</ele>
        <time>2024-10-23T17:44:43.000Z</time>
        <extensions>
          <ns3:TrackPointExtension>
            <ns3:hr>109</ns3:hr>
          </ns3:TrackPointExtension>
        </extensions>
      </trkpt>
      <trkpt lat="44.428534246981143951416015625" lon="-80.291240550577640533447265625">
        <ele>366.79998779296875</ele>
        <time>2024-10-23T17:44:46.000Z</time>
        <extensions>
          <ns3:TrackPointExtension>
            <ns3:hr>109</ns3:hr>
          </ns3:TrackPointExtension>
        </extensions>
      </trkpt>
      <trkpt lat="44.42853785119950771331787109375" lon="-80.29125940985977649688720703125">
        <ele>367</ele>
        <time>2024-10-23T17:44:48.000Z</time>
        <extensions>
          <ns3:TrackPointExtension>
            <ns3:hr>112</ns3:hr>
          </ns3:TrackPointExtension>
        </extensions>
      </trkpt>
      <trkpt lat="44.4285474903881549835205078125" lon="-80.29128539375960826873779296875">
        <ele>367.600006103515625</ele>
        <time>2024-10-23T17:44:50.000Z</time>
        <extensions>
          <ns3:TrackPointExtension>
            <ns3:hr>114</ns3:hr>
          </ns3:TrackPointExtension>
        </extensions>
      </trkpt>
      <trkpt lat="44.42855847068130970001220703125" lon="-80.29130634851753711700439453125">
        <ele>368</ele>
        <time>2024-10-23T17:44:52.000Z</time>
        <extensions>
          <ns3:TrackPointExtension>
            <ns3:hr>114</ns3:hr>
          </ns3:TrackPointExtension>
        </extensions>
      </trkpt>
      <trkpt lat="44.428569115698337554931640625" lon="-80.2913191728293895721435546875">
        <ele>368</ele>
        <time>2024-10-23T17:44:53.000Z</time>
        <extensions>
          <ns3:TrackPointExtension>
            <ns3:hr>118</ns3:hr>
          </ns3:TrackPointExtension>
        </extensions>
      </trkpt>
      <trkpt lat="44.428573139011859893798828125" lon="-80.29132814146578311920166015625">
        <ele>368.20001220703125</ele>
        <time>2024-10-23T17:44:54.000Z</time>
        <extensions>
          <ns3:TrackPointExtension>
            <ns3:hr>121</ns3:hr>
          </ns3:TrackPointExtension>
        </extensions>
      </trkpt>
      <trkpt lat="44.42860121838748455047607421875" lon="-80.29137021861970424652099609375">
        <ele>369</ele>
        <time>2024-10-23T17:44:58.000Z</time>
        <extensions>
          <ns3:TrackPointExtension>
            <ns3:hr>122</ns3:hr>
          </ns3:TrackPointExtension>
        </extensions>
      </trkpt>
      <trkpt lat="44.42864044569432735443115234375" lon="-80.29142403043806552886962890625">
        <ele>369.600006103515625</ele>
        <time>2024-10-23T17:45:03.000Z</time>
        <extensions>
          <ns3:TrackPointExtension>
            <ns3:hr>119</ns3:hr>
          </ns3:TrackPointExtension>
        </extensions>
      </trkpt>
      <trkpt lat="44.42865938879549503326416015625" lon="-80.29145571403205394744873046875">
        <ele>369.79998779296875</ele>
        <time>2024-10-23T17:45:05.000Z</time>
        <extensions>
          <ns3:TrackPointExtension>
            <ns3:hr>120</ns3:hr>
          </ns3:TrackPointExtension>
        </extensions>
      </trkpt>
      <trkpt lat="44.428693838417530059814453125" lon="-80.291493348777294158935546875">
        <ele>370</ele>
        <time>2024-10-23T17:45:09.000Z</time>
        <extensions>
          <ns3:TrackPointExtension>
            <ns3:hr>121</ns3:hr>
          </ns3:TrackPointExtension>
        </extensions>
      </trkpt>
      <trkpt lat="44.4287456385791301727294921875" lon="-80.29159954749047756195068359375">
        <ele>370.399993896484375</ele>
        <time>2024-10-23T17:45:19.000Z</time>
        <extensions>
          <ns3:TrackPointExtension>
            <ns3:hr>120</ns3:hr>
          </ns3:TrackPointExtension>
        </extensions>
      </trkpt>
      <trkpt lat="44.4287684373557567596435546875" lon="-80.29164765961468219757080078125">
        <ele>370.600006103515625</ele>
        <time>2024-10-23T17:45:24.000Z</time>
        <extensions>
          <ns3:TrackPointExtension>
            <ns3:hr>116</ns3:hr>
          </ns3:TrackPointExtension>
        </extensions>
      </trkpt>
      <trkpt lat="44.42876868881285190582275390625" lon="-80.2916578017175197601318359375">
        <ele>370.600006103515625</ele>
        <time>2024-10-23T17:45:25.000Z</time>
        <extensions>
          <ns3:TrackPointExtension>
            <ns3:hr>119</ns3:hr>
          </ns3:TrackPointExtension>
        </extensions>
      </trkpt>
      <trkpt lat="44.42879852838814258575439453125" lon="-80.29173986054956912994384765625">
        <ele>371</ele>
        <time>2024-10-23T17:45:32.000Z</time>
        <extensions>
          <ns3:TrackPointExtension>
            <ns3:hr>119</ns3:hr>
          </ns3:TrackPointExtension>
        </extensions>
      </trkpt>
      <trkpt lat="44.428803808987140655517578125" lon="-80.29176165349781513214111328125">
        <ele>371.20001220703125</ele>
        <time>2024-10-23T17:45:34.000Z</time>
        <extensions>
          <ns3:TrackPointExtension>
            <ns3:hr>117</ns3:hr>
          </ns3:TrackPointExtension>
        </extensions>
      </trkpt>
      <trkpt lat="44.4288678467273712158203125" lon="-80.29188553802669048309326171875">
        <ele>372</ele>
        <time>2024-10-23T17:45:44.000Z</time>
        <extensions>
          <ns3:TrackPointExtension>
            <ns3:hr>114</ns3:hr>
          </ns3:TrackPointExtension>
        </extensions>
      </trkpt>
      <trkpt lat="44.42886960692703723907470703125" lon="-80.29189341701567173004150390625">
        <ele>372</ele>
        <time>2024-10-23T17:45:45.000Z</time>
        <extensions>
          <ns3:TrackPointExtension>
            <ns3:hr>117</ns3:hr>
          </ns3:TrackPointExtension>
        </extensions>
      </trkpt>
      <trkpt lat="44.4288758933544158935546875" lon="-80.29189861379563808441162109375">
        <ele>372.20001220703125</ele>
        <time>2024-10-23T17:45:46.000Z</time>
        <extensions>
          <ns3:TrackPointExtension>
            <ns3:hr>118</ns3:hr>
          </ns3:TrackPointExtension>
        </extensions>
      </trkpt>
      <trkpt lat="44.42888553254306316375732421875" lon="-80.291908420622348785400390625">
        <ele>372.20001220703125</ele>
        <time>2024-10-23T17:45:47.000Z</time>
        <extensions>
          <ns3:TrackPointExtension>
            <ns3:hr>119</ns3:hr>
          </ns3:TrackPointExtension>
        </extensions>
      </trkpt>
      <trkpt lat="44.428893662989139556884765625" lon="-80.29202819801867008209228515625">
        <ele>372.79998779296875</ele>
        <time>2024-10-23T17:45:57.000Z</time>
        <extensions>
          <ns3:TrackPointExtension>
            <ns3:hr>122</ns3:hr>
          </ns3:TrackPointExtension>
        </extensions>
      </trkpt>
      <trkpt lat="44.42889290861785411834716796875" lon="-80.29203725047409534454345703125">
        <ele>372.79998779296875</ele>
        <time>2024-10-23T17:45:58.000Z</time>
        <extensions>
          <ns3:TrackPointExtension>
            <ns3:hr>122</ns3:hr>
          </ns3:TrackPointExtension>
        </extensions>
      </trkpt>
      <trkpt lat="44.4289045594632625579833984375" lon="-80.2922100014984607696533203125">
        <ele>372</ele>
        <time>2024-10-23T17:46:13.000Z</time>
        <extensions>
          <ns3:TrackPointExtension>
            <ns3:hr>120</ns3:hr>
          </ns3:TrackPointExtension>
        </extensions>
      </trkpt>
      <trkpt lat="44.42890330217778682708740234375" lon="-80.29222190380096435546875">
        <ele>372</ele>
        <time>2024-10-23T17:46:14.000Z</time>
        <extensions>
          <ns3:TrackPointExtension>
            <ns3:hr>123</ns3:hr>
          </ns3:TrackPointExtension>
        </extensions>
      </trkpt>
      <trkpt lat="44.42890263162553310394287109375" lon="-80.2922338061034679412841796875">
        <ele>372</ele>
        <time>2024-10-23T17:46:15.000Z</time>
        <extensions>
          <ns3:TrackPointExtension>
            <ns3:hr>119</ns3:hr>
          </ns3:TrackPointExtension>
        </extensions>
      </trkpt>
      <trkpt lat="44.4289075769484043121337890625" lon="-80.2922619692981243133544921875">
        <ele>372</ele>
        <time>2024-10-23T17:46:17.000Z</time>
        <extensions>
          <ns3:TrackPointExtension>
            <ns3:hr>116</ns3:hr>
          </ns3:TrackPointExtension>
        </extensions>
      </trkpt>
      <trkpt lat="44.4289295375347137451171875" lon="-80.29238292016088962554931640625">
        <ele>372.600006103515625</ele>
        <time>2024-10-23T17:46:27.000Z</time>
        <extensions>
          <ns3:TrackPointExtension>
            <ns3:hr>115</ns3:hr>
          </ns3:TrackPointExtension>
        </extensions>
      </trkpt>
      <trkpt lat="44.4289404340088367462158203125" lon="-80.29241024516522884368896484375">
        <ele>373.20001220703125</ele>
        <time>2024-10-23T17:46:30.000Z</time>
        <extensions>
          <ns3:TrackPointExtension>
            <ns3:hr>116</ns3:hr>
          </ns3:TrackPointExtension>
        </extensions>
      </trkpt>
      <trkpt lat="44.4289697706699371337890625" lon="-80.29247797094285488128662109375">
        <ele>374.79998779296875</ele>
        <time>2024-10-23T17:46:34.000Z</time>
        <extensions>
          <ns3:TrackPointExtension>
            <ns3:hr>118</ns3:hr>
          </ns3:TrackPointExtension>
        </extensions>
      </trkpt>
      <trkpt lat="44.42899650894105434417724609375" lon="-80.29251485131680965423583984375">
        <ele>375.399993896484375</ele>
        <time>2024-10-23T17:46:37.000Z</time>
        <extensions>
          <ns3:TrackPointExtension>
            <ns3:hr>121</ns3:hr>
          </ns3:TrackPointExtension>
        </extensions>
      </trkpt>
      <trkpt lat="44.42904956638813018798828125" lon="-80.29256128706037998199462890625">
        <ele>375.600006103515625</ele>
        <time>2024-10-23T17:46:41.000Z</time>
        <extensions>
          <ns3:TrackPointExtension>
            <ns3:hr>123</ns3:hr>
          </ns3:TrackPointExtension>
        </extensions>
      </trkpt>
      <trkpt lat="44.429102204740047454833984375" lon="-80.29259615577757358551025390625">
        <ele>375.79998779296875</ele>
        <time>2024-10-23T17:46:45.000Z</time>
        <extensions>
          <ns3:TrackPointExtension>
            <ns3:hr>125</ns3:hr>
          </ns3:TrackPointExtension>
        </extensions>
      </trkpt>
      <trkpt lat="44.42920756526291370391845703125" lon="-80.292673520743846893310546875">
        <ele>376.20001220703125</ele>
        <time>2024-10-23T17:46:54.000Z</time>
        <extensions>
          <ns3:TrackPointExtension>
            <ns3:hr>122</ns3:hr>
          </ns3:TrackPointExtension>
        </extensions>
      </trkpt>
      <trkpt lat="44.4292659871280193328857421875" lon="-80.292704366147518157958984375">
        <ele>376.600006103515625</ele>
        <time>2024-10-23T17:47:00.000Z</time>
        <extensions>
          <ns3:TrackPointExtension>
            <ns3:hr>125</ns3:hr>
          </ns3:TrackPointExtension>
        </extensions>
      </trkpt>
      <trkpt lat="44.42927646450698375701904296875" lon="-80.29270478524267673492431640625">
        <ele>376.79998779296875</ele>
        <time>2024-10-23T17:47:01.000Z</time>
        <extensions>
          <ns3:TrackPointExtension>
            <ns3:hr>125</ns3:hr>
          </ns3:TrackPointExtension>
        </extensions>
      </trkpt>
      <trkpt lat="44.4293390773236751556396484375" lon="-80.292696990072727203369140625">
        <ele>377</ele>
        <time>2024-10-23T17:47:07.000Z</time>
        <extensions>
          <ns3:TrackPointExtension>
            <ns3:hr>127</ns3:hr>
          </ns3:TrackPointExtension>
        </extensions>
      </trkpt>
      <trkpt lat="44.42934821359813213348388671875" lon="-80.2926944755017757415771484375">
        <ele>377</ele>
        <time>2024-10-23T17:47:08.000Z</time>
        <extensions>
          <ns3:TrackPointExtension>
            <ns3:hr>130</ns3:hr>
          </ns3:TrackPointExtension>
        </extensions>
      </trkpt>
      <trkpt lat="44.429355002939701080322265625" lon="-80.2926924638450145721435546875">
        <ele>377.20001220703125</ele>
        <time>2024-10-23T17:47:09.000Z</time>
        <extensions>
          <ns3:TrackPointExtension>
            <ns3:hr>130</ns3:hr>
          </ns3:TrackPointExtension>
        </extensions>
      </trkpt>
      <trkpt lat="44.429405964910984039306640625" lon="-80.292699337005615234375">
        <ele>377.79998779296875</ele>
        <time>2024-10-23T17:47:15.000Z</time>
        <extensions>
          <ns3:TrackPointExtension>
            <ns3:hr>131</ns3:hr>
          </ns3:TrackPointExtension>
        </extensions>
      </trkpt>
      <trkpt lat="44.4294232316315174102783203125" lon="-80.29271501116454601287841796875">
        <ele>377.79998779296875</ele>
        <time>2024-10-23T17:47:17.000Z</time>
        <extensions>
          <ns3:TrackPointExtension>
            <ns3:hr>127</ns3:hr>
          </ns3:TrackPointExtension>
        </extensions>
      </trkpt>
      <trkpt lat="44.429454915225505828857421875" lon="-80.2927462756633758544921875">
        <ele>378</ele>
        <time>2024-10-23T17:47:20.000Z</time>
        <extensions>
          <ns3:TrackPointExtension>
            <ns3:hr>124</ns3:hr>
          </ns3:TrackPointExtension>
        </extensions>
      </trkpt>
      <trkpt lat="44.42951702512800693511962890625" lon="-80.292825736105442047119140625">
        <ele>378.600006103515625</ele>
        <time>2024-10-23T17:47:28.000Z</time>
        <extensions>
          <ns3:TrackPointExtension>
            <ns3:hr>121</ns3:hr>
          </ns3:TrackPointExtension>
        </extensions>
      </trkpt>
      <trkpt lat="44.429536052048206329345703125" lon="-80.29284761287271976470947265625">
        <ele>378.79998779296875</ele>
        <time>2024-10-23T17:47:31.000Z</time>
        <extensions>
          <ns3:TrackPointExtension>
            <ns3:hr>120</ns3:hr>
          </ns3:TrackPointExtension>
        </extensions>
      </trkpt>
      <trkpt lat="44.42956295795738697052001953125" lon="-80.2928669750690460205078125">
        <ele>379</ele>
        <time>2024-10-23T17:47:34.000Z</time>
        <extensions>
          <ns3:TrackPointExtension>
            <ns3:hr>120</ns3:hr>
          </ns3:TrackPointExtension>
        </extensions>
      </trkpt>
      <trkpt lat="44.4296327792108058929443359375" lon="-80.2929385565221309661865234375">
        <ele>379.79998779296875</ele>
        <time>2024-10-23T17:47:41.000Z</time>
        <extensions>
          <ns3:TrackPointExtension>
            <ns3:hr>122</ns3:hr>
          </ns3:TrackPointExtension>
        </extensions>
      </trkpt>
      <trkpt lat="44.4296993315219879150390625" lon="-80.29300921596586704254150390625">
        <ele>380.399993896484375</ele>
        <time>2024-10-23T17:47:48.000Z</time>
        <extensions>
          <ns3:TrackPointExtension>
            <ns3:hr>122</ns3:hr>
          </ns3:TrackPointExtension>
        </extensions>
      </trkpt>
      <trkpt lat="44.42976496182382106781005859375" lon="-80.2930743433535099029541015625">
        <ele>380.79998779296875</ele>
        <time>2024-10-23T17:47:54.000Z</time>
        <extensions>
          <ns3:TrackPointExtension>
            <ns3:hr>121</ns3:hr>
          </ns3:TrackPointExtension>
        </extensions>
      </trkpt>
      <trkpt lat="44.42986051551997661590576171875" lon="-80.29316713102161884307861328125">
        <ele>381.399993896484375</ele>
        <time>2024-10-23T17:48:04.000Z</time>
        <extensions>
          <ns3:TrackPointExtension>
            <ns3:hr>121</ns3:hr>
          </ns3:TrackPointExtension>
        </extensions>
      </trkpt>
      <trkpt lat="44.42994047887623310089111328125" lon="-80.29322882182896137237548828125">
        <ele>382</ele>
        <time>2024-10-23T17:48:10.000Z</time>
        <extensions>
          <ns3:TrackPointExtension>
            <ns3:hr>120</ns3:hr>
          </ns3:TrackPointExtension>
        </extensions>
      </trkpt>
      <trkpt lat="44.42998071201145648956298828125" lon="-80.29327240772545337677001953125">
        <ele>382.20001220703125</ele>
        <time>2024-10-23T17:48:15.000Z</time>
        <extensions>
          <ns3:TrackPointExtension>
            <ns3:hr>119</ns3:hr>
          </ns3:TrackPointExtension>
        </extensions>
      </trkpt>
      <trkpt lat="44.4300626032054424285888671875" lon="-80.29347516596317291259765625">
        <ele>382.79998779296875</ele>
        <time>2024-10-23T17:48:32.000Z</time>
        <extensions>
          <ns3:TrackPointExtension>
            <ns3:hr>120</ns3:hr>
          </ns3:TrackPointExtension>
        </extensions>
      </trkpt>
      <trkpt lat="44.4300713203847408294677734375" lon="-80.29355823062360286712646484375">
        <ele>383</ele>
        <time>2024-10-23T17:48:39.000Z</time>
        <extensions>
          <ns3:TrackPointExtension>
            <ns3:hr>119</ns3:hr>
          </ns3:TrackPointExtension>
        </extensions>
      </trkpt>
      <trkpt lat="44.43006905727088451385498046875" lon="-80.293606929481029510498046875">
        <ele>383</ele>
        <time>2024-10-23T17:48:45.000Z</time>
        <extensions>
          <ns3:TrackPointExtension>
            <ns3:hr>119</ns3:hr>
          </ns3:TrackPointExtension>
        </extensions>
      </trkpt>
      <trkpt lat="44.4300501979887485504150390625" lon="-80.2936510182917118072509765625">
        <ele>383.399993896484375</ele>
        <time>2024-10-23T17:48:50.000Z</time>
        <extensions>
          <ns3:TrackPointExtension>
            <ns3:hr>116</ns3:hr>
          </ns3:TrackPointExtension>
        </extensions>
      </trkpt>
      <trkpt lat="44.4300203584134578704833984375" lon="-80.29368798248469829559326171875">
        <ele>384</ele>
        <time>2024-10-23T17:48:54.000Z</time>
        <extensions>
          <ns3:TrackPointExtension>
            <ns3:hr>119</ns3:hr>
          </ns3:TrackPointExtension>
        </extensions>
      </trkpt>
      <trkpt lat="44.4300091266632080078125" lon="-80.29370449483394622802734375">
        <ele>384.399993896484375</ele>
        <time>2024-10-23T17:48:56.000Z</time>
        <extensions>
          <ns3:TrackPointExtension>
            <ns3:hr>119</ns3:hr>
          </ns3:TrackPointExtension>
        </extensions>
      </trkpt>
      <trkpt lat="44.43000284023582935333251953125" lon="-80.293714888393878936767578125">
        <ele>384.600006103515625</ele>
        <time>2024-10-23T17:48:57.000Z</time>
        <extensions>
          <ns3:TrackPointExtension>
            <ns3:hr>122</ns3:hr>
          </ns3:TrackPointExtension>
        </extensions>
      </trkpt>
      <trkpt lat="44.42998808808624744415283203125" lon="-80.29374849982559680938720703125">
        <ele>385</ele>
        <time>2024-10-23T17:49:00.000Z</time>
        <extensions>
          <ns3:TrackPointExtension>
            <ns3:hr>126</ns3:hr>
          </ns3:TrackPointExtension>
        </extensions>
      </trkpt>
      <trkpt lat="44.42997082136571407318115234375" lon="-80.29375989921391010284423828125">
        <ele>385.20001220703125</ele>
        <time>2024-10-23T17:49:02.000Z</time>
        <extensions>
          <ns3:TrackPointExtension>
            <ns3:hr>126</ns3:hr>
          </ns3:TrackPointExtension>
        </extensions>
      </trkpt>
      <trkpt lat="44.429961182177066802978515625" lon="-80.293764509260654449462890625">
        <ele>385.20001220703125</ele>
        <time>2024-10-23T17:49:03.000Z</time>
        <extensions>
          <ns3:TrackPointExtension>
            <ns3:hr>129</ns3:hr>
          </ns3:TrackPointExtension>
        </extensions>
      </trkpt>
      <trkpt lat="44.42992958240211009979248046875" lon="-80.29379325918853282928466796875">
        <ele>385.600006103515625</ele>
        <time>2024-10-23T17:49:07.000Z</time>
        <extensions>
          <ns3:TrackPointExtension>
            <ns3:hr>126</ns3:hr>
          </ns3:TrackPointExtension>
        </extensions>
      </trkpt>
      <trkpt lat="44.4299231283366680145263671875" lon="-80.2938049100339412689208984375">
        <ele>385.79998779296875</ele>
        <time>2024-10-23T17:49:08.000Z</time>
        <extensions>
          <ns3:TrackPointExtension>
            <ns3:hr>127</ns3:hr>
          </ns3:TrackPointExtension>
        </extensions>
      </trkpt>
      <trkpt lat="44.42991281859576702117919921875" lon="-80.2938272058963775634765625">
        <ele>386</ele>
        <time>2024-10-23T17:49:10.000Z</time>
        <extensions>
          <ns3:TrackPointExtension>
            <ns3:hr>124</ns3:hr>
          </ns3:TrackPointExtension>
        </extensions>
      </trkpt>
      <trkpt lat="44.42990812472999095916748046875" lon="-80.293836928904056549072265625">
        <ele>386.20001220703125</ele>
        <time>2024-10-23T17:49:11.000Z</time>
        <extensions>
          <ns3:TrackPointExtension>
            <ns3:hr>123</ns3:hr>
          </ns3:TrackPointExtension>
        </extensions>
      </trkpt>
      <trkpt lat="44.42987694405019283294677734375" lon="-80.2939618192613124847412109375">
        <ele>386.79998779296875</ele>
        <time>2024-10-23T17:49:20.000Z</time>
        <extensions>
          <ns3:TrackPointExtension>
            <ns3:hr>122</ns3:hr>
          </ns3:TrackPointExtension>
        </extensions>
      </trkpt>
      <trkpt lat="44.4298678077757358551025390625" lon="-80.2939961850643157958984375">
        <ele>386.79998779296875</ele>
        <time>2024-10-23T17:49:22.000Z</time>
        <extensions>
          <ns3:TrackPointExtension>
            <ns3:hr>122</ns3:hr>
          </ns3:TrackPointExtension>
        </extensions>
      </trkpt>
      <trkpt lat="44.42985649220645427703857421875" lon="-80.2940600551664829254150390625">
        <ele>387.20001220703125</ele>
        <time>2024-10-23T17:49:26.000Z</time>
        <extensions>
          <ns3:TrackPointExtension>
            <ns3:hr>119</ns3:hr>
          </ns3:TrackPointExtension>
        </extensions>
      </trkpt>
      <trkpt lat="44.4298258982598781585693359375" lon="-80.2941780723631381988525390625">
        <ele>388</ele>
        <time>2024-10-23T17:49:36.000Z</time>
        <extensions>
          <ns3:TrackPointExtension>
            <ns3:hr>118</ns3:hr>
          </ns3:TrackPointExtension>
        </extensions>
      </trkpt>
      <trkpt lat="44.42979094572365283966064453125" lon="-80.2943178825080394744873046875">
        <ele>388.20001220703125</ele>
        <time>2024-10-23T17:49:47.000Z</time>
        <extensions>
          <ns3:TrackPointExtension>
            <ns3:hr>119</ns3:hr>
          </ns3:TrackPointExtension>
        </extensions>
      </trkpt>
      <trkpt lat="44.429774768650531768798828125" lon="-80.29436054639518260955810546875">
        <ele>388.600006103515625</ele>
        <time>2024-10-23T17:49:50.000Z</time>
        <extensions>
          <ns3:TrackPointExtension>
            <ns3:hr>116</ns3:hr>
          </ns3:TrackPointExtension>
        </extensions>
      </trkpt>
      <trkpt lat="44.42977300845086574554443359375" lon="-80.29437462799251079559326171875">
        <ele>388.600006103515625</ele>
        <time>2024-10-23T17:49:51.000Z</time>
        <extensions>
          <ns3:TrackPointExtension>
            <ns3:hr>117</ns3:hr>
          </ns3:TrackPointExtension>
        </extensions>
      </trkpt>
      <trkpt lat="44.42977367900311946868896484375" lon="-80.29439725913107395172119140625">
        <ele>388.79998779296875</ele>
        <time>2024-10-23T17:49:53.000Z</time>
        <extensions>
          <ns3:TrackPointExtension>
            <ns3:hr>121</ns3:hr>
          </ns3:TrackPointExtension>
        </extensions>
      </trkpt>
      <trkpt lat="44.42976462654769420623779296875" lon="-80.29445978812873363494873046875">
        <ele>389.20001220703125</ele>
        <time>2024-10-23T17:49:57.000Z</time>
        <extensions>
          <ns3:TrackPointExtension>
            <ns3:hr>124</ns3:hr>
          </ns3:TrackPointExtension>
        </extensions>
      </trkpt>
      <trkpt lat="44.4297504611313343048095703125" lon="-80.294505469501018524169921875">
        <ele>389.20001220703125</ele>
        <time>2024-10-23T17:49:59.000Z</time>
        <extensions>
          <ns3:TrackPointExtension>
            <ns3:hr>121</ns3:hr>
          </ns3:TrackPointExtension>
        </extensions>
      </trkpt>
      <trkpt lat="44.42974048666656017303466796875" lon="-80.29453824274241924285888671875">
        <ele>389.20001220703125</ele>
        <time>2024-10-23T17:50:01.000Z</time>
        <extensions>
          <ns3:TrackPointExtension>
            <ns3:hr>121</ns3:hr>
          </ns3:TrackPointExtension>
        </extensions>
      </trkpt>
      <trkpt lat="44.4297340326011180877685546875" lon="-80.294551067054271697998046875">
        <ele>389.399993896484375</ele>
        <time>2024-10-23T17:50:02.000Z</time>
        <extensions>
          <ns3:TrackPointExtension>
            <ns3:hr>122</ns3:hr>
          </ns3:TrackPointExtension>
        </extensions>
      </trkpt>
      <trkpt lat="44.4297082163393497467041015625" lon="-80.29466615058481693267822265625">
        <ele>389.399993896484375</ele>
        <time>2024-10-23T17:50:09.000Z</time>
        <extensions>
          <ns3:TrackPointExtension>
            <ns3:hr>119</ns3:hr>
          </ns3:TrackPointExtension>
        </extensions>
      </trkpt>
      <trkpt lat="44.4296921230852603912353515625" lon="-80.29473848640918731689453125">
        <ele>389.399993896484375</ele>
        <time>2024-10-23T17:50:13.000Z</time>
        <extensions>
          <ns3:TrackPointExtension>
            <ns3:hr>115</ns3:hr>
          </ns3:TrackPointExtension>
        </extensions>
      </trkpt>
      <trkpt lat="44.42968122661113739013671875" lon="-80.29477276839315891265869140625">
        <ele>389.600006103515625</ele>
        <time>2024-10-23T17:50:15.000Z</time>
        <extensions>
          <ns3:TrackPointExtension>
            <ns3:hr>110</ns3:hr>
          </ns3:TrackPointExtension>
        </extensions>
      </trkpt>
      <trkpt lat="44.42967695184051990509033203125" lon="-80.2947874367237091064453125">
        <ele>389.600006103515625</ele>
        <time>2024-10-23T17:50:16.000Z</time>
        <extensions>
          <ns3:TrackPointExtension>
            <ns3:hr>108</ns3:hr>
          </ns3:TrackPointExtension>
        </extensions>
      </trkpt>
      <trkpt lat="44.429657422006130218505859375" lon="-80.29483378864824771881103515625">
        <ele>389.79998779296875</ele>
        <time>2024-10-23T17:50:19.000Z</time>
        <extensions>
          <ns3:TrackPointExtension>
            <ns3:hr>104</ns3:hr>
          </ns3:TrackPointExtension>
        </extensions>
      </trkpt>
      <trkpt lat="44.42964660935103893280029296875" lon="-80.294888019561767578125">
        <ele>390.600006103515625</ele>
        <time>2024-10-23T17:50:24.000Z</time>
        <extensions>
          <ns3:TrackPointExtension>
            <ns3:hr>106</ns3:hr>
          </ns3:TrackPointExtension>
        </extensions>
      </trkpt>
      <trkpt lat="44.4296445138752460479736328125" lon="-80.29491551220417022705078125">
        <ele>391.20001220703125</ele>
        <time>2024-10-23T17:50:26.000Z</time>
        <extensions>
          <ns3:TrackPointExtension>
            <ns3:hr>109</ns3:hr>
          </ns3:TrackPointExtension>
        </extensions>
      </trkpt>
      <trkpt lat="44.4296525605022907257080078125" lon="-80.29495599679648876190185546875">
        <ele>391.399993896484375</ele>
        <time>2024-10-23T17:50:29.000Z</time>
        <extensions>
          <ns3:TrackPointExtension>
            <ns3:hr>116</ns3:hr>
          </ns3:TrackPointExtension>
        </extensions>
      </trkpt>
      <trkpt lat="44.4296537339687347412109375" lon="-80.2949911169707775115966796875">
        <ele>391.600006103515625</ele>
        <time>2024-10-23T17:50:31.000Z</time>
        <extensions>
          <ns3:TrackPointExtension>
            <ns3:hr>120</ns3:hr>
          </ns3:TrackPointExtension>
        </extensions>
      </trkpt>
      <trkpt lat="44.4296555779874324798583984375" lon="-80.2950046956539154052734375">
        <ele>391.600006103515625</ele>
        <time>2024-10-23T17:50:32.000Z</time>
        <extensions>
          <ns3:TrackPointExtension>
            <ns3:hr>120</ns3:hr>
          </ns3:TrackPointExtension>
        </extensions>
      </trkpt>
      <trkpt lat="44.4296880997717380523681640625" lon="-80.29515934176743030548095703125">
        <ele>391.79998779296875</ele>
        <time>2024-10-23T17:50:42.000Z</time>
        <extensions>
          <ns3:TrackPointExtension>
            <ns3:hr>120</ns3:hr>
          </ns3:TrackPointExtension>
        </extensions>
      </trkpt>
      <trkpt lat="44.4296944700181484222412109375" lon="-80.295222960412502288818359375">
        <ele>392</ele>
        <time>2024-10-23T17:50:46.000Z</time>
        <extensions>
          <ns3:TrackPointExtension>
            <ns3:hr>123</ns3:hr>
          </ns3:TrackPointExtension>
        </extensions>
      </trkpt>
      <trkpt lat="44.42969589494168758392333984375" lon="-80.2952392213046550750732421875">
        <ele>392</ele>
        <time>2024-10-23T17:50:47.000Z</time>
        <extensions>
          <ns3:TrackPointExtension>
            <ns3:hr>126</ns3:hr>
          </ns3:TrackPointExtension>
        </extensions>
      </trkpt>
      <trkpt lat="44.42971182055771350860595703125" lon="-80.2953079529106616973876953125">
        <ele>392.20001220703125</ele>
        <time>2024-10-23T17:50:51.000Z</time>
        <extensions>
          <ns3:TrackPointExtension>
            <ns3:hr>124</ns3:hr>
          </ns3:TrackPointExtension>
        </extensions>
      </trkpt>
      <trkpt lat="44.42973042838275432586669921875" lon="-80.29540635645389556884765625">
        <ele>392.600006103515625</ele>
        <time>2024-10-23T17:50:57.000Z</time>
        <extensions>
          <ns3:TrackPointExtension>
            <ns3:hr>124</ns3:hr>
          </ns3:TrackPointExtension>
        </extensions>
      </trkpt>
      <trkpt lat="44.42973830737173557281494140625" lon="-80.2954259701073169708251953125">
        <ele>392.600006103515625</ele>
        <time>2024-10-23T17:50:59.000Z</time>
        <extensions>
          <ns3:TrackPointExtension>
            <ns3:hr>118</ns3:hr>
          </ns3:TrackPointExtension>
        </extensions>
      </trkpt>
      <trkpt lat="44.42974291741847991943359375" lon="-80.29543594457209110260009765625">
        <ele>392.600006103515625</ele>
        <time>2024-10-23T17:51:00.000Z</time>
        <extensions>
          <ns3:TrackPointExtension>
            <ns3:hr>118</ns3:hr>
          </ns3:TrackPointExtension>
        </extensions>
      </trkpt>
      <trkpt lat="44.42976261489093303680419921875" lon="-80.29549160040915012359619140625">
        <ele>392.600006103515625</ele>
        <time>2024-10-23T17:51:05.000Z</time>
        <extensions>
          <ns3:TrackPointExtension>
            <ns3:hr>115</ns3:hr>
          </ns3:TrackPointExtension>
        </extensions>
      </trkpt>
      <trkpt lat="44.42977334372699260711669921875" lon="-80.29556787572801113128662109375">
        <ele>392.79998779296875</ele>
        <time>2024-10-23T17:51:10.000Z</time>
        <extensions>
          <ns3:TrackPointExtension>
            <ns3:hr>117</ns3:hr>
          </ns3:TrackPointExtension>
        </extensions>
      </trkpt>
      <trkpt lat="44.42984484136104583740234375" lon="-80.2957511879503726959228515625">
        <ele>393</ele>
        <time>2024-10-23T17:51:22.000Z</time>
        <extensions>
          <ns3:TrackPointExtension>
            <ns3:hr>116</ns3:hr>
          </ns3:TrackPointExtension>
        </extensions>
      </trkpt>
      <trkpt lat="44.42989152856171131134033203125" lon="-80.2958521060645580291748046875">
        <ele>393.600006103515625</ele>
        <time>2024-10-23T17:51:30.000Z</time>
        <extensions>
          <ns3:TrackPointExtension>
            <ns3:hr>115</ns3:hr>
          </ns3:TrackPointExtension>
        </extensions>
      </trkpt>
      <trkpt lat="44.42992262542247772216796875" lon="-80.29592226259410381317138671875">
        <ele>394.399993896484375</ele>
        <time>2024-10-23T17:51:36.000Z</time>
        <extensions>
          <ns3:TrackPointExtension>
            <ns3:hr>118</ns3:hr>
          </ns3:TrackPointExtension>
        </extensions>
      </trkpt>
      <trkpt lat="44.42993008531630039215087890625" lon="-80.29593341052532196044921875">
        <ele>394.600006103515625</ele>
        <time>2024-10-23T17:51:38.000Z</time>
        <extensions>
          <ns3:TrackPointExtension>
            <ns3:hr>114</ns3:hr>
          </ns3:TrackPointExtension>
        </extensions>
      </trkpt>
      <trkpt lat="44.42995137535035610198974609375" lon="-80.295953862369060516357421875">
        <ele>394.600006103515625</ele>
        <time>2024-10-23T17:51:40.000Z</time>
        <extensions>
          <ns3:TrackPointExtension>
            <ns3:hr>116</ns3:hr>
          </ns3:TrackPointExtension>
        </extensions>
      </trkpt>
      <trkpt lat="44.4299563206732273101806640625" lon="-80.29596467502415180206298828125">
        <ele>394.79998779296875</ele>
        <time>2024-10-23T17:51:41.000Z</time>
        <extensions>
          <ns3:TrackPointExtension>
            <ns3:hr>115</ns3:hr>
          </ns3:TrackPointExtension>
        </extensions>
      </trkpt>
      <trkpt lat="44.4299781136214733123779296875" lon="-80.2960127033293247222900390625">
        <ele>394.79998779296875</ele>
        <time>2024-10-23T17:51:45.000Z</time>
        <extensions>
          <ns3:TrackPointExtension>
            <ns3:hr>112</ns3:hr>
          </ns3:TrackPointExtension>
        </extensions>
      </trkpt>
      <trkpt lat="44.4300475157797336578369140625" lon="-80.296108089387416839599609375">
        <ele>394.79998779296875</ele>
        <time>2024-10-23T17:51:54.000Z</time>
        <extensions>
          <ns3:TrackPointExtension>
            <ns3:hr>114</ns3:hr>
          </ns3:TrackPointExtension>
        </extensions>
      </trkpt>
      <trkpt lat="44.43006880581378936767578125" lon="-80.2961266972124576568603515625">
        <ele>394.20001220703125</ele>
        <time>2024-10-23T17:51:57.000Z</time>
        <extensions>
          <ns3:TrackPointExtension>
            <ns3:hr>117</ns3:hr>
          </ns3:TrackPointExtension>
        </extensions>
      </trkpt>
      <trkpt lat="44.43008464761078357696533203125" lon="-80.2961454726755619049072265625">
        <ele>393.79998779296875</ele>
        <time>2024-10-23T17:51:59.000Z</time>
        <extensions>
          <ns3:TrackPointExtension>
            <ns3:hr>120</ns3:hr>
          </ns3:TrackPointExtension>
        </extensions>
      </trkpt>
      <trkpt lat="44.43008950911462306976318359375" lon="-80.296153016388416290283203125">
        <ele>393.399993896484375</ele>
        <time>2024-10-23T17:52:00.000Z</time>
        <extensions>
          <ns3:TrackPointExtension>
            <ns3:hr>120</ns3:hr>
          </ns3:TrackPointExtension>
        </extensions>
      </trkpt>
      <trkpt lat="44.4301571510732173919677734375" lon="-80.29621261171996593475341796875">
        <ele>392.399993896484375</ele>
        <time>2024-10-23T17:52:08.000Z</time>
        <extensions>
          <ns3:TrackPointExtension>
            <ns3:hr>121</ns3:hr>
          </ns3:TrackPointExtension>
        </extensions>
      </trkpt>
      <trkpt lat="44.430169723927974700927734375" lon="-80.29622032307088375091552734375">
        <ele>392.399993896484375</ele>
        <time>2024-10-23T17:52:09.000Z</time>
        <extensions>
          <ns3:TrackPointExtension>
            <ns3:hr>121</ns3:hr>
          </ns3:TrackPointExtension>
        </extensions>
      </trkpt>
      <trkpt lat="44.43017609417438507080078125" lon="-80.2962242625653743743896484375">
        <ele>392.399993896484375</ele>
        <time>2024-10-23T17:52:10.000Z</time>
        <extensions>
          <ns3:TrackPointExtension>
            <ns3:hr>124</ns3:hr>
          </ns3:TrackPointExtension>
        </extensions>
      </trkpt>
      <trkpt lat="44.4301856495440006256103515625" lon="-80.296228118240833282470703125">
        <ele>392.399993896484375</ele>
        <time>2024-10-23T17:52:11.000Z</time>
        <extensions>
          <ns3:TrackPointExtension>
            <ns3:hr>120</ns3:hr>
          </ns3:TrackPointExtension>
        </extensions>
      </trkpt>
      <trkpt lat="44.4302299059927463531494140625" lon="-80.29624731279909610748291015625">
        <ele>392.20001220703125</ele>
        <time>2024-10-23T17:52:14.000Z</time>
        <extensions>
          <ns3:TrackPointExtension>
            <ns3:hr>119</ns3:hr>
          </ns3:TrackPointExtension>
        </extensions>
      </trkpt>
      <trkpt lat="44.430295787751674652099609375" lon="-80.29630179516971111297607421875">
        <ele>392</ele>
        <time>2024-10-23T17:52:21.000Z</time>
        <extensions>
          <ns3:TrackPointExtension>
            <ns3:hr>117</ns3:hr>
          </ns3:TrackPointExtension>
        </extensions>
      </trkpt>
      <trkpt lat="44.430334679782390594482421875" lon="-80.2963372506201267242431640625">
        <ele>392</ele>
        <time>2024-10-23T17:52:26.000Z</time>
        <extensions>
          <ns3:TrackPointExtension>
            <ns3:hr>111</ns3:hr>
          </ns3:TrackPointExtension>
        </extensions>
      </trkpt>
      <trkpt lat="44.43034532479941844940185546875" lon="-80.296346805989742279052734375">
        <ele>392</ele>
        <time>2024-10-23T17:52:27.000Z</time>
        <extensions>
          <ns3:TrackPointExtension>
            <ns3:hr>111</ns3:hr>
          </ns3:TrackPointExtension>
        </extensions>
      </trkpt>
      <trkpt lat="44.43037600256502628326416015625" lon="-80.29636817984282970428466796875">
        <ele>392.20001220703125</ele>
        <time>2024-10-23T17:52:31.000Z</time>
        <extensions>
          <ns3:TrackPointExtension>
            <ns3:hr>108</ns3:hr>
          </ns3:TrackPointExtension>
        </extensions>
      </trkpt>
      <trkpt lat="44.43041036836802959442138671875" lon="-80.2963905595242977142333984375">
        <ele>392.20001220703125</ele>
        <time>2024-10-23T17:52:37.000Z</time>
        <extensions>
          <ns3:TrackPointExtension>
            <ns3:hr>107</ns3:hr>
          </ns3:TrackPointExtension>
        </extensions>
      </trkpt>
      <trkpt lat="44.43047189153730869293212890625" lon="-80.296423919498920440673828125">
        <ele>392.600006103515625</ele>
        <time>2024-10-23T17:52:46.000Z</time>
        <extensions>
          <ns3:TrackPointExtension>
            <ns3:hr>107</ns3:hr>
          </ns3:TrackPointExtension>
        </extensions>
      </trkpt>
      <trkpt lat="44.43050659261643886566162109375" lon="-80.29644261114299297332763671875">
        <ele>392.79998779296875</ele>
        <time>2024-10-23T17:52:50.000Z</time>
        <extensions>
          <ns3:TrackPointExtension>
            <ns3:hr>109</ns3:hr>
          </ns3:TrackPointExtension>
        </extensions>
      </trkpt>
      <trkpt lat="44.430519081652164459228515625" lon="-80.296451747417449951171875">
        <ele>393</ele>
        <time>2024-10-23T17:52:52.000Z</time>
        <extensions>
          <ns3:TrackPointExtension>
            <ns3:hr>112</ns3:hr>
          </ns3:TrackPointExtension>
        </extensions>
      </trkpt>
      <trkpt lat="44.4305477477610111236572265625" lon="-80.29644629918038845062255859375">
        <ele>393.600006103515625</ele>
        <time>2024-10-23T17:52:58.000Z</time>
        <extensions>
          <ns3:TrackPointExtension>
            <ns3:hr>114</ns3:hr>
          </ns3:TrackPointExtension>
        </extensions>
      </trkpt>
      <trkpt lat="44.43058236502110958099365234375" lon="-80.296449400484561920166015625">
        <ele>394.20001220703125</ele>
        <time>2024-10-23T17:53:05.000Z</time>
        <extensions>
          <ns3:TrackPointExtension>
            <ns3:hr>113</ns3:hr>
          </ns3:TrackPointExtension>
        </extensions>
      </trkpt>
      <trkpt lat="44.43060315214097499847412109375" lon="-80.2964411862194538116455078125">
        <ele>394.600006103515625</ele>
        <time>2024-10-23T17:53:07.000Z</time>
        <extensions>
          <ns3:TrackPointExtension>
            <ns3:hr>113</ns3:hr>
          </ns3:TrackPointExtension>
        </extensions>
      </trkpt>
      <trkpt lat="44.4306352548301219940185546875" lon="-80.2963915653526782989501953125">
        <ele>395.600006103515625</ele>
        <time>2024-10-23T17:53:15.000Z</time>
        <extensions>
          <ns3:TrackPointExtension>
            <ns3:hr>113</ns3:hr>
          </ns3:TrackPointExtension>
        </extensions>
      </trkpt>
      <trkpt lat="44.430655203759670257568359375" lon="-80.296381004154682159423828125">
        <ele>396.20001220703125</ele>
        <time>2024-10-23T17:53:17.000Z</time>
        <extensions>
          <ns3:TrackPointExtension>
            <ns3:hr>114</ns3:hr>
          </ns3:TrackPointExtension>
        </extensions>
      </trkpt>
      <trkpt lat="44.43070180714130401611328125" lon="-80.2963701076805591583251953125">
        <ele>396.79998779296875</ele>
        <time>2024-10-23T17:53:20.000Z</time>
        <extensions>
          <ns3:TrackPointExtension>
            <ns3:hr>117</ns3:hr>
          </ns3:TrackPointExtension>
        </extensions>
      </trkpt>
      <trkpt lat="44.4307137094438076019287109375" lon="-80.29636323451995849609375">
        <ele>397</ele>
        <time>2024-10-23T17:53:21.000Z</time>
        <extensions>
          <ns3:TrackPointExtension>
            <ns3:hr>120</ns3:hr>
          </ns3:TrackPointExtension>
        </extensions>
      </trkpt>
      <trkpt lat="44.43073005415499210357666015625" lon="-80.2963389270007610321044921875">
        <ele>397.20001220703125</ele>
        <time>2024-10-23T17:53:23.000Z</time>
        <extensions>
          <ns3:TrackPointExtension>
            <ns3:hr>116</ns3:hr>
          </ns3:TrackPointExtension>
        </extensions>
      </trkpt>
      <trkpt lat="44.4307505898177623748779296875" lon="-80.296319983899593353271484375">
        <ele>397.399993896484375</ele>
        <time>2024-10-23T17:53:25.000Z</time>
        <extensions>
          <ns3:TrackPointExtension>
            <ns3:hr>119</ns3:hr>
          </ns3:TrackPointExtension>
        </extensions>
      </trkpt>
      <trkpt lat="44.4307985343039035797119140625" lon="-80.2963077463209629058837890625">
        <ele>398</ele>
        <time>2024-10-23T17:53:28.000Z</time>
        <extensions>
          <ns3:TrackPointExtension>
            <ns3:hr>119</ns3:hr>
          </ns3:TrackPointExtension>
        </extensions>
      </trkpt>
      <trkpt lat="44.430842958390712738037109375" lon="-80.29628771357238292694091796875">
        <ele>398.600006103515625</ele>
        <time>2024-10-23T17:53:31.000Z</time>
        <extensions>
          <ns3:TrackPointExtension>
            <ns3:hr>121</ns3:hr>
          </ns3:TrackPointExtension>
        </extensions>
      </trkpt>
      <trkpt lat="44.43088461644947528839111328125" lon="-80.29626374132931232452392578125">
        <ele>399</ele>
        <time>2024-10-23T17:53:36.000Z</time>
        <extensions>
          <ns3:TrackPointExtension>
            <ns3:hr>124</ns3:hr>
          </ns3:TrackPointExtension>
        </extensions>
      </trkpt>
      <trkpt lat="44.43092904053628444671630859375" lon="-80.2962557785212993621826171875">
        <ele>399.79998779296875</ele>
        <time>2024-10-23T17:53:41.000Z</time>
        <extensions>
          <ns3:TrackPointExtension>
            <ns3:hr>127</ns3:hr>
          </ns3:TrackPointExtension>
        </extensions>
      </trkpt>
      <trkpt lat="44.4309390150010585784912109375" lon="-80.29625586234033107757568359375">
        <ele>400</ele>
        <time>2024-10-23T17:53:42.000Z</time>
        <extensions>
          <ns3:TrackPointExtension>
            <ns3:hr>127</ns3:hr>
          </ns3:TrackPointExtension>
        </extensions>
      </trkpt>
      <trkpt lat="44.430966340005397796630859375" lon="-80.2962438762187957763671875">
        <ele>400.600006103515625</ele>
        <time>2024-10-23T17:53:45.000Z</time>
        <extensions>
          <ns3:TrackPointExtension>
            <ns3:hr>127</ns3:hr>
          </ns3:TrackPointExtension>
        </extensions>
      </trkpt>
      <trkpt lat="44.43099140189588069915771484375" lon="-80.29624429531395435333251953125">
        <ele>401</ele>
        <time>2024-10-23T17:53:50.000Z</time>
        <extensions>
          <ns3:TrackPointExtension>
            <ns3:hr>127</ns3:hr>
          </ns3:TrackPointExtension>
        </extensions>
      </trkpt>
      <trkpt lat="44.43106926977634429931640625" lon="-80.29622845351696014404296875">
        <ele>402.20001220703125</ele>
        <time>2024-10-23T17:53:59.000Z</time>
        <extensions>
          <ns3:TrackPointExtension>
            <ns3:hr>126</ns3:hr>
          </ns3:TrackPointExtension>
        </extensions>
      </trkpt>
      <trkpt lat="44.431127943098545074462890625" lon="-80.2962527610361576080322265625">
        <ele>403.20001220703125</ele>
        <time>2024-10-23T17:54:07.000Z</time>
        <extensions>
          <ns3:TrackPointExtension>
            <ns3:hr>125</ns3:hr>
          </ns3:TrackPointExtension>
        </extensions>
      </trkpt>
      <trkpt lat="44.43115535192191600799560546875" lon="-80.2962805889546871185302734375">
        <ele>403.79998779296875</ele>
        <time>2024-10-23T17:54:12.000Z</time>
        <extensions>
          <ns3:TrackPointExtension>
            <ns3:hr>125</ns3:hr>
          </ns3:TrackPointExtension>
        </extensions>
      </trkpt>
      <trkpt lat="44.43117898888885974884033203125" lon="-80.29628989286720752716064453125">
        <ele>404.399993896484375</ele>
        <time>2024-10-23T17:54:16.000Z</time>
        <extensions>
          <ns3:TrackPointExtension>
            <ns3:hr>127</ns3:hr>
          </ns3:TrackPointExtension>
        </extensions>
      </trkpt>
      <trkpt lat="44.43123967386782169342041015625" lon="-80.2963030524551868438720703125">
        <ele>405.399993896484375</ele>
        <time>2024-10-23T17:54:22.000Z</time>
        <extensions>
          <ns3:TrackPointExtension>
            <ns3:hr>127</ns3:hr>
          </ns3:TrackPointExtension>
        </extensions>
      </trkpt>
      <trkpt lat="44.43126699887216091156005859375" lon="-80.2963147871196269989013671875">
        <ele>406</ele>
        <time>2024-10-23T17:54:26.000Z</time>
        <extensions>
          <ns3:TrackPointExtension>
            <ns3:hr>126</ns3:hr>
          </ns3:TrackPointExtension>
        </extensions>
      </trkpt>
      <trkpt lat="44.43129197694361209869384765625" lon="-80.29631428420543670654296875">
        <ele>406.600006103515625</ele>
        <time>2024-10-23T17:54:30.000Z</time>
        <extensions>
          <ns3:TrackPointExtension>
            <ns3:hr>127</ns3:hr>
          </ns3:TrackPointExtension>
        </extensions>
      </trkpt>
      <trkpt lat="44.43132131360471248626708984375" lon="-80.29632710851728916168212890625">
        <ele>407.600006103515625</ele>
        <time>2024-10-23T17:54:37.000Z</time>
        <extensions>
          <ns3:TrackPointExtension>
            <ns3:hr>127</ns3:hr>
          </ns3:TrackPointExtension>
        </extensions>
      </trkpt>
      <trkpt lat="44.43133539520204067230224609375" lon="-80.2963271923363208770751953125">
        <ele>408.20001220703125</ele>
        <time>2024-10-23T17:54:40.000Z</time>
        <extensions>
          <ns3:TrackPointExtension>
            <ns3:hr>129</ns3:hr>
          </ns3:TrackPointExtension>
        </extensions>
      </trkpt>
      <trkpt lat="44.43133958615362644195556640625" lon="-80.296334065496921539306640625">
        <ele>408.600006103515625</ele>
        <time>2024-10-23T17:54:42.000Z</time>
        <extensions>
          <ns3:TrackPointExtension>
            <ns3:hr>129</ns3:hr>
          </ns3:TrackPointExtension>
        </extensions>
      </trkpt>
      <trkpt lat="44.43137227557599544525146484375" lon="-80.2963292039930820465087890625">
        <ele>409.79998779296875</ele>
        <time>2024-10-23T17:54:47.000Z</time>
        <extensions>
          <ns3:TrackPointExtension>
            <ns3:hr>131</ns3:hr>
          </ns3:TrackPointExtension>
        </extensions>
      </trkpt>
      <trkpt lat="44.4313939847052097320556640625" lon="-80.29633104801177978515625">
        <ele>411</ele>
        <time>2024-10-23T17:54:51.000Z</time>
        <extensions>
          <ns3:TrackPointExtension>
            <ns3:hr>131</ns3:hr>
          </ns3:TrackPointExtension>
        </extensions>
      </trkpt>
      <trkpt lat="44.431437738239765167236328125" lon="-80.29631562530994415283203125">
        <ele>412</ele>
        <time>2024-10-23T17:54:58.000Z</time>
        <extensions>
          <ns3:TrackPointExtension>
            <ns3:hr>132</ns3:hr>
          </ns3:TrackPointExtension>
        </extensions>
      </trkpt>
      <trkpt lat="44.431468583643436431884765625" lon="-80.2963084168732166290283203125">
        <ele>413.20001220703125</ele>
        <time>2024-10-23T17:55:06.000Z</time>
        <extensions>
          <ns3:TrackPointExtension>
            <ns3:hr>133</ns3:hr>
          </ns3:TrackPointExtension>
        </extensions>
      </trkpt>
      <trkpt lat="44.4314754568040370941162109375" lon="-80.2963141165673732757568359375">
        <ele>413.399993896484375</ele>
        <time>2024-10-23T17:55:08.000Z</time>
        <extensions>
          <ns3:TrackPointExtension>
            <ns3:hr>134</ns3:hr>
          </ns3:TrackPointExtension>
        </extensions>
      </trkpt>
      <trkpt lat="44.43147386424243450164794921875" lon="-80.29634471051394939422607421875">
        <ele>413.79998779296875</ele>
        <time>2024-10-23T17:55:12.000Z</time>
        <extensions>
          <ns3:TrackPointExtension>
            <ns3:hr>131</ns3:hr>
          </ns3:TrackPointExtension>
        </extensions>
      </trkpt>
      <trkpt lat="44.4314885325729846954345703125" lon="-80.2963691018521785736083984375">
        <ele>414.20001220703125</ele>
        <time>2024-10-23T17:55:20.000Z</time>
        <extensions>
          <ns3:TrackPointExtension>
            <ns3:hr>130</ns3:hr>
          </ns3:TrackPointExtension>
        </extensions>
      </trkpt>
      <trkpt lat="44.431488700211048126220703125" lon="-80.29636901803314685821533203125">
        <ele>414.399993896484375</ele>
        <time>2024-10-23T17:55:21.000Z</time>
        <extensions>
          <ns3:TrackPointExtension>
            <ns3:hr>131</ns3:hr>
          </ns3:TrackPointExtension>
        </extensions>
      </trkpt>
      <trkpt lat="44.43149632774293422698974609375" lon="-80.29636600054800510406494140625">
        <ele>414.79998779296875</ele>
        <time>2024-10-23T17:55:27.000Z</time>
        <extensions>
          <ns3:TrackPointExtension>
            <ns3:hr>128</ns3:hr>
          </ns3:TrackPointExtension>
        </extensions>
      </trkpt>
      <trkpt lat="44.43151175044476985931396484375" lon="-80.29634353704750537872314453125">
        <ele>414.79998779296875</ele>
        <time>2024-10-23T17:55:31.000Z</time>
        <extensions>
          <ns3:TrackPointExtension>
            <ns3:hr>125</ns3:hr>
          </ns3:TrackPointExtension>
        </extensions>
      </trkpt>
      <trkpt lat="44.4315294362604618072509765625" lon="-80.2963350713253021240234375">
        <ele>415</ele>
        <time>2024-10-23T17:55:33.000Z</time>
        <extensions>
          <ns3:TrackPointExtension>
            <ns3:hr>125</ns3:hr>
          </ns3:TrackPointExtension>
        </extensions>
      </trkpt>
      <trkpt lat="44.43157226778566837310791015625" lon="-80.2963395975530147552490234375">
        <ele>415.399993896484375</ele>
        <time>2024-10-23T17:55:38.000Z</time>
        <extensions>
          <ns3:TrackPointExtension>
            <ns3:hr>125</ns3:hr>
          </ns3:TrackPointExtension>
        </extensions>
      </trkpt>
      <trkpt lat="44.43158769048750400543212890625" lon="-80.296357534825801849365234375">
        <ele>415.79998779296875</ele>
        <time>2024-10-23T17:55:42.000Z</time>
        <extensions>
          <ns3:TrackPointExtension>
            <ns3:hr>128</ns3:hr>
          </ns3:TrackPointExtension>
        </extensions>
      </trkpt>
      <trkpt lat="44.43159238435328006744384765625" lon="-80.29636180959641933441162109375">
        <ele>416.20001220703125</ele>
        <time>2024-10-23T17:55:43.000Z</time>
        <extensions>
          <ns3:TrackPointExtension>
            <ns3:hr>125</ns3:hr>
          </ns3:TrackPointExtension>
        </extensions>
      </trkpt>
      <trkpt lat="44.431595318019390106201171875" lon="-80.29636767692863941192626953125">
        <ele>416.399993896484375</ele>
        <time>2024-10-23T17:55:44.000Z</time>
        <extensions>
          <ns3:TrackPointExtension>
            <ns3:hr>124</ns3:hr>
          </ns3:TrackPointExtension>
        </extensions>
      </trkpt>
      <trkpt lat="44.43159758113324642181396484375" lon="-80.296372957527637481689453125">
        <ele>416.399993896484375</ele>
        <time>2024-10-23T17:55:45.000Z</time>
        <extensions>
          <ns3:TrackPointExtension>
            <ns3:hr>124</ns3:hr>
          </ns3:TrackPointExtension>
        </extensions>
      </trkpt>
      <trkpt lat="44.4316226430237293243408203125" lon="-80.29640371911227703094482421875">
        <ele>417.20001220703125</ele>
        <time>2024-10-23T17:55:50.000Z</time>
        <extensions>
          <ns3:TrackPointExtension>
            <ns3:hr>127</ns3:hr>
          </ns3:TrackPointExtension>
        </extensions>
      </trkpt>
      <trkpt lat="44.43163379095494747161865234375" lon="-80.29641981236636638641357421875">
        <ele>417.600006103515625</ele>
        <time>2024-10-23T17:55:52.000Z</time>
        <extensions>
          <ns3:TrackPointExtension>
            <ns3:hr>128</ns3:hr>
          </ns3:TrackPointExtension>
        </extensions>
      </trkpt>
      <trkpt lat="44.43167100660502910614013671875" lon="-80.29647328890860080718994140625">
        <ele>418.79998779296875</ele>
        <time>2024-10-23T17:56:01.000Z</time>
        <extensions>
          <ns3:TrackPointExtension>
            <ns3:hr>130</ns3:hr>
          </ns3:TrackPointExtension>
        </extensions>
      </trkpt>
      <trkpt lat="44.43173848092555999755859375" lon="-80.29649776406586170196533203125">
        <ele>419.79998779296875</ele>
        <time>2024-10-23T17:56:09.000Z</time>
        <extensions>
          <ns3:TrackPointExtension>
            <ns3:hr>131</ns3:hr>
          </ns3:TrackPointExtension>
        </extensions>
      </trkpt>
      <trkpt lat="44.4317446835339069366455078125" lon="-80.29649667441844940185546875">
        <ele>420</ele>
        <time>2024-10-23T17:56:10.000Z</time>
        <extensions>
          <ns3:TrackPointExtension>
            <ns3:hr>134</ns3:hr>
          </ns3:TrackPointExtension>
        </extensions>
      </trkpt>
      <trkpt lat="44.4317557476460933685302734375" lon="-80.29650044627487659454345703125">
        <ele>420.20001220703125</ele>
        <time>2024-10-23T17:56:12.000Z</time>
        <extensions>
          <ns3:TrackPointExtension>
            <ns3:hr>139</ns3:hr>
          </ns3:TrackPointExtension>
        </extensions>
      </trkpt>
      <trkpt lat="44.43178852088749408721923828125" lon="-80.29650740325450897216796875">
        <ele>421</ele>
        <time>2024-10-23T17:56:16.000Z</time>
        <extensions>
          <ns3:TrackPointExtension>
            <ns3:hr>141</ns3:hr>
          </ns3:TrackPointExtension>
        </extensions>
      </trkpt>
      <trkpt lat="44.43180394358932971954345703125" lon="-80.29651142656803131103515625">
        <ele>421.399993896484375</ele>
        <time>2024-10-23T17:56:18.000Z</time>
        <extensions>
          <ns3:TrackPointExtension>
            <ns3:hr>138</ns3:hr>
          </ns3:TrackPointExtension>
        </extensions>
      </trkpt>
      <trkpt lat="44.43182691000401973724365234375" lon="-80.2965079061686992645263671875">
        <ele>421.79998779296875</ele>
        <time>2024-10-23T17:56:21.000Z</time>
        <extensions>
          <ns3:TrackPointExtension>
            <ns3:hr>135</ns3:hr>
          </ns3:TrackPointExtension>
        </extensions>
      </trkpt>
      <trkpt lat="44.4318425841629505157470703125" lon="-80.2965132705867290496826171875">
        <ele>422.20001220703125</ele>
        <time>2024-10-23T17:56:23.000Z</time>
        <extensions>
          <ns3:TrackPointExtension>
            <ns3:hr>134</ns3:hr>
          </ns3:TrackPointExtension>
        </extensions>
      </trkpt>
      <trkpt lat="44.43189865909516811370849609375" lon="-80.29653078876435756683349609375">
        <ele>422.79998779296875</ele>
        <time>2024-10-23T17:56:28.000Z</time>
        <extensions>
          <ns3:TrackPointExtension>
            <ns3:hr>133</ns3:hr>
          </ns3:TrackPointExtension>
        </extensions>
      </trkpt>
      <trkpt lat="44.43194098770618438720703125" lon="-80.29652928002178668975830078125">
        <ele>423.600006103515625</ele>
        <time>2024-10-23T17:56:33.000Z</time>
        <extensions>
          <ns3:TrackPointExtension>
            <ns3:hr>134</ns3:hr>
          </ns3:TrackPointExtension>
        </extensions>
      </trkpt>
      <trkpt lat="44.43195934407413005828857421875" lon="-80.2965281903743743896484375">
        <ele>424.600006103515625</ele>
        <time>2024-10-23T17:56:37.000Z</time>
        <extensions>
          <ns3:TrackPointExtension>
            <ns3:hr>134</ns3:hr>
          </ns3:TrackPointExtension>
        </extensions>
      </trkpt>
      <trkpt lat="44.4319901056587696075439453125" lon="-80.2965012006461620330810546875">
        <ele>425.399993896484375</ele>
        <time>2024-10-23T17:56:42.000Z</time>
        <extensions>
          <ns3:TrackPointExtension>
            <ns3:hr>133</ns3:hr>
          </ns3:TrackPointExtension>
        </extensions>
      </trkpt>
      <trkpt lat="44.43201215006411075592041015625" lon="-80.2964784018695354461669921875">
        <ele>425.600006103515625</ele>
        <time>2024-10-23T17:56:45.000Z</time>
        <extensions>
          <ns3:TrackPointExtension>
            <ns3:hr>132</ns3:hr>
          </ns3:TrackPointExtension>
        </extensions>
      </trkpt>
      <trkpt lat="44.4320501200854778289794921875" lon="-80.29642685316503047943115234375">
        <ele>426.20001220703125</ele>
        <time>2024-10-23T17:56:50.000Z</time>
        <extensions>
          <ns3:TrackPointExtension>
            <ns3:hr>129</ns3:hr>
          </ns3:TrackPointExtension>
        </extensions>
      </trkpt>
      <trkpt lat="44.43210552446544170379638671875" lon="-80.296384356915950775146484375">
        <ele>426.600006103515625</ele>
        <time>2024-10-23T17:56:57.000Z</time>
        <extensions>
          <ns3:TrackPointExtension>
            <ns3:hr>128</ns3:hr>
          </ns3:TrackPointExtension>
        </extensions>
      </trkpt>
      <trkpt lat="44.4321121461689472198486328125" lon="-80.29637823812663555145263671875">
        <ele>426.600006103515625</ele>
        <time>2024-10-23T17:56:58.000Z</time>
        <extensions>
          <ns3:TrackPointExtension>
            <ns3:hr>128</ns3:hr>
          </ns3:TrackPointExtension>
        </extensions>
      </trkpt>
      <trkpt lat="44.432202838361263275146484375" lon="-80.296410508453845977783203125">
        <ele>427.20001220703125</ele>
        <time>2024-10-23T17:57:10.000Z</time>
        <extensions>
          <ns3:TrackPointExtension>
            <ns3:hr>128</ns3:hr>
          </ns3:TrackPointExtension>
        </extensions>
      </trkpt>
      <trkpt lat="44.432224966585636138916015625" lon="-80.29643238522112369537353515625">
        <ele>427.600006103515625</ele>
        <time>2024-10-23T17:57:14.000Z</time>
        <extensions>
          <ns3:TrackPointExtension>
            <ns3:hr>128</ns3:hr>
          </ns3:TrackPointExtension>
        </extensions>
      </trkpt>
      <trkpt lat="44.43233099766075611114501953125" lon="-80.296442024409770965576171875">
        <ele>428.600006103515625</ele>
        <time>2024-10-23T17:57:25.000Z</time>
        <extensions>
          <ns3:TrackPointExtension>
            <ns3:hr>128</ns3:hr>
          </ns3:TrackPointExtension>
        </extensions>
      </trkpt>
      <trkpt lat="44.43236687220633029937744140625" lon="-80.29641243629157543182373046875">
        <ele>428.79998779296875</ele>
        <time>2024-10-23T17:57:29.000Z</time>
        <extensions>
          <ns3:TrackPointExtension>
            <ns3:hr>126</ns3:hr>
          </ns3:TrackPointExtension>
        </extensions>
      </trkpt>
      <trkpt lat="44.432433508336544036865234375" lon="-80.2964036352932453155517578125">
        <ele>429</ele>
        <time>2024-10-23T17:57:37.000Z</time>
        <extensions>
          <ns3:TrackPointExtension>
            <ns3:hr>125</ns3:hr>
          </ns3:TrackPointExtension>
        </extensions>
      </trkpt>
      <trkpt lat="44.4324739091098308563232421875" lon="-80.2964101731777191162109375">
        <ele>429.20001220703125</ele>
        <time>2024-10-23T17:57:40.000Z</time>
        <extensions>
          <ns3:TrackPointExtension>
            <ns3:hr>128</ns3:hr>
          </ns3:TrackPointExtension>
        </extensions>
      </trkpt>
      <trkpt lat="44.43249293603003025054931640625" lon="-80.2964136935770511627197265625">
        <ele>430</ele>
        <time>2024-10-23T17:57:42.000Z</time>
        <extensions>
          <ns3:TrackPointExtension>
            <ns3:hr>127</ns3:hr>
          </ns3:TrackPointExtension>
        </extensions>
      </trkpt>
      <trkpt lat="44.432518668472766876220703125" lon="-80.29642383567988872528076171875">
        <ele>430.79998779296875</ele>
        <time>2024-10-23T17:57:45.000Z</time>
        <extensions>
          <ns3:TrackPointExtension>
            <ns3:hr>124</ns3:hr>
          </ns3:TrackPointExtension>
        </extensions>
      </trkpt>
      <trkpt lat="44.4325386174023151397705078125" lon="-80.29643230140209197998046875">
        <ele>431.20001220703125</ele>
        <time>2024-10-23T17:57:46.000Z</time>
        <extensions>
          <ns3:TrackPointExtension>
            <ns3:hr>124</ns3:hr>
          </ns3:TrackPointExtension>
        </extensions>
      </trkpt>
      <trkpt lat="44.43259787745773792266845703125" lon="-80.2964656613767147064208984375">
        <ele>432</ele>
        <time>2024-10-23T17:57:52.000Z</time>
        <extensions>
          <ns3:TrackPointExtension>
            <ns3:hr>126</ns3:hr>
          </ns3:TrackPointExtension>
        </extensions>
      </trkpt>
      <trkpt lat="44.43260374478995800018310546875" lon="-80.2964767254889011383056640625">
        <ele>432.20001220703125</ele>
        <time>2024-10-23T17:57:53.000Z</time>
        <extensions>
          <ns3:TrackPointExtension>
            <ns3:hr>126</ns3:hr>
          </ns3:TrackPointExtension>
        </extensions>
      </trkpt>
      <trkpt lat="44.432672560214996337890625" lon="-80.2965115942060947418212890625">
        <ele>433.20001220703125</ele>
        <time>2024-10-23T17:58:05.000Z</time>
        <extensions>
          <ns3:TrackPointExtension>
            <ns3:hr>125</ns3:hr>
          </ns3:TrackPointExtension>
        </extensions>
      </trkpt>
      <trkpt lat="44.43270541727542877197265625" lon="-80.29651620425283908843994140625">
        <ele>434</ele>
        <time>2024-10-23T17:58:09.000Z</time>
        <extensions>
          <ns3:TrackPointExtension>
            <ns3:hr>125</ns3:hr>
          </ns3:TrackPointExtension>
        </extensions>
      </trkpt>
      <trkpt lat="44.43272025324404239654541015625" lon="-80.29652324505150318145751953125">
        <ele>434.399993896484375</ele>
        <time>2024-10-23T17:58:11.000Z</time>
        <extensions>
          <ns3:TrackPointExtension>
            <ns3:hr>125</ns3:hr>
          </ns3:TrackPointExtension>
        </extensions>
      </trkpt>
      <trkpt lat="44.43278512917459011077880859375" lon="-80.29652710072696208953857421875">
        <ele>435.399993896484375</ele>
        <time>2024-10-23T17:58:18.000Z</time>
        <extensions>
          <ns3:TrackPointExtension>
            <ns3:hr>123</ns3:hr>
          </ns3:TrackPointExtension>
        </extensions>
      </trkpt>
      <trkpt lat="44.4328346662223339080810546875" lon="-80.2965384162962436676025390625">
        <ele>436.20001220703125</ele>
        <time>2024-10-23T17:58:24.000Z</time>
        <extensions>
          <ns3:TrackPointExtension>
            <ns3:hr>124</ns3:hr>
          </ns3:TrackPointExtension>
        </extensions>
      </trkpt>
      <trkpt lat="44.432859979569911956787109375" lon="-80.2965488098561763763427734375">
        <ele>436.600006103515625</ele>
        <time>2024-10-23T17:58:27.000Z</time>
        <extensions>
          <ns3:TrackPointExtension>
            <ns3:hr>123</ns3:hr>
          </ns3:TrackPointExtension>
        </extensions>
      </trkpt>
      <trkpt lat="44.4329221732914447784423828125" lon="-80.29658342711627483367919921875">
        <ele>436.79998779296875</ele>
        <time>2024-10-23T17:58:33.000Z</time>
        <extensions>
          <ns3:TrackPointExtension>
            <ns3:hr>127</ns3:hr>
          </ns3:TrackPointExtension>
        </extensions>
      </trkpt>
      <trkpt lat="44.43293198011815547943115234375" lon="-80.29663975350558757781982421875">
        <ele>437.600006103515625</ele>
        <time>2024-10-23T17:58:37.000Z</time>
        <extensions>
          <ns3:TrackPointExtension>
            <ns3:hr>128</ns3:hr>
          </ns3:TrackPointExtension>
        </extensions>
      </trkpt>
      <trkpt lat="44.4329308904707431793212890625" lon="-80.29665333218872547149658203125">
        <ele>437.79998779296875</ele>
        <time>2024-10-23T17:58:38.000Z</time>
        <extensions>
          <ns3:TrackPointExtension>
            <ns3:hr>128</ns3:hr>
          </ns3:TrackPointExtension>
        </extensions>
      </trkpt>
      <trkpt lat="44.43292510695755481719970703125" lon="-80.2967553399503231048583984375">
        <ele>439</ele>
        <time>2024-10-23T17:58:46.000Z</time>
        <extensions>
          <ns3:TrackPointExtension>
            <ns3:hr>129</ns3:hr>
          </ns3:TrackPointExtension>
        </extensions>
      </trkpt>
      <trkpt lat="44.4329483248293399810791015625" lon="-80.29683186672627925872802734375">
        <ele>440</ele>
        <time>2024-10-23T17:58:53.000Z</time>
        <extensions>
          <ns3:TrackPointExtension>
            <ns3:hr>131</ns3:hr>
          </ns3:TrackPointExtension>
        </extensions>
      </trkpt>
      <trkpt lat="44.43295712582767009735107421875" lon="-80.2968991734087467193603515625">
        <ele>441</ele>
        <time>2024-10-23T17:58:59.000Z</time>
        <extensions>
          <ns3:TrackPointExtension>
            <ns3:hr>130</ns3:hr>
          </ns3:TrackPointExtension>
        </extensions>
      </trkpt>
      <trkpt lat="44.43299350328743457794189453125" lon="-80.29702431522309780120849609375">
        <ele>442</ele>
        <time>2024-10-23T17:59:09.000Z</time>
        <extensions>
          <ns3:TrackPointExtension>
            <ns3:hr>129</ns3:hr>
          </ns3:TrackPointExtension>
        </extensions>
      </trkpt>
      <trkpt lat="44.43299685604870319366455078125" lon="-80.29703437350690364837646484375">
        <ele>442</ele>
        <time>2024-10-23T17:59:10.000Z</time>
        <extensions>
          <ns3:TrackPointExtension>
            <ns3:hr>128</ns3:hr>
          </ns3:TrackPointExtension>
        </extensions>
      </trkpt>
      <trkpt lat="44.43300657905638217926025390625" lon="-80.29712372459471225738525390625">
        <ele>443</ele>
        <time>2024-10-23T17:59:17.000Z</time>
        <extensions>
          <ns3:TrackPointExtension>
            <ns3:hr>126</ns3:hr>
          </ns3:TrackPointExtension>
        </extensions>
      </trkpt>
      <trkpt lat="44.43299911916255950927734375" lon="-80.29715322889387607574462890625">
        <ele>443.79998779296875</ele>
        <time>2024-10-23T17:59:21.000Z</time>
        <extensions>
          <ns3:TrackPointExtension>
            <ns3:hr>126</ns3:hr>
          </ns3:TrackPointExtension>
        </extensions>
      </trkpt>
      <trkpt lat="44.4329989515244960784912109375" lon="-80.29717124998569488525390625">
        <ele>444.20001220703125</ele>
        <time>2024-10-23T17:59:23.000Z</time>
        <extensions>
          <ns3:TrackPointExtension>
            <ns3:hr>126</ns3:hr>
          </ns3:TrackPointExtension>
        </extensions>
      </trkpt>
      <trkpt lat="44.43299819715321063995361328125" lon="-80.2971928752958774566650390625">
        <ele>444.600006103515625</ele>
        <time>2024-10-23T17:59:26.000Z</time>
        <extensions>
          <ns3:TrackPointExtension>
            <ns3:hr>129</ns3:hr>
          </ns3:TrackPointExtension>
        </extensions>
      </trkpt>
      <trkpt lat="44.4329999573528766632080078125" lon="-80.29723185114562511444091796875">
        <ele>445</ele>
        <time>2024-10-23T17:59:30.000Z</time>
        <extensions>
          <ns3:TrackPointExtension>
            <ns3:hr>132</ns3:hr>
          </ns3:TrackPointExtension>
        </extensions>
      </trkpt>
      <trkpt lat="44.4329930841922760009765625" lon="-80.29725037515163421630859375">
        <ele>445.20001220703125</ele>
        <time>2024-10-23T17:59:34.000Z</time>
        <extensions>
          <ns3:TrackPointExtension>
            <ns3:hr>133</ns3:hr>
          </ns3:TrackPointExtension>
        </extensions>
      </trkpt>
      <trkpt lat="44.4329768233001232147216796875" lon="-80.297255404293537139892578125">
        <ele>445.399993896484375</ele>
        <time>2024-10-23T17:59:37.000Z</time>
        <extensions>
          <ns3:TrackPointExtension>
            <ns3:hr>132</ns3:hr>
          </ns3:TrackPointExtension>
        </extensions>
      </trkpt>
      <trkpt lat="44.43297372199594974517822265625" lon="-80.29728666879236698150634765625">
        <ele>446.399993896484375</ele>
        <time>2024-10-23T17:59:44.000Z</time>
        <extensions>
          <ns3:TrackPointExtension>
            <ns3:hr>130</ns3:hr>
          </ns3:TrackPointExtension>
        </extensions>
      </trkpt>
      <trkpt lat="44.43298696540296077728271484375" lon="-80.29732656665146350860595703125">
        <ele>446.79998779296875</ele>
        <time>2024-10-23T17:59:51.000Z</time>
        <extensions>
          <ns3:TrackPointExtension>
            <ns3:hr>128</ns3:hr>
          </ns3:TrackPointExtension>
        </extensions>
      </trkpt>
      <trkpt lat="44.43302619270980358123779296875" lon="-80.2973595075309276580810546875">
        <ele>447.399993896484375</ele>
        <time>2024-10-23T17:59:59.000Z</time>
        <extensions>
          <ns3:TrackPointExtension>
            <ns3:hr>128</ns3:hr>
          </ns3:TrackPointExtension>
        </extensions>
      </trkpt>
      <trkpt lat="44.43307061679661273956298828125" lon="-80.2973786182701587677001953125">
        <ele>448</ele>
        <time>2024-10-23T18:00:04.000Z</time>
        <extensions>
          <ns3:TrackPointExtension>
            <ns3:hr>129</ns3:hr>
          </ns3:TrackPointExtension>
        </extensions>
      </trkpt>
      <trkpt lat="44.43313457071781158447265625" lon="-80.29740653000771999359130859375">
        <ele>448.399993896484375</ele>
        <time>2024-10-23T18:00:10.000Z</time>
        <extensions>
          <ns3:TrackPointExtension>
            <ns3:hr>127</ns3:hr>
          </ns3:TrackPointExtension>
        </extensions>
      </trkpt>
      <trkpt lat="44.4331924058496952056884765625" lon="-80.2973916940391063690185546875">
        <ele>449.600006103515625</ele>
        <time>2024-10-23T18:00:17.000Z</time>
        <extensions>
          <ns3:TrackPointExtension>
            <ns3:hr>128</ns3:hr>
          </ns3:TrackPointExtension>
        </extensions>
      </trkpt>
      <trkpt lat="44.43320020101964473724365234375" lon="-80.2973890118300914764404296875">
        <ele>449.600006103515625</ele>
        <time>2024-10-23T18:00:18.000Z</time>
        <extensions>
          <ns3:TrackPointExtension>
            <ns3:hr>129</ns3:hr>
          </ns3:TrackPointExtension>
        </extensions>
      </trkpt>
      <trkpt lat="44.43325619213283061981201171875" lon="-80.29733897186815738677978515625">
        <ele>450.600006103515625</ele>
        <time>2024-10-23T18:00:25.000Z</time>
        <extensions>
          <ns3:TrackPointExtension>
            <ns3:hr>130</ns3:hr>
          </ns3:TrackPointExtension>
        </extensions>
      </trkpt>
      <trkpt lat="44.43329282104969024658203125" lon="-80.2972840704023838043212890625">
        <ele>451.20001220703125</ele>
        <time>2024-10-23T18:00:30.000Z</time>
        <extensions>
          <ns3:TrackPointExtension>
            <ns3:hr>130</ns3:hr>
          </ns3:TrackPointExtension>
        </extensions>
      </trkpt>
      <trkpt lat="44.4332990236580371856689453125" lon="-80.29726973734796047210693359375">
        <ele>451.20001220703125</ele>
        <time>2024-10-23T18:00:31.000Z</time>
        <extensions>
          <ns3:TrackPointExtension>
            <ns3:hr>130</ns3:hr>
          </ns3:TrackPointExtension>
        </extensions>
      </trkpt>
      <trkpt lat="44.433350823819637298583984375" lon="-80.29723637737333774566650390625">
        <ele>451.600006103515625</ele>
        <time>2024-10-23T18:00:37.000Z</time>
        <extensions>
          <ns3:TrackPointExtension>
            <ns3:hr>128</ns3:hr>
          </ns3:TrackPointExtension>
        </extensions>
      </trkpt>
      <trkpt lat="44.4334140233695507049560546875" lon="-80.29720419086515903472900390625">
        <ele>452.79998779296875</ele>
        <time>2024-10-23T18:00:44.000Z</time>
        <extensions>
          <ns3:TrackPointExtension>
            <ns3:hr>131</ns3:hr>
          </ns3:TrackPointExtension>
        </extensions>
      </trkpt>
      <trkpt lat="44.43342148326337337493896484375" lon="-80.29719664715230464935302734375">
        <ele>453.20001220703125</ele>
        <time>2024-10-23T18:00:46.000Z</time>
        <extensions>
          <ns3:TrackPointExtension>
            <ns3:hr>132</ns3:hr>
          </ns3:TrackPointExtension>
        </extensions>
      </trkpt>
      <trkpt lat="44.4334364868700504302978515625" lon="-80.2971838228404521942138671875">
        <ele>453.79998779296875</ele>
        <time>2024-10-23T18:00:49.000Z</time>
        <extensions>
          <ns3:TrackPointExtension>
            <ns3:hr>134</ns3:hr>
          </ns3:TrackPointExtension>
        </extensions>
      </trkpt>
      <trkpt lat="44.4334985129535198211669921875" lon="-80.2971442602574825286865234375">
        <ele>454.79998779296875</ele>
        <time>2024-10-23T18:00:56.000Z</time>
        <extensions>
          <ns3:TrackPointExtension>
            <ns3:hr>132</ns3:hr>
          </ns3:TrackPointExtension>
        </extensions>
      </trkpt>
      <trkpt lat="44.43355509079992771148681640625" lon="-80.29713235795497894287109375">
        <ele>455</ele>
        <time>2024-10-23T18:01:00.000Z</time>
        <extensions>
          <ns3:TrackPointExtension>
            <ns3:hr>132</ns3:hr>
          </ns3:TrackPointExtension>
        </extensions>
      </trkpt>
      <trkpt lat="44.433639831840991973876953125" lon="-80.29705683700740337371826171875">
        <ele>455.79998779296875</ele>
        <time>2024-10-23T18:01:09.000Z</time>
        <extensions>
          <ns3:TrackPointExtension>
            <ns3:hr>132</ns3:hr>
          </ns3:TrackPointExtension>
        </extensions>
      </trkpt>
      <trkpt lat="44.43367092870175838470458984375" lon="-80.29703252948820590972900390625">
        <ele>456</ele>
        <time>2024-10-23T18:01:12.000Z</time>
        <extensions>
          <ns3:TrackPointExtension>
            <ns3:hr>132</ns3:hr>
          </ns3:TrackPointExtension>
        </extensions>
      </trkpt>
      <trkpt lat="44.433729015290737152099609375" lon="-80.29698777012526988983154296875">
        <ele>457</ele>
        <time>2024-10-23T18:01:19.000Z</time>
        <extensions>
          <ns3:TrackPointExtension>
            <ns3:hr>133</ns3:hr>
          </ns3:TrackPointExtension>
        </extensions>
      </trkpt>
      <trkpt lat="44.4337932206690311431884765625" lon="-80.29693932272493839263916015625">
        <ele>458</ele>
        <time>2024-10-23T18:01:27.000Z</time>
        <extensions>
          <ns3:TrackPointExtension>
            <ns3:hr>132</ns3:hr>
          </ns3:TrackPointExtension>
        </extensions>
      </trkpt>
      <trkpt lat="44.43380109965801239013671875" lon="-80.29693387448787689208984375">
        <ele>458</ele>
        <time>2024-10-23T18:01:28.000Z</time>
        <extensions>
          <ns3:TrackPointExtension>
            <ns3:hr>132</ns3:hr>
          </ns3:TrackPointExtension>
        </extensions>
      </trkpt>
      <trkpt lat="44.43384133279323577880859375" lon="-80.29689908958971500396728515625">
        <ele>459.20001220703125</ele>
        <time>2024-10-23T18:01:37.000Z</time>
        <extensions>
          <ns3:TrackPointExtension>
            <ns3:hr>133</ns3:hr>
          </ns3:TrackPointExtension>
        </extensions>
      </trkpt>
      <trkpt lat="44.433861784636974334716796875" lon="-80.2968902885913848876953125">
        <ele>459.79998779296875</ele>
        <time>2024-10-23T18:01:41.000Z</time>
        <extensions>
          <ns3:TrackPointExtension>
            <ns3:hr>133</ns3:hr>
          </ns3:TrackPointExtension>
        </extensions>
      </trkpt>
      <trkpt lat="44.4338881038129329681396484375" lon="-80.29688819311559200286865234375">
        <ele>460.20001220703125</ele>
        <time>2024-10-23T18:01:44.000Z</time>
        <extensions>
          <ns3:TrackPointExtension>
            <ns3:hr>131</ns3:hr>
          </ns3:TrackPointExtension>
        </extensions>
      </trkpt>
      <trkpt lat="44.43390931002795696258544921875" lon="-80.2968983352184295654296875">
        <ele>461.20001220703125</ele>
        <time>2024-10-23T18:01:50.000Z</time>
        <extensions>
          <ns3:TrackPointExtension>
            <ns3:hr>132</ns3:hr>
          </ns3:TrackPointExtension>
        </extensions>
      </trkpt>
      <trkpt lat="44.4339088909327983856201171875" lon="-80.29688819311559200286865234375">
        <ele>461.600006103515625</ele>
        <time>2024-10-23T18:01:54.000Z</time>
        <extensions>
          <ns3:TrackPointExtension>
            <ns3:hr>133</ns3:hr>
          </ns3:TrackPointExtension>
        </extensions>
      </trkpt>
      <trkpt lat="44.43397334776818752288818359375" lon="-80.296870507299900054931640625">
        <ele>462.399993896484375</ele>
        <time>2024-10-23T18:02:04.000Z</time>
        <extensions>
          <ns3:TrackPointExtension>
            <ns3:hr>134</ns3:hr>
          </ns3:TrackPointExtension>
        </extensions>
      </trkpt>
      <trkpt lat="44.4339963980019092559814453125" lon="-80.2968767099082469940185546875">
        <ele>462.600006103515625</ele>
        <time>2024-10-23T18:02:07.000Z</time>
        <extensions>
          <ns3:TrackPointExtension>
            <ns3:hr>133</ns3:hr>
          </ns3:TrackPointExtension>
        </extensions>
      </trkpt>
      <trkpt lat="44.43402430973947048187255859375" lon="-80.2968810684978961944580078125">
        <ele>463.399993896484375</ele>
        <time>2024-10-23T18:02:10.000Z</time>
        <extensions>
          <ns3:TrackPointExtension>
            <ns3:hr>132</ns3:hr>
          </ns3:TrackPointExtension>
        </extensions>
      </trkpt>
      <trkpt lat="44.43405699916183948516845703125" lon="-80.29688903130590915679931640625">
        <ele>464.79998779296875</ele>
        <time>2024-10-23T18:02:15.000Z</time>
        <extensions>
          <ns3:TrackPointExtension>
            <ns3:hr>131</ns3:hr>
          </ns3:TrackPointExtension>
        </extensions>
      </trkpt>
      <trkpt lat="44.43409723229706287384033203125" lon="-80.29693177901208400726318359375">
        <ele>465.600006103515625</ele>
        <time>2024-10-23T18:02:22.000Z</time>
        <extensions>
          <ns3:TrackPointExtension>
            <ns3:hr>132</ns3:hr>
          </ns3:TrackPointExtension>
        </extensions>
      </trkpt>
      <trkpt lat="44.43410955369472503662109375" lon="-80.2969270013272762298583984375">
        <ele>466</ele>
        <time>2024-10-23T18:02:24.000Z</time>
        <extensions>
          <ns3:TrackPointExtension>
            <ns3:hr>132</ns3:hr>
          </ns3:TrackPointExtension>
        </extensions>
      </trkpt>
      <trkpt lat="44.4341888464987277984619140625" lon="-80.2969544939696788787841796875">
        <ele>467.20001220703125</ele>
        <time>2024-10-23T18:02:32.000Z</time>
        <extensions>
          <ns3:TrackPointExtension>
            <ns3:hr>131</ns3:hr>
          </ns3:TrackPointExtension>
        </extensions>
      </trkpt>
      <trkpt lat="44.43424726836383342742919921875" lon="-80.29695801436901092529296875">
        <ele>468</ele>
        <time>2024-10-23T18:02:39.000Z</time>
        <extensions>
          <ns3:TrackPointExtension>
            <ns3:hr>132</ns3:hr>
          </ns3:TrackPointExtension>
        </extensions>
      </trkpt>
      <trkpt lat="44.4342545606195926666259765625" lon="-80.29695994220674037933349609375">
        <ele>468.20001220703125</ele>
        <time>2024-10-23T18:02:40.000Z</time>
        <extensions>
          <ns3:TrackPointExtension>
            <ns3:hr>132</ns3:hr>
          </ns3:TrackPointExtension>
        </extensions>
      </trkpt>
      <trkpt lat="44.43434424698352813720703125" lon="-80.29692457057535648345947265625">
        <ele>469.399993896484375</ele>
        <time>2024-10-23T18:02:51.000Z</time>
        <extensions>
          <ns3:TrackPointExtension>
            <ns3:hr>132</ns3:hr>
          </ns3:TrackPointExtension>
        </extensions>
      </trkpt>
      <trkpt lat="44.4343658722937107086181640625" lon="-80.296908728778362274169921875">
        <ele>470</ele>
        <time>2024-10-23T18:02:54.000Z</time>
        <extensions>
          <ns3:TrackPointExtension>
            <ns3:hr>132</ns3:hr>
          </ns3:TrackPointExtension>
        </extensions>
      </trkpt>
      <trkpt lat="44.434380121529102325439453125" lon="-80.29690411873161792755126953125">
        <ele>470.600006103515625</ele>
        <time>2024-10-23T18:02:56.000Z</time>
        <extensions>
          <ns3:TrackPointExtension>
            <ns3:hr>132</ns3:hr>
          </ns3:TrackPointExtension>
        </extensions>
      </trkpt>
      <trkpt lat="44.4344272278249263763427734375" lon="-80.29688232578337192535400390625">
        <ele>471.600006103515625</ele>
        <time>2024-10-23T18:03:03.000Z</time>
        <extensions>
          <ns3:TrackPointExtension>
            <ns3:hr>134</ns3:hr>
          </ns3:TrackPointExtension>
        </extensions>
      </trkpt>
      <trkpt lat="44.43446117453277111053466796875" lon="-80.2968502230942249298095703125">
        <ele>472.79998779296875</ele>
        <time>2024-10-23T18:03:10.000Z</time>
        <extensions>
          <ns3:TrackPointExtension>
            <ns3:hr>135</ns3:hr>
          </ns3:TrackPointExtension>
        </extensions>
      </trkpt>
      <trkpt lat="44.43447642959654331207275390625" lon="-80.29683639295399188995361328125">
        <ele>473</ele>
        <time>2024-10-23T18:03:12.000Z</time>
        <extensions>
          <ns3:TrackPointExtension>
            <ns3:hr>134</ns3:hr>
          </ns3:TrackPointExtension>
        </extensions>
      </trkpt>
      <trkpt lat="44.43456645123660564422607421875" lon="-80.2968693338334560394287109375">
        <ele>473.79998779296875</ele>
        <time>2024-10-23T18:03:19.000Z</time>
        <extensions>
          <ns3:TrackPointExtension>
            <ns3:hr>133</ns3:hr>
          </ns3:TrackPointExtension>
        </extensions>
      </trkpt>
      <trkpt lat="44.43459545262157917022705078125" lon="-80.2968659810721874237060546875">
        <ele>474</ele>
        <time>2024-10-23T18:03:23.000Z</time>
        <extensions>
          <ns3:TrackPointExtension>
            <ns3:hr>132</ns3:hr>
          </ns3:TrackPointExtension>
        </extensions>
      </trkpt>
      <trkpt lat="44.43468865938484668731689453125" lon="-80.29675978235900402069091796875">
        <ele>474.600006103515625</ele>
        <time>2024-10-23T18:03:36.000Z</time>
        <extensions>
          <ns3:TrackPointExtension>
            <ns3:hr>133</ns3:hr>
          </ns3:TrackPointExtension>
        </extensions>
      </trkpt>
      <trkpt lat="44.43470743484795093536376953125" lon="-80.29674075543880462646484375">
        <ele>475</ele>
        <time>2024-10-23T18:03:38.000Z</time>
        <extensions>
          <ns3:TrackPointExtension>
            <ns3:hr>132</ns3:hr>
          </ns3:TrackPointExtension>
        </extensions>
      </trkpt>
      <trkpt lat="44.43477063439786434173583984375" lon="-80.29665333218872547149658203125">
        <ele>476</ele>
        <time>2024-10-23T18:03:48.000Z</time>
        <extensions>
          <ns3:TrackPointExtension>
            <ns3:hr>134</ns3:hr>
          </ns3:TrackPointExtension>
        </extensions>
      </trkpt>
      <trkpt lat="44.4347819499671459197998046875" lon="-80.2966113388538360595703125">
        <ele>476</ele>
        <time>2024-10-23T18:03:51.000Z</time>
        <extensions>
          <ns3:TrackPointExtension>
            <ns3:hr>131</ns3:hr>
          </ns3:TrackPointExtension>
        </extensions>
      </trkpt>
      <trkpt lat="44.43480550311505794525146484375" lon="-80.29659633524715900421142578125">
        <ele>476.20001220703125</ele>
        <time>2024-10-23T18:03:53.000Z</time>
        <extensions>
          <ns3:TrackPointExtension>
            <ns3:hr>133</ns3:hr>
          </ns3:TrackPointExtension>
        </extensions>
      </trkpt>
      <trkpt lat="44.4348771683871746063232421875" lon="-80.29654235579073429107666015625">
        <ele>476.600006103515625</ele>
        <time>2024-10-23T18:04:02.000Z</time>
        <extensions>
          <ns3:TrackPointExtension>
            <ns3:hr>130</ns3:hr>
          </ns3:TrackPointExtension>
        </extensions>
      </trkpt>
      <trkpt lat="44.43491094745695590972900390625" lon="-80.29648728668689727783203125">
        <ele>476.79998779296875</ele>
        <time>2024-10-23T18:04:07.000Z</time>
        <extensions>
          <ns3:TrackPointExtension>
            <ns3:hr>131</ns3:hr>
          </ns3:TrackPointExtension>
        </extensions>
      </trkpt>
      <trkpt lat="44.43492318503558635711669921875" lon="-80.2964656613767147064208984375">
        <ele>477</ele>
        <time>2024-10-23T18:04:09.000Z</time>
        <extensions>
          <ns3:TrackPointExtension>
            <ns3:hr>130</ns3:hr>
          </ns3:TrackPointExtension>
        </extensions>
      </trkpt>
      <trkpt lat="44.43494212813675403594970703125" lon="-80.29642165638506412506103515625">
        <ele>477.20001220703125</ele>
        <time>2024-10-23T18:04:12.000Z</time>
        <extensions>
          <ns3:TrackPointExtension>
            <ns3:hr>133</ns3:hr>
          </ns3:TrackPointExtension>
        </extensions>
      </trkpt>
      <trkpt lat="44.434959478676319122314453125" lon="-80.29637974686920642852783203125">
        <ele>477.600006103515625</ele>
        <time>2024-10-23T18:04:15.000Z</time>
        <extensions>
          <ns3:TrackPointExtension>
            <ns3:hr>136</ns3:hr>
          </ns3:TrackPointExtension>
        </extensions>
      </trkpt>
      <trkpt lat="44.4349697045981884002685546875" lon="-80.29636449180543422698974609375">
        <ele>477.600006103515625</ele>
        <time>2024-10-23T18:04:17.000Z</time>
        <extensions>
          <ns3:TrackPointExtension>
            <ns3:hr>132</ns3:hr>
          </ns3:TrackPointExtension>
        </extensions>
      </trkpt>
      <trkpt lat="44.43498956970870494842529296875" lon="-80.29635963030159473419189453125">
        <ele>478</ele>
        <time>2024-10-23T18:04:19.000Z</time>
        <extensions>
          <ns3:TrackPointExtension>
            <ns3:hr>131</ns3:hr>
          </ns3:TrackPointExtension>
        </extensions>
      </trkpt>
      <trkpt lat="44.4350002147257328033447265625" lon="-80.29634320177137851715087890625">
        <ele>478.20001220703125</ele>
        <time>2024-10-23T18:04:21.000Z</time>
        <extensions>
          <ns3:TrackPointExtension>
            <ns3:hr>131</ns3:hr>
          </ns3:TrackPointExtension>
        </extensions>
      </trkpt>
      <trkpt lat="44.43500398658215999603271484375" lon="-80.296336747705936431884765625">
        <ele>478.399993896484375</ele>
        <time>2024-10-23T18:04:22.000Z</time>
        <extensions>
          <ns3:TrackPointExtension>
            <ns3:hr>127</ns3:hr>
          </ns3:TrackPointExtension>
        </extensions>
      </trkpt>
      <trkpt lat="44.43501773290336132049560546875" lon="-80.29629877768456935882568359375">
        <ele>479</ele>
        <time>2024-10-23T18:04:26.000Z</time>
        <extensions>
          <ns3:TrackPointExtension>
            <ns3:hr>126</ns3:hr>
          </ns3:TrackPointExtension>
        </extensions>
      </trkpt>
      <trkpt lat="44.43503852002322673797607421875" lon="-80.2962688542902469635009765625">
        <ele>480.20001220703125</ele>
        <time>2024-10-23T18:04:34.000Z</time>
        <extensions>
          <ns3:TrackPointExtension>
            <ns3:hr>125</ns3:hr>
          </ns3:TrackPointExtension>
        </extensions>
      </trkpt>
      <trkpt lat="44.43503835238516330718994140625" lon="-80.2962628193199634552001953125">
        <ele>480.20001220703125</ele>
        <time>2024-10-23T18:04:35.000Z</time>
        <extensions>
          <ns3:TrackPointExtension>
            <ns3:hr>125</ns3:hr>
          </ns3:TrackPointExtension>
        </extensions>
      </trkpt>
      <trkpt lat="44.4350905716419219970703125" lon="-80.2962896414101123809814453125">
        <ele>480.600006103515625</ele>
        <time>2024-10-23T18:04:49.000Z</time>
        <extensions>
          <ns3:TrackPointExtension>
            <ns3:hr>125</ns3:hr>
          </ns3:TrackPointExtension>
        </extensions>
      </trkpt>
      <trkpt lat="44.43510440178215503692626953125" lon="-80.29627832584083080291748046875">
        <ele>480.399993896484375</ele>
        <time>2024-10-23T18:05:04.000Z</time>
        <extensions>
          <ns3:TrackPointExtension>
            <ns3:hr>127</ns3:hr>
          </ns3:TrackPointExtension>
        </extensions>
      </trkpt>
      <trkpt lat="44.43504589609801769256591796875" lon="-80.29627614654600620269775390625">
        <ele>480.399993896484375</ele>
        <time>2024-10-23T18:05:21.000Z</time>
        <extensions>
          <ns3:TrackPointExtension>
            <ns3:hr>127</ns3:hr>
          </ns3:TrackPointExtension>
        </extensions>
      </trkpt>
      <trkpt lat="44.43506400100886821746826171875" lon="-80.2962353266775608062744140625">
        <ele>480.600006103515625</ele>
        <time>2024-10-23T18:05:25.000Z</time>
        <extensions>
          <ns3:TrackPointExtension>
            <ns3:hr>124</ns3:hr>
          </ns3:TrackPointExtension>
        </extensions>
      </trkpt>
      <trkpt lat="44.43508453667163848876953125" lon="-80.29618847183883190155029296875">
        <ele>480.600006103515625</ele>
        <time>2024-10-23T18:05:32.000Z</time>
        <extensions>
          <ns3:TrackPointExtension>
            <ns3:hr>126</ns3:hr>
          </ns3:TrackPointExtension>
        </extensions>
      </trkpt>
      <trkpt lat="44.43511345423758029937744140625" lon="-80.29616047628223896026611328125">
        <ele>481</ele>
        <time>2024-10-23T18:05:37.000Z</time>
        <extensions>
          <ns3:TrackPointExtension>
            <ns3:hr>129</ns3:hr>
          </ns3:TrackPointExtension>
        </extensions>
      </trkpt>
      <trkpt lat="44.43513474427163600921630859375" lon="-80.29615494422614574432373046875">
        <ele>481.20001220703125</ele>
        <time>2024-10-23T18:05:39.000Z</time>
        <extensions>
          <ns3:TrackPointExtension>
            <ns3:hr>125</ns3:hr>
          </ns3:TrackPointExtension>
        </extensions>
      </trkpt>
      <trkpt lat="44.4351634941995143890380859375" lon="-80.296129547059535980224609375">
        <ele>481.399993896484375</ele>
        <time>2024-10-23T18:05:42.000Z</time>
        <extensions>
          <ns3:TrackPointExtension>
            <ns3:hr>128</ns3:hr>
          </ns3:TrackPointExtension>
        </extensions>
      </trkpt>
      <trkpt lat="44.43518738262355327606201171875" lon="-80.29608956538140773773193359375">
        <ele>481.79998779296875</ele>
        <time>2024-10-23T18:05:46.000Z</time>
        <extensions>
          <ns3:TrackPointExtension>
            <ns3:hr>124</ns3:hr>
          </ns3:TrackPointExtension>
        </extensions>
      </trkpt>
      <trkpt lat="44.43519492633640766143798828125" lon="-80.2960804291069507598876953125">
        <ele>482</ele>
        <time>2024-10-23T18:05:47.000Z</time>
        <extensions>
          <ns3:TrackPointExtension>
            <ns3:hr>121</ns3:hr>
          </ns3:TrackPointExtension>
        </extensions>
      </trkpt>
      <trkpt lat="44.4352040626108646392822265625" lon="-80.29607816599309444427490234375">
        <ele>482.20001220703125</ele>
        <time>2024-10-23T18:05:48.000Z</time>
        <extensions>
          <ns3:TrackPointExtension>
            <ns3:hr>119</ns3:hr>
          </ns3:TrackPointExtension>
        </extensions>
      </trkpt>
      <trkpt lat="44.43527606315910816192626953125" lon="-80.29609241522848606109619140625">
        <ele>482.79998779296875</ele>
        <time>2024-10-23T18:05:56.000Z</time>
        <extensions>
          <ns3:TrackPointExtension>
            <ns3:hr>116</ns3:hr>
          </ns3:TrackPointExtension>
        </extensions>
      </trkpt>
      <trkpt lat="44.435298442840576171875" lon="-80.29610046185553073883056640625">
        <ele>483.399993896484375</ele>
        <time>2024-10-23T18:05:58.000Z</time>
        <extensions>
          <ns3:TrackPointExtension>
            <ns3:hr>118</ns3:hr>
          </ns3:TrackPointExtension>
        </extensions>
      </trkpt>
      <trkpt lat="44.4353093393146991729736328125" lon="-80.2961072511970996856689453125">
        <ele>483.600006103515625</ele>
        <time>2024-10-23T18:05:59.000Z</time>
        <extensions>
          <ns3:TrackPointExtension>
            <ns3:hr>118</ns3:hr>
          </ns3:TrackPointExtension>
        </extensions>
      </trkpt>
      <trkpt lat="44.435418136417865753173828125" lon="-80.29617212712764739990234375">
        <ele>484</ele>
        <time>2024-10-23T18:06:09.000Z</time>
        <extensions>
          <ns3:TrackPointExtension>
            <ns3:hr>119</ns3:hr>
          </ns3:TrackPointExtension>
        </extensions>
      </trkpt>
      <trkpt lat="44.435455687344074249267578125" lon="-80.2961977757513523101806640625">
        <ele>484.20001220703125</ele>
        <time>2024-10-23T18:06:14.000Z</time>
        <extensions>
          <ns3:TrackPointExtension>
            <ns3:hr>118</ns3:hr>
          </ns3:TrackPointExtension>
        </extensions>
      </trkpt>
      <trkpt lat="44.43547613918781280517578125" lon="-80.29621797613799571990966796875">
        <ele>484.399993896484375</ele>
        <time>2024-10-23T18:06:17.000Z</time>
        <extensions>
          <ns3:TrackPointExtension>
            <ns3:hr>118</ns3:hr>
          </ns3:TrackPointExtension>
        </extensions>
      </trkpt>
      <trkpt lat="44.43553623743355274200439453125" lon="-80.29625284485518932342529296875">
        <ele>485.399993896484375</ele>
        <time>2024-10-23T18:06:24.000Z</time>
        <extensions>
          <ns3:TrackPointExtension>
            <ns3:hr>120</ns3:hr>
          </ns3:TrackPointExtension>
        </extensions>
      </trkpt>
      <trkpt lat="44.43559105508029460906982421875" lon="-80.2962866239249706268310546875">
        <ele>486.399993896484375</ele>
        <time>2024-10-23T18:06:30.000Z</time>
        <extensions>
          <ns3:TrackPointExtension>
            <ns3:hr>121</ns3:hr>
          </ns3:TrackPointExtension>
        </extensions>
      </trkpt>
      <trkpt lat="44.43559407256543636322021484375" lon="-80.2962913177907466888427734375">
        <ele>486.399993896484375</ele>
        <time>2024-10-23T18:06:31.000Z</time>
        <extensions>
          <ns3:TrackPointExtension>
            <ns3:hr>121</ns3:hr>
          </ns3:TrackPointExtension>
        </extensions>
      </trkpt>
      <trkpt lat="44.4356251694262027740478515625" lon="-80.29629609547555446624755859375">
        <ele>487</ele>
        <time>2024-10-23T18:06:35.000Z</time>
        <extensions>
          <ns3:TrackPointExtension>
            <ns3:hr>124</ns3:hr>
          </ns3:TrackPointExtension>
        </extensions>
      </trkpt>
      <trkpt lat="44.43567437119781970977783203125" lon="-80.2963090874254703521728515625">
        <ele>487.600006103515625</ele>
        <time>2024-10-23T18:06:40.000Z</time>
        <extensions>
          <ns3:TrackPointExtension>
            <ns3:hr>123</ns3:hr>
          </ns3:TrackPointExtension>
        </extensions>
      </trkpt>
      <trkpt lat="44.4357351399958133697509765625" lon="-80.29633280821144580841064453125">
        <ele>487.79998779296875</ele>
        <time>2024-10-23T18:06:45.000Z</time>
        <extensions>
          <ns3:TrackPointExtension>
            <ns3:hr>124</ns3:hr>
          </ns3:TrackPointExtension>
        </extensions>
      </trkpt>
      <trkpt lat="44.43579490296542644500732421875" lon="-80.2963188104331493377685546875">
        <ele>488.600006103515625</ele>
        <time>2024-10-23T18:06:53.000Z</time>
        <extensions>
          <ns3:TrackPointExtension>
            <ns3:hr>124</ns3:hr>
          </ns3:TrackPointExtension>
        </extensions>
      </trkpt>
      <trkpt lat="44.43585173226892948150634765625" lon="-80.29631302691996097564697265625">
        <ele>489</ele>
        <time>2024-10-23T18:07:00.000Z</time>
        <extensions>
          <ns3:TrackPointExtension>
            <ns3:hr>126</ns3:hr>
          </ns3:TrackPointExtension>
        </extensions>
      </trkpt>
      <trkpt lat="44.43592281080782413482666015625" lon="-80.29629341326653957366943359375">
        <ele>489.399993896484375</ele>
        <time>2024-10-23T18:07:08.000Z</time>
        <extensions>
          <ns3:TrackPointExtension>
            <ns3:hr>123</ns3:hr>
          </ns3:TrackPointExtension>
        </extensions>
      </trkpt>
      <trkpt lat="44.43593479692935943603515625" lon="-80.29629014432430267333984375">
        <ele>489.600006103515625</ele>
        <time>2024-10-23T18:07:09.000Z</time>
        <extensions>
          <ns3:TrackPointExtension>
            <ns3:hr>123</ns3:hr>
          </ns3:TrackPointExtension>
        </extensions>
      </trkpt>
      <trkpt lat="44.43601668812334537506103515625" lon="-80.296313948929309844970703125">
        <ele>490.20001220703125</ele>
        <time>2024-10-23T18:07:15.000Z</time>
        <extensions>
          <ns3:TrackPointExtension>
            <ns3:hr>121</ns3:hr>
          </ns3:TrackPointExtension>
        </extensions>
      </trkpt>
      <trkpt lat="44.43607536144554615020751953125" lon="-80.296339094638824462890625">
        <ele>490.600006103515625</ele>
        <time>2024-10-23T18:07:20.000Z</time>
        <extensions>
          <ns3:TrackPointExtension>
            <ns3:hr>123</ns3:hr>
          </ns3:TrackPointExtension>
        </extensions>
      </trkpt>
      <trkpt lat="44.43614057265222072601318359375" lon="-80.29639835469424724578857421875">
        <ele>491.399993896484375</ele>
        <time>2024-10-23T18:07:29.000Z</time>
        <extensions>
          <ns3:TrackPointExtension>
            <ns3:hr>124</ns3:hr>
          </ns3:TrackPointExtension>
        </extensions>
      </trkpt>
      <trkpt lat="44.43614794872701168060302734375" lon="-80.296403467655181884765625">
        <ele>491.600006103515625</ele>
        <time>2024-10-23T18:07:30.000Z</time>
        <extensions>
          <ns3:TrackPointExtension>
            <ns3:hr>124</ns3:hr>
          </ns3:TrackPointExtension>
        </extensions>
      </trkpt>
      <trkpt lat="44.4361766986548900604248046875" lon="-80.2964284457266330718994140625">
        <ele>492.20001220703125</ele>
        <time>2024-10-23T18:07:35.000Z</time>
        <extensions>
          <ns3:TrackPointExtension>
            <ns3:hr>127</ns3:hr>
          </ns3:TrackPointExtension>
        </extensions>
      </trkpt>
      <trkpt lat="44.43620947189629077911376953125" lon="-80.29646138660609722137451171875">
        <ele>492.600006103515625</ele>
        <time>2024-10-23T18:07:40.000Z</time>
        <extensions>
          <ns3:TrackPointExtension>
            <ns3:hr>128</ns3:hr>
          </ns3:TrackPointExtension>
        </extensions>
      </trkpt>
      <trkpt lat="44.4362186081707477569580078125" lon="-80.29649390839040279388427734375">
        <ele>493</ele>
        <time>2024-10-23T18:07:43.000Z</time>
        <extensions>
          <ns3:TrackPointExtension>
            <ns3:hr>128</ns3:hr>
          </ns3:TrackPointExtension>
        </extensions>
      </trkpt>
      <trkpt lat="44.4362303428351879119873046875" lon="-80.29653246514499187469482421875">
        <ele>493.79998779296875</ele>
        <time>2024-10-23T18:07:47.000Z</time>
        <extensions>
          <ns3:TrackPointExtension>
            <ns3:hr>126</ns3:hr>
          </ns3:TrackPointExtension>
        </extensions>
      </trkpt>
      <trkpt lat="44.43628055043518543243408203125" lon="-80.296626426279544830322265625">
        <ele>494.79998779296875</ele>
        <time>2024-10-23T18:07:56.000Z</time>
        <extensions>
          <ns3:TrackPointExtension>
            <ns3:hr>129</ns3:hr>
          </ns3:TrackPointExtension>
        </extensions>
      </trkpt>
      <trkpt lat="44.43628138862550258636474609375" lon="-80.29663388617336750030517578125">
        <ele>494.79998779296875</ele>
        <time>2024-10-23T18:07:57.000Z</time>
        <extensions>
          <ns3:TrackPointExtension>
            <ns3:hr>129</ns3:hr>
          </ns3:TrackPointExtension>
        </extensions>
      </trkpt>
      <trkpt lat="44.43629295565187931060791015625" lon="-80.29667663387954235076904296875">
        <ele>495.600006103515625</ele>
        <time>2024-10-23T18:08:02.000Z</time>
        <extensions>
          <ns3:TrackPointExtension>
            <ns3:hr>124</ns3:hr>
          </ns3:TrackPointExtension>
        </extensions>
      </trkpt>
      <trkpt lat="44.43631432950496673583984375" lon="-80.2966986782848834991455078125">
        <ele>496</ele>
        <time>2024-10-23T18:08:04.000Z</time>
        <extensions>
          <ns3:TrackPointExtension>
            <ns3:hr>124</ns3:hr>
          </ns3:TrackPointExtension>
        </extensions>
      </trkpt>
      <trkpt lat="44.4363440014421939849853515625" lon="-80.2967151068150997161865234375">
        <ele>496.399993896484375</ele>
        <time>2024-10-23T18:08:07.000Z</time>
        <extensions>
          <ns3:TrackPointExtension>
            <ns3:hr>121</ns3:hr>
          </ns3:TrackPointExtension>
        </extensions>
      </trkpt>
      <trkpt lat="44.43635934032499790191650390625" lon="-80.29672223143279552459716796875">
        <ele>496.399993896484375</ele>
        <time>2024-10-23T18:08:09.000Z</time>
        <extensions>
          <ns3:TrackPointExtension>
            <ns3:hr>126</ns3:hr>
          </ns3:TrackPointExtension>
        </extensions>
      </trkpt>
      <trkpt lat="44.43638917990028858184814453125" lon="-80.29674209654331207275390625">
        <ele>497</ele>
        <time>2024-10-23T18:08:12.000Z</time>
        <extensions>
          <ns3:TrackPointExtension>
            <ns3:hr>128</ns3:hr>
          </ns3:TrackPointExtension>
        </extensions>
      </trkpt>
      <trkpt lat="44.43641851656138896942138671875" lon="-80.2967778034508228302001953125">
        <ele>497.79998779296875</ele>
        <time>2024-10-23T18:08:19.000Z</time>
        <extensions>
          <ns3:TrackPointExtension>
            <ns3:hr>131</ns3:hr>
          </ns3:TrackPointExtension>
        </extensions>
      </trkpt>
      <trkpt lat="44.436439387500286102294921875" lon="-80.29679867438971996307373046875">
        <ele>498.20001220703125</ele>
        <time>2024-10-23T18:08:22.000Z</time>
        <extensions>
          <ns3:TrackPointExtension>
            <ns3:hr>130</ns3:hr>
          </ns3:TrackPointExtension>
        </extensions>
      </trkpt>
      <trkpt lat="44.43645958788692951202392578125" lon="-80.296810157597064971923828125">
        <ele>498.399993896484375</ele>
        <time>2024-10-23T18:08:25.000Z</time>
        <extensions>
          <ns3:TrackPointExtension>
            <ns3:hr>128</ns3:hr>
          </ns3:TrackPointExtension>
        </extensions>
      </trkpt>
      <trkpt lat="44.4364814646542072296142578125" lon="-80.29681510291993618011474609375">
        <ele>499.20001220703125</ele>
        <time>2024-10-23T18:08:29.000Z</time>
        <extensions>
          <ns3:TrackPointExtension>
            <ns3:hr>126</ns3:hr>
          </ns3:TrackPointExtension>
        </extensions>
      </trkpt>
      <trkpt lat="44.43652597256004810333251953125" lon="-80.29683941043913364410400390625">
        <ele>499.79998779296875</ele>
        <time>2024-10-23T18:08:34.000Z</time>
        <extensions>
          <ns3:TrackPointExtension>
            <ns3:hr>129</ns3:hr>
          </ns3:TrackPointExtension>
        </extensions>
      </trkpt>
      <trkpt lat="44.4365465082228183746337890625" lon="-80.29684008099138736724853515625">
        <ele>500.20001220703125</ele>
        <time>2024-10-23T18:08:37.000Z</time>
        <extensions>
          <ns3:TrackPointExtension>
            <ns3:hr>129</ns3:hr>
          </ns3:TrackPointExtension>
        </extensions>
      </trkpt>
      <trkpt lat="44.4365505315363407135009765625" lon="-80.296841673552989959716796875">
        <ele>500.399993896484375</ele>
        <time>2024-10-23T18:08:38.000Z</time>
        <extensions>
          <ns3:TrackPointExtension>
            <ns3:hr>129</ns3:hr>
          </ns3:TrackPointExtension>
        </extensions>
      </trkpt>
      <trkpt lat="44.436612389981746673583984375" lon="-80.29689858667552471160888671875">
        <ele>501.20001220703125</ele>
        <time>2024-10-23T18:08:46.000Z</time>
        <extensions>
          <ns3:TrackPointExtension>
            <ns3:hr>129</ns3:hr>
          </ns3:TrackPointExtension>
        </extensions>
      </trkpt>
      <trkpt lat="44.436641894280910491943359375" lon="-80.2969259954988956451416015625">
        <ele>501.399993896484375</ele>
        <time>2024-10-23T18:08:50.000Z</time>
        <extensions>
          <ns3:TrackPointExtension>
            <ns3:hr>131</ns3:hr>
          </ns3:TrackPointExtension>
        </extensions>
      </trkpt>
      <trkpt lat="44.43669377826154232025146484375" lon="-80.2969923801720142364501953125">
        <ele>502.20001220703125</ele>
        <time>2024-10-23T18:08:57.000Z</time>
        <extensions>
          <ns3:TrackPointExtension>
            <ns3:hr>129</ns3:hr>
          </ns3:TrackPointExtension>
        </extensions>
      </trkpt>
      <trkpt lat="44.4367235340178012847900390625" lon="-80.2970818988978862762451171875">
        <ele>503.399993896484375</ele>
        <time>2024-10-23T18:09:06.000Z</time>
        <extensions>
          <ns3:TrackPointExtension>
            <ns3:hr>126</ns3:hr>
          </ns3:TrackPointExtension>
        </extensions>
      </trkpt>
      <trkpt lat="44.436762593686580657958984375" lon="-80.29711483977735042572021484375">
        <ele>504.600006103515625</ele>
        <time>2024-10-23T18:09:11.000Z</time>
        <extensions>
          <ns3:TrackPointExtension>
            <ns3:hr>124</ns3:hr>
          </ns3:TrackPointExtension>
        </extensions>
      </trkpt>
      <trkpt lat="44.4368016533553600311279296875" lon="-80.29714400880038738250732421875">
        <ele>505</ele>
        <time>2024-10-23T18:09:15.000Z</time>
        <extensions>
          <ns3:TrackPointExtension>
            <ns3:hr>127</ns3:hr>
          </ns3:TrackPointExtension>
        </extensions>
      </trkpt>
      <trkpt lat="44.4368304871022701263427734375" lon="-80.29717066325247287750244140625">
        <ele>505.20001220703125</ele>
        <time>2024-10-23T18:09:19.000Z</time>
        <extensions>
          <ns3:TrackPointExtension>
            <ns3:hr>128</ns3:hr>
          </ns3:TrackPointExtension>
        </extensions>
      </trkpt>
      <trkpt lat="44.43688253872096538543701171875" lon="-80.29720804654061794281005859375">
        <ele>505.600006103515625</ele>
        <time>2024-10-23T18:09:27.000Z</time>
        <extensions>
          <ns3:TrackPointExtension>
            <ns3:hr>129</ns3:hr>
          </ns3:TrackPointExtension>
        </extensions>
      </trkpt>
      <trkpt lat="44.43691003136336803436279296875" lon="-80.2972223795950412750244140625">
        <ele>506.399993896484375</ele>
        <time>2024-10-23T18:09:32.000Z</time>
        <extensions>
          <ns3:TrackPointExtension>
            <ns3:hr>128</ns3:hr>
          </ns3:TrackPointExtension>
        </extensions>
      </trkpt>
      <trkpt lat="44.43691925145685672760009765625" lon="-80.2972264029085636138916015625">
        <ele>506.79998779296875</ele>
        <time>2024-10-23T18:09:33.000Z</time>
        <extensions>
          <ns3:TrackPointExtension>
            <ns3:hr>129</ns3:hr>
          </ns3:TrackPointExtension>
        </extensions>
      </trkpt>
      <trkpt lat="44.43694322369992733001708984375" lon="-80.29722598381340503692626953125">
        <ele>507</ele>
        <time>2024-10-23T18:09:36.000Z</time>
        <extensions>
          <ns3:TrackPointExtension>
            <ns3:hr>126</ns3:hr>
          </ns3:TrackPointExtension>
        </extensions>
      </trkpt>
      <trkpt lat="44.437006674706935882568359375" lon="-80.29726655222475528717041015625">
        <ele>507.79998779296875</ele>
        <time>2024-10-23T18:09:43.000Z</time>
        <extensions>
          <ns3:TrackPointExtension>
            <ns3:hr>126</ns3:hr>
          </ns3:TrackPointExtension>
        </extensions>
      </trkpt>
      <trkpt lat="44.4370175711810588836669921875" lon="-80.2972706593573093414306640625">
        <ele>508</ele>
        <time>2024-10-23T18:09:44.000Z</time>
        <extensions>
          <ns3:TrackPointExtension>
            <ns3:hr>126</ns3:hr>
          </ns3:TrackPointExtension>
        </extensions>
      </trkpt>
      <trkpt lat="44.43704791367053985595703125" lon="-80.29726906679570674896240234375">
        <ele>508.20001220703125</ele>
        <time>2024-10-23T18:09:47.000Z</time>
        <extensions>
          <ns3:TrackPointExtension>
            <ns3:hr>129</ns3:hr>
          </ns3:TrackPointExtension>
        </extensions>
      </trkpt>
      <trkpt lat="44.4370591454207897186279296875" lon="-80.29724459163844585418701171875">
        <ele>508.79998779296875</ele>
        <time>2024-10-23T18:09:52.000Z</time>
        <extensions>
          <ns3:TrackPointExtension>
            <ns3:hr>130</ns3:hr>
          </ns3:TrackPointExtension>
        </extensions>
      </trkpt>
      <trkpt lat="44.43706593476235866546630859375" lon="-80.29724677093327045440673828125">
        <ele>509.79998779296875</ele>
        <time>2024-10-23T18:09:57.000Z</time>
        <extensions>
          <ns3:TrackPointExtension>
            <ns3:hr>128</ns3:hr>
          </ns3:TrackPointExtension>
        </extensions>
      </trkpt>
      <trkpt lat="44.43707196973264217376708984375" lon="-80.2972416579723358154296875">
        <ele>510</ele>
        <time>2024-10-23T18:09:58.000Z</time>
        <extensions>
          <ns3:TrackPointExtension>
            <ns3:hr>128</ns3:hr>
          </ns3:TrackPointExtension>
        </extensions>
      </trkpt>
      <trkpt lat="44.4371285475790500640869140625" lon="-80.297263450920581817626953125">
        <ele>511.20001220703125</ele>
        <time>2024-10-23T18:10:03.000Z</time>
        <extensions>
          <ns3:TrackPointExtension>
            <ns3:hr>127</ns3:hr>
          </ns3:TrackPointExtension>
        </extensions>
      </trkpt>
      <trkpt lat="44.43715520203113555908203125" lon="-80.2972807176411151885986328125">
        <ele>511.600006103515625</ele>
        <time>2024-10-23T18:10:07.000Z</time>
        <extensions>
          <ns3:TrackPointExtension>
            <ns3:hr>130</ns3:hr>
          </ns3:TrackPointExtension>
        </extensions>
      </trkpt>
      <trkpt lat="44.4371731393039226531982421875" lon="-80.29728616587817668914794921875">
        <ele>512</ele>
        <time>2024-10-23T18:10:10.000Z</time>
        <extensions>
          <ns3:TrackPointExtension>
            <ns3:hr>133</ns3:hr>
          </ns3:TrackPointExtension>
        </extensions>
      </trkpt>
      <trkpt lat="44.43718546070158481597900390625" lon="-80.29729404486715793609619140625">
        <ele>512.20001220703125</ele>
        <time>2024-10-23T18:10:12.000Z</time>
        <extensions>
          <ns3:TrackPointExtension>
            <ns3:hr>134</ns3:hr>
          </ns3:TrackPointExtension>
        </extensions>
      </trkpt>
      <trkpt lat="44.43720893003046512603759765625" lon="-80.29731583781540393829345703125">
        <ele>513</ele>
        <time>2024-10-23T18:10:19.000Z</time>
        <extensions>
          <ns3:TrackPointExtension>
            <ns3:hr>137</ns3:hr>
          </ns3:TrackPointExtension>
        </extensions>
      </trkpt>
      <trkpt lat="44.43721362389624118804931640625" lon="-80.29732254333794116973876953125">
        <ele>513.20001220703125</ele>
        <time>2024-10-23T18:10:21.000Z</time>
        <extensions>
          <ns3:TrackPointExtension>
            <ns3:hr>137</ns3:hr>
          </ns3:TrackPointExtension>
        </extensions>
      </trkpt>
      <trkpt lat="44.4372529350221157073974609375" lon="-80.297358669340610504150390625">
        <ele>513.5999755859375</ele>
        <time>2024-10-23T18:10:26.000Z</time>
        <extensions>
          <ns3:TrackPointExtension>
            <ns3:hr>136</ns3:hr>
          </ns3:TrackPointExtension>
        </extensions>
      </trkpt>
      <trkpt lat="44.43728386424481868743896484375" lon="-80.29737367294728755950927734375">
        <ele>514.20001220703125</ele>
        <time>2024-10-23T18:10:31.000Z</time>
        <extensions>
          <ns3:TrackPointExtension>
            <ns3:hr>136</ns3:hr>
          </ns3:TrackPointExtension>
        </extensions>
      </trkpt>
      <trkpt lat="44.43732015788555145263671875" lon="-80.297374762594699859619140625">
        <ele>515.20001220703125</ele>
        <time>2024-10-23T18:10:35.000Z</time>
        <extensions>
          <ns3:TrackPointExtension>
            <ns3:hr>133</ns3:hr>
          </ns3:TrackPointExtension>
        </extensions>
      </trkpt>
      <trkpt lat="44.4373327307403087615966796875" lon="-80.29737166129052639007568359375">
        <ele>515.4000244140625</ele>
        <time>2024-10-23T18:10:36.000Z</time>
        <extensions>
          <ns3:TrackPointExtension>
            <ns3:hr>133</ns3:hr>
          </ns3:TrackPointExtension>
        </extensions>
      </trkpt>
      <trkpt lat="44.43736483342945575714111328125" lon="-80.2973709069192409515380859375">
        <ele>515.79998779296875</ele>
        <time>2024-10-23T18:10:39.000Z</time>
        <extensions>
          <ns3:TrackPointExtension>
            <ns3:hr>133</ns3:hr>
          </ns3:TrackPointExtension>
        </extensions>
      </trkpt>
      <trkpt lat="44.4374792464077472686767578125" lon="-80.2973953820765018463134765625">
        <ele>516.20001220703125</ele>
        <time>2024-10-23T18:10:54.000Z</time>
        <extensions>
          <ns3:TrackPointExtension>
            <ns3:hr>131</ns3:hr>
          </ns3:TrackPointExtension>
        </extensions>
      </trkpt>
      <trkpt lat="44.43748955614864826202392578125" lon="-80.29739898629486560821533203125">
        <ele>516.4000244140625</ele>
        <time>2024-10-23T18:10:55.000Z</time>
        <extensions>
          <ns3:TrackPointExtension>
            <ns3:hr>131</ns3:hr>
          </ns3:TrackPointExtension>
        </extensions>
      </trkpt>
      <trkpt lat="44.43755158223211765289306640625" lon="-80.297342576086521148681640625">
        <ele>517.5999755859375</ele>
        <time>2024-10-23T18:11:03.000Z</time>
        <extensions>
          <ns3:TrackPointExtension>
            <ns3:hr>133</ns3:hr>
          </ns3:TrackPointExtension>
        </extensions>
      </trkpt>
      <trkpt lat="44.4375778175890445709228515625" lon="-80.2973085455596446990966796875">
        <ele>518</ele>
        <time>2024-10-23T18:11:06.000Z</time>
        <extensions>
          <ns3:TrackPointExtension>
            <ns3:hr>132</ns3:hr>
          </ns3:TrackPointExtension>
        </extensions>
      </trkpt>
      <trkpt lat="44.43761360831558704376220703125" lon="-80.29724903404712677001953125">
        <ele>518.5999755859375</ele>
        <time>2024-10-23T18:11:11.000Z</time>
        <extensions>
          <ns3:TrackPointExtension>
            <ns3:hr>135</ns3:hr>
          </ns3:TrackPointExtension>
        </extensions>
      </trkpt>
      <trkpt lat="44.43762400187551975250244140625" lon="-80.29723118059337139129638671875">
        <ele>518.5999755859375</ele>
        <time>2024-10-23T18:11:12.000Z</time>
        <extensions>
          <ns3:TrackPointExtension>
            <ns3:hr>135</ns3:hr>
          </ns3:TrackPointExtension>
        </extensions>
      </trkpt>
      <trkpt lat="44.43768351338803768157958984375" lon="-80.29714266769587993621826171875">
        <ele>519.79998779296875</ele>
        <time>2024-10-23T18:11:20.000Z</time>
        <extensions>
          <ns3:TrackPointExtension>
            <ns3:hr>134</ns3:hr>
          </ns3:TrackPointExtension>
        </extensions>
      </trkpt>
      <trkpt lat="44.437708072364330291748046875" lon="-80.29709589667618274688720703125">
        <ele>520.79998779296875</ele>
        <time>2024-10-23T18:11:24.000Z</time>
        <extensions>
          <ns3:TrackPointExtension>
            <ns3:hr>134</ns3:hr>
          </ns3:TrackPointExtension>
        </extensions>
      </trkpt>
      <trkpt lat="44.43776406347751617431640625" lon="-80.2969350479543209075927734375">
        <ele>521</ele>
        <time>2024-10-23T18:11:35.000Z</time>
        <extensions>
          <ns3:TrackPointExtension>
            <ns3:hr>137</ns3:hr>
          </ns3:TrackPointExtension>
        </extensions>
      </trkpt>
      <trkpt lat="44.4377699308097362518310546875" lon="-80.296922810375690460205078125">
        <ele>521</ele>
        <time>2024-10-23T18:11:36.000Z</time>
        <extensions>
          <ns3:TrackPointExtension>
            <ns3:hr>137</ns3:hr>
          </ns3:TrackPointExtension>
        </extensions>
      </trkpt>
      <trkpt lat="44.43780404515564441680908203125" lon="-80.29678945429623126983642578125">
        <ele>520.5999755859375</ele>
        <time>2024-10-23T18:11:44.000Z</time>
        <extensions>
          <ns3:TrackPointExtension>
            <ns3:hr>134</ns3:hr>
          </ns3:TrackPointExtension>
        </extensions>
      </trkpt>
      <trkpt lat="44.43782843649387359619140625" lon="-80.2966711856424808502197265625">
        <ele>520.5999755859375</ele>
        <time>2024-10-23T18:11:52.000Z</time>
        <extensions>
          <ns3:TrackPointExtension>
            <ns3:hr>132</ns3:hr>
          </ns3:TrackPointExtension>
        </extensions>
      </trkpt>
      <trkpt lat="44.4378601200878620147705078125" lon="-80.29656548984348773956298828125">
        <ele>520.79998779296875</ele>
        <time>2024-10-23T18:11:59.000Z</time>
        <extensions>
          <ns3:TrackPointExtension>
            <ns3:hr>129</ns3:hr>
          </ns3:TrackPointExtension>
        </extensions>
      </trkpt>
      <trkpt lat="44.437875710427761077880859375" lon="-80.2964396774768829345703125">
        <ele>521</ele>
        <time>2024-10-23T18:12:07.000Z</time>
        <extensions>
          <ns3:TrackPointExtension>
            <ns3:hr>130</ns3:hr>
          </ns3:TrackPointExtension>
        </extensions>
      </trkpt>
      <trkpt lat="44.43788384087383747100830078125" lon="-80.2962547726929187774658203125">
        <ele>521.79998779296875</ele>
        <time>2024-10-23T18:12:18.000Z</time>
        <extensions>
          <ns3:TrackPointExtension>
            <ns3:hr>127</ns3:hr>
          </ns3:TrackPointExtension>
        </extensions>
      </trkpt>
      <trkpt lat="44.4378840923309326171875" lon="-80.29624245129525661468505859375">
        <ele>521.79998779296875</ele>
        <time>2024-10-23T18:12:19.000Z</time>
        <extensions>
          <ns3:TrackPointExtension>
            <ns3:hr>126</ns3:hr>
          </ns3:TrackPointExtension>
        </extensions>
      </trkpt>
      <trkpt lat="44.4378889538347721099853515625" lon="-80.29619534499943256378173828125">
        <ele>522</ele>
        <time>2024-10-23T18:12:22.000Z</time>
        <extensions>
          <ns3:TrackPointExtension>
            <ns3:hr>129</ns3:hr>
          </ns3:TrackPointExtension>
        </extensions>
      </trkpt>
      <trkpt lat="44.43790848366916179656982421875" lon="-80.2961340732872486114501953125">
        <ele>522</ele>
        <time>2024-10-23T18:12:27.000Z</time>
        <extensions>
          <ns3:TrackPointExtension>
            <ns3:hr>132</ns3:hr>
          </ns3:TrackPointExtension>
        </extensions>
      </trkpt>
      <trkpt lat="44.43789607845246791839599609375" lon="-80.29601697809994220733642578125">
        <ele>521.20001220703125</ele>
        <time>2024-10-23T18:12:37.000Z</time>
        <extensions>
          <ns3:TrackPointExtension>
            <ns3:hr>131</ns3:hr>
          </ns3:TrackPointExtension>
        </extensions>
      </trkpt>
      <trkpt lat="44.43788744509220123291015625" lon="-80.29600943438708782196044921875">
        <ele>521.20001220703125</ele>
        <time>2024-10-23T18:12:38.000Z</time>
        <extensions>
          <ns3:TrackPointExtension>
            <ns3:hr>126</ns3:hr>
          </ns3:TrackPointExtension>
        </extensions>
      </trkpt>
      <trkpt lat="44.43785794079303741455078125" lon="-80.29595629312098026275634765625">
        <ele>520.79998779296875</ele>
        <time>2024-10-23T18:12:43.000Z</time>
        <extensions>
          <ns3:TrackPointExtension>
            <ns3:hr>125</ns3:hr>
          </ns3:TrackPointExtension>
        </extensions>
      </trkpt>
      <trkpt lat="44.43780790083110332489013671875" lon="-80.29581782408058643341064453125">
        <ele>520.4000244140625</ele>
        <time>2024-10-23T18:12:51.000Z</time>
        <extensions>
          <ns3:TrackPointExtension>
            <ns3:hr>125</ns3:hr>
          </ns3:TrackPointExtension>
        </extensions>
      </trkpt>
      <trkpt lat="44.43778820335865020751953125" lon="-80.29562822543084621429443359375">
        <ele>519.79998779296875</ele>
        <time>2024-10-23T18:13:01.000Z</time>
        <extensions>
          <ns3:TrackPointExtension>
            <ns3:hr>122</ns3:hr>
          </ns3:TrackPointExtension>
        </extensions>
      </trkpt>
      <trkpt lat="44.4377915561199188232421875" lon="-80.29557508416473865509033203125">
        <ele>519.20001220703125</ele>
        <time>2024-10-23T18:13:05.000Z</time>
        <extensions>
          <ns3:TrackPointExtension>
            <ns3:hr>120</ns3:hr>
          </ns3:TrackPointExtension>
        </extensions>
      </trkpt>
      <trkpt lat="44.437790215015411376953125" lon="-80.2955416403710842132568359375">
        <ele>519.20001220703125</ele>
        <time>2024-10-23T18:13:07.000Z</time>
        <extensions>
          <ns3:TrackPointExtension>
            <ns3:hr>117</ns3:hr>
          </ns3:TrackPointExtension>
        </extensions>
      </trkpt>
      <trkpt lat="44.43778124637901782989501953125" lon="-80.295434854924678802490234375">
        <ele>519</ele>
        <time>2024-10-23T18:13:13.000Z</time>
        <extensions>
          <ns3:TrackPointExtension>
            <ns3:hr>114</ns3:hr>
          </ns3:TrackPointExtension>
        </extensions>
      </trkpt>
      <trkpt lat="44.437753669917583465576171875" lon="-80.29529278166592121124267578125">
        <ele>518.79998779296875</ele>
        <time>2024-10-23T18:13:20.000Z</time>
        <extensions>
          <ns3:TrackPointExtension>
            <ns3:hr>114</ns3:hr>
          </ns3:TrackPointExtension>
        </extensions>
      </trkpt>
      <trkpt lat="44.43775475956499576568603515625" lon="-80.2952791191637516021728515625">
        <ele>518.5999755859375</ele>
        <time>2024-10-23T18:13:21.000Z</time>
        <extensions>
          <ns3:TrackPointExtension>
            <ns3:hr>115</ns3:hr>
          </ns3:TrackPointExtension>
        </extensions>
      </trkpt>
      <trkpt lat="44.43774218671023845672607421875" lon="-80.29511055909097194671630859375">
        <ele>517.5999755859375</ele>
        <time>2024-10-23T18:13:32.000Z</time>
        <extensions>
          <ns3:TrackPointExtension>
            <ns3:hr>116</ns3:hr>
          </ns3:TrackPointExtension>
        </extensions>
      </trkpt>
      <trkpt lat="44.43773883394896984100341796875" lon="-80.2950890175998210906982421875">
        <ele>517.4000244140625</ele>
        <time>2024-10-23T18:13:33.000Z</time>
        <extensions>
          <ns3:TrackPointExtension>
            <ns3:hr>113</ns3:hr>
          </ns3:TrackPointExtension>
        </extensions>
      </trkpt>
      <trkpt lat="44.43774528801441192626953125" lon="-80.295031182467937469482421875">
        <ele>516.79998779296875</ele>
        <time>2024-10-23T18:13:36.000Z</time>
        <extensions>
          <ns3:TrackPointExtension>
            <ns3:hr>114</ns3:hr>
          </ns3:TrackPointExtension>
        </extensions>
      </trkpt>
      <trkpt lat="44.43774570710957050323486328125" lon="-80.29498768039047718048095703125">
        <ele>516.5999755859375</ele>
        <time>2024-10-23T18:13:39.000Z</time>
        <extensions>
          <ns3:TrackPointExtension>
            <ns3:hr>114</ns3:hr>
          </ns3:TrackPointExtension>
        </extensions>
      </trkpt>
      <trkpt lat="44.43774486891925334930419921875" lon="-80.29494409449398517608642578125">
        <ele>516.20001220703125</ele>
        <time>2024-10-23T18:13:42.000Z</time>
        <extensions>
          <ns3:TrackPointExtension>
            <ns3:hr>111</ns3:hr>
          </ns3:TrackPointExtension>
        </extensions>
      </trkpt>
      <trkpt lat="44.43774956278502941131591796875" lon="-80.2948571741580963134765625">
        <ele>515.4000244140625</ele>
        <time>2024-10-23T18:13:47.000Z</time>
        <extensions>
          <ns3:TrackPointExtension>
            <ns3:hr>113</ns3:hr>
          </ns3:TrackPointExtension>
        </extensions>
      </trkpt>
      <trkpt lat="44.43774889223277568817138671875" lon="-80.294795818626880645751953125">
        <ele>515.20001220703125</ele>
        <time>2024-10-23T18:13:51.000Z</time>
        <extensions>
          <ns3:TrackPointExtension>
            <ns3:hr>116</ns3:hr>
          </ns3:TrackPointExtension>
        </extensions>
      </trkpt>
      <trkpt lat="44.4377504847943782806396484375" lon="-80.29478282667696475982666015625">
        <ele>515.20001220703125</ele>
        <time>2024-10-23T18:13:52.000Z</time>
        <extensions>
          <ns3:TrackPointExtension>
            <ns3:hr>116</ns3:hr>
          </ns3:TrackPointExtension>
        </extensions>
      </trkpt>
      <trkpt lat="44.437754340469837188720703125" lon="-80.2947473712265491485595703125">
        <ele>515</ele>
        <time>2024-10-23T18:13:55.000Z</time>
        <extensions>
          <ns3:TrackPointExtension>
            <ns3:hr>119</ns3:hr>
          </ns3:TrackPointExtension>
        </extensions>
      </trkpt>
      <trkpt lat="44.43773816339671611785888671875" lon="-80.29467537067830562591552734375">
        <ele>514.5999755859375</ele>
        <time>2024-10-23T18:14:00.000Z</time>
        <extensions>
          <ns3:TrackPointExtension>
            <ns3:hr>116</ns3:hr>
          </ns3:TrackPointExtension>
        </extensions>
      </trkpt>
      <trkpt lat="44.43772525526583194732666015625" lon="-80.2946437709033489227294921875">
        <ele>514.4000244140625</ele>
        <time>2024-10-23T18:14:02.000Z</time>
        <extensions>
          <ns3:TrackPointExtension>
            <ns3:hr>114</ns3:hr>
          </ns3:TrackPointExtension>
        </extensions>
      </trkpt>
      <trkpt lat="44.43770262412726879119873046875" lon="-80.29457998462021350860595703125">
        <ele>514</ele>
        <time>2024-10-23T18:14:07.000Z</time>
        <extensions>
          <ns3:TrackPointExtension>
            <ns3:hr>116</ns3:hr>
          </ns3:TrackPointExtension>
        </extensions>
      </trkpt>
      <trkpt lat="44.437581002712249755859375" lon="-80.29441972263157367706298828125">
        <ele>513.4000244140625</ele>
        <time>2024-10-23T18:14:19.000Z</time>
        <extensions>
          <ns3:TrackPointExtension>
            <ns3:hr>120</ns3:hr>
          </ns3:TrackPointExtension>
        </extensions>
      </trkpt>
      <trkpt lat="44.4375768117606639862060546875" lon="-80.29440681450068950653076171875">
        <ele>513.20001220703125</ele>
        <time>2024-10-23T18:14:20.000Z</time>
        <extensions>
          <ns3:TrackPointExtension>
            <ns3:hr>119</ns3:hr>
          </ns3:TrackPointExtension>
        </extensions>
      </trkpt>
      <trkpt lat="44.4375687651336193084716796875" lon="-80.2943440340459346771240234375">
        <ele>512.5999755859375</ele>
        <time>2024-10-23T18:14:25.000Z</time>
        <extensions>
          <ns3:TrackPointExtension>
            <ns3:hr>116</ns3:hr>
          </ns3:TrackPointExtension>
        </extensions>
      </trkpt>
      <trkpt lat="44.4375647418200969696044921875" lon="-80.29432349838316440582275390625">
        <ele>512.4000244140625</ele>
        <time>2024-10-23T18:14:27.000Z</time>
        <extensions>
          <ns3:TrackPointExtension>
            <ns3:hr>117</ns3:hr>
          </ns3:TrackPointExtension>
        </extensions>
      </trkpt>
      <trkpt lat="44.437559545040130615234375" lon="-80.2942856959998607635498046875">
        <ele>512</ele>
        <time>2024-10-23T18:14:30.000Z</time>
        <extensions>
          <ns3:TrackPointExtension>
            <ns3:hr>120</ns3:hr>
          </ns3:TrackPointExtension>
        </extensions>
      </trkpt>
      <trkpt lat="44.43755007348954677581787109375" lon="-80.29419156722724437713623046875">
        <ele>511.20001220703125</ele>
        <time>2024-10-23T18:14:35.000Z</time>
        <extensions>
          <ns3:TrackPointExtension>
            <ns3:hr>122</ns3:hr>
          </ns3:TrackPointExtension>
        </extensions>
      </trkpt>
      <trkpt lat="44.43754571489989757537841796875" lon="-80.29413859359920024871826171875">
        <ele>510.79998779296875</ele>
        <time>2024-10-23T18:14:39.000Z</time>
        <extensions>
          <ns3:TrackPointExtension>
            <ns3:hr>125</ns3:hr>
          </ns3:TrackPointExtension>
        </extensions>
      </trkpt>
      <trkpt lat="44.437545798718929290771484375" lon="-80.2941281162202358245849609375">
        <ele>510.79998779296875</ele>
        <time>2024-10-23T18:14:40.000Z</time>
        <extensions>
          <ns3:TrackPointExtension>
            <ns3:hr>122</ns3:hr>
          </ns3:TrackPointExtension>
        </extensions>
      </trkpt>
      <trkpt lat="44.43754278123378753662109375" lon="-80.29409886337816715240478515625">
        <ele>510.399993896484375</ele>
        <time>2024-10-23T18:14:43.000Z</time>
        <extensions>
          <ns3:TrackPointExtension>
            <ns3:hr>118</ns3:hr>
          </ns3:TrackPointExtension>
        </extensions>
      </trkpt>
      <trkpt lat="44.4375421106815338134765625" lon="-80.2940868772566318511962890625">
        <ele>510.20001220703125</ele>
        <time>2024-10-23T18:14:44.000Z</time>
        <extensions>
          <ns3:TrackPointExtension>
            <ns3:hr>117</ns3:hr>
          </ns3:TrackPointExtension>
        </extensions>
      </trkpt>
      <trkpt lat="44.43755644373595714569091796875" lon="-80.29404890723526477813720703125">
        <ele>509.79998779296875</ele>
        <time>2024-10-23T18:14:47.000Z</time>
        <extensions>
          <ns3:TrackPointExtension>
            <ns3:hr>113</ns3:hr>
          </ns3:TrackPointExtension>
        </extensions>
      </trkpt>
      <trkpt lat="44.43756298162043094635009765625" lon="-80.29402292333543300628662109375">
        <ele>509.600006103515625</ele>
        <time>2024-10-23T18:14:49.000Z</time>
        <extensions>
          <ns3:TrackPointExtension>
            <ns3:hr>111</ns3:hr>
          </ns3:TrackPointExtension>
        </extensions>
      </trkpt>
      <trkpt lat="44.43759097717702388763427734375" lon="-80.29393516480922698974609375">
        <ele>509.20001220703125</ele>
        <time>2024-10-23T18:14:56.000Z</time>
        <extensions>
          <ns3:TrackPointExtension>
            <ns3:hr>110</ns3:hr>
          </ns3:TrackPointExtension>
        </extensions>
      </trkpt>
      <trkpt lat="44.437596760690212249755859375" lon="-80.29391127638518810272216796875">
        <ele>509</ele>
        <time>2024-10-23T18:14:58.000Z</time>
        <extensions>
          <ns3:TrackPointExtension>
            <ns3:hr>114</ns3:hr>
          </ns3:TrackPointExtension>
        </extensions>
      </trkpt>
      <trkpt lat="44.43759977817535400390625" lon="-80.29389870353043079376220703125">
        <ele>508.79998779296875</ele>
        <time>2024-10-23T18:14:59.000Z</time>
        <extensions>
          <ns3:TrackPointExtension>
            <ns3:hr>111</ns3:hr>
          </ns3:TrackPointExtension>
        </extensions>
      </trkpt>
      <trkpt lat="44.43762056529521942138671875" lon="-80.29386676847934722900390625">
        <ele>508.399993896484375</ele>
        <time>2024-10-23T18:15:02.000Z</time>
        <extensions>
          <ns3:TrackPointExtension>
            <ns3:hr>110</ns3:hr>
          </ns3:TrackPointExtension>
        </extensions>
      </trkpt>
      <trkpt lat="44.43764344789087772369384765625" lon="-80.29383617453277111053466796875">
        <ele>508.20001220703125</ele>
        <time>2024-10-23T18:15:05.000Z</time>
        <extensions>
          <ns3:TrackPointExtension>
            <ns3:hr>109</ns3:hr>
          </ns3:TrackPointExtension>
        </extensions>
      </trkpt>
      <trkpt lat="44.437653087079524993896484375" lon="-80.29382142238318920135498046875">
        <ele>508.20001220703125</ele>
        <time>2024-10-23T18:15:06.000Z</time>
        <extensions>
          <ns3:TrackPointExtension>
            <ns3:hr>109</ns3:hr>
          </ns3:TrackPointExtension>
        </extensions>
      </trkpt>
      <trkpt lat="44.43772542290389537811279296875" lon="-80.29368102550506591796875">
        <ele>507.600006103515625</ele>
        <time>2024-10-23T18:15:17.000Z</time>
        <extensions>
          <ns3:TrackPointExtension>
            <ns3:hr>106</ns3:hr>
          </ns3:TrackPointExtension>
        </extensions>
      </trkpt>
      <trkpt lat="44.43774998188018798828125" lon="-80.2936327457427978515625">
        <ele>507.600006103515625</ele>
        <time>2024-10-23T18:15:20.000Z</time>
        <extensions>
          <ns3:TrackPointExtension>
            <ns3:hr>107</ns3:hr>
          </ns3:TrackPointExtension>
        </extensions>
      </trkpt>
      <trkpt lat="44.4378017820417881011962890625" lon="-80.2935360185801982879638671875">
        <ele>507.600006103515625</ele>
        <time>2024-10-23T18:15:26.000Z</time>
        <extensions>
          <ns3:TrackPointExtension>
            <ns3:hr>104</ns3:hr>
          </ns3:TrackPointExtension>
        </extensions>
      </trkpt>
      <trkpt lat="44.437859952449798583984375" lon="-80.2934731543064117431640625">
        <ele>507.600006103515625</ele>
        <time>2024-10-23T18:15:31.000Z</time>
        <extensions>
          <ns3:TrackPointExtension>
            <ns3:hr>107</ns3:hr>
          </ns3:TrackPointExtension>
        </extensions>
      </trkpt>
      <trkpt lat="44.43787562660872936248779296875" lon="-80.29341339133679866790771484375">
        <ele>507.600006103515625</ele>
        <time>2024-10-23T18:15:35.000Z</time>
        <extensions>
          <ns3:TrackPointExtension>
            <ns3:hr>106</ns3:hr>
          </ns3:TrackPointExtension>
        </extensions>
      </trkpt>
      <trkpt lat="44.4378574378788471221923828125" lon="-80.29332035221159458160400390625">
        <ele>507.399993896484375</ele>
        <time>2024-10-23T18:15:42.000Z</time>
        <extensions>
          <ns3:TrackPointExtension>
            <ns3:hr>109</ns3:hr>
          </ns3:TrackPointExtension>
        </extensions>
      </trkpt>
      <trkpt lat="44.43784654140472412109375" lon="-80.2933013252913951873779296875">
        <ele>507.399993896484375</ele>
        <time>2024-10-23T18:15:44.000Z</time>
        <extensions>
          <ns3:TrackPointExtension>
            <ns3:hr>108</ns3:hr>
          </ns3:TrackPointExtension>
        </extensions>
      </trkpt>
      <trkpt lat="44.43781795911490917205810546875" lon="-80.2932617627084255218505859375">
        <ele>507.399993896484375</ele>
        <time>2024-10-23T18:15:49.000Z</time>
        <extensions>
          <ns3:TrackPointExtension>
            <ns3:hr>105</ns3:hr>
          </ns3:TrackPointExtension>
        </extensions>
      </trkpt>
      <trkpt lat="44.43778744898736476898193359375" lon="-80.29318682849407196044921875">
        <ele>508.20001220703125</ele>
        <time>2024-10-23T18:15:55.000Z</time>
        <extensions>
          <ns3:TrackPointExtension>
            <ns3:hr>106</ns3:hr>
          </ns3:TrackPointExtension>
        </extensions>
      </trkpt>
      <trkpt lat="44.437771774828433990478515625" lon="-80.29316847212612628936767578125">
        <ele>508.79998779296875</ele>
        <time>2024-10-23T18:15:57.000Z</time>
        <extensions>
          <ns3:TrackPointExtension>
            <ns3:hr>111</ns3:hr>
          </ns3:TrackPointExtension>
        </extensions>
      </trkpt>
      <trkpt lat="44.4377551786601543426513671875" lon="-80.2931313402950763702392578125">
        <ele>509.399993896484375</ele>
        <time>2024-10-23T18:15:59.000Z</time>
        <extensions>
          <ns3:TrackPointExtension>
            <ns3:hr>115</ns3:hr>
          </ns3:TrackPointExtension>
        </extensions>
      </trkpt>
      <trkpt lat="44.43775199353694915771484375" lon="-80.29307928867638111114501953125">
        <ele>510.399993896484375</ele>
        <time>2024-10-23T18:16:03.000Z</time>
        <extensions>
          <ns3:TrackPointExtension>
            <ns3:hr>118</ns3:hr>
          </ns3:TrackPointExtension>
        </extensions>
      </trkpt>
      <trkpt lat="44.4377498142421245574951171875" lon="-80.29304743744432926177978515625">
        <ele>510.79998779296875</ele>
        <time>2024-10-23T18:16:06.000Z</time>
        <extensions>
          <ns3:TrackPointExtension>
            <ns3:hr>120</ns3:hr>
          </ns3:TrackPointExtension>
        </extensions>
      </trkpt>
      <trkpt lat="44.43775065243244171142578125" lon="-80.29299932532012462615966796875">
        <ele>511.600006103515625</ele>
        <time>2024-10-23T18:16:11.000Z</time>
        <extensions>
          <ns3:TrackPointExtension>
            <ns3:hr>122</ns3:hr>
          </ns3:TrackPointExtension>
        </extensions>
      </trkpt>
      <trkpt lat="44.43772852420806884765625" lon="-80.29287971556186676025390625">
        <ele>512.4000244140625</ele>
        <time>2024-10-23T18:16:20.000Z</time>
        <extensions>
          <ns3:TrackPointExtension>
            <ns3:hr>122</ns3:hr>
          </ns3:TrackPointExtension>
        </extensions>
      </trkpt>
      <trkpt lat="44.43771821446716785430908203125" lon="-80.29282313771545886993408203125">
        <ele>512.5999755859375</ele>
        <time>2024-10-23T18:16:24.000Z</time>
        <extensions>
          <ns3:TrackPointExtension>
            <ns3:hr>123</ns3:hr>
          </ns3:TrackPointExtension>
        </extensions>
      </trkpt>
      <trkpt lat="44.4377434439957141876220703125" lon="-80.29275524429976940155029296875">
        <ele>513.79998779296875</ele>
        <time>2024-10-23T18:16:32.000Z</time>
        <extensions>
          <ns3:TrackPointExtension>
            <ns3:hr>124</ns3:hr>
          </ns3:TrackPointExtension>
        </extensions>
      </trkpt>
      <trkpt lat="44.43774503655731678009033203125" lon="-80.2927548252046108245849609375">
        <ele>514</ele>
        <time>2024-10-23T18:16:33.000Z</time>
        <extensions>
          <ns3:TrackPointExtension>
            <ns3:hr>124</ns3:hr>
          </ns3:TrackPointExtension>
        </extensions>
      </trkpt>
      <trkpt lat="44.437779486179351806640625" lon="-80.29273621737957000732421875">
        <ele>515</ele>
        <time>2024-10-23T18:16:39.000Z</time>
        <extensions>
          <ns3:TrackPointExtension>
            <ns3:hr>121</ns3:hr>
          </ns3:TrackPointExtension>
        </extensions>
      </trkpt>
      <trkpt lat="44.43781997077167034149169921875" lon="-80.29273663647472858428955078125">
        <ele>515.4000244140625</ele>
        <time>2024-10-23T18:16:46.000Z</time>
        <extensions>
          <ns3:TrackPointExtension>
            <ns3:hr>121</ns3:hr>
          </ns3:TrackPointExtension>
        </extensions>
      </trkpt>
      <trkpt lat="44.43785190582275390625" lon="-80.2927316911518573760986328125">
        <ele>516.20001220703125</ele>
        <time>2024-10-23T18:16:50.000Z</time>
        <extensions>
          <ns3:TrackPointExtension>
            <ns3:hr>123</ns3:hr>
          </ns3:TrackPointExtension>
        </extensions>
      </trkpt>
      <trkpt lat="44.43789993412792682647705078125" lon="-80.292709730565547943115234375">
        <ele>516.5999755859375</ele>
        <time>2024-10-23T18:16:56.000Z</time>
        <extensions>
          <ns3:TrackPointExtension>
            <ns3:hr>126</ns3:hr>
          </ns3:TrackPointExtension>
        </extensions>
      </trkpt>
      <trkpt lat="44.43793438374996185302734375" lon="-80.2926834113895893096923828125">
        <ele>517</ele>
        <time>2024-10-23T18:17:01.000Z</time>
        <extensions>
          <ns3:TrackPointExtension>
            <ns3:hr>127</ns3:hr>
          </ns3:TrackPointExtension>
        </extensions>
      </trkpt>
      <trkpt lat="44.43796212784945964813232421875" lon="-80.2926686592400074005126953125">
        <ele>517.20001220703125</ele>
        <time>2024-10-23T18:17:05.000Z</time>
        <extensions>
          <ns3:TrackPointExtension>
            <ns3:hr>127</ns3:hr>
          </ns3:TrackPointExtension>
        </extensions>
      </trkpt>
      <trkpt lat="44.4379888661205768585205078125" lon="-80.29265952296555042266845703125">
        <ele>517.5999755859375</ele>
        <time>2024-10-23T18:17:09.000Z</time>
        <extensions>
          <ns3:TrackPointExtension>
            <ns3:hr>124</ns3:hr>
          </ns3:TrackPointExtension>
        </extensions>
      </trkpt>
      <trkpt lat="44.43807461299002170562744140625" lon="-80.2926242351531982421875">
        <ele>517.79998779296875</ele>
        <time>2024-10-23T18:17:18.000Z</time>
        <extensions>
          <ns3:TrackPointExtension>
            <ns3:hr>126</ns3:hr>
          </ns3:TrackPointExtension>
        </extensions>
      </trkpt>
      <trkpt lat="44.43809422664344310760498046875" lon="-80.29259808361530303955078125">
        <ele>518.20001220703125</ele>
        <time>2024-10-23T18:17:21.000Z</time>
        <extensions>
          <ns3:TrackPointExtension>
            <ns3:hr>125</ns3:hr>
          </ns3:TrackPointExtension>
        </extensions>
      </trkpt>
      <trkpt lat="44.43813445977866649627685546875" lon="-80.29256514273583889007568359375">
        <ele>519.20001220703125</ele>
        <time>2024-10-23T18:17:28.000Z</time>
        <extensions>
          <ns3:TrackPointExtension>
            <ns3:hr>125</ns3:hr>
          </ns3:TrackPointExtension>
        </extensions>
      </trkpt>
      <trkpt lat="44.43816899321973323822021484375" lon="-80.29256246052682399749755859375">
        <ele>520.20001220703125</ele>
        <time>2024-10-23T18:17:32.000Z</time>
        <extensions>
          <ns3:TrackPointExtension>
            <ns3:hr>124</ns3:hr>
          </ns3:TrackPointExtension>
        </extensions>
      </trkpt>
      <trkpt lat="44.43817787803709506988525390625" lon="-80.292565561830997467041015625">
        <ele>520.20001220703125</ele>
        <time>2024-10-23T18:17:33.000Z</time>
        <extensions>
          <ns3:TrackPointExtension>
            <ns3:hr>124</ns3:hr>
          </ns3:TrackPointExtension>
        </extensions>
      </trkpt>
      <trkpt lat="44.43823571316897869110107421875" lon="-80.29253681190311908721923828125">
        <ele>521.4000244140625</ele>
        <time>2024-10-23T18:17:40.000Z</time>
        <extensions>
          <ns3:TrackPointExtension>
            <ns3:hr>126</ns3:hr>
          </ns3:TrackPointExtension>
        </extensions>
      </trkpt>
      <trkpt lat="44.43827577866613864898681640625" lon="-80.2924969978630542755126953125">
        <ele>522.4000244140625</ele>
        <time>2024-10-23T18:17:46.000Z</time>
        <extensions>
          <ns3:TrackPointExtension>
            <ns3:hr>127</ns3:hr>
          </ns3:TrackPointExtension>
        </extensions>
      </trkpt>
      <trkpt lat="44.4382829032838344573974609375" lon="-80.29249372892081737518310546875">
        <ele>522.4000244140625</ele>
        <time>2024-10-23T18:17:47.000Z</time>
        <extensions>
          <ns3:TrackPointExtension>
            <ns3:hr>129</ns3:hr>
          </ns3:TrackPointExtension>
        </extensions>
      </trkpt>
      <trkpt lat="44.4382919557392597198486328125" lon="-80.29245148412883281707763671875">
        <ele>523.4000244140625</ele>
        <time>2024-10-23T18:17:51.000Z</time>
        <extensions>
          <ns3:TrackPointExtension>
            <ns3:hr>128</ns3:hr>
          </ns3:TrackPointExtension>
        </extensions>
      </trkpt>
      <trkpt lat="44.43831768818199634552001953125" lon="-80.2923977561295032501220703125">
        <ele>524.5999755859375</ele>
        <time>2024-10-23T18:18:00.000Z</time>
        <extensions>
          <ns3:TrackPointExtension>
            <ns3:hr>129</ns3:hr>
          </ns3:TrackPointExtension>
        </extensions>
      </trkpt>
      <trkpt lat="44.43836756050586700439453125" lon="-80.292383842170238494873046875">
        <ele>525.4000244140625</ele>
        <time>2024-10-23T18:18:05.000Z</time>
        <extensions>
          <ns3:TrackPointExtension>
            <ns3:hr>132</ns3:hr>
          </ns3:TrackPointExtension>
        </extensions>
      </trkpt>
      <trkpt lat="44.4383938796818256378173828125" lon="-80.2923850156366825103759765625">
        <ele>525.5999755859375</ele>
        <time>2024-10-23T18:18:07.000Z</time>
        <extensions>
          <ns3:TrackPointExtension>
            <ns3:hr>131</ns3:hr>
          </ns3:TrackPointExtension>
        </extensions>
      </trkpt>
      <trkpt lat="44.4384525530040264129638671875" lon="-80.29236934147775173187255859375">
        <ele>526.79998779296875</ele>
        <time>2024-10-23T18:18:13.000Z</time>
        <extensions>
          <ns3:TrackPointExtension>
            <ns3:hr>132</ns3:hr>
          </ns3:TrackPointExtension>
        </extensions>
      </trkpt>
      <trkpt lat="44.43846537731587886810302734375" lon="-80.292359031736850738525390625">
        <ele>526.79998779296875</ele>
        <time>2024-10-23T18:18:14.000Z</time>
        <extensions>
          <ns3:TrackPointExtension>
            <ns3:hr>132</ns3:hr>
          </ns3:TrackPointExtension>
        </extensions>
      </trkpt>
      <trkpt lat="44.43849002011120319366455078125" lon="-80.2923439443111419677734375">
        <ele>527.20001220703125</ele>
        <time>2024-10-23T18:18:17.000Z</time>
        <extensions>
          <ns3:TrackPointExtension>
            <ns3:hr>135</ns3:hr>
          </ns3:TrackPointExtension>
        </extensions>
      </trkpt>
      <trkpt lat="44.43851751275360584259033203125" lon="-80.29232122935354709625244140625">
        <ele>528</ele>
        <time>2024-10-23T18:18:20.000Z</time>
        <extensions>
          <ns3:TrackPointExtension>
            <ns3:hr>137</ns3:hr>
          </ns3:TrackPointExtension>
        </extensions>
      </trkpt>
      <trkpt lat="44.43854869343340396881103515625" lon="-80.292279906570911407470703125">
        <ele>528.5999755859375</ele>
        <time>2024-10-23T18:18:25.000Z</time>
        <extensions>
          <ns3:TrackPointExtension>
            <ns3:hr>134</ns3:hr>
          </ns3:TrackPointExtension>
        </extensions>
      </trkpt>
      <trkpt lat="44.4385688938200473785400390625" lon="-80.29225098900496959686279296875">
        <ele>529</ele>
        <time>2024-10-23T18:18:28.000Z</time>
        <extensions>
          <ns3:TrackPointExtension>
            <ns3:hr>133</ns3:hr>
          </ns3:TrackPointExtension>
        </extensions>
      </trkpt>
      <trkpt lat="44.43857677280902862548828125" lon="-80.29224109835922718048095703125">
        <ele>529</ele>
        <time>2024-10-23T18:18:29.000Z</time>
        <extensions>
          <ns3:TrackPointExtension>
            <ns3:hr>133</ns3:hr>
          </ns3:TrackPointExtension>
        </extensions>
      </trkpt>
      <trkpt lat="44.43861591629683971405029296875" lon="-80.29216180555522441864013671875">
        <ele>529.20001220703125</ele>
        <time>2024-10-23T18:18:35.000Z</time>
        <extensions>
          <ns3:TrackPointExtension>
            <ns3:hr>132</ns3:hr>
          </ns3:TrackPointExtension>
        </extensions>
      </trkpt>
      <trkpt lat="44.43864575587213039398193359375" lon="-80.29206432402133941650390625">
        <ele>529.20001220703125</ele>
        <time>2024-10-23T18:18:42.000Z</time>
        <extensions>
          <ns3:TrackPointExtension>
            <ns3:hr>129</ns3:hr>
          </ns3:TrackPointExtension>
        </extensions>
      </trkpt>
      <trkpt lat="44.43867811001837253570556640625" lon="-80.29188838787376880645751953125">
        <ele>530</ele>
        <time>2024-10-23T18:18:53.000Z</time>
        <extensions>
          <ns3:TrackPointExtension>
            <ns3:hr>126</ns3:hr>
          </ns3:TrackPointExtension>
        </extensions>
      </trkpt>
      <trkpt lat="44.43869076669216156005859375" lon="-80.2918475680053234100341796875">
        <ele>530.20001220703125</ele>
        <time>2024-10-23T18:18:56.000Z</time>
        <extensions>
          <ns3:TrackPointExtension>
            <ns3:hr>122</ns3:hr>
          </ns3:TrackPointExtension>
        </extensions>
      </trkpt>
      <trkpt lat="44.43870074115693569183349609375" lon="-80.29182652942836284637451171875">
        <ele>530.4000244140625</ele>
        <time>2024-10-23T18:18:58.000Z</time>
        <extensions>
          <ns3:TrackPointExtension>
            <ns3:hr>125</ns3:hr>
          </ns3:TrackPointExtension>
        </extensions>
      </trkpt>
      <trkpt lat="44.438727311789989471435546875" lon="-80.2917444705963134765625">
        <ele>531</ele>
        <time>2024-10-23T18:19:03.000Z</time>
        <extensions>
          <ns3:TrackPointExtension>
            <ns3:hr>123</ns3:hr>
          </ns3:TrackPointExtension>
        </extensions>
      </trkpt>
      <trkpt lat="44.438729993999004364013671875" lon="-80.29173374176025390625">
        <ele>531</ele>
        <time>2024-10-23T18:19:04.000Z</time>
        <extensions>
          <ns3:TrackPointExtension>
            <ns3:hr>126</ns3:hr>
          </ns3:TrackPointExtension>
        </extensions>
      </trkpt>
      <trkpt lat="44.43874399177730083465576171875" lon="-80.29170197434723377227783203125">
        <ele>531.4000244140625</ele>
        <time>2024-10-23T18:19:07.000Z</time>
        <extensions>
          <ns3:TrackPointExtension>
            <ns3:hr>129</ns3:hr>
          </ns3:TrackPointExtension>
        </extensions>
      </trkpt>
      <trkpt lat="44.43875237368047237396240234375" lon="-80.29167674481868743896484375">
        <ele>531.79998779296875</ele>
        <time>2024-10-23T18:19:09.000Z</time>
        <extensions>
          <ns3:TrackPointExtension>
            <ns3:hr>130</ns3:hr>
          </ns3:TrackPointExtension>
        </extensions>
      </trkpt>
      <trkpt lat="44.4387678802013397216796875" lon="-80.29163860715925693511962890625">
        <ele>532.20001220703125</ele>
        <time>2024-10-23T18:19:12.000Z</time>
        <extensions>
          <ns3:TrackPointExtension>
            <ns3:hr>129</ns3:hr>
          </ns3:TrackPointExtension>
        </extensions>
      </trkpt>
      <trkpt lat="44.43880199454724788665771484375" lon="-80.291557721793651580810546875">
        <ele>533.20001220703125</ele>
        <time>2024-10-23T18:19:19.000Z</time>
        <extensions>
          <ns3:TrackPointExtension>
            <ns3:hr>128</ns3:hr>
          </ns3:TrackPointExtension>
        </extensions>
      </trkpt>
      <trkpt lat="44.43882697261869907379150390625" lon="-80.2914479188621044158935546875">
        <ele>534</ele>
        <time>2024-10-23T18:19:25.000Z</time>
        <extensions>
          <ns3:TrackPointExtension>
            <ns3:hr>128</ns3:hr>
          </ns3:TrackPointExtension>
        </extensions>
      </trkpt>
      <trkpt lat="44.43883049301803112030029296875" lon="-80.29141866602003574371337890625">
        <ele>534.20001220703125</ele>
        <time>2024-10-23T18:19:27.000Z</time>
        <extensions>
          <ns3:TrackPointExtension>
            <ns3:hr>129</ns3:hr>
          </ns3:TrackPointExtension>
        </extensions>
      </trkpt>
      <trkpt lat="44.4388605840504169464111328125" lon="-80.29129981063306331634521484375">
        <ele>534.4000244140625</ele>
        <time>2024-10-23T18:19:35.000Z</time>
        <extensions>
          <ns3:TrackPointExtension>
            <ns3:hr>126</ns3:hr>
          </ns3:TrackPointExtension>
        </extensions>
      </trkpt>
      <trkpt lat="44.43887240253388881683349609375" lon="-80.29121750034391880035400390625">
        <ele>534.5999755859375</ele>
        <time>2024-10-23T18:19:39.000Z</time>
        <extensions>
          <ns3:TrackPointExtension>
            <ns3:hr>128</ns3:hr>
          </ns3:TrackPointExtension>
        </extensions>
      </trkpt>
      <trkpt lat="44.438889585435390472412109375" lon="-80.2911434881389141082763671875">
        <ele>535</ele>
        <time>2024-10-23T18:19:45.000Z</time>
        <extensions>
          <ns3:TrackPointExtension>
            <ns3:hr>125</ns3:hr>
          </ns3:TrackPointExtension>
        </extensions>
      </trkpt>
      <trkpt lat="44.43889285437762737274169921875" lon="-80.29113401658833026885986328125">
        <ele>535.5999755859375</ele>
        <time>2024-10-23T18:19:47.000Z</time>
        <extensions>
          <ns3:TrackPointExtension>
            <ns3:hr>124</ns3:hr>
          </ns3:TrackPointExtension>
        </extensions>
      </trkpt>
      <trkpt lat="44.4389021582901477813720703125" lon="-80.29112756252288818359375">
        <ele>536</ele>
        <time>2024-10-23T18:19:49.000Z</time>
        <extensions>
          <ns3:TrackPointExtension>
            <ns3:hr>127</ns3:hr>
          </ns3:TrackPointExtension>
        </extensions>
      </trkpt>
      <trkpt lat="44.438905008137226104736328125" lon="-80.29112563468515872955322265625">
        <ele>536.20001220703125</ele>
        <time>2024-10-23T18:19:50.000Z</time>
        <extensions>
          <ns3:TrackPointExtension>
            <ns3:hr>124</ns3:hr>
          </ns3:TrackPointExtension>
        </extensions>
      </trkpt>
      <trkpt lat="44.4389336742460727691650390625" lon="-80.291127227246761322021484375">
        <ele>536.20001220703125</ele>
        <time>2024-10-23T18:20:01.000Z</time>
        <extensions>
          <ns3:TrackPointExtension>
            <ns3:hr>121</ns3:hr>
          </ns3:TrackPointExtension>
        </extensions>
      </trkpt>
      <trkpt lat="44.43893811665475368499755859375" lon="-80.291130244731903076171875">
        <ele>536.20001220703125</ele>
        <time>2024-10-23T18:20:04.000Z</time>
        <extensions>
          <ns3:TrackPointExtension>
            <ns3:hr>121</ns3:hr>
          </ns3:TrackPointExtension>
        </extensions>
      </trkpt>
      <trkpt lat="44.438938535749912261962890625" lon="-80.29113569296896457672119140625">
        <ele>536.20001220703125</ele>
        <time>2024-10-23T18:20:20.000Z</time>
        <extensions>
          <ns3:TrackPointExtension>
            <ns3:hr>120</ns3:hr>
          </ns3:TrackPointExtension>
        </extensions>
      </trkpt>
      <trkpt lat="44.43899058736860752105712890625" lon="-80.2909597568213939666748046875">
        <ele>536</ele>
        <time>2024-10-23T18:20:32.000Z</time>
        <extensions>
          <ns3:TrackPointExtension>
            <ns3:hr>121</ns3:hr>
          </ns3:TrackPointExtension>
        </extensions>
      </trkpt>
      <trkpt lat="44.438997209072113037109375" lon="-80.29095129109919071197509765625">
        <ele>536</ele>
        <time>2024-10-23T18:20:33.000Z</time>
        <extensions>
          <ns3:TrackPointExtension>
            <ns3:hr>118</ns3:hr>
          </ns3:TrackPointExtension>
        </extensions>
      </trkpt>
      <trkpt lat="44.43900902755558490753173828125" lon="-80.29093352146446704864501953125">
        <ele>536</ele>
        <time>2024-10-23T18:20:35.000Z</time>
        <extensions>
          <ns3:TrackPointExtension>
            <ns3:hr>115</ns3:hr>
          </ns3:TrackPointExtension>
        </extensions>
      </trkpt>
      <trkpt lat="44.43910256959497928619384765625" lon="-80.29071961529552936553955078125">
        <ele>535.20001220703125</ele>
        <time>2024-10-23T18:20:50.000Z</time>
        <extensions>
          <ns3:TrackPointExtension>
            <ns3:hr>114</ns3:hr>
          </ns3:TrackPointExtension>
        </extensions>
      </trkpt>
      <trkpt lat="44.43912805058062076568603515625" lon="-80.29062741436064243316650390625">
        <ele>535.20001220703125</ele>
        <time>2024-10-23T18:20:55.000Z</time>
        <extensions>
          <ns3:TrackPointExtension>
            <ns3:hr>113</ns3:hr>
          </ns3:TrackPointExtension>
        </extensions>
      </trkpt>
      <trkpt lat="44.43917096592485904693603515625" lon="-80.29050470329821109771728515625">
        <ele>535</ele>
        <time>2024-10-23T18:21:04.000Z</time>
        <extensions>
          <ns3:TrackPointExtension>
            <ns3:hr>115</ns3:hr>
          </ns3:TrackPointExtension>
        </extensions>
      </trkpt>
      <trkpt lat="44.4391851313412189483642578125" lon="-80.29045189730823040008544921875">
        <ele>535</ele>
        <time>2024-10-23T18:21:07.000Z</time>
        <extensions>
          <ns3:TrackPointExtension>
            <ns3:hr>112</ns3:hr>
          </ns3:TrackPointExtension>
        </extensions>
      </trkpt>
      <trkpt lat="44.43919376470148563385009765625" lon="-80.29044234193861484527587890625">
        <ele>534.79998779296875</ele>
        <time>2024-10-23T18:21:08.000Z</time>
        <extensions>
          <ns3:TrackPointExtension>
            <ns3:hr>115</ns3:hr>
          </ns3:TrackPointExtension>
        </extensions>
      </trkpt>
      <trkpt lat="44.43922947160899639129638671875" lon="-80.29036304913461208343505859375">
        <ele>534.5999755859375</ele>
        <time>2024-10-23T18:21:16.000Z</time>
        <extensions>
          <ns3:TrackPointExtension>
            <ns3:hr>115</ns3:hr>
          </ns3:TrackPointExtension>
        </extensions>
      </trkpt>
      <trkpt lat="44.43924657069146633148193359375" lon="-80.29034393839538097381591796875">
        <ele>534.5999755859375</ele>
        <time>2024-10-23T18:21:19.000Z</time>
        <extensions>
          <ns3:TrackPointExtension>
            <ns3:hr>120</ns3:hr>
          </ns3:TrackPointExtension>
        </extensions>
      </trkpt>
      <trkpt lat="44.439251013100147247314453125" lon="-80.29033589176833629608154296875">
        <ele>534.5999755859375</ele>
        <time>2024-10-23T18:21:20.000Z</time>
        <extensions>
          <ns3:TrackPointExtension>
            <ns3:hr>120</ns3:hr>
          </ns3:TrackPointExtension>
        </extensions>
      </trkpt>
      <trkpt lat="44.439263083040714263916015625" lon="-80.29029163531959056854248046875">
        <ele>534.4000244140625</ele>
        <time>2024-10-23T18:21:24.000Z</time>
        <extensions>
          <ns3:TrackPointExtension>
            <ns3:hr>124</ns3:hr>
          </ns3:TrackPointExtension>
        </extensions>
      </trkpt>
      <trkpt lat="44.4393051601946353912353515625" lon="-80.2902424335479736328125">
        <ele>533.5999755859375</ele>
        <time>2024-10-23T18:21:30.000Z</time>
        <extensions>
          <ns3:TrackPointExtension>
            <ns3:hr>125</ns3:hr>
          </ns3:TrackPointExtension>
        </extensions>
      </trkpt>
      <trkpt lat="44.43932435475289821624755859375" lon="-80.2902372367680072784423828125">
        <ele>533.5999755859375</ele>
        <time>2024-10-23T18:21:32.000Z</time>
        <extensions>
          <ns3:TrackPointExtension>
            <ns3:hr>124</ns3:hr>
          </ns3:TrackPointExtension>
        </extensions>
      </trkpt>
      <trkpt lat="44.4393809325993061065673828125" lon="-80.29018686152994632720947265625">
        <ele>532.4000244140625</ele>
        <time>2024-10-23T18:21:39.000Z</time>
        <extensions>
          <ns3:TrackPointExtension>
            <ns3:hr>124</ns3:hr>
          </ns3:TrackPointExtension>
        </extensions>
      </trkpt>
      <trkpt lat="44.43938973359763622283935546875" lon="-80.29016624204814434051513671875">
        <ele>532.20001220703125</ele>
        <time>2024-10-23T18:21:41.000Z</time>
        <extensions>
          <ns3:TrackPointExtension>
            <ns3:hr>121</ns3:hr>
          </ns3:TrackPointExtension>
        </extensions>
      </trkpt>
      <trkpt lat="44.43940867669880390167236328125" lon="-80.29015031643211841583251953125">
        <ele>532</ele>
        <time>2024-10-23T18:21:43.000Z</time>
        <extensions>
          <ns3:TrackPointExtension>
            <ns3:hr>118</ns3:hr>
          </ns3:TrackPointExtension>
        </extensions>
      </trkpt>
      <trkpt lat="44.4394141249358654022216796875" lon="-80.2901369892060756683349609375">
        <ele>531.79998779296875</ele>
        <time>2024-10-23T18:21:44.000Z</time>
        <extensions>
          <ns3:TrackPointExtension>
            <ns3:hr>115</ns3:hr>
          </ns3:TrackPointExtension>
        </extensions>
      </trkpt>
      <trkpt lat="44.43943466059863567352294921875" lon="-80.29011595062911510467529296875">
        <ele>531.79998779296875</ele>
        <time>2024-10-23T18:21:46.000Z</time>
        <extensions>
          <ns3:TrackPointExtension>
            <ns3:hr>112</ns3:hr>
          </ns3:TrackPointExtension>
        </extensions>
      </trkpt>
      <trkpt lat="44.43948428146541118621826171875" lon="-80.2900672517716884613037109375">
        <ele>531.4000244140625</ele>
        <time>2024-10-23T18:21:51.000Z</time>
        <extensions>
          <ns3:TrackPointExtension>
            <ns3:hr>111</ns3:hr>
          </ns3:TrackPointExtension>
        </extensions>
      </trkpt>
      <trkpt lat="44.4394992850720882415771484375" lon="-80.2900300361216068267822265625">
        <ele>531.20001220703125</ele>
        <time>2024-10-23T18:21:54.000Z</time>
        <extensions>
          <ns3:TrackPointExtension>
            <ns3:hr>114</ns3:hr>
          </ns3:TrackPointExtension>
        </extensions>
      </trkpt>
      <trkpt lat="44.43951831199228763580322265625" lon="-80.289995670318603515625">
        <ele>530.79998779296875</ele>
        <time>2024-10-23T18:21:58.000Z</time>
        <extensions>
          <ns3:TrackPointExtension>
            <ns3:hr>114</ns3:hr>
          </ns3:TrackPointExtension>
        </extensions>
      </trkpt>
      <trkpt lat="44.439531303942203521728515625" lon="-80.2899686805903911590576171875">
        <ele>530.5999755859375</ele>
        <time>2024-10-23T18:22:02.000Z</time>
        <extensions>
          <ns3:TrackPointExtension>
            <ns3:hr>111</ns3:hr>
          </ns3:TrackPointExtension>
        </extensions>
      </trkpt>
      <trkpt lat="44.43954127840697765350341796875" lon="-80.28995468281209468841552734375">
        <ele>530.4000244140625</ele>
        <time>2024-10-23T18:22:04.000Z</time>
        <extensions>
          <ns3:TrackPointExtension>
            <ns3:hr>110</ns3:hr>
          </ns3:TrackPointExtension>
        </extensions>
      </trkpt>
      <trkpt lat="44.439576566219329833984375" lon="-80.289924927055835723876953125">
        <ele>529.4000244140625</ele>
        <time>2024-10-23T18:22:11.000Z</time>
        <extensions>
          <ns3:TrackPointExtension>
            <ns3:hr>110</ns3:hr>
          </ns3:TrackPointExtension>
        </extensions>
      </trkpt>
      <trkpt lat="44.43958419375121593475341796875" lon="-80.28991855680942535400390625">
        <ele>529.20001220703125</ele>
        <time>2024-10-23T18:22:12.000Z</time>
        <extensions>
          <ns3:TrackPointExtension>
            <ns3:hr>111</ns3:hr>
          </ns3:TrackPointExtension>
        </extensions>
      </trkpt>
      <trkpt lat="44.43964873440563678741455078125" lon="-80.28982794843614101409912109375">
        <ele>528.20001220703125</ele>
        <time>2024-10-23T18:22:19.000Z</time>
        <extensions>
          <ns3:TrackPointExtension>
            <ns3:hr>112</ns3:hr>
          </ns3:TrackPointExtension>
        </extensions>
      </trkpt>
      <trkpt lat="44.43969198502600193023681640625" lon="-80.289790146052837371826171875">
        <ele>527.79998779296875</ele>
        <time>2024-10-23T18:22:23.000Z</time>
        <extensions>
          <ns3:TrackPointExtension>
            <ns3:hr>111</ns3:hr>
          </ns3:TrackPointExtension>
        </extensions>
      </trkpt>
      <trkpt lat="44.4397227466106414794921875" lon="-80.2897108532488346099853515625">
        <ele>527.20001220703125</ele>
        <time>2024-10-23T18:22:29.000Z</time>
        <extensions>
          <ns3:TrackPointExtension>
            <ns3:hr>111</ns3:hr>
          </ns3:TrackPointExtension>
        </extensions>
      </trkpt>
      <trkpt lat="44.439760632812976837158203125" lon="-80.289646647870540618896484375">
        <ele>526.79998779296875</ele>
        <time>2024-10-23T18:22:34.000Z</time>
        <extensions>
          <ns3:TrackPointExtension>
            <ns3:hr>114</ns3:hr>
          </ns3:TrackPointExtension>
        </extensions>
      </trkpt>
      <trkpt lat="44.43978083319962024688720703125" lon="-80.28962242417037487030029296875">
        <ele>526.5999755859375</ele>
        <time>2024-10-23T18:22:36.000Z</time>
        <extensions>
          <ns3:TrackPointExtension>
            <ns3:hr>112</ns3:hr>
          </ns3:TrackPointExtension>
        </extensions>
      </trkpt>
      <trkpt lat="44.43980078212916851043701171875" lon="-80.28958537615835666656494140625">
        <ele>526.20001220703125</ele>
        <time>2024-10-23T18:22:40.000Z</time>
        <extensions>
          <ns3:TrackPointExtension>
            <ns3:hr>110</ns3:hr>
          </ns3:TrackPointExtension>
        </extensions>
      </trkpt>
      <trkpt lat="44.439823664724826812744140625" lon="-80.2895237691700458526611328125">
        <ele>525</ele>
        <time>2024-10-23T18:22:45.000Z</time>
        <extensions>
          <ns3:TrackPointExtension>
            <ns3:hr>110</ns3:hr>
          </ns3:TrackPointExtension>
        </extensions>
      </trkpt>
      <trkpt lat="44.43983162753283977508544921875" lon="-80.289430059492588043212890625">
        <ele>524</ele>
        <time>2024-10-23T18:22:52.000Z</time>
        <extensions>
          <ns3:TrackPointExtension>
            <ns3:hr>110</ns3:hr>
          </ns3:TrackPointExtension>
        </extensions>
      </trkpt>
      <trkpt lat="44.4398446194827556610107421875" lon="-80.28933308087289333343505859375">
        <ele>523.20001220703125</ele>
        <time>2024-10-23T18:22:58.000Z</time>
        <extensions>
          <ns3:TrackPointExtension>
            <ns3:hr>113</ns3:hr>
          </ns3:TrackPointExtension>
        </extensions>
      </trkpt>
      <trkpt lat="44.43983699195086956024169921875" lon="-80.28930055908858776092529296875">
        <ele>523</ele>
        <time>2024-10-23T18:23:00.000Z</time>
        <extensions>
          <ns3:TrackPointExtension>
            <ns3:hr>116</ns3:hr>
          </ns3:TrackPointExtension>
        </extensions>
      </trkpt>
      <trkpt lat="44.43983347155153751373291015625" lon="-80.28928899206221103668212890625">
        <ele>523</ele>
        <time>2024-10-23T18:23:01.000Z</time>
        <extensions>
          <ns3:TrackPointExtension>
            <ns3:hr>117</ns3:hr>
          </ns3:TrackPointExtension>
        </extensions>
      </trkpt>
      <trkpt lat="44.43981721065938472747802734375" lon="-80.28925328515470027923583984375">
        <ele>522.5999755859375</ele>
        <time>2024-10-23T18:23:05.000Z</time>
        <extensions>
          <ns3:TrackPointExtension>
            <ns3:hr>114</ns3:hr>
          </ns3:TrackPointExtension>
        </extensions>
      </trkpt>
      <trkpt lat="44.43981327116489410400390625" lon="-80.289240963757038116455078125">
        <ele>522.5999755859375</ele>
        <time>2024-10-23T18:23:06.000Z</time>
        <extensions>
          <ns3:TrackPointExtension>
            <ns3:hr>113</ns3:hr>
          </ns3:TrackPointExtension>
        </extensions>
      </trkpt>
      <trkpt lat="44.43979005329310894012451171875" lon="-80.2891194261610507965087890625">
        <ele>522.20001220703125</ele>
        <time>2024-10-23T18:23:14.000Z</time>
        <extensions>
          <ns3:TrackPointExtension>
            <ns3:hr>109</ns3:hr>
          </ns3:TrackPointExtension>
        </extensions>
      </trkpt>
      <trkpt lat="44.43978468887507915496826171875" lon="-80.289080701768398284912109375">
        <ele>522</ele>
        <time>2024-10-23T18:23:17.000Z</time>
        <extensions>
          <ns3:TrackPointExtension>
            <ns3:hr>112</ns3:hr>
          </ns3:TrackPointExtension>
        </extensions>
      </trkpt>
      <trkpt lat="44.43978510797023773193359375" lon="-80.28907106257975101470947265625">
        <ele>522</ele>
        <time>2024-10-23T18:23:18.000Z</time>
        <extensions>
          <ns3:TrackPointExtension>
            <ns3:hr>113</ns3:hr>
          </ns3:TrackPointExtension>
        </extensions>
      </trkpt>
      <trkpt lat="44.43978301249444484710693359375" lon="-80.28904616832733154296875">
        <ele>521.79998779296875</ele>
        <time>2024-10-23T18:23:20.000Z</time>
        <extensions>
          <ns3:TrackPointExtension>
            <ns3:hr>113</ns3:hr>
          </ns3:TrackPointExtension>
        </extensions>
      </trkpt>
      <trkpt lat="44.4397805817425251007080078125" lon="-80.289010964334011077880859375">
        <ele>521.5999755859375</ele>
        <time>2024-10-23T18:23:22.000Z</time>
        <extensions>
          <ns3:TrackPointExtension>
            <ns3:hr>110</ns3:hr>
          </ns3:TrackPointExtension>
        </extensions>
      </trkpt>
      <trkpt lat="44.439779408276081085205078125" lon="-80.28895162045955657958984375">
        <ele>521.20001220703125</ele>
        <time>2024-10-23T18:23:25.000Z</time>
        <extensions>
          <ns3:TrackPointExtension>
            <ns3:hr>110</ns3:hr>
          </ns3:TrackPointExtension>
        </extensions>
      </trkpt>
      <trkpt lat="44.43978133611381053924560546875" lon="-80.28890669345855712890625">
        <ele>520.79998779296875</ele>
        <time>2024-10-23T18:23:28.000Z</time>
        <extensions>
          <ns3:TrackPointExtension>
            <ns3:hr>113</ns3:hr>
          </ns3:TrackPointExtension>
        </extensions>
      </trkpt>
      <trkpt lat="44.4397802464663982391357421875" lon="-80.2888890914618968963623046875">
        <ele>520.79998779296875</ele>
        <time>2024-10-23T18:23:29.000Z</time>
        <extensions>
          <ns3:TrackPointExtension>
            <ns3:hr>113</ns3:hr>
          </ns3:TrackPointExtension>
        </extensions>
      </trkpt>
      <trkpt lat="44.43978351540863513946533203125" lon="-80.2888042666018009185791015625">
        <ele>520.5999755859375</ele>
        <time>2024-10-23T18:23:33.000Z</time>
        <extensions>
          <ns3:TrackPointExtension>
            <ns3:hr>114</ns3:hr>
          </ns3:TrackPointExtension>
        </extensions>
      </trkpt>
      <trkpt lat="44.43979357369244098663330078125" lon="-80.2886745147407054901123046875">
        <ele>520.20001220703125</ele>
        <time>2024-10-23T18:23:40.000Z</time>
        <extensions>
          <ns3:TrackPointExtension>
            <ns3:hr>111</ns3:hr>
          </ns3:TrackPointExtension>
        </extensions>
      </trkpt>
      <trkpt lat="44.4397906400263309478759765625" lon="-80.2885883487761020660400390625">
        <ele>519.79998779296875</ele>
        <time>2024-10-23T18:23:47.000Z</time>
        <extensions>
          <ns3:TrackPointExtension>
            <ns3:hr>110</ns3:hr>
          </ns3:TrackPointExtension>
        </extensions>
      </trkpt>
      <trkpt lat="44.43978653289377689361572265625" lon="-80.28857569210231304168701171875">
        <ele>519.79998779296875</ele>
        <time>2024-10-23T18:23:48.000Z</time>
        <extensions>
          <ns3:TrackPointExtension>
            <ns3:hr>110</ns3:hr>
          </ns3:TrackPointExtension>
        </extensions>
      </trkpt>
      <trkpt lat="44.4397765584290027618408203125" lon="-80.28850771486759185791015625">
        <ele>519.4000244140625</ele>
        <time>2024-10-23T18:23:57.000Z</time>
        <extensions>
          <ns3:TrackPointExtension>
            <ns3:hr>107</ns3:hr>
          </ns3:TrackPointExtension>
        </extensions>
      </trkpt>
      <trkpt lat="44.4397738762199878692626953125" lon="-80.28844996355473995208740234375">
        <ele>519.4000244140625</ele>
        <time>2024-10-23T18:24:01.000Z</time>
        <extensions>
          <ns3:TrackPointExtension>
            <ns3:hr>109</ns3:hr>
          </ns3:TrackPointExtension>
        </extensions>
      </trkpt>
      <trkpt lat="44.43978116847574710845947265625" lon="-80.28839833103120326995849609375">
        <ele>519.4000244140625</ele>
        <time>2024-10-23T18:24:05.000Z</time>
        <extensions>
          <ns3:TrackPointExtension>
            <ns3:hr>112</ns3:hr>
          </ns3:TrackPointExtension>
        </extensions>
      </trkpt>
      <trkpt lat="44.4397829286754131317138671875" lon="-80.2883868478238582611083984375">
        <ele>519.20001220703125</ele>
        <time>2024-10-23T18:24:06.000Z</time>
        <extensions>
          <ns3:TrackPointExtension>
            <ns3:hr>109</ns3:hr>
          </ns3:TrackPointExtension>
        </extensions>
      </trkpt>
      <trkpt lat="44.4397896341979503631591796875" lon="-80.28834812343120574951171875">
        <ele>519.20001220703125</ele>
        <time>2024-10-23T18:24:09.000Z</time>
        <extensions>
          <ns3:TrackPointExtension>
            <ns3:hr>106</ns3:hr>
          </ns3:TrackPointExtension>
        </extensions>
      </trkpt>
      <trkpt lat="44.43978519178926944732666015625" lon="-80.2883228100836277008056640625">
        <ele>519.20001220703125</ele>
        <time>2024-10-23T18:24:11.000Z</time>
        <extensions>
          <ns3:TrackPointExtension>
            <ns3:hr>111</ns3:hr>
          </ns3:TrackPointExtension>
        </extensions>
      </trkpt>
      <trkpt lat="44.4397882930934429168701171875" lon="-80.28828081674873828887939453125">
        <ele>519.20001220703125</ele>
        <time>2024-10-23T18:24:14.000Z</time>
        <extensions>
          <ns3:TrackPointExtension>
            <ns3:hr>114</ns3:hr>
          </ns3:TrackPointExtension>
        </extensions>
      </trkpt>
      <trkpt lat="44.43979156203567981719970703125" lon="-80.2882456965744495391845703125">
        <ele>519</ele>
        <time>2024-10-23T18:24:16.000Z</time>
        <extensions>
          <ns3:TrackPointExtension>
            <ns3:hr>115</ns3:hr>
          </ns3:TrackPointExtension>
        </extensions>
      </trkpt>
      <trkpt lat="44.43978653289377689361572265625" lon="-80.2880053035914897918701171875">
        <ele>520</ele>
        <time>2024-10-23T18:24:30.000Z</time>
        <extensions>
          <ns3:TrackPointExtension>
            <ns3:hr>117</ns3:hr>
          </ns3:TrackPointExtension>
        </extensions>
      </trkpt>
      <trkpt lat="44.439788796007633209228515625" lon="-80.28797001577913761138916015625">
        <ele>521</ele>
        <time>2024-10-23T18:24:34.000Z</time>
        <extensions>
          <ns3:TrackPointExtension>
            <ns3:hr>115</ns3:hr>
          </ns3:TrackPointExtension>
        </extensions>
      </trkpt>
      <trkpt lat="44.43978334777057170867919921875" lon="-80.28795727528631687164306640625">
        <ele>521.5999755859375</ele>
        <time>2024-10-23T18:24:44.000Z</time>
        <extensions>
          <ns3:TrackPointExtension>
            <ns3:hr>113</ns3:hr>
          </ns3:TrackPointExtension>
        </extensions>
      </trkpt>
      <trkpt lat="44.4397939927875995635986328125" lon="-80.28794956393539905548095703125">
        <ele>521.79998779296875</ele>
        <time>2024-10-23T18:25:00.000Z</time>
        <extensions>
          <ns3:TrackPointExtension>
            <ns3:hr>115</ns3:hr>
          </ns3:TrackPointExtension>
        </extensions>
      </trkpt>
      <trkpt lat="44.4397898018360137939453125" lon="-80.28793900273740291595458984375">
        <ele>521.5999755859375</ele>
        <time>2024-10-23T18:25:08.000Z</time>
        <extensions>
          <ns3:TrackPointExtension>
            <ns3:hr>112</ns3:hr>
          </ns3:TrackPointExtension>
        </extensions>
      </trkpt>
      <trkpt lat="44.43978938274085521697998046875" lon="-80.28792835772037506103515625">
        <ele>521.5999755859375</ele>
        <time>2024-10-23T18:25:11.000Z</time>
        <extensions>
          <ns3:TrackPointExtension>
            <ns3:hr>114</ns3:hr>
          </ns3:TrackPointExtension>
        </extensions>
      </trkpt>
      <trkpt lat="44.43983296863734722137451171875" lon="-80.28785057365894317626953125">
        <ele>521.5999755859375</ele>
        <time>2024-10-23T18:25:22.000Z</time>
        <extensions>
          <ns3:TrackPointExtension>
            <ns3:hr>114</ns3:hr>
          </ns3:TrackPointExtension>
        </extensions>
      </trkpt>
      <trkpt lat="44.43987420760095119476318359375" lon="-80.2877588756382465362548828125">
        <ele>521.5999755859375</ele>
        <time>2024-10-23T18:25:32.000Z</time>
        <extensions>
          <ns3:TrackPointExtension>
            <ns3:hr>109</ns3:hr>
          </ns3:TrackPointExtension>
        </extensions>
      </trkpt>
      <trkpt lat="44.4399019517004489898681640625" lon="-80.2877213247120380401611328125">
        <ele>521.5999755859375</ele>
        <time>2024-10-23T18:25:36.000Z</time>
        <extensions>
          <ns3:TrackPointExtension>
            <ns3:hr>113</ns3:hr>
          </ns3:TrackPointExtension>
        </extensions>
      </trkpt>
      <trkpt lat="44.4399257563054561614990234375" lon="-80.287706740200519561767578125">
        <ele>521.4000244140625</ele>
        <time>2024-10-23T18:25:39.000Z</time>
        <extensions>
          <ns3:TrackPointExtension>
            <ns3:hr>117</ns3:hr>
          </ns3:TrackPointExtension>
        </extensions>
      </trkpt>
      <trkpt lat="44.4399431906640529632568359375" lon="-80.28769643045961856842041015625">
        <ele>521.4000244140625</ele>
        <time>2024-10-23T18:25:41.000Z</time>
        <extensions>
          <ns3:TrackPointExtension>
            <ns3:hr>120</ns3:hr>
          </ns3:TrackPointExtension>
        </extensions>
      </trkpt>
      <trkpt lat="44.43995651789009571075439453125" lon="-80.28768335469067096710205078125">
        <ele>521.4000244140625</ele>
        <time>2024-10-23T18:25:43.000Z</time>
        <extensions>
          <ns3:TrackPointExtension>
            <ns3:hr>124</ns3:hr>
          </ns3:TrackPointExtension>
        </extensions>
      </trkpt>
      <trkpt lat="44.44001988507807254791259765625" lon="-80.28765611350536346435546875">
        <ele>521.4000244140625</ele>
        <time>2024-10-23T18:25:49.000Z</time>
        <extensions>
          <ns3:TrackPointExtension>
            <ns3:hr>127</ns3:hr>
          </ns3:TrackPointExtension>
        </extensions>
      </trkpt>
      <trkpt lat="44.44008761085569858551025390625" lon="-80.287608169019222259521484375">
        <ele>521.20001220703125</ele>
        <time>2024-10-23T18:25:55.000Z</time>
        <extensions>
          <ns3:TrackPointExtension>
            <ns3:hr>126</ns3:hr>
          </ns3:TrackPointExtension>
        </extensions>
      </trkpt>
      <trkpt lat="44.4401540793478488922119140625" lon="-80.28751320205628871917724609375">
        <ele>520.79998779296875</ele>
        <time>2024-10-23T18:26:04.000Z</time>
        <extensions>
          <ns3:TrackPointExtension>
            <ns3:hr>127</ns3:hr>
          </ns3:TrackPointExtension>
        </extensions>
      </trkpt>
      <trkpt lat="44.4401976652443408966064453125" lon="-80.28747665695846080780029296875">
        <ele>520.5999755859375</ele>
        <time>2024-10-23T18:26:09.000Z</time>
        <extensions>
          <ns3:TrackPointExtension>
            <ns3:hr>130</ns3:hr>
          </ns3:TrackPointExtension>
        </extensions>
      </trkpt>
      <trkpt lat="44.4402429275214672088623046875" lon="-80.2873659320175647735595703125">
        <ele>520.20001220703125</ele>
        <time>2024-10-23T18:26:18.000Z</time>
        <extensions>
          <ns3:TrackPointExtension>
            <ns3:hr>129</ns3:hr>
          </ns3:TrackPointExtension>
        </extensions>
      </trkpt>
      <trkpt lat="44.4402563385665416717529296875" lon="-80.2873394452035427093505859375">
        <ele>520.20001220703125</ele>
        <time>2024-10-23T18:26:20.000Z</time>
        <extensions>
          <ns3:TrackPointExtension>
            <ns3:hr>126</ns3:hr>
          </ns3:TrackPointExtension>
        </extensions>
      </trkpt>
      <trkpt lat="44.440270252525806427001953125" lon="-80.287301056087017059326171875">
        <ele>519.79998779296875</ele>
        <time>2024-10-23T18:26:23.000Z</time>
        <extensions>
          <ns3:TrackPointExtension>
            <ns3:hr>128</ns3:hr>
          </ns3:TrackPointExtension>
        </extensions>
      </trkpt>
      <trkpt lat="44.44032615981996059417724609375" lon="-80.28720080852508544921875">
        <ele>519</ele>
        <time>2024-10-23T18:26:33.000Z</time>
        <extensions>
          <ns3:TrackPointExtension>
            <ns3:hr>125</ns3:hr>
          </ns3:TrackPointExtension>
        </extensions>
      </trkpt>
      <trkpt lat="44.44034359417855739593505859375" lon="-80.287172310054302215576171875">
        <ele>518.79998779296875</ele>
        <time>2024-10-23T18:26:35.000Z</time>
        <extensions>
          <ns3:TrackPointExtension>
            <ns3:hr>124</ns3:hr>
          </ns3:TrackPointExtension>
        </extensions>
      </trkpt>
      <trkpt lat="44.44040738046169281005859375" lon="-80.28710919432342052459716796875">
        <ele>518.79998779296875</ele>
        <time>2024-10-23T18:26:41.000Z</time>
        <extensions>
          <ns3:TrackPointExtension>
            <ns3:hr>127</ns3:hr>
          </ns3:TrackPointExtension>
        </extensions>
      </trkpt>
      <trkpt lat="44.44043529219925403594970703125" lon="-80.28708622790873050689697265625">
        <ele>519</ele>
        <time>2024-10-23T18:26:45.000Z</time>
        <extensions>
          <ns3:TrackPointExtension>
            <ns3:hr>128</ns3:hr>
          </ns3:TrackPointExtension>
        </extensions>
      </trkpt>
      <trkpt lat="44.44051391445100307464599609375" lon="-80.2870521135628223419189453125">
        <ele>519.20001220703125</ele>
        <time>2024-10-23T18:26:53.000Z</time>
        <extensions>
          <ns3:TrackPointExtension>
            <ns3:hr>125</ns3:hr>
          </ns3:TrackPointExtension>
        </extensions>
      </trkpt>
      <trkpt lat="44.44055750034749507904052734375" lon="-80.28700207360088825225830078125">
        <ele>519</ele>
        <time>2024-10-23T18:27:00.000Z</time>
        <extensions>
          <ns3:TrackPointExtension>
            <ns3:hr>125</ns3:hr>
          </ns3:TrackPointExtension>
        </extensions>
      </trkpt>
      <trkpt lat="44.44062732160091400146484375" lon="-80.286875255405902862548828125">
        <ele>517.79998779296875</ele>
        <time>2024-10-23T18:27:12.000Z</time>
        <extensions>
          <ns3:TrackPointExtension>
            <ns3:hr>123</ns3:hr>
          </ns3:TrackPointExtension>
        </extensions>
      </trkpt>
      <trkpt lat="44.4406405650079250335693359375" lon="-80.28686125762760639190673828125">
        <ele>517.5999755859375</ele>
        <time>2024-10-23T18:27:14.000Z</time>
        <extensions>
          <ns3:TrackPointExtension>
            <ns3:hr>122</ns3:hr>
          </ns3:TrackPointExtension>
        </extensions>
      </trkpt>
      <trkpt lat="44.44071943871676921844482421875" lon="-80.28678129427134990692138671875">
        <ele>517.20001220703125</ele>
        <time>2024-10-23T18:27:24.000Z</time>
        <extensions>
          <ns3:TrackPointExtension>
            <ns3:hr>127</ns3:hr>
          </ns3:TrackPointExtension>
        </extensions>
      </trkpt>
      <trkpt lat="44.4407274015247821807861328125" lon="-80.286762602627277374267578125">
        <ele>517</ele>
        <time>2024-10-23T18:27:26.000Z</time>
        <extensions>
          <ns3:TrackPointExtension>
            <ns3:hr>123</ns3:hr>
          </ns3:TrackPointExtension>
        </extensions>
      </trkpt>
      <trkpt lat="44.44073888473212718963623046875" lon="-80.28673955239355564117431640625">
        <ele>517</ele>
        <time>2024-10-23T18:27:28.000Z</time>
        <extensions>
          <ns3:TrackPointExtension>
            <ns3:hr>123</ns3:hr>
          </ns3:TrackPointExtension>
        </extensions>
      </trkpt>
      <trkpt lat="44.44075330160558223724365234375" lon="-80.2866791188716888427734375">
        <ele>516.79998779296875</ele>
        <time>2024-10-23T18:27:32.000Z</time>
        <extensions>
          <ns3:TrackPointExtension>
            <ns3:hr>119</ns3:hr>
          </ns3:TrackPointExtension>
        </extensions>
      </trkpt>
      <trkpt lat="44.44077157415449619293212890625" lon="-80.2866611815989017486572265625">
        <ele>516.79998779296875</ele>
        <time>2024-10-23T18:27:34.000Z</time>
        <extensions>
          <ns3:TrackPointExtension>
            <ns3:hr>118</ns3:hr>
          </ns3:TrackPointExtension>
        </extensions>
      </trkpt>
      <trkpt lat="44.4407947920262813568115234375" lon="-80.28665003366768360137939453125">
        <ele>516.5999755859375</ele>
        <time>2024-10-23T18:27:36.000Z</time>
        <extensions>
          <ns3:TrackPointExtension>
            <ns3:hr>113</ns3:hr>
          </ns3:TrackPointExtension>
        </extensions>
      </trkpt>
      <trkpt lat="44.4408095441758632659912109375" lon="-80.286625139415264129638671875">
        <ele>516.4000244140625</ele>
        <time>2024-10-23T18:27:38.000Z</time>
        <extensions>
          <ns3:TrackPointExtension>
            <ns3:hr>108</ns3:hr>
          </ns3:TrackPointExtension>
        </extensions>
      </trkpt>
      <trkpt lat="44.44082354195415973663330078125" lon="-80.28661030344665050506591796875">
        <ele>516.20001220703125</ele>
        <time>2024-10-23T18:27:40.000Z</time>
        <extensions>
          <ns3:TrackPointExtension>
            <ns3:hr>105</ns3:hr>
          </ns3:TrackPointExtension>
        </extensions>
      </trkpt>
      <trkpt lat="44.440831504762172698974609375" lon="-80.286605358123779296875">
        <ele>516.20001220703125</ele>
        <time>2024-10-23T18:27:41.000Z</time>
        <extensions>
          <ns3:TrackPointExtension>
            <ns3:hr>105</ns3:hr>
          </ns3:TrackPointExtension>
        </extensions>
      </trkpt>
      <trkpt lat="44.44087618030607700347900390625" lon="-80.2865827269852161407470703125">
        <ele>515.79998779296875</ele>
        <time>2024-10-23T18:27:52.000Z</time>
        <extensions>
          <ns3:TrackPointExtension>
            <ns3:hr>105</ns3:hr>
          </ns3:TrackPointExtension>
        </extensions>
      </trkpt>
      <trkpt lat="44.4408869929611682891845703125" lon="-80.28659320436418056488037109375">
        <ele>515.79998779296875</ele>
        <time>2024-10-23T18:27:54.000Z</time>
        <extensions>
          <ns3:TrackPointExtension>
            <ns3:hr>105</ns3:hr>
          </ns3:TrackPointExtension>
        </extensions>
      </trkpt>
      <trkpt lat="44.440995119512081146240234375" lon="-80.2865847386419773101806640625">
        <ele>516</ele>
        <time>2024-10-23T18:28:05.000Z</time>
        <extensions>
          <ns3:TrackPointExtension>
            <ns3:hr>106</ns3:hr>
          </ns3:TrackPointExtension>
        </extensions>
      </trkpt>
      <trkpt lat="44.4410257972776889801025390625" lon="-80.286494381725788116455078125">
        <ele>516.79998779296875</ele>
        <time>2024-10-23T18:28:12.000Z</time>
        <extensions>
          <ns3:TrackPointExtension>
            <ns3:hr>108</ns3:hr>
          </ns3:TrackPointExtension>
        </extensions>
      </trkpt>
      <trkpt lat="44.44104247726500034332275390625" lon="-80.2864660508930683135986328125">
        <ele>517</ele>
        <time>2024-10-23T18:28:15.000Z</time>
        <extensions>
          <ns3:TrackPointExtension>
            <ns3:hr>108</ns3:hr>
          </ns3:TrackPointExtension>
        </extensions>
      </trkpt>
      <trkpt lat="44.44109679199755191802978515625" lon="-80.28639254160225391387939453125">
        <ele>517.20001220703125</ele>
        <time>2024-10-23T18:28:29.000Z</time>
        <extensions>
          <ns3:TrackPointExtension>
            <ns3:hr>106</ns3:hr>
          </ns3:TrackPointExtension>
        </extensions>
      </trkpt>
      <trkpt lat="44.441141299903392791748046875" lon="-80.28633235953748226165771484375">
        <ele>517.20001220703125</ele>
        <time>2024-10-23T18:28:43.000Z</time>
        <extensions>
          <ns3:TrackPointExtension>
            <ns3:hr>109</ns3:hr>
          </ns3:TrackPointExtension>
        </extensions>
      </trkpt>
      <trkpt lat="44.44114792160689830780029296875" lon="-80.28632213361561298370361328125">
        <ele>517.20001220703125</ele>
        <time>2024-10-23T18:28:44.000Z</time>
        <extensions>
          <ns3:TrackPointExtension>
            <ns3:hr>109</ns3:hr>
          </ns3:TrackPointExtension>
        </extensions>
      </trkpt>
      <trkpt lat="44.441159404814243316650390625" lon="-80.28631324879825115203857421875">
        <ele>517.20001220703125</ele>
        <time>2024-10-23T18:28:46.000Z</time>
        <extensions>
          <ns3:TrackPointExtension>
            <ns3:hr>106</ns3:hr>
          </ns3:TrackPointExtension>
        </extensions>
      </trkpt>
      <trkpt lat="44.44119184277951717376708984375" lon="-80.28624384663999080657958984375">
        <ele>516.4000244140625</ele>
        <time>2024-10-23T18:28:56.000Z</time>
        <extensions>
          <ns3:TrackPointExtension>
            <ns3:hr>103</ns3:hr>
          </ns3:TrackPointExtension>
        </extensions>
      </trkpt>
      <trkpt lat="44.44119335152208805084228515625" lon="-80.2862065471708774566650390625">
        <ele>516</ele>
        <time>2024-10-23T18:28:59.000Z</time>
        <extensions>
          <ns3:TrackPointExtension>
            <ns3:hr>102</ns3:hr>
          </ns3:TrackPointExtension>
        </extensions>
      </trkpt>
      <trkpt lat="44.4412031583487987518310546875" lon="-80.286183245480060577392578125">
        <ele>515.79998779296875</ele>
        <time>2024-10-23T18:29:02.000Z</time>
        <extensions>
          <ns3:TrackPointExtension>
            <ns3:hr>104</ns3:hr>
          </ns3:TrackPointExtension>
        </extensions>
      </trkpt>
      <trkpt lat="44.4412162341177463531494140625" lon="-80.28615667484700679779052734375">
        <ele>515.4000244140625</ele>
        <time>2024-10-23T18:29:07.000Z</time>
        <extensions>
          <ns3:TrackPointExtension>
            <ns3:hr>108</ns3:hr>
          </ns3:TrackPointExtension>
        </extensions>
      </trkpt>
      <trkpt lat="44.44122855551540851593017578125" lon="-80.2861453592777252197265625">
        <ele>515.20001220703125</ele>
        <time>2024-10-23T18:29:12.000Z</time>
        <extensions>
          <ns3:TrackPointExtension>
            <ns3:hr>109</ns3:hr>
          </ns3:TrackPointExtension>
        </extensions>
      </trkpt>
      <trkpt lat="44.4412443973124027252197265625" lon="-80.28605005703866481781005859375">
        <ele>514.79998779296875</ele>
        <time>2024-10-23T18:29:22.000Z</time>
        <extensions>
          <ns3:TrackPointExtension>
            <ns3:hr>108</ns3:hr>
          </ns3:TrackPointExtension>
        </extensions>
      </trkpt>
      <trkpt lat="44.44124816916882991790771484375" lon="-80.2860258333384990692138671875">
        <ele>514.5999755859375</ele>
        <time>2024-10-23T18:29:24.000Z</time>
        <extensions>
          <ns3:TrackPointExtension>
            <ns3:hr>111</ns3:hr>
          </ns3:TrackPointExtension>
        </extensions>
      </trkpt>
      <trkpt lat="44.44124967791140079498291015625" lon="-80.28601485304534435272216796875">
        <ele>514.5999755859375</ele>
        <time>2024-10-23T18:29:25.000Z</time>
        <extensions>
          <ns3:TrackPointExtension>
            <ns3:hr>114</ns3:hr>
          </ns3:TrackPointExtension>
        </extensions>
      </trkpt>
      <trkpt lat="44.4412500970065593719482421875" lon="-80.28600261546671390533447265625">
        <ele>514.5999755859375</ele>
        <time>2024-10-23T18:29:26.000Z</time>
        <extensions>
          <ns3:TrackPointExtension>
            <ns3:hr>117</ns3:hr>
          </ns3:TrackPointExtension>
        </extensions>
      </trkpt>
      <trkpt lat="44.44125487469136714935302734375" lon="-80.2859902940690517425537109375">
        <ele>514.5999755859375</ele>
        <time>2024-10-23T18:29:27.000Z</time>
        <extensions>
          <ns3:TrackPointExtension>
            <ns3:hr>117</ns3:hr>
          </ns3:TrackPointExtension>
        </extensions>
      </trkpt>
      <trkpt lat="44.44129242561757564544677734375" lon="-80.28587889857590198516845703125">
        <ele>513.79998779296875</ele>
        <time>2024-10-23T18:29:38.000Z</time>
        <extensions>
          <ns3:TrackPointExtension>
            <ns3:hr>114</ns3:hr>
          </ns3:TrackPointExtension>
        </extensions>
      </trkpt>
      <trkpt lat="44.4412990473210811614990234375" lon="-80.28586733154952526092529296875">
        <ele>513.5999755859375</ele>
        <time>2024-10-23T18:29:40.000Z</time>
        <extensions>
          <ns3:TrackPointExtension>
            <ns3:hr>114</ns3:hr>
          </ns3:TrackPointExtension>
        </extensions>
      </trkpt>
      <trkpt lat="44.4413040764629840850830078125" lon="-80.28586146421730518341064453125">
        <ele>513.5999755859375</ele>
        <time>2024-10-23T18:29:41.000Z</time>
        <extensions>
          <ns3:TrackPointExtension>
            <ns3:hr>112</ns3:hr>
          </ns3:TrackPointExtension>
        </extensions>
      </trkpt>
      <trkpt lat="44.44131220690906047821044921875" lon="-80.2858410961925983428955078125">
        <ele>513.5999755859375</ele>
        <time>2024-10-23T18:29:43.000Z</time>
        <extensions>
          <ns3:TrackPointExtension>
            <ns3:hr>115</ns3:hr>
          </ns3:TrackPointExtension>
        </extensions>
      </trkpt>
      <trkpt lat="44.44134858436882495880126953125" lon="-80.28578502126038074493408203125">
        <ele>513.4000244140625</ele>
        <time>2024-10-23T18:29:51.000Z</time>
        <extensions>
          <ns3:TrackPointExtension>
            <ns3:hr>118</ns3:hr>
          </ns3:TrackPointExtension>
        </extensions>
      </trkpt>
      <trkpt lat="44.4413749873638153076171875" lon="-80.28573808260262012481689453125">
        <ele>513</ele>
        <time>2024-10-23T18:29:56.000Z</time>
        <extensions>
          <ns3:TrackPointExtension>
            <ns3:hr>118</ns3:hr>
          </ns3:TrackPointExtension>
        </extensions>
      </trkpt>
      <trkpt lat="44.44140608422458171844482421875" lon="-80.28565476648509502410888671875">
        <ele>512.79998779296875</ele>
        <time>2024-10-23T18:30:01.000Z</time>
        <extensions>
          <ns3:TrackPointExtension>
            <ns3:hr>113</ns3:hr>
          </ns3:TrackPointExtension>
        </extensions>
      </trkpt>
      <trkpt lat="44.44141865707933902740478515625" lon="-80.28560179285705089569091796875">
        <ele>512.79998779296875</ele>
        <time>2024-10-23T18:30:04.000Z</time>
        <extensions>
          <ns3:TrackPointExtension>
            <ns3:hr>110</ns3:hr>
          </ns3:TrackPointExtension>
        </extensions>
      </trkpt>
      <trkpt lat="44.4414351694285869598388671875" lon="-80.28557731769979000091552734375">
        <ele>512.79998779296875</ele>
        <time>2024-10-23T18:30:06.000Z</time>
        <extensions>
          <ns3:TrackPointExtension>
            <ns3:hr>104</ns3:hr>
          </ns3:TrackPointExtension>
        </extensions>
      </trkpt>
      <trkpt lat="44.4414438866078853607177734375" lon="-80.2855658344924449920654296875">
        <ele>512.79998779296875</ele>
        <time>2024-10-23T18:30:07.000Z</time>
        <extensions>
          <ns3:TrackPointExtension>
            <ns3:hr>103</ns3:hr>
          </ns3:TrackPointExtension>
        </extensions>
      </trkpt>
      <trkpt lat="44.44147883914411067962646484375" lon="-80.28548947535455226898193359375">
        <ele>513</ele>
        <time>2024-10-23T18:30:13.000Z</time>
        <extensions>
          <ns3:TrackPointExtension>
            <ns3:hr>101</ns3:hr>
          </ns3:TrackPointExtension>
        </extensions>
      </trkpt>
      <trkpt lat="44.4414904899895191192626953125" lon="-80.28547279536724090576171875">
        <ele>513.20001220703125</ele>
        <time>2024-10-23T18:30:15.000Z</time>
        <extensions>
          <ns3:TrackPointExtension>
            <ns3:hr>104</ns3:hr>
          </ns3:TrackPointExtension>
        </extensions>
      </trkpt>
      <trkpt lat="44.44149392656981945037841796875" lon="-80.28546449728310108184814453125">
        <ele>513.20001220703125</ele>
        <time>2024-10-23T18:30:16.000Z</time>
        <extensions>
          <ns3:TrackPointExtension>
            <ns3:hr>101</ns3:hr>
          </ns3:TrackPointExtension>
        </extensions>
      </trkpt>
      <trkpt lat="44.44152108393609523773193359375" lon="-80.28542426414787769317626953125">
        <ele>513.20001220703125</ele>
        <time>2024-10-23T18:30:21.000Z</time>
        <extensions>
          <ns3:TrackPointExtension>
            <ns3:hr>98</ns3:hr>
          </ns3:TrackPointExtension>
        </extensions>
      </trkpt>
      <trkpt lat="44.44152611307799816131591796875" lon="-80.2854099310934543609619140625">
        <ele>513.20001220703125</ele>
        <time>2024-10-23T18:30:22.000Z</time>
        <extensions>
          <ns3:TrackPointExtension>
            <ns3:hr>98</ns3:hr>
          </ns3:TrackPointExtension>
        </extensions>
      </trkpt>
      <trkpt lat="44.44153927266597747802734375" lon="-80.2853938378393650054931640625">
        <ele>513</ele>
        <time>2024-10-23T18:30:24.000Z</time>
        <extensions>
          <ns3:TrackPointExtension>
            <ns3:hr>101</ns3:hr>
          </ns3:TrackPointExtension>
        </extensions>
      </trkpt>
      <trkpt lat="44.44154505617916584014892578125" lon="-80.28538621030747890472412109375">
        <ele>513</ele>
        <time>2024-10-23T18:30:25.000Z</time>
        <extensions>
          <ns3:TrackPointExtension>
            <ns3:hr>104</ns3:hr>
          </ns3:TrackPointExtension>
        </extensions>
      </trkpt>
      <trkpt lat="44.44159233011305332183837890625" lon="-80.285326950252056121826171875">
        <ele>512.79998779296875</ele>
        <time>2024-10-23T18:30:32.000Z</time>
        <extensions>
          <ns3:TrackPointExtension>
            <ns3:hr>106</ns3:hr>
          </ns3:TrackPointExtension>
        </extensions>
      </trkpt>
      <trkpt lat="44.44159828126430511474609375" lon="-80.2853153832256793975830078125">
        <ele>512.5999755859375</ele>
        <time>2024-10-23T18:30:34.000Z</time>
        <extensions>
          <ns3:TrackPointExtension>
            <ns3:hr>106</ns3:hr>
          </ns3:TrackPointExtension>
        </extensions>
      </trkpt>
      <trkpt lat="44.441619403660297393798828125" lon="-80.28529417701065540313720703125">
        <ele>512.4000244140625</ele>
        <time>2024-10-23T18:30:40.000Z</time>
        <extensions>
          <ns3:TrackPointExtension>
            <ns3:hr>105</ns3:hr>
          </ns3:TrackPointExtension>
        </extensions>
      </trkpt>
      <trkpt lat="44.44170263595879077911376953125" lon="-80.28528562746942043304443359375">
        <ele>512</ele>
        <time>2024-10-23T18:30:47.000Z</time>
        <extensions>
          <ns3:TrackPointExtension>
            <ns3:hr>104</ns3:hr>
          </ns3:TrackPointExtension>
        </extensions>
      </trkpt>
      <trkpt lat="44.4417419470846652984619140625" lon="-80.285273976624011993408203125">
        <ele>511.600006103515625</ele>
        <time>2024-10-23T18:30:52.000Z</time>
        <extensions>
          <ns3:TrackPointExtension>
            <ns3:hr>103</ns3:hr>
          </ns3:TrackPointExtension>
        </extensions>
      </trkpt>
      <trkpt lat="44.44175527431070804595947265625" lon="-80.2852647565305233001708984375">
        <ele>511.20001220703125</ele>
        <time>2024-10-23T18:30:55.000Z</time>
        <extensions>
          <ns3:TrackPointExtension>
            <ns3:hr>104</ns3:hr>
          </ns3:TrackPointExtension>
        </extensions>
      </trkpt>
      <trkpt lat="44.44175762124359607696533203125" lon="-80.2852332405745983123779296875">
        <ele>510.79998779296875</ele>
        <time>2024-10-23T18:30:59.000Z</time>
        <extensions>
          <ns3:TrackPointExtension>
            <ns3:hr>101</ns3:hr>
          </ns3:TrackPointExtension>
        </extensions>
      </trkpt>
      <trkpt lat="44.441775977611541748046875" lon="-80.2852054126560688018798828125">
        <ele>510.600006103515625</ele>
        <time>2024-10-23T18:31:02.000Z</time>
        <extensions>
          <ns3:TrackPointExtension>
            <ns3:hr>103</ns3:hr>
          </ns3:TrackPointExtension>
        </extensions>
      </trkpt>
      <trkpt lat="44.44179005920886993408203125" lon="-80.28518504463136196136474609375">
        <ele>510.600006103515625</ele>
        <time>2024-10-23T18:31:04.000Z</time>
        <extensions>
          <ns3:TrackPointExtension>
            <ns3:hr>102</ns3:hr>
          </ns3:TrackPointExtension>
        </extensions>
      </trkpt>
      <trkpt lat="44.44181445054709911346435546875" lon="-80.28514330275356769561767578125">
        <ele>510</ele>
        <time>2024-10-23T18:31:09.000Z</time>
        <extensions>
          <ns3:TrackPointExtension>
            <ns3:hr>102</ns3:hr>
          </ns3:TrackPointExtension>
        </extensions>
      </trkpt>
      <trkpt lat="44.44182358682155609130859375" lon="-80.2851306460797786712646484375">
        <ele>510</ele>
        <time>2024-10-23T18:31:10.000Z</time>
        <extensions>
          <ns3:TrackPointExtension>
            <ns3:hr>101</ns3:hr>
          </ns3:TrackPointExtension>
        </extensions>
      </trkpt>
      <trkpt lat="44.4418556056916713714599609375" lon="-80.28504154644906520843505859375">
        <ele>509.399993896484375</ele>
        <time>2024-10-23T18:31:16.000Z</time>
        <extensions>
          <ns3:TrackPointExtension>
            <ns3:hr>100</ns3:hr>
          </ns3:TrackPointExtension>
        </extensions>
      </trkpt>
      <trkpt lat="44.44186893291771411895751953125" lon="-80.2850112877786159515380859375">
        <ele>509.399993896484375</ele>
        <time>2024-10-23T18:31:18.000Z</time>
        <extensions>
          <ns3:TrackPointExtension>
            <ns3:hr>101</ns3:hr>
          </ns3:TrackPointExtension>
        </extensions>
      </trkpt>
      <trkpt lat="44.44193062372505664825439453125" lon="-80.2849331684410572052001953125">
        <ele>509.600006103515625</ele>
        <time>2024-10-23T18:31:27.000Z</time>
        <extensions>
          <ns3:TrackPointExtension>
            <ns3:hr>103</ns3:hr>
          </ns3:TrackPointExtension>
        </extensions>
      </trkpt>
      <trkpt lat="44.44199801422655582427978515625" lon="-80.28493660502135753631591796875">
        <ele>510.20001220703125</ele>
        <time>2024-10-23T18:31:37.000Z</time>
        <extensions>
          <ns3:TrackPointExtension>
            <ns3:hr>101</ns3:hr>
          </ns3:TrackPointExtension>
        </extensions>
      </trkpt>
      <trkpt lat="44.44205450825393199920654296875" lon="-80.28496040962636470794677734375">
        <ele>510.399993896484375</ele>
        <time>2024-10-23T18:31:46.000Z</time>
        <extensions>
          <ns3:TrackPointExtension>
            <ns3:hr>102</ns3:hr>
          </ns3:TrackPointExtension>
        </extensions>
      </trkpt>
      <trkpt lat="44.44202232174575328826904296875" lon="-80.28496225364506244659423828125">
        <ele>510.20001220703125</ele>
        <time>2024-10-23T18:31:48.000Z</time>
        <extensions>
          <ns3:TrackPointExtension>
            <ns3:hr>98</ns3:hr>
          </ns3:TrackPointExtension>
        </extensions>
      </trkpt>
      <trkpt lat="44.44202047772705554962158203125" lon="-80.28496451675891876220703125">
        <ele>510.20001220703125</ele>
        <time>2024-10-23T18:31:51.000Z</time>
        <extensions>
          <ns3:TrackPointExtension>
            <ns3:hr>101</ns3:hr>
          </ns3:TrackPointExtension>
        </extensions>
      </trkpt>
      <trkpt lat="44.442009665071964263916015625" lon="-80.28495705686509609222412109375">
        <ele>510.20001220703125</ele>
        <time>2024-10-23T18:31:53.000Z</time>
        <extensions>
          <ns3:TrackPointExtension>
            <ns3:hr>104</ns3:hr>
          </ns3:TrackPointExtension>
        </extensions>
      </trkpt>
      <trkpt lat="44.44200673140585422515869140625" lon="-80.28493928723037242889404296875">
        <ele>510.20001220703125</ele>
        <time>2024-10-23T18:31:54.000Z</time>
        <extensions>
          <ns3:TrackPointExtension>
            <ns3:hr>106</ns3:hr>
          </ns3:TrackPointExtension>
        </extensions>
      </trkpt>
      <trkpt lat="44.44199935533106327056884765625" lon="-80.28491481207311153411865234375">
        <ele>510.399993896484375</ele>
        <time>2024-10-23T18:31:58.000Z</time>
        <extensions>
          <ns3:TrackPointExtension>
            <ns3:hr>110</ns3:hr>
          </ns3:TrackPointExtension>
        </extensions>
      </trkpt>
      <trkpt lat="44.4419923983514308929443359375" lon="-80.28491112403571605682373046875">
        <ele>510.399993896484375</ele>
        <time>2024-10-23T18:32:00.000Z</time>
        <extensions>
          <ns3:TrackPointExtension>
            <ns3:hr>107</ns3:hr>
          </ns3:TrackPointExtension>
        </extensions>
      </trkpt>
      <trkpt lat="44.441985525190830230712890625" lon="-80.2849046699702739715576171875">
        <ele>510.399993896484375</ele>
        <time>2024-10-23T18:32:03.000Z</time>
        <extensions>
          <ns3:TrackPointExtension>
            <ns3:hr>105</ns3:hr>
          </ns3:TrackPointExtension>
        </extensions>
      </trkpt>
      <trkpt lat="44.4419865310192108154296875" lon="-80.2849003113806247711181640625">
        <ele>510.399993896484375</ele>
        <time>2024-10-23T18:32:04.000Z</time>
        <extensions>
          <ns3:TrackPointExtension>
            <ns3:hr>101</ns3:hr>
          </ns3:TrackPointExtension>
        </extensions>
      </trkpt>
      <trkpt lat="44.44198460318148136138916015625" lon="-80.28489788062870502471923828125">
        <ele>510.399993896484375</ele>
        <time>2024-10-23T18:32:07.000Z</time>
        <extensions>
          <ns3:TrackPointExtension>
            <ns3:hr>98</ns3:hr>
          </ns3:TrackPointExtension>
        </extensions>
      </trkpt>
      <trkpt lat="44.44197169505059719085693359375" lon="-80.28488262556493282318115234375">
        <ele>510.600006103515625</ele>
        <time>2024-10-23T18:32:12.000Z</time>
        <extensions>
          <ns3:TrackPointExtension>
            <ns3:hr>96</ns3:hr>
          </ns3:TrackPointExtension>
        </extensions>
      </trkpt>
      <trkpt lat="44.44197186268866062164306640625" lon="-80.28488027863204479217529296875">
        <ele>510.600006103515625</ele>
        <time>2024-10-23T18:32:18.000Z</time>
        <extensions>
          <ns3:TrackPointExtension>
            <ns3:hr>93</ns3:hr>
          </ns3:TrackPointExtension>
        </extensions>
      </trkpt>
      <trkpt lat="44.4419825077056884765625" lon="-80.284858904778957366943359375">
        <ele>510.600006103515625</ele>
        <time>2024-10-23T18:32:22.000Z</time>
        <extensions>
          <ns3:TrackPointExtension>
            <ns3:hr>94</ns3:hr>
          </ns3:TrackPointExtension>
        </extensions>
      </trkpt>
      <trkpt lat="44.44201393984258174896240234375" lon="-80.2848525345325469970703125">
        <ele>510.399993896484375</ele>
        <time>2024-10-23T18:32:31.000Z</time>
        <extensions>
          <ns3:TrackPointExtension>
            <ns3:hr>93</ns3:hr>
          </ns3:TrackPointExtension>
        </extensions>
      </trkpt>
      <trkpt lat="44.44208485074341297149658203125" lon="-80.28484356589615345001220703125">
        <ele>510.20001220703125</ele>
        <time>2024-10-23T18:32:39.000Z</time>
        <extensions>
          <ns3:TrackPointExtension>
            <ns3:hr>93</ns3:hr>
          </ns3:TrackPointExtension>
        </extensions>
      </trkpt>
      <trkpt lat="44.4421211443841457366943359375" lon="-80.2847866527736186981201171875">
        <ele>510.399993896484375</ele>
        <time>2024-10-23T18:32:46.000Z</time>
        <extensions>
          <ns3:TrackPointExtension>
            <ns3:hr>90</ns3:hr>
          </ns3:TrackPointExtension>
        </extensions>
      </trkpt>
      <trkpt lat="44.44214151240885257720947265625" lon="-80.2847638539969921112060546875">
        <ele>510.399993896484375</ele>
        <time>2024-10-23T18:32:48.000Z</time>
        <extensions>
          <ns3:TrackPointExtension>
            <ns3:hr>91</ns3:hr>
          </ns3:TrackPointExtension>
        </extensions>
      </trkpt>
      <trkpt lat="44.4421791471540927886962890625" lon="-80.2846646122634410858154296875">
        <ele>511.20001220703125</ele>
        <time>2024-10-23T18:32:57.000Z</time>
        <extensions>
          <ns3:TrackPointExtension>
            <ns3:hr>93</ns3:hr>
          </ns3:TrackPointExtension>
        </extensions>
      </trkpt>
      <trkpt lat="44.44217772223055362701416015625" lon="-80.2846562303602695465087890625">
        <ele>511.600006103515625</ele>
        <time>2024-10-23T18:32:58.000Z</time>
        <extensions>
          <ns3:TrackPointExtension>
            <ns3:hr>94</ns3:hr>
          </ns3:TrackPointExtension>
        </extensions>
      </trkpt>
      <trkpt lat="44.44217897951602935791015625" lon="-80.28461582958698272705078125">
        <ele>512.79998779296875</ele>
        <time>2024-10-23T18:33:03.000Z</time>
        <extensions>
          <ns3:TrackPointExtension>
            <ns3:hr>94</ns3:hr>
          </ns3:TrackPointExtension>
        </extensions>
      </trkpt>
      <trkpt lat="44.4421922229230403900146484375" lon="-80.28458389453589916229248046875">
        <ele>513.20001220703125</ele>
        <time>2024-10-23T18:33:06.000Z</time>
        <extensions>
          <ns3:TrackPointExtension>
            <ns3:hr>96</ns3:hr>
          </ns3:TrackPointExtension>
        </extensions>
      </trkpt>
      <trkpt lat="44.442193396389484405517578125" lon="-80.28455170802772045135498046875">
        <ele>513.4000244140625</ele>
        <time>2024-10-23T18:33:08.000Z</time>
        <extensions>
          <ns3:TrackPointExtension>
            <ns3:hr>99</ns3:hr>
          </ns3:TrackPointExtension>
        </extensions>
      </trkpt>
      <trkpt lat="44.4422019459307193756103515625" lon="-80.28449839912354946136474609375">
        <ele>513.4000244140625</ele>
        <time>2024-10-23T18:33:12.000Z</time>
        <extensions>
          <ns3:TrackPointExtension>
            <ns3:hr>102</ns3:hr>
          </ns3:TrackPointExtension>
        </extensions>
      </trkpt>
      <trkpt lat="44.4422036223113536834716796875" lon="-80.284486748278141021728515625">
        <ele>513.4000244140625</ele>
        <time>2024-10-23T18:33:13.000Z</time>
        <extensions>
          <ns3:TrackPointExtension>
            <ns3:hr>107</ns3:hr>
          </ns3:TrackPointExtension>
        </extensions>
      </trkpt>
      <trkpt lat="44.4422118365764617919921875" lon="-80.28446084819734096527099609375">
        <ele>513.4000244140625</ele>
        <time>2024-10-23T18:33:15.000Z</time>
        <extensions>
          <ns3:TrackPointExtension>
            <ns3:hr>112</ns3:hr>
          </ns3:TrackPointExtension>
        </extensions>
      </trkpt>
      <trkpt lat="44.44222248159348964691162109375" lon="-80.2843876741826534271240234375">
        <ele>513.4000244140625</ele>
        <time>2024-10-23T18:33:20.000Z</time>
        <extensions>
          <ns3:TrackPointExtension>
            <ns3:hr>114</ns3:hr>
          </ns3:TrackPointExtension>
        </extensions>
      </trkpt>
      <trkpt lat="44.44223673082888126373291015625" lon="-80.28432053513824939727783203125">
        <ele>513.79998779296875</ele>
        <time>2024-10-23T18:33:25.000Z</time>
        <extensions>
          <ns3:TrackPointExtension>
            <ns3:hr>114</ns3:hr>
          </ns3:TrackPointExtension>
        </extensions>
      </trkpt>
      <trkpt lat="44.4422539137303829193115234375" lon="-80.2842656336724758148193359375">
        <ele>514.20001220703125</ele>
        <time>2024-10-23T18:33:29.000Z</time>
        <extensions>
          <ns3:TrackPointExtension>
            <ns3:hr>113</ns3:hr>
          </ns3:TrackPointExtension>
        </extensions>
      </trkpt>
      <trkpt lat="44.442277885973453521728515625" lon="-80.2842034399509429931640625">
        <ele>514.4000244140625</ele>
        <time>2024-10-23T18:33:38.000Z</time>
        <extensions>
          <ns3:TrackPointExtension>
            <ns3:hr>113</ns3:hr>
          </ns3:TrackPointExtension>
        </extensions>
      </trkpt>
      <trkpt lat="44.44229875691235065460205078125" lon="-80.28415256179869174957275390625">
        <ele>514.4000244140625</ele>
        <time>2024-10-23T18:33:50.000Z</time>
        <extensions>
          <ns3:TrackPointExtension>
            <ns3:hr>110</ns3:hr>
          </ns3:TrackPointExtension>
        </extensions>
      </trkpt>
      <trkpt lat="44.4423021934926509857177734375" lon="-80.2841452695429325103759765625">
        <ele>514.4000244140625</ele>
        <time>2024-10-23T18:33:52.000Z</time>
        <extensions>
          <ns3:TrackPointExtension>
            <ns3:hr>106</ns3:hr>
          </ns3:TrackPointExtension>
        </extensions>
      </trkpt>
      <trkpt lat="44.4423078931868076324462890625" lon="-80.28414032422006130218505859375">
        <ele>514.4000244140625</ele>
        <time>2024-10-23T18:33:58.000Z</time>
        <extensions>
          <ns3:TrackPointExtension>
            <ns3:hr>109</ns3:hr>
          </ns3:TrackPointExtension>
        </extensions>
      </trkpt>
      <trkpt lat="44.44231283850967884063720703125" lon="-80.2841526456177234649658203125">
        <ele>514.5999755859375</ele>
        <time>2024-10-23T18:34:02.000Z</time>
        <extensions>
          <ns3:TrackPointExtension>
            <ns3:hr>112</ns3:hr>
          </ns3:TrackPointExtension>
        </extensions>
      </trkpt>
      <trkpt lat="44.442298002541065216064453125" lon="-80.2841747738420963287353515625">
        <ele>514.5999755859375</ele>
        <time>2024-10-23T18:34:08.000Z</time>
        <extensions>
          <ns3:TrackPointExtension>
            <ns3:hr>110</ns3:hr>
          </ns3:TrackPointExtension>
        </extensions>
      </trkpt>
      <trkpt lat="44.44229892455041408538818359375" lon="-80.28417519293725490570068359375">
        <ele>514.4000244140625</ele>
        <time>2024-10-23T18:34:11.000Z</time>
        <extensions>
          <ns3:TrackPointExtension>
            <ns3:hr>107</ns3:hr>
          </ns3:TrackPointExtension>
        </extensions>
      </trkpt>
      <trkpt lat="44.44230210967361927032470703125" lon="-80.2841777913272380828857421875">
        <ele>514.4000244140625</ele>
        <time>2024-10-23T18:34:15.000Z</time>
        <extensions>
          <ns3:TrackPointExtension>
            <ns3:hr>104</ns3:hr>
          </ns3:TrackPointExtension>
        </extensions>
      </trkpt>
      <trkpt lat="44.44230361841619014739990234375" lon="-80.2841888554394245147705078125">
        <ele>514.5999755859375</ele>
        <time>2024-10-23T18:34:25.000Z</time>
        <extensions>
          <ns3:TrackPointExtension>
            <ns3:hr>101</ns3:hr>
          </ns3:TrackPointExtension>
        </extensions>
      </trkpt>
      <trkpt lat="44.44230210967361927032470703125" lon="-80.284200422465801239013671875">
        <ele>514.5999755859375</ele>
        <time>2024-10-23T18:34:29.000Z</time>
        <extensions>
          <ns3:TrackPointExtension>
            <ns3:hr>97</ns3:hr>
          </ns3:TrackPointExtension>
        </extensions>
      </trkpt>
      <trkpt lat="44.4423072226345539093017578125" lon="-80.2842260710895061492919921875">
        <ele>514.79998779296875</ele>
        <time>2024-10-23T18:34:37.000Z</time>
        <extensions>
          <ns3:TrackPointExtension>
            <ns3:hr>94</ns3:hr>
          </ns3:TrackPointExtension>
        </extensions>
      </trkpt>
      <trkpt lat="44.44231401197612285614013671875" lon="-80.284239985048770904541015625">
        <ele>514.4000244140625</ele>
        <time>2024-10-23T18:34:44.000Z</time>
        <extensions>
          <ns3:TrackPointExtension>
            <ns3:hr>92</ns3:hr>
          </ns3:TrackPointExtension>
        </extensions>
      </trkpt>
      <trkpt lat="44.44233094342052936553955078125" lon="-80.28426043689250946044921875">
        <ele>514</ele>
        <time>2024-10-23T18:34:56.000Z</time>
        <extensions>
          <ns3:TrackPointExtension>
            <ns3:hr>89</ns3:hr>
          </ns3:TrackPointExtension>
        </extensions>
      </trkpt>
      <trkpt lat="44.4423320330679416656494140625" lon="-80.28426110744476318359375">
        <ele>514</ele>
        <time>2024-10-23T18:34:58.000Z</time>
        <extensions>
          <ns3:TrackPointExtension>
            <ns3:hr>92</ns3:hr>
          </ns3:TrackPointExtension>
        </extensions>
      </trkpt>
      <trkpt lat="44.4423323683440685272216796875" lon="-80.28426102362573146820068359375">
        <ele>514</ele>
        <time>2024-10-23T18:35:01.000Z</time>
        <extensions>
          <ns3:TrackPointExtension>
            <ns3:hr>93</ns3:hr>
          </ns3:TrackPointExtension>
        </extensions>
      </trkpt>
      <trkpt lat="44.442333877086639404296875" lon="-80.28426404111087322235107421875">
        <ele>514</ele>
        <time>2024-10-23T18:35:07.000Z</time>
        <extensions>
          <ns3:TrackPointExtension>
            <ns3:hr>96</ns3:hr>
          </ns3:TrackPointExtension>
        </extensions>
      </trkpt>
      <trkpt lat="44.4423432648181915283203125" lon="-80.28427929617464542388916015625">
        <ele>514</ele>
        <time>2024-10-23T18:35:20.000Z</time>
        <extensions>
          <ns3:TrackPointExtension>
            <ns3:hr>94</ns3:hr>
          </ns3:TrackPointExtension>
        </extensions>
      </trkpt>
      <trkpt lat="44.442353658378124237060546875" lon="-80.2843001671135425567626953125">
        <ele>514.20001220703125</ele>
        <time>2024-10-23T18:35:32.000Z</time>
        <extensions>
          <ns3:TrackPointExtension>
            <ns3:hr>91</ns3:hr>
          </ns3:TrackPointExtension>
        </extensions>
      </trkpt>
      <trkpt lat="44.4423593580722808837890625" lon="-80.28430595062673091888427734375">
        <ele>514.4000244140625</ele>
        <time>2024-10-23T18:35:35.000Z</time>
        <extensions>
          <ns3:TrackPointExtension>
            <ns3:hr>93</ns3:hr>
          </ns3:TrackPointExtension>
        </extensions>
      </trkpt>
      <trkpt lat="44.4423645548522472381591796875" lon="-80.28432053513824939727783203125">
        <ele>514.4000244140625</ele>
        <time>2024-10-23T18:35:44.000Z</time>
        <extensions>
          <ns3:TrackPointExtension>
            <ns3:hr>96</ns3:hr>
          </ns3:TrackPointExtension>
        </extensions>
      </trkpt>
      <trkpt lat="44.44236346520483493804931640625" lon="-80.28431835584342479705810546875">
        <ele>514.4000244140625</ele>
        <time>2024-10-23T18:35:49.000Z</time>
        <extensions>
          <ns3:TrackPointExtension>
            <ns3:hr>93</ns3:hr>
          </ns3:TrackPointExtension>
        </extensions>
      </trkpt>
      <trkpt lat="44.442359693348407745361328125" lon="-80.284307040274143218994140625">
        <ele>514.4000244140625</ele>
        <time>2024-10-23T18:35:51.000Z</time>
        <extensions>
          <ns3:TrackPointExtension>
            <ns3:hr>93</ns3:hr>
          </ns3:TrackPointExtension>
        </extensions>
      </trkpt>
      <trkpt lat="44.44233722984790802001953125" lon="-80.28429522179067134857177734375">
        <ele>514.4000244140625</ele>
        <time>2024-10-23T18:36:03.000Z</time>
        <extensions>
          <ns3:TrackPointExtension>
            <ns3:hr>96</ns3:hr>
          </ns3:TrackPointExtension>
        </extensions>
      </trkpt>
      <trkpt lat="44.44233630783855915069580078125" lon="-80.28430444188416004180908203125">
        <ele>514.5999755859375</ele>
        <time>2024-10-23T18:36:06.000Z</time>
        <extensions>
          <ns3:TrackPointExtension>
            <ns3:hr>100</ns3:hr>
          </ns3:TrackPointExtension>
        </extensions>
      </trkpt>
      <trkpt lat="44.4423347152769565582275390625" lon="-80.28430092148482799530029296875">
        <ele>514.79998779296875</ele>
        <time>2024-10-23T18:36:08.000Z</time>
        <extensions>
          <ns3:TrackPointExtension>
            <ns3:hr>103</ns3:hr>
          </ns3:TrackPointExtension>
        </extensions>
      </trkpt>
      <trkpt lat="44.44231920875608921051025390625" lon="-80.28429253958165645599365234375">
        <ele>514.5999755859375</ele>
        <time>2024-10-23T18:36:18.000Z</time>
        <extensions>
          <ns3:TrackPointExtension>
            <ns3:hr>106</ns3:hr>
          </ns3:TrackPointExtension>
        </extensions>
      </trkpt>
      <trkpt lat="44.44231501780450344085693359375" lon="-80.284290947020053863525390625">
        <ele>514.5999755859375</ele>
        <time>2024-10-23T18:36:21.000Z</time>
        <extensions>
          <ns3:TrackPointExtension>
            <ns3:hr>109</ns3:hr>
          </ns3:TrackPointExtension>
        </extensions>
      </trkpt>
      <trkpt lat="44.44229154847562313079833984375" lon="-80.28422682546079158782958984375">
        <ele>514.4000244140625</ele>
        <time>2024-10-23T18:36:36.000Z</time>
        <extensions>
          <ns3:TrackPointExtension>
            <ns3:hr>110</ns3:hr>
          </ns3:TrackPointExtension>
        </extensions>
      </trkpt>
      <trkpt lat="44.44226288236677646636962890625" lon="-80.284221880137920379638671875">
        <ele>514.20001220703125</ele>
        <time>2024-10-23T18:36:53.000Z</time>
        <extensions>
          <ns3:TrackPointExtension>
            <ns3:hr>110</ns3:hr>
          </ns3:TrackPointExtension>
        </extensions>
      </trkpt>
      <trkpt lat="44.44225667975842952728271484375" lon="-80.28418525122106075286865234375">
        <ele>514.4000244140625</ele>
        <time>2024-10-23T18:36:59.000Z</time>
        <extensions>
          <ns3:TrackPointExtension>
            <ns3:hr>107</ns3:hr>
          </ns3:TrackPointExtension>
        </extensions>
      </trkpt>
      <trkpt lat="44.442233629524707794189453125" lon="-80.28418877162039279937744140625">
        <ele>515.20001220703125</ele>
        <time>2024-10-23T18:37:08.000Z</time>
        <extensions>
          <ns3:TrackPointExtension>
            <ns3:hr>107</ns3:hr>
          </ns3:TrackPointExtension>
        </extensions>
      </trkpt>
      <trkpt lat="44.44218300282955169677734375" lon="-80.28417854569852352142333984375">
        <ele>515.20001220703125</ele>
        <time>2024-10-23T18:37:21.000Z</time>
        <extensions>
          <ns3:TrackPointExtension>
            <ns3:hr>101</ns3:hr>
          </ns3:TrackPointExtension>
        </extensions>
      </trkpt>
      <trkpt lat="44.44218208082020282745361328125" lon="-80.2841757796704769134521484375">
        <ele>515.20001220703125</ele>
        <time>2024-10-23T18:37:22.000Z</time>
        <extensions>
          <ns3:TrackPointExtension>
            <ns3:hr>96</ns3:hr>
          </ns3:TrackPointExtension>
        </extensions>
      </trkpt>
      <trkpt lat="44.4421751238405704498291015625" lon="-80.28415993787348270416259765625">
        <ele>515.20001220703125</ele>
        <time>2024-10-23T18:37:23.000Z</time>
        <extensions>
          <ns3:TrackPointExtension>
            <ns3:hr>92</ns3:hr>
          </ns3:TrackPointExtension>
        </extensions>
      </trkpt>
      <trkpt lat="44.442167244851589202880859375" lon="-80.2841519750654697418212890625">
        <ele>515.20001220703125</ele>
        <time>2024-10-23T18:37:24.000Z</time>
        <extensions>
          <ns3:TrackPointExtension>
            <ns3:hr>93</ns3:hr>
          </ns3:TrackPointExtension>
        </extensions>
      </trkpt>
      <trkpt lat="44.44216556847095489501953125" lon="-80.28414702974259853363037109375">
        <ele>515.20001220703125</ele>
        <time>2024-10-23T18:37:25.000Z</time>
        <extensions>
          <ns3:TrackPointExtension>
            <ns3:hr>90</ns3:hr>
          </ns3:TrackPointExtension>
        </extensions>
      </trkpt>
      <trkpt lat="44.44216514937579631805419921875" lon="-80.284146107733249664306640625">
        <ele>515.20001220703125</ele>
        <time>2024-10-23T18:37:27.000Z</time>
        <extensions>
          <ns3:TrackPointExtension>
            <ns3:hr>90</ns3:hr>
          </ns3:TrackPointExtension>
        </extensions>
      </trkpt>
      <trkpt lat="44.4421610422432422637939453125" lon="-80.2841472811996936798095703125">
        <ele>515.20001220703125</ele>
        <time>2024-10-23T18:37:33.000Z</time>
        <extensions>
          <ns3:TrackPointExtension>
            <ns3:hr>94</ns3:hr>
          </ns3:TrackPointExtension>
        </extensions>
      </trkpt>
      <trkpt lat="44.4421600364148616790771484375" lon="-80.28414837084710597991943359375">
        <ele>515.20001220703125</ele>
        <time>2024-10-23T18:37:34.000Z</time>
        <extensions>
          <ns3:TrackPointExtension>
            <ns3:hr>97</ns3:hr>
          </ns3:TrackPointExtension>
        </extensions>
      </trkpt>
      <trkpt lat="44.44215978495776653289794921875" lon="-80.2841466106474399566650390625">
        <ele>515.20001220703125</ele>
        <time>2024-10-23T18:37:35.000Z</time>
        <extensions>
          <ns3:TrackPointExtension>
            <ns3:hr>100</ns3:hr>
          </ns3:TrackPointExtension>
        </extensions>
      </trkpt>
      <trkpt lat="44.44216196425259113311767578125" lon="-80.2841471135616302490234375">
        <ele>515.20001220703125</ele>
        <time>2024-10-23T18:37:36.000Z</time>
        <extensions>
          <ns3:TrackPointExtension>
            <ns3:hr>104</ns3:hr>
          </ns3:TrackPointExtension>
        </extensions>
      </trkpt>
      <trkpt lat="44.442167915403842926025390625" lon="-80.28415021486580371856689453125">
        <ele>515.20001220703125</ele>
        <time>2024-10-23T18:37:38.000Z</time>
        <extensions>
          <ns3:TrackPointExtension>
            <ns3:hr>108</ns3:hr>
          </ns3:TrackPointExtension>
        </extensions>
      </trkpt>
      <trkpt lat="44.4421724416315555572509765625" lon="-80.28414770029485225677490234375">
        <ele>515.20001220703125</ele>
        <time>2024-10-23T18:37:39.000Z</time>
        <extensions>
          <ns3:TrackPointExtension>
            <ns3:hr>108</ns3:hr>
          </ns3:TrackPointExtension>
        </extensions>
      </trkpt>
      <trkpt lat="44.44218099117279052734375" lon="-80.284148789942264556884765625">
        <ele>515.20001220703125</ele>
        <time>2024-10-23T18:37:42.000Z</time>
        <extensions>
          <ns3:TrackPointExtension>
            <ns3:hr>105</ns3:hr>
          </ns3:TrackPointExtension>
        </extensions>
      </trkpt>
      <trkpt lat="44.44219867698848247528076171875" lon="-80.284154824912548065185546875">
        <ele>515.20001220703125</ele>
        <time>2024-10-23T18:37:57.000Z</time>
        <extensions>
          <ns3:TrackPointExtension>
            <ns3:hr>105</ns3:hr>
          </ns3:TrackPointExtension>
        </extensions>
      </trkpt>
      <trkpt lat="44.44219498895108699798583984375" lon="-80.2841479517519474029541015625">
        <ele>515.20001220703125</ele>
        <time>2024-10-23T18:38:00.000Z</time>
        <extensions>
          <ns3:TrackPointExtension>
            <ns3:hr>102</ns3:hr>
          </ns3:TrackPointExtension>
        </extensions>
      </trkpt>
      <trkpt lat="44.4421945698559284210205078125" lon="-80.28414644300937652587890625">
        <ele>515.20001220703125</ele>
        <time>2024-10-23T18:38:02.000Z</time>
        <extensions>
          <ns3:TrackPointExtension>
            <ns3:hr>98</ns3:hr>
          </ns3:TrackPointExtension>
        </extensions>
      </trkpt>
      <trkpt lat="44.442193396389484405517578125" lon="-80.28414384461939334869384765625">
        <ele>515.20001220703125</ele>
        <time>2024-10-23T18:38:05.000Z</time>
        <extensions>
          <ns3:TrackPointExtension>
            <ns3:hr>95</ns3:hr>
          </ns3:TrackPointExtension>
        </extensions>
      </trkpt>
      <trkpt lat="44.442193396389484405517578125" lon="-80.28413948602974414825439453125">
        <ele>515.20001220703125</ele>
        <time>2024-10-23T18:38:08.000Z</time>
        <extensions>
          <ns3:TrackPointExtension>
            <ns3:hr>89</ns3:hr>
          </ns3:TrackPointExtension>
        </extensions>
      </trkpt>
      <trkpt lat="44.44219549186527729034423828125" lon="-80.2841378934681415557861328125">
        <ele>515.20001220703125</ele>
        <time>2024-10-23T18:38:11.000Z</time>
        <extensions>
          <ns3:TrackPointExtension>
            <ns3:hr>86</ns3:hr>
          </ns3:TrackPointExtension>
        </extensions>
      </trkpt>
      <trkpt lat="44.44219951517879962921142578125" lon="-80.28413177467882633209228515625">
        <ele>515.20001220703125</ele>
        <time>2024-10-23T18:38:15.000Z</time>
        <extensions>
          <ns3:TrackPointExtension>
            <ns3:hr>83</ns3:hr>
          </ns3:TrackPointExtension>
        </extensions>
      </trkpt>
      <trkpt lat="44.4422022812068462371826171875" lon="-80.28413563035428524017333984375">
        <ele>515.20001220703125</ele>
        <time>2024-10-23T18:38:20.000Z</time>
        <extensions>
          <ns3:TrackPointExtension>
            <ns3:hr>86</ns3:hr>
          </ns3:TrackPointExtension>
        </extensions>
      </trkpt>
      <trkpt lat="44.44220219738781452178955078125" lon="-80.2841310203075408935546875">
        <ele>515.20001220703125</ele>
        <time>2024-10-23T18:38:23.000Z</time>
        <extensions>
          <ns3:TrackPointExtension>
            <ns3:hr>87</ns3:hr>
          </ns3:TrackPointExtension>
        </extensions>
      </trkpt>
      <trkpt lat="44.442184679210186004638671875" lon="-80.28412071056663990020751953125">
        <ele>515.20001220703125</ele>
        <time>2024-10-23T18:38:37.000Z</time>
        <extensions>
          <ns3:TrackPointExtension>
            <ns3:hr>84</ns3:hr>
          </ns3:TrackPointExtension>
        </extensions>
      </trkpt>
      <trkpt lat="44.44218928925693035125732421875" lon="-80.28410746715962886810302734375">
        <ele>515.20001220703125</ele>
        <time>2024-10-23T18:38:43.000Z</time>
        <extensions>
          <ns3:TrackPointExtension>
            <ns3:hr>83</ns3:hr>
          </ns3:TrackPointExtension>
        </extensions>
      </trkpt>
      <trkpt lat="44.4421938993036746978759765625" lon="-80.28410746715962886810302734375">
        <ele>515.20001220703125</ele>
        <time>2024-10-23T18:38:53.000Z</time>
        <extensions>
          <ns3:TrackPointExtension>
            <ns3:hr>86</ns3:hr>
          </ns3:TrackPointExtension>
        </extensions>
      </trkpt>
      <trkpt lat="44.44219909608364105224609375" lon="-80.28411023318767547607421875">
        <ele>515.20001220703125</ele>
        <time>2024-10-23T18:38:56.000Z</time>
        <extensions>
          <ns3:TrackPointExtension>
            <ns3:hr>89</ns3:hr>
          </ns3:TrackPointExtension>
        </extensions>
      </trkpt>
      <trkpt lat="44.44220957346260547637939453125" lon="-80.2841070480644702911376953125">
        <ele>515.20001220703125</ele>
        <time>2024-10-23T18:39:06.000Z</time>
        <extensions>
          <ns3:TrackPointExtension>
            <ns3:hr>89</ns3:hr>
          </ns3:TrackPointExtension>
        </extensions>
      </trkpt>
      <trkpt lat="44.44220957346260547637939453125" lon="-80.2840986661612987518310546875">
        <ele>515.20001220703125</ele>
        <time>2024-10-23T18:39:15.000Z</time>
        <extensions>
          <ns3:TrackPointExtension>
            <ns3:hr>92</ns3:hr>
          </ns3:TrackPointExtension>
        </extensions>
      </trkpt>
      <trkpt lat="44.44220974110066890716552734375" lon="-80.2841107361018657684326171875">
        <ele>515.20001220703125</ele>
        <time>2024-10-23T18:39:21.000Z</time>
        <extensions>
          <ns3:TrackPointExtension>
            <ns3:hr>93</ns3:hr>
          </ns3:TrackPointExtension>
        </extensions>
      </trkpt>
      <trkpt lat="44.4422190450131893157958984375" lon="-80.284124314785003662109375">
        <ele>515.20001220703125</ele>
        <time>2024-10-23T18:39:24.000Z</time>
        <extensions>
          <ns3:TrackPointExtension>
            <ns3:hr>96</ns3:hr>
          </ns3:TrackPointExtension>
        </extensions>
      </trkpt>
      <trkpt lat="44.44223396480083465576171875" lon="-80.28414904139935970306396484375">
        <ele>515.20001220703125</ele>
        <time>2024-10-23T18:39:28.000Z</time>
        <extensions>
          <ns3:TrackPointExtension>
            <ns3:hr>93</ns3:hr>
          </ns3:TrackPointExtension>
        </extensions>
      </trkpt>
      <trkpt lat="44.44222130812704563140869140625" lon="-80.28414736501872539520263671875">
        <ele>515.20001220703125</ele>
        <time>2024-10-23T18:39:32.000Z</time>
        <extensions>
          <ns3:TrackPointExtension>
            <ns3:hr>94</ns3:hr>
          </ns3:TrackPointExtension>
        </extensions>
      </trkpt>
      <trkpt lat="44.44221694953739643096923828125" lon="-80.2841422520577907562255859375">
        <ele>515.20001220703125</ele>
        <time>2024-10-23T18:39:37.000Z</time>
        <extensions>
          <ns3:TrackPointExtension>
            <ns3:hr>91</ns3:hr>
          </ns3:TrackPointExtension>
        </extensions>
      </trkpt>
      <trkpt lat="44.44221912883222103118896484375" lon="-80.2841425873339176177978515625">
        <ele>515.20001220703125</ele>
        <time>2024-10-23T18:39:39.000Z</time>
        <extensions>
          <ns3:TrackPointExtension>
            <ns3:hr>88</ns3:hr>
          </ns3:TrackPointExtension>
        </extensions>
      </trkpt>
      <trkpt lat="44.4422257505357265472412109375" lon="-80.28415071777999401092529296875">
        <ele>515.20001220703125</ele>
        <time>2024-10-23T18:39:50.000Z</time>
        <extensions>
          <ns3:TrackPointExtension>
            <ns3:hr>91</ns3:hr>
          </ns3:TrackPointExtension>
        </extensions>
      </trkpt>
      <trkpt lat="44.4422244094312191009521484375" lon="-80.28415977023541927337646484375">
        <ele>515.20001220703125</ele>
        <time>2024-10-23T18:39:53.000Z</time>
        <extensions>
          <ns3:TrackPointExtension>
            <ns3:hr>92</ns3:hr>
          </ns3:TrackPointExtension>
        </extensions>
      </trkpt>
      <trkpt lat="44.44222927093505859375" lon="-80.28416815213859081268310546875">
        <ele>515.20001220703125</ele>
        <time>2024-10-23T18:39:57.000Z</time>
        <extensions>
          <ns3:TrackPointExtension>
            <ns3:hr>88</ns3:hr>
          </ns3:TrackPointExtension>
        </extensions>
      </trkpt>
      <trkpt lat="44.44224469363689422607421875" lon="-80.2841667272150516510009765625">
        <ele>515.20001220703125</ele>
        <time>2024-10-23T18:40:06.000Z</time>
        <extensions>
          <ns3:TrackPointExtension>
            <ns3:hr>91</ns3:hr>
          </ns3:TrackPointExtension>
        </extensions>
      </trkpt>
      <trkpt lat="44.4422465376555919647216796875" lon="-80.28416647575795650482177734375">
        <ele>515.20001220703125</ele>
        <time>2024-10-23T18:40:09.000Z</time>
        <extensions>
          <ns3:TrackPointExtension>
            <ns3:hr>88</ns3:hr>
          </ns3:TrackPointExtension>
        </extensions>
      </trkpt>
      <trkpt lat="44.44224469363689422607421875" lon="-80.28416899032890796661376953125">
        <ele>515.20001220703125</ele>
        <time>2024-10-23T18:40:11.000Z</time>
        <extensions>
          <ns3:TrackPointExtension>
            <ns3:hr>87</ns3:hr>
          </ns3:TrackPointExtension>
        </extensions>
      </trkpt>
      <trkpt lat="44.442242681980133056640625" lon="-80.28415775857865810394287109375">
        <ele>515.20001220703125</ele>
        <time>2024-10-23T18:40:21.000Z</time>
        <extensions>
          <ns3:TrackPointExtension>
            <ns3:hr>90</ns3:hr>
          </ns3:TrackPointExtension>
        </extensions>
      </trkpt>
      <trkpt lat="44.4422386586666107177734375" lon="-80.2841529808938503265380859375">
        <ele>515.20001220703125</ele>
        <time>2024-10-23T18:40:26.000Z</time>
        <extensions>
          <ns3:TrackPointExtension>
            <ns3:hr>90</ns3:hr>
          </ns3:TrackPointExtension>
        </extensions>
      </trkpt>
      <trkpt lat="44.4422438554465770721435546875" lon="-80.28414510190486907958984375">
        <ele>515.20001220703125</ele>
        <time>2024-10-23T18:40:30.000Z</time>
        <extensions>
          <ns3:TrackPointExtension>
            <ns3:hr>87</ns3:hr>
          </ns3:TrackPointExtension>
        </extensions>
      </trkpt>
      <trkpt lat="44.44227981381118297576904296875" lon="-80.2841523103415966033935546875">
        <ele>515.20001220703125</ele>
        <time>2024-10-23T18:40:36.000Z</time>
        <extensions>
          <ns3:TrackPointExtension>
            <ns3:hr>90</ns3:hr>
          </ns3:TrackPointExtension>
        </extensions>
      </trkpt>
      <trkpt lat="44.44226556457579135894775390625" lon="-80.28416379354894161224365234375">
        <ele>515.20001220703125</ele>
        <time>2024-10-23T18:40:41.000Z</time>
        <extensions>
          <ns3:TrackPointExtension>
            <ns3:hr>91</ns3:hr>
          </ns3:TrackPointExtension>
        </extensions>
      </trkpt>
      <trkpt lat="44.44226212799549102783203125" lon="-80.28417804278433322906494140625">
        <ele>515.20001220703125</ele>
        <time>2024-10-23T18:40:44.000Z</time>
        <extensions>
          <ns3:TrackPointExtension>
            <ns3:hr>88</ns3:hr>
          </ns3:TrackPointExtension>
        </extensions>
      </trkpt>
      <trkpt lat="44.442266486585140228271484375" lon="-80.28417888097465038299560546875">
        <ele>515.20001220703125</ele>
        <time>2024-10-23T18:40:45.000Z</time>
        <extensions>
          <ns3:TrackPointExtension>
            <ns3:hr>91</ns3:hr>
          </ns3:TrackPointExtension>
        </extensions>
      </trkpt>
      <trkpt lat="44.4422928057610988616943359375" lon="-80.2841992489993572235107421875">
        <ele>515.20001220703125</ele>
        <time>2024-10-23T18:40:54.000Z</time>
        <extensions>
          <ns3:TrackPointExtension>
            <ns3:hr>86</ns3:hr>
          </ns3:TrackPointExtension>
        </extensions>
      </trkpt>
      <trkpt lat="44.44229573942720890045166015625" lon="-80.2842052839696407318115234375">
        <ele>515.20001220703125</ele>
        <time>2024-10-23T18:40:55.000Z</time>
        <extensions>
          <ns3:TrackPointExtension>
            <ns3:hr>86</ns3:hr>
          </ns3:TrackPointExtension>
        </extensions>
      </trkpt>
      <trkpt lat="44.4422978349030017852783203125" lon="-80.28420369140803813934326171875">
        <ele>515.20001220703125</ele>
        <time>2024-10-23T18:40:57.000Z</time>
        <extensions>
          <ns3:TrackPointExtension>
            <ns3:hr>86</ns3:hr>
          </ns3:TrackPointExtension>
        </extensions>
      </trkpt>
      <trkpt lat="44.442370422184467315673828125" lon="-80.28423487208783626556396484375">
        <ele>515.20001220703125</ele>
        <time>2024-10-23T18:41:12.000Z</time>
        <extensions>
          <ns3:TrackPointExtension>
            <ns3:hr>85</ns3:hr>
          </ns3:TrackPointExtension>
        </extensions>
      </trkpt>
      <trkpt lat="44.44236497394740581512451171875" lon="-80.284236632287502288818359375">
        <ele>515.20001220703125</ele>
        <time>2024-10-23T18:41:28.000Z</time>
        <extensions>
          <ns3:TrackPointExtension>
            <ns3:hr>88</ns3:hr>
          </ns3:TrackPointExtension>
        </extensions>
      </trkpt>
      <trkpt lat="44.44235332310199737548828125" lon="-80.2842240594327449798583984375">
        <ele>515.20001220703125</ele>
        <time>2024-10-23T18:41:32.000Z</time>
        <extensions>
          <ns3:TrackPointExtension>
            <ns3:hr>88</ns3:hr>
          </ns3:TrackPointExtension>
        </extensions>
      </trkpt>
      <trkpt lat="44.44233513437211513519287109375" lon="-80.28421944938600063323974609375">
        <ele>515.20001220703125</ele>
        <time>2024-10-23T18:41:38.000Z</time>
        <extensions>
          <ns3:TrackPointExtension>
            <ns3:hr>85</ns3:hr>
          </ns3:TrackPointExtension>
        </extensions>
      </trkpt>
      <trkpt lat="44.442343600094318389892578125" lon="-80.2842250652611255645751953125">
        <ele>515.20001220703125</ele>
        <time>2024-10-23T18:41:47.000Z</time>
        <extensions>
          <ns3:TrackPointExtension>
            <ns3:hr>88</ns3:hr>
          </ns3:TrackPointExtension>
        </extensions>
      </trkpt>
      <trkpt lat="44.442345611751079559326171875" lon="-80.28422649018466472625732421875">
        <ele>515.20001220703125</ele>
        <time>2024-10-23T18:41:49.000Z</time>
        <extensions>
          <ns3:TrackPointExtension>
            <ns3:hr>85</ns3:hr>
          </ns3:TrackPointExtension>
        </extensions>
      </trkpt>
      <trkpt lat="44.44234703667461872100830078125" lon="-80.28422732837498188018798828125">
        <ele>515.20001220703125</ele>
        <time>2024-10-23T18:41:52.000Z</time>
        <extensions>
          <ns3:TrackPointExtension>
            <ns3:hr>86</ns3:hr>
          </ns3:TrackPointExtension>
        </extensions>
      </trkpt>
      <trkpt lat="44.44234653376042842864990234375" lon="-80.28423587791621685028076171875">
        <ele>515.20001220703125</ele>
        <time>2024-10-23T18:42:00.000Z</time>
        <extensions>
          <ns3:TrackPointExtension>
            <ns3:hr>83</ns3:hr>
          </ns3:TrackPointExtension>
        </extensions>
      </trkpt>
      <trkpt lat="44.44234837777912616729736328125" lon="-80.2842193655669689178466796875">
        <ele>515.20001220703125</ele>
        <time>2024-10-23T18:42:12.000Z</time>
        <extensions>
          <ns3:TrackPointExtension>
            <ns3:hr>84</ns3:hr>
          </ns3:TrackPointExtension>
        </extensions>
      </trkpt>
      <trkpt lat="44.44232407025992870330810546875" lon="-80.28419514186680316925048828125">
        <ele>515.20001220703125</ele>
        <time>2024-10-23T18:42:23.000Z</time>
        <extensions>
          <ns3:TrackPointExtension>
            <ns3:hr>90</ns3:hr>
          </ns3:TrackPointExtension>
        </extensions>
      </trkpt>
      <trkpt lat="44.44232541136443614959716796875" lon="-80.2842026017606258392333984375">
        <ele>515.20001220703125</ele>
        <time>2024-10-23T18:42:25.000Z</time>
        <extensions>
          <ns3:TrackPointExtension>
            <ns3:hr>94</ns3:hr>
          </ns3:TrackPointExtension>
        </extensions>
      </trkpt>
      <trkpt lat="44.44232775829732418060302734375" lon="-80.28420100919902324676513671875">
        <ele>515.20001220703125</ele>
        <time>2024-10-23T18:42:27.000Z</time>
        <extensions>
          <ns3:TrackPointExtension>
            <ns3:hr>98</ns3:hr>
          </ns3:TrackPointExtension>
        </extensions>
      </trkpt>
      <trkpt lat="44.44232608191668987274169921875" lon="-80.28420402668416500091552734375">
        <ele>515.20001220703125</ele>
        <time>2024-10-23T18:42:37.000Z</time>
        <extensions>
          <ns3:TrackPointExtension>
            <ns3:hr>100</ns3:hr>
          </ns3:TrackPointExtension>
        </extensions>
      </trkpt>
      <trkpt lat="44.44234837777912616729736328125" lon="-80.28422095812857151031494140625">
        <ele>515.20001220703125</ele>
        <time>2024-10-23T18:42:55.000Z</time>
        <extensions>
          <ns3:TrackPointExtension>
            <ns3:hr>99</ns3:hr>
          </ns3:TrackPointExtension>
        </extensions>
      </trkpt>
      <trkpt lat="44.4423727691173553466796875" lon="-80.2842937968671321868896484375">
        <ele>515.20001220703125</ele>
        <time>2024-10-23T18:43:01.000Z</time>
        <extensions>
          <ns3:TrackPointExtension>
            <ns3:hr>96</ns3:hr>
          </ns3:TrackPointExtension>
        </extensions>
      </trkpt>
      <trkpt lat="44.44237704388797283172607421875" lon="-80.28431030921638011932373046875">
        <ele>515.20001220703125</ele>
        <time>2024-10-23T18:43:03.000Z</time>
        <extensions>
          <ns3:TrackPointExtension>
            <ns3:hr>93</ns3:hr>
          </ns3:TrackPointExtension>
        </extensions>
      </trkpt>
      <trkpt lat="44.44232876412570476531982421875" lon="-80.2843212895095348358154296875">
        <ele>515.20001220703125</ele>
        <time>2024-10-23T18:43:08.000Z</time>
        <extensions>
          <ns3:TrackPointExtension>
            <ns3:hr>91</ns3:hr>
          </ns3:TrackPointExtension>
        </extensions>
      </trkpt>
      <trkpt lat="44.4422735273838043212890625" lon="-80.28429538942873477935791015625">
        <ele>515.20001220703125</ele>
        <time>2024-10-23T18:43:15.000Z</time>
        <extensions>
          <ns3:TrackPointExtension>
            <ns3:hr>94</ns3:hr>
          </ns3:TrackPointExtension>
        </extensions>
      </trkpt>
      <trkpt lat="44.44226757623255252838134765625" lon="-80.28428197838366031646728515625">
        <ele>515.20001220703125</ele>
        <time>2024-10-23T18:43:17.000Z</time>
        <extensions>
          <ns3:TrackPointExtension>
            <ns3:hr>91</ns3:hr>
          </ns3:TrackPointExtension>
        </extensions>
      </trkpt>
      <trkpt lat="44.4422260858118534088134765625" lon="-80.2842679806053638458251953125">
        <ele>515.20001220703125</ele>
        <time>2024-10-23T18:43:24.000Z</time>
        <extensions>
          <ns3:TrackPointExtension>
            <ns3:hr>90</ns3:hr>
          </ns3:TrackPointExtension>
        </extensions>
      </trkpt>
      <trkpt lat="44.44221778772771358489990234375" lon="-80.2842642925679683685302734375">
        <ele>515.20001220703125</ele>
        <time>2024-10-23T18:43:26.000Z</time>
        <extensions>
          <ns3:TrackPointExtension>
            <ns3:hr>87</ns3:hr>
          </ns3:TrackPointExtension>
        </extensions>
      </trkpt>
      <trkpt lat="44.44221996702253818511962890625" lon="-80.284258760511875152587890625">
        <ele>515.20001220703125</ele>
        <time>2024-10-23T18:43:28.000Z</time>
        <extensions>
          <ns3:TrackPointExtension>
            <ns3:hr>84</ns3:hr>
          </ns3:TrackPointExtension>
        </extensions>
      </trkpt>
      <trkpt lat="44.4423055462539196014404296875" lon="-80.28426487930119037628173828125">
        <ele>515.20001220703125</ele>
        <time>2024-10-23T18:43:40.000Z</time>
        <extensions>
          <ns3:TrackPointExtension>
            <ns3:hr>86</ns3:hr>
          </ns3:TrackPointExtension>
        </extensions>
      </trkpt>
      <trkpt lat="44.44230998866260051727294921875" lon="-80.284250043332576751708984375">
        <ele>515.20001220703125</ele>
        <time>2024-10-23T18:43:42.000Z</time>
        <extensions>
          <ns3:TrackPointExtension>
            <ns3:hr>83</ns3:hr>
          </ns3:TrackPointExtension>
        </extensions>
      </trkpt>
      <trkpt lat="44.44231887347996234893798828125" lon="-80.28421911410987377166748046875">
        <ele>515.20001220703125</ele>
        <time>2024-10-23T18:43:50.000Z</time>
        <extensions>
          <ns3:TrackPointExtension>
            <ns3:hr>80</ns3:hr>
          </ns3:TrackPointExtension>
        </extensions>
      </trkpt>
      <trkpt lat="44.44231635890901088714599609375" lon="-80.284221880137920379638671875">
        <ele>515.20001220703125</ele>
        <time>2024-10-23T18:43:53.000Z</time>
        <extensions>
          <ns3:TrackPointExtension>
            <ns3:hr>83</ns3:hr>
          </ns3:TrackPointExtension>
        </extensions>
      </trkpt>
      <trkpt lat="44.4423035345971584320068359375" lon="-80.2842183597385883331298828125">
        <ele>515.20001220703125</ele>
        <time>2024-10-23T18:43:55.000Z</time>
        <extensions>
          <ns3:TrackPointExtension>
            <ns3:hr>82</ns3:hr>
          </ns3:TrackPointExtension>
        </extensions>
      </trkpt>
      <trkpt lat="44.4423494674265384674072265625" lon="-80.2842770330607891082763671875">
        <ele>515.20001220703125</ele>
        <time>2024-10-23T18:44:11.000Z</time>
        <extensions>
          <ns3:TrackPointExtension>
            <ns3:hr>83</ns3:hr>
          </ns3:TrackPointExtension>
        </extensions>
      </trkpt>
      <trkpt lat="44.4422780536115169525146484375" lon="-80.2842731773853302001953125">
        <ele>515.20001220703125</ele>
        <time>2024-10-23T18:44:26.000Z</time>
        <extensions>
          <ns3:TrackPointExtension>
            <ns3:hr>82</ns3:hr>
          </ns3:TrackPointExtension>
        </extensions>
      </trkpt>
      <trkpt lat="44.44227579049766063690185546875" lon="-80.2842733450233936309814453125">
        <ele>515.20001220703125</ele>
        <time>2024-10-23T18:44:32.000Z</time>
        <extensions>
          <ns3:TrackPointExtension>
            <ns3:hr>85</ns3:hr>
          </ns3:TrackPointExtension>
        </extensions>
      </trkpt>
      <trkpt lat="44.44227822124958038330078125" lon="-80.2842736802995204925537109375">
        <ele>515.20001220703125</ele>
        <time>2024-10-23T18:44:34.000Z</time>
        <extensions>
          <ns3:TrackPointExtension>
            <ns3:hr>82</ns3:hr>
          </ns3:TrackPointExtension>
        </extensions>
      </trkpt>
      <trkpt lat="44.44228769280016422271728515625" lon="-80.284274518489837646484375">
        <ele>515.20001220703125</ele>
        <time>2024-10-23T18:44:41.000Z</time>
        <extensions>
          <ns3:TrackPointExtension>
            <ns3:hr>83</ns3:hr>
          </ns3:TrackPointExtension>
        </extensions>
      </trkpt>
      <trkpt lat="44.4422837533056735992431640625" lon="-80.284263454377651214599609375">
        <ele>515.20001220703125</ele>
        <time>2024-10-23T18:44:43.000Z</time>
        <extensions>
          <ns3:TrackPointExtension>
            <ns3:hr>79</ns3:hr>
          </ns3:TrackPointExtension>
        </extensions>
      </trkpt>
      <trkpt lat="44.4422804005444049835205078125" lon="-80.2842597663402557373046875">
        <ele>515.20001220703125</ele>
        <time>2024-10-23T18:44:44.000Z</time>
        <extensions>
          <ns3:TrackPointExtension>
            <ns3:hr>82</ns3:hr>
          </ns3:TrackPointExtension>
        </extensions>
      </trkpt>
      <trkpt lat="44.44226472638547420501708984375" lon="-80.28422514908015727996826171875">
        <ele>515.20001220703125</ele>
        <time>2024-10-23T18:44:54.000Z</time>
        <extensions>
          <ns3:TrackPointExtension>
            <ns3:hr>81</ns3:hr>
          </ns3:TrackPointExtension>
        </extensions>
      </trkpt>
      <trkpt lat="44.44225751794874668121337890625" lon="-80.28421618044376373291015625">
        <ele>515.20001220703125</ele>
        <time>2024-10-23T18:45:01.000Z</time>
        <extensions>
          <ns3:TrackPointExtension>
            <ns3:hr>84</ns3:hr>
          </ns3:TrackPointExtension>
        </extensions>
      </trkpt>
      <trkpt lat="44.4422549195587635040283203125" lon="-80.2842088043689727783203125">
        <ele>515.20001220703125</ele>
        <time>2024-10-23T18:45:02.000Z</time>
        <extensions>
          <ns3:TrackPointExtension>
            <ns3:hr>81</ns3:hr>
          </ns3:TrackPointExtension>
        </extensions>
      </trkpt>
      <trkpt lat="44.44225315935909748077392578125" lon="-80.28420151211321353912353515625">
        <ele>515.20001220703125</ele>
        <time>2024-10-23T18:45:04.000Z</time>
        <extensions>
          <ns3:TrackPointExtension>
            <ns3:hr>76</ns3:hr>
          </ns3:TrackPointExtension>
        </extensions>
      </trkpt>
      <trkpt lat="44.44225315935909748077392578125" lon="-80.28420142829418182373046875">
        <ele>515.20001220703125</ele>
        <time>2024-10-23T18:45:05.000Z</time>
        <extensions>
          <ns3:TrackPointExtension>
            <ns3:hr>76</ns3:hr>
          </ns3:TrackPointExtension>
        </extensions>
      </trkpt>
      <trkpt lat="44.442253746092319488525390625" lon="-80.28419882990419864654541015625">
        <ele>515.20001220703125</ele>
        <time>2024-10-23T18:45:09.000Z</time>
        <extensions>
          <ns3:TrackPointExtension>
            <ns3:hr>77</ns3:hr>
          </ns3:TrackPointExtension>
        </extensions>
      </trkpt>
      <trkpt lat="44.4422574341297149658203125" lon="-80.2841935493052005767822265625">
        <ele>515.20001220703125</ele>
        <time>2024-10-23T18:45:15.000Z</time>
        <extensions>
          <ns3:TrackPointExtension>
            <ns3:hr>81</ns3:hr>
          </ns3:TrackPointExtension>
        </extensions>
      </trkpt>
      <trkpt lat="44.4422549195587635040283203125" lon="-80.28419229201972484588623046875">
        <ele>515.20001220703125</ele>
        <time>2024-10-23T18:45:17.000Z</time>
        <extensions>
          <ns3:TrackPointExtension>
            <ns3:hr>84</ns3:hr>
          </ns3:TrackPointExtension>
        </extensions>
      </trkpt>
      <trkpt lat="44.4422431848943233489990234375" lon="-80.2841687388718128204345703125">
        <ele>515.20001220703125</ele>
        <time>2024-10-23T18:45:28.000Z</time>
        <extensions>
          <ns3:TrackPointExtension>
            <ns3:hr>82</ns3:hr>
          </ns3:TrackPointExtension>
        </extensions>
      </trkpt>
      <trkpt lat="44.44224628619849681854248046875" lon="-80.28417888097465038299560546875">
        <ele>515.20001220703125</ele>
        <time>2024-10-23T18:45:41.000Z</time>
        <extensions>
          <ns3:TrackPointExtension>
            <ns3:hr>80</ns3:hr>
          </ns3:TrackPointExtension>
        </extensions>
      </trkpt>
      <trkpt lat="44.442248381674289703369140625" lon="-80.28418399393558502197265625">
        <ele>515.20001220703125</ele>
        <time>2024-10-23T18:45:42.000Z</time>
        <extensions>
          <ns3:TrackPointExtension>
            <ns3:hr>83</ns3:hr>
          </ns3:TrackPointExtension>
        </extensions>
      </trkpt>
      <trkpt lat="44.44226539693772792816162109375" lon="-80.28420905582606792449951171875">
        <ele>515.20001220703125</ele>
        <time>2024-10-23T18:45:47.000Z</time>
        <extensions>
          <ns3:TrackPointExtension>
            <ns3:hr>86</ns3:hr>
          </ns3:TrackPointExtension>
        </extensions>
      </trkpt>
      <trkpt lat="44.44228869862854480743408203125" lon="-80.284204781055450439453125">
        <ele>515.20001220703125</ele>
        <time>2024-10-23T18:45:58.000Z</time>
        <extensions>
          <ns3:TrackPointExtension>
            <ns3:hr>84</ns3:hr>
          </ns3:TrackPointExtension>
        </extensions>
      </trkpt>
      <trkpt lat="44.44230982102453708648681640625" lon="-80.28425415046513080596923828125">
        <ele>515.20001220703125</ele>
        <time>2024-10-23T18:46:11.000Z</time>
        <extensions>
          <ns3:TrackPointExtension>
            <ns3:hr>87</ns3:hr>
          </ns3:TrackPointExtension>
        </extensions>
      </trkpt>
      <trkpt lat="44.442306049168109893798828125" lon="-80.2842490375041961669921875">
        <ele>515.20001220703125</ele>
        <time>2024-10-23T18:46:14.000Z</time>
        <extensions>
          <ns3:TrackPointExtension>
            <ns3:hr>88</ns3:hr>
          </ns3:TrackPointExtension>
        </extensions>
      </trkpt>
      <trkpt lat="44.44231770001351833343505859375" lon="-80.28426974080502986907958984375">
        <ele>515.20001220703125</ele>
        <time>2024-10-23T18:46:22.000Z</time>
        <extensions>
          <ns3:TrackPointExtension>
            <ns3:hr>91</ns3:hr>
          </ns3:TrackPointExtension>
        </extensions>
      </trkpt>
      <trkpt lat="44.442322142422199249267578125" lon="-80.28426907025277614593505859375">
        <ele>515.20001220703125</ele>
        <time>2024-10-23T18:46:24.000Z</time>
        <extensions>
          <ns3:TrackPointExtension>
            <ns3:hr>88</ns3:hr>
          </ns3:TrackPointExtension>
        </extensions>
      </trkpt>
      <trkpt lat="44.44231770001351833343505859375" lon="-80.28428348712623119354248046875">
        <ele>515.20001220703125</ele>
        <time>2024-10-23T18:46:28.000Z</time>
        <extensions>
          <ns3:TrackPointExtension>
            <ns3:hr>85</ns3:hr>
          </ns3:TrackPointExtension>
        </extensions>
      </trkpt>
      <trkpt lat="44.442310743033885955810546875" lon="-80.284288935363292694091796875">
        <ele>515.20001220703125</ele>
        <time>2024-10-23T18:46:32.000Z</time>
        <extensions>
          <ns3:TrackPointExtension>
            <ns3:hr>84</ns3:hr>
          </ns3:TrackPointExtension>
        </extensions>
      </trkpt>
      <trkpt lat="44.44235189817845821380615234375" lon="-80.28428080491721630096435546875">
        <ele>515.20001220703125</ele>
        <time>2024-10-23T18:46:50.000Z</time>
        <extensions>
          <ns3:TrackPointExtension>
            <ns3:hr>82</ns3:hr>
          </ns3:TrackPointExtension>
        </extensions>
      </trkpt>
      <trkpt lat="44.44235189817845821380615234375" lon="-80.28428231365978717803955078125">
        <ele>515.20001220703125</ele>
        <time>2024-10-23T18:46:54.000Z</time>
        <extensions>
          <ns3:TrackPointExtension>
            <ns3:hr>78</ns3:hr>
          </ns3:TrackPointExtension>
        </extensions>
      </trkpt>
      <trkpt lat="44.44235709495842456817626953125" lon="-80.28426286764442920684814453125">
        <ele>515.20001220703125</ele>
        <time>2024-10-23T18:47:07.000Z</time>
        <extensions>
          <ns3:TrackPointExtension>
            <ns3:hr>78</ns3:hr>
          </ns3:TrackPointExtension>
        </extensions>
      </trkpt>
      <trkpt lat="44.4423736073076725006103515625" lon="-80.284247696399688720703125">
        <ele>515.20001220703125</ele>
        <time>2024-10-23T18:47:21.000Z</time>
        <extensions>
          <ns3:TrackPointExtension>
            <ns3:hr>75</ns3:hr>
          </ns3:TrackPointExtension>
        </extensions>
      </trkpt>
      <trkpt lat="44.442365057766437530517578125" lon="-80.28424434363842010498046875">
        <ele>515.20001220703125</ele>
        <time>2024-10-23T18:47:22.000Z</time>
        <extensions>
          <ns3:TrackPointExtension>
            <ns3:hr>77</ns3:hr>
          </ns3:TrackPointExtension>
        </extensions>
      </trkpt>
      <trkpt lat="44.4423367269337177276611328125" lon="-80.28424040414392948150634765625">
        <ele>515.20001220703125</ele>
        <time>2024-10-23T18:47:27.000Z</time>
        <extensions>
          <ns3:TrackPointExtension>
            <ns3:hr>80</ns3:hr>
          </ns3:TrackPointExtension>
        </extensions>
      </trkpt>
      <trkpt lat="44.44232222624123096466064453125" lon="-80.284236967563629150390625">
        <ele>515.20001220703125</ele>
        <time>2024-10-23T18:47:33.000Z</time>
        <extensions>
          <ns3:TrackPointExtension>
            <ns3:hr>83</ns3:hr>
          </ns3:TrackPointExtension>
        </extensions>
      </trkpt>
      <trkpt lat="44.44231300614774227142333984375" lon="-80.28423151932656764984130859375">
        <ele>515.20001220703125</ele>
        <time>2024-10-23T18:47:40.000Z</time>
        <extensions>
          <ns3:TrackPointExtension>
            <ns3:hr>86</ns3:hr>
          </ns3:TrackPointExtension>
        </extensions>
      </trkpt>
      <trkpt lat="44.4422949850559234619140625" lon="-80.28423755429685115814208984375">
        <ele>515.20001220703125</ele>
        <time>2024-10-23T18:47:42.000Z</time>
        <extensions>
          <ns3:TrackPointExtension>
            <ns3:hr>85</ns3:hr>
          </ns3:TrackPointExtension>
        </extensions>
      </trkpt>
      <trkpt lat="44.44227193482220172882080078125" lon="-80.28422866947948932647705078125">
        <ele>515.20001220703125</ele>
        <time>2024-10-23T18:47:47.000Z</time>
        <extensions>
          <ns3:TrackPointExtension>
            <ns3:hr>82</ns3:hr>
          </ns3:TrackPointExtension>
        </extensions>
      </trkpt>
      <trkpt lat="44.44226606748998165130615234375" lon="-80.28422967530786991119384765625">
        <ele>515.20001220703125</ele>
        <time>2024-10-23T18:47:48.000Z</time>
        <extensions>
          <ns3:TrackPointExtension>
            <ns3:hr>85</ns3:hr>
          </ns3:TrackPointExtension>
        </extensions>
      </trkpt>
      <trkpt lat="44.44225332699716091156005859375" lon="-80.284249372780323028564453125">
        <ele>515.20001220703125</ele>
        <time>2024-10-23T18:47:51.000Z</time>
        <extensions>
          <ns3:TrackPointExtension>
            <ns3:hr>81</ns3:hr>
          </ns3:TrackPointExtension>
        </extensions>
      </trkpt>
      <trkpt lat="44.44224913604557514190673828125" lon="-80.28424836695194244384765625">
        <ele>515.20001220703125</ele>
        <time>2024-10-23T18:47:55.000Z</time>
        <extensions>
          <ns3:TrackPointExtension>
            <ns3:hr>80</ns3:hr>
          </ns3:TrackPointExtension>
        </extensions>
      </trkpt>
      <trkpt lat="44.44224863313138484954833984375" lon="-80.28423889540135860443115234375">
        <ele>515.20001220703125</ele>
        <time>2024-10-23T18:48:09.000Z</time>
        <extensions>
          <ns3:TrackPointExtension>
            <ns3:hr>84</ns3:hr>
          </ns3:TrackPointExtension>
        </extensions>
      </trkpt>
      <trkpt lat="44.442254416644573211669921875" lon="-80.284239985048770904541015625">
        <ele>515.20001220703125</ele>
        <time>2024-10-23T18:48:12.000Z</time>
        <extensions>
          <ns3:TrackPointExtension>
            <ns3:hr>85</ns3:hr>
          </ns3:TrackPointExtension>
        </extensions>
      </trkpt>
      <trkpt lat="44.4422574341297149658203125" lon="-80.28423571027815341949462890625">
        <ele>515.20001220703125</ele>
        <time>2024-10-23T18:48:26.000Z</time>
        <extensions>
          <ns3:TrackPointExtension>
            <ns3:hr>88</ns3:hr>
          </ns3:TrackPointExtension>
        </extensions>
      </trkpt>
      <trkpt lat="44.442262463271617889404296875" lon="-80.28422866947948932647705078125">
        <ele>515.20001220703125</ele>
        <time>2024-10-23T18:48:32.000Z</time>
        <extensions>
          <ns3:TrackPointExtension>
            <ns3:hr>90</ns3:hr>
          </ns3:TrackPointExtension>
        </extensions>
      </trkpt>
      <trkpt lat="44.4422495551407337188720703125" lon="-80.28420888818800449371337890625">
        <ele>515.20001220703125</ele>
        <time>2024-10-23T18:48:43.000Z</time>
        <extensions>
          <ns3:TrackPointExtension>
            <ns3:hr>89</ns3:hr>
          </ns3:TrackPointExtension>
        </extensions>
      </trkpt>
      <trkpt lat="44.4422472082078456878662109375" lon="-80.28420218266546726226806640625">
        <ele>515.20001220703125</ele>
        <time>2024-10-23T18:48:44.000Z</time>
        <extensions>
          <ns3:TrackPointExtension>
            <ns3:hr>92</ns3:hr>
          </ns3:TrackPointExtension>
        </extensions>
      </trkpt>
      <trkpt lat="44.44223019294440746307373046875" lon="-80.28418307192623615264892578125">
        <ele>515.20001220703125</ele>
        <time>2024-10-23T18:48:50.000Z</time>
        <extensions>
          <ns3:TrackPointExtension>
            <ns3:hr>89</ns3:hr>
          </ns3:TrackPointExtension>
        </extensions>
      </trkpt>
      <trkpt lat="44.4422425143420696258544921875" lon="-80.28419547714293003082275390625">
        <ele>515.20001220703125</ele>
        <time>2024-10-23T18:48:56.000Z</time>
        <extensions>
          <ns3:TrackPointExtension>
            <ns3:hr>90</ns3:hr>
          </ns3:TrackPointExtension>
        </extensions>
      </trkpt>
      <trkpt lat="44.44224293343722820281982421875" lon="-80.2841953933238983154296875">
        <ele>515.20001220703125</ele>
        <time>2024-10-23T18:48:58.000Z</time>
        <extensions>
          <ns3:TrackPointExtension>
            <ns3:hr>93</ns3:hr>
          </ns3:TrackPointExtension>
        </extensions>
      </trkpt>
      <trkpt lat="44.4422485493123531341552734375" lon="-80.28419732116162776947021484375">
        <ele>515.20001220703125</ele>
        <time>2024-10-23T18:49:01.000Z</time>
        <extensions>
          <ns3:TrackPointExtension>
            <ns3:hr>90</ns3:hr>
          </ns3:TrackPointExtension>
        </extensions>
      </trkpt>
      <trkpt lat="44.442263133823871612548828125" lon="-80.28421039693057537078857421875">
        <ele>515.20001220703125</ele>
        <time>2024-10-23T18:49:08.000Z</time>
        <extensions>
          <ns3:TrackPointExtension>
            <ns3:hr>90</ns3:hr>
          </ns3:TrackPointExtension>
        </extensions>
      </trkpt>
      <trkpt lat="44.442264474928379058837890625" lon="-80.2842049486935138702392578125">
        <ele>515.20001220703125</ele>
        <time>2024-10-23T18:49:12.000Z</time>
        <extensions>
          <ns3:TrackPointExtension>
            <ns3:hr>93</ns3:hr>
          </ns3:TrackPointExtension>
        </extensions>
      </trkpt>
      <trkpt lat="44.4422643072903156280517578125" lon="-80.28420369140803813934326171875">
        <ele>515.20001220703125</ele>
        <time>2024-10-23T18:49:13.000Z</time>
        <extensions>
          <ns3:TrackPointExtension>
            <ns3:hr>89</ns3:hr>
          </ns3:TrackPointExtension>
        </extensions>
      </trkpt>
      <trkpt lat="44.442269839346408843994140625" lon="-80.2842146717011928558349609375">
        <ele>515.20001220703125</ele>
        <time>2024-10-23T18:49:19.000Z</time>
        <extensions>
          <ns3:TrackPointExtension>
            <ns3:hr>93</ns3:hr>
          </ns3:TrackPointExtension>
        </extensions>
      </trkpt>
      <trkpt lat="44.44227193482220172882080078125" lon="-80.28421475552022457122802734375">
        <ele>515.20001220703125</ele>
        <time>2024-10-23T18:49:20.000Z</time>
        <extensions>
          <ns3:TrackPointExtension>
            <ns3:hr>92</ns3:hr>
          </ns3:TrackPointExtension>
        </extensions>
      </trkpt>
      <trkpt lat="44.44228987209498882293701171875" lon="-80.28421215713024139404296875">
        <ele>515.20001220703125</ele>
        <time>2024-10-23T18:49:35.000Z</time>
        <extensions>
          <ns3:TrackPointExtension>
            <ns3:hr>94</ns3:hr>
          </ns3:TrackPointExtension>
        </extensions>
      </trkpt>
      <trkpt lat="44.44229833781719207763671875" lon="-80.28422783128917217254638671875">
        <ele>515.20001220703125</ele>
        <time>2024-10-23T18:49:39.000Z</time>
        <extensions>
          <ns3:TrackPointExtension>
            <ns3:hr>98</ns3:hr>
          </ns3:TrackPointExtension>
        </extensions>
      </trkpt>
      <trkpt lat="44.4423001818358898162841796875" lon="-80.2842334471642971038818359375">
        <ele>515.20001220703125</ele>
        <time>2024-10-23T18:49:41.000Z</time>
        <extensions>
          <ns3:TrackPointExtension>
            <ns3:hr>95</ns3:hr>
          </ns3:TrackPointExtension>
        </extensions>
      </trkpt>
      <trkpt lat="44.442295320332050323486328125" lon="-80.28422179631888866424560546875">
        <ele>515.20001220703125</ele>
        <time>2024-10-23T18:49:45.000Z</time>
        <extensions>
          <ns3:TrackPointExtension>
            <ns3:hr>99</ns3:hr>
          </ns3:TrackPointExtension>
        </extensions>
      </trkpt>
      <trkpt lat="44.44229297339916229248046875" lon="-80.28421626426279544830322265625">
        <ele>515.20001220703125</ele>
        <time>2024-10-23T18:49:47.000Z</time>
        <extensions>
          <ns3:TrackPointExtension>
            <ns3:hr>102</ns3:hr>
          </ns3:TrackPointExtension>
        </extensions>
      </trkpt>
      <trkpt lat="44.442283250391483306884765625" lon="-80.28420285321772098541259765625">
        <ele>515.20001220703125</ele>
        <time>2024-10-23T18:49:50.000Z</time>
        <extensions>
          <ns3:TrackPointExtension>
            <ns3:hr>103</ns3:hr>
          </ns3:TrackPointExtension>
        </extensions>
      </trkpt>
      <trkpt lat="44.44227796979248523712158203125" lon="-80.2841871790587902069091796875">
        <ele>515.20001220703125</ele>
        <time>2024-10-23T18:49:54.000Z</time>
        <extensions>
          <ns3:TrackPointExtension>
            <ns3:hr>98</ns3:hr>
          </ns3:TrackPointExtension>
        </extensions>
      </trkpt>
      <trkpt lat="44.442279897630214691162109375" lon="-80.2841898612678050994873046875">
        <ele>515.20001220703125</ele>
        <time>2024-10-23T18:49:57.000Z</time>
        <extensions>
          <ns3:TrackPointExtension>
            <ns3:hr>95</ns3:hr>
          </ns3:TrackPointExtension>
        </extensions>
      </trkpt>
      <trkpt lat="44.44226338528096675872802734375" lon="-80.28419866226613521575927734375">
        <ele>515.20001220703125</ele>
        <time>2024-10-23T18:50:04.000Z</time>
        <extensions>
          <ns3:TrackPointExtension>
            <ns3:hr>95</ns3:hr>
          </ns3:TrackPointExtension>
        </extensions>
      </trkpt>
      <trkpt lat="44.44226120598614215850830078125" lon="-80.28420352376997470855712890625">
        <ele>515.20001220703125</ele>
        <time>2024-10-23T18:50:07.000Z</time>
        <extensions>
          <ns3:TrackPointExtension>
            <ns3:hr>91</ns3:hr>
          </ns3:TrackPointExtension>
        </extensions>
      </trkpt>
      <trkpt lat="44.4422656483948230743408203125" lon="-80.28419740498065948486328125">
        <ele>515.20001220703125</ele>
        <time>2024-10-23T18:50:10.000Z</time>
        <extensions>
          <ns3:TrackPointExtension>
            <ns3:hr>94</ns3:hr>
          </ns3:TrackPointExtension>
        </extensions>
      </trkpt>
      <trkpt lat="44.44228786043822765350341796875" lon="-80.28419631533324718475341796875">
        <ele>515.20001220703125</ele>
        <time>2024-10-23T18:50:18.000Z</time>
        <extensions>
          <ns3:TrackPointExtension>
            <ns3:hr>94</ns3:hr>
          </ns3:TrackPointExtension>
        </extensions>
      </trkpt>
      <trkpt lat="44.4423043727874755859375" lon="-80.2841858379542827606201171875">
        <ele>515.20001220703125</ele>
        <time>2024-10-23T18:50:24.000Z</time>
        <extensions>
          <ns3:TrackPointExtension>
            <ns3:hr>98</ns3:hr>
          </ns3:TrackPointExtension>
        </extensions>
      </trkpt>
      <trkpt lat="44.4423068873584270477294921875" lon="-80.2841888554394245147705078125">
        <ele>515.20001220703125</ele>
        <time>2024-10-23T18:50:25.000Z</time>
        <extensions>
          <ns3:TrackPointExtension>
            <ns3:hr>102</ns3:hr>
          </ns3:TrackPointExtension>
        </extensions>
      </trkpt>
      <trkpt lat="44.44230864755809307098388671875" lon="-80.2841912023723125457763671875">
        <ele>515.20001220703125</ele>
        <time>2024-10-23T18:50:26.000Z</time>
        <extensions>
          <ns3:TrackPointExtension>
            <ns3:hr>105</ns3:hr>
          </ns3:TrackPointExtension>
        </extensions>
      </trkpt>
      <trkpt lat="44.44231174886226654052734375" lon="-80.28419245965778827667236328125">
        <ele>515.20001220703125</ele>
        <time>2024-10-23T18:50:27.000Z</time>
        <extensions>
          <ns3:TrackPointExtension>
            <ns3:hr>108</ns3:hr>
          </ns3:TrackPointExtension>
        </extensions>
      </trkpt>
      <trkpt lat="44.44231308996677398681640625" lon="-80.28418474830687046051025390625">
        <ele>515.20001220703125</ele>
        <time>2024-10-23T18:50:29.000Z</time>
        <extensions>
          <ns3:TrackPointExtension>
            <ns3:hr>108</ns3:hr>
          </ns3:TrackPointExtension>
        </extensions>
      </trkpt>
      <trkpt lat="44.4423316977918148040771484375" lon="-80.284124314785003662109375">
        <ele>515.20001220703125</ele>
        <time>2024-10-23T18:50:42.000Z</time>
        <extensions>
          <ns3:TrackPointExtension>
            <ns3:hr>108</ns3:hr>
          </ns3:TrackPointExtension>
        </extensions>
      </trkpt>
      <trkpt lat="44.442378468811511993408203125" lon="-80.28406539000570774078369140625">
        <ele>515.20001220703125</ele>
        <time>2024-10-23T18:50:54.000Z</time>
        <extensions>
          <ns3:TrackPointExtension>
            <ns3:hr>102</ns3:hr>
          </ns3:TrackPointExtension>
        </extensions>
      </trkpt>
      <trkpt lat="44.4424027763307094573974609375" lon="-80.28403781354427337646484375">
        <ele>515.20001220703125</ele>
        <time>2024-10-23T18:50:59.000Z</time>
        <extensions>
          <ns3:TrackPointExtension>
            <ns3:hr>98</ns3:hr>
          </ns3:TrackPointExtension>
        </extensions>
      </trkpt>
      <trkpt lat="44.44240562617778778076171875" lon="-80.284013338387012481689453125">
        <ele>515.20001220703125</ele>
        <time>2024-10-23T18:51:00.000Z</time>
        <extensions>
          <ns3:TrackPointExtension>
            <ns3:hr>100</ns3:hr>
          </ns3:TrackPointExtension>
        </extensions>
      </trkpt>
      <trkpt lat="44.442476369440555572509765625" lon="-80.2838733606040477752685546875">
        <ele>515.20001220703125</ele>
        <time>2024-10-23T18:51:12.000Z</time>
        <extensions>
          <ns3:TrackPointExtension>
            <ns3:hr>98</ns3:hr>
          </ns3:TrackPointExtension>
        </extensions>
      </trkpt>
      <trkpt lat="44.44249087013304233551025390625" lon="-80.28384444303810596466064453125">
        <ele>510.79998779296875</ele>
        <time>2024-10-23T18:51:15.000Z</time>
        <extensions>
          <ns3:TrackPointExtension>
            <ns3:hr>99</ns3:hr>
          </ns3:TrackPointExtension>
        </extensions>
      </trkpt>
      <trkpt lat="44.4425067119300365447998046875" lon="-80.28383522294461727142333984375">
        <ele>510.79998779296875</ele>
        <time>2024-10-23T18:51:17.000Z</time>
        <extensions>
          <ns3:TrackPointExtension>
            <ns3:hr>103</ns3:hr>
          </ns3:TrackPointExtension>
        </extensions>
      </trkpt>
      <trkpt lat="44.44258659146726131439208984375" lon="-80.2837179601192474365234375">
        <ele>510.399993896484375</ele>
        <time>2024-10-23T18:51:27.000Z</time>
        <extensions>
          <ns3:TrackPointExtension>
            <ns3:hr>102</ns3:hr>
          </ns3:TrackPointExtension>
        </extensions>
      </trkpt>
      <trkpt lat="44.442655742168426513671875" lon="-80.28362316079437732696533203125">
        <ele>510.79998779296875</ele>
        <time>2024-10-23T18:51:36.000Z</time>
        <extensions>
          <ns3:TrackPointExtension>
            <ns3:hr>105</ns3:hr>
          </ns3:TrackPointExtension>
        </extensions>
      </trkpt>
      <trkpt lat="44.44266504608094692230224609375" lon="-80.28361402451992034912109375">
        <ele>510.79998779296875</ele>
        <time>2024-10-23T18:51:37.000Z</time>
        <extensions>
          <ns3:TrackPointExtension>
            <ns3:hr>108</ns3:hr>
          </ns3:TrackPointExtension>
        </extensions>
      </trkpt>
      <trkpt lat="44.44268683902919292449951171875" lon="-80.2836027927696704864501953125">
        <ele>510.600006103515625</ele>
        <time>2024-10-23T18:51:39.000Z</time>
        <extensions>
          <ns3:TrackPointExtension>
            <ns3:hr>112</ns3:hr>
          </ns3:TrackPointExtension>
        </extensions>
      </trkpt>
      <trkpt lat="44.44270871579647064208984375" lon="-80.283584855496883392333984375">
        <ele>510.600006103515625</ele>
        <time>2024-10-23T18:51:42.000Z</time>
        <extensions>
          <ns3:TrackPointExtension>
            <ns3:hr>115</ns3:hr>
          </ns3:TrackPointExtension>
        </extensions>
      </trkpt>
      <trkpt lat="44.44276043213903903961181640625" lon="-80.2835501544177532196044921875">
        <ele>510.600006103515625</ele>
        <time>2024-10-23T18:51:48.000Z</time>
        <extensions>
          <ns3:TrackPointExtension>
            <ns3:hr>112</ns3:hr>
          </ns3:TrackPointExtension>
        </extensions>
      </trkpt>
      <trkpt lat="44.442804940044879913330078125" lon="-80.28342417441308498382568359375">
        <ele>510</ele>
        <time>2024-10-23T18:51:59.000Z</time>
        <extensions>
          <ns3:TrackPointExtension>
            <ns3:hr>110</ns3:hr>
          </ns3:TrackPointExtension>
        </extensions>
      </trkpt>
      <trkpt lat="44.4428248889744281768798828125" lon="-80.28338863514363765716552734375">
        <ele>510</ele>
        <time>2024-10-23T18:52:04.000Z</time>
        <extensions>
          <ns3:TrackPointExtension>
            <ns3:hr>107</ns3:hr>
          </ns3:TrackPointExtension>
        </extensions>
      </trkpt>
      <trkpt lat="44.4428322650492191314697265625" lon="-80.28334337286651134490966796875">
        <ele>510.399993896484375</ele>
        <time>2024-10-23T18:52:10.000Z</time>
        <extensions>
          <ns3:TrackPointExtension>
            <ns3:hr>106</ns3:hr>
          </ns3:TrackPointExtension>
        </extensions>
      </trkpt>
      <trkpt lat="44.44283368997275829315185546875" lon="-80.28333918191492557525634765625">
        <ele>510.600006103515625</ele>
        <time>2024-10-23T18:52:13.000Z</time>
        <extensions>
          <ns3:TrackPointExtension>
            <ns3:hr>103</ns3:hr>
          </ns3:TrackPointExtension>
        </extensions>
      </trkpt>
      <trkpt lat="44.44285196252167224884033203125" lon="-80.2833178080618381500244140625">
        <ele>510.600006103515625</ele>
        <time>2024-10-23T18:52:23.000Z</time>
        <extensions>
          <ns3:TrackPointExtension>
            <ns3:hr>100</ns3:hr>
          </ns3:TrackPointExtension>
        </extensions>
      </trkpt>
      <trkpt lat="44.4428560696542263031005859375" lon="-80.28330364264547824859619140625">
        <ele>510.399993896484375</ele>
        <time>2024-10-23T18:52:27.000Z</time>
        <extensions>
          <ns3:TrackPointExtension>
            <ns3:hr>99</ns3:hr>
          </ns3:TrackPointExtension>
        </extensions>
      </trkpt>
      <trkpt lat="44.44288029335439205169677734375" lon="-80.28324111364781856536865234375">
        <ele>510.600006103515625</ele>
        <time>2024-10-23T18:52:38.000Z</time>
        <extensions>
          <ns3:TrackPointExtension>
            <ns3:hr>96</ns3:hr>
          </ns3:TrackPointExtension>
        </extensions>
      </trkpt>
      <trkpt lat="44.44288649596273899078369140625" lon="-80.28324211947619915008544921875">
        <ele>510.600006103515625</ele>
        <time>2024-10-23T18:52:39.000Z</time>
        <extensions>
          <ns3:TrackPointExtension>
            <ns3:hr>95</ns3:hr>
          </ns3:TrackPointExtension>
        </extensions>
      </trkpt>
      <trkpt lat="44.44287928752601146697998046875" lon="-80.28322854079306125640869140625">
        <ele>511.600006103515625</ele>
        <time>2024-10-23T18:52:47.000Z</time>
        <extensions>
          <ns3:TrackPointExtension>
            <ns3:hr>98</ns3:hr>
          </ns3:TrackPointExtension>
        </extensions>
      </trkpt>
      <trkpt lat="44.44286822341382503509521484375" lon="-80.28319283388555049896240234375">
        <ele>511.600006103515625</ele>
        <time>2024-10-23T18:52:52.000Z</time>
        <extensions>
          <ns3:TrackPointExtension>
            <ns3:hr>96</ns3:hr>
          </ns3:TrackPointExtension>
        </extensions>
      </trkpt>
      <trkpt lat="44.4428681395947933197021484375" lon="-80.2831541933119297027587890625">
        <ele>511</ele>
        <time>2024-10-23T18:53:00.000Z</time>
        <extensions>
          <ns3:TrackPointExtension>
            <ns3:hr>93</ns3:hr>
          </ns3:TrackPointExtension>
        </extensions>
      </trkpt>
      <trkpt lat="44.4428654573857784271240234375" lon="-80.2831478230655193328857421875">
        <ele>511</ele>
        <time>2024-10-23T18:53:05.000Z</time>
        <extensions>
          <ns3:TrackPointExtension>
            <ns3:hr>92</ns3:hr>
          </ns3:TrackPointExtension>
        </extensions>
      </trkpt>
      <trkpt lat="44.44287844933569431304931640625" lon="-80.2831763215363025665283203125">
        <ele>511</ele>
        <time>2024-10-23T18:53:10.000Z</time>
        <extensions>
          <ns3:TrackPointExtension>
            <ns3:hr>89</ns3:hr>
          </ns3:TrackPointExtension>
        </extensions>
      </trkpt>
      <trkpt lat="44.44289789535105228424072265625" lon="-80.28319870121777057647705078125">
        <ele>511</ele>
        <time>2024-10-23T18:53:15.000Z</time>
        <extensions>
          <ns3:TrackPointExtension>
            <ns3:hr>86</ns3:hr>
          </ns3:TrackPointExtension>
        </extensions>
      </trkpt>
      <trkpt lat="44.442910887300968170166015625" lon="-80.2832212485373020172119140625">
        <ele>511</ele>
        <time>2024-10-23T18:53:20.000Z</time>
        <extensions>
          <ns3:TrackPointExtension>
            <ns3:hr>85</ns3:hr>
          </ns3:TrackPointExtension>
        </extensions>
      </trkpt>
      <trkpt lat="44.44293460808694362640380859375" lon="-80.28324815444648265838623046875">
        <ele>511</ele>
        <time>2024-10-23T18:53:27.000Z</time>
        <extensions>
          <ns3:TrackPointExtension>
            <ns3:hr>81</ns3:hr>
          </ns3:TrackPointExtension>
        </extensions>
      </trkpt>
      <trkpt lat="44.442939050495624542236328125" lon="-80.28325234539806842803955078125">
        <ele>511</ele>
        <time>2024-10-23T18:53:28.000Z</time>
        <extensions>
          <ns3:TrackPointExtension>
            <ns3:hr>84</ns3:hr>
          </ns3:TrackPointExtension>
        </extensions>
      </trkpt>
      <trkpt lat="44.44295489229261875152587890625" lon="-80.283258296549320220947265625">
        <ele>511</ele>
        <time>2024-10-23T18:53:32.000Z</time>
        <extensions>
          <ns3:TrackPointExtension>
            <ns3:hr>86</ns3:hr>
          </ns3:TrackPointExtension>
        </extensions>
      </trkpt>
      <trkpt lat="44.44296947680413722991943359375" lon="-80.28322837315499782562255859375">
        <ele>511</ele>
        <time>2024-10-23T18:53:37.000Z</time>
        <extensions>
          <ns3:TrackPointExtension>
            <ns3:hr>83</ns3:hr>
          </ns3:TrackPointExtension>
        </extensions>
      </trkpt>
      <trkpt lat="44.44296947680413722991943359375" lon="-80.283216051757335662841796875">
        <ele>511</ele>
        <time>2024-10-23T18:53:38.000Z</time>
        <extensions>
          <ns3:TrackPointExtension>
            <ns3:hr>90</ns3:hr>
          </ns3:TrackPointExtension>
        </extensions>
      </trkpt>
      <trkpt lat="44.44297735579311847686767578125" lon="-80.2832137048244476318359375">
        <ele>511</ele>
        <time>2024-10-23T18:53:39.000Z</time>
        <extensions>
          <ns3:TrackPointExtension>
            <ns3:hr>94</ns3:hr>
          </ns3:TrackPointExtension>
        </extensions>
      </trkpt>
      <trkpt lat="44.44298255257308483123779296875" lon="-80.28320758603513240814208984375">
        <ele>511</ele>
        <time>2024-10-23T18:53:40.000Z</time>
        <extensions>
          <ns3:TrackPointExtension>
            <ns3:hr>97</ns3:hr>
          </ns3:TrackPointExtension>
        </extensions>
      </trkpt>
      <trkpt lat="44.44299747236073017120361328125" lon="-80.2832021377980709075927734375">
        <ele>511</ele>
        <time>2024-10-23T18:53:42.000Z</time>
        <extensions>
          <ns3:TrackPointExtension>
            <ns3:hr>100</ns3:hr>
          </ns3:TrackPointExtension>
        </extensions>
      </trkpt>
      <trkpt lat="44.4430035911500453948974609375" lon="-80.283190570771694183349609375">
        <ele>511</ele>
        <time>2024-10-23T18:53:43.000Z</time>
        <extensions>
          <ns3:TrackPointExtension>
            <ns3:hr>102</ns3:hr>
          </ns3:TrackPointExtension>
        </extensions>
      </trkpt>
      <trkpt lat="44.44301608018577098846435546875" lon="-80.28317841701209545135498046875">
        <ele>511</ele>
        <time>2024-10-23T18:53:45.000Z</time>
        <extensions>
          <ns3:TrackPointExtension>
            <ns3:hr>108</ns3:hr>
          </ns3:TrackPointExtension>
        </extensions>
      </trkpt>
      <trkpt lat="44.443023540079593658447265625" lon="-80.283170454204082489013671875">
        <ele>511</ele>
        <time>2024-10-23T18:53:46.000Z</time>
        <extensions>
          <ns3:TrackPointExtension>
            <ns3:hr>107</ns3:hr>
          </ns3:TrackPointExtension>
        </extensions>
      </trkpt>
      <trkpt lat="44.44308967329561710357666015625" lon="-80.28311605565249919891357421875">
        <ele>511</ele>
        <time>2024-10-23T18:53:53.000Z</time>
        <extensions>
          <ns3:TrackPointExtension>
            <ns3:hr>110</ns3:hr>
          </ns3:TrackPointExtension>
        </extensions>
      </trkpt>
      <trkpt lat="44.44312823005020618438720703125" lon="-80.28310566209256649017333984375">
        <ele>511</ele>
        <time>2024-10-23T18:53:58.000Z</time>
        <extensions>
          <ns3:TrackPointExtension>
            <ns3:hr>108</ns3:hr>
          </ns3:TrackPointExtension>
        </extensions>
      </trkpt>
      <trkpt lat="44.44324591197073459625244140625" lon="-80.2830613218247890472412109375">
        <ele>511.79998779296875</ele>
        <time>2024-10-23T18:54:14.000Z</time>
        <extensions>
          <ns3:TrackPointExtension>
            <ns3:hr>108</ns3:hr>
          </ns3:TrackPointExtension>
        </extensions>
      </trkpt>
      <trkpt lat="44.44326535798609256744384765625" lon="-80.2830147184431552886962890625">
        <ele>511.79998779296875</ele>
        <time>2024-10-23T18:54:17.000Z</time>
        <extensions>
          <ns3:TrackPointExtension>
            <ns3:hr>107</ns3:hr>
          </ns3:TrackPointExtension>
        </extensions>
      </trkpt>
      <trkpt lat="44.44329737685620784759521484375" lon="-80.28289896436035633087158203125">
        <ele>511.79998779296875</ele>
        <time>2024-10-23T18:54:25.000Z</time>
        <extensions>
          <ns3:TrackPointExtension>
            <ns3:hr>105</ns3:hr>
          </ns3:TrackPointExtension>
        </extensions>
      </trkpt>
      <trkpt lat="44.44331648759543895721435546875" lon="-80.2828381955623626708984375">
        <ele>511.79998779296875</ele>
        <time>2024-10-23T18:54:31.000Z</time>
        <extensions>
          <ns3:TrackPointExtension>
            <ns3:hr>102</ns3:hr>
          </ns3:TrackPointExtension>
        </extensions>
      </trkpt>
      <trkpt lat="44.44334171712398529052734375" lon="-80.28280542232096195220947265625">
        <ele>511.79998779296875</ele>
        <time>2024-10-23T18:54:37.000Z</time>
        <extensions>
          <ns3:TrackPointExtension>
            <ns3:hr>99</ns3:hr>
          </ns3:TrackPointExtension>
        </extensions>
      </trkpt>
      <trkpt lat="44.44334532134234905242919921875" lon="-80.28280139900743961334228515625">
        <ele>511.79998779296875</ele>
        <time>2024-10-23T18:54:38.000Z</time>
        <extensions>
          <ns3:TrackPointExtension>
            <ns3:hr>97</ns3:hr>
          </ns3:TrackPointExtension>
        </extensions>
      </trkpt>
      <trkpt lat="44.4433522783219814300537109375" lon="-80.282795615494251251220703125">
        <ele>511.79998779296875</ele>
        <time>2024-10-23T18:54:40.000Z</time>
        <extensions>
          <ns3:TrackPointExtension>
            <ns3:hr>94</ns3:hr>
          </ns3:TrackPointExtension>
        </extensions>
      </trkpt>
      <trkpt lat="44.443366862833499908447265625" lon="-80.2827790193259716033935546875">
        <ele>511.79998779296875</ele>
        <time>2024-10-23T18:54:52.000Z</time>
        <extensions>
          <ns3:TrackPointExtension>
            <ns3:hr>92</ns3:hr>
          </ns3:TrackPointExtension>
        </extensions>
      </trkpt>
      <trkpt lat="44.44335378706455230712890625" lon="-80.2827253751456737518310546875">
        <ele>511.79998779296875</ele>
        <time>2024-10-23T18:55:09.000Z</time>
        <extensions>
          <ns3:TrackPointExtension>
            <ns3:hr>94</ns3:hr>
          </ns3:TrackPointExtension>
        </extensions>
      </trkpt>
      <trkpt lat="44.44341422058641910552978515625" lon="-80.2827119641005992889404296875">
        <ele>511.600006103515625</ele>
        <time>2024-10-23T18:55:19.000Z</time>
        <extensions>
          <ns3:TrackPointExtension>
            <ns3:hr>97</ns3:hr>
          </ns3:TrackPointExtension>
        </extensions>
      </trkpt>
      <trkpt lat="44.4434200040996074676513671875" lon="-80.28270601294934749603271484375">
        <ele>511.600006103515625</ele>
        <time>2024-10-23T18:55:20.000Z</time>
        <extensions>
          <ns3:TrackPointExtension>
            <ns3:hr>98</ns3:hr>
          </ns3:TrackPointExtension>
        </extensions>
      </trkpt>
      <trkpt lat="44.44342042319476604461669921875" lon="-80.282686315476894378662109375">
        <ele>511.79998779296875</ele>
        <time>2024-10-23T18:55:32.000Z</time>
        <extensions>
          <ns3:TrackPointExtension>
            <ns3:hr>98</ns3:hr>
          </ns3:TrackPointExtension>
        </extensions>
      </trkpt>
      <trkpt lat="44.4434129633009433746337890625" lon="-80.28273669071495532989501953125">
        <ele>511.79998779296875</ele>
        <time>2024-10-23T18:55:45.000Z</time>
        <extensions>
          <ns3:TrackPointExtension>
            <ns3:hr>95</ns3:hr>
          </ns3:TrackPointExtension>
        </extensions>
      </trkpt>
      <trkpt lat="44.44341539405286312103271484375" lon="-80.2827391214668750762939453125">
        <ele>511.79998779296875</ele>
        <time>2024-10-23T18:55:48.000Z</time>
        <extensions>
          <ns3:TrackPointExtension>
            <ns3:hr>95</ns3:hr>
          </ns3:TrackPointExtension>
        </extensions>
      </trkpt>
      <trkpt lat="44.4434079341590404510498046875" lon="-80.2827568911015987396240234375">
        <ele>511.600006103515625</ele>
        <time>2024-10-23T18:55:59.000Z</time>
        <extensions>
          <ns3:TrackPointExtension>
            <ns3:hr>92</ns3:hr>
          </ns3:TrackPointExtension>
        </extensions>
      </trkpt>
      <trkpt lat="44.44340634159743785858154296875" lon="-80.2827562205493450164794921875">
        <ele>511.600006103515625</ele>
        <time>2024-10-23T18:56:00.000Z</time>
        <extensions>
          <ns3:TrackPointExtension>
            <ns3:hr>91</ns3:hr>
          </ns3:TrackPointExtension>
        </extensions>
      </trkpt>
      <trkpt lat="44.44340030662715435028076171875" lon="-80.28275496326386928558349609375">
        <ele>511.600006103515625</ele>
        <time>2024-10-23T18:56:02.000Z</time>
        <extensions>
          <ns3:TrackPointExtension>
            <ns3:hr>94</ns3:hr>
          </ns3:TrackPointExtension>
        </extensions>
      </trkpt>
      <trkpt lat="44.44340852089226245880126953125" lon="-80.2827686257660388946533203125">
        <ele>511.79998779296875</ele>
        <time>2024-10-23T18:56:08.000Z</time>
        <extensions>
          <ns3:TrackPointExtension>
            <ns3:hr>91</ns3:hr>
          </ns3:TrackPointExtension>
        </extensions>
      </trkpt>
      <trkpt lat="44.4434201717376708984375" lon="-80.28276770375669002532958984375">
        <ele>512</ele>
        <time>2024-10-23T18:56:11.000Z</time>
        <extensions>
          <ns3:TrackPointExtension>
            <ns3:hr>87</ns3:hr>
          </ns3:TrackPointExtension>
        </extensions>
      </trkpt>
      <trkpt lat="44.443427212536334991455078125" lon="-80.28276636265218257904052734375">
        <ele>512.20001220703125</ele>
        <time>2024-10-23T18:56:14.000Z</time>
        <extensions>
          <ns3:TrackPointExtension>
            <ns3:hr>85</ns3:hr>
          </ns3:TrackPointExtension>
        </extensions>
      </trkpt>
      <trkpt lat="44.44345545955002307891845703125" lon="-80.2827729843556880950927734375">
        <ele>512.4000244140625</ele>
        <time>2024-10-23T18:56:31.000Z</time>
        <extensions>
          <ns3:TrackPointExtension>
            <ns3:hr>85</ns3:hr>
          </ns3:TrackPointExtension>
        </extensions>
      </trkpt>
      <trkpt lat="44.44347574375569820404052734375" lon="-80.28279301710426807403564453125">
        <ele>512.4000244140625</ele>
        <time>2024-10-23T18:56:49.000Z</time>
        <extensions>
          <ns3:TrackPointExtension>
            <ns3:hr>87</ns3:hr>
          </ns3:TrackPointExtension>
        </extensions>
      </trkpt>
      <trkpt lat="44.4434639252722263336181640625" lon="-80.282774828374385833740234375">
        <ele>512.20001220703125</ele>
        <time>2024-10-23T18:57:00.000Z</time>
        <extensions>
          <ns3:TrackPointExtension>
            <ns3:hr>84</ns3:hr>
          </ns3:TrackPointExtension>
        </extensions>
      </trkpt>
      <trkpt lat="44.4434501789510250091552734375" lon="-80.2827770076692104339599609375">
        <ele>512</ele>
        <time>2024-10-23T18:57:03.000Z</time>
        <extensions>
          <ns3:TrackPointExtension>
            <ns3:hr>86</ns3:hr>
          </ns3:TrackPointExtension>
        </extensions>
      </trkpt>
      <trkpt lat="44.44343500770628452301025390625" lon="-80.2827736549079418182373046875">
        <ele>512</ele>
        <time>2024-10-23T18:57:08.000Z</time>
        <extensions>
          <ns3:TrackPointExtension>
            <ns3:hr>89</ns3:hr>
          </ns3:TrackPointExtension>
        </extensions>
      </trkpt>
      <trkpt lat="44.44343349896371364593505859375" lon="-80.28274976648390293121337890625">
        <ele>512</ele>
        <time>2024-10-23T18:57:13.000Z</time>
        <extensions>
          <ns3:TrackPointExtension>
            <ns3:hr>92</ns3:hr>
          </ns3:TrackPointExtension>
        </extensions>
      </trkpt>
      <trkpt lat="44.44342528469860553741455078125" lon="-80.2827136404812335968017578125">
        <ele>512</ele>
        <time>2024-10-23T18:57:17.000Z</time>
        <extensions>
          <ns3:TrackPointExtension>
            <ns3:hr>91</ns3:hr>
          </ns3:TrackPointExtension>
        </extensions>
      </trkpt>
      <trkpt lat="44.4434397853910923004150390625" lon="-80.282721854746341705322265625">
        <ele>512</ele>
        <time>2024-10-23T18:57:31.000Z</time>
        <extensions>
          <ns3:TrackPointExtension>
            <ns3:hr>90</ns3:hr>
          </ns3:TrackPointExtension>
        </extensions>
      </trkpt>
      <trkpt lat="44.4434563815593719482421875" lon="-80.282737277448177337646484375">
        <ele>512.20001220703125</ele>
        <time>2024-10-23T18:57:36.000Z</time>
        <extensions>
          <ns3:TrackPointExtension>
            <ns3:hr>93</ns3:hr>
          </ns3:TrackPointExtension>
        </extensions>
      </trkpt>
      <trkpt lat="44.44346954114735126495361328125" lon="-80.282741971313953399658203125">
        <ele>512</ele>
        <time>2024-10-23T18:57:42.000Z</time>
        <extensions>
          <ns3:TrackPointExtension>
            <ns3:hr>90</ns3:hr>
          </ns3:TrackPointExtension>
        </extensions>
      </trkpt>
      <trkpt lat="44.44347205571830272674560546875" lon="-80.28274591080844402313232421875">
        <ele>511.79998779296875</ele>
        <time>2024-10-23T18:57:46.000Z</time>
        <extensions>
          <ns3:TrackPointExtension>
            <ns3:hr>93</ns3:hr>
          </ns3:TrackPointExtension>
        </extensions>
      </trkpt>
      <trkpt lat="44.4434778392314910888671875" lon="-80.2827434800565242767333984375">
        <ele>511.79998779296875</ele>
        <time>2024-10-23T18:57:48.000Z</time>
        <extensions>
          <ns3:TrackPointExtension>
            <ns3:hr>90</ns3:hr>
          </ns3:TrackPointExtension>
        </extensions>
      </trkpt>
      <trkpt lat="44.4434847123920917510986328125" lon="-80.28273970820009708404541015625">
        <ele>511.79998779296875</ele>
        <time>2024-10-23T18:57:50.000Z</time>
        <extensions>
          <ns3:TrackPointExtension>
            <ns3:hr>90</ns3:hr>
          </ns3:TrackPointExtension>
        </extensions>
      </trkpt>
      <trkpt lat="44.4435088522732257843017578125" lon="-80.28272780589759349822998046875">
        <ele>511.600006103515625</ele>
        <time>2024-10-23T18:57:53.000Z</time>
        <extensions>
          <ns3:TrackPointExtension>
            <ns3:hr>86</ns3:hr>
          </ns3:TrackPointExtension>
        </extensions>
      </trkpt>
      <trkpt lat="44.44353709928691387176513671875" lon="-80.28272780589759349822998046875">
        <ele>511.600006103515625</ele>
        <time>2024-10-23T18:57:57.000Z</time>
        <extensions>
          <ns3:TrackPointExtension>
            <ns3:hr>89</ns3:hr>
          </ns3:TrackPointExtension>
        </extensions>
      </trkpt>
      <trkpt lat="44.44355185143649578094482421875" lon="-80.28272361494600772857666015625">
        <ele>511</ele>
        <time>2024-10-23T18:58:02.000Z</time>
        <extensions>
          <ns3:TrackPointExtension>
            <ns3:hr>87</ns3:hr>
          </ns3:TrackPointExtension>
        </extensions>
      </trkpt>
      <trkpt lat="44.4435584731400012969970703125" lon="-80.282727219164371490478515625">
        <ele>510.79998779296875</ele>
        <time>2024-10-23T18:58:04.000Z</time>
        <extensions>
          <ns3:TrackPointExtension>
            <ns3:hr>87</ns3:hr>
          </ns3:TrackPointExtension>
        </extensions>
      </trkpt>
      <trkpt lat="44.44357146508991718292236328125" lon="-80.2827206812798976898193359375">
        <ele>509.600006103515625</ele>
        <time>2024-10-23T18:58:09.000Z</time>
        <extensions>
          <ns3:TrackPointExtension>
            <ns3:hr>89</ns3:hr>
          </ns3:TrackPointExtension>
        </extensions>
      </trkpt>
      <trkpt lat="44.44358034990727901458740234375" lon="-80.28274322859942913055419921875">
        <ele>508.79998779296875</ele>
        <time>2024-10-23T18:58:16.000Z</time>
        <extensions>
          <ns3:TrackPointExtension>
            <ns3:hr>88</ns3:hr>
          </ns3:TrackPointExtension>
        </extensions>
      </trkpt>
      <trkpt lat="44.4435779191553592681884765625" lon="-80.2827475033700466156005859375">
        <ele>508.600006103515625</ele>
        <time>2024-10-23T18:58:17.000Z</time>
        <extensions>
          <ns3:TrackPointExtension>
            <ns3:hr>87</ns3:hr>
          </ns3:TrackPointExtension>
        </extensions>
      </trkpt>
      <trkpt lat="44.44357833825051784515380859375" lon="-80.28273602016270160675048828125">
        <ele>507.600006103515625</ele>
        <time>2024-10-23T18:58:24.000Z</time>
        <extensions>
          <ns3:TrackPointExtension>
            <ns3:hr>87</ns3:hr>
          </ns3:TrackPointExtension>
        </extensions>
      </trkpt>
      <trkpt lat="44.4435896538197994232177734375" lon="-80.28273199684917926788330078125">
        <ele>507.399993896484375</ele>
        <time>2024-10-23T18:58:27.000Z</time>
        <extensions>
          <ns3:TrackPointExtension>
            <ns3:hr>87</ns3:hr>
          </ns3:TrackPointExtension>
        </extensions>
      </trkpt>
      <trkpt lat="44.4436231814324855804443359375" lon="-80.282754041254520416259765625">
        <ele>507.20001220703125</ele>
        <time>2024-10-23T18:58:41.000Z</time>
        <extensions>
          <ns3:TrackPointExtension>
            <ns3:hr>87</ns3:hr>
          </ns3:TrackPointExtension>
        </extensions>
      </trkpt>
      <trkpt lat="44.4437085092067718505859375" lon="-80.28280223719775676727294921875">
        <ele>507.399993896484375</ele>
        <time>2024-10-23T18:58:56.000Z</time>
        <extensions>
          <ns3:TrackPointExtension>
            <ns3:hr>88</ns3:hr>
          </ns3:TrackPointExtension>
        </extensions>
      </trkpt>
      <trkpt lat="44.44374798797070980072021484375" lon="-80.282815061509609222412109375">
        <ele>507</ele>
        <time>2024-10-23T18:59:00.000Z</time>
        <extensions>
          <ns3:TrackPointExtension>
            <ns3:hr>91</ns3:hr>
          </ns3:TrackPointExtension>
        </extensions>
      </trkpt>
      <trkpt lat="44.443781264126300811767578125" lon="-80.2828283049166202545166015625">
        <ele>506.399993896484375</ele>
        <time>2024-10-23T18:59:04.000Z</time>
        <extensions>
          <ns3:TrackPointExtension>
            <ns3:hr>89</ns3:hr>
          </ns3:TrackPointExtension>
        </extensions>
      </trkpt>
      <trkpt lat="44.44379727356135845184326171875" lon="-80.28282201848924160003662109375">
        <ele>506.20001220703125</ele>
        <time>2024-10-23T18:59:07.000Z</time>
        <extensions>
          <ns3:TrackPointExtension>
            <ns3:hr>92</ns3:hr>
          </ns3:TrackPointExtension>
        </extensions>
      </trkpt>
      <trkpt lat="44.4438038952648639678955078125" lon="-80.28282386250793933868408203125">
        <ele>506</ele>
        <time>2024-10-23T18:59:08.000Z</time>
        <extensions>
          <ns3:TrackPointExtension>
            <ns3:hr>93</ns3:hr>
          </ns3:TrackPointExtension>
        </extensions>
      </trkpt>
      <trkpt lat="44.44382661022245883941650390625" lon="-80.2828180789947509765625">
        <ele>505.79998779296875</ele>
        <time>2024-10-23T18:59:11.000Z</time>
        <extensions>
          <ns3:TrackPointExtension>
            <ns3:hr>96</ns3:hr>
          </ns3:TrackPointExtension>
        </extensions>
      </trkpt>
      <trkpt lat="44.443870447576045989990234375" lon="-80.2828180789947509765625">
        <ele>505.20001220703125</ele>
        <time>2024-10-23T18:59:21.000Z</time>
        <extensions>
          <ns3:TrackPointExtension>
            <ns3:hr>98</ns3:hr>
          </ns3:TrackPointExtension>
        </extensions>
      </trkpt>
      <trkpt lat="44.44390405900776386260986328125" lon="-80.28285973705351352691650390625">
        <ele>504.79998779296875</ele>
        <time>2024-10-23T18:59:25.000Z</time>
        <extensions>
          <ns3:TrackPointExtension>
            <ns3:hr>101</ns3:hr>
          </ns3:TrackPointExtension>
        </extensions>
      </trkpt>
      <trkpt lat="44.44398201070725917816162109375" lon="-80.28294623829424381256103515625">
        <ele>504.399993896484375</ele>
        <time>2024-10-23T18:59:33.000Z</time>
        <extensions>
          <ns3:TrackPointExtension>
            <ns3:hr>103</ns3:hr>
          </ns3:TrackPointExtension>
        </extensions>
      </trkpt>
      <trkpt lat="44.44401436485350131988525390625" lon="-80.2830016426742076873779296875">
        <ele>504.20001220703125</ele>
        <time>2024-10-23T18:59:36.000Z</time>
        <extensions>
          <ns3:TrackPointExtension>
            <ns3:hr>102</ns3:hr>
          </ns3:TrackPointExtension>
        </extensions>
      </trkpt>
      <trkpt lat="44.444012604653835296630859375" lon="-80.283040367066860198974609375">
        <ele>504.20001220703125</ele>
        <time>2024-10-23T18:59:43.000Z</time>
        <extensions>
          <ns3:TrackPointExtension>
            <ns3:hr>102</ns3:hr>
          </ns3:TrackPointExtension>
        </extensions>
      </trkpt>
      <trkpt lat="44.44396709091961383819580078125" lon="-80.28305050916969776153564453125">
        <ele>504.20001220703125</ele>
        <time>2024-10-23T18:59:46.000Z</time>
        <extensions>
          <ns3:TrackPointExtension>
            <ns3:hr>102</ns3:hr>
          </ns3:TrackPointExtension>
        </extensions>
      </trkpt>
      <trkpt lat="44.44394923746585845947265625" lon="-80.28306257911026477813720703125">
        <ele>504.20001220703125</ele>
        <time>2024-10-23T18:59:48.000Z</time>
        <extensions>
          <ns3:TrackPointExtension>
            <ns3:hr>106</ns3:hr>
          </ns3:TrackPointExtension>
        </extensions>
      </trkpt>
      <trkpt lat="44.443950243294239044189453125" lon="-80.28306023217737674713134765625">
        <ele>504.20001220703125</ele>
        <time>2024-10-23T18:59:50.000Z</time>
        <extensions>
          <ns3:TrackPointExtension>
            <ns3:hr>105</ns3:hr>
          </ns3:TrackPointExtension>
        </extensions>
      </trkpt>
      <trkpt lat="44.44401050917804241180419921875" lon="-80.2830286324024200439453125">
        <ele>504.399993896484375</ele>
        <time>2024-10-23T18:59:57.000Z</time>
        <extensions>
          <ns3:TrackPointExtension>
            <ns3:hr>105</ns3:hr>
          </ns3:TrackPointExtension>
        </extensions>
      </trkpt>
      <trkpt lat="44.4440221600234508514404296875" lon="-80.283028297126293182373046875">
        <ele>504.399993896484375</ele>
        <time>2024-10-23T18:59:58.000Z</time>
        <extensions>
          <ns3:TrackPointExtension>
            <ns3:hr>101</ns3:hr>
          </ns3:TrackPointExtension>
        </extensions>
      </trkpt>
      <trkpt lat="44.44403347559273242950439453125" lon="-80.28302418999373912811279296875">
        <ele>504.399993896484375</ele>
        <time>2024-10-23T18:59:59.000Z</time>
        <extensions>
          <ns3:TrackPointExtension>
            <ns3:hr>104</ns3:hr>
          </ns3:TrackPointExtension>
        </extensions>
      </trkpt>
      <trkpt lat="44.4441442005336284637451171875" lon="-80.28301991522312164306640625">
        <ele>504.20001220703125</ele>
        <time>2024-10-23T19:00:11.000Z</time>
        <extensions>
          <ns3:TrackPointExtension>
            <ns3:hr>104</ns3:hr>
          </ns3:TrackPointExtension>
        </extensions>
      </trkpt>
      <trkpt lat="44.4441864453256130218505859375" lon="-80.2830393612384796142578125">
        <ele>504</ele>
        <time>2024-10-23T19:00:15.000Z</time>
        <extensions>
          <ns3:TrackPointExtension>
            <ns3:hr>103</ns3:hr>
          </ns3:TrackPointExtension>
        </extensions>
      </trkpt>
      <trkpt lat="44.4442028738558292388916015625" lon="-80.28304598294198513031005859375">
        <ele>503.600006103515625</ele>
        <time>2024-10-23T19:00:19.000Z</time>
        <extensions>
          <ns3:TrackPointExtension>
            <ns3:hr>108</ns3:hr>
          </ns3:TrackPointExtension>
        </extensions>
      </trkpt>
      <trkpt lat="44.4442481361329555511474609375" lon="-80.2830462343990802764892578125">
        <ele>503.399993896484375</ele>
        <time>2024-10-23T19:00:24.000Z</time>
        <extensions>
          <ns3:TrackPointExtension>
            <ns3:hr>108</ns3:hr>
          </ns3:TrackPointExtension>
        </extensions>
      </trkpt>
      <trkpt lat="44.4443158619105815887451171875" lon="-80.28305671177804470062255859375">
        <ele>503.20001220703125</ele>
        <time>2024-10-23T19:00:32.000Z</time>
        <extensions>
          <ns3:TrackPointExtension>
            <ns3:hr>105</ns3:hr>
          </ns3:TrackPointExtension>
        </extensions>
      </trkpt>
      <trkpt lat="44.44432600401341915130615234375" lon="-80.28305218555033206939697265625">
        <ele>503</ele>
        <time>2024-10-23T19:00:33.000Z</time>
        <extensions>
          <ns3:TrackPointExtension>
            <ns3:hr>106</ns3:hr>
          </ns3:TrackPointExtension>
        </extensions>
      </trkpt>
      <trkpt lat="44.444356262683868408203125" lon="-80.28303802013397216796875">
        <ele>502.79998779296875</ele>
        <time>2024-10-23T19:00:36.000Z</time>
        <extensions>
          <ns3:TrackPointExtension>
            <ns3:hr>107</ns3:hr>
          </ns3:TrackPointExtension>
        </extensions>
      </trkpt>
      <trkpt lat="44.444489367306232452392578125" lon="-80.283015556633472442626953125">
        <ele>502</ele>
        <time>2024-10-23T19:00:46.000Z</time>
        <extensions>
          <ns3:TrackPointExtension>
            <ns3:hr>108</ns3:hr>
          </ns3:TrackPointExtension>
        </extensions>
      </trkpt>
      <trkpt lat="44.44453119300305843353271484375" lon="-80.28299066238105297088623046875">
        <ele>501.79998779296875</ele>
        <time>2024-10-23T19:00:50.000Z</time>
        <extensions>
          <ns3:TrackPointExtension>
            <ns3:hr>106</ns3:hr>
          </ns3:TrackPointExtension>
        </extensions>
      </trkpt>
      <trkpt lat="44.4445998407900333404541015625" lon="-80.28296895325183868408203125">
        <ele>501.79998779296875</ele>
        <time>2024-10-23T19:00:56.000Z</time>
        <extensions>
          <ns3:TrackPointExtension>
            <ns3:hr>103</ns3:hr>
          </ns3:TrackPointExtension>
        </extensions>
      </trkpt>
      <trkpt lat="44.4446793012320995330810546875" lon="-80.2829443104565143585205078125">
        <ele>501.600006103515625</ele>
        <time>2024-10-23T19:01:01.000Z</time>
        <extensions>
          <ns3:TrackPointExtension>
            <ns3:hr>106</ns3:hr>
          </ns3:TrackPointExtension>
        </extensions>
      </trkpt>
      <trkpt lat="44.4447118230164051055908203125" lon="-80.2829624153673648834228515625">
        <ele>501.399993896484375</ele>
        <time>2024-10-23T19:01:04.000Z</time>
        <extensions>
          <ns3:TrackPointExtension>
            <ns3:hr>107</ns3:hr>
          </ns3:TrackPointExtension>
        </extensions>
      </trkpt>
      <trkpt lat="44.44475767202675342559814453125" lon="-80.2830291353166103363037109375">
        <ele>501.20001220703125</ele>
        <time>2024-10-23T19:01:08.000Z</time>
        <extensions>
          <ns3:TrackPointExtension>
            <ns3:hr>104</ns3:hr>
          </ns3:TrackPointExtension>
        </extensions>
      </trkpt>
      <trkpt lat="44.44479974918067455291748046875" lon="-80.2830827794969081878662109375">
        <ele>501.20001220703125</ele>
        <time>2024-10-23T19:01:14.000Z</time>
        <extensions>
          <ns3:TrackPointExtension>
            <ns3:hr>101</ns3:hr>
          </ns3:TrackPointExtension>
        </extensions>
      </trkpt>
      <trkpt lat="44.44481885991990566253662109375" lon="-80.2831300534307956695556640625">
        <ele>501.399993896484375</ele>
        <time>2024-10-23T19:01:19.000Z</time>
        <extensions>
          <ns3:TrackPointExtension>
            <ns3:hr>107</ns3:hr>
          </ns3:TrackPointExtension>
        </extensions>
      </trkpt>
      <trkpt lat="44.44482229650020599365234375" lon="-80.28315268456935882568359375">
        <ele>501.600006103515625</ele>
        <time>2024-10-23T19:01:21.000Z</time>
        <extensions>
          <ns3:TrackPointExtension>
            <ns3:hr>110</ns3:hr>
          </ns3:TrackPointExtension>
        </extensions>
      </trkpt>
      <trkpt lat="44.44482003338634967803955078125" lon="-80.283183194696903228759765625">
        <ele>502.399993896484375</ele>
        <time>2024-10-23T19:01:25.000Z</time>
        <extensions>
          <ns3:TrackPointExtension>
            <ns3:hr>112</ns3:hr>
          </ns3:TrackPointExtension>
        </extensions>
      </trkpt>
      <trkpt lat="44.444829337298870086669921875" lon="-80.2832432091236114501953125">
        <ele>503</ele>
        <time>2024-10-23T19:01:31.000Z</time>
        <extensions>
          <ns3:TrackPointExtension>
            <ns3:hr>113</ns3:hr>
          </ns3:TrackPointExtension>
        </extensions>
      </trkpt>
      <trkpt lat="44.44483562372624874114990234375" lon="-80.28325167484581470489501953125">
        <ele>503.399993896484375</ele>
        <time>2024-10-23T19:01:38.000Z</time>
        <extensions>
          <ns3:TrackPointExtension>
            <ns3:hr>115</ns3:hr>
          </ns3:TrackPointExtension>
        </extensions>
      </trkpt>
      <trkpt lat="44.44483931176364421844482421875" lon="-80.2832547761499881744384765625">
        <ele>503.600006103515625</ele>
        <time>2024-10-23T19:01:39.000Z</time>
        <extensions>
          <ns3:TrackPointExtension>
            <ns3:hr>112</ns3:hr>
          </ns3:TrackPointExtension>
        </extensions>
      </trkpt>
      <trkpt lat="44.444846771657466888427734375" lon="-80.2832651697099208831787109375">
        <ele>503.79998779296875</ele>
        <time>2024-10-23T19:01:41.000Z</time>
        <extensions>
          <ns3:TrackPointExtension>
            <ns3:hr>109</ns3:hr>
          </ns3:TrackPointExtension>
        </extensions>
      </trkpt>
      <trkpt lat="44.44486194290220737457275390625" lon="-80.2832758985459804534912109375">
        <ele>504</ele>
        <time>2024-10-23T19:01:46.000Z</time>
        <extensions>
          <ns3:TrackPointExtension>
            <ns3:hr>108</ns3:hr>
          </ns3:TrackPointExtension>
        </extensions>
      </trkpt>
      <trkpt lat="44.44485356099903583526611328125" lon="-80.283295847475528717041015625">
        <ele>504.20001220703125</ele>
        <time>2024-10-23T19:01:49.000Z</time>
        <extensions>
          <ns3:TrackPointExtension>
            <ns3:hr>105</ns3:hr>
          </ns3:TrackPointExtension>
        </extensions>
      </trkpt>
      <trkpt lat="44.4448580034077167510986328125" lon="-80.2832933329045772552490234375">
        <ele>504.399993896484375</ele>
        <time>2024-10-23T19:01:52.000Z</time>
        <extensions>
          <ns3:TrackPointExtension>
            <ns3:hr>108</ns3:hr>
          </ns3:TrackPointExtension>
        </extensions>
      </trkpt>
      <trkpt lat="44.444879628717899322509765625" lon="-80.2832775749266147613525390625">
        <ele>504.399993896484375</ele>
        <time>2024-10-23T19:01:57.000Z</time>
        <extensions>
          <ns3:TrackPointExtension>
            <ns3:hr>108</ns3:hr>
          </ns3:TrackPointExtension>
        </extensions>
      </trkpt>
      <trkpt lat="44.4448945485055446624755859375" lon="-80.28326692990958690643310546875">
        <ele>504.20001220703125</ele>
        <time>2024-10-23T19:02:03.000Z</time>
        <extensions>
          <ns3:TrackPointExtension>
            <ns3:hr>111</ns3:hr>
          </ns3:TrackPointExtension>
        </extensions>
      </trkpt>
      <trkpt lat="44.44491374306380748748779296875" lon="-80.2832655049860477447509765625">
        <ele>504.399993896484375</ele>
        <time>2024-10-23T19:02:13.000Z</time>
        <extensions>
          <ns3:TrackPointExtension>
            <ns3:hr>110</ns3:hr>
          </ns3:TrackPointExtension>
        </extensions>
      </trkpt>
      <trkpt lat="44.44492480717599391937255859375" lon="-80.28323650360107421875">
        <ele>504.399993896484375</ele>
        <time>2024-10-23T19:02:23.000Z</time>
        <extensions>
          <ns3:TrackPointExtension>
            <ns3:hr>107</ns3:hr>
          </ns3:TrackPointExtension>
        </extensions>
      </trkpt>
      <trkpt lat="44.444937296211719512939453125" lon="-80.2832507528364658355712890625">
        <ele>504.399993896484375</ele>
        <time>2024-10-23T19:02:29.000Z</time>
        <extensions>
          <ns3:TrackPointExtension>
            <ns3:hr>105</ns3:hr>
          </ns3:TrackPointExtension>
        </extensions>
      </trkpt>
      <trkpt lat="44.44491156376898288726806640625" lon="-80.28324631042778491973876953125">
        <ele>504.600006103515625</ele>
        <time>2024-10-23T19:02:42.000Z</time>
        <extensions>
          <ns3:TrackPointExtension>
            <ns3:hr>109</ns3:hr>
          </ns3:TrackPointExtension>
        </extensions>
      </trkpt>
      <trkpt lat="44.44491441361606121063232421875" lon="-80.28324362821877002716064453125">
        <ele>504.600006103515625</ele>
        <time>2024-10-23T19:02:43.000Z</time>
        <extensions>
          <ns3:TrackPointExtension>
            <ns3:hr>112</ns3:hr>
          </ns3:TrackPointExtension>
        </extensions>
      </trkpt>
      <trkpt lat="44.44492061622440814971923828125" lon="-80.2832484059035778045654296875">
        <ele>504.600006103515625</ele>
        <time>2024-10-23T19:02:44.000Z</time>
        <extensions>
          <ns3:TrackPointExtension>
            <ns3:hr>115</ns3:hr>
          </ns3:TrackPointExtension>
        </extensions>
      </trkpt>
      <trkpt lat="44.44492732174694538116455078125" lon="-80.2832477353513240814208984375">
        <ele>504.79998779296875</ele>
        <time>2024-10-23T19:02:45.000Z</time>
        <extensions>
          <ns3:TrackPointExtension>
            <ns3:hr>118</ns3:hr>
          </ns3:TrackPointExtension>
        </extensions>
      </trkpt>
      <trkpt lat="44.44493000395596027374267578125" lon="-80.28325050137937068939208984375">
        <ele>505</ele>
        <time>2024-10-23T19:02:46.000Z</time>
        <extensions>
          <ns3:TrackPointExtension>
            <ns3:hr>118</ns3:hr>
          </ns3:TrackPointExtension>
        </extensions>
      </trkpt>
      <trkpt lat="44.4449331052601337432861328125" lon="-80.28325050137937068939208984375">
        <ele>505</ele>
        <time>2024-10-23T19:02:47.000Z</time>
        <extensions>
          <ns3:TrackPointExtension>
            <ns3:hr>122</ns3:hr>
          </ns3:TrackPointExtension>
        </extensions>
      </trkpt>
      <trkpt lat="44.44494701921939849853515625" lon="-80.2832494117319583892822265625">
        <ele>505</ele>
        <time>2024-10-23T19:02:50.000Z</time>
        <extensions>
          <ns3:TrackPointExtension>
            <ns3:hr>123</ns3:hr>
          </ns3:TrackPointExtension>
        </extensions>
      </trkpt>
      <trkpt lat="44.444996304810047149658203125" lon="-80.28328520245850086212158203125">
        <ele>505</ele>
        <time>2024-10-23T19:02:56.000Z</time>
        <extensions>
          <ns3:TrackPointExtension>
            <ns3:hr>126</ns3:hr>
          </ns3:TrackPointExtension>
        </extensions>
      </trkpt>
      <trkpt lat="44.44506646133959293365478515625" lon="-80.28328235261142253875732421875">
        <ele>504.79998779296875</ele>
        <time>2024-10-23T19:03:03.000Z</time>
        <extensions>
          <ns3:TrackPointExtension>
            <ns3:hr>129</ns3:hr>
          </ns3:TrackPointExtension>
        </extensions>
      </trkpt>
      <trkpt lat="44.445112980902194976806640625" lon="-80.28326936066150665283203125">
        <ele>504</ele>
        <time>2024-10-23T19:03:09.000Z</time>
        <extensions>
          <ns3:TrackPointExtension>
            <ns3:hr>130</ns3:hr>
          </ns3:TrackPointExtension>
        </extensions>
      </trkpt>
      <trkpt lat="44.44514810107648372650146484375" lon="-80.28326458297669887542724609375">
        <ele>503.600006103515625</ele>
        <time>2024-10-23T19:03:15.000Z</time>
        <extensions>
          <ns3:TrackPointExtension>
            <ns3:hr>126</ns3:hr>
          </ns3:TrackPointExtension>
        </extensions>
      </trkpt>
      <trkpt lat="44.4451758451759815216064453125" lon="-80.2832360006868839263916015625">
        <ele>503.20001220703125</ele>
        <time>2024-10-23T19:03:21.000Z</time>
        <extensions>
          <ns3:TrackPointExtension>
            <ns3:hr>127</ns3:hr>
          </ns3:TrackPointExtension>
        </extensions>
      </trkpt>
      <trkpt lat="44.445182718336582183837890625" lon="-80.28316450305283069610595703125">
        <ele>502.79998779296875</ele>
        <time>2024-10-23T19:03:26.000Z</time>
        <extensions>
          <ns3:TrackPointExtension>
            <ns3:hr>125</ns3:hr>
          </ns3:TrackPointExtension>
        </extensions>
      </trkpt>
      <trkpt lat="44.4451916031539440155029296875" lon="-80.28309493325650691986083984375">
        <ele>502.399993896484375</ele>
        <time>2024-10-23T19:03:32.000Z</time>
        <extensions>
          <ns3:TrackPointExtension>
            <ns3:hr>122</ns3:hr>
          </ns3:TrackPointExtension>
        </extensions>
      </trkpt>
      <trkpt lat="44.4452281482517719268798828125" lon="-80.28301094658672809600830078125">
        <ele>502</ele>
        <time>2024-10-23T19:03:43.000Z</time>
        <extensions>
          <ns3:TrackPointExtension>
            <ns3:hr>120</ns3:hr>
          </ns3:TrackPointExtension>
        </extensions>
      </trkpt>
      <trkpt lat="44.445233680307865142822265625" lon="-80.28300675563514232635498046875">
        <ele>501.79998779296875</ele>
        <time>2024-10-23T19:03:44.000Z</time>
        <extensions>
          <ns3:TrackPointExtension>
            <ns3:hr>118</ns3:hr>
          </ns3:TrackPointExtension>
        </extensions>
      </trkpt>
      <trkpt lat="44.44532521069049835205078125" lon="-80.28300558216869831085205078125">
        <ele>501</ele>
        <time>2024-10-23T19:03:55.000Z</time>
        <extensions>
          <ns3:TrackPointExtension>
            <ns3:hr>119</ns3:hr>
          </ns3:TrackPointExtension>
        </extensions>
      </trkpt>
      <trkpt lat="44.445362426340579986572265625" lon="-80.28296434320509433746337890625">
        <ele>501</ele>
        <time>2024-10-23T19:03:59.000Z</time>
        <extensions>
          <ns3:TrackPointExtension>
            <ns3:hr>122</ns3:hr>
          </ns3:TrackPointExtension>
        </extensions>
      </trkpt>
      <trkpt lat="44.445406012237071990966796875" lon="-80.28294640593230724334716796875">
        <ele>501</ele>
        <time>2024-10-23T19:04:03.000Z</time>
        <extensions>
          <ns3:TrackPointExtension>
            <ns3:hr>118</ns3:hr>
          </ns3:TrackPointExtension>
        </extensions>
      </trkpt>
      <trkpt lat="44.4454189203679561614990234375" lon="-80.28294883668422698974609375">
        <ele>501</ele>
        <time>2024-10-23T19:04:05.000Z</time>
        <extensions>
          <ns3:TrackPointExtension>
            <ns3:hr>121</ns3:hr>
          </ns3:TrackPointExtension>
        </extensions>
      </trkpt>
      <trkpt lat="44.4454380311071872711181640625" lon="-80.28295763768255710601806640625">
        <ele>501</ele>
        <time>2024-10-23T19:04:07.000Z</time>
        <extensions>
          <ns3:TrackPointExtension>
            <ns3:hr>116</ns3:hr>
          </ns3:TrackPointExtension>
        </extensions>
      </trkpt>
      <trkpt lat="44.4454457424581050872802734375" lon="-80.28296199627220630645751953125">
        <ele>501</ele>
        <time>2024-10-23T19:04:08.000Z</time>
        <extensions>
          <ns3:TrackPointExtension>
            <ns3:hr>120</ns3:hr>
          </ns3:TrackPointExtension>
        </extensions>
      </trkpt>
      <trkpt lat="44.44545420818030834197998046875" lon="-80.28296769596636295318603515625">
        <ele>501</ele>
        <time>2024-10-23T19:04:09.000Z</time>
        <extensions>
          <ns3:TrackPointExtension>
            <ns3:hr>120</ns3:hr>
          </ns3:TrackPointExtension>
        </extensions>
      </trkpt>
      <trkpt lat="44.44547516293823719024658203125" lon="-80.28297155164182186126708984375">
        <ele>500.600006103515625</ele>
        <time>2024-10-23T19:04:11.000Z</time>
        <extensions>
          <ns3:TrackPointExtension>
            <ns3:hr>118</ns3:hr>
          </ns3:TrackPointExtension>
        </extensions>
      </trkpt>
      <trkpt lat="44.44551271386444568634033203125" lon="-80.28298362158238887786865234375">
        <ele>499.399993896484375</ele>
        <time>2024-10-23T19:04:16.000Z</time>
        <extensions>
          <ns3:TrackPointExtension>
            <ns3:hr>119</ns3:hr>
          </ns3:TrackPointExtension>
        </extensions>
      </trkpt>
      <trkpt lat="44.445530734956264495849609375" lon="-80.28298429213464260101318359375">
        <ele>499.20001220703125</ele>
        <time>2024-10-23T19:04:20.000Z</time>
        <extensions>
          <ns3:TrackPointExtension>
            <ns3:hr>115</ns3:hr>
          </ns3:TrackPointExtension>
        </extensions>
      </trkpt>
      <trkpt lat="44.44553953595459461212158203125" lon="-80.2829828672111034393310546875">
        <ele>499</ele>
        <time>2024-10-23T19:04:23.000Z</time>
        <extensions>
          <ns3:TrackPointExtension>
            <ns3:hr>115</ns3:hr>
          </ns3:TrackPointExtension>
        </extensions>
      </trkpt>
      <trkpt lat="44.4456328265368938446044921875" lon="-80.28300382196903228759765625">
        <ele>498.79998779296875</ele>
        <time>2024-10-23T19:04:37.000Z</time>
        <extensions>
          <ns3:TrackPointExtension>
            <ns3:hr>114</ns3:hr>
          </ns3:TrackPointExtension>
        </extensions>
      </trkpt>
      <trkpt lat="44.44571488536894321441650390625" lon="-80.2830663509666919708251953125">
        <ele>498.79998779296875</ele>
        <time>2024-10-23T19:04:51.000Z</time>
        <extensions>
          <ns3:TrackPointExtension>
            <ns3:hr>115</ns3:hr>
          </ns3:TrackPointExtension>
        </extensions>
      </trkpt>
      <trkpt lat="44.4458140432834625244140625" lon="-80.2830995433032512664794921875">
        <ele>498.399993896484375</ele>
        <time>2024-10-23T19:05:03.000Z</time>
        <extensions>
          <ns3:TrackPointExtension>
            <ns3:hr>114</ns3:hr>
          </ns3:TrackPointExtension>
        </extensions>
      </trkpt>
      <trkpt lat="44.44589543156325817108154296875" lon="-80.28314019553363323211669921875">
        <ele>498.79998779296875</ele>
        <time>2024-10-23T19:05:15.000Z</time>
        <extensions>
          <ns3:TrackPointExtension>
            <ns3:hr>110</ns3:hr>
          </ns3:TrackPointExtension>
        </extensions>
      </trkpt>
      <trkpt lat="44.44591353647410869598388671875" lon="-80.28315930627286434173583984375">
        <ele>498.79998779296875</ele>
        <time>2024-10-23T19:05:18.000Z</time>
        <extensions>
          <ns3:TrackPointExtension>
            <ns3:hr>111</ns3:hr>
          </ns3:TrackPointExtension>
        </extensions>
      </trkpt>
      <trkpt lat="44.4459949247539043426513671875" lon="-80.28318512253463268280029296875">
        <ele>498.600006103515625</ele>
        <time>2024-10-23T19:05:26.000Z</time>
        <extensions>
          <ns3:TrackPointExtension>
            <ns3:hr>108</ns3:hr>
          </ns3:TrackPointExtension>
        </extensions>
      </trkpt>
      <trkpt lat="44.446026273071765899658203125" lon="-80.2831900678575038909912109375">
        <ele>498.399993896484375</ele>
        <time>2024-10-23T19:05:29.000Z</time>
        <extensions>
          <ns3:TrackPointExtension>
            <ns3:hr>109</ns3:hr>
          </ns3:TrackPointExtension>
        </extensions>
      </trkpt>
      <trkpt lat="44.44611906073987483978271484375" lon="-80.28316500596702098846435546875">
        <ele>498.20001220703125</ele>
        <time>2024-10-23T19:05:44.000Z</time>
        <extensions>
          <ns3:TrackPointExtension>
            <ns3:hr>111</ns3:hr>
          </ns3:TrackPointExtension>
        </extensions>
      </trkpt>
      <trkpt lat="44.4461622275412082672119140625" lon="-80.28319635428488254547119140625">
        <ele>498</ele>
        <time>2024-10-23T19:05:53.000Z</time>
        <extensions>
          <ns3:TrackPointExtension>
            <ns3:hr>107</ns3:hr>
          </ns3:TrackPointExtension>
        </extensions>
      </trkpt>
      <trkpt lat="44.44616331718862056732177734375" lon="-80.283201634883880615234375">
        <ele>498</ele>
        <time>2024-10-23T19:05:55.000Z</time>
        <extensions>
          <ns3:TrackPointExtension>
            <ns3:hr>104</ns3:hr>
          </ns3:TrackPointExtension>
        </extensions>
      </trkpt>
      <trkpt lat="44.44616281427443027496337890625" lon="-80.28320909477770328521728515625">
        <ele>498</ele>
        <time>2024-10-23T19:05:57.000Z</time>
        <extensions>
          <ns3:TrackPointExtension>
            <ns3:hr>101</ns3:hr>
          </ns3:TrackPointExtension>
        </extensions>
      </trkpt>
      <trkpt lat="44.44615560583770275115966796875" lon="-80.28321110643446445465087890625">
        <ele>497.79998779296875</ele>
        <time>2024-10-23T19:06:01.000Z</time>
        <extensions>
          <ns3:TrackPointExtension>
            <ns3:hr>101</ns3:hr>
          </ns3:TrackPointExtension>
        </extensions>
      </trkpt>
      <trkpt lat="44.44615677930414676666259765625" lon="-80.28322200290858745574951171875">
        <ele>497.79998779296875</ele>
        <time>2024-10-23T19:06:11.000Z</time>
        <extensions>
          <ns3:TrackPointExtension>
            <ns3:hr>105</ns3:hr>
          </ns3:TrackPointExtension>
        </extensions>
      </trkpt>
      <trkpt lat="44.446158707141876220703125" lon="-80.2832257747650146484375">
        <ele>497.600006103515625</ele>
        <time>2024-10-23T19:06:15.000Z</time>
        <extensions>
          <ns3:TrackPointExtension>
            <ns3:hr>100</ns3:hr>
          </ns3:TrackPointExtension>
        </extensions>
      </trkpt>
      <trkpt lat="44.446156024932861328125" lon="-80.283210687339305877685546875">
        <ele>497.600006103515625</ele>
        <time>2024-10-23T19:06:17.000Z</time>
        <extensions>
          <ns3:TrackPointExtension>
            <ns3:hr>100</ns3:hr>
          </ns3:TrackPointExtension>
        </extensions>
      </trkpt>
      <trkpt lat="44.44616071879863739013671875" lon="-80.28319316916167736053466796875">
        <ele>497.399993896484375</ele>
        <time>2024-10-23T19:06:25.000Z</time>
        <extensions>
          <ns3:TrackPointExtension>
            <ns3:hr>97</ns3:hr>
          </ns3:TrackPointExtension>
        </extensions>
      </trkpt>
      <trkpt lat="44.44616432301700115203857421875" lon="-80.2831868827342987060546875">
        <ele>497.399993896484375</ele>
        <time>2024-10-23T19:06:27.000Z</time>
        <extensions>
          <ns3:TrackPointExtension>
            <ns3:hr>95</ns3:hr>
          </ns3:TrackPointExtension>
        </extensions>
      </trkpt>
      <trkpt lat="44.446169435977935791015625" lon="-80.2831897325813770294189453125">
        <ele>497.399993896484375</ele>
        <time>2024-10-23T19:06:29.000Z</time>
        <extensions>
          <ns3:TrackPointExtension>
            <ns3:hr>92</ns3:hr>
          </ns3:TrackPointExtension>
        </extensions>
      </trkpt>
      <trkpt lat="44.44618209265172481536865234375" lon="-80.28319434262812137603759765625">
        <ele>497.399993896484375</ele>
        <time>2024-10-23T19:06:32.000Z</time>
        <extensions>
          <ns3:TrackPointExtension>
            <ns3:hr>92</ns3:hr>
          </ns3:TrackPointExtension>
        </extensions>
      </trkpt>
      <trkpt lat="44.4462024606764316558837890625" lon="-80.28321730904281139373779296875">
        <ele>497.399993896484375</ele>
        <time>2024-10-23T19:06:37.000Z</time>
        <extensions>
          <ns3:TrackPointExtension>
            <ns3:hr>95</ns3:hr>
          </ns3:TrackPointExtension>
        </extensions>
      </trkpt>
      <trkpt lat="44.4462121836841106414794921875" lon="-80.2832266129553318023681640625">
        <ele>497.399993896484375</ele>
        <time>2024-10-23T19:06:39.000Z</time>
        <extensions>
          <ns3:TrackPointExtension>
            <ns3:hr>91</ns3:hr>
          </ns3:TrackPointExtension>
        </extensions>
      </trkpt>
      <trkpt lat="44.4462611339986324310302734375" lon="-80.28326642699539661407470703125">
        <ele>497.600006103515625</ele>
        <time>2024-10-23T19:06:47.000Z</time>
        <extensions>
          <ns3:TrackPointExtension>
            <ns3:hr>91</ns3:hr>
          </ns3:TrackPointExtension>
        </extensions>
      </trkpt>
      <trkpt lat="44.4462641514837741851806640625" lon="-80.28327011503279209136962890625">
        <ele>497.79998779296875</ele>
        <time>2024-10-23T19:06:49.000Z</time>
        <extensions>
          <ns3:TrackPointExtension>
            <ns3:hr>95</ns3:hr>
          </ns3:TrackPointExtension>
        </extensions>
      </trkpt>
      <trkpt lat="44.44626742042601108551025390625" lon="-80.28327313251793384552001953125">
        <ele>497.79998779296875</ele>
        <time>2024-10-23T19:06:50.000Z</time>
        <extensions>
          <ns3:TrackPointExtension>
            <ns3:hr>92</ns3:hr>
          </ns3:TrackPointExtension>
        </extensions>
      </trkpt>
      <trkpt lat="44.4462795741856098175048828125" lon="-80.28327296487987041473388671875">
        <ele>497.79998779296875</ele>
        <time>2024-10-23T19:06:54.000Z</time>
        <extensions>
          <ns3:TrackPointExtension>
            <ns3:hr>88</ns3:hr>
          </ns3:TrackPointExtension>
        </extensions>
      </trkpt>
      <trkpt lat="44.44630312733352184295654296875" lon="-80.283281765878200531005859375">
        <ele>498</ele>
        <time>2024-10-23T19:06:58.000Z</time>
        <extensions>
          <ns3:TrackPointExtension>
            <ns3:hr>92</ns3:hr>
          </ns3:TrackPointExtension>
        </extensions>
      </trkpt>
      <trkpt lat="44.4463241659104824066162109375" lon="-80.28328788466751575469970703125">
        <ele>497.79998779296875</ele>
        <time>2024-10-23T19:07:01.000Z</time>
        <extensions>
          <ns3:TrackPointExtension>
            <ns3:hr>90</ns3:hr>
          </ns3:TrackPointExtension>
        </extensions>
      </trkpt>
      <trkpt lat="44.4463483057916164398193359375" lon="-80.28329660184681415557861328125">
        <ele>497.600006103515625</ele>
        <time>2024-10-23T19:07:04.000Z</time>
        <extensions>
          <ns3:TrackPointExtension>
            <ns3:hr>93</ns3:hr>
          </ns3:TrackPointExtension>
        </extensions>
      </trkpt>
      <trkpt lat="44.44645433686673641204833984375" lon="-80.283358208835124969482421875">
        <ele>497.20001220703125</ele>
        <time>2024-10-23T19:07:15.000Z</time>
        <extensions>
          <ns3:TrackPointExtension>
            <ns3:hr>100</ns3:hr>
          </ns3:TrackPointExtension>
        </extensions>
      </trkpt>
      <trkpt lat="44.44646540097892284393310546875" lon="-80.28335778973996639251708984375">
        <ele>497.20001220703125</ele>
        <time>2024-10-23T19:07:16.000Z</time>
        <extensions>
          <ns3:TrackPointExtension>
            <ns3:hr>104</ns3:hr>
          </ns3:TrackPointExtension>
        </extensions>
      </trkpt>
      <trkpt lat="44.446474872529506683349609375" lon="-80.2833558619022369384765625">
        <ele>497.20001220703125</ele>
        <time>2024-10-23T19:07:17.000Z</time>
        <extensions>
          <ns3:TrackPointExtension>
            <ns3:hr>107</ns3:hr>
          </ns3:TrackPointExtension>
        </extensions>
      </trkpt>
      <trkpt lat="44.4464810751378536224365234375" lon="-80.283349491655826568603515625">
        <ele>497.20001220703125</ele>
        <time>2024-10-23T19:07:18.000Z</time>
        <extensions>
          <ns3:TrackPointExtension>
            <ns3:hr>111</ns3:hr>
          </ns3:TrackPointExtension>
        </extensions>
      </trkpt>
      <trkpt lat="44.44648887030780315399169921875" lon="-80.2833442948758602142333984375">
        <ele>497</ele>
        <time>2024-10-23T19:07:20.000Z</time>
        <extensions>
          <ns3:TrackPointExtension>
            <ns3:hr>117</ns3:hr>
          </ns3:TrackPointExtension>
        </extensions>
      </trkpt>
      <trkpt lat="44.4464934803545475006103515625" lon="-80.2833392657339572906494140625">
        <ele>497</ele>
        <time>2024-10-23T19:07:21.000Z</time>
        <extensions>
          <ns3:TrackPointExtension>
            <ns3:hr>120</ns3:hr>
          </ns3:TrackPointExtension>
        </extensions>
      </trkpt>
      <trkpt lat="44.44649708457291126251220703125" lon="-80.2833392657339572906494140625">
        <ele>497</ele>
        <time>2024-10-23T19:07:22.000Z</time>
        <extensions>
          <ns3:TrackPointExtension>
            <ns3:hr>120</ns3:hr>
          </ns3:TrackPointExtension>
        </extensions>
      </trkpt>
      <trkpt lat="44.44649691693484783172607421875" lon="-80.28333842754364013671875">
        <ele>497</ele>
        <time>2024-10-23T19:07:23.000Z</time>
        <extensions>
          <ns3:TrackPointExtension>
            <ns3:hr>123</ns3:hr>
          </ns3:TrackPointExtension>
        </extensions>
      </trkpt>
      <trkpt lat="44.44650001823902130126953125" lon="-80.2833370864391326904296875">
        <ele>497</ele>
        <time>2024-10-23T19:07:26.000Z</time>
        <extensions>
          <ns3:TrackPointExtension>
            <ns3:hr>121</ns3:hr>
          </ns3:TrackPointExtension>
        </extensions>
      </trkpt>
      <trkpt lat="44.44650177843868732452392578125" lon="-80.28333515860140323638916015625">
        <ele>496.79998779296875</ele>
        <time>2024-10-23T19:07:28.000Z</time>
        <extensions>
          <ns3:TrackPointExtension>
            <ns3:hr>115</ns3:hr>
          </ns3:TrackPointExtension>
        </extensions>
      </trkpt>
      <trkpt lat="44.4465033710002899169921875" lon="-80.2833325602114200592041015625">
        <ele>496.79998779296875</ele>
        <time>2024-10-23T19:07:29.000Z</time>
        <extensions>
          <ns3:TrackPointExtension>
            <ns3:hr>111</ns3:hr>
          </ns3:TrackPointExtension>
        </extensions>
      </trkpt>
      <trkpt lat="44.4465060532093048095703125" lon="-80.2833312191069126129150390625">
        <ele>496.79998779296875</ele>
        <time>2024-10-23T19:07:30.000Z</time>
        <extensions>
          <ns3:TrackPointExtension>
            <ns3:hr>107</ns3:hr>
          </ns3:TrackPointExtension>
        </extensions>
      </trkpt>
      <trkpt lat="44.446527175605297088623046875" lon="-80.283344797790050506591796875">
        <ele>496.79998779296875</ele>
        <time>2024-10-23T19:07:32.000Z</time>
        <extensions>
          <ns3:TrackPointExtension>
            <ns3:hr>99</ns3:hr>
          </ns3:TrackPointExtension>
        </extensions>
      </trkpt>
      <trkpt lat="44.44653882645070552825927734375" lon="-80.28335225768387317657470703125">
        <ele>496.600006103515625</ele>
        <time>2024-10-23T19:07:34.000Z</time>
        <extensions>
          <ns3:TrackPointExtension>
            <ns3:hr>96</ns3:hr>
          </ns3:TrackPointExtension>
        </extensions>
      </trkpt>
      <trkpt lat="44.44655098021030426025390625" lon="-80.28335192240774631500244140625">
        <ele>496.399993896484375</ele>
        <time>2024-10-23T19:07:38.000Z</time>
        <extensions>
          <ns3:TrackPointExtension>
            <ns3:hr>93</ns3:hr>
          </ns3:TrackPointExtension>
        </extensions>
      </trkpt>
      <trkpt lat="44.446559362113475799560546875" lon="-80.28335644863545894622802734375">
        <ele>496.399993896484375</ele>
        <time>2024-10-23T19:07:42.000Z</time>
        <extensions>
          <ns3:TrackPointExtension>
            <ns3:hr>94</ns3:hr>
          </ns3:TrackPointExtension>
        </extensions>
      </trkpt>
      <trkpt lat="44.4465623795986175537109375" lon="-80.2833711169660091400146484375">
        <ele>496.399993896484375</ele>
        <time>2024-10-23T19:07:44.000Z</time>
        <extensions>
          <ns3:TrackPointExtension>
            <ns3:hr>95</ns3:hr>
          </ns3:TrackPointExtension>
        </extensions>
      </trkpt>
      <trkpt lat="44.44663790054619312286376953125" lon="-80.2833778224885463714599609375">
        <ele>496</ele>
        <time>2024-10-23T19:07:56.000Z</time>
        <extensions>
          <ns3:TrackPointExtension>
            <ns3:hr>95</ns3:hr>
          </ns3:TrackPointExtension>
        </extensions>
      </trkpt>
      <trkpt lat="44.44676077924668788909912109375" lon="-80.2834148705005645751953125">
        <ele>495.399993896484375</ele>
        <time>2024-10-23T19:08:10.000Z</time>
        <extensions>
          <ns3:TrackPointExtension>
            <ns3:hr>95</ns3:hr>
          </ns3:TrackPointExtension>
        </extensions>
      </trkpt>
      <trkpt lat="44.44681693799793720245361328125" lon="-80.28345652855932712554931640625">
        <ele>495.600006103515625</ele>
        <time>2024-10-23T19:08:21.000Z</time>
        <extensions>
          <ns3:TrackPointExtension>
            <ns3:hr>92</ns3:hr>
          </ns3:TrackPointExtension>
        </extensions>
      </trkpt>
      <trkpt lat="44.4468220509588718414306640625" lon="-80.28345820493996143341064453125">
        <ele>495.600006103515625</ele>
        <time>2024-10-23T19:08:23.000Z</time>
        <extensions>
          <ns3:TrackPointExtension>
            <ns3:hr>93</ns3:hr>
          </ns3:TrackPointExtension>
        </extensions>
      </trkpt>
      <trkpt lat="44.44682666100561618804931640625" lon="-80.28345904313027858734130859375">
        <ele>495.79998779296875</ele>
        <time>2024-10-23T19:08:31.000Z</time>
        <extensions>
          <ns3:TrackPointExtension>
            <ns3:hr>90</ns3:hr>
          </ns3:TrackPointExtension>
        </extensions>
      </trkpt>
      <trkpt lat="44.44681224413216114044189453125" lon="-80.283462814986705780029296875">
        <ele>495.79998779296875</ele>
        <time>2024-10-23T19:08:36.000Z</time>
        <extensions>
          <ns3:TrackPointExtension>
            <ns3:hr>90</ns3:hr>
          </ns3:TrackPointExtension>
        </extensions>
      </trkpt>
      <trkpt lat="44.44682867266237735748291015625" lon="-80.28347480110824108123779296875">
        <ele>495.600006103515625</ele>
        <time>2024-10-23T19:08:48.000Z</time>
        <extensions>
          <ns3:TrackPointExtension>
            <ns3:hr>90</ns3:hr>
          </ns3:TrackPointExtension>
        </extensions>
      </trkpt>
      <trkpt lat="44.44685884751379489898681640625" lon="-80.2834432013332843780517578125">
        <ele>495.399993896484375</ele>
        <time>2024-10-23T19:08:57.000Z</time>
        <extensions>
          <ns3:TrackPointExtension>
            <ns3:hr>87</ns3:hr>
          </ns3:TrackPointExtension>
        </extensions>
      </trkpt>
      <trkpt lat="44.446862451732158660888671875" lon="-80.28342953883111476898193359375">
        <ele>495.399993896484375</ele>
        <time>2024-10-23T19:08:58.000Z</time>
        <extensions>
          <ns3:TrackPointExtension>
            <ns3:hr>87</ns3:hr>
          </ns3:TrackPointExtension>
        </extensions>
      </trkpt>
      <trkpt lat="44.4468824006617069244384765625" lon="-80.28340791352093219757080078125">
        <ele>495.20001220703125</ele>
        <time>2024-10-23T19:09:01.000Z</time>
        <extensions>
          <ns3:TrackPointExtension>
            <ns3:hr>88</ns3:hr>
          </ns3:TrackPointExtension>
        </extensions>
      </trkpt>
      <trkpt lat="44.44695272482931613922119140625" lon="-80.28335074894130229949951171875">
        <ele>495.20001220703125</ele>
        <time>2024-10-23T19:09:08.000Z</time>
        <extensions>
          <ns3:TrackPointExtension>
            <ns3:hr>89</ns3:hr>
          </ns3:TrackPointExtension>
        </extensions>
      </trkpt>
      <trkpt lat="44.4470044411718845367431640625" lon="-80.283267684280872344970703125">
        <ele>494.600006103515625</ele>
        <time>2024-10-23T19:09:15.000Z</time>
        <extensions>
          <ns3:TrackPointExtension>
            <ns3:hr>90</ns3:hr>
          </ns3:TrackPointExtension>
        </extensions>
      </trkpt>
      <trkpt lat="44.44703637622296810150146484375" lon="-80.28321546502411365509033203125">
        <ele>494.20001220703125</ele>
        <time>2024-10-23T19:09:20.000Z</time>
        <extensions>
          <ns3:TrackPointExtension>
            <ns3:hr>90</ns3:hr>
          </ns3:TrackPointExtension>
        </extensions>
      </trkpt>
      <trkpt lat="44.44708214141428470611572265625" lon="-80.2831642515957355499267578125">
        <ele>493.20001220703125</ele>
        <time>2024-10-23T19:09:27.000Z</time>
        <extensions>
          <ns3:TrackPointExtension>
            <ns3:hr>89</ns3:hr>
          </ns3:TrackPointExtension>
        </extensions>
      </trkpt>
      <trkpt lat="44.44710577838122844696044921875" lon="-80.28313885442912578582763671875">
        <ele>492.79998779296875</ele>
        <time>2024-10-23T19:09:30.000Z</time>
        <extensions>
          <ns3:TrackPointExtension>
            <ns3:hr>89</ns3:hr>
          </ns3:TrackPointExtension>
        </extensions>
      </trkpt>
      <trkpt lat="44.44712136872112751007080078125" lon="-80.28312862850725650787353515625">
        <ele>492.399993896484375</ele>
        <time>2024-10-23T19:09:33.000Z</time>
        <extensions>
          <ns3:TrackPointExtension>
            <ns3:hr>92</ns3:hr>
          </ns3:TrackPointExtension>
        </extensions>
      </trkpt>
      <trkpt lat="44.447138048708438873291015625" lon="-80.283114798367023468017578125">
        <ele>492.20001220703125</ele>
        <time>2024-10-23T19:09:36.000Z</time>
        <extensions>
          <ns3:TrackPointExtension>
            <ns3:hr>93</ns3:hr>
          </ns3:TrackPointExtension>
        </extensions>
      </trkpt>
      <trkpt lat="44.4471787847578525543212890625" lon="-80.283034332096576690673828125">
        <ele>491.20001220703125</ele>
        <time>2024-10-23T19:09:44.000Z</time>
        <extensions>
          <ns3:TrackPointExtension>
            <ns3:hr>95</ns3:hr>
          </ns3:TrackPointExtension>
        </extensions>
      </trkpt>
      <trkpt lat="44.447184316813945770263671875" lon="-80.2830210886895656585693359375">
        <ele>491</ele>
        <time>2024-10-23T19:09:45.000Z</time>
        <extensions>
          <ns3:TrackPointExtension>
            <ns3:hr>94</ns3:hr>
          </ns3:TrackPointExtension>
        </extensions>
      </trkpt>
      <trkpt lat="44.447220526635646820068359375" lon="-80.28296283446252346038818359375">
        <ele>490.20001220703125</ele>
        <time>2024-10-23T19:09:50.000Z</time>
        <extensions>
          <ns3:TrackPointExtension>
            <ns3:hr>92</ns3:hr>
          </ns3:TrackPointExtension>
        </extensions>
      </trkpt>
      <trkpt lat="44.44725112058222293853759765625" lon="-80.28283207677304744720458984375">
        <ele>489</ele>
        <time>2024-10-23T19:09:58.000Z</time>
        <extensions>
          <ns3:TrackPointExtension>
            <ns3:hr>93</ns3:hr>
          </ns3:TrackPointExtension>
        </extensions>
      </trkpt>
      <trkpt lat="44.4472543895244598388671875" lon="-80.28281933628022670745849609375">
        <ele>488.79998779296875</ele>
        <time>2024-10-23T19:09:59.000Z</time>
        <extensions>
          <ns3:TrackPointExtension>
            <ns3:hr>93</ns3:hr>
          </ns3:TrackPointExtension>
        </extensions>
      </trkpt>
      <trkpt lat="44.447269476950168609619140625" lon="-80.28273149393498897552490234375">
        <ele>488</ele>
        <time>2024-10-23T19:10:08.000Z</time>
        <extensions>
          <ns3:TrackPointExtension>
            <ns3:hr>92</ns3:hr>
          </ns3:TrackPointExtension>
        </extensions>
      </trkpt>
      <trkpt lat="44.4472838938236236572265625" lon="-80.28270266018807888031005859375">
        <ele>487.600006103515625</ele>
        <time>2024-10-23T19:10:12.000Z</time>
        <extensions>
          <ns3:TrackPointExtension>
            <ns3:hr>89</ns3:hr>
          </ns3:TrackPointExtension>
        </extensions>
      </trkpt>
      <trkpt lat="44.447296299040317535400390625" lon="-80.28269997797906398773193359375">
        <ele>487.600006103515625</ele>
        <time>2024-10-23T19:10:14.000Z</time>
        <extensions>
          <ns3:TrackPointExtension>
            <ns3:hr>92</ns3:hr>
          </ns3:TrackPointExtension>
        </extensions>
      </trkpt>
      <trkpt lat="44.44731297902762889862060546875" lon="-80.2827076055109500885009765625">
        <ele>487.399993896484375</ele>
        <time>2024-10-23T19:10:16.000Z</time>
        <extensions>
          <ns3:TrackPointExtension>
            <ns3:hr>91</ns3:hr>
          </ns3:TrackPointExtension>
        </extensions>
      </trkpt>
      <trkpt lat="44.4473413936793804168701171875" lon="-80.2826941944658756256103515625">
        <ele>486.79998779296875</ele>
        <time>2024-10-23T19:10:21.000Z</time>
        <extensions>
          <ns3:TrackPointExtension>
            <ns3:hr>91</ns3:hr>
          </ns3:TrackPointExtension>
        </extensions>
      </trkpt>
      <trkpt lat="44.447372741997241973876953125" lon="-80.28266225941479206085205078125">
        <ele>485.79998779296875</ele>
        <time>2024-10-23T19:10:26.000Z</time>
        <extensions>
          <ns3:TrackPointExtension>
            <ns3:hr>91</ns3:hr>
          </ns3:TrackPointExtension>
        </extensions>
      </trkpt>
      <trkpt lat="44.44742026738822460174560546875" lon="-80.28263912536203861236572265625">
        <ele>484.79998779296875</ele>
        <time>2024-10-23T19:10:33.000Z</time>
        <extensions>
          <ns3:TrackPointExtension>
            <ns3:hr>91</ns3:hr>
          </ns3:TrackPointExtension>
        </extensions>
      </trkpt>
      <trkpt lat="44.44746418856084346771240234375" lon="-80.2826643548905849456787109375">
        <ele>484.399993896484375</ele>
        <time>2024-10-23T19:10:39.000Z</time>
        <extensions>
          <ns3:TrackPointExtension>
            <ns3:hr>88</ns3:hr>
          </ns3:TrackPointExtension>
        </extensions>
      </trkpt>
      <trkpt lat="44.447494111955165863037109375" lon="-80.2826952002942562103271484375">
        <ele>483.600006103515625</ele>
        <time>2024-10-23T19:10:44.000Z</time>
        <extensions>
          <ns3:TrackPointExtension>
            <ns3:hr>89</ns3:hr>
          </ns3:TrackPointExtension>
        </extensions>
      </trkpt>
      <trkpt lat="44.447496123611927032470703125" lon="-80.28269561938941478729248046875">
        <ele>483.600006103515625</ele>
        <time>2024-10-23T19:10:45.000Z</time>
        <extensions>
          <ns3:TrackPointExtension>
            <ns3:hr>90</ns3:hr>
          </ns3:TrackPointExtension>
        </extensions>
      </trkpt>
      <trkpt lat="44.44752219133079051971435546875" lon="-80.28275345452129840850830078125">
        <ele>483</ele>
        <time>2024-10-23T19:10:57.000Z</time>
        <extensions>
          <ns3:TrackPointExtension>
            <ns3:hr>91</ns3:hr>
          </ns3:TrackPointExtension>
        </extensions>
      </trkpt>
      <trkpt lat="44.44753543473780155181884765625" lon="-80.28277390636503696441650390625">
        <ele>483.399993896484375</ele>
        <time>2024-10-23T19:11:00.000Z</time>
        <extensions>
          <ns3:TrackPointExtension>
            <ns3:hr>88</ns3:hr>
          </ns3:TrackPointExtension>
        </extensions>
      </trkpt>
      <trkpt lat="44.44753962568938732147216796875" lon="-80.2827783487737178802490234375">
        <ele>483.600006103515625</ele>
        <time>2024-10-23T19:11:01.000Z</time>
        <extensions>
          <ns3:TrackPointExtension>
            <ns3:hr>91</ns3:hr>
          </ns3:TrackPointExtension>
        </extensions>
      </trkpt>
      <trkpt lat="44.4475268013775348663330078125" lon="-80.2828326635062694549560546875">
        <ele>484.20001220703125</ele>
        <time>2024-10-23T19:11:08.000Z</time>
        <extensions>
          <ns3:TrackPointExtension>
            <ns3:hr>88</ns3:hr>
          </ns3:TrackPointExtension>
        </extensions>
      </trkpt>
      <trkpt lat="44.4475301541388034820556640625" lon="-80.2828363515436649322509765625">
        <ele>484.399993896484375</ele>
        <time>2024-10-23T19:11:11.000Z</time>
        <extensions>
          <ns3:TrackPointExtension>
            <ns3:hr>87</ns3:hr>
          </ns3:TrackPointExtension>
        </extensions>
      </trkpt>
      <trkpt lat="44.44755672477185726165771484375" lon="-80.28285051696002483367919921875">
        <ele>484.79998779296875</ele>
        <time>2024-10-23T19:11:16.000Z</time>
        <extensions>
          <ns3:TrackPointExtension>
            <ns3:hr>90</ns3:hr>
          </ns3:TrackPointExtension>
        </extensions>
      </trkpt>
      <trkpt lat="44.4475965388119220733642578125" lon="-80.28285655193030834197998046875">
        <ele>484.79998779296875</ele>
        <time>2024-10-23T19:11:23.000Z</time>
        <extensions>
          <ns3:TrackPointExtension>
            <ns3:hr>93</ns3:hr>
          </ns3:TrackPointExtension>
        </extensions>
      </trkpt>
      <trkpt lat="44.44761171005666255950927734375" lon="-80.28286979533731937408447265625">
        <ele>485.20001220703125</ele>
        <time>2024-10-23T19:11:26.000Z</time>
        <extensions>
          <ns3:TrackPointExtension>
            <ns3:hr>91</ns3:hr>
          </ns3:TrackPointExtension>
        </extensions>
      </trkpt>
      <trkpt lat="44.44766141474246978759765625" lon="-80.28289997018873691558837890625">
        <ele>485.399993896484375</ele>
        <time>2024-10-23T19:11:37.000Z</time>
        <extensions>
          <ns3:TrackPointExtension>
            <ns3:hr>95</ns3:hr>
          </ns3:TrackPointExtension>
        </extensions>
      </trkpt>
      <trkpt lat="44.4476689584553241729736328125" lon="-80.2828963659703731536865234375">
        <ele>485.600006103515625</ele>
        <time>2024-10-23T19:11:41.000Z</time>
        <extensions>
          <ns3:TrackPointExtension>
            <ns3:hr>94</ns3:hr>
          </ns3:TrackPointExtension>
        </extensions>
      </trkpt>
      <trkpt lat="44.4476781785488128662109375" lon="-80.28289443813264369964599609375">
        <ele>485.79998779296875</ele>
        <time>2024-10-23T19:11:43.000Z</time>
        <extensions>
          <ns3:TrackPointExtension>
            <ns3:hr>94</ns3:hr>
          </ns3:TrackPointExtension>
        </extensions>
      </trkpt>
      <trkpt lat="44.44769628345966339111328125" lon="-80.282903574407100677490234375">
        <ele>486.20001220703125</ele>
        <time>2024-10-23T19:11:46.000Z</time>
        <extensions>
          <ns3:TrackPointExtension>
            <ns3:hr>91</ns3:hr>
          </ns3:TrackPointExtension>
        </extensions>
      </trkpt>
      <trkpt lat="44.44769888184964656829833984375" lon="-80.28290466405451297760009765625">
        <ele>486.20001220703125</ele>
        <time>2024-10-23T19:11:47.000Z</time>
        <extensions>
          <ns3:TrackPointExtension>
            <ns3:hr>94</ns3:hr>
          </ns3:TrackPointExtension>
        </extensions>
      </trkpt>
      <trkpt lat="44.4476971216499805450439453125" lon="-80.28292444534599781036376953125">
        <ele>486.600006103515625</ele>
        <time>2024-10-23T19:11:54.000Z</time>
        <extensions>
          <ns3:TrackPointExtension>
            <ns3:hr>94</ns3:hr>
          </ns3:TrackPointExtension>
        </extensions>
      </trkpt>
      <trkpt lat="44.4477004744112491607666015625" lon="-80.282949507236480712890625">
        <ele>486.79998779296875</ele>
        <time>2024-10-23T19:12:05.000Z</time>
        <extensions>
          <ns3:TrackPointExtension>
            <ns3:hr>94</ns3:hr>
          </ns3:TrackPointExtension>
        </extensions>
      </trkpt>
      <trkpt lat="44.44769770838320255279541015625" lon="-80.2829399518668651580810546875">
        <ele>486.79998779296875</ele>
        <time>2024-10-23T19:12:07.000Z</time>
        <extensions>
          <ns3:TrackPointExtension>
            <ns3:hr>98</ns3:hr>
          </ns3:TrackPointExtension>
        </extensions>
      </trkpt>
      <trkpt lat="44.44769938476383686065673828125" lon="-80.2829429693520069122314453125">
        <ele>486.79998779296875</ele>
        <time>2024-10-23T19:12:08.000Z</time>
        <extensions>
          <ns3:TrackPointExtension>
            <ns3:hr>94</ns3:hr>
          </ns3:TrackPointExtension>
        </extensions>
      </trkpt>
      <trkpt lat="44.4476904161274433135986328125" lon="-80.28295210562646389007568359375">
        <ele>487</ele>
        <time>2024-10-23T19:12:15.000Z</time>
        <extensions>
          <ns3:TrackPointExtension>
            <ns3:hr>91</ns3:hr>
          </ns3:TrackPointExtension>
        </extensions>
      </trkpt>
      <trkpt lat="44.447691254317760467529296875" lon="-80.28295881114900112152099609375">
        <ele>487</ele>
        <time>2024-10-23T19:12:16.000Z</time>
        <extensions>
          <ns3:TrackPointExtension>
            <ns3:hr>94</ns3:hr>
          </ns3:TrackPointExtension>
        </extensions>
      </trkpt>
      <trkpt lat="44.44769033230841159820556640625" lon="-80.2829667739570140838623046875">
        <ele>487</ele>
        <time>2024-10-23T19:12:19.000Z</time>
        <extensions>
          <ns3:TrackPointExtension>
            <ns3:hr>94</ns3:hr>
          </ns3:TrackPointExtension>
        </extensions>
      </trkpt>
      <trkpt lat="44.44768345914781093597412109375" lon="-80.28297959826886653900146484375">
        <ele>487</ele>
        <time>2024-10-23T19:12:26.000Z</time>
        <extensions>
          <ns3:TrackPointExtension>
            <ns3:hr>93</ns3:hr>
          </ns3:TrackPointExtension>
        </extensions>
      </trkpt>
      <trkpt lat="44.44768932648003101348876953125" lon="-80.2829905785620212554931640625">
        <ele>486.600006103515625</ele>
        <time>2024-10-23T19:12:30.000Z</time>
        <extensions>
          <ns3:TrackPointExtension>
            <ns3:hr>90</ns3:hr>
          </ns3:TrackPointExtension>
        </extensions>
      </trkpt>
      <trkpt lat="44.4476974569261074066162109375" lon="-80.2830232679843902587890625">
        <ele>486.600006103515625</ele>
        <time>2024-10-23T19:12:38.000Z</time>
        <extensions>
          <ns3:TrackPointExtension>
            <ns3:hr>86</ns3:hr>
          </ns3:TrackPointExtension>
        </extensions>
      </trkpt>
      <trkpt lat="44.44770374335348606109619140625" lon="-80.28303458355367183685302734375">
        <ele>486.600006103515625</ele>
        <time>2024-10-23T19:12:40.000Z</time>
        <extensions>
          <ns3:TrackPointExtension>
            <ns3:hr>87</ns3:hr>
          </ns3:TrackPointExtension>
        </extensions>
      </trkpt>
      <trkpt lat="44.44773626513779163360595703125" lon="-80.28310834430158138275146484375">
        <ele>486.600006103515625</ele>
        <time>2024-10-23T19:12:49.000Z</time>
        <extensions>
          <ns3:TrackPointExtension>
            <ns3:hr>84</ns3:hr>
          </ns3:TrackPointExtension>
        </extensions>
      </trkpt>
      <trkpt lat="44.44772310554981231689453125" lon="-80.2831055782735347747802734375">
        <ele>486.79998779296875</ele>
        <time>2024-10-23T19:12:53.000Z</time>
        <extensions>
          <ns3:TrackPointExtension>
            <ns3:hr>86</ns3:hr>
          </ns3:TrackPointExtension>
        </extensions>
      </trkpt>
      <trkpt lat="44.4477128796279430389404296875" lon="-80.28314421884715557098388671875">
        <ele>487.600006103515625</ele>
        <time>2024-10-23T19:12:59.000Z</time>
        <extensions>
          <ns3:TrackPointExtension>
            <ns3:hr>89</ns3:hr>
          </ns3:TrackPointExtension>
        </extensions>
      </trkpt>
      <trkpt lat="44.44771195761859416961669921875" lon="-80.28314690105617046356201171875">
        <ele>488</ele>
        <time>2024-10-23T19:13:01.000Z</time>
        <extensions>
          <ns3:TrackPointExtension>
            <ns3:hr>91</ns3:hr>
          </ns3:TrackPointExtension>
        </extensions>
      </trkpt>
      <trkpt lat="44.44771614857017993927001953125" lon="-80.2831612341105937957763671875">
        <ele>488.600006103515625</ele>
        <time>2024-10-23T19:13:05.000Z</time>
        <extensions>
          <ns3:TrackPointExtension>
            <ns3:hr>95</ns3:hr>
          </ns3:TrackPointExtension>
        </extensions>
      </trkpt>
      <trkpt lat="44.4477222673594951629638671875" lon="-80.28318487107753753662109375">
        <ele>489</ele>
        <time>2024-10-23T19:13:07.000Z</time>
        <extensions>
          <ns3:TrackPointExtension>
            <ns3:hr>93</ns3:hr>
          </ns3:TrackPointExtension>
        </extensions>
      </trkpt>
      <trkpt lat="44.44773224182426929473876953125" lon="-80.283196605741977691650390625">
        <ele>489.20001220703125</ele>
        <time>2024-10-23T19:13:09.000Z</time>
        <extensions>
          <ns3:TrackPointExtension>
            <ns3:hr>97</ns3:hr>
          </ns3:TrackPointExtension>
        </extensions>
      </trkpt>
      <trkpt lat="44.4477420486509799957275390625" lon="-80.28319694101810455322265625">
        <ele>489.600006103515625</ele>
        <time>2024-10-23T19:13:12.000Z</time>
        <extensions>
          <ns3:TrackPointExtension>
            <ns3:hr>94</ns3:hr>
          </ns3:TrackPointExtension>
        </extensions>
      </trkpt>
      <trkpt lat="44.4477480836212635040283203125" lon="-80.2832158841192722320556640625">
        <ele>490</ele>
        <time>2024-10-23T19:13:17.000Z</time>
        <extensions>
          <ns3:TrackPointExtension>
            <ns3:hr>97</ns3:hr>
          </ns3:TrackPointExtension>
        </extensions>
      </trkpt>
      <trkpt lat="44.44774213247001171112060546875" lon="-80.2832219190895557403564453125">
        <ele>490.20001220703125</ele>
        <time>2024-10-23T19:13:20.000Z</time>
        <extensions>
          <ns3:TrackPointExtension>
            <ns3:hr>94</ns3:hr>
          </ns3:TrackPointExtension>
        </extensions>
      </trkpt>
      <trkpt lat="44.44774431176483631134033203125" lon="-80.2832244336605072021484375">
        <ele>490.20001220703125</ele>
        <time>2024-10-23T19:13:22.000Z</time>
        <extensions>
          <ns3:TrackPointExtension>
            <ns3:hr>91</ns3:hr>
          </ns3:TrackPointExtension>
        </extensions>
      </trkpt>
      <trkpt lat="44.44774732924997806549072265625" lon="-80.2832319773733615875244140625">
        <ele>490.20001220703125</ele>
        <time>2024-10-23T19:13:24.000Z</time>
        <extensions>
          <ns3:TrackPointExtension>
            <ns3:hr>94</ns3:hr>
          </ns3:TrackPointExtension>
        </extensions>
      </trkpt>
      <trkpt lat="44.4477973692119121551513671875" lon="-80.2832510881125926971435546875">
        <ele>490.399993896484375</ele>
        <time>2024-10-23T19:13:36.000Z</time>
        <extensions>
          <ns3:TrackPointExtension>
            <ns3:hr>94</ns3:hr>
          </ns3:TrackPointExtension>
        </extensions>
      </trkpt>
      <trkpt lat="44.4478141330182552337646484375" lon="-80.2832413651049137115478515625">
        <ele>491</ele>
        <time>2024-10-23T19:13:42.000Z</time>
        <extensions>
          <ns3:TrackPointExtension>
            <ns3:hr>98</ns3:hr>
          </ns3:TrackPointExtension>
        </extensions>
      </trkpt>
      <trkpt lat="44.4478164799511432647705078125" lon="-80.28323977254331111907958984375">
        <ele>491.20001220703125</ele>
        <time>2024-10-23T19:13:43.000Z</time>
        <extensions>
          <ns3:TrackPointExtension>
            <ns3:hr>102</ns3:hr>
          </ns3:TrackPointExtension>
        </extensions>
      </trkpt>
      <trkpt lat="44.447815977036952972412109375" lon="-80.283238179981708526611328125">
        <ele>491.20001220703125</ele>
        <time>2024-10-23T19:13:44.000Z</time>
        <extensions>
          <ns3:TrackPointExtension>
            <ns3:hr>102</ns3:hr>
          </ns3:TrackPointExtension>
        </extensions>
      </trkpt>
      <trkpt lat="44.44779979996383190155029296875" lon="-80.2832323126494884490966796875">
        <ele>491.399993896484375</ele>
        <time>2024-10-23T19:13:47.000Z</time>
        <extensions>
          <ns3:TrackPointExtension>
            <ns3:hr>99</ns3:hr>
          </ns3:TrackPointExtension>
        </extensions>
      </trkpt>
      <trkpt lat="44.4477940164506435394287109375" lon="-80.28322753496468067169189453125">
        <ele>491.399993896484375</ele>
        <time>2024-10-23T19:13:49.000Z</time>
        <extensions>
          <ns3:TrackPointExtension>
            <ns3:hr>104</ns3:hr>
          </ns3:TrackPointExtension>
        </extensions>
      </trkpt>
      <trkpt lat="44.44779644720256328582763671875" lon="-80.2832246012985706329345703125">
        <ele>491.399993896484375</ele>
        <time>2024-10-23T19:13:50.000Z</time>
        <extensions>
          <ns3:TrackPointExtension>
            <ns3:hr>109</ns3:hr>
          </ns3:TrackPointExtension>
        </extensions>
      </trkpt>
      <trkpt lat="44.447829723358154296875" lon="-80.28319803066551685333251953125">
        <ele>491</ele>
        <time>2024-10-23T19:14:03.000Z</time>
        <extensions>
          <ns3:TrackPointExtension>
            <ns3:hr>107</ns3:hr>
          </ns3:TrackPointExtension>
        </extensions>
      </trkpt>
      <trkpt lat="44.44782293401658535003662109375" lon="-80.2832061611115932464599609375">
        <ele>491</ele>
        <time>2024-10-23T19:14:06.000Z</time>
        <extensions>
          <ns3:TrackPointExtension>
            <ns3:hr>110</ns3:hr>
          </ns3:TrackPointExtension>
        </extensions>
      </trkpt>
      <trkpt lat="44.44783114828169345855712890625" lon="-80.283260308206081390380859375">
        <ele>490.79998779296875</ele>
        <time>2024-10-23T19:14:10.000Z</time>
        <extensions>
          <ns3:TrackPointExtension>
            <ns3:hr>107</ns3:hr>
          </ns3:TrackPointExtension>
        </extensions>
      </trkpt>
      <trkpt lat="44.44783031009137630462646484375" lon="-80.28330381028354167938232421875">
        <ele>490.79998779296875</ele>
        <time>2024-10-23T19:14:13.000Z</time>
        <extensions>
          <ns3:TrackPointExtension>
            <ns3:hr>111</ns3:hr>
          </ns3:TrackPointExtension>
        </extensions>
      </trkpt>
      <trkpt lat="44.4478355906903743743896484375" lon="-80.28332434594631195068359375">
        <ele>490.79998779296875</ele>
        <time>2024-10-23T19:14:15.000Z</time>
        <extensions>
          <ns3:TrackPointExtension>
            <ns3:hr>114</ns3:hr>
          </ns3:TrackPointExtension>
        </extensions>
      </trkpt>
      <trkpt lat="44.447881691157817840576171875" lon="-80.2833479829132556915283203125">
        <ele>490.79998779296875</ele>
        <time>2024-10-23T19:14:26.000Z</time>
        <extensions>
          <ns3:TrackPointExtension>
            <ns3:hr>115</ns3:hr>
          </ns3:TrackPointExtension>
        </extensions>
      </trkpt>
      <trkpt lat="44.44798621349036693572998046875" lon="-80.28342149220407009124755859375">
        <ele>490.600006103515625</ele>
        <time>2024-10-23T19:14:41.000Z</time>
        <extensions>
          <ns3:TrackPointExtension>
            <ns3:hr>111</ns3:hr>
          </ns3:TrackPointExtension>
        </extensions>
      </trkpt>
      <trkpt lat="44.44806248880922794342041015625" lon="-80.2834727056324481964111328125">
        <ele>491.20001220703125</ele>
        <time>2024-10-23T19:14:54.000Z</time>
        <extensions>
          <ns3:TrackPointExtension>
            <ns3:hr>114</ns3:hr>
          </ns3:TrackPointExtension>
        </extensions>
      </trkpt>
      <trkpt lat="44.4480659253895282745361328125" lon="-80.2834743820130825042724609375">
        <ele>491</ele>
        <time>2024-10-23T19:14:55.000Z</time>
        <extensions>
          <ns3:TrackPointExtension>
            <ns3:hr>117</ns3:hr>
          </ns3:TrackPointExtension>
        </extensions>
      </trkpt>
      <trkpt lat="44.4480751454830169677734375" lon="-80.2834790758788585662841796875">
        <ele>491.20001220703125</ele>
        <time>2024-10-23T19:14:56.000Z</time>
        <extensions>
          <ns3:TrackPointExtension>
            <ns3:hr>117</ns3:hr>
          </ns3:TrackPointExtension>
        </extensions>
      </trkpt>
      <trkpt lat="44.44809325039386749267578125" lon="-80.28348133899271488189697265625">
        <ele>491</ele>
        <time>2024-10-23T19:14:58.000Z</time>
        <extensions>
          <ns3:TrackPointExtension>
            <ns3:hr>118</ns3:hr>
          </ns3:TrackPointExtension>
        </extensions>
      </trkpt>
      <trkpt lat="44.44815360009670257568359375" lon="-80.28352408669888973236083984375">
        <ele>491</ele>
        <time>2024-10-23T19:15:04.000Z</time>
        <extensions>
          <ns3:TrackPointExtension>
            <ns3:hr>115</ns3:hr>
          </ns3:TrackPointExtension>
        </extensions>
      </trkpt>
      <trkpt lat="44.44819710217416286468505859375" lon="-80.28357622213661670684814453125">
        <ele>491</ele>
        <time>2024-10-23T19:15:11.000Z</time>
        <extensions>
          <ns3:TrackPointExtension>
            <ns3:hr>114</ns3:hr>
          </ns3:TrackPointExtension>
        </extensions>
      </trkpt>
      <trkpt lat="44.44828561507165431976318359375" lon="-80.28362818993628025054931640625">
        <ele>491</ele>
        <time>2024-10-23T19:15:25.000Z</time>
        <extensions>
          <ns3:TrackPointExtension>
            <ns3:hr>115</ns3:hr>
          </ns3:TrackPointExtension>
        </extensions>
      </trkpt>
      <trkpt lat="44.4484152831137180328369140625" lon="-80.28361360542476177215576171875">
        <ele>491</ele>
        <time>2024-10-23T19:15:39.000Z</time>
        <extensions>
          <ns3:TrackPointExtension>
            <ns3:hr>113</ns3:hr>
          </ns3:TrackPointExtension>
        </extensions>
      </trkpt>
      <trkpt lat="44.44845979101955890655517578125" lon="-80.28359030373394489288330078125">
        <ele>491</ele>
        <time>2024-10-23T19:15:46.000Z</time>
        <extensions>
          <ns3:TrackPointExtension>
            <ns3:hr>116</ns3:hr>
          </ns3:TrackPointExtension>
        </extensions>
      </trkpt>
      <trkpt lat="44.4484779797494411468505859375" lon="-80.283579491078853607177734375">
        <ele>491</ele>
        <time>2024-10-23T19:15:49.000Z</time>
        <extensions>
          <ns3:TrackPointExtension>
            <ns3:hr>121</ns3:hr>
          </ns3:TrackPointExtension>
        </extensions>
      </trkpt>
      <trkpt lat="44.44848527200520038604736328125" lon="-80.2835779823362827301025390625">
        <ele>491</ele>
        <time>2024-10-23T19:15:51.000Z</time>
        <extensions>
          <ns3:TrackPointExtension>
            <ns3:hr>124</ns3:hr>
          </ns3:TrackPointExtension>
        </extensions>
      </trkpt>
      <trkpt lat="44.4484980963170528411865234375" lon="-80.28356842696666717529296875">
        <ele>491</ele>
        <time>2024-10-23T19:15:53.000Z</time>
        <extensions>
          <ns3:TrackPointExtension>
            <ns3:hr>126</ns3:hr>
          </ns3:TrackPointExtension>
        </extensions>
      </trkpt>
      <trkpt lat="44.44853975437581539154052734375" lon="-80.28351855464279651641845703125">
        <ele>495.600006103515625</ele>
        <time>2024-10-23T19:16:01.000Z</time>
        <extensions>
          <ns3:TrackPointExtension>
            <ns3:hr>128</ns3:hr>
          </ns3:TrackPointExtension>
        </extensions>
      </trkpt>
      <trkpt lat="44.44857294671237468719482421875" lon="-80.2835156209766864776611328125">
        <ele>495.600006103515625</ele>
        <time>2024-10-23T19:16:06.000Z</time>
        <extensions>
          <ns3:TrackPointExtension>
            <ns3:hr>125</ns3:hr>
          </ns3:TrackPointExtension>
        </extensions>
      </trkpt>
      <trkpt lat="44.448607899248600006103515625" lon="-80.28352693654596805572509765625">
        <ele>496.600006103515625</ele>
        <time>2024-10-23T19:16:15.000Z</time>
        <extensions>
          <ns3:TrackPointExtension>
            <ns3:hr>125</ns3:hr>
          </ns3:TrackPointExtension>
        </extensions>
      </trkpt>
      <trkpt lat="44.4486196339130401611328125" lon="-80.283539593219757080078125">
        <ele>496.399993896484375</ele>
        <time>2024-10-23T19:16:20.000Z</time>
        <extensions>
          <ns3:TrackPointExtension>
            <ns3:hr>122</ns3:hr>
          </ns3:TrackPointExtension>
        </extensions>
      </trkpt>
      <trkpt lat="44.44865559227764606475830078125" lon="-80.2835635654628276824951171875">
        <ele>496.79998779296875</ele>
        <time>2024-10-23T19:16:26.000Z</time>
        <extensions>
          <ns3:TrackPointExtension>
            <ns3:hr>125</ns3:hr>
          </ns3:TrackPointExtension>
        </extensions>
      </trkpt>
      <trkpt lat="44.44867118261754512786865234375" lon="-80.2835947461426258087158203125">
        <ele>497.20001220703125</ele>
        <time>2024-10-23T19:16:32.000Z</time>
        <extensions>
          <ns3:TrackPointExtension>
            <ns3:hr>124</ns3:hr>
          </ns3:TrackPointExtension>
        </extensions>
      </trkpt>
      <trkpt lat="44.4486737810075283050537109375" lon="-80.283612348139286041259765625">
        <ele>497.79998779296875</ele>
        <time>2024-10-23T19:16:35.000Z</time>
        <extensions>
          <ns3:TrackPointExtension>
            <ns3:hr>122</ns3:hr>
          </ns3:TrackPointExtension>
        </extensions>
      </trkpt>
      <trkpt lat="44.44869984872639179229736328125" lon="-80.28368351049721240997314453125">
        <ele>498.79998779296875</ele>
        <time>2024-10-23T19:16:47.000Z</time>
        <extensions>
          <ns3:TrackPointExtension>
            <ns3:hr>120</ns3:hr>
          </ns3:TrackPointExtension>
        </extensions>
      </trkpt>
      <trkpt lat="44.44874879904091358184814453125" lon="-80.28369239531457424163818359375">
        <ele>499.20001220703125</ele>
        <time>2024-10-23T19:16:59.000Z</time>
        <extensions>
          <ns3:TrackPointExtension>
            <ns3:hr>119</ns3:hr>
          </ns3:TrackPointExtension>
        </extensions>
      </trkpt>
      <trkpt lat="44.44875768385827541351318359375" lon="-80.2836906351149082183837890625">
        <ele>499.20001220703125</ele>
        <time>2024-10-23T19:17:01.000Z</time>
        <extensions>
          <ns3:TrackPointExtension>
            <ns3:hr>116</ns3:hr>
          </ns3:TrackPointExtension>
        </extensions>
      </trkpt>
      <trkpt lat="44.44878919981420040130615234375" lon="-80.2836946584284305572509765625">
        <ele>499.20001220703125</ele>
        <time>2024-10-23T19:17:05.000Z</time>
        <extensions>
          <ns3:TrackPointExtension>
            <ns3:hr>113</ns3:hr>
          </ns3:TrackPointExtension>
        </extensions>
      </trkpt>
      <trkpt lat="44.4488310255110263824462890625" lon="-80.28372826986014842987060546875">
        <ele>499</ele>
        <time>2024-10-23T19:17:12.000Z</time>
        <extensions>
          <ns3:TrackPointExtension>
            <ns3:hr>112</ns3:hr>
          </ns3:TrackPointExtension>
        </extensions>
      </trkpt>
      <trkpt lat="44.448833204805850982666015625" lon="-80.28373413719236850738525390625">
        <ele>499</ele>
        <time>2024-10-23T19:17:13.000Z</time>
        <extensions>
          <ns3:TrackPointExtension>
            <ns3:hr>116</ns3:hr>
          </ns3:TrackPointExtension>
        </extensions>
      </trkpt>
      <trkpt lat="44.44887318648397922515869140625" lon="-80.2837419323623180389404296875">
        <ele>499</ele>
        <time>2024-10-23T19:17:25.000Z</time>
        <extensions>
          <ns3:TrackPointExtension>
            <ns3:hr>115</ns3:hr>
          </ns3:TrackPointExtension>
        </extensions>
      </trkpt>
      <trkpt lat="44.44894443266093730926513671875" lon="-80.2838277630507946014404296875">
        <ele>498.600006103515625</ele>
        <time>2024-10-23T19:17:38.000Z</time>
        <extensions>
          <ns3:TrackPointExtension>
            <ns3:hr>115</ns3:hr>
          </ns3:TrackPointExtension>
        </extensions>
      </trkpt>
      <trkpt lat="44.4489683210849761962890625" lon="-80.28389029204845428466796875">
        <ele>498.20001220703125</ele>
        <time>2024-10-23T19:17:52.000Z</time>
        <extensions>
          <ns3:TrackPointExtension>
            <ns3:hr>112</ns3:hr>
          </ns3:TrackPointExtension>
        </extensions>
      </trkpt>
      <trkpt lat="44.4489654712378978729248046875" lon="-80.283889956772327423095703125">
        <ele>498.20001220703125</ele>
        <time>2024-10-23T19:17:53.000Z</time>
        <extensions>
          <ns3:TrackPointExtension>
            <ns3:hr>112</ns3:hr>
          </ns3:TrackPointExtension>
        </extensions>
      </trkpt>
      <trkpt lat="44.44899179041385650634765625" lon="-80.28387143276631832122802734375">
        <ele>497.79998779296875</ele>
        <time>2024-10-23T19:18:02.000Z</time>
        <extensions>
          <ns3:TrackPointExtension>
            <ns3:hr>110</ns3:hr>
          </ns3:TrackPointExtension>
        </extensions>
      </trkpt>
      <trkpt lat="44.44901500828564167022705078125" lon="-80.283858440816402435302734375">
        <ele>497.600006103515625</ele>
        <time>2024-10-23T19:18:06.000Z</time>
        <extensions>
          <ns3:TrackPointExtension>
            <ns3:hr>111</ns3:hr>
          </ns3:TrackPointExtension>
        </extensions>
      </trkpt>
      <trkpt lat="44.44906529970467090606689453125" lon="-80.28383530676364898681640625">
        <ele>497.20001220703125</ele>
        <time>2024-10-23T19:18:13.000Z</time>
        <extensions>
          <ns3:TrackPointExtension>
            <ns3:hr>108</ns3:hr>
          </ns3:TrackPointExtension>
        </extensions>
      </trkpt>
      <trkpt lat="44.44910285063087940216064453125" lon="-80.28381192125380039215087890625">
        <ele>497.20001220703125</ele>
        <time>2024-10-23T19:18:18.000Z</time>
        <extensions>
          <ns3:TrackPointExtension>
            <ns3:hr>105</ns3:hr>
          </ns3:TrackPointExtension>
        </extensions>
      </trkpt>
      <trkpt lat="44.44911248981952667236328125" lon="-80.28381091542541980743408203125">
        <ele>497.20001220703125</ele>
        <time>2024-10-23T19:18:19.000Z</time>
        <extensions>
          <ns3:TrackPointExtension>
            <ns3:hr>108</ns3:hr>
          </ns3:TrackPointExtension>
        </extensions>
      </trkpt>
      <trkpt lat="44.44912984035909175872802734375" lon="-80.2838109992444515228271484375">
        <ele>497.20001220703125</ele>
        <time>2024-10-23T19:18:21.000Z</time>
        <extensions>
          <ns3:TrackPointExtension>
            <ns3:hr>108</ns3:hr>
          </ns3:TrackPointExtension>
        </extensions>
      </trkpt>
      <trkpt lat="44.449168480932712554931640625" lon="-80.28380236588418483734130859375">
        <ele>496.79998779296875</ele>
        <time>2024-10-23T19:18:27.000Z</time>
        <extensions>
          <ns3:TrackPointExtension>
            <ns3:hr>109</ns3:hr>
          </ns3:TrackPointExtension>
        </extensions>
      </trkpt>
      <trkpt lat="44.4492330215871334075927734375" lon="-80.28382348828017711639404296875">
        <ele>496.399993896484375</ele>
        <time>2024-10-23T19:18:34.000Z</time>
        <extensions>
          <ns3:TrackPointExtension>
            <ns3:hr>107</ns3:hr>
          </ns3:TrackPointExtension>
        </extensions>
      </trkpt>
      <trkpt lat="44.44934274069964885711669921875" lon="-80.28383857570588588714599609375">
        <ele>496</ele>
        <time>2024-10-23T19:18:49.000Z</time>
        <extensions>
          <ns3:TrackPointExtension>
            <ns3:hr>106</ns3:hr>
          </ns3:TrackPointExtension>
        </extensions>
      </trkpt>
      <trkpt lat="44.44936486892402172088623046875" lon="-80.2838388271629810333251953125">
        <ele>495.79998779296875</ele>
        <time>2024-10-23T19:18:52.000Z</time>
        <extensions>
          <ns3:TrackPointExtension>
            <ns3:hr>104</ns3:hr>
          </ns3:TrackPointExtension>
        </extensions>
      </trkpt>
      <trkpt lat="44.4493768550455570220947265625" lon="-80.28384544886648654937744140625">
        <ele>495.600006103515625</ele>
        <time>2024-10-23T19:18:54.000Z</time>
        <extensions>
          <ns3:TrackPointExtension>
            <ns3:hr>107</ns3:hr>
          </ns3:TrackPointExtension>
        </extensions>
      </trkpt>
      <trkpt lat="44.44943192414939403533935546875" lon="-80.28386288322508335113525390625">
        <ele>495.20001220703125</ele>
        <time>2024-10-23T19:19:05.000Z</time>
        <extensions>
          <ns3:TrackPointExtension>
            <ns3:hr>107</ns3:hr>
          </ns3:TrackPointExtension>
        </extensions>
      </trkpt>
      <trkpt lat="44.44951339624822139739990234375" lon="-80.28389565646648406982421875">
        <ele>494.79998779296875</ele>
        <time>2024-10-23T19:19:16.000Z</time>
        <extensions>
          <ns3:TrackPointExtension>
            <ns3:hr>106</ns3:hr>
          </ns3:TrackPointExtension>
        </extensions>
      </trkpt>
      <trkpt lat="44.44954105652868747711181640625" lon="-80.28390311636030673980712890625">
        <ele>494.600006103515625</ele>
        <time>2024-10-23T19:19:19.000Z</time>
        <extensions>
          <ns3:TrackPointExtension>
            <ns3:hr>107</ns3:hr>
          </ns3:TrackPointExtension>
        </extensions>
      </trkpt>
      <trkpt lat="44.44966477341949939727783203125" lon="-80.28392038308084011077880859375">
        <ele>494.399993896484375</ele>
        <time>2024-10-23T19:19:33.000Z</time>
        <extensions>
          <ns3:TrackPointExtension>
            <ns3:hr>106</ns3:hr>
          </ns3:TrackPointExtension>
        </extensions>
      </trkpt>
      <trkpt lat="44.4496764242649078369140625" lon="-80.28392658568918704986572265625">
        <ele>494.399993896484375</ele>
        <time>2024-10-23T19:19:34.000Z</time>
        <extensions>
          <ns3:TrackPointExtension>
            <ns3:hr>109</ns3:hr>
          </ns3:TrackPointExtension>
        </extensions>
      </trkpt>
      <trkpt lat="44.44969444535672664642333984375" lon="-80.28393396176397800445556640625">
        <ele>494.399993896484375</ele>
        <time>2024-10-23T19:19:36.000Z</time>
        <extensions>
          <ns3:TrackPointExtension>
            <ns3:hr>115</ns3:hr>
          </ns3:TrackPointExtension>
        </extensions>
      </trkpt>
      <trkpt lat="44.449710957705974578857421875" lon="-80.28394217602908611297607421875">
        <ele>494.600006103515625</ele>
        <time>2024-10-23T19:19:38.000Z</time>
        <extensions>
          <ns3:TrackPointExtension>
            <ns3:hr>118</ns3:hr>
          </ns3:TrackPointExtension>
        </extensions>
      </trkpt>
      <trkpt lat="44.44974456913769245147705078125" lon="-80.283936560153961181640625">
        <ele>494.600006103515625</ele>
        <time>2024-10-23T19:19:42.000Z</time>
        <extensions>
          <ns3:TrackPointExtension>
            <ns3:hr>121</ns3:hr>
          </ns3:TrackPointExtension>
        </extensions>
      </trkpt>
      <trkpt lat="44.4497822038829326629638671875" lon="-80.28393597342073917388916015625">
        <ele>494.79998779296875</ele>
        <time>2024-10-23T19:19:50.000Z</time>
        <extensions>
          <ns3:TrackPointExtension>
            <ns3:hr>118</ns3:hr>
          </ns3:TrackPointExtension>
        </extensions>
      </trkpt>
      <trkpt lat="44.44978966377675533294677734375" lon="-80.28393781743943691253662109375">
        <ele>494.79998779296875</ele>
        <time>2024-10-23T19:19:52.000Z</time>
        <extensions>
          <ns3:TrackPointExtension>
            <ns3:hr>121</ns3:hr>
          </ns3:TrackPointExtension>
        </extensions>
      </trkpt>
      <trkpt lat="44.44980089552700519561767578125" lon="-80.28394351713359355926513671875">
        <ele>494.79998779296875</ele>
        <time>2024-10-23T19:19:54.000Z</time>
        <extensions>
          <ns3:TrackPointExtension>
            <ns3:hr>124</ns3:hr>
          </ns3:TrackPointExtension>
        </extensions>
      </trkpt>
      <trkpt lat="44.44987616501748561859130859375" lon="-80.2839823253452777862548828125">
        <ele>495</ele>
        <time>2024-10-23T19:20:04.000Z</time>
        <extensions>
          <ns3:TrackPointExtension>
            <ns3:hr>121</ns3:hr>
          </ns3:TrackPointExtension>
        </extensions>
      </trkpt>
      <trkpt lat="44.44991706870496273040771484375" lon="-80.28399079106748104095458984375">
        <ele>495.20001220703125</ele>
        <time>2024-10-23T19:20:08.000Z</time>
        <extensions>
          <ns3:TrackPointExtension>
            <ns3:hr>122</ns3:hr>
          </ns3:TrackPointExtension>
        </extensions>
      </trkpt>
      <trkpt lat="44.44996400736272335052490234375" lon="-80.28399917297065258026123046875">
        <ele>495.600006103515625</ele>
        <time>2024-10-23T19:20:13.000Z</time>
        <extensions>
          <ns3:TrackPointExtension>
            <ns3:hr>119</ns3:hr>
          </ns3:TrackPointExtension>
        </extensions>
      </trkpt>
      <trkpt lat="44.44997222162783145904541015625" lon="-80.28400319628417491912841796875">
        <ele>495.600006103515625</ele>
        <time>2024-10-23T19:20:14.000Z</time>
        <extensions>
          <ns3:TrackPointExtension>
            <ns3:hr>116</ns3:hr>
          </ns3:TrackPointExtension>
        </extensions>
      </trkpt>
      <trkpt lat="44.44998043589293956756591796875" lon="-80.28400294482707977294921875">
        <ele>495.79998779296875</ele>
        <time>2024-10-23T19:20:15.000Z</time>
        <extensions>
          <ns3:TrackPointExtension>
            <ns3:hr>117</ns3:hr>
          </ns3:TrackPointExtension>
        </extensions>
      </trkpt>
      <trkpt lat="44.4500412046909332275390625" lon="-80.2840235643088817596435546875">
        <ele>496.399993896484375</ele>
        <time>2024-10-23T19:20:21.000Z</time>
        <extensions>
          <ns3:TrackPointExtension>
            <ns3:hr>121</ns3:hr>
          </ns3:TrackPointExtension>
        </extensions>
      </trkpt>
      <trkpt lat="44.45004916749894618988037109375" lon="-80.28402348048985004425048828125">
        <ele>496.399993896484375</ele>
        <time>2024-10-23T19:20:22.000Z</time>
        <extensions>
          <ns3:TrackPointExtension>
            <ns3:hr>120</ns3:hr>
          </ns3:TrackPointExtension>
        </extensions>
      </trkpt>
      <trkpt lat="44.45006442256271839141845703125" lon="-80.28401694260537624359130859375">
        <ele>496.600006103515625</ele>
        <time>2024-10-23T19:20:24.000Z</time>
        <extensions>
          <ns3:TrackPointExtension>
            <ns3:hr>123</ns3:hr>
          </ns3:TrackPointExtension>
        </extensions>
      </trkpt>
      <trkpt lat="44.45008034817874431610107421875" lon="-80.28401258401572704315185546875">
        <ele>496.600006103515625</ele>
        <time>2024-10-23T19:20:26.000Z</time>
        <extensions>
          <ns3:TrackPointExtension>
            <ns3:hr>127</ns3:hr>
          </ns3:TrackPointExtension>
        </extensions>
      </trkpt>
      <trkpt lat="44.4500921666622161865234375" lon="-80.28401493094861507415771484375">
        <ele>496.79998779296875</ele>
        <time>2024-10-23T19:20:28.000Z</time>
        <extensions>
          <ns3:TrackPointExtension>
            <ns3:hr>127</ns3:hr>
          </ns3:TrackPointExtension>
        </extensions>
      </trkpt>
      <trkpt lat="44.45010532625019550323486328125" lon="-80.28402046300470829010009765625">
        <ele>496.79998779296875</ele>
        <time>2024-10-23T19:20:30.000Z</time>
        <extensions>
          <ns3:TrackPointExtension>
            <ns3:hr>124</ns3:hr>
          </ns3:TrackPointExtension>
        </extensions>
      </trkpt>
      <trkpt lat="44.4501372613012790679931640625" lon="-80.28404091484844684600830078125">
        <ele>497</ele>
        <time>2024-10-23T19:20:34.000Z</time>
        <extensions>
          <ns3:TrackPointExtension>
            <ns3:hr>119</ns3:hr>
          </ns3:TrackPointExtension>
        </extensions>
      </trkpt>
      <trkpt lat="44.45014622993767261505126953125" lon="-80.28405214659869670867919921875">
        <ele>497.20001220703125</ele>
        <time>2024-10-23T19:20:36.000Z</time>
        <extensions>
          <ns3:TrackPointExtension>
            <ns3:hr>118</ns3:hr>
          </ns3:TrackPointExtension>
        </extensions>
      </trkpt>
      <trkpt lat="44.4502053223550319671630859375" lon="-80.28404946438968181610107421875">
        <ele>497.20001220703125</ele>
        <time>2024-10-23T19:20:43.000Z</time>
        <extensions>
          <ns3:TrackPointExtension>
            <ns3:hr>115</ns3:hr>
          </ns3:TrackPointExtension>
        </extensions>
      </trkpt>
      <trkpt lat="44.45021890103816986083984375" lon="-80.2840398252010345458984375">
        <ele>497</ele>
        <time>2024-10-23T19:20:49.000Z</time>
        <extensions>
          <ns3:TrackPointExtension>
            <ns3:hr>112</ns3:hr>
          </ns3:TrackPointExtension>
        </extensions>
      </trkpt>
      <trkpt lat="44.4502881355583667755126953125" lon="-80.2840720117092132568359375">
        <ele>497</ele>
        <time>2024-10-23T19:21:03.000Z</time>
        <extensions>
          <ns3:TrackPointExtension>
            <ns3:hr>109</ns3:hr>
          </ns3:TrackPointExtension>
        </extensions>
      </trkpt>
      <trkpt lat="44.45029492489993572235107421875" lon="-80.28408181853592395782470703125">
        <ele>496.79998779296875</ele>
        <time>2024-10-23T19:21:05.000Z</time>
        <extensions>
          <ns3:TrackPointExtension>
            <ns3:hr>110</ns3:hr>
          </ns3:TrackPointExtension>
        </extensions>
      </trkpt>
      <trkpt lat="44.45030204951763153076171875" lon="-80.28409120626747608184814453125">
        <ele>496.79998779296875</ele>
        <time>2024-10-23T19:21:06.000Z</time>
        <extensions>
          <ns3:TrackPointExtension>
            <ns3:hr>113</ns3:hr>
          </ns3:TrackPointExtension>
        </extensions>
      </trkpt>
      <trkpt lat="44.45034957490861415863037109375" lon="-80.28408902697265148162841796875">
        <ele>497</ele>
        <time>2024-10-23T19:21:17.000Z</time>
        <extensions>
          <ns3:TrackPointExtension>
            <ns3:hr>113</ns3:hr>
          </ns3:TrackPointExtension>
        </extensions>
      </trkpt>
      <trkpt lat="44.4504359923303127288818359375" lon="-80.28407142497599124908447265625">
        <ele>497.600006103515625</ele>
        <time>2024-10-23T19:21:30.000Z</time>
        <extensions>
          <ns3:TrackPointExtension>
            <ns3:hr>110</ns3:hr>
          </ns3:TrackPointExtension>
        </extensions>
      </trkpt>
      <trkpt lat="44.45044160820543766021728515625" lon="-80.284064970910549163818359375">
        <ele>497.600006103515625</ele>
        <time>2024-10-23T19:21:31.000Z</time>
        <extensions>
          <ns3:TrackPointExtension>
            <ns3:hr>111</ns3:hr>
          </ns3:TrackPointExtension>
        </extensions>
      </trkpt>
      <trkpt lat="44.45047438144683837890625" lon="-80.28400822542607784271240234375">
        <ele>497.600006103515625</ele>
        <time>2024-10-23T19:21:40.000Z</time>
        <extensions>
          <ns3:TrackPointExtension>
            <ns3:hr>114</ns3:hr>
          </ns3:TrackPointExtension>
        </extensions>
      </trkpt>
      <trkpt lat="44.45049223490059375762939453125" lon="-80.28399892151355743408203125">
        <ele>497.600006103515625</ele>
        <time>2024-10-23T19:21:43.000Z</time>
        <extensions>
          <ns3:TrackPointExtension>
            <ns3:hr>111</ns3:hr>
          </ns3:TrackPointExtension>
        </extensions>
      </trkpt>
      <trkpt lat="44.45053045637905597686767578125" lon="-80.2839861810207366943359375">
        <ele>497.600006103515625</ele>
        <time>2024-10-23T19:21:49.000Z</time>
        <extensions>
          <ns3:TrackPointExtension>
            <ns3:hr>111</ns3:hr>
          </ns3:TrackPointExtension>
        </extensions>
      </trkpt>
      <trkpt lat="44.45063808001577854156494140625" lon="-80.2839897014200687408447265625">
        <ele>496.399993896484375</ele>
        <time>2024-10-23T19:22:04.000Z</time>
        <extensions>
          <ns3:TrackPointExtension>
            <ns3:hr>112</ns3:hr>
          </ns3:TrackPointExtension>
        </extensions>
      </trkpt>
      <trkpt lat="44.45070278830826282501220703125" lon="-80.2840188704431056976318359375">
        <ele>496.399993896484375</ele>
        <time>2024-10-23T19:22:17.000Z</time>
        <extensions>
          <ns3:TrackPointExtension>
            <ns3:hr>110</ns3:hr>
          </ns3:TrackPointExtension>
        </extensions>
      </trkpt>
      <trkpt lat="44.45077001117169857025146484375" lon="-80.2840451896190643310546875">
        <ele>496.399993896484375</ele>
        <time>2024-10-23T19:22:26.000Z</time>
        <extensions>
          <ns3:TrackPointExtension>
            <ns3:hr>114</ns3:hr>
          </ns3:TrackPointExtension>
        </extensions>
      </trkpt>
      <trkpt lat="44.45077420212328433990478515625" lon="-80.28405130840837955474853515625">
        <ele>496.399993896484375</ele>
        <time>2024-10-23T19:22:27.000Z</time>
        <extensions>
          <ns3:TrackPointExtension>
            <ns3:hr>117</ns3:hr>
          </ns3:TrackPointExtension>
        </extensions>
      </trkpt>
      <trkpt lat="44.4507796503603458404541015625" lon="-80.2840532362461090087890625">
        <ele>496.399993896484375</ele>
        <time>2024-10-23T19:22:28.000Z</time>
        <extensions>
          <ns3:TrackPointExtension>
            <ns3:hr>114</ns3:hr>
          </ns3:TrackPointExtension>
        </extensions>
      </trkpt>
      <trkpt lat="44.4507846795022487640380859375" lon="-80.284057594835758209228515625">
        <ele>496.399993896484375</ele>
        <time>2024-10-23T19:22:29.000Z</time>
        <extensions>
          <ns3:TrackPointExtension>
            <ns3:hr>114</ns3:hr>
          </ns3:TrackPointExtension>
        </extensions>
      </trkpt>
      <trkpt lat="44.45086237974464893341064453125" lon="-80.2841060422360897064208984375">
        <ele>496.399993896484375</ele>
        <time>2024-10-23T19:22:43.000Z</time>
        <extensions>
          <ns3:TrackPointExtension>
            <ns3:hr>115</ns3:hr>
          </ns3:TrackPointExtension>
        </extensions>
      </trkpt>
      <trkpt lat="44.45093572139739990234375" lon="-80.28415390290319919586181640625">
        <ele>496.600006103515625</ele>
        <time>2024-10-23T19:22:54.000Z</time>
        <extensions>
          <ns3:TrackPointExtension>
            <ns3:hr>112</ns3:hr>
          </ns3:TrackPointExtension>
        </extensions>
      </trkpt>
      <trkpt lat="44.4509697519242763519287109375" lon="-80.28417904861271381378173828125">
        <ele>496.20001220703125</ele>
        <time>2024-10-23T19:23:00.000Z</time>
        <extensions>
          <ns3:TrackPointExtension>
            <ns3:hr>113</ns3:hr>
          </ns3:TrackPointExtension>
        </extensions>
      </trkpt>
      <trkpt lat="44.4509952329099178314208984375" lon="-80.28420033864676952362060546875">
        <ele>495.79998779296875</ele>
        <time>2024-10-23T19:23:05.000Z</time>
        <extensions>
          <ns3:TrackPointExtension>
            <ns3:hr>113</ns3:hr>
          </ns3:TrackPointExtension>
        </extensions>
      </trkpt>
      <trkpt lat="44.451002441346645355224609375" lon="-80.284206457436084747314453125">
        <ele>495.79998779296875</ele>
        <time>2024-10-23T19:23:06.000Z</time>
        <extensions>
          <ns3:TrackPointExtension>
            <ns3:hr>109</ns3:hr>
          </ns3:TrackPointExtension>
        </extensions>
      </trkpt>
      <trkpt lat="44.45105181075632572174072265625" lon="-80.28427041135728359222412109375">
        <ele>495.399993896484375</ele>
        <time>2024-10-23T19:23:16.000Z</time>
        <extensions>
          <ns3:TrackPointExtension>
            <ns3:hr>110</ns3:hr>
          </ns3:TrackPointExtension>
        </extensions>
      </trkpt>
      <trkpt lat="44.451101012527942657470703125" lon="-80.2843303419649600982666015625">
        <ele>495</ele>
        <time>2024-10-23T19:23:30.000Z</time>
        <extensions>
          <ns3:TrackPointExtension>
            <ns3:hr>109</ns3:hr>
          </ns3:TrackPointExtension>
        </extensions>
      </trkpt>
      <trkpt lat="44.45110444910824298858642578125" lon="-80.28433528728783130645751953125">
        <ele>495</ele>
        <time>2024-10-23T19:23:32.000Z</time>
        <extensions>
          <ns3:TrackPointExtension>
            <ns3:hr>106</ns3:hr>
          </ns3:TrackPointExtension>
        </extensions>
      </trkpt>
      <trkpt lat="44.4511105678975582122802734375" lon="-80.284341238439083099365234375">
        <ele>495</ele>
        <time>2024-10-23T19:23:34.000Z</time>
        <extensions>
          <ns3:TrackPointExtension>
            <ns3:hr>109</ns3:hr>
          </ns3:TrackPointExtension>
        </extensions>
      </trkpt>
      <trkpt lat="44.45111517794430255889892578125" lon="-80.2843450941145420074462890625">
        <ele>495</ele>
        <time>2024-10-23T19:23:35.000Z</time>
        <extensions>
          <ns3:TrackPointExtension>
            <ns3:hr>106</ns3:hr>
          </ns3:TrackPointExtension>
        </extensions>
      </trkpt>
      <trkpt lat="44.45117049850523471832275390625" lon="-80.2843833155930042266845703125">
        <ele>495</ele>
        <time>2024-10-23T19:23:42.000Z</time>
        <extensions>
          <ns3:TrackPointExtension>
            <ns3:hr>109</ns3:hr>
          </ns3:TrackPointExtension>
        </extensions>
      </trkpt>
      <trkpt lat="44.4511742703616619110107421875" lon="-80.2843876741826534271240234375">
        <ele>495</ele>
        <time>2024-10-23T19:23:43.000Z</time>
        <extensions>
          <ns3:TrackPointExtension>
            <ns3:hr>107</ns3:hr>
          </ns3:TrackPointExtension>
        </extensions>
      </trkpt>
      <trkpt lat="44.4512091390788555145263671875" lon="-80.28444425202906131744384765625">
        <ele>495.20001220703125</ele>
        <time>2024-10-23T19:23:57.000Z</time>
        <extensions>
          <ns3:TrackPointExtension>
            <ns3:hr>107</ns3:hr>
          </ns3:TrackPointExtension>
        </extensions>
      </trkpt>
      <trkpt lat="44.451232440769672393798828125" lon="-80.2845331840217113494873046875">
        <ele>494.79998779296875</ele>
        <time>2024-10-23T19:24:08.000Z</time>
        <extensions>
          <ns3:TrackPointExtension>
            <ns3:hr>110</ns3:hr>
          </ns3:TrackPointExtension>
        </extensions>
      </trkpt>
      <trkpt lat="44.4512393139302730560302734375" lon="-80.28455120511353015899658203125">
        <ele>495.399993896484375</ele>
        <time>2024-10-23T19:24:10.000Z</time>
        <extensions>
          <ns3:TrackPointExtension>
            <ns3:hr>111</ns3:hr>
          </ns3:TrackPointExtension>
        </extensions>
      </trkpt>
      <trkpt lat="44.45124291814863681793212890625" lon="-80.28456931002438068389892578125">
        <ele>495.399993896484375</ele>
        <time>2024-10-23T19:24:12.000Z</time>
        <extensions>
          <ns3:TrackPointExtension>
            <ns3:hr>114</ns3:hr>
          </ns3:TrackPointExtension>
        </extensions>
      </trkpt>
      <trkpt lat="44.4512607716023921966552734375" lon="-80.2846066094934940338134765625">
        <ele>495.399993896484375</ele>
        <time>2024-10-23T19:24:17.000Z</time>
        <extensions>
          <ns3:TrackPointExtension>
            <ns3:hr>111</ns3:hr>
          </ns3:TrackPointExtension>
        </extensions>
      </trkpt>
      <trkpt lat="44.451270997524261474609375" lon="-80.28462111018598079681396484375">
        <ele>495.399993896484375</ele>
        <time>2024-10-23T19:24:23.000Z</time>
        <extensions>
          <ns3:TrackPointExtension>
            <ns3:hr>111</ns3:hr>
          </ns3:TrackPointExtension>
        </extensions>
      </trkpt>
      <trkpt lat="44.45135657675564289093017578125" lon="-80.284717082977294921875">
        <ele>495.399993896484375</ele>
        <time>2024-10-23T19:24:35.000Z</time>
        <extensions>
          <ns3:TrackPointExtension>
            <ns3:hr>110</ns3:hr>
          </ns3:TrackPointExtension>
        </extensions>
      </trkpt>
      <trkpt lat="44.45141038857400417327880859375" lon="-80.28474315069615840911865234375">
        <ele>495.399993896484375</ele>
        <time>2024-10-23T19:24:41.000Z</time>
        <extensions>
          <ns3:TrackPointExtension>
            <ns3:hr>107</ns3:hr>
          </ns3:TrackPointExtension>
        </extensions>
      </trkpt>
      <trkpt lat="44.4514186866581439971923828125" lon="-80.28476066887378692626953125">
        <ele>495.399993896484375</ele>
        <time>2024-10-23T19:24:43.000Z</time>
        <extensions>
          <ns3:TrackPointExtension>
            <ns3:hr>111</ns3:hr>
          </ns3:TrackPointExtension>
        </extensions>
      </trkpt>
      <trkpt lat="44.4514300860464572906494140625" lon="-80.28477600775659084320068359375">
        <ele>495.399993896484375</ele>
        <time>2024-10-23T19:24:46.000Z</time>
        <extensions>
          <ns3:TrackPointExtension>
            <ns3:hr>108</ns3:hr>
          </ns3:TrackPointExtension>
        </extensions>
      </trkpt>
      <trkpt lat="44.45143838413059711456298828125" lon="-80.28478690423071384429931640625">
        <ele>495.399993896484375</ele>
        <time>2024-10-23T19:24:47.000Z</time>
        <extensions>
          <ns3:TrackPointExtension>
            <ns3:hr>106</ns3:hr>
          </ns3:TrackPointExtension>
        </extensions>
      </trkpt>
      <trkpt lat="44.451448358595371246337890625" lon="-80.28480249457061290740966796875">
        <ele>495.399993896484375</ele>
        <time>2024-10-23T19:24:50.000Z</time>
        <extensions>
          <ns3:TrackPointExtension>
            <ns3:hr>103</ns3:hr>
          </ns3:TrackPointExtension>
        </extensions>
      </trkpt>
      <trkpt lat="44.45147291757166385650634765625" lon="-80.28484507463872432708740234375">
        <ele>495.399993896484375</ele>
        <time>2024-10-23T19:24:56.000Z</time>
        <extensions>
          <ns3:TrackPointExtension>
            <ns3:hr>106</ns3:hr>
          </ns3:TrackPointExtension>
        </extensions>
      </trkpt>
      <trkpt lat="44.45146570913493633270263671875" lon="-80.28490944765508174896240234375">
        <ele>495.399993896484375</ele>
        <time>2024-10-23T19:25:02.000Z</time>
        <extensions>
          <ns3:TrackPointExtension>
            <ns3:hr>104</ns3:hr>
          </ns3:TrackPointExtension>
        </extensions>
      </trkpt>
      <trkpt lat="44.4514813832938671112060546875" lon="-80.28496912680566310882568359375">
        <ele>495.399993896484375</ele>
        <time>2024-10-23T19:25:07.000Z</time>
        <extensions>
          <ns3:TrackPointExtension>
            <ns3:hr>100</ns3:hr>
          </ns3:TrackPointExtension>
        </extensions>
      </trkpt>
      <trkpt lat="44.45150434970855712890625" lon="-80.2850537002086639404296875">
        <ele>495.399993896484375</ele>
        <time>2024-10-23T19:25:14.000Z</time>
        <extensions>
          <ns3:TrackPointExtension>
            <ns3:hr>99</ns3:hr>
          </ns3:TrackPointExtension>
        </extensions>
      </trkpt>
      <trkpt lat="44.45150367915630340576171875" lon="-80.285171382129192352294921875">
        <ele>495.399993896484375</ele>
        <time>2024-10-23T19:25:29.000Z</time>
        <extensions>
          <ns3:TrackPointExtension>
            <ns3:hr>101</ns3:hr>
          </ns3:TrackPointExtension>
        </extensions>
      </trkpt>
      <trkpt lat="44.4515110552310943603515625" lon="-80.28517196886241436004638671875">
        <ele>495.399993896484375</ele>
        <time>2024-10-23T19:25:31.000Z</time>
        <extensions>
          <ns3:TrackPointExtension>
            <ns3:hr>98</ns3:hr>
          </ns3:TrackPointExtension>
        </extensions>
      </trkpt>
      <trkpt lat="44.4515122286975383758544921875" lon="-80.2852101065218448638916015625">
        <ele>495.399993896484375</ele>
        <time>2024-10-23T19:25:36.000Z</time>
        <extensions>
          <ns3:TrackPointExtension>
            <ns3:hr>101</ns3:hr>
          </ns3:TrackPointExtension>
        </extensions>
      </trkpt>
      <trkpt lat="44.45148649625480175018310546875" lon="-80.2852379344403743743896484375">
        <ele>495.399993896484375</ele>
        <time>2024-10-23T19:25:40.000Z</time>
        <extensions>
          <ns3:TrackPointExtension>
            <ns3:hr>100</ns3:hr>
          </ns3:TrackPointExtension>
        </extensions>
      </trkpt>
      <trkpt lat="44.45147962309420108795166015625" lon="-80.2852778322994709014892578125">
        <ele>495.399993896484375</ele>
        <time>2024-10-23T19:25:45.000Z</time>
        <extensions>
          <ns3:TrackPointExtension>
            <ns3:hr>103</ns3:hr>
          </ns3:TrackPointExtension>
        </extensions>
      </trkpt>
      <trkpt lat="44.45147627033293247222900390625" lon="-80.28528328053653240203857421875">
        <ele>495.399993896484375</ele>
        <time>2024-10-23T19:25:46.000Z</time>
        <extensions>
          <ns3:TrackPointExtension>
            <ns3:hr>106</ns3:hr>
          </ns3:TrackPointExtension>
        </extensions>
      </trkpt>
      <trkpt lat="44.4514733366668224334716796875" lon="-80.28529107570648193359375">
        <ele>495.399993896484375</ele>
        <time>2024-10-23T19:25:47.000Z</time>
        <extensions>
          <ns3:TrackPointExtension>
            <ns3:hr>106</ns3:hr>
          </ns3:TrackPointExtension>
        </extensions>
      </trkpt>
      <trkpt lat="44.45147216320037841796875" lon="-80.28529719449579715728759765625">
        <ele>495.399993896484375</ele>
        <time>2024-10-23T19:25:48.000Z</time>
        <extensions>
          <ns3:TrackPointExtension>
            <ns3:hr>110</ns3:hr>
          </ns3:TrackPointExtension>
        </extensions>
      </trkpt>
      <trkpt lat="44.451467134058475494384765625" lon="-80.2853854559361934661865234375">
        <ele>495.399993896484375</ele>
        <time>2024-10-23T19:25:57.000Z</time>
        <extensions>
          <ns3:TrackPointExtension>
            <ns3:hr>111</ns3:hr>
          </ns3:TrackPointExtension>
        </extensions>
      </trkpt>
      <trkpt lat="44.45146671496331691741943359375" lon="-80.2854119427502155303955078125">
        <ele>495.399993896484375</ele>
        <time>2024-10-23T19:26:00.000Z</time>
        <extensions>
          <ns3:TrackPointExtension>
            <ns3:hr>108</ns3:hr>
          </ns3:TrackPointExtension>
        </extensions>
      </trkpt>
      <trkpt lat="44.4514947943389415740966796875" lon="-80.28552836738526821136474609375">
        <ele>495.399993896484375</ele>
        <time>2024-10-23T19:26:11.000Z</time>
        <extensions>
          <ns3:TrackPointExtension>
            <ns3:hr>109</ns3:hr>
          </ns3:TrackPointExtension>
        </extensions>
      </trkpt>
      <trkpt lat="44.4514522142708301544189453125" lon="-80.2856754697859287261962890625">
        <ele>495.399993896484375</ele>
        <time>2024-10-23T19:26:23.000Z</time>
        <extensions>
          <ns3:TrackPointExtension>
            <ns3:hr>107</ns3:hr>
          </ns3:TrackPointExtension>
        </extensions>
      </trkpt>
      <trkpt lat="44.45143620483577251434326171875" lon="-80.28578183613717555999755859375">
        <ele>495.399993896484375</ele>
        <time>2024-10-23T19:26:38.000Z</time>
        <extensions>
          <ns3:TrackPointExtension>
            <ns3:hr>110</ns3:hr>
          </ns3:TrackPointExtension>
        </extensions>
      </trkpt>
      <trkpt lat="44.451434612274169921875" lon="-80.28578954748809337615966796875">
        <ele>495.399993896484375</ele>
        <time>2024-10-23T19:26:39.000Z</time>
        <extensions>
          <ns3:TrackPointExtension>
            <ns3:hr>110</ns3:hr>
          </ns3:TrackPointExtension>
        </extensions>
      </trkpt>
      <trkpt lat="44.451440311968326568603515625" lon="-80.285835564136505126953125">
        <ele>495.399993896484375</ele>
        <time>2024-10-23T19:26:47.000Z</time>
        <extensions>
          <ns3:TrackPointExtension>
            <ns3:hr>113</ns3:hr>
          </ns3:TrackPointExtension>
        </extensions>
      </trkpt>
      <trkpt lat="44.4514498673379421234130859375" lon="-80.285860709846019744873046875">
        <ele>495.399993896484375</ele>
        <time>2024-10-23T19:26:49.000Z</time>
        <extensions>
          <ns3:TrackPointExtension>
            <ns3:hr>109</ns3:hr>
          </ns3:TrackPointExtension>
        </extensions>
      </trkpt>
      <trkpt lat="44.4514491967856884002685546875" lon="-80.2858840115368366241455078125">
        <ele>495.399993896484375</ele>
        <time>2024-10-23T19:26:51.000Z</time>
        <extensions>
          <ns3:TrackPointExtension>
            <ns3:hr>112</ns3:hr>
          </ns3:TrackPointExtension>
        </extensions>
      </trkpt>
      <trkpt lat="44.45144525729119777679443359375" lon="-80.2858933992683887481689453125">
        <ele>495.399993896484375</ele>
        <time>2024-10-23T19:26:52.000Z</time>
        <extensions>
          <ns3:TrackPointExtension>
            <ns3:hr>111</ns3:hr>
          </ns3:TrackPointExtension>
        </extensions>
      </trkpt>
      <trkpt lat="44.45145481266081333160400390625" lon="-80.28603346087038516998291015625">
        <ele>495.399993896484375</ele>
        <time>2024-10-23T19:27:05.000Z</time>
        <extensions>
          <ns3:TrackPointExtension>
            <ns3:hr>110</ns3:hr>
          </ns3:TrackPointExtension>
        </extensions>
      </trkpt>
      <trkpt lat="44.4514793716371059417724609375" lon="-80.2861180342733860015869140625">
        <ele>498.399993896484375</ele>
        <time>2024-10-23T19:27:12.000Z</time>
        <extensions>
          <ns3:TrackPointExtension>
            <ns3:hr>111</ns3:hr>
          </ns3:TrackPointExtension>
        </extensions>
      </trkpt>
      <trkpt lat="44.45148163475096225738525390625" lon="-80.28614711947739124298095703125">
        <ele>498.399993896484375</ele>
        <time>2024-10-23T19:27:15.000Z</time>
        <extensions>
          <ns3:TrackPointExtension>
            <ns3:hr>114</ns3:hr>
          </ns3:TrackPointExtension>
        </extensions>
      </trkpt>
      <trkpt lat="44.45150502026081085205078125" lon="-80.28625960461795330047607421875">
        <ele>498.600006103515625</ele>
        <time>2024-10-23T19:27:22.000Z</time>
        <extensions>
          <ns3:TrackPointExtension>
            <ns3:hr>114</ns3:hr>
          </ns3:TrackPointExtension>
        </extensions>
      </trkpt>
      <trkpt lat="44.451504684984683990478515625" lon="-80.286407880485057830810546875">
        <ele>498.600006103515625</ele>
        <time>2024-10-23T19:27:34.000Z</time>
        <extensions>
          <ns3:TrackPointExtension>
            <ns3:hr>113</ns3:hr>
          </ns3:TrackPointExtension>
        </extensions>
      </trkpt>
      <trkpt lat="44.45147258229553699493408203125" lon="-80.2865146659314632415771484375">
        <ele>498.79998779296875</ele>
        <time>2024-10-23T19:27:40.000Z</time>
        <extensions>
          <ns3:TrackPointExtension>
            <ns3:hr>110</ns3:hr>
          </ns3:TrackPointExtension>
        </extensions>
      </trkpt>
      <trkpt lat="44.4514455087482929229736328125" lon="-80.28658926486968994140625">
        <ele>499</ele>
        <time>2024-10-23T19:27:45.000Z</time>
        <extensions>
          <ns3:TrackPointExtension>
            <ns3:hr>112</ns3:hr>
          </ns3:TrackPointExtension>
        </extensions>
      </trkpt>
      <trkpt lat="44.4514512084424495697021484375" lon="-80.28663285076618194580078125">
        <ele>499.399993896484375</ele>
        <time>2024-10-23T19:27:48.000Z</time>
        <extensions>
          <ns3:TrackPointExtension>
            <ns3:hr>112</ns3:hr>
          </ns3:TrackPointExtension>
        </extensions>
      </trkpt>
      <trkpt lat="44.45139748044312000274658203125" lon="-80.28670434840023517608642578125">
        <ele>500.399993896484375</ele>
        <time>2024-10-23T19:27:55.000Z</time>
        <extensions>
          <ns3:TrackPointExtension>
            <ns3:hr>111</ns3:hr>
          </ns3:TrackPointExtension>
        </extensions>
      </trkpt>
      <trkpt lat="44.45139245130121707916259765625" lon="-80.2867161668837070465087890625">
        <ele>500.399993896484375</ele>
        <time>2024-10-23T19:27:56.000Z</time>
        <extensions>
          <ns3:TrackPointExtension>
            <ns3:hr>111</ns3:hr>
          </ns3:TrackPointExtension>
        </extensions>
      </trkpt>
      <trkpt lat="44.45138440467417240142822265625" lon="-80.28672362677752971649169921875">
        <ele>500.600006103515625</ele>
        <time>2024-10-23T19:27:57.000Z</time>
        <extensions>
          <ns3:TrackPointExtension>
            <ns3:hr>108</ns3:hr>
          </ns3:TrackPointExtension>
        </extensions>
      </trkpt>
      <trkpt lat="44.4513715803623199462890625" lon="-80.28674416244029998779296875">
        <ele>500.600006103515625</ele>
        <time>2024-10-23T19:28:00.000Z</time>
        <extensions>
          <ns3:TrackPointExtension>
            <ns3:hr>105</ns3:hr>
          </ns3:TrackPointExtension>
        </extensions>
      </trkpt>
      <trkpt lat="44.4513688981533050537109375" lon="-80.28676369227468967437744140625">
        <ele>500.79998779296875</ele>
        <time>2024-10-23T19:28:02.000Z</time>
        <extensions>
          <ns3:TrackPointExtension>
            <ns3:hr>102</ns3:hr>
          </ns3:TrackPointExtension>
        </extensions>
      </trkpt>
      <trkpt lat="44.45136629976332187652587890625" lon="-80.28679512441158294677734375">
        <ele>500.79998779296875</ele>
        <time>2024-10-23T19:28:08.000Z</time>
        <extensions>
          <ns3:TrackPointExtension>
            <ns3:hr>105</ns3:hr>
          </ns3:TrackPointExtension>
        </extensions>
      </trkpt>
      <trkpt lat="44.451391361653804779052734375" lon="-80.2868418954312801361083984375">
        <ele>501</ele>
        <time>2024-10-23T19:28:13.000Z</time>
        <extensions>
          <ns3:TrackPointExtension>
            <ns3:hr>109</ns3:hr>
          </ns3:TrackPointExtension>
        </extensions>
      </trkpt>
      <trkpt lat="44.4514461793005466461181640625" lon="-80.2869277261197566986083984375">
        <ele>501.399993896484375</ele>
        <time>2024-10-23T19:28:20.000Z</time>
        <extensions>
          <ns3:TrackPointExtension>
            <ns3:hr>107</ns3:hr>
          </ns3:TrackPointExtension>
        </extensions>
      </trkpt>
      <trkpt lat="44.4514357857406139373779296875" lon="-80.2869714796543121337890625">
        <ele>501.600006103515625</ele>
        <time>2024-10-23T19:28:23.000Z</time>
        <extensions>
          <ns3:TrackPointExtension>
            <ns3:hr>108</ns3:hr>
          </ns3:TrackPointExtension>
        </extensions>
      </trkpt>
      <trkpt lat="44.4514025934040546417236328125" lon="-80.28705596923828125">
        <ele>501.600006103515625</ele>
        <time>2024-10-23T19:28:29.000Z</time>
        <extensions>
          <ns3:TrackPointExtension>
            <ns3:hr>111</ns3:hr>
          </ns3:TrackPointExtension>
        </extensions>
      </trkpt>
      <trkpt lat="44.451398737728595733642578125" lon="-80.2870651893317699432373046875">
        <ele>501.600006103515625</ele>
        <time>2024-10-23T19:28:30.000Z</time>
        <extensions>
          <ns3:TrackPointExtension>
            <ns3:hr>109</ns3:hr>
          </ns3:TrackPointExtension>
        </extensions>
      </trkpt>
      <trkpt lat="44.4513849914073944091796875" lon="-80.28708991594612598419189453125">
        <ele>501.600006103515625</ele>
        <time>2024-10-23T19:28:32.000Z</time>
        <extensions>
          <ns3:TrackPointExtension>
            <ns3:hr>112</ns3:hr>
          </ns3:TrackPointExtension>
        </extensions>
      </trkpt>
      <trkpt lat="44.45137853734195232391357421875" lon="-80.2871029078960418701171875">
        <ele>501.600006103515625</ele>
        <time>2024-10-23T19:28:33.000Z</time>
        <extensions>
          <ns3:TrackPointExtension>
            <ns3:hr>116</ns3:hr>
          </ns3:TrackPointExtension>
        </extensions>
      </trkpt>
      <trkpt lat="44.45138457231223583221435546875" lon="-80.287169627845287322998046875">
        <ele>501.600006103515625</ele>
        <time>2024-10-23T19:28:35.000Z</time>
        <extensions>
          <ns3:TrackPointExtension>
            <ns3:hr>120</ns3:hr>
          </ns3:TrackPointExtension>
        </extensions>
      </trkpt>
      <trkpt lat="44.45137686096131801605224609375" lon="-80.28725646436214447021484375">
        <ele>501.79998779296875</ele>
        <time>2024-10-23T19:28:38.000Z</time>
        <extensions>
          <ns3:TrackPointExtension>
            <ns3:hr>118</ns3:hr>
          </ns3:TrackPointExtension>
        </extensions>
      </trkpt>
      <trkpt lat="44.45136286318302154541015625" lon="-80.2873417921364307403564453125">
        <ele>501.79998779296875</ele>
        <time>2024-10-23T19:28:42.000Z</time>
        <extensions>
          <ns3:TrackPointExtension>
            <ns3:hr>116</ns3:hr>
          </ns3:TrackPointExtension>
        </extensions>
      </trkpt>
      <trkpt lat="44.45135883986949920654296875" lon="-80.28740272857248783111572265625">
        <ele>502</ele>
        <time>2024-10-23T19:28:46.000Z</time>
        <extensions>
          <ns3:TrackPointExtension>
            <ns3:hr>112</ns3:hr>
          </ns3:TrackPointExtension>
        </extensions>
      </trkpt>
      <trkpt lat="44.451358504593372344970703125" lon="-80.2874462306499481201171875">
        <ele>502</ele>
        <time>2024-10-23T19:28:50.000Z</time>
        <extensions>
          <ns3:TrackPointExtension>
            <ns3:hr>115</ns3:hr>
          </ns3:TrackPointExtension>
        </extensions>
      </trkpt>
      <trkpt lat="44.4513523019850254058837890625" lon="-80.28749358840286731719970703125">
        <ele>502</ele>
        <time>2024-10-23T19:28:54.000Z</time>
        <extensions>
          <ns3:TrackPointExtension>
            <ns3:hr>111</ns3:hr>
          </ns3:TrackPointExtension>
        </extensions>
      </trkpt>
      <trkpt lat="44.451319277286529541015625" lon="-80.28771872632205486297607421875">
        <ele>501.600006103515625</ele>
        <time>2024-10-23T19:29:10.000Z</time>
        <extensions>
          <ns3:TrackPointExtension>
            <ns3:hr>108</ns3:hr>
          </ns3:TrackPointExtension>
        </extensions>
      </trkpt>
      <trkpt lat="44.45124157704412937164306640625" lon="-80.2879416011273860931396484375">
        <ele>501.600006103515625</ele>
        <time>2024-10-23T19:29:23.000Z</time>
        <extensions>
          <ns3:TrackPointExtension>
            <ns3:hr>107</ns3:hr>
          </ns3:TrackPointExtension>
        </extensions>
      </trkpt>
      <trkpt lat="44.45119631476700305938720703125" lon="-80.288046710193157196044921875">
        <ele>501.399993896484375</ele>
        <time>2024-10-23T19:29:31.000Z</time>
        <extensions>
          <ns3:TrackPointExtension>
            <ns3:hr>110</ns3:hr>
          </ns3:TrackPointExtension>
        </extensions>
      </trkpt>
      <trkpt lat="44.45117779076099395751953125" lon="-80.28810672461986541748046875">
        <ele>501.399993896484375</ele>
        <time>2024-10-23T19:29:36.000Z</time>
        <extensions>
          <ns3:TrackPointExtension>
            <ns3:hr>110</ns3:hr>
          </ns3:TrackPointExtension>
        </extensions>
      </trkpt>
      <trkpt lat="44.451160691678524017333984375" lon="-80.28825349174439907073974609375">
        <ele>501.399993896484375</ele>
        <time>2024-10-23T19:29:46.000Z</time>
        <extensions>
          <ns3:TrackPointExtension>
            <ns3:hr>107</ns3:hr>
          </ns3:TrackPointExtension>
        </extensions>
      </trkpt>
      <trkpt lat="44.451158009469509124755859375" lon="-80.28825902380049228668212890625">
        <ele>501.399993896484375</ele>
        <time>2024-10-23T19:29:47.000Z</time>
        <extensions>
          <ns3:TrackPointExtension>
            <ns3:hr>108</ns3:hr>
          </ns3:TrackPointExtension>
        </extensions>
      </trkpt>
      <trkpt lat="44.451143257319927215576171875" lon="-80.288306213915348052978515625">
        <ele>501.20001220703125</ele>
        <time>2024-10-23T19:29:51.000Z</time>
        <extensions>
          <ns3:TrackPointExtension>
            <ns3:hr>113</ns3:hr>
          </ns3:TrackPointExtension>
        </extensions>
      </trkpt>
      <trkpt lat="44.45113596506416797637939453125" lon="-80.2883254922926425933837890625">
        <ele>501.20001220703125</ele>
        <time>2024-10-23T19:29:53.000Z</time>
        <extensions>
          <ns3:TrackPointExtension>
            <ns3:hr>119</ns3:hr>
          </ns3:TrackPointExtension>
        </extensions>
      </trkpt>
      <trkpt lat="44.45112825371325016021728515625" lon="-80.28834552504122257232666015625">
        <ele>501.20001220703125</ele>
        <time>2024-10-23T19:29:55.000Z</time>
        <extensions>
          <ns3:TrackPointExtension>
            <ns3:hr>122</ns3:hr>
          </ns3:TrackPointExtension>
        </extensions>
      </trkpt>
      <trkpt lat="44.451130516827106475830078125" lon="-80.28837452642619609832763671875">
        <ele>501</ele>
        <time>2024-10-23T19:29:57.000Z</time>
        <extensions>
          <ns3:TrackPointExtension>
            <ns3:hr>125</ns3:hr>
          </ns3:TrackPointExtension>
        </extensions>
      </trkpt>
      <trkpt lat="44.4511310197412967681884765625" lon="-80.28843001462519168853759765625">
        <ele>501</ele>
        <time>2024-10-23T19:30:01.000Z</time>
        <extensions>
          <ns3:TrackPointExtension>
            <ns3:hr>123</ns3:hr>
          </ns3:TrackPointExtension>
        </extensions>
      </trkpt>
      <trkpt lat="44.45108450017869472503662109375" lon="-80.28852841816842555999755859375">
        <ele>500.600006103515625</ele>
        <time>2024-10-23T19:30:10.000Z</time>
        <extensions>
          <ns3:TrackPointExtension>
            <ns3:hr>120</ns3:hr>
          </ns3:TrackPointExtension>
        </extensions>
      </trkpt>
      <trkpt lat="44.45106723345816135406494140625" lon="-80.28856110759079456329345703125">
        <ele>500.79998779296875</ele>
        <time>2024-10-23T19:30:13.000Z</time>
        <extensions>
          <ns3:TrackPointExtension>
            <ns3:hr>121</ns3:hr>
          </ns3:TrackPointExtension>
        </extensions>
      </trkpt>
      <trkpt lat="44.45106639526784420013427734375" lon="-80.28857938013970851898193359375">
        <ele>500.79998779296875</ele>
        <time>2024-10-23T19:30:14.000Z</time>
        <extensions>
          <ns3:TrackPointExtension>
            <ns3:hr>118</ns3:hr>
          </ns3:TrackPointExtension>
        </extensions>
      </trkpt>
      <trkpt lat="44.45099447853863239288330078125" lon="-80.28863386251032352447509765625">
        <ele>500.600006103515625</ele>
        <time>2024-10-23T19:30:26.000Z</time>
        <extensions>
          <ns3:TrackPointExtension>
            <ns3:hr>118</ns3:hr>
          </ns3:TrackPointExtension>
        </extensions>
      </trkpt>
      <trkpt lat="44.450988359749317169189453125" lon="-80.28865397907793521881103515625">
        <ele>500.600006103515625</ele>
        <time>2024-10-23T19:30:28.000Z</time>
        <extensions>
          <ns3:TrackPointExtension>
            <ns3:hr>118</ns3:hr>
          </ns3:TrackPointExtension>
        </extensions>
      </trkpt>
      <trkpt lat="44.4509804807603359222412109375" lon="-80.2887067012488842010498046875">
        <ele>500.399993896484375</ele>
        <time>2024-10-23T19:30:32.000Z</time>
        <extensions>
          <ns3:TrackPointExtension>
            <ns3:hr>115</ns3:hr>
          </ns3:TrackPointExtension>
        </extensions>
      </trkpt>
      <trkpt lat="44.45098727010190486907958984375" lon="-80.28878507204353809356689453125">
        <ele>500.399993896484375</ele>
        <time>2024-10-23T19:30:38.000Z</time>
        <extensions>
          <ns3:TrackPointExtension>
            <ns3:hr>115</ns3:hr>
          </ns3:TrackPointExtension>
        </extensions>
      </trkpt>
      <trkpt lat="44.45099313743412494659423828125" lon="-80.28893678449094295501708984375">
        <ele>500.79998779296875</ele>
        <time>2024-10-23T19:30:52.000Z</time>
        <extensions>
          <ns3:TrackPointExtension>
            <ns3:hr>114</ns3:hr>
          </ns3:TrackPointExtension>
        </extensions>
      </trkpt>
      <trkpt lat="44.450998418033123016357421875" lon="-80.28898439370095729827880859375">
        <ele>500.79998779296875</ele>
        <time>2024-10-23T19:30:55.000Z</time>
        <extensions>
          <ns3:TrackPointExtension>
            <ns3:hr>110</ns3:hr>
          </ns3:TrackPointExtension>
        </extensions>
      </trkpt>
      <trkpt lat="44.4509737752377986907958984375" lon="-80.28911950998008251190185546875">
        <ele>500.600006103515625</ele>
        <time>2024-10-23T19:31:09.000Z</time>
        <extensions>
          <ns3:TrackPointExtension>
            <ns3:hr>109</ns3:hr>
          </ns3:TrackPointExtension>
        </extensions>
      </trkpt>
      <trkpt lat="44.4509704224765300750732421875" lon="-80.28912998735904693603515625">
        <ele>500.600006103515625</ele>
        <time>2024-10-23T19:31:10.000Z</time>
        <extensions>
          <ns3:TrackPointExtension>
            <ns3:hr>106</ns3:hr>
          </ns3:TrackPointExtension>
        </extensions>
      </trkpt>
      <trkpt lat="44.45098307915031909942626953125" lon="-80.2892057597637176513671875">
        <ele>500.79998779296875</ele>
        <time>2024-10-23T19:31:17.000Z</time>
        <extensions>
          <ns3:TrackPointExtension>
            <ns3:hr>103</ns3:hr>
          </ns3:TrackPointExtension>
        </extensions>
      </trkpt>
      <trkpt lat="44.45095826871693134307861328125" lon="-80.2892760001122951507568359375">
        <ele>501.20001220703125</ele>
        <time>2024-10-23T19:31:24.000Z</time>
        <extensions>
          <ns3:TrackPointExtension>
            <ns3:hr>105</ns3:hr>
          </ns3:TrackPointExtension>
        </extensions>
      </trkpt>
      <trkpt lat="44.4509271718561649322509765625" lon="-80.289367027580738067626953125">
        <ele>501.399993896484375</ele>
        <time>2024-10-23T19:31:32.000Z</time>
        <extensions>
          <ns3:TrackPointExtension>
            <ns3:hr>101</ns3:hr>
          </ns3:TrackPointExtension>
        </extensions>
      </trkpt>
      <trkpt lat="44.4508778862655162811279296875" lon="-80.2894282154738903045654296875">
        <ele>501.399993896484375</ele>
        <time>2024-10-23T19:31:37.000Z</time>
        <extensions>
          <ns3:TrackPointExtension>
            <ns3:hr>103</ns3:hr>
          </ns3:TrackPointExtension>
        </extensions>
      </trkpt>
      <trkpt lat="44.45087444968521595001220703125" lon="-80.28944782912731170654296875">
        <ele>501.399993896484375</ele>
        <time>2024-10-23T19:31:38.000Z</time>
        <extensions>
          <ns3:TrackPointExtension>
            <ns3:hr>100</ns3:hr>
          </ns3:TrackPointExtension>
        </extensions>
      </trkpt>
      <trkpt lat="44.4508617930114269256591796875" lon="-80.289513878524303436279296875">
        <ele>501.600006103515625</ele>
        <time>2024-10-23T19:31:42.000Z</time>
        <extensions>
          <ns3:TrackPointExtension>
            <ns3:hr>104</ns3:hr>
          </ns3:TrackPointExtension>
        </extensions>
      </trkpt>
      <trkpt lat="44.45085349492728710174560546875" lon="-80.289535336196422576904296875">
        <ele>501.600006103515625</ele>
        <time>2024-10-23T19:31:44.000Z</time>
        <extensions>
          <ns3:TrackPointExtension>
            <ns3:hr>114</ns3:hr>
          </ns3:TrackPointExtension>
        </extensions>
      </trkpt>
      <trkpt lat="44.4508376531302928924560546875" lon="-80.2895583026111125946044921875">
        <ele>501.600006103515625</ele>
        <time>2024-10-23T19:31:46.000Z</time>
        <extensions>
          <ns3:TrackPointExtension>
            <ns3:hr>117</ns3:hr>
          </ns3:TrackPointExtension>
        </extensions>
      </trkpt>
      <trkpt lat="44.45082600228488445281982421875" lon="-80.28956525959074497222900390625">
        <ele>501.600006103515625</ele>
        <time>2024-10-23T19:31:47.000Z</time>
        <extensions>
          <ns3:TrackPointExtension>
            <ns3:hr>120</ns3:hr>
          </ns3:TrackPointExtension>
        </extensions>
      </trkpt>
      <trkpt lat="44.45080907084047794342041015625" lon="-80.28958864510059356689453125">
        <ele>501.600006103515625</ele>
        <time>2024-10-23T19:31:49.000Z</time>
        <extensions>
          <ns3:TrackPointExtension>
            <ns3:hr>123</ns3:hr>
          </ns3:TrackPointExtension>
        </extensions>
      </trkpt>
      <trkpt lat="44.4508029520511627197265625" lon="-80.289603061974048614501953125">
        <ele>501.600006103515625</ele>
        <time>2024-10-23T19:31:50.000Z</time>
        <extensions>
          <ns3:TrackPointExtension>
            <ns3:hr>126</ns3:hr>
          </ns3:TrackPointExtension>
        </extensions>
      </trkpt>
      <trkpt lat="44.4507276825606822967529296875" lon="-80.289731137454509735107421875">
        <ele>501.399993896484375</ele>
        <time>2024-10-23T19:32:03.000Z</time>
        <extensions>
          <ns3:TrackPointExtension>
            <ns3:hr>123</ns3:hr>
          </ns3:TrackPointExtension>
        </extensions>
      </trkpt>
      <trkpt lat="44.4507263414561748504638671875" lon="-80.28974429704248905181884765625">
        <ele>501.399993896484375</ele>
        <time>2024-10-23T19:32:04.000Z</time>
        <extensions>
          <ns3:TrackPointExtension>
            <ns3:hr>125</ns3:hr>
          </ns3:TrackPointExtension>
        </extensions>
      </trkpt>
      <trkpt lat="44.4507229886949062347412109375" lon="-80.28980079106986522674560546875">
        <ele>501.600006103515625</ele>
        <time>2024-10-23T19:32:09.000Z</time>
        <extensions>
          <ns3:TrackPointExtension>
            <ns3:hr>121</ns3:hr>
          </ns3:TrackPointExtension>
        </extensions>
      </trkpt>
      <trkpt lat="44.4507119245827198028564453125" lon="-80.28982711024582386016845703125">
        <ele>501.79998779296875</ele>
        <time>2024-10-23T19:32:12.000Z</time>
        <extensions>
          <ns3:TrackPointExtension>
            <ns3:hr>117</ns3:hr>
          </ns3:TrackPointExtension>
        </extensions>
      </trkpt>
      <trkpt lat="44.4507082365453243255615234375" lon="-80.28983683325350284576416015625">
        <ele>501.79998779296875</ele>
        <time>2024-10-23T19:32:13.000Z</time>
        <extensions>
          <ns3:TrackPointExtension>
            <ns3:hr>112</ns3:hr>
          </ns3:TrackPointExtension>
        </extensions>
      </trkpt>
      <trkpt lat="44.450705386698246002197265625" lon="-80.28984479606151580810546875">
        <ele>501.79998779296875</ele>
        <time>2024-10-23T19:32:14.000Z</time>
        <extensions>
          <ns3:TrackPointExtension>
            <ns3:hr>114</ns3:hr>
          </ns3:TrackPointExtension>
        </extensions>
      </trkpt>
      <trkpt lat="44.450697004795074462890625" lon="-80.28987321071326732635498046875">
        <ele>501.79998779296875</ele>
        <time>2024-10-23T19:32:17.000Z</time>
        <extensions>
          <ns3:TrackPointExtension>
            <ns3:hr>112</ns3:hr>
          </ns3:TrackPointExtension>
        </extensions>
      </trkpt>
      <trkpt lat="44.450698010623455047607421875" lon="-80.2899911440908908843994140625">
        <ele>502</ele>
        <time>2024-10-23T19:32:26.000Z</time>
        <extensions>
          <ns3:TrackPointExtension>
            <ns3:hr>109</ns3:hr>
          </ns3:TrackPointExtension>
        </extensions>
      </trkpt>
      <trkpt lat="44.4506944902241230010986328125" lon="-80.29004101641476154327392578125">
        <ele>501.79998779296875</ele>
        <time>2024-10-23T19:32:30.000Z</time>
        <extensions>
          <ns3:TrackPointExtension>
            <ns3:hr>109</ns3:hr>
          </ns3:TrackPointExtension>
        </extensions>
      </trkpt>
      <trkpt lat="44.4506527483463287353515625" lon="-80.29014310799539089202880859375">
        <ele>501.79998779296875</ele>
        <time>2024-10-23T19:32:42.000Z</time>
        <extensions>
          <ns3:TrackPointExtension>
            <ns3:hr>110</ns3:hr>
          </ns3:TrackPointExtension>
        </extensions>
      </trkpt>
      <trkpt lat="44.45061846636235713958740234375" lon="-80.2902540005743503570556640625">
        <ele>502</ele>
        <time>2024-10-23T19:32:52.000Z</time>
        <extensions>
          <ns3:TrackPointExtension>
            <ns3:hr>107</ns3:hr>
          </ns3:TrackPointExtension>
        </extensions>
      </trkpt>
      <trkpt lat="44.45062165148556232452392578125" lon="-80.29029683209955692291259765625">
        <ele>502.20001220703125</ele>
        <time>2024-10-23T19:32:54.000Z</time>
        <extensions>
          <ns3:TrackPointExtension>
            <ns3:hr>104</ns3:hr>
          </ns3:TrackPointExtension>
        </extensions>
      </trkpt>
      <trkpt lat="44.45062123239040374755859375" lon="-80.290320217609405517578125">
        <ele>502.20001220703125</ele>
        <time>2024-10-23T19:32:55.000Z</time>
        <extensions>
          <ns3:TrackPointExtension>
            <ns3:hr>101</ns3:hr>
          </ns3:TrackPointExtension>
        </extensions>
      </trkpt>
      <trkpt lat="44.45062433369457721710205078125" lon="-80.29035936109721660614013671875">
        <ele>502.20001220703125</ele>
        <time>2024-10-23T19:32:57.000Z</time>
        <extensions>
          <ns3:TrackPointExtension>
            <ns3:hr>98</ns3:hr>
          </ns3:TrackPointExtension>
        </extensions>
      </trkpt>
      <trkpt lat="44.4506009481847286224365234375" lon="-80.290482826530933380126953125">
        <ele>502.399993896484375</ele>
        <time>2024-10-23T19:33:07.000Z</time>
        <extensions>
          <ns3:TrackPointExtension>
            <ns3:hr>98</ns3:hr>
          </ns3:TrackPointExtension>
        </extensions>
      </trkpt>
      <trkpt lat="44.4505878724157810211181640625" lon="-80.2905093133449554443359375">
        <ele>502.600006103515625</ele>
        <time>2024-10-23T19:33:09.000Z</time>
        <extensions>
          <ns3:TrackPointExtension>
            <ns3:hr>99</ns3:hr>
          </ns3:TrackPointExtension>
        </extensions>
      </trkpt>
      <trkpt lat="44.450557194650173187255859375" lon="-80.29067837633192539215087890625">
        <ele>503</ele>
        <time>2024-10-23T19:33:22.000Z</time>
        <extensions>
          <ns3:TrackPointExtension>
            <ns3:hr>98</ns3:hr>
          </ns3:TrackPointExtension>
        </extensions>
      </trkpt>
      <trkpt lat="44.4505952484905719757080078125" lon="-80.29084165580570697784423828125">
        <ele>503.20001220703125</ele>
        <time>2024-10-23T19:33:35.000Z</time>
        <extensions>
          <ns3:TrackPointExtension>
            <ns3:hr>95</ns3:hr>
          </ns3:TrackPointExtension>
        </extensions>
      </trkpt>
      <trkpt lat="44.45060203783214092254638671875" lon="-80.29086562804877758026123046875">
        <ele>503.20001220703125</ele>
        <time>2024-10-23T19:33:38.000Z</time>
        <extensions>
          <ns3:TrackPointExtension>
            <ns3:hr>95</ns3:hr>
          </ns3:TrackPointExtension>
        </extensions>
      </trkpt>
      <trkpt lat="44.45061377249658107757568359375" lon="-80.2908883430063724517822265625">
        <ele>503.20001220703125</ele>
        <time>2024-10-23T19:33:41.000Z</time>
        <extensions>
          <ns3:TrackPointExtension>
            <ns3:hr>98</ns3:hr>
          </ns3:TrackPointExtension>
        </extensions>
      </trkpt>
      <trkpt lat="44.45062198676168918609619140625" lon="-80.29094517230987548828125">
        <ele>503.399993896484375</ele>
        <time>2024-10-23T19:33:46.000Z</time>
        <extensions>
          <ns3:TrackPointExtension>
            <ns3:hr>95</ns3:hr>
          </ns3:TrackPointExtension>
        </extensions>
      </trkpt>
      <trkpt lat="44.45062651298940181732177734375" lon="-80.2909714914858341217041015625">
        <ele>503.399993896484375</ele>
        <time>2024-10-23T19:33:48.000Z</time>
        <extensions>
          <ns3:TrackPointExtension>
            <ns3:hr>92</ns3:hr>
          </ns3:TrackPointExtension>
        </extensions>
      </trkpt>
      <trkpt lat="44.45063070394098758697509765625" lon="-80.2910157479345798492431640625">
        <ele>503.600006103515625</ele>
        <time>2024-10-23T19:33:52.000Z</time>
        <extensions>
          <ns3:TrackPointExtension>
            <ns3:hr>89</ns3:hr>
          </ns3:TrackPointExtension>
        </extensions>
      </trkpt>
      <trkpt lat="44.45063062012195587158203125" lon="-80.291041396558284759521484375">
        <ele>503.600006103515625</ele>
        <time>2024-10-23T19:33:54.000Z</time>
        <extensions>
          <ns3:TrackPointExtension>
            <ns3:hr>91</ns3:hr>
          </ns3:TrackPointExtension>
        </extensions>
      </trkpt>
      <trkpt lat="44.45062885992228984832763671875" lon="-80.2910569868981838226318359375">
        <ele>503.600006103515625</ele>
        <time>2024-10-23T19:33:55.000Z</time>
        <extensions>
          <ns3:TrackPointExtension>
            <ns3:hr>90</ns3:hr>
          </ns3:TrackPointExtension>
        </extensions>
      </trkpt>
      <trkpt lat="44.4506110064685344696044921875" lon="-80.29108908958733081817626953125">
        <ele>503.79998779296875</ele>
        <time>2024-10-23T19:33:59.000Z</time>
        <extensions>
          <ns3:TrackPointExtension>
            <ns3:hr>93</ns3:hr>
          </ns3:TrackPointExtension>
        </extensions>
      </trkpt>
      <trkpt lat="44.45059700869023799896240234375" lon="-80.29108506627380847930908203125">
        <ele>504.399993896484375</ele>
        <time>2024-10-23T19:34:02.000Z</time>
        <extensions>
          <ns3:TrackPointExtension>
            <ns3:hr>90</ns3:hr>
          </ns3:TrackPointExtension>
        </extensions>
      </trkpt>
      <trkpt lat="44.45058678276836872100830078125" lon="-80.291074924170970916748046875">
        <ele>504.600006103515625</ele>
        <time>2024-10-23T19:34:07.000Z</time>
        <extensions>
          <ns3:TrackPointExtension>
            <ns3:hr>91</ns3:hr>
          </ns3:TrackPointExtension>
        </extensions>
      </trkpt>
      <trkpt lat="44.4506438635289669036865234375" lon="-80.29104198329150676727294921875">
        <ele>505</ele>
        <time>2024-10-23T19:34:23.000Z</time>
        <extensions>
          <ns3:TrackPointExtension>
            <ns3:hr>87</ns3:hr>
          </ns3:TrackPointExtension>
        </extensions>
      </trkpt>
      <trkpt lat="44.450643360614776611328125" lon="-80.29103946872055530548095703125">
        <ele>504.79998779296875</ele>
        <time>2024-10-23T19:34:25.000Z</time>
        <extensions>
          <ns3:TrackPointExtension>
            <ns3:hr>91</ns3:hr>
          </ns3:TrackPointExtension>
        </extensions>
      </trkpt>
      <trkpt lat="44.45064478553831577301025390625" lon="-80.29104013927280902862548828125">
        <ele>504.79998779296875</ele>
        <time>2024-10-23T19:34:27.000Z</time>
        <extensions>
          <ns3:TrackPointExtension>
            <ns3:hr>88</ns3:hr>
          </ns3:TrackPointExtension>
        </extensions>
      </trkpt>
      <trkpt lat="44.45064193569123744964599609375" lon="-80.29103209264576435089111328125">
        <ele>505</ele>
        <time>2024-10-23T19:34:35.000Z</time>
        <extensions>
          <ns3:TrackPointExtension>
            <ns3:hr>88</ns3:hr>
          </ns3:TrackPointExtension>
        </extensions>
      </trkpt>
      <trkpt lat="44.45064126513898372650146484375" lon="-80.29102840460836887359619140625">
        <ele>505.20001220703125</ele>
        <time>2024-10-23T19:34:45.000Z</time>
        <extensions>
          <ns3:TrackPointExtension>
            <ns3:hr>92</ns3:hr>
          </ns3:TrackPointExtension>
        </extensions>
      </trkpt>
      <trkpt lat="44.45063590072095394134521484375" lon="-80.2910305000841617584228515625">
        <ele>505.20001220703125</ele>
        <time>2024-10-23T19:34:49.000Z</time>
        <extensions>
          <ns3:TrackPointExtension>
            <ns3:hr>91</ns3:hr>
          </ns3:TrackPointExtension>
        </extensions>
      </trkpt>
      <trkpt lat="44.4506287761032581329345703125" lon="-80.29103913344442844390869140625">
        <ele>505</ele>
        <time>2024-10-23T19:34:52.000Z</time>
        <extensions>
          <ns3:TrackPointExtension>
            <ns3:hr>94</ns3:hr>
          </ns3:TrackPointExtension>
        </extensions>
      </trkpt>
      <trkpt lat="44.45061896927654743194580078125" lon="-80.291039049625396728515625">
        <ele>505</ele>
        <time>2024-10-23T19:34:56.000Z</time>
        <extensions>
          <ns3:TrackPointExtension>
            <ns3:hr>91</ns3:hr>
          </ns3:TrackPointExtension>
        </extensions>
      </trkpt>
      <trkpt lat="44.45060673169791698455810546875" lon="-80.291044078767299652099609375">
        <ele>505</ele>
        <time>2024-10-23T19:35:05.000Z</time>
        <extensions>
          <ns3:TrackPointExtension>
            <ns3:hr>90</ns3:hr>
          </ns3:TrackPointExtension>
        </extensions>
      </trkpt>
      <trkpt lat="44.45061695761978626251220703125" lon="-80.29108288697898387908935546875">
        <ele>505</ele>
        <time>2024-10-23T19:35:09.000Z</time>
        <extensions>
          <ns3:TrackPointExtension>
            <ns3:hr>93</ns3:hr>
          </ns3:TrackPointExtension>
        </extensions>
      </trkpt>
      <trkpt lat="44.4506130181252956390380859375" lon="-80.29114030301570892333984375">
        <ele>505.20001220703125</ele>
        <time>2024-10-23T19:35:13.000Z</time>
        <extensions>
          <ns3:TrackPointExtension>
            <ns3:hr>96</ns3:hr>
          </ns3:TrackPointExtension>
        </extensions>
      </trkpt>
      <trkpt lat="44.450607486069202423095703125" lon="-80.291197635233402252197265625">
        <ele>505.20001220703125</ele>
        <time>2024-10-23T19:35:16.000Z</time>
        <extensions>
          <ns3:TrackPointExtension>
            <ns3:hr>98</ns3:hr>
          </ns3:TrackPointExtension>
        </extensions>
      </trkpt>
      <trkpt lat="44.45059441030025482177734375" lon="-80.2912792749702930450439453125">
        <ele>505.399993896484375</ele>
        <time>2024-10-23T19:35:25.000Z</time>
        <extensions>
          <ns3:TrackPointExtension>
            <ns3:hr>102</ns3:hr>
          </ns3:TrackPointExtension>
        </extensions>
      </trkpt>
      <trkpt lat="44.45059449411928653717041015625" lon="-80.2912792749702930450439453125">
        <ele>505.399993896484375</ele>
        <time>2024-10-23T19:35:26.000Z</time>
        <extensions>
          <ns3:TrackPointExtension>
            <ns3:hr>96</ns3:hr>
          </ns3:TrackPointExtension>
        </extensions>
      </trkpt>
      <trkpt lat="44.450594745576381683349609375" lon="-80.2912792749702930450439453125">
        <ele>505.600006103515625</ele>
        <time>2024-10-23T19:35:28.000Z</time>
        <extensions>
          <ns3:TrackPointExtension>
            <ns3:hr>93</ns3:hr>
          </ns3:TrackPointExtension>
        </extensions>
      </trkpt>
      <trkpt lat="44.450595080852508544921875" lon="-80.29127634130418300628662109375">
        <ele>505.600006103515625</ele>
        <time>2024-10-23T19:35:29.000Z</time>
        <extensions>
          <ns3:TrackPointExtension>
            <ns3:hr>94</ns3:hr>
          </ns3:TrackPointExtension>
        </extensions>
      </trkpt>
      <trkpt lat="44.45059600286185741424560546875" lon="-80.29126997105777263641357421875">
        <ele>505.600006103515625</ele>
        <time>2024-10-23T19:35:32.000Z</time>
        <extensions>
          <ns3:TrackPointExtension>
            <ns3:hr>92</ns3:hr>
          </ns3:TrackPointExtension>
        </extensions>
      </trkpt>
      <trkpt lat="44.45059617049992084503173828125" lon="-80.2912755869328975677490234375">
        <ele>505.600006103515625</ele>
        <time>2024-10-23T19:35:33.000Z</time>
        <extensions>
          <ns3:TrackPointExtension>
            <ns3:hr>96</ns3:hr>
          </ns3:TrackPointExtension>
        </extensions>
      </trkpt>
      <trkpt lat="44.4505942426621913909912109375" lon="-80.2912752516567707061767578125">
        <ele>505.600006103515625</ele>
        <time>2024-10-23T19:35:34.000Z</time>
        <extensions>
          <ns3:TrackPointExtension>
            <ns3:hr>93</ns3:hr>
          </ns3:TrackPointExtension>
        </extensions>
      </trkpt>
      <trkpt lat="44.4506036303937435150146484375" lon="-80.2913258783519268035888671875">
        <ele>506</ele>
        <time>2024-10-23T19:35:43.000Z</time>
        <extensions>
          <ns3:TrackPointExtension>
            <ns3:hr>96</ns3:hr>
          </ns3:TrackPointExtension>
        </extensions>
      </trkpt>
      <trkpt lat="44.4506150297820568084716796875" lon="-80.29148002155125141143798828125">
        <ele>506.20001220703125</ele>
        <time>2024-10-23T19:35:55.000Z</time>
        <extensions>
          <ns3:TrackPointExtension>
            <ns3:hr>99</ns3:hr>
          </ns3:TrackPointExtension>
        </extensions>
      </trkpt>
      <trkpt lat="44.45061461068689823150634765625" lon="-80.2915015630424022674560546875">
        <ele>506.20001220703125</ele>
        <time>2024-10-23T19:35:57.000Z</time>
        <extensions>
          <ns3:TrackPointExtension>
            <ns3:hr>100</ns3:hr>
          </ns3:TrackPointExtension>
        </extensions>
      </trkpt>
      <trkpt lat="44.4506227411329746246337890625" lon="-80.2915629185736179351806640625">
        <ele>506.20001220703125</ele>
        <time>2024-10-23T19:36:01.000Z</time>
        <extensions>
          <ns3:TrackPointExtension>
            <ns3:hr>97</ns3:hr>
          </ns3:TrackPointExtension>
        </extensions>
      </trkpt>
      <trkpt lat="44.4506488926708698272705078125" lon="-80.2916581369936466217041015625">
        <ele>506.600006103515625</ele>
        <time>2024-10-23T19:36:07.000Z</time>
        <extensions>
          <ns3:TrackPointExtension>
            <ns3:hr>98</ns3:hr>
          </ns3:TrackPointExtension>
        </extensions>
      </trkpt>
      <trkpt lat="44.45067060180008411407470703125" lon="-80.29170700348913669586181640625">
        <ele>507.20001220703125</ele>
        <time>2024-10-23T19:36:10.000Z</time>
        <extensions>
          <ns3:TrackPointExtension>
            <ns3:hr>98</ns3:hr>
          </ns3:TrackPointExtension>
        </extensions>
      </trkpt>
      <trkpt lat="44.45067496038973331451416015625" lon="-80.29172292910516262054443359375">
        <ele>507.399993896484375</ele>
        <time>2024-10-23T19:36:11.000Z</time>
        <extensions>
          <ns3:TrackPointExtension>
            <ns3:hr>97</ns3:hr>
          </ns3:TrackPointExtension>
        </extensions>
      </trkpt>
      <trkpt lat="44.45067965425550937652587890625" lon="-80.29175586998462677001953125">
        <ele>507.600006103515625</ele>
        <time>2024-10-23T19:36:14.000Z</time>
        <extensions>
          <ns3:TrackPointExtension>
            <ns3:hr>97</ns3:hr>
          </ns3:TrackPointExtension>
        </extensions>
      </trkpt>
      <trkpt lat="44.4507424347102642059326171875" lon="-80.2918230928480625152587890625">
        <ele>508.600006103515625</ele>
        <time>2024-10-23T19:36:22.000Z</time>
        <extensions>
          <ns3:TrackPointExtension>
            <ns3:hr>98</ns3:hr>
          </ns3:TrackPointExtension>
        </extensions>
      </trkpt>
      <trkpt lat="44.4507843442261219024658203125" lon="-80.29184304177761077880859375">
        <ele>508.600006103515625</ele>
        <time>2024-10-23T19:36:26.000Z</time>
        <extensions>
          <ns3:TrackPointExtension>
            <ns3:hr>98</ns3:hr>
          </ns3:TrackPointExtension>
        </extensions>
      </trkpt>
      <trkpt lat="44.45079280994832515716552734375" lon="-80.291844718158245086669921875">
        <ele>508.600006103515625</ele>
        <time>2024-10-23T19:36:27.000Z</time>
        <extensions>
          <ns3:TrackPointExtension>
            <ns3:hr>97</ns3:hr>
          </ns3:TrackPointExtension>
        </extensions>
      </trkpt>
      <trkpt lat="44.45087411440908908843994140625" lon="-80.29189978726208209991455078125">
        <ele>508.399993896484375</ele>
        <time>2024-10-23T19:36:40.000Z</time>
        <extensions>
          <ns3:TrackPointExtension>
            <ns3:hr>95</ns3:hr>
          </ns3:TrackPointExtension>
        </extensions>
      </trkpt>
      <trkpt lat="44.45089942775666713714599609375" lon="-80.2919223345816135406494140625">
        <ele>508.20001220703125</ele>
        <time>2024-10-23T19:36:43.000Z</time>
        <extensions>
          <ns3:TrackPointExtension>
            <ns3:hr>99</ns3:hr>
          </ns3:TrackPointExtension>
        </extensions>
      </trkpt>
      <trkpt lat="44.45092775858938694000244140625" lon="-80.2919525094330310821533203125">
        <ele>508.20001220703125</ele>
        <time>2024-10-23T19:36:46.000Z</time>
        <extensions>
          <ns3:TrackPointExtension>
            <ns3:hr>96</ns3:hr>
          </ns3:TrackPointExtension>
        </extensions>
      </trkpt>
      <trkpt lat="44.45102163590490818023681640625" lon="-80.29201378114521503448486328125">
        <ele>507.79998779296875</ele>
        <time>2024-10-23T19:36:55.000Z</time>
        <extensions>
          <ns3:TrackPointExtension>
            <ns3:hr>98</ns3:hr>
          </ns3:TrackPointExtension>
        </extensions>
      </trkpt>
      <trkpt lat="44.45110478438436985015869140625" lon="-80.29203624464571475982666015625">
        <ele>507.600006103515625</ele>
        <time>2024-10-23T19:37:02.000Z</time>
        <extensions>
          <ns3:TrackPointExtension>
            <ns3:hr>101</ns3:hr>
          </ns3:TrackPointExtension>
        </extensions>
      </trkpt>
      <trkpt lat="44.45113764144480228424072265625" lon="-80.292052589356899261474609375">
        <ele>507.600006103515625</ele>
        <time>2024-10-23T19:37:04.000Z</time>
        <extensions>
          <ns3:TrackPointExtension>
            <ns3:hr>103</ns3:hr>
          </ns3:TrackPointExtension>
        </extensions>
      </trkpt>
      <trkpt lat="44.45118726231157779693603515625" lon="-80.29204999096691608428955078125">
        <ele>507.399993896484375</ele>
        <time>2024-10-23T19:37:09.000Z</time>
        <extensions>
          <ns3:TrackPointExtension>
            <ns3:hr>102</ns3:hr>
          </ns3:TrackPointExtension>
        </extensions>
      </trkpt>
      <trkpt lat="44.45123051293194293975830078125" lon="-80.29204211197793483734130859375">
        <ele>506.600006103515625</ele>
        <time>2024-10-23T19:37:14.000Z</time>
        <extensions>
          <ns3:TrackPointExtension>
            <ns3:hr>103</ns3:hr>
          </ns3:TrackPointExtension>
        </extensions>
      </trkpt>
      <trkpt lat="44.45135137997567653656005859375" lon="-80.29207044281065464019775390625">
        <ele>505.600006103515625</ele>
        <time>2024-10-23T19:37:24.000Z</time>
        <extensions>
          <ns3:TrackPointExtension>
            <ns3:hr>104</ns3:hr>
          </ns3:TrackPointExtension>
        </extensions>
      </trkpt>
      <trkpt lat="44.4513613544404506683349609375" lon="-80.29207362793385982513427734375">
        <ele>505.399993896484375</ele>
        <time>2024-10-23T19:37:26.000Z</time>
        <extensions>
          <ns3:TrackPointExtension>
            <ns3:hr>101</ns3:hr>
          </ns3:TrackPointExtension>
        </extensions>
      </trkpt>
      <trkpt lat="44.451394043862819671630859375" lon="-80.292078740894794464111328125">
        <ele>505.399993896484375</ele>
        <time>2024-10-23T19:37:30.000Z</time>
        <extensions>
          <ns3:TrackPointExtension>
            <ns3:hr>106</ns3:hr>
          </ns3:TrackPointExtension>
        </extensions>
      </trkpt>
      <trkpt lat="44.45140535943210124969482421875" lon="-80.29208066873252391815185546875">
        <ele>505.399993896484375</ele>
        <time>2024-10-23T19:37:32.000Z</time>
        <extensions>
          <ns3:TrackPointExtension>
            <ns3:hr>102</ns3:hr>
          </ns3:TrackPointExtension>
        </extensions>
      </trkpt>
      <trkpt lat="44.4514572434127330780029296875" lon="-80.29209977947175502777099609375">
        <ele>505.20001220703125</ele>
        <time>2024-10-23T19:37:38.000Z</time>
        <extensions>
          <ns3:TrackPointExtension>
            <ns3:hr>103</ns3:hr>
          </ns3:TrackPointExtension>
        </extensions>
      </trkpt>
      <trkpt lat="44.451638795435428619384765625" lon="-80.29217085801064968109130859375">
        <ele>504.79998779296875</ele>
        <time>2024-10-23T19:37:54.000Z</time>
        <extensions>
          <ns3:TrackPointExtension>
            <ns3:hr>103</ns3:hr>
          </ns3:TrackPointExtension>
        </extensions>
      </trkpt>
      <trkpt lat="44.4516506977379322052001953125" lon="-80.2921696007251739501953125">
        <ele>504.79998779296875</ele>
        <time>2024-10-23T19:37:55.000Z</time>
        <extensions>
          <ns3:TrackPointExtension>
            <ns3:hr>104</ns3:hr>
          </ns3:TrackPointExtension>
        </extensions>
      </trkpt>
      <trkpt lat="44.4517247937619686126708984375" lon="-80.2921835146844387054443359375">
        <ele>504.79998779296875</ele>
        <time>2024-10-23T19:38:01.000Z</time>
        <extensions>
          <ns3:TrackPointExtension>
            <ns3:hr>101</ns3:hr>
          </ns3:TrackPointExtension>
        </extensions>
      </trkpt>
      <trkpt lat="44.45173745043575763702392578125" lon="-80.29218812473118305206298828125">
        <ele>504.79998779296875</ele>
        <time>2024-10-23T19:38:02.000Z</time>
        <extensions>
          <ns3:TrackPointExtension>
            <ns3:hr>105</ns3:hr>
          </ns3:TrackPointExtension>
        </extensions>
      </trkpt>
      <trkpt lat="44.451748430728912353515625" lon="-80.29218862764537334442138671875">
        <ele>504.600006103515625</ele>
        <time>2024-10-23T19:38:03.000Z</time>
        <extensions>
          <ns3:TrackPointExtension>
            <ns3:hr>102</ns3:hr>
          </ns3:TrackPointExtension>
        </extensions>
      </trkpt>
      <trkpt lat="44.45179176516830921173095703125" lon="-80.29219533316791057586669921875">
        <ele>504.600006103515625</ele>
        <time>2024-10-23T19:38:06.000Z</time>
        <extensions>
          <ns3:TrackPointExtension>
            <ns3:hr>101</ns3:hr>
          </ns3:TrackPointExtension>
        </extensions>
      </trkpt>
      <trkpt lat="44.4518736563622951507568359375" lon="-80.2922157011926174163818359375">
        <ele>504.20001220703125</ele>
        <time>2024-10-23T19:38:12.000Z</time>
        <extensions>
          <ns3:TrackPointExtension>
            <ns3:hr>102</ns3:hr>
          </ns3:TrackPointExtension>
        </extensions>
      </trkpt>
      <trkpt lat="44.45197180844843387603759765625" lon="-80.2922012843191623687744140625">
        <ele>503.79998779296875</ele>
        <time>2024-10-23T19:38:21.000Z</time>
        <extensions>
          <ns3:TrackPointExtension>
            <ns3:hr>99</ns3:hr>
          </ns3:TrackPointExtension>
        </extensions>
      </trkpt>
      <trkpt lat="44.45204188115894794464111328125" lon="-80.29222064651548862457275390625">
        <ele>503.79998779296875</ele>
        <time>2024-10-23T19:38:28.000Z</time>
        <extensions>
          <ns3:TrackPointExtension>
            <ns3:hr>99</ns3:hr>
          </ns3:TrackPointExtension>
        </extensions>
      </trkpt>
      <trkpt lat="44.45212083868682384490966796875" lon="-80.29225207865238189697265625">
        <ele>504.20001220703125</ele>
        <time>2024-10-23T19:38:35.000Z</time>
        <extensions>
          <ns3:TrackPointExtension>
            <ns3:hr>94</ns3:hr>
          </ns3:TrackPointExtension>
        </extensions>
      </trkpt>
      <trkpt lat="44.4521566294133663177490234375" lon="-80.29227278195321559906005859375">
        <ele>504.399993896484375</ele>
        <time>2024-10-23T19:38:38.000Z</time>
        <extensions>
          <ns3:TrackPointExtension>
            <ns3:hr>97</ns3:hr>
          </ns3:TrackPointExtension>
        </extensions>
      </trkpt>
      <trkpt lat="44.45221588946878910064697265625" lon="-80.29234704561531543731689453125">
        <ele>505.20001220703125</ele>
        <time>2024-10-23T19:38:44.000Z</time>
        <extensions>
          <ns3:TrackPointExtension>
            <ns3:hr>97</ns3:hr>
          </ns3:TrackPointExtension>
        </extensions>
      </trkpt>
      <trkpt lat="44.45224128663539886474609375" lon="-80.29240429401397705078125">
        <ele>505.600006103515625</ele>
        <time>2024-10-23T19:38:49.000Z</time>
        <extensions>
          <ns3:TrackPointExtension>
            <ns3:hr>95</ns3:hr>
          </ns3:TrackPointExtension>
        </extensions>
      </trkpt>
      <trkpt lat="44.45227271877229213714599609375" lon="-80.29242080636322498321533203125">
        <ele>506</ele>
        <time>2024-10-23T19:38:53.000Z</time>
        <extensions>
          <ns3:TrackPointExtension>
            <ns3:hr>98</ns3:hr>
          </ns3:TrackPointExtension>
        </extensions>
      </trkpt>
      <trkpt lat="44.45230205543339252471923828125" lon="-80.292432792484760284423828125">
        <ele>506.600006103515625</ele>
        <time>2024-10-23T19:38:56.000Z</time>
        <extensions>
          <ns3:TrackPointExtension>
            <ns3:hr>97</ns3:hr>
          </ns3:TrackPointExtension>
        </extensions>
      </trkpt>
      <trkpt lat="44.4523155502974987030029296875" lon="-80.29243958182632923126220703125">
        <ele>506.79998779296875</ele>
        <time>2024-10-23T19:38:58.000Z</time>
        <extensions>
          <ns3:TrackPointExtension>
            <ns3:hr>95</ns3:hr>
          </ns3:TrackPointExtension>
        </extensions>
      </trkpt>
      <trkpt lat="44.45233407430350780487060546875" lon="-80.29246003367006778717041015625">
        <ele>507</ele>
        <time>2024-10-23T19:39:00.000Z</time>
        <extensions>
          <ns3:TrackPointExtension>
            <ns3:hr>98</ns3:hr>
          </ns3:TrackPointExtension>
        </extensions>
      </trkpt>
      <trkpt lat="44.45235419087111949920654296875" lon="-80.29248165898025035858154296875">
        <ele>507.399993896484375</ele>
        <time>2024-10-23T19:39:04.000Z</time>
        <extensions>
          <ns3:TrackPointExtension>
            <ns3:hr>104</ns3:hr>
          </ns3:TrackPointExtension>
        </extensions>
      </trkpt>
      <trkpt lat="44.452405907213687896728515625" lon="-80.29247093014419078826904296875">
        <ele>507.79998779296875</ele>
        <time>2024-10-23T19:39:09.000Z</time>
        <extensions>
          <ns3:TrackPointExtension>
            <ns3:hr>103</ns3:hr>
          </ns3:TrackPointExtension>
        </extensions>
      </trkpt>
      <trkpt lat="44.4524355791509151458740234375" lon="-80.29248098842799663543701171875">
        <ele>508</ele>
        <time>2024-10-23T19:39:12.000Z</time>
        <extensions>
          <ns3:TrackPointExtension>
            <ns3:hr>104</ns3:hr>
          </ns3:TrackPointExtension>
        </extensions>
      </trkpt>
      <trkpt lat="44.45247329771518707275390625" lon="-80.29255022294819355010986328125">
        <ele>508.79998779296875</ele>
        <time>2024-10-23T19:39:21.000Z</time>
        <extensions>
          <ns3:TrackPointExtension>
            <ns3:hr>102</ns3:hr>
          </ns3:TrackPointExtension>
        </extensions>
      </trkpt>
      <trkpt lat="44.4524942524731159210205078125" lon="-80.29259137809276580810546875">
        <ele>509</ele>
        <time>2024-10-23T19:39:26.000Z</time>
        <extensions>
          <ns3:TrackPointExtension>
            <ns3:hr>102</ns3:hr>
          </ns3:TrackPointExtension>
        </extensions>
      </trkpt>
      <trkpt lat="44.452631212770938873291015625" lon="-80.29269942082464694976806640625">
        <ele>509.600006103515625</ele>
        <time>2024-10-23T19:39:40.000Z</time>
        <extensions>
          <ns3:TrackPointExtension>
            <ns3:hr>101</ns3:hr>
          </ns3:TrackPointExtension>
        </extensions>
      </trkpt>
      <trkpt lat="44.45280094631016254425048828125" lon="-80.29280000366270542144775390625">
        <ele>508.79998779296875</ele>
        <time>2024-10-23T19:39:55.000Z</time>
        <extensions>
          <ns3:TrackPointExtension>
            <ns3:hr>102</ns3:hr>
          </ns3:TrackPointExtension>
        </extensions>
      </trkpt>
      <trkpt lat="44.45281553082168102264404296875" lon="-80.292814336717128753662109375">
        <ele>508.600006103515625</ele>
        <time>2024-10-23T19:39:56.000Z</time>
        <extensions>
          <ns3:TrackPointExtension>
            <ns3:hr>105</ns3:hr>
          </ns3:TrackPointExtension>
        </extensions>
      </trkpt>
      <trkpt lat="44.4528322108089923858642578125" lon="-80.29283068142831325531005859375">
        <ele>508.600006103515625</ele>
        <time>2024-10-23T19:39:57.000Z</time>
        <extensions>
          <ns3:TrackPointExtension>
            <ns3:hr>113</ns3:hr>
          </ns3:TrackPointExtension>
        </extensions>
      </trkpt>
      <trkpt lat="44.4528409279882907867431640625" lon="-80.2928409911692142486572265625">
        <ele>508.600006103515625</ele>
        <time>2024-10-23T19:39:58.000Z</time>
        <extensions>
          <ns3:TrackPointExtension>
            <ns3:hr>116</ns3:hr>
          </ns3:TrackPointExtension>
        </extensions>
      </trkpt>
      <trkpt lat="44.4528613798320293426513671875" lon="-80.292868651449680328369140625">
        <ele>508.600006103515625</ele>
        <time>2024-10-23T19:40:00.000Z</time>
        <extensions>
          <ns3:TrackPointExtension>
            <ns3:hr>119</ns3:hr>
          </ns3:TrackPointExtension>
        </extensions>
      </trkpt>
      <trkpt lat="44.452879317104816436767578125" lon="-80.2928916178643703460693359375">
        <ele>508.399993896484375</ele>
        <time>2024-10-23T19:40:02.000Z</time>
        <extensions>
          <ns3:TrackPointExtension>
            <ns3:hr>123</ns3:hr>
          </ns3:TrackPointExtension>
        </extensions>
      </trkpt>
      <trkpt lat="44.4529351405799388885498046875" lon="-80.29294534586369991302490234375">
        <ele>507.600006103515625</ele>
        <time>2024-10-23T19:40:10.000Z</time>
        <extensions>
          <ns3:TrackPointExtension>
            <ns3:hr>123</ns3:hr>
          </ns3:TrackPointExtension>
        </extensions>
      </trkpt>
      <trkpt lat="44.45293975062668323516845703125" lon="-80.29295238666236400604248046875">
        <ele>507.600006103515625</ele>
        <time>2024-10-23T19:40:11.000Z</time>
        <extensions>
          <ns3:TrackPointExtension>
            <ns3:hr>123</ns3:hr>
          </ns3:TrackPointExtension>
        </extensions>
      </trkpt>
      <trkpt lat="44.45298216305673122406005859375" lon="-80.2928912825882434844970703125">
        <ele>507.20001220703125</ele>
        <time>2024-10-23T19:40:20.000Z</time>
        <extensions>
          <ns3:TrackPointExtension>
            <ns3:hr>119</ns3:hr>
          </ns3:TrackPointExtension>
        </extensions>
      </trkpt>
      <trkpt lat="44.45299322716891765594482421875" lon="-80.29287745244801044464111328125">
        <ele>507.20001220703125</ele>
        <time>2024-10-23T19:40:22.000Z</time>
        <extensions>
          <ns3:TrackPointExtension>
            <ns3:hr>120</ns3:hr>
          </ns3:TrackPointExtension>
        </extensions>
      </trkpt>
      <trkpt lat="44.45301485247910022735595703125" lon="-80.29288214631378650665283203125">
        <ele>507.399993896484375</ele>
        <time>2024-10-23T19:40:30.000Z</time>
        <extensions>
          <ns3:TrackPointExtension>
            <ns3:hr>117</ns3:hr>
          </ns3:TrackPointExtension>
        </extensions>
      </trkpt>
      <trkpt lat="44.45302306674420833587646484375" lon="-80.29287359677255153656005859375">
        <ele>507.600006103515625</ele>
        <time>2024-10-23T19:40:36.000Z</time>
        <extensions>
          <ns3:TrackPointExtension>
            <ns3:hr>113</ns3:hr>
          </ns3:TrackPointExtension>
        </extensions>
      </trkpt>
      <trkpt lat="44.45302440784871578216552734375" lon="-80.29286974109709262847900390625">
        <ele>507.600006103515625</ele>
        <time>2024-10-23T19:40:37.000Z</time>
        <extensions>
          <ns3:TrackPointExtension>
            <ns3:hr>114</ns3:hr>
          </ns3:TrackPointExtension>
        </extensions>
      </trkpt>
      <trkpt lat="44.45303253829479217529296875" lon="-80.292874015867710113525390625">
        <ele>507.600006103515625</ele>
        <time>2024-10-23T19:40:40.000Z</time>
        <extensions>
          <ns3:TrackPointExtension>
            <ns3:hr>111</ns3:hr>
          </ns3:TrackPointExtension>
        </extensions>
      </trkpt>
      <trkpt lat="44.453063048422336578369140625" lon="-80.29286974109709262847900390625">
        <ele>507.600006103515625</ele>
        <time>2024-10-23T19:40:48.000Z</time>
        <extensions>
          <ns3:TrackPointExtension>
            <ns3:hr>104</ns3:hr>
          </ns3:TrackPointExtension>
        </extensions>
      </trkpt>
      <trkpt lat="44.4530699215829372406005859375" lon="-80.292868316173553466796875">
        <ele>507.600006103515625</ele>
        <time>2024-10-23T19:40:49.000Z</time>
        <extensions>
          <ns3:TrackPointExtension>
            <ns3:hr>99</ns3:hr>
          </ns3:TrackPointExtension>
        </extensions>
      </trkpt>
      <trkpt lat="44.45307872258126735687255859375" lon="-80.29287326149642467498779296875">
        <ele>507.600006103515625</ele>
        <time>2024-10-23T19:40:50.000Z</time>
        <extensions>
          <ns3:TrackPointExtension>
            <ns3:hr>99</ns3:hr>
          </ns3:TrackPointExtension>
        </extensions>
      </trkpt>
      <trkpt lat="44.45308308117091655731201171875" lon="-80.29287208802998065948486328125">
        <ele>507.600006103515625</ele>
        <time>2024-10-23T19:40:52.000Z</time>
        <extensions>
          <ns3:TrackPointExtension>
            <ns3:hr>96</ns3:hr>
          </ns3:TrackPointExtension>
        </extensions>
      </trkpt>
      <trkpt lat="44.45306514389812946319580078125" lon="-80.292836129665374755859375">
        <ele>507.79998779296875</ele>
        <time>2024-10-23T19:40:53.000Z</time>
        <extensions>
          <ns3:TrackPointExtension>
            <ns3:hr>97</ns3:hr>
          </ns3:TrackPointExtension>
        </extensions>
      </trkpt>
      <trkpt lat="44.45306078530848026275634765625" lon="-80.29282732866704463958740234375">
        <ele>507.79998779296875</ele>
        <time>2024-10-23T19:40:54.000Z</time>
        <extensions>
          <ns3:TrackPointExtension>
            <ns3:hr>93</ns3:hr>
          </ns3:TrackPointExtension>
        </extensions>
      </trkpt>
      <trkpt lat="44.45304997265338897705078125" lon="-80.29281542636454105377197265625">
        <ele>507.79998779296875</ele>
        <time>2024-10-23T19:40:56.000Z</time>
        <extensions>
          <ns3:TrackPointExtension>
            <ns3:hr>90</ns3:hr>
          </ns3:TrackPointExtension>
        </extensions>
      </trkpt>
      <trkpt lat="44.45308676920831203460693359375" lon="-80.29284610413014888763427734375">
        <ele>508</ele>
        <time>2024-10-23T19:41:00.000Z</time>
        <extensions>
          <ns3:TrackPointExtension>
            <ns3:hr>87</ns3:hr>
          </ns3:TrackPointExtension>
        </extensions>
      </trkpt>
      <trkpt lat="44.453109987080097198486328125" lon="-80.29295406304299831390380859375">
        <ele>508</ele>
        <time>2024-10-23T19:41:08.000Z</time>
        <extensions>
          <ns3:TrackPointExtension>
            <ns3:hr>86</ns3:hr>
          </ns3:TrackPointExtension>
        </extensions>
      </trkpt>
      <trkpt lat="44.453106634318828582763671875" lon="-80.2929663844406604766845703125">
        <ele>507.79998779296875</ele>
        <time>2024-10-23T19:41:20.000Z</time>
        <extensions>
          <ns3:TrackPointExtension>
            <ns3:hr>83</ns3:hr>
          </ns3:TrackPointExtension>
        </extensions>
      </trkpt>
      <trkpt lat="44.453105293214321136474609375" lon="-80.29296931810677051544189453125">
        <ele>508.399993896484375</ele>
        <time>2024-10-23T19:41:24.000Z</time>
        <extensions>
          <ns3:TrackPointExtension>
            <ns3:hr>83</ns3:hr>
          </ns3:TrackPointExtension>
        </extensions>
      </trkpt>
      <trkpt lat="44.45310018025338649749755859375" lon="-80.29297417961061000823974609375">
        <ele>508.600006103515625</ele>
        <time>2024-10-23T19:41:33.000Z</time>
        <extensions>
          <ns3:TrackPointExtension>
            <ns3:hr>79</ns3:hr>
          </ns3:TrackPointExtension>
        </extensions>
      </trkpt>
      <trkpt lat="44.45310093462467193603515625" lon="-80.2929730899631977081298828125">
        <ele>508.600006103515625</ele>
        <time>2024-10-23T19:41:36.000Z</time>
        <extensions>
          <ns3:TrackPointExtension>
            <ns3:hr>82</ns3:hr>
          </ns3:TrackPointExtension>
        </extensions>
      </trkpt>
      <trkpt lat="44.45310437120497226715087890625" lon="-80.29297250322997570037841796875">
        <ele>508.600006103515625</ele>
        <time>2024-10-23T19:41:37.000Z</time>
        <extensions>
          <ns3:TrackPointExtension>
            <ns3:hr>81</ns3:hr>
          </ns3:TrackPointExtension>
        </extensions>
      </trkpt>
      <trkpt lat="44.45312934927642345428466796875" lon="-80.2929935418069362640380859375">
        <ele>508.399993896484375</ele>
        <time>2024-10-23T19:41:42.000Z</time>
        <extensions>
          <ns3:TrackPointExtension>
            <ns3:hr>84</ns3:hr>
          </ns3:TrackPointExtension>
        </extensions>
      </trkpt>
      <trkpt lat="44.45311727933585643768310546875" lon="-80.29304190538823604583740234375">
        <ele>508.20001220703125</ele>
        <time>2024-10-23T19:41:46.000Z</time>
        <extensions>
          <ns3:TrackPointExtension>
            <ns3:hr>87</ns3:hr>
          </ns3:TrackPointExtension>
        </extensions>
      </trkpt>
      <trkpt lat="44.4531158544123172760009765625" lon="-80.29305162839591503143310546875">
        <ele>508.20001220703125</ele>
        <time>2024-10-23T19:41:47.000Z</time>
        <extensions>
          <ns3:TrackPointExtension>
            <ns3:hr>88</ns3:hr>
          </ns3:TrackPointExtension>
        </extensions>
      </trkpt>
      <trkpt lat="44.45310152135789394378662109375" lon="-80.2930793724954128265380859375">
        <ele>508.399993896484375</ele>
        <time>2024-10-23T19:41:51.000Z</time>
        <extensions>
          <ns3:TrackPointExtension>
            <ns3:hr>91</ns3:hr>
          </ns3:TrackPointExtension>
        </extensions>
      </trkpt>
      <trkpt lat="44.4530561752617359161376953125" lon="-80.29312086291611194610595703125">
        <ele>508.79998779296875</ele>
        <time>2024-10-23T19:41:59.000Z</time>
        <extensions>
          <ns3:TrackPointExtension>
            <ns3:hr>93</ns3:hr>
          </ns3:TrackPointExtension>
        </extensions>
      </trkpt>
      <trkpt lat="44.45304485969245433807373046875" lon="-80.2931625209748744964599609375">
        <ele>509.79998779296875</ele>
        <time>2024-10-23T19:42:04.000Z</time>
        <extensions>
          <ns3:TrackPointExtension>
            <ns3:hr>94</ns3:hr>
          </ns3:TrackPointExtension>
        </extensions>
      </trkpt>
      <trkpt lat="44.45301502011716365814208984375" lon="-80.29323603026568889617919921875">
        <ele>510.399993896484375</ele>
        <time>2024-10-23T19:42:11.000Z</time>
        <extensions>
          <ns3:TrackPointExtension>
            <ns3:hr>91</ns3:hr>
          </ns3:TrackPointExtension>
        </extensions>
      </trkpt>
      <trkpt lat="44.4529907964169979095458984375" lon="-80.2932773530483245849609375">
        <ele>510.399993896484375</ele>
        <time>2024-10-23T19:42:14.000Z</time>
        <extensions>
          <ns3:TrackPointExtension>
            <ns3:hr>88</ns3:hr>
          </ns3:TrackPointExtension>
        </extensions>
      </trkpt>
      <trkpt lat="44.452981241047382354736328125" lon="-80.29329336248338222503662109375">
        <ele>510.399993896484375</ele>
        <time>2024-10-23T19:42:15.000Z</time>
        <extensions>
          <ns3:TrackPointExtension>
            <ns3:hr>87</ns3:hr>
          </ns3:TrackPointExtension>
        </extensions>
      </trkpt>
      <trkpt lat="44.4529770500957965850830078125" lon="-80.293321944773197174072265625">
        <ele>510.20001220703125</ele>
        <time>2024-10-23T19:42:16.000Z</time>
        <extensions>
          <ns3:TrackPointExtension>
            <ns3:hr>86</ns3:hr>
          </ns3:TrackPointExtension>
        </extensions>
      </trkpt>
      <trkpt lat="44.4529612921178340911865234375" lon="-80.2933492697775363922119140625">
        <ele>510.20001220703125</ele>
        <time>2024-10-23T19:42:18.000Z</time>
        <extensions>
          <ns3:TrackPointExtension>
            <ns3:hr>83</ns3:hr>
          </ns3:TrackPointExtension>
        </extensions>
      </trkpt>
      <trkpt lat="44.45295617915689945220947265625" lon="-80.29336427338421344757080078125">
        <ele>510.20001220703125</ele>
        <time>2024-10-23T19:42:19.000Z</time>
        <extensions>
          <ns3:TrackPointExtension>
            <ns3:hr>79</ns3:hr>
          </ns3:TrackPointExtension>
        </extensions>
      </trkpt>
      <trkpt lat="44.45293991826474666595458984375" lon="-80.293496288359165191650390625">
        <ele>510</ele>
        <time>2024-10-23T19:42:28.000Z</time>
        <extensions>
          <ns3:TrackPointExtension>
            <ns3:hr>78</ns3:hr>
          </ns3:TrackPointExtension>
        </extensions>
      </trkpt>
      <trkpt lat="44.452926926314830780029296875" lon="-80.29355387203395366668701171875">
        <ele>509.79998779296875</ele>
        <time>2024-10-23T19:42:32.000Z</time>
        <extensions>
          <ns3:TrackPointExtension>
            <ns3:hr>83</ns3:hr>
          </ns3:TrackPointExtension>
        </extensions>
      </trkpt>
      <trkpt lat="44.45292348973453044891357421875" lon="-80.2935671992599964141845703125">
        <ele>509.79998779296875</ele>
        <time>2024-10-23T19:42:33.000Z</time>
        <extensions>
          <ns3:TrackPointExtension>
            <ns3:hr>79</ns3:hr>
          </ns3:TrackPointExtension>
        </extensions>
      </trkpt>
      <trkpt lat="44.45291276089847087860107421875" lon="-80.29361640103161334991455078125">
        <ele>510</ele>
        <time>2024-10-23T19:42:36.000Z</time>
        <extensions>
          <ns3:TrackPointExtension>
            <ns3:hr>82</ns3:hr>
          </ns3:TrackPointExtension>
        </extensions>
      </trkpt>
      <trkpt lat="44.452877976000308990478515625" lon="-80.293711535632610321044921875">
        <ele>510</ele>
        <time>2024-10-23T19:42:42.000Z</time>
        <extensions>
          <ns3:TrackPointExtension>
            <ns3:hr>79</ns3:hr>
          </ns3:TrackPointExtension>
        </extensions>
      </trkpt>
      <trkpt lat="44.45285492576658725738525390625" lon="-80.293770544230937957763671875">
        <ele>510.399993896484375</ele>
        <time>2024-10-23T19:42:47.000Z</time>
        <extensions>
          <ns3:TrackPointExtension>
            <ns3:hr>82</ns3:hr>
          </ns3:TrackPointExtension>
        </extensions>
      </trkpt>
      <trkpt lat="44.45282491855323314666748046875" lon="-80.29388286173343658447265625">
        <ele>510.79998779296875</ele>
        <time>2024-10-23T19:42:55.000Z</time>
        <extensions>
          <ns3:TrackPointExtension>
            <ns3:hr>80</ns3:hr>
          </ns3:TrackPointExtension>
        </extensions>
      </trkpt>
      <trkpt lat="44.45281653665006160736083984375" lon="-80.293917395174503326416015625">
        <ele>511</ele>
        <time>2024-10-23T19:42:57.000Z</time>
        <extensions>
          <ns3:TrackPointExtension>
            <ns3:hr>81</ns3:hr>
          </ns3:TrackPointExtension>
        </extensions>
      </trkpt>
      <trkpt lat="44.45280798710882663726806640625" lon="-80.29397313483059406280517578125">
        <ele>511.20001220703125</ele>
        <time>2024-10-23T19:43:00.000Z</time>
        <extensions>
          <ns3:TrackPointExtension>
            <ns3:hr>85</ns3:hr>
          </ns3:TrackPointExtension>
        </extensions>
      </trkpt>
      <trkpt lat="44.452783428132534027099609375" lon="-80.29404941014945507049560546875">
        <ele>511.399993896484375</ele>
        <time>2024-10-23T19:43:05.000Z</time>
        <extensions>
          <ns3:TrackPointExtension>
            <ns3:hr>88</ns3:hr>
          </ns3:TrackPointExtension>
        </extensions>
      </trkpt>
      <trkpt lat="44.45275501348078250885009765625" lon="-80.2941705286502838134765625">
        <ele>511.600006103515625</ele>
        <time>2024-10-23T19:43:14.000Z</time>
        <extensions>
          <ns3:TrackPointExtension>
            <ns3:hr>85</ns3:hr>
          </ns3:TrackPointExtension>
        </extensions>
      </trkpt>
      <trkpt lat="44.4527510739862918853759765625" lon="-80.29418419115245342254638671875">
        <ele>511.600006103515625</ele>
        <time>2024-10-23T19:43:15.000Z</time>
        <extensions>
          <ns3:TrackPointExtension>
            <ns3:hr>87</ns3:hr>
          </ns3:TrackPointExtension>
        </extensions>
      </trkpt>
      <trkpt lat="44.4527368247509002685546875" lon="-80.29421604238450527191162109375">
        <ele>511.600006103515625</ele>
        <time>2024-10-23T19:43:17.000Z</time>
        <extensions>
          <ns3:TrackPointExtension>
            <ns3:hr>91</ns3:hr>
          </ns3:TrackPointExtension>
        </extensions>
      </trkpt>
      <trkpt lat="44.4527289457619190216064453125" lon="-80.2943373285233974456787109375">
        <ele>511.600006103515625</ele>
        <time>2024-10-23T19:43:23.000Z</time>
        <extensions>
          <ns3:TrackPointExtension>
            <ns3:hr>94</ns3:hr>
          </ns3:TrackPointExtension>
        </extensions>
      </trkpt>
      <trkpt lat="44.45273657329380512237548828125" lon="-80.2944521605968475341796875">
        <ele>511.600006103515625</ele>
        <time>2024-10-23T19:43:28.000Z</time>
        <extensions>
          <ns3:TrackPointExtension>
            <ns3:hr>96</ns3:hr>
          </ns3:TrackPointExtension>
        </extensions>
      </trkpt>
      <trkpt lat="44.45272408425807952880859375" lon="-80.29465089552104473114013671875">
        <ele>511.600006103515625</ele>
        <time>2024-10-23T19:43:37.000Z</time>
        <extensions>
          <ns3:TrackPointExtension>
            <ns3:hr>93</ns3:hr>
          </ns3:TrackPointExtension>
        </extensions>
      </trkpt>
      <trkpt lat="44.45272182114422321319580078125" lon="-80.2946853451430797576904296875">
        <ele>511.600006103515625</ele>
        <time>2024-10-23T19:43:40.000Z</time>
        <extensions>
          <ns3:TrackPointExtension>
            <ns3:hr>96</ns3:hr>
          </ns3:TrackPointExtension>
        </extensions>
      </trkpt>
      <trkpt lat="44.45272081531584262847900390625" lon="-80.2946984209120273590087890625">
        <ele>511.600006103515625</ele>
        <time>2024-10-23T19:43:41.000Z</time>
        <extensions>
          <ns3:TrackPointExtension>
            <ns3:hr>93</ns3:hr>
          </ns3:TrackPointExtension>
        </extensions>
      </trkpt>
      <trkpt lat="44.452719055116176605224609375" lon="-80.29470856301486492156982421875">
        <ele>511.600006103515625</ele>
        <time>2024-10-23T19:43:42.000Z</time>
        <extensions>
          <ns3:TrackPointExtension>
            <ns3:hr>92</ns3:hr>
          </ns3:TrackPointExtension>
        </extensions>
      </trkpt>
      <trkpt lat="44.4527222402393817901611328125" lon="-80.2947222255170345306396484375">
        <ele>511.600006103515625</ele>
        <time>2024-10-23T19:43:43.000Z</time>
        <extensions>
          <ns3:TrackPointExtension>
            <ns3:hr>95</ns3:hr>
          </ns3:TrackPointExtension>
        </extensions>
      </trkpt>
      <trkpt lat="44.4526967592537403106689453125" lon="-80.29484099708497524261474609375">
        <ele>511.399993896484375</ele>
        <time>2024-10-23T19:43:51.000Z</time>
        <extensions>
          <ns3:TrackPointExtension>
            <ns3:hr>92</ns3:hr>
          </ns3:TrackPointExtension>
        </extensions>
      </trkpt>
      <trkpt lat="44.452665746212005615234375" lon="-80.29496781527996063232421875">
        <ele>511</ele>
        <time>2024-10-23T19:43:58.000Z</time>
        <extensions>
          <ns3:TrackPointExtension>
            <ns3:hr>92</ns3:hr>
          </ns3:TrackPointExtension>
        </extensions>
      </trkpt>
      <trkpt lat="44.45264303125441074371337890625" lon="-80.29503160156309604644775390625">
        <ele>510.79998779296875</ele>
        <time>2024-10-23T19:44:02.000Z</time>
        <extensions>
          <ns3:TrackPointExtension>
            <ns3:hr>95</ns3:hr>
          </ns3:TrackPointExtension>
        </extensions>
      </trkpt>
      <trkpt lat="44.45259391330182552337646484375" lon="-80.29517359100282192230224609375">
        <ele>510.600006103515625</ele>
        <time>2024-10-23T19:44:12.000Z</time>
        <extensions>
          <ns3:TrackPointExtension>
            <ns3:hr>92</ns3:hr>
          </ns3:TrackPointExtension>
        </extensions>
      </trkpt>
      <trkpt lat="44.452592320740222930908203125" lon="-80.29519169591367244720458984375">
        <ele>510.600006103515625</ele>
        <time>2024-10-23T19:44:13.000Z</time>
        <extensions>
          <ns3:TrackPointExtension>
            <ns3:hr>93</ns3:hr>
          </ns3:TrackPointExtension>
        </extensions>
      </trkpt>
      <trkpt lat="44.4525364972651004791259765625" lon="-80.29533150605857372283935546875">
        <ele>509.79998779296875</ele>
        <time>2024-10-23T19:44:23.000Z</time>
        <extensions>
          <ns3:TrackPointExtension>
            <ns3:hr>94</ns3:hr>
          </ns3:TrackPointExtension>
        </extensions>
      </trkpt>
      <trkpt lat="44.45251780562102794647216796875" lon="-80.29542454518377780914306640625">
        <ele>509.20001220703125</ele>
        <time>2024-10-23T19:44:29.000Z</time>
        <extensions>
          <ns3:TrackPointExtension>
            <ns3:hr>90</ns3:hr>
          </ns3:TrackPointExtension>
        </extensions>
      </trkpt>
      <trkpt lat="44.45250942371785640716552734375" lon="-80.29544524848461151123046875">
        <ele>509</ele>
        <time>2024-10-23T19:44:30.000Z</time>
        <extensions>
          <ns3:TrackPointExtension>
            <ns3:hr>90</ns3:hr>
          </ns3:TrackPointExtension>
        </extensions>
      </trkpt>
      <trkpt lat="44.45249475538730621337890625" lon="-80.29551054351031780242919921875">
        <ele>508.79998779296875</ele>
        <time>2024-10-23T19:44:35.000Z</time>
        <extensions>
          <ns3:TrackPointExtension>
            <ns3:hr>89</ns3:hr>
          </ns3:TrackPointExtension>
        </extensions>
      </trkpt>
      <trkpt lat="44.4524892233312129974365234375" lon="-80.29560458846390247344970703125">
        <ele>508.399993896484375</ele>
        <time>2024-10-23T19:44:43.000Z</time>
        <extensions>
          <ns3:TrackPointExtension>
            <ns3:hr>90</ns3:hr>
          </ns3:TrackPointExtension>
        </extensions>
      </trkpt>
      <trkpt lat="44.45245846174657344818115234375" lon="-80.29567834921181201934814453125">
        <ele>508</ele>
        <time>2024-10-23T19:44:49.000Z</time>
        <extensions>
          <ns3:TrackPointExtension>
            <ns3:hr>93</ns3:hr>
          </ns3:TrackPointExtension>
        </extensions>
      </trkpt>
      <trkpt lat="44.4524122774600982666015625" lon="-80.29574356041848659515380859375">
        <ele>507.79998779296875</ele>
        <time>2024-10-23T19:44:56.000Z</time>
        <extensions>
          <ns3:TrackPointExtension>
            <ns3:hr>91</ns3:hr>
          </ns3:TrackPointExtension>
        </extensions>
      </trkpt>
      <trkpt lat="44.4523906521499156951904296875" lon="-80.295735932886600494384765625">
        <ele>507.600006103515625</ele>
        <time>2024-10-23T19:44:58.000Z</time>
        <extensions>
          <ns3:TrackPointExtension>
            <ns3:hr>93</ns3:hr>
          </ns3:TrackPointExtension>
        </extensions>
      </trkpt>
      <trkpt lat="44.45241034962236881256103515625" lon="-80.29590751044452190399169921875">
        <ele>506.79998779296875</ele>
        <time>2024-10-23T19:45:07.000Z</time>
        <extensions>
          <ns3:TrackPointExtension>
            <ns3:hr>96</ns3:hr>
          </ns3:TrackPointExtension>
        </extensions>
      </trkpt>
      <trkpt lat="44.45240733213722705841064453125" lon="-80.29592326842248439788818359375">
        <ele>506.600006103515625</ele>
        <time>2024-10-23T19:45:08.000Z</time>
        <extensions>
          <ns3:TrackPointExtension>
            <ns3:hr>95</ns3:hr>
          </ns3:TrackPointExtension>
        </extensions>
      </trkpt>
      <trkpt lat="44.45238503627479076385498046875" lon="-80.2960210852324962615966796875">
        <ele>506.600006103515625</ele>
        <time>2024-10-23T19:45:13.000Z</time>
        <extensions>
          <ns3:TrackPointExtension>
            <ns3:hr>95</ns3:hr>
          </ns3:TrackPointExtension>
        </extensions>
      </trkpt>
      <trkpt lat="44.45236357860267162322998046875" lon="-80.2960878051817417144775390625">
        <ele>506.399993896484375</ele>
        <time>2024-10-23T19:45:17.000Z</time>
        <extensions>
          <ns3:TrackPointExtension>
            <ns3:hr>98</ns3:hr>
          </ns3:TrackPointExtension>
        </extensions>
      </trkpt>
      <trkpt lat="44.45234161801636219024658203125" lon="-80.29615544714033603668212890625">
        <ele>506.20001220703125</ele>
        <time>2024-10-23T19:45:21.000Z</time>
        <extensions>
          <ns3:TrackPointExtension>
            <ns3:hr>99</ns3:hr>
          </ns3:TrackPointExtension>
        </extensions>
      </trkpt>
      <trkpt lat="44.45233256556093692779541015625" lon="-80.29618092812597751617431640625">
        <ele>506</ele>
        <time>2024-10-23T19:45:23.000Z</time>
        <extensions>
          <ns3:TrackPointExtension>
            <ns3:hr>96</ns3:hr>
          </ns3:TrackPointExtension>
        </extensions>
      </trkpt>
      <trkpt lat="44.45232870988547801971435546875" lon="-80.29620104469358921051025390625">
        <ele>505.600006103515625</ele>
        <time>2024-10-23T19:45:25.000Z</time>
        <extensions>
          <ns3:TrackPointExtension>
            <ns3:hr>97</ns3:hr>
          </ns3:TrackPointExtension>
        </extensions>
      </trkpt>
      <trkpt lat="44.452312700450420379638671875" lon="-80.29623054899275302886962890625">
        <ele>505.399993896484375</ele>
        <time>2024-10-23T19:45:28.000Z</time>
        <extensions>
          <ns3:TrackPointExtension>
            <ns3:hr>94</ns3:hr>
          </ns3:TrackPointExtension>
        </extensions>
      </trkpt>
      <trkpt lat="44.45227607153356075286865234375" lon="-80.29633331112563610076904296875">
        <ele>505.20001220703125</ele>
        <time>2024-10-23T19:45:35.000Z</time>
        <extensions>
          <ns3:TrackPointExtension>
            <ns3:hr>94</ns3:hr>
          </ns3:TrackPointExtension>
        </extensions>
      </trkpt>
      <trkpt lat="44.45221471600234508514404296875" lon="-80.29647110961377620697021484375">
        <ele>504.600006103515625</ele>
        <time>2024-10-23T19:45:44.000Z</time>
        <extensions>
          <ns3:TrackPointExtension>
            <ns3:hr>97</ns3:hr>
          </ns3:TrackPointExtension>
        </extensions>
      </trkpt>
      <trkpt lat="44.45220901630818843841552734375" lon="-80.2964841015636920928955078125">
        <ele>504.600006103515625</ele>
        <time>2024-10-23T19:45:45.000Z</time>
        <extensions>
          <ns3:TrackPointExtension>
            <ns3:hr>96</ns3:hr>
          </ns3:TrackPointExtension>
        </extensions>
      </trkpt>
      <trkpt lat="44.45217079482972621917724609375" lon="-80.2965719439089298248291015625">
        <ele>504</ele>
        <time>2024-10-23T19:45:52.000Z</time>
        <extensions>
          <ns3:TrackPointExtension>
            <ns3:hr>97</ns3:hr>
          </ns3:TrackPointExtension>
        </extensions>
      </trkpt>
      <trkpt lat="44.45215319283306598663330078125" lon="-80.296633802354335784912109375">
        <ele>503.79998779296875</ele>
        <time>2024-10-23T19:45:57.000Z</time>
        <extensions>
          <ns3:TrackPointExtension>
            <ns3:hr>94</ns3:hr>
          </ns3:TrackPointExtension>
        </extensions>
      </trkpt>
      <trkpt lat="44.45214782841503620147705078125" lon="-80.296747125685214996337890625">
        <ele>503.399993896484375</ele>
        <time>2024-10-23T19:46:04.000Z</time>
        <extensions>
          <ns3:TrackPointExtension>
            <ns3:hr>93</ns3:hr>
          </ns3:TrackPointExtension>
        </extensions>
      </trkpt>
      <trkpt lat="44.45213290862739086151123046875" lon="-80.29682180844247341156005859375">
        <ele>503</ele>
        <time>2024-10-23T19:46:09.000Z</time>
        <extensions>
          <ns3:TrackPointExtension>
            <ns3:hr>90</ns3:hr>
          </ns3:TrackPointExtension>
        </extensions>
      </trkpt>
      <trkpt lat="44.452133662998676300048828125" lon="-80.2968341298401355743408203125">
        <ele>502.79998779296875</ele>
        <time>2024-10-23T19:46:10.000Z</time>
        <extensions>
          <ns3:TrackPointExtension>
            <ns3:hr>91</ns3:hr>
          </ns3:TrackPointExtension>
        </extensions>
      </trkpt>
      <trkpt lat="44.45214338600635528564453125" lon="-80.2969439327716827392578125">
        <ele>502.79998779296875</ele>
        <time>2024-10-23T19:46:15.000Z</time>
        <extensions>
          <ns3:TrackPointExtension>
            <ns3:hr>93</ns3:hr>
          </ns3:TrackPointExtension>
        </extensions>
      </trkpt>
      <trkpt lat="44.45215838961303234100341796875" lon="-80.29705516062676906585693359375">
        <ele>502.79998779296875</ele>
        <time>2024-10-23T19:46:22.000Z</time>
        <extensions>
          <ns3:TrackPointExtension>
            <ns3:hr>90</ns3:hr>
          </ns3:TrackPointExtension>
        </extensions>
      </trkpt>
      <trkpt lat="44.45217062719166278839111328125" lon="-80.29710955917835235595703125">
        <ele>502.79998779296875</ele>
        <time>2024-10-23T19:46:26.000Z</time>
        <extensions>
          <ns3:TrackPointExtension>
            <ns3:hr>90</ns3:hr>
          </ns3:TrackPointExtension>
        </extensions>
      </trkpt>
      <trkpt lat="44.4521697051823139190673828125" lon="-80.297139398753643035888671875">
        <ele>502.79998779296875</ele>
        <time>2024-10-23T19:46:28.000Z</time>
        <extensions>
          <ns3:TrackPointExtension>
            <ns3:hr>93</ns3:hr>
          </ns3:TrackPointExtension>
        </extensions>
      </trkpt>
      <trkpt lat="44.45212502963840961456298828125" lon="-80.2972934581339359283447265625">
        <ele>502.79998779296875</ele>
        <time>2024-10-23T19:46:38.000Z</time>
        <extensions>
          <ns3:TrackPointExtension>
            <ns3:hr>96</ns3:hr>
          </ns3:TrackPointExtension>
        </extensions>
      </trkpt>
      <trkpt lat="44.4521157257258892059326171875" lon="-80.2973382174968719482421875">
        <ele>502.79998779296875</ele>
        <time>2024-10-23T19:46:42.000Z</time>
        <extensions>
          <ns3:TrackPointExtension>
            <ns3:hr>94</ns3:hr>
          </ns3:TrackPointExtension>
        </extensions>
      </trkpt>
      <trkpt lat="44.4520275481045246124267578125" lon="-80.297492444515228271484375">
        <ele>502.399993896484375</ele>
        <time>2024-10-23T19:46:55.000Z</time>
        <extensions>
          <ns3:TrackPointExtension>
            <ns3:hr>92</ns3:hr>
          </ns3:TrackPointExtension>
        </extensions>
      </trkpt>
      <trkpt lat="44.45201438851654529571533203125" lon="-80.297524966299533843994140625">
        <ele>502.399993896484375</ele>
        <time>2024-10-23T19:46:58.000Z</time>
        <extensions>
          <ns3:TrackPointExtension>
            <ns3:hr>95</ns3:hr>
          </ns3:TrackPointExtension>
        </extensions>
      </trkpt>
      <trkpt lat="44.45198840461671352386474609375" lon="-80.29758699238300323486328125">
        <ele>502.399993896484375</ele>
        <time>2024-10-23T19:47:01.000Z</time>
        <extensions>
          <ns3:TrackPointExtension>
            <ns3:hr>92</ns3:hr>
          </ns3:TrackPointExtension>
        </extensions>
      </trkpt>
      <trkpt lat="44.45197968743741512298583984375" lon="-80.2976064383983612060546875">
        <ele>502.399993896484375</ele>
        <time>2024-10-23T19:47:02.000Z</time>
        <extensions>
          <ns3:TrackPointExtension>
            <ns3:hr>92</ns3:hr>
          </ns3:TrackPointExtension>
        </extensions>
      </trkpt>
      <trkpt lat="44.45197382010519504547119140625" lon="-80.2977216057479381561279296875">
        <ele>502.399993896484375</ele>
        <time>2024-10-23T19:47:06.000Z</time>
        <extensions>
          <ns3:TrackPointExtension>
            <ns3:hr>95</ns3:hr>
          </ns3:TrackPointExtension>
        </extensions>
      </trkpt>
      <trkpt lat="44.45197633467614650726318359375" lon="-80.2977648563683032989501953125">
        <ele>502.399993896484375</ele>
        <time>2024-10-23T19:47:08.000Z</time>
        <extensions>
          <ns3:TrackPointExtension>
            <ns3:hr>96</ns3:hr>
          </ns3:TrackPointExtension>
        </extensions>
      </trkpt>
      <trkpt lat="44.451984800398349761962890625" lon="-80.297836773097515106201171875">
        <ele>502.79998779296875</ele>
        <time>2024-10-23T19:47:16.000Z</time>
        <extensions>
          <ns3:TrackPointExtension>
            <ns3:hr>99</ns3:hr>
          </ns3:TrackPointExtension>
        </extensions>
      </trkpt>
      <trkpt lat="44.451980106532573699951171875" lon="-80.2978550456464290618896484375">
        <ele>502.79998779296875</ele>
        <time>2024-10-23T19:47:18.000Z</time>
        <extensions>
          <ns3:TrackPointExtension>
            <ns3:hr>95</ns3:hr>
          </ns3:TrackPointExtension>
        </extensions>
      </trkpt>
      <trkpt lat="44.4519589841365814208984375" lon="-80.297914557158946990966796875">
        <ele>502.79998779296875</ele>
        <time>2024-10-23T19:47:23.000Z</time>
        <extensions>
          <ns3:TrackPointExtension>
            <ns3:hr>92</ns3:hr>
          </ns3:TrackPointExtension>
        </extensions>
      </trkpt>
      <trkpt lat="44.451927803456783294677734375" lon="-80.2980696223676204681396484375">
        <ele>502.79998779296875</ele>
        <time>2024-10-23T19:47:33.000Z</time>
        <extensions>
          <ns3:TrackPointExtension>
            <ns3:hr>93</ns3:hr>
          </ns3:TrackPointExtension>
        </extensions>
      </trkpt>
      <trkpt lat="44.4519011490046977996826171875" lon="-80.29819459654390811920166015625">
        <ele>502.600006103515625</ele>
        <time>2024-10-23T19:47:40.000Z</time>
        <extensions>
          <ns3:TrackPointExtension>
            <ns3:hr>97</ns3:hr>
          </ns3:TrackPointExtension>
        </extensions>
      </trkpt>
      <trkpt lat="44.4518491812050342559814453125" lon="-80.2983660064637660980224609375">
        <ele>502.600006103515625</ele>
        <time>2024-10-23T19:47:48.000Z</time>
        <extensions>
          <ns3:TrackPointExtension>
            <ns3:hr>100</ns3:hr>
          </ns3:TrackPointExtension>
        </extensions>
      </trkpt>
      <trkpt lat="44.451843313872814178466796875" lon="-80.298384614288806915283203125">
        <ele>502.600006103515625</ele>
        <time>2024-10-23T19:47:49.000Z</time>
        <extensions>
          <ns3:TrackPointExtension>
            <ns3:hr>101</ns3:hr>
          </ns3:TrackPointExtension>
        </extensions>
      </trkpt>
      <trkpt lat="44.45182395167648792266845703125" lon="-80.2985276095569133758544921875">
        <ele>502.600006103515625</ele>
        <time>2024-10-23T19:47:56.000Z</time>
        <extensions>
          <ns3:TrackPointExtension>
            <ns3:hr>104</ns3:hr>
          </ns3:TrackPointExtension>
        </extensions>
      </trkpt>
      <trkpt lat="44.45181137882173061370849609375" lon="-80.29861955903470516204833984375">
        <ele>502.79998779296875</ele>
        <time>2024-10-23T19:48:01.000Z</time>
        <extensions>
          <ns3:TrackPointExtension>
            <ns3:hr>107</ns3:hr>
          </ns3:TrackPointExtension>
        </extensions>
      </trkpt>
      <trkpt lat="44.45180810987949371337890625" lon="-80.29863573610782623291015625">
        <ele>502.79998779296875</ele>
        <time>2024-10-23T19:48:02.000Z</time>
        <extensions>
          <ns3:TrackPointExtension>
            <ns3:hr>107</ns3:hr>
          </ns3:TrackPointExtension>
        </extensions>
      </trkpt>
      <trkpt lat="44.45174549706280231475830078125" lon="-80.29888425953686237335205078125">
        <ele>502.399993896484375</ele>
        <time>2024-10-23T19:48:19.000Z</time>
        <extensions>
          <ns3:TrackPointExtension>
            <ns3:hr>109</ns3:hr>
          </ns3:TrackPointExtension>
        </extensions>
      </trkpt>
      <trkpt lat="44.45168581791222095489501953125" lon="-80.29913999140262603759765625">
        <ele>502.399993896484375</ele>
        <time>2024-10-23T19:48:32.000Z</time>
        <extensions>
          <ns3:TrackPointExtension>
            <ns3:hr>109</ns3:hr>
          </ns3:TrackPointExtension>
        </extensions>
      </trkpt>
      <trkpt lat="44.451681040227413177490234375" lon="-80.29919371940195560455322265625">
        <ele>502.20001220703125</ele>
        <time>2024-10-23T19:48:34.000Z</time>
        <extensions>
          <ns3:TrackPointExtension>
            <ns3:hr>109</ns3:hr>
          </ns3:TrackPointExtension>
        </extensions>
      </trkpt>
      <trkpt lat="44.45167005993425846099853515625" lon="-80.29928659088909626007080078125">
        <ele>502.20001220703125</ele>
        <time>2024-10-23T19:48:39.000Z</time>
        <extensions>
          <ns3:TrackPointExtension>
            <ns3:hr>112</ns3:hr>
          </ns3:TrackPointExtension>
        </extensions>
      </trkpt>
      <trkpt lat="44.45166553370654582977294921875" lon="-80.29934140853583812713623046875">
        <ele>502.20001220703125</ele>
        <time>2024-10-23T19:48:42.000Z</time>
        <extensions>
          <ns3:TrackPointExtension>
            <ns3:hr>109</ns3:hr>
          </ns3:TrackPointExtension>
        </extensions>
      </trkpt>
      <trkpt lat="44.45165899582207202911376953125" lon="-80.29938549734652042388916015625">
        <ele>502</ele>
        <time>2024-10-23T19:48:44.000Z</time>
        <extensions>
          <ns3:TrackPointExtension>
            <ns3:hr>106</ns3:hr>
          </ns3:TrackPointExtension>
        </extensions>
      </trkpt>
      <trkpt lat="44.451631419360637664794921875" lon="-80.29951147735118865966796875">
        <ele>502</ele>
        <time>2024-10-23T19:48:50.000Z</time>
        <extensions>
          <ns3:TrackPointExtension>
            <ns3:hr>109</ns3:hr>
          </ns3:TrackPointExtension>
        </extensions>
      </trkpt>
      <trkpt lat="44.451606608927249908447265625" lon="-80.29965422116219997406005859375">
        <ele>501.79998779296875</ele>
        <time>2024-10-23T19:48:58.000Z</time>
        <extensions>
          <ns3:TrackPointExtension>
            <ns3:hr>106</ns3:hr>
          </ns3:TrackPointExtension>
        </extensions>
      </trkpt>
      <trkpt lat="44.4515735842287540435791015625" lon="-80.2997738309204578399658203125">
        <ele>501.600006103515625</ele>
        <time>2024-10-23T19:49:05.000Z</time>
        <extensions>
          <ns3:TrackPointExtension>
            <ns3:hr>105</ns3:hr>
          </ns3:TrackPointExtension>
        </extensions>
      </trkpt>
      <trkpt lat="44.451530165970325469970703125" lon="-80.299943983554840087890625">
        <ele>501.399993896484375</ele>
        <time>2024-10-23T19:49:16.000Z</time>
        <extensions>
          <ns3:TrackPointExtension>
            <ns3:hr>104</ns3:hr>
          </ns3:TrackPointExtension>
        </extensions>
      </trkpt>
      <trkpt lat="44.45152605883777141571044921875" lon="-80.29996812343597412109375">
        <ele>501.20001220703125</ele>
        <time>2024-10-23T19:49:18.000Z</time>
        <extensions>
          <ns3:TrackPointExtension>
            <ns3:hr>103</ns3:hr>
          </ns3:TrackPointExtension>
        </extensions>
      </trkpt>
      <trkpt lat="44.45151080377399921417236328125" lon="-80.30002336017787456512451171875">
        <ele>500.79998779296875</ele>
        <time>2024-10-23T19:49:23.000Z</time>
        <extensions>
          <ns3:TrackPointExtension>
            <ns3:hr>106</ns3:hr>
          </ns3:TrackPointExtension>
        </extensions>
      </trkpt>
      <trkpt lat="44.45150225423276424407958984375" lon="-80.30005252920091152191162109375">
        <ele>500.600006103515625</ele>
        <time>2024-10-23T19:49:25.000Z</time>
        <extensions>
          <ns3:TrackPointExtension>
            <ns3:hr>109</ns3:hr>
          </ns3:TrackPointExtension>
        </extensions>
      </trkpt>
      <trkpt lat="44.4515003263950347900390625" lon="-80.30008320696651935577392578125">
        <ele>500.399993896484375</ele>
        <time>2024-10-23T19:49:27.000Z</time>
        <extensions>
          <ns3:TrackPointExtension>
            <ns3:hr>105</ns3:hr>
          </ns3:TrackPointExtension>
        </extensions>
      </trkpt>
      <trkpt lat="44.4514927826821804046630859375" lon="-80.3001111187040805816650390625">
        <ele>500.20001220703125</ele>
        <time>2024-10-23T19:49:29.000Z</time>
        <extensions>
          <ns3:TrackPointExtension>
            <ns3:hr>106</ns3:hr>
          </ns3:TrackPointExtension>
        </extensions>
      </trkpt>
      <trkpt lat="44.45148289203643798828125" lon="-80.3001513518393039703369140625">
        <ele>500</ele>
        <time>2024-10-23T19:49:32.000Z</time>
        <extensions>
          <ns3:TrackPointExtension>
            <ns3:hr>106</ns3:hr>
          </ns3:TrackPointExtension>
        </extensions>
      </trkpt>
      <trkpt lat="44.4514359533786773681640625" lon="-80.30023374594748020172119140625">
        <ele>499.600006103515625</ele>
        <time>2024-10-23T19:49:39.000Z</time>
        <extensions>
          <ns3:TrackPointExtension>
            <ns3:hr>105</ns3:hr>
          </ns3:TrackPointExtension>
        </extensions>
      </trkpt>
      <trkpt lat="44.45142162032425403594970703125" lon="-80.30027783475816249847412109375">
        <ele>499.20001220703125</ele>
        <time>2024-10-23T19:49:42.000Z</time>
        <extensions>
          <ns3:TrackPointExtension>
            <ns3:hr>103</ns3:hr>
          </ns3:TrackPointExtension>
        </extensions>
      </trkpt>
      <trkpt lat="44.45141273550689220428466796875" lon="-80.30029895715415477752685546875">
        <ele>499</ele>
        <time>2024-10-23T19:49:44.000Z</time>
        <extensions>
          <ns3:TrackPointExtension>
            <ns3:hr>103</ns3:hr>
          </ns3:TrackPointExtension>
        </extensions>
      </trkpt>
      <trkpt lat="44.4513995759189128875732421875" lon="-80.300338268280029296875">
        <ele>499</ele>
        <time>2024-10-23T19:49:47.000Z</time>
        <extensions>
          <ns3:TrackPointExtension>
            <ns3:hr>100</ns3:hr>
          </ns3:TrackPointExtension>
        </extensions>
      </trkpt>
      <trkpt lat="44.45136160589754581451416015625" lon="-80.30043357051908969879150390625">
        <ele>498.79998779296875</ele>
        <time>2024-10-23T19:49:54.000Z</time>
        <extensions>
          <ns3:TrackPointExtension>
            <ns3:hr>103</ns3:hr>
          </ns3:TrackPointExtension>
        </extensions>
      </trkpt>
      <trkpt lat="44.45132908411324024200439453125" lon="-80.3004906512796878814697265625">
        <ele>498.79998779296875</ele>
        <time>2024-10-23T19:49:58.000Z</time>
        <extensions>
          <ns3:TrackPointExtension>
            <ns3:hr>101</ns3:hr>
          </ns3:TrackPointExtension>
        </extensions>
      </trkpt>
      <trkpt lat="44.45127225480973720550537109375" lon="-80.3006425313651561737060546875">
        <ele>499</ele>
        <time>2024-10-23T19:50:10.000Z</time>
        <extensions>
          <ns3:TrackPointExtension>
            <ns3:hr>104</ns3:hr>
          </ns3:TrackPointExtension>
        </extensions>
      </trkpt>
      <trkpt lat="44.451262950897216796875" lon="-80.3006663359701633453369140625">
        <ele>499</ele>
        <time>2024-10-23T19:50:12.000Z</time>
        <extensions>
          <ns3:TrackPointExtension>
            <ns3:hr>107</ns3:hr>
          </ns3:TrackPointExtension>
        </extensions>
      </trkpt>
      <trkpt lat="44.4512554071843624114990234375" lon="-80.30068033374845981597900390625">
        <ele>499</ele>
        <time>2024-10-23T19:50:13.000Z</time>
        <extensions>
          <ns3:TrackPointExtension>
            <ns3:hr>106</ns3:hr>
          </ns3:TrackPointExtension>
        </extensions>
      </trkpt>
      <trkpt lat="44.45115809328854084014892578125" lon="-80.30077320523560047149658203125">
        <ele>498.399993896484375</ele>
        <time>2024-10-23T19:50:24.000Z</time>
        <extensions>
          <ns3:TrackPointExtension>
            <ns3:hr>106</ns3:hr>
          </ns3:TrackPointExtension>
        </extensions>
      </trkpt>
      <trkpt lat="44.45114904083311557769775390625" lon="-80.3007783181965351104736328125">
        <ele>498.399993896484375</ele>
        <time>2024-10-23T19:50:25.000Z</time>
        <extensions>
          <ns3:TrackPointExtension>
            <ns3:hr>106</ns3:hr>
          </ns3:TrackPointExtension>
        </extensions>
      </trkpt>
      <trkpt lat="44.45112372748553752899169921875" lon="-80.3008037991821765899658203125">
        <ele>498</ele>
        <time>2024-10-23T19:50:27.000Z</time>
        <extensions>
          <ns3:TrackPointExtension>
            <ns3:hr>106</ns3:hr>
          </ns3:TrackPointExtension>
        </extensions>
      </trkpt>
      <trkpt lat="44.451019205152988433837890625" lon="-80.30093866400420665740966796875">
        <ele>497.399993896484375</ele>
        <time>2024-10-23T19:50:39.000Z</time>
        <extensions>
          <ns3:TrackPointExtension>
            <ns3:hr>106</ns3:hr>
          </ns3:TrackPointExtension>
        </extensions>
      </trkpt>
      <trkpt lat="44.45095072500407695770263671875" lon="-80.30105098150670528411865234375">
        <ele>497</ele>
        <time>2024-10-23T19:50:51.000Z</time>
        <extensions>
          <ns3:TrackPointExtension>
            <ns3:hr>104</ns3:hr>
          </ns3:TrackPointExtension>
        </extensions>
      </trkpt>
      <trkpt lat="44.4509221427142620086669921875" lon="-80.3010975010693073272705078125">
        <ele>496.79998779296875</ele>
        <time>2024-10-23T19:50:54.000Z</time>
        <extensions>
          <ns3:TrackPointExtension>
            <ns3:hr>105</ns3:hr>
          </ns3:TrackPointExtension>
        </extensions>
      </trkpt>
      <trkpt lat="44.45080974139273166656494140625" lon="-80.3011994250118732452392578125">
        <ele>496.399993896484375</ele>
        <time>2024-10-23T19:51:06.000Z</time>
        <extensions>
          <ns3:TrackPointExtension>
            <ns3:hr>103</ns3:hr>
          </ns3:TrackPointExtension>
        </extensions>
      </trkpt>
      <trkpt lat="44.450787194073200225830078125" lon="-80.3012168593704700469970703125">
        <ele>496.20001220703125</ele>
        <time>2024-10-23T19:51:08.000Z</time>
        <extensions>
          <ns3:TrackPointExtension>
            <ns3:hr>107</ns3:hr>
          </ns3:TrackPointExtension>
        </extensions>
      </trkpt>
      <trkpt lat="44.4506653212010860443115234375" lon="-80.30130813829600811004638671875">
        <ele>496.20001220703125</ele>
        <time>2024-10-23T19:51:19.000Z</time>
        <extensions>
          <ns3:TrackPointExtension>
            <ns3:hr>106</ns3:hr>
          </ns3:TrackPointExtension>
        </extensions>
      </trkpt>
      <trkpt lat="44.45062869228422641754150390625" lon="-80.30132330954074859619140625">
        <ele>496.20001220703125</ele>
        <time>2024-10-23T19:51:22.000Z</time>
        <extensions>
          <ns3:TrackPointExtension>
            <ns3:hr>103</ns3:hr>
          </ns3:TrackPointExtension>
        </extensions>
      </trkpt>
      <trkpt lat="44.45059851743280887603759765625" lon="-80.3013402409851551055908203125">
        <ele>496.399993896484375</ele>
        <time>2024-10-23T19:51:25.000Z</time>
        <extensions>
          <ns3:TrackPointExtension>
            <ns3:hr>100</ns3:hr>
          </ns3:TrackPointExtension>
        </extensions>
      </trkpt>
      <trkpt lat="44.45053062401711940765380859375" lon="-80.30138902366161346435546875">
        <ele>496.399993896484375</ele>
        <time>2024-10-23T19:51:36.000Z</time>
        <extensions>
          <ns3:TrackPointExtension>
            <ns3:hr>98</ns3:hr>
          </ns3:TrackPointExtension>
        </extensions>
      </trkpt>
      <trkpt lat="44.45049039088189601898193359375" lon="-80.30146152712404727935791015625">
        <ele>496</ele>
        <time>2024-10-23T19:51:45.000Z</time>
        <extensions>
          <ns3:TrackPointExtension>
            <ns3:hr>101</ns3:hr>
          </ns3:TrackPointExtension>
        </extensions>
      </trkpt>
      <trkpt lat="44.4504856131970882415771484375" lon="-80.3014661371707916259765625">
        <ele>496</ele>
        <time>2024-10-23T19:51:46.000Z</time>
        <extensions>
          <ns3:TrackPointExtension>
            <ns3:hr>97</ns3:hr>
          </ns3:TrackPointExtension>
        </extensions>
      </trkpt>
      <trkpt lat="44.45045803673565387725830078125" lon="-80.30148734338581562042236328125">
        <ele>495.79998779296875</ele>
        <time>2024-10-23T19:51:50.000Z</time>
        <extensions>
          <ns3:TrackPointExtension>
            <ns3:hr>98</ns3:hr>
          </ns3:TrackPointExtension>
        </extensions>
      </trkpt>
      <trkpt lat="44.45041813887655735015869140625" lon="-80.30153327621519565582275390625">
        <ele>495.79998779296875</ele>
        <time>2024-10-23T19:51:55.000Z</time>
        <extensions>
          <ns3:TrackPointExtension>
            <ns3:hr>95</ns3:hr>
          </ns3:TrackPointExtension>
        </extensions>
      </trkpt>
      <trkpt lat="44.45033465512096881866455078125" lon="-80.30161944217979907989501953125">
        <ele>495.79998779296875</ele>
        <time>2024-10-23T19:52:05.000Z</time>
        <extensions>
          <ns3:TrackPointExtension>
            <ns3:hr>94</ns3:hr>
          </ns3:TrackPointExtension>
        </extensions>
      </trkpt>
      <trkpt lat="44.45022015832364559173583984375" lon="-80.3017134033143520355224609375">
        <ele>495.79998779296875</ele>
        <time>2024-10-23T19:52:16.000Z</time>
        <extensions>
          <ns3:TrackPointExtension>
            <ns3:hr>97</ns3:hr>
          </ns3:TrackPointExtension>
        </extensions>
      </trkpt>
      <trkpt lat="44.45019207894802093505859375" lon="-80.30174802057445049285888671875">
        <ele>496</ele>
        <time>2024-10-23T19:52:19.000Z</time>
        <extensions>
          <ns3:TrackPointExtension>
            <ns3:hr>95</ns3:hr>
          </ns3:TrackPointExtension>
        </extensions>
      </trkpt>
      <trkpt lat="44.45014790631830692291259765625" lon="-80.3018176741898059844970703125">
        <ele>496.79998779296875</ele>
        <time>2024-10-23T19:52:30.000Z</time>
        <extensions>
          <ns3:TrackPointExtension>
            <ns3:hr>95</ns3:hr>
          </ns3:TrackPointExtension>
        </extensions>
      </trkpt>
      <trkpt lat="44.45012829266488552093505859375" lon="-80.30181775800883769989013671875">
        <ele>496.600006103515625</ele>
        <time>2024-10-23T19:52:43.000Z</time>
        <extensions>
          <ns3:TrackPointExtension>
            <ns3:hr>95</ns3:hr>
          </ns3:TrackPointExtension>
        </extensions>
      </trkpt>
      <trkpt lat="44.4501231797039508819580078125" lon="-80.30186134390532970428466796875">
        <ele>496</ele>
        <time>2024-10-23T19:52:53.000Z</time>
        <extensions>
          <ns3:TrackPointExtension>
            <ns3:hr>98</ns3:hr>
          </ns3:TrackPointExtension>
        </extensions>
      </trkpt>
      <trkpt lat="44.450122006237506866455078125" lon="-80.3018783591687679290771484375">
        <ele>495.79998779296875</ele>
        <time>2024-10-23T19:52:55.000Z</time>
        <extensions>
          <ns3:TrackPointExtension>
            <ns3:hr>101</ns3:hr>
          </ns3:TrackPointExtension>
        </extensions>
      </trkpt>
      <trkpt lat="44.45011672563850879669189453125" lon="-80.30189931392669677734375">
        <ele>495.600006103515625</ele>
        <time>2024-10-23T19:52:57.000Z</time>
        <extensions>
          <ns3:TrackPointExtension>
            <ns3:hr>104</ns3:hr>
          </ns3:TrackPointExtension>
        </extensions>
      </trkpt>
      <trkpt lat="44.45011136122047901153564453125" lon="-80.3019092045724391937255859375">
        <ele>495.600006103515625</ele>
        <time>2024-10-23T19:52:58.000Z</time>
        <extensions>
          <ns3:TrackPointExtension>
            <ns3:hr>106</ns3:hr>
          </ns3:TrackPointExtension>
        </extensions>
      </trkpt>
      <trkpt lat="44.45009241811931133270263671875" lon="-80.30199109576642513275146484375">
        <ele>495</ele>
        <time>2024-10-23T19:53:06.000Z</time>
        <extensions>
          <ns3:TrackPointExtension>
            <ns3:hr>105</ns3:hr>
          </ns3:TrackPointExtension>
        </extensions>
      </trkpt>
      <trkpt lat="44.450060315430164337158203125" lon="-80.3020473383367061614990234375">
        <ele>494.399993896484375</ele>
        <time>2024-10-23T19:53:13.000Z</time>
        <extensions>
          <ns3:TrackPointExtension>
            <ns3:hr>104</ns3:hr>
          </ns3:TrackPointExtension>
        </extensions>
      </trkpt>
      <trkpt lat="44.45004346780478954315185546875" lon="-80.30206359922885894775390625">
        <ele>494.20001220703125</ele>
        <time>2024-10-23T19:53:16.000Z</time>
        <extensions>
          <ns3:TrackPointExtension>
            <ns3:hr>100</ns3:hr>
          </ns3:TrackPointExtension>
        </extensions>
      </trkpt>
      <trkpt lat="44.450024105608463287353515625" lon="-80.302084051072597503662109375">
        <ele>494.20001220703125</ele>
        <time>2024-10-23T19:53:19.000Z</time>
        <extensions>
          <ns3:TrackPointExtension>
            <ns3:hr>104</ns3:hr>
          </ns3:TrackPointExtension>
        </extensions>
      </trkpt>
      <trkpt lat="44.4500172324478626251220703125" lon="-80.30209989286959171295166015625">
        <ele>494</ele>
        <time>2024-10-23T19:53:22.000Z</time>
        <extensions>
          <ns3:TrackPointExtension>
            <ns3:hr>101</ns3:hr>
          </ns3:TrackPointExtension>
        </extensions>
      </trkpt>
      <trkpt lat="44.45000876672565937042236328125" lon="-80.302113555371761322021484375">
        <ele>493.79998779296875</ele>
        <time>2024-10-23T19:53:24.000Z</time>
        <extensions>
          <ns3:TrackPointExtension>
            <ns3:hr>101</ns3:hr>
          </ns3:TrackPointExtension>
        </extensions>
      </trkpt>
      <trkpt lat="44.4500048272311687469482421875" lon="-80.30211229808628559112548828125">
        <ele>493.79998779296875</ele>
        <time>2024-10-23T19:53:27.000Z</time>
        <extensions>
          <ns3:TrackPointExtension>
            <ns3:hr>101</ns3:hr>
          </ns3:TrackPointExtension>
        </extensions>
      </trkpt>
      <trkpt lat="44.44999300874769687652587890625" lon="-80.302079021930694580078125">
        <ele>493.399993896484375</ele>
        <time>2024-10-23T19:53:38.000Z</time>
        <extensions>
          <ns3:TrackPointExtension>
            <ns3:hr>98</ns3:hr>
          </ns3:TrackPointExtension>
        </extensions>
      </trkpt>
      <trkpt lat="44.45000910200178623199462890625" lon="-80.3020932711660861968994140625">
        <ele>493.399993896484375</ele>
        <time>2024-10-23T19:53:44.000Z</time>
        <extensions>
          <ns3:TrackPointExtension>
            <ns3:hr>95</ns3:hr>
          </ns3:TrackPointExtension>
        </extensions>
      </trkpt>
      <trkpt lat="44.45000943727791309356689453125" lon="-80.3020936064422130584716796875">
        <ele>493.399993896484375</ele>
        <time>2024-10-23T19:53:45.000Z</time>
        <extensions>
          <ns3:TrackPointExtension>
            <ns3:hr>94</ns3:hr>
          </ns3:TrackPointExtension>
        </extensions>
      </trkpt>
      <trkpt lat="44.45000977255403995513916015625" lon="-80.3020937740802764892578125">
        <ele>493.600006103515625</ele>
        <time>2024-10-23T19:53:49.000Z</time>
        <extensions>
          <ns3:TrackPointExtension>
            <ns3:hr>90</ns3:hr>
          </ns3:TrackPointExtension>
        </extensions>
      </trkpt>
      <trkpt lat="44.45002016611397266387939453125" lon="-80.302082709968090057373046875">
        <ele>493.79998779296875</ele>
        <time>2024-10-23T19:53:58.000Z</time>
        <extensions>
          <ns3:TrackPointExtension>
            <ns3:hr>91</ns3:hr>
          </ns3:TrackPointExtension>
        </extensions>
      </trkpt>
      <trkpt lat="44.45002133958041667938232421875" lon="-80.3020808659493923187255859375">
        <ele>492.600006103515625</ele>
        <time>2024-10-23T19:53:59.000Z</time>
        <extensions>
          <ns3:TrackPointExtension>
            <ns3:hr>90</ns3:hr>
          </ns3:TrackPointExtension>
        </extensions>
      </trkpt>
      <trkpt lat="44.45004480890929698944091796875" lon="-80.30205580405890941619873046875">
        <ele>492.600006103515625</ele>
        <time>2024-10-23T19:54:04.000Z</time>
        <extensions>
          <ns3:TrackPointExtension>
            <ns3:hr>94</ns3:hr>
          </ns3:TrackPointExtension>
        </extensions>
      </trkpt>
      <trkpt lat="44.45007741451263427734375" lon="-80.30200987122952938079833984375">
        <ele>492.600006103515625</ele>
        <time>2024-10-23T19:54:10.000Z</time>
        <extensions>
          <ns3:TrackPointExtension>
            <ns3:hr>97</ns3:hr>
          </ns3:TrackPointExtension>
        </extensions>
      </trkpt>
      <trkpt lat="44.45009820163249969482421875" lon="-80.30198045074939727783203125">
        <ele>492.600006103515625</ele>
        <time>2024-10-23T19:54:13.000Z</time>
        <extensions>
          <ns3:TrackPointExtension>
            <ns3:hr>93</ns3:hr>
          </ns3:TrackPointExtension>
        </extensions>
      </trkpt>
      <trkpt lat="44.4501101039350032806396484375" lon="-80.3019527904689311981201171875">
        <ele>492.600006103515625</ele>
        <time>2024-10-23T19:54:15.000Z</time>
        <extensions>
          <ns3:TrackPointExtension>
            <ns3:hr>96</ns3:hr>
          </ns3:TrackPointExtension>
        </extensions>
      </trkpt>
      <trkpt lat="44.45015846751630306243896484375" lon="-80.30188816599547863006591796875">
        <ele>492.600006103515625</ele>
        <time>2024-10-23T19:54:27.000Z</time>
        <extensions>
          <ns3:TrackPointExtension>
            <ns3:hr>93</ns3:hr>
          </ns3:TrackPointExtension>
        </extensions>
      </trkpt>
      <trkpt lat="44.4501580484211444854736328125" lon="-80.30187207274138927459716796875">
        <ele>492.600006103515625</ele>
        <time>2024-10-23T19:54:30.000Z</time>
        <extensions>
          <ns3:TrackPointExtension>
            <ns3:hr>96</ns3:hr>
          </ns3:TrackPointExtension>
        </extensions>
      </trkpt>
      <trkpt lat="44.45018394850194454193115234375" lon="-80.301807783544063568115234375">
        <ele>492.600006103515625</ele>
        <time>2024-10-23T19:54:40.000Z</time>
        <extensions>
          <ns3:TrackPointExtension>
            <ns3:hr>103</ns3:hr>
          </ns3:TrackPointExtension>
        </extensions>
      </trkpt>
      <trkpt lat="44.4501835294067859649658203125" lon="-80.3018059395253658294677734375">
        <ele>492.600006103515625</ele>
        <time>2024-10-23T19:54:41.000Z</time>
        <extensions>
          <ns3:TrackPointExtension>
            <ns3:hr>103</ns3:hr>
          </ns3:TrackPointExtension>
        </extensions>
      </trkpt>
      <trkpt lat="44.45018813945353031158447265625" lon="-80.301804430782794952392578125">
        <ele>492.600006103515625</ele>
        <time>2024-10-23T19:54:43.000Z</time>
        <extensions>
          <ns3:TrackPointExtension>
            <ns3:hr>103</ns3:hr>
          </ns3:TrackPointExtension>
        </extensions>
      </trkpt>
      <trkpt lat="44.45021219551563262939453125" lon="-80.30179093591868877410888671875">
        <ele>492.600006103515625</ele>
        <time>2024-10-23T19:54:55.000Z</time>
        <extensions>
          <ns3:TrackPointExtension>
            <ns3:hr>104</ns3:hr>
          </ns3:TrackPointExtension>
        </extensions>
      </trkpt>
      <trkpt lat="44.45020993240177631378173828125" lon="-80.30178129673004150390625">
        <ele>492.600006103515625</ele>
        <time>2024-10-23T19:54:58.000Z</time>
        <extensions>
          <ns3:TrackPointExtension>
            <ns3:hr>108</ns3:hr>
          </ns3:TrackPointExtension>
        </extensions>
      </trkpt>
      <trkpt lat="44.45021328516304492950439453125" lon="-80.30178087763488292694091796875">
        <ele>496</ele>
        <time>2024-10-23T19:55:00.000Z</time>
        <extensions>
          <ns3:TrackPointExtension>
            <ns3:hr>107</ns3:hr>
          </ns3:TrackPointExtension>
        </extensions>
      </trkpt>
      <trkpt lat="44.45022828876972198486328125" lon="-80.30176864005625247955322265625">
        <ele>495</ele>
        <time>2024-10-23T19:55:04.000Z</time>
        <extensions>
          <ns3:TrackPointExtension>
            <ns3:hr>107</ns3:hr>
          </ns3:TrackPointExtension>
        </extensions>
      </trkpt>
      <trkpt lat="44.4502297975122928619384765625" lon="-80.30175422318279743194580078125">
        <ele>495.600006103515625</ele>
        <time>2024-10-23T19:55:09.000Z</time>
        <extensions>
          <ns3:TrackPointExtension>
            <ns3:hr>108</ns3:hr>
          </ns3:TrackPointExtension>
        </extensions>
      </trkpt>
      <trkpt lat="44.45022669620811939239501953125" lon="-80.3017486073076725006103515625">
        <ele>495.79998779296875</ele>
        <time>2024-10-23T19:55:15.000Z</time>
        <extensions>
          <ns3:TrackPointExtension>
            <ns3:hr>111</ns3:hr>
          </ns3:TrackPointExtension>
        </extensions>
      </trkpt>
      <trkpt lat="44.4502308033406734466552734375" lon="-80.30175254680216312408447265625">
        <ele>495.600006103515625</ele>
        <time>2024-10-23T19:55:17.000Z</time>
        <extensions>
          <ns3:TrackPointExtension>
            <ns3:hr>108</ns3:hr>
          </ns3:TrackPointExtension>
        </extensions>
      </trkpt>
      <trkpt lat="44.45021043531596660614013671875" lon="-80.3017750941216945648193359375">
        <ele>495.399993896484375</ele>
        <time>2024-10-23T19:55:20.000Z</time>
        <extensions>
          <ns3:TrackPointExtension>
            <ns3:hr>105</ns3:hr>
          </ns3:TrackPointExtension>
        </extensions>
      </trkpt>
      <trkpt lat="44.45020356215536594390869140625" lon="-80.30178599059581756591796875">
        <ele>495.600006103515625</ele>
        <time>2024-10-23T19:55:22.000Z</time>
        <extensions>
          <ns3:TrackPointExtension>
            <ns3:hr>102</ns3:hr>
          </ns3:TrackPointExtension>
        </extensions>
      </trkpt>
      <trkpt lat="44.450199790298938751220703125" lon="-80.3017888404428958892822265625">
        <ele>495.600006103515625</ele>
        <time>2024-10-23T19:55:23.000Z</time>
        <extensions>
          <ns3:TrackPointExtension>
            <ns3:hr>104</ns3:hr>
          </ns3:TrackPointExtension>
        </extensions>
      </trkpt>
      <trkpt lat="44.450198449194431304931640625" lon="-80.30181608162820339202880859375">
        <ele>496</ele>
        <time>2024-10-23T19:55:29.000Z</time>
        <extensions>
          <ns3:TrackPointExtension>
            <ns3:hr>103</ns3:hr>
          </ns3:TrackPointExtension>
        </extensions>
      </trkpt>
      <trkpt lat="44.4501967728137969970703125" lon="-80.301819853484630584716796875">
        <ele>496.399993896484375</ele>
        <time>2024-10-23T19:55:34.000Z</time>
        <extensions>
          <ns3:TrackPointExtension>
            <ns3:hr>103</ns3:hr>
          </ns3:TrackPointExtension>
        </extensions>
      </trkpt>
      <trkpt lat="44.45018545724451541900634765625" lon="-80.30180200003087520599365234375">
        <ele>496.600006103515625</ele>
        <time>2024-10-23T19:55:49.000Z</time>
        <extensions>
          <ns3:TrackPointExtension>
            <ns3:hr>104</ns3:hr>
          </ns3:TrackPointExtension>
        </extensions>
      </trkpt>
      <trkpt lat="44.45014455355703830718994140625" lon="-80.30184273608028888702392578125">
        <ele>496.399993896484375</ele>
        <time>2024-10-23T19:56:04.000Z</time>
        <extensions>
          <ns3:TrackPointExtension>
            <ns3:hr>103</ns3:hr>
          </ns3:TrackPointExtension>
        </extensions>
      </trkpt>
      <trkpt lat="44.45011806674301624298095703125" lon="-80.30189059674739837646484375">
        <ele>496.399993896484375</ele>
        <time>2024-10-23T19:56:10.000Z</time>
        <extensions>
          <ns3:TrackPointExtension>
            <ns3:hr>106</ns3:hr>
          </ns3:TrackPointExtension>
        </extensions>
      </trkpt>
      <trkpt lat="44.4500883109867572784423828125" lon="-80.3019413910806179046630859375">
        <ele>496.399993896484375</ele>
        <time>2024-10-23T19:56:17.000Z</time>
        <extensions>
          <ns3:TrackPointExtension>
            <ns3:hr>105</ns3:hr>
          </ns3:TrackPointExtension>
        </extensions>
      </trkpt>
      <trkpt lat="44.4500329904258251190185546875" lon="-80.30205018818378448486328125">
        <ele>496.399993896484375</ele>
        <time>2024-10-23T19:56:28.000Z</time>
        <extensions>
          <ns3:TrackPointExtension>
            <ns3:hr>100</ns3:hr>
          </ns3:TrackPointExtension>
        </extensions>
      </trkpt>
      <trkpt lat="44.45001413114368915557861328125" lon="-80.302071310579776763916015625">
        <ele>496.399993896484375</ele>
        <time>2024-10-23T19:56:31.000Z</time>
        <extensions>
          <ns3:TrackPointExtension>
            <ns3:hr>100</ns3:hr>
          </ns3:TrackPointExtension>
        </extensions>
      </trkpt>
      <trkpt lat="44.449917487800121307373046875" lon="-80.3021366894245147705078125">
        <ele>496.399993896484375</ele>
        <time>2024-10-23T19:56:44.000Z</time>
        <extensions>
          <ns3:TrackPointExtension>
            <ns3:hr>105</ns3:hr>
          </ns3:TrackPointExtension>
        </extensions>
      </trkpt>
      <trkpt lat="44.44990281946957111358642578125" lon="-80.30215345323085784912109375">
        <ele>496.399993896484375</ele>
        <time>2024-10-23T19:56:47.000Z</time>
        <extensions>
          <ns3:TrackPointExtension>
            <ns3:hr>101</ns3:hr>
          </ns3:TrackPointExtension>
        </extensions>
      </trkpt>
      <trkpt lat="44.44987633265554904937744140625" lon="-80.30218019150197505950927734375">
        <ele>496.399993896484375</ele>
        <time>2024-10-23T19:56:56.000Z</time>
        <extensions>
          <ns3:TrackPointExtension>
            <ns3:hr>104</ns3:hr>
          </ns3:TrackPointExtension>
        </extensions>
      </trkpt>
      <trkpt lat="44.4498727284371852874755859375" lon="-80.30219594947993755340576171875">
        <ele>496.399993896484375</ele>
        <time>2024-10-23T19:56:58.000Z</time>
        <extensions>
          <ns3:TrackPointExtension>
            <ns3:hr>104</ns3:hr>
          </ns3:TrackPointExtension>
        </extensions>
      </trkpt>
      <trkpt lat="44.4498614966869354248046875" lon="-80.30222645960748195648193359375">
        <ele>493.600006103515625</ele>
        <time>2024-10-23T19:57:02.000Z</time>
        <extensions>
          <ns3:TrackPointExtension>
            <ns3:hr>103</ns3:hr>
          </ns3:TrackPointExtension>
        </extensions>
      </trkpt>
      <trkpt lat="44.44982302375137805938720703125" lon="-80.30231438577175140380859375">
        <ele>493</ele>
        <time>2024-10-23T19:57:09.000Z</time>
        <extensions>
          <ns3:TrackPointExtension>
            <ns3:hr>106</ns3:hr>
          </ns3:TrackPointExtension>
        </extensions>
      </trkpt>
      <trkpt lat="44.449817575514316558837890625" lon="-80.30232301913201808929443359375">
        <ele>492.79998779296875</ele>
        <time>2024-10-23T19:57:10.000Z</time>
        <extensions>
          <ns3:TrackPointExtension>
            <ns3:hr>106</ns3:hr>
          </ns3:TrackPointExtension>
        </extensions>
      </trkpt>
      <trkpt lat="44.44980240426957607269287109375" lon="-80.30233592726290225982666015625">
        <ele>493</ele>
        <time>2024-10-23T19:57:12.000Z</time>
        <extensions>
          <ns3:TrackPointExtension>
            <ns3:hr>103</ns3:hr>
          </ns3:TrackPointExtension>
        </extensions>
      </trkpt>
      <trkpt lat="44.4497791863977909088134765625" lon="-80.30235570855438709259033203125">
        <ele>492.600006103515625</ele>
        <time>2024-10-23T19:57:16.000Z</time>
        <extensions>
          <ns3:TrackPointExtension>
            <ns3:hr>104</ns3:hr>
          </ns3:TrackPointExtension>
        </extensions>
      </trkpt>
      <trkpt lat="44.4497128017246723175048828125" lon="-80.3024292178452014923095703125">
        <ele>492.79998779296875</ele>
        <time>2024-10-23T19:57:25.000Z</time>
        <extensions>
          <ns3:TrackPointExtension>
            <ns3:hr>104</ns3:hr>
          </ns3:TrackPointExtension>
        </extensions>
      </trkpt>
      <trkpt lat="44.44968656636774539947509765625" lon="-80.30246593058109283447265625">
        <ele>492.600006103515625</ele>
        <time>2024-10-23T19:57:29.000Z</time>
        <extensions>
          <ns3:TrackPointExtension>
            <ns3:hr>107</ns3:hr>
          </ns3:TrackPointExtension>
        </extensions>
      </trkpt>
      <trkpt lat="44.44968036375939846038818359375" lon="-80.3024758212268352508544921875">
        <ele>492.399993896484375</ele>
        <time>2024-10-23T19:57:30.000Z</time>
        <extensions>
          <ns3:TrackPointExtension>
            <ns3:hr>103</ns3:hr>
          </ns3:TrackPointExtension>
        </extensions>
      </trkpt>
      <trkpt lat="44.44960576482117176055908203125" lon="-80.30259358696639537811279296875">
        <ele>492</ele>
        <time>2024-10-23T19:57:39.000Z</time>
        <extensions>
          <ns3:TrackPointExtension>
            <ns3:hr>107</ns3:hr>
          </ns3:TrackPointExtension>
        </extensions>
      </trkpt>
      <trkpt lat="44.4495971314609050750732421875" lon="-80.30260540544986724853515625">
        <ele>492</ele>
        <time>2024-10-23T19:57:40.000Z</time>
        <extensions>
          <ns3:TrackPointExtension>
            <ns3:hr>110</ns3:hr>
          </ns3:TrackPointExtension>
        </extensions>
      </trkpt>
      <trkpt lat="44.4495793618261814117431640625" lon="-80.30262426473200321197509765625">
        <ele>491.79998779296875</ele>
        <time>2024-10-23T19:57:42.000Z</time>
        <extensions>
          <ns3:TrackPointExtension>
            <ns3:hr>117</ns3:hr>
          </ns3:TrackPointExtension>
        </extensions>
      </trkpt>
      <trkpt lat="44.44956175982952117919921875" lon="-80.302647985517978668212890625">
        <ele>491.399993896484375</ele>
        <time>2024-10-23T19:57:44.000Z</time>
        <extensions>
          <ns3:TrackPointExtension>
            <ns3:hr>120</ns3:hr>
          </ns3:TrackPointExtension>
        </extensions>
      </trkpt>
      <trkpt lat="44.44949294440448284149169921875" lon="-80.3027289547026157379150390625">
        <ele>490.600006103515625</ele>
        <time>2024-10-23T19:57:53.000Z</time>
        <extensions>
          <ns3:TrackPointExtension>
            <ns3:hr>117</ns3:hr>
          </ns3:TrackPointExtension>
        </extensions>
      </trkpt>
      <trkpt lat="44.44947282783687114715576171875" lon="-80.302755273878574371337890625">
        <ele>490.20001220703125</ele>
        <time>2024-10-23T19:57:56.000Z</time>
        <extensions>
          <ns3:TrackPointExtension>
            <ns3:hr>114</ns3:hr>
          </ns3:TrackPointExtension>
        </extensions>
      </trkpt>
      <trkpt lat="44.4494660384953022003173828125" lon="-80.302763991057872772216796875">
        <ele>490.20001220703125</ele>
        <time>2024-10-23T19:57:57.000Z</time>
        <extensions>
          <ns3:TrackPointExtension>
            <ns3:hr>115</ns3:hr>
          </ns3:TrackPointExtension>
        </extensions>
      </trkpt>
      <trkpt lat="44.44945237599313259124755859375" lon="-80.30278804711997509002685546875">
        <ele>489.79998779296875</ele>
        <time>2024-10-23T19:57:59.000Z</time>
        <extensions>
          <ns3:TrackPointExtension>
            <ns3:hr>111</ns3:hr>
          </ns3:TrackPointExtension>
        </extensions>
      </trkpt>
      <trkpt lat="44.449407197535037994384765625" lon="-80.30285493470728397369384765625">
        <ele>489.79998779296875</ele>
        <time>2024-10-23T19:58:05.000Z</time>
        <extensions>
          <ns3:TrackPointExtension>
            <ns3:hr>108</ns3:hr>
          </ns3:TrackPointExtension>
        </extensions>
      </trkpt>
      <trkpt lat="44.44936688058078289031982421875" lon="-80.30290388502180576324462890625">
        <ele>489.79998779296875</ele>
        <time>2024-10-23T19:58:09.000Z</time>
        <extensions>
          <ns3:TrackPointExtension>
            <ns3:hr>107</ns3:hr>
          </ns3:TrackPointExtension>
        </extensions>
      </trkpt>
      <trkpt lat="44.4493331015110015869140625" lon="-80.3029453754425048828125">
        <ele>489.79998779296875</ele>
        <time>2024-10-23T19:58:12.000Z</time>
        <extensions>
          <ns3:TrackPointExtension>
            <ns3:hr>110</ns3:hr>
          </ns3:TrackPointExtension>
        </extensions>
      </trkpt>
      <trkpt lat="44.449221454560756683349609375" lon="-80.30307806096971035003662109375">
        <ele>489.79998779296875</ele>
        <time>2024-10-23T19:58:23.000Z</time>
        <extensions>
          <ns3:TrackPointExtension>
            <ns3:hr>112</ns3:hr>
          </ns3:TrackPointExtension>
        </extensions>
      </trkpt>
      <trkpt lat="44.44919387809932231903076171875" lon="-80.30308459885418415069580078125">
        <ele>489.79998779296875</ele>
        <time>2024-10-23T19:58:26.000Z</time>
        <extensions>
          <ns3:TrackPointExtension>
            <ns3:hr>109</ns3:hr>
          </ns3:TrackPointExtension>
        </extensions>
      </trkpt>
      <trkpt lat="44.44915934465825557708740234375" lon="-80.30311477370560169219970703125">
        <ele>490</ele>
        <time>2024-10-23T19:58:30.000Z</time>
        <extensions>
          <ns3:TrackPointExtension>
            <ns3:hr>105</ns3:hr>
          </ns3:TrackPointExtension>
        </extensions>
      </trkpt>
      <trkpt lat="44.4491498731076717376708984375" lon="-80.30312173068523406982421875">
        <ele>490.20001220703125</ele>
        <time>2024-10-23T19:58:31.000Z</time>
        <extensions>
          <ns3:TrackPointExtension>
            <ns3:hr>102</ns3:hr>
          </ns3:TrackPointExtension>
        </extensions>
      </trkpt>
      <trkpt lat="44.44914325140416622161865234375" lon="-80.30313136987388134002685546875">
        <ele>490.399993896484375</ele>
        <time>2024-10-23T19:58:32.000Z</time>
        <extensions>
          <ns3:TrackPointExtension>
            <ns3:hr>99</ns3:hr>
          </ns3:TrackPointExtension>
        </extensions>
      </trkpt>
      <trkpt lat="44.4491079635918140411376953125" lon="-80.30317042954266071319580078125">
        <ele>491.399993896484375</ele>
        <time>2024-10-23T19:58:37.000Z</time>
        <extensions>
          <ns3:TrackPointExtension>
            <ns3:hr>97</ns3:hr>
          </ns3:TrackPointExtension>
        </extensions>
      </trkpt>
      <trkpt lat="44.4490982405841350555419921875" lon="-80.303184092044830322265625">
        <ele>491.399993896484375</ele>
        <time>2024-10-23T19:58:38.000Z</time>
        <extensions>
          <ns3:TrackPointExtension>
            <ns3:hr>97</ns3:hr>
          </ns3:TrackPointExtension>
        </extensions>
      </trkpt>
      <trkpt lat="44.44901727139949798583984375" lon="-80.3033114969730377197265625">
        <ele>491.600006103515625</ele>
        <time>2024-10-23T19:58:49.000Z</time>
        <extensions>
          <ns3:TrackPointExtension>
            <ns3:hr>98</ns3:hr>
          </ns3:TrackPointExtension>
        </extensions>
      </trkpt>
      <trkpt lat="44.44896119646728038787841796875" lon="-80.3033689968287944793701171875">
        <ele>491.20001220703125</ele>
        <time>2024-10-23T19:58:59.000Z</time>
        <extensions>
          <ns3:TrackPointExtension>
            <ns3:hr>102</ns3:hr>
          </ns3:TrackPointExtension>
        </extensions>
      </trkpt>
      <trkpt lat="44.4489564187824726104736328125" lon="-80.30337880365550518035888671875">
        <ele>491.20001220703125</ele>
        <time>2024-10-23T19:59:00.000Z</time>
        <extensions>
          <ns3:TrackPointExtension>
            <ns3:hr>106</ns3:hr>
          </ns3:TrackPointExtension>
        </extensions>
      </trkpt>
      <trkpt lat="44.4489440135657787322998046875" lon="-80.3034018538892269134521484375">
        <ele>491.20001220703125</ele>
        <time>2024-10-23T19:59:02.000Z</time>
        <extensions>
          <ns3:TrackPointExtension>
            <ns3:hr>109</ns3:hr>
          </ns3:TrackPointExtension>
        </extensions>
      </trkpt>
      <trkpt lat="44.4489319436252117156982421875" lon="-80.3034189529716968536376953125">
        <ele>491</ele>
        <time>2024-10-23T19:59:04.000Z</time>
        <extensions>
          <ns3:TrackPointExtension>
            <ns3:hr>112</ns3:hr>
          </ns3:TrackPointExtension>
        </extensions>
      </trkpt>
      <trkpt lat="44.44892205297946929931640625" lon="-80.303441584110260009765625">
        <ele>491</ele>
        <time>2024-10-23T19:59:07.000Z</time>
        <extensions>
          <ns3:TrackPointExtension>
            <ns3:hr>115</ns3:hr>
          </ns3:TrackPointExtension>
        </extensions>
      </trkpt>
      <trkpt lat="44.44889078848063945770263671875" lon="-80.303523056209087371826171875">
        <ele>490.79998779296875</ele>
        <time>2024-10-23T19:59:14.000Z</time>
        <extensions>
          <ns3:TrackPointExtension>
            <ns3:hr>112</ns3:hr>
          </ns3:TrackPointExtension>
        </extensions>
      </trkpt>
      <trkpt lat="44.44886832498013973236083984375" lon="-80.30357125215232372283935546875">
        <ele>490.399993896484375</ele>
        <time>2024-10-23T19:59:20.000Z</time>
        <extensions>
          <ns3:TrackPointExtension>
            <ns3:hr>111</ns3:hr>
          </ns3:TrackPointExtension>
        </extensions>
      </trkpt>
      <trkpt lat="44.44886170327663421630859375" lon="-80.30360545031726360321044921875">
        <ele>490.20001220703125</ele>
        <time>2024-10-23T19:59:23.000Z</time>
        <extensions>
          <ns3:TrackPointExtension>
            <ns3:hr>112</ns3:hr>
          </ns3:TrackPointExtension>
        </extensions>
      </trkpt>
      <trkpt lat="44.44878031499683856964111328125" lon="-80.30368407256901264190673828125">
        <ele>489.20001220703125</ele>
        <time>2024-10-23T19:59:36.000Z</time>
        <extensions>
          <ns3:TrackPointExtension>
            <ns3:hr>111</ns3:hr>
          </ns3:TrackPointExtension>
        </extensions>
      </trkpt>
      <trkpt lat="44.44875651039183139801025390625" lon="-80.303703434765338897705078125">
        <ele>489.20001220703125</ele>
        <time>2024-10-23T19:59:41.000Z</time>
        <extensions>
          <ns3:TrackPointExtension>
            <ns3:hr>111</ns3:hr>
          </ns3:TrackPointExtension>
        </extensions>
      </trkpt>
      <trkpt lat="44.4487106613814830780029296875" lon="-80.30377811752259731292724609375">
        <ele>489.399993896484375</ele>
        <time>2024-10-23T19:59:51.000Z</time>
        <extensions>
          <ns3:TrackPointExtension>
            <ns3:hr>108</ns3:hr>
          </ns3:TrackPointExtension>
        </extensions>
      </trkpt>
      <trkpt lat="44.44861468859016895294189453125" lon="-80.3039366193115711212158203125">
        <ele>489.20001220703125</ele>
        <time>2024-10-23T20:00:05.000Z</time>
        <extensions>
          <ns3:TrackPointExtension>
            <ns3:hr>106</ns3:hr>
          </ns3:TrackPointExtension>
        </extensions>
      </trkpt>
      <trkpt lat="44.44855593144893646240234375" lon="-80.304018594324588775634765625">
        <ele>488</ele>
        <time>2024-10-23T20:00:15.000Z</time>
        <extensions>
          <ns3:TrackPointExtension>
            <ns3:hr>105</ns3:hr>
          </ns3:TrackPointExtension>
        </extensions>
      </trkpt>
      <trkpt lat="44.4485426880419254302978515625" lon="-80.30403510667383670806884765625">
        <ele>487.79998779296875</ele>
        <time>2024-10-23T20:00:19.000Z</time>
        <extensions>
          <ns3:TrackPointExtension>
            <ns3:hr>108</ns3:hr>
          </ns3:TrackPointExtension>
        </extensions>
      </trkpt>
      <trkpt lat="44.448536150157451629638671875" lon="-80.30403644777834415435791015625">
        <ele>487.79998779296875</ele>
        <time>2024-10-23T20:00:20.000Z</time>
        <extensions>
          <ns3:TrackPointExtension>
            <ns3:hr>111</ns3:hr>
          </ns3:TrackPointExtension>
        </extensions>
      </trkpt>
      <trkpt lat="44.4485302828252315521240234375" lon="-80.304043404757976531982421875">
        <ele>487.79998779296875</ele>
        <time>2024-10-23T20:00:21.000Z</time>
        <extensions>
          <ns3:TrackPointExtension>
            <ns3:hr>112</ns3:hr>
          </ns3:TrackPointExtension>
        </extensions>
      </trkpt>
      <trkpt lat="44.4485145248472690582275390625" lon="-80.30407123267650604248046875">
        <ele>487.600006103515625</ele>
        <time>2024-10-23T20:00:25.000Z</time>
        <extensions>
          <ns3:TrackPointExtension>
            <ns3:hr>115</ns3:hr>
          </ns3:TrackPointExtension>
        </extensions>
      </trkpt>
      <trkpt lat="44.448489211499691009521484375" lon="-80.3041012398898601531982421875">
        <ele>487</ele>
        <time>2024-10-23T20:00:29.000Z</time>
        <extensions>
          <ns3:TrackPointExtension>
            <ns3:hr>111</ns3:hr>
          </ns3:TrackPointExtension>
        </extensions>
      </trkpt>
      <trkpt lat="44.44847588427364826202392578125" lon="-80.30411607585847377777099609375">
        <ele>486.20001220703125</ele>
        <time>2024-10-23T20:00:31.000Z</time>
        <extensions>
          <ns3:TrackPointExtension>
            <ns3:hr>108</ns3:hr>
          </ns3:TrackPointExtension>
        </extensions>
      </trkpt>
      <trkpt lat="44.4484722800552845001220703125" lon="-80.30412395484745502471923828125">
        <ele>486</ele>
        <time>2024-10-23T20:00:32.000Z</time>
        <extensions>
          <ns3:TrackPointExtension>
            <ns3:hr>106</ns3:hr>
          </ns3:TrackPointExtension>
        </extensions>
      </trkpt>
      <trkpt lat="44.4484669156372547149658203125" lon="-80.30412898398935794830322265625">
        <ele>485.79998779296875</ele>
        <time>2024-10-23T20:00:33.000Z</time>
        <extensions>
          <ns3:TrackPointExtension>
            <ns3:hr>109</ns3:hr>
          </ns3:TrackPointExtension>
        </extensions>
      </trkpt>
      <trkpt lat="44.4484524987637996673583984375" lon="-80.30415412969887256622314453125">
        <ele>485.399993896484375</ele>
        <time>2024-10-23T20:00:36.000Z</time>
        <extensions>
          <ns3:TrackPointExtension>
            <ns3:hr>106</ns3:hr>
          </ns3:TrackPointExtension>
        </extensions>
      </trkpt>
      <trkpt lat="44.4484372437000274658203125" lon="-80.30418178997933864593505859375">
        <ele>485</ele>
        <time>2024-10-23T20:00:39.000Z</time>
        <extensions>
          <ns3:TrackPointExtension>
            <ns3:hr>104</ns3:hr>
          </ns3:TrackPointExtension>
        </extensions>
      </trkpt>
      <trkpt lat="44.4484320469200611114501953125" lon="-80.3041924349963665008544921875">
        <ele>484.79998779296875</ele>
        <time>2024-10-23T20:00:40.000Z</time>
        <extensions>
          <ns3:TrackPointExtension>
            <ns3:hr>104</ns3:hr>
          </ns3:TrackPointExtension>
        </extensions>
      </trkpt>
      <trkpt lat="44.44841134361922740936279296875" lon="-80.3042207658290863037109375">
        <ele>483.79998779296875</ele>
        <time>2024-10-23T20:00:44.000Z</time>
        <extensions>
          <ns3:TrackPointExtension>
            <ns3:hr>103</ns3:hr>
          </ns3:TrackPointExtension>
        </extensions>
      </trkpt>
      <trkpt lat="44.44835350848734378814697265625" lon="-80.304286815226078033447265625">
        <ele>482.79998779296875</ele>
        <time>2024-10-23T20:00:52.000Z</time>
        <extensions>
          <ns3:TrackPointExtension>
            <ns3:hr>101</ns3:hr>
          </ns3:TrackPointExtension>
        </extensions>
      </trkpt>
      <trkpt lat="44.44833003915846347808837890625" lon="-80.304307602345943450927734375">
        <ele>482.600006103515625</ele>
        <time>2024-10-23T20:00:55.000Z</time>
        <extensions>
          <ns3:TrackPointExtension>
            <ns3:hr>101</ns3:hr>
          </ns3:TrackPointExtension>
        </extensions>
      </trkpt>
      <trkpt lat="44.44829181768000125885009765625" lon="-80.304364599287509918212890625">
        <ele>482.600006103515625</ele>
        <time>2024-10-23T20:01:03.000Z</time>
        <extensions>
          <ns3:TrackPointExtension>
            <ns3:hr>98</ns3:hr>
          </ns3:TrackPointExtension>
        </extensions>
      </trkpt>
      <trkpt lat="44.4482870399951934814453125" lon="-80.30437222681939601898193359375">
        <ele>482.79998779296875</ele>
        <time>2024-10-23T20:01:08.000Z</time>
        <extensions>
          <ns3:TrackPointExtension>
            <ns3:hr>95</ns3:hr>
          </ns3:TrackPointExtension>
        </extensions>
      </trkpt>
      <trkpt lat="44.44828393869102001190185546875" lon="-80.30437004752457141876220703125">
        <ele>483</ele>
        <time>2024-10-23T20:01:10.000Z</time>
        <extensions>
          <ns3:TrackPointExtension>
            <ns3:hr>96</ns3:hr>
          </ns3:TrackPointExtension>
        </extensions>
      </trkpt>
      <trkpt lat="44.4482882134616374969482421875" lon="-80.3043879009783267974853515625">
        <ele>483</ele>
        <time>2024-10-23T20:01:20.000Z</time>
        <extensions>
          <ns3:TrackPointExtension>
            <ns3:hr>93</ns3:hr>
          </ns3:TrackPointExtension>
        </extensions>
      </trkpt>
      <trkpt lat="44.4482878781855106353759765625" lon="-80.3043936006724834442138671875">
        <ele>483</ele>
        <time>2024-10-23T20:01:22.000Z</time>
        <extensions>
          <ns3:TrackPointExtension>
            <ns3:hr>96</ns3:hr>
          </ns3:TrackPointExtension>
        </extensions>
      </trkpt>
      <trkpt lat="44.4482955895364284515380859375" lon="-80.30439854599535465240478515625">
        <ele>483</ele>
        <time>2024-10-23T20:01:25.000Z</time>
        <extensions>
          <ns3:TrackPointExtension>
            <ns3:hr>99</ns3:hr>
          </ns3:TrackPointExtension>
        </extensions>
      </trkpt>
      <trkpt lat="44.44828502833843231201171875" lon="-80.3043852187693119049072265625">
        <ele>483</ele>
        <time>2024-10-23T20:01:28.000Z</time>
        <extensions>
          <ns3:TrackPointExtension>
            <ns3:hr>100</ns3:hr>
          </ns3:TrackPointExtension>
        </extensions>
      </trkpt>
      <trkpt lat="44.448277316987514495849609375" lon="-80.304383374750614166259765625">
        <ele>483.20001220703125</ele>
        <time>2024-10-23T20:01:33.000Z</time>
        <extensions>
          <ns3:TrackPointExtension>
            <ns3:hr>103</ns3:hr>
          </ns3:TrackPointExtension>
        </extensions>
      </trkpt>
      <trkpt lat="44.44827966392040252685546875" lon="-80.30443869531154632568359375">
        <ele>483</ele>
        <time>2024-10-23T20:01:42.000Z</time>
        <extensions>
          <ns3:TrackPointExtension>
            <ns3:hr>103</ns3:hr>
          </ns3:TrackPointExtension>
        </extensions>
      </trkpt>
      <trkpt lat="44.4483153708279132843017578125" lon="-80.30446283519268035888671875">
        <ele>482.79998779296875</ele>
        <time>2024-10-23T20:01:46.000Z</time>
        <extensions>
          <ns3:TrackPointExtension>
            <ns3:hr>100</ns3:hr>
          </ns3:TrackPointExtension>
        </extensions>
      </trkpt>
      <trkpt lat="44.4483301229774951934814453125" lon="-80.30447213910520076751708984375">
        <ele>482.399993896484375</ele>
        <time>2024-10-23T20:01:48.000Z</time>
        <extensions>
          <ns3:TrackPointExtension>
            <ns3:hr>96</ns3:hr>
          </ns3:TrackPointExtension>
        </extensions>
      </trkpt>
      <trkpt lat="44.4483515806496143341064453125" lon="-80.30449359677731990814208984375">
        <ele>481.79998779296875</ele>
        <time>2024-10-23T20:01:51.000Z</time>
        <extensions>
          <ns3:TrackPointExtension>
            <ns3:hr>93</ns3:hr>
          </ns3:TrackPointExtension>
        </extensions>
      </trkpt>
      <trkpt lat="44.4483582861721515655517578125" lon="-80.3044985421001911163330078125">
        <ele>481.399993896484375</ele>
        <time>2024-10-23T20:01:52.000Z</time>
        <extensions>
          <ns3:TrackPointExtension>
            <ns3:hr>93</ns3:hr>
          </ns3:TrackPointExtension>
        </extensions>
      </trkpt>
      <trkpt lat="44.44836490787565708160400390625" lon="-80.30450331978499889373779296875">
        <ele>481</ele>
        <time>2024-10-23T20:01:53.000Z</time>
        <extensions>
          <ns3:TrackPointExtension>
            <ns3:hr>93</ns3:hr>
          </ns3:TrackPointExtension>
        </extensions>
      </trkpt>
      <trkpt lat="44.44838963449001312255859375" lon="-80.30453525483608245849609375">
        <ele>480.399993896484375</ele>
        <time>2024-10-23T20:01:58.000Z</time>
        <extensions>
          <ns3:TrackPointExtension>
            <ns3:hr>96</ns3:hr>
          </ns3:TrackPointExtension>
        </extensions>
      </trkpt>
      <trkpt lat="44.44839357398450374603271484375" lon="-80.304540283977985382080078125">
        <ele>480.20001220703125</ele>
        <time>2024-10-23T20:01:59.000Z</time>
        <extensions>
          <ns3:TrackPointExtension>
            <ns3:hr>96</ns3:hr>
          </ns3:TrackPointExtension>
        </extensions>
      </trkpt>
      <trkpt lat="44.44840296171605587005615234375" lon="-80.3045749850571155548095703125">
        <ele>479.20001220703125</ele>
        <time>2024-10-23T20:02:05.000Z</time>
        <extensions>
          <ns3:TrackPointExtension>
            <ns3:hr>95</ns3:hr>
          </ns3:TrackPointExtension>
        </extensions>
      </trkpt>
      <trkpt lat="44.44840648211538791656494140625" lon="-80.3045828640460968017578125">
        <ele>478.600006103515625</ele>
        <time>2024-10-23T20:02:07.000Z</time>
        <extensions>
          <ns3:TrackPointExtension>
            <ns3:hr>96</ns3:hr>
          </ns3:TrackPointExtension>
        </extensions>
      </trkpt>
      <trkpt lat="44.44840983487665653228759765625" lon="-80.30458563007414340972900390625">
        <ele>478</ele>
        <time>2024-10-23T20:02:09.000Z</time>
        <extensions>
          <ns3:TrackPointExtension>
            <ns3:hr>93</ns3:hr>
          </ns3:TrackPointExtension>
        </extensions>
      </trkpt>
      <trkpt lat="44.44841519929468631744384765625" lon="-80.30460239388048648834228515625">
        <ele>476.79998779296875</ele>
        <time>2024-10-23T20:02:13.000Z</time>
        <extensions>
          <ns3:TrackPointExtension>
            <ns3:hr>95</ns3:hr>
          </ns3:TrackPointExtension>
        </extensions>
      </trkpt>
      <trkpt lat="44.4484659098088741302490234375" lon="-80.3046252764761447906494140625">
        <ele>476.20001220703125</ele>
        <time>2024-10-23T20:02:21.000Z</time>
        <extensions>
          <ns3:TrackPointExtension>
            <ns3:hr>95</ns3:hr>
          </ns3:TrackPointExtension>
        </extensions>
      </trkpt>
      <trkpt lat="44.4484830088913440704345703125" lon="-80.30462644994258880615234375">
        <ele>475.600006103515625</ele>
        <time>2024-10-23T20:02:23.000Z</time>
        <extensions>
          <ns3:TrackPointExtension>
            <ns3:hr>95</ns3:hr>
          </ns3:TrackPointExtension>
        </extensions>
      </trkpt>
      <trkpt lat="44.44850639440119266510009765625" lon="-80.30465888790786266326904296875">
        <ele>474.600006103515625</ele>
        <time>2024-10-23T20:02:27.000Z</time>
        <extensions>
          <ns3:TrackPointExtension>
            <ns3:hr>94</ns3:hr>
          </ns3:TrackPointExtension>
        </extensions>
      </trkpt>
      <trkpt lat="44.4485480524599552154541015625" lon="-80.3046256117522716522216796875">
        <ele>473.20001220703125</ele>
        <time>2024-10-23T20:02:34.000Z</time>
        <extensions>
          <ns3:TrackPointExtension>
            <ns3:hr>94</ns3:hr>
          </ns3:TrackPointExtension>
        </extensions>
      </trkpt>
      <trkpt lat="44.4486033730208873748779296875" lon="-80.304585881531238555908203125">
        <ele>472.399993896484375</ele>
        <time>2024-10-23T20:02:39.000Z</time>
        <extensions>
          <ns3:TrackPointExtension>
            <ns3:hr>90</ns3:hr>
          </ns3:TrackPointExtension>
        </extensions>
      </trkpt>
      <trkpt lat="44.4486194662749767303466796875" lon="-80.3045796789228916168212890625">
        <ele>472.20001220703125</ele>
        <time>2024-10-23T20:02:41.000Z</time>
        <extensions>
          <ns3:TrackPointExtension>
            <ns3:hr>89</ns3:hr>
          </ns3:TrackPointExtension>
        </extensions>
      </trkpt>
      <trkpt lat="44.44864151068031787872314453125" lon="-80.304577164351940155029296875">
        <ele>471.79998779296875</ele>
        <time>2024-10-23T20:02:45.000Z</time>
        <extensions>
          <ns3:TrackPointExtension>
            <ns3:hr>85</ns3:hr>
          </ns3:TrackPointExtension>
        </extensions>
      </trkpt>
      <trkpt lat="44.4486442767083644866943359375" lon="-80.3045828640460968017578125">
        <ele>471.79998779296875</ele>
        <time>2024-10-23T20:02:46.000Z</time>
        <extensions>
          <ns3:TrackPointExtension>
            <ns3:hr>88</ns3:hr>
          </ns3:TrackPointExtension>
        </extensions>
      </trkpt>
      <trkpt lat="44.44871393032371997833251953125" lon="-80.3046554513275623321533203125">
        <ele>471.399993896484375</ele>
        <time>2024-10-23T20:02:57.000Z</time>
        <extensions>
          <ns3:TrackPointExtension>
            <ns3:hr>91</ns3:hr>
          </ns3:TrackPointExtension>
        </extensions>
      </trkpt>
      <trkpt lat="44.44873605854809284210205078125" lon="-80.3046847879886627197265625">
        <ele>471.20001220703125</ele>
        <time>2024-10-23T20:03:01.000Z</time>
        <extensions>
          <ns3:TrackPointExtension>
            <ns3:hr>92</ns3:hr>
          </ns3:TrackPointExtension>
        </extensions>
      </trkpt>
      <trkpt lat="44.448754750192165374755859375" lon="-80.30470691621303558349609375">
        <ele>470</ele>
        <time>2024-10-23T20:03:06.000Z</time>
        <extensions>
          <ns3:TrackPointExtension>
            <ns3:hr>89</ns3:hr>
          </ns3:TrackPointExtension>
        </extensions>
      </trkpt>
      <trkpt lat="44.448786266148090362548828125" lon="-80.3047627396881580352783203125">
        <ele>469</ele>
        <time>2024-10-23T20:03:14.000Z</time>
        <extensions>
          <ns3:TrackPointExtension>
            <ns3:hr>90</ns3:hr>
          </ns3:TrackPointExtension>
        </extensions>
      </trkpt>
      <trkpt lat="44.4487931393086910247802734375" lon="-80.304779671132564544677734375">
        <ele>468.79998779296875</ele>
        <time>2024-10-23T20:03:16.000Z</time>
        <extensions>
          <ns3:TrackPointExtension>
            <ns3:hr>91</ns3:hr>
          </ns3:TrackPointExtension>
        </extensions>
      </trkpt>
      <trkpt lat="44.44882658310234546661376953125" lon="-80.3048633225262165069580078125">
        <ele>468</ele>
        <time>2024-10-23T20:03:25.000Z</time>
        <extensions>
          <ns3:TrackPointExtension>
            <ns3:hr>92</ns3:hr>
          </ns3:TrackPointExtension>
        </extensions>
      </trkpt>
      <trkpt lat="44.44887050427496433258056640625" lon="-80.30494051985442638397216796875">
        <ele>467.20001220703125</ele>
        <time>2024-10-23T20:03:32.000Z</time>
        <extensions>
          <ns3:TrackPointExtension>
            <ns3:hr>95</ns3:hr>
          </ns3:TrackPointExtension>
        </extensions>
      </trkpt>
      <trkpt lat="44.4488953985273838043212890625" lon="-80.30495426617562770843505859375">
        <ele>467</ele>
        <time>2024-10-23T20:03:34.000Z</time>
        <extensions>
          <ns3:TrackPointExtension>
            <ns3:hr>89</ns3:hr>
          </ns3:TrackPointExtension>
        </extensions>
      </trkpt>
      <trkpt lat="44.44895231164991855621337890625" lon="-80.3050504066050052642822265625">
        <ele>466</ele>
        <time>2024-10-23T20:03:41.000Z</time>
        <extensions>
          <ns3:TrackPointExtension>
            <ns3:hr>90</ns3:hr>
          </ns3:TrackPointExtension>
        </extensions>
      </trkpt>
      <trkpt lat="44.4489648006856441497802734375" lon="-80.3051201440393924713134765625">
        <ele>465.399993896484375</ele>
        <time>2024-10-23T20:03:46.000Z</time>
        <extensions>
          <ns3:TrackPointExtension>
            <ns3:hr>91</ns3:hr>
          </ns3:TrackPointExtension>
        </extensions>
      </trkpt>
      <trkpt lat="44.44897175766527652740478515625" lon="-80.305163897573947906494140625">
        <ele>465</ele>
        <time>2024-10-23T20:03:49.000Z</time>
        <extensions>
          <ns3:TrackPointExtension>
            <ns3:hr>92</ns3:hr>
          </ns3:TrackPointExtension>
        </extensions>
      </trkpt>
      <trkpt lat="44.448982067406177520751953125" lon="-80.30518694780766963958740234375">
        <ele>464.79998779296875</ele>
        <time>2024-10-23T20:03:50.000Z</time>
        <extensions>
          <ns3:TrackPointExtension>
            <ns3:hr>91</ns3:hr>
          </ns3:TrackPointExtension>
        </extensions>
      </trkpt>
      <trkpt lat="44.44902188144624233245849609375" lon="-80.3052480518817901611328125">
        <ele>464</ele>
        <time>2024-10-23T20:03:56.000Z</time>
        <extensions>
          <ns3:TrackPointExtension>
            <ns3:hr>88</ns3:hr>
          </ns3:TrackPointExtension>
        </extensions>
      </trkpt>
      <trkpt lat="44.44903629831969738006591796875" lon="-80.30527026392519474029541015625">
        <ele>464</ele>
        <time>2024-10-23T20:03:58.000Z</time>
        <extensions>
          <ns3:TrackPointExtension>
            <ns3:hr>91</ns3:hr>
          </ns3:TrackPointExtension>
        </extensions>
      </trkpt>
      <trkpt lat="44.44904141128063201904296875" lon="-80.30527956783771514892578125">
        <ele>463.79998779296875</ele>
        <time>2024-10-23T20:03:59.000Z</time>
        <extensions>
          <ns3:TrackPointExtension>
            <ns3:hr>92</ns3:hr>
          </ns3:TrackPointExtension>
        </extensions>
      </trkpt>
      <trkpt lat="44.44908021949231624603271484375" lon="-80.30539649538695812225341796875">
        <ele>462.79998779296875</ele>
        <time>2024-10-23T20:04:08.000Z</time>
        <extensions>
          <ns3:TrackPointExtension>
            <ns3:hr>94</ns3:hr>
          </ns3:TrackPointExtension>
        </extensions>
      </trkpt>
      <trkpt lat="44.44908424280583858489990234375" lon="-80.305428765714168548583984375">
        <ele>462.399993896484375</ele>
        <time>2024-10-23T20:04:11.000Z</time>
        <extensions>
          <ns3:TrackPointExtension>
            <ns3:hr>94</ns3:hr>
          </ns3:TrackPointExtension>
        </extensions>
      </trkpt>
      <trkpt lat="44.44908843375742435455322265625" lon="-80.30555189587175846099853515625">
        <ele>462</ele>
        <time>2024-10-23T20:04:20.000Z</time>
        <extensions>
          <ns3:TrackPointExtension>
            <ns3:hr>90</ns3:hr>
          </ns3:TrackPointExtension>
        </extensions>
      </trkpt>
      <trkpt lat="44.44909530691802501678466796875" lon="-80.30561140738427639007568359375">
        <ele>461.79998779296875</ele>
        <time>2024-10-23T20:04:24.000Z</time>
        <extensions>
          <ns3:TrackPointExtension>
            <ns3:hr>93</ns3:hr>
          </ns3:TrackPointExtension>
        </extensions>
      </trkpt>
      <trkpt lat="44.4490968994796276092529296875" lon="-80.3056287579238414764404296875">
        <ele>461.600006103515625</ele>
        <time>2024-10-23T20:04:26.000Z</time>
        <extensions>
          <ns3:TrackPointExtension>
            <ns3:hr>90</ns3:hr>
          </ns3:TrackPointExtension>
        </extensions>
      </trkpt>
      <trkpt lat="44.44910285063087940216064453125" lon="-80.30569673515856266021728515625">
        <ele>460.600006103515625</ele>
        <time>2024-10-23T20:04:33.000Z</time>
        <extensions>
          <ns3:TrackPointExtension>
            <ns3:hr>92</ns3:hr>
          </ns3:TrackPointExtension>
        </extensions>
      </trkpt>
      <trkpt lat="44.4491193629801273345947265625" lon="-80.3057987429201602935791015625">
        <ele>459.79998779296875</ele>
        <time>2024-10-23T20:04:40.000Z</time>
        <extensions>
          <ns3:TrackPointExtension>
            <ns3:hr>90</ns3:hr>
          </ns3:TrackPointExtension>
        </extensions>
      </trkpt>
      <trkpt lat="44.449127577245235443115234375" lon="-80.30583344399929046630859375">
        <ele>459.399993896484375</ele>
        <time>2024-10-23T20:04:42.000Z</time>
        <extensions>
          <ns3:TrackPointExtension>
            <ns3:hr>91</ns3:hr>
          </ns3:TrackPointExtension>
        </extensions>
      </trkpt>
      <trkpt lat="44.449177198112010955810546875" lon="-80.30591550283133983612060546875">
        <ele>458.600006103515625</ele>
        <time>2024-10-23T20:04:48.000Z</time>
        <extensions>
          <ns3:TrackPointExtension>
            <ns3:hr>88</ns3:hr>
          </ns3:TrackPointExtension>
        </extensions>
      </trkpt>
      <trkpt lat="44.449191279709339141845703125" lon="-80.3059398941695690155029296875">
        <ele>458.399993896484375</ele>
        <time>2024-10-23T20:04:50.000Z</time>
        <extensions>
          <ns3:TrackPointExtension>
            <ns3:hr>94</ns3:hr>
          </ns3:TrackPointExtension>
        </extensions>
      </trkpt>
      <trkpt lat="44.44920745678246021270751953125" lon="-80.30596814118325710296630859375">
        <ele>458.399993896484375</ele>
        <time>2024-10-23T20:04:53.000Z</time>
        <extensions>
          <ns3:TrackPointExtension>
            <ns3:hr>95</ns3:hr>
          </ns3:TrackPointExtension>
        </extensions>
      </trkpt>
      <trkpt lat="44.44928389973938465118408203125" lon="-80.3060911037027835845947265625">
        <ele>459.600006103515625</ele>
        <time>2024-10-23T20:05:05.000Z</time>
        <extensions>
          <ns3:TrackPointExtension>
            <ns3:hr>96</ns3:hr>
          </ns3:TrackPointExtension>
        </extensions>
      </trkpt>
      <trkpt lat="44.44929077289998531341552734375" lon="-80.30609630048274993896484375">
        <ele>459.79998779296875</ele>
        <time>2024-10-23T20:05:06.000Z</time>
        <extensions>
          <ns3:TrackPointExtension>
            <ns3:hr>93</ns3:hr>
          </ns3:TrackPointExtension>
        </extensions>
      </trkpt>
      <trkpt lat="44.44930284284055233001708984375" lon="-80.3061004914343357086181640625">
        <ele>460</ele>
        <time>2024-10-23T20:05:07.000Z</time>
        <extensions>
          <ns3:TrackPointExtension>
            <ns3:hr>95</ns3:hr>
          </ns3:TrackPointExtension>
        </extensions>
      </trkpt>
      <trkpt lat="44.449318349361419677734375" lon="-80.30610376037657260894775390625">
        <ele>460.20001220703125</ele>
        <time>2024-10-23T20:05:08.000Z</time>
        <extensions>
          <ns3:TrackPointExtension>
            <ns3:hr>98</ns3:hr>
          </ns3:TrackPointExtension>
        </extensions>
      </trkpt>
      <trkpt lat="44.44932974874973297119140625" lon="-80.30612773261964321136474609375">
        <ele>460.600006103515625</ele>
        <time>2024-10-23T20:05:10.000Z</time>
        <extensions>
          <ns3:TrackPointExtension>
            <ns3:hr>96</ns3:hr>
          </ns3:TrackPointExtension>
        </extensions>
      </trkpt>
      <trkpt lat="44.4493409804999828338623046875" lon="-80.306146927177906036376953125">
        <ele>461.399993896484375</ele>
        <time>2024-10-23T20:05:16.000Z</time>
        <extensions>
          <ns3:TrackPointExtension>
            <ns3:hr>93</ns3:hr>
          </ns3:TrackPointExtension>
        </extensions>
      </trkpt>
      <trkpt lat="44.4493460096418857574462890625" lon="-80.3061548061668872833251953125">
        <ele>461.600006103515625</ele>
        <time>2024-10-23T20:05:19.000Z</time>
        <extensions>
          <ns3:TrackPointExtension>
            <ns3:hr>92</ns3:hr>
          </ns3:TrackPointExtension>
        </extensions>
      </trkpt>
      <trkpt lat="44.4493786990642547607421875" lon="-80.30618489719927310943603515625">
        <ele>461.79998779296875</ele>
        <time>2024-10-23T20:05:28.000Z</time>
        <extensions>
          <ns3:TrackPointExtension>
            <ns3:hr>95</ns3:hr>
          </ns3:TrackPointExtension>
        </extensions>
      </trkpt>
      <trkpt lat="44.4493902660906314849853515625" lon="-80.306194536387920379638671875">
        <ele>462</ele>
        <time>2024-10-23T20:05:30.000Z</time>
        <extensions>
          <ns3:TrackPointExtension>
            <ns3:hr>93</ns3:hr>
          </ns3:TrackPointExtension>
        </extensions>
      </trkpt>
      <trkpt lat="44.44946276955306529998779296875" lon="-80.3062369488179683685302734375">
        <ele>462.399993896484375</ele>
        <time>2024-10-23T20:05:43.000Z</time>
        <extensions>
          <ns3:TrackPointExtension>
            <ns3:hr>97</ns3:hr>
          </ns3:TrackPointExtension>
        </extensions>
      </trkpt>
      <trkpt lat="44.4494940340518951416015625" lon="-80.30626921914517879486083984375">
        <ele>462.399993896484375</ele>
        <time>2024-10-23T20:05:46.000Z</time>
        <extensions>
          <ns3:TrackPointExtension>
            <ns3:hr>95</ns3:hr>
          </ns3:TrackPointExtension>
        </extensions>
      </trkpt>
      <trkpt lat="44.44950484670698642730712890625" lon="-80.3062808699905872344970703125">
        <ele>462.600006103515625</ele>
        <time>2024-10-23T20:05:47.000Z</time>
        <extensions>
          <ns3:TrackPointExtension>
            <ns3:hr>95</ns3:hr>
          </ns3:TrackPointExtension>
        </extensions>
      </trkpt>
      <trkpt lat="44.44952228106558322906494140625" lon="-80.3063056804239749908447265625">
        <ele>462.79998779296875</ele>
        <time>2024-10-23T20:05:49.000Z</time>
        <extensions>
          <ns3:TrackPointExtension>
            <ns3:hr>97</ns3:hr>
          </ns3:TrackPointExtension>
        </extensions>
      </trkpt>
      <trkpt lat="44.449539966881275177001953125" lon="-80.30634029768407344818115234375">
        <ele>462.79998779296875</ele>
        <time>2024-10-23T20:05:56.000Z</time>
        <extensions>
          <ns3:TrackPointExtension>
            <ns3:hr>96</ns3:hr>
          </ns3:TrackPointExtension>
        </extensions>
      </trkpt>
      <trkpt lat="44.449570141732692718505859375" lon="-80.30643132515251636505126953125">
        <ele>463.20001220703125</ele>
        <time>2024-10-23T20:06:07.000Z</time>
        <extensions>
          <ns3:TrackPointExtension>
            <ns3:hr>96</ns3:hr>
          </ns3:TrackPointExtension>
        </extensions>
      </trkpt>
      <trkpt lat="44.44955505430698394775390625" lon="-80.30650827102363109588623046875">
        <ele>462.79998779296875</ele>
        <time>2024-10-23T20:06:12.000Z</time>
        <extensions>
          <ns3:TrackPointExtension>
            <ns3:hr>96</ns3:hr>
          </ns3:TrackPointExtension>
        </extensions>
      </trkpt>
      <trkpt lat="44.449529238045215606689453125" lon="-80.30660248361527919769287109375">
        <ele>462.79998779296875</ele>
        <time>2024-10-23T20:06:17.000Z</time>
        <extensions>
          <ns3:TrackPointExtension>
            <ns3:hr>96</ns3:hr>
          </ns3:TrackPointExtension>
        </extensions>
      </trkpt>
      <trkpt lat="44.44951884448528289794921875" lon="-80.30665562488138675689697265625">
        <ele>462.79998779296875</ele>
        <time>2024-10-23T20:06:27.000Z</time>
        <extensions>
          <ns3:TrackPointExtension>
            <ns3:hr>94</ns3:hr>
          </ns3:TrackPointExtension>
        </extensions>
      </trkpt>
      <trkpt lat="44.4494931958615779876708984375" lon="-80.30669887550175189971923828125">
        <ele>463</ele>
        <time>2024-10-23T20:06:32.000Z</time>
        <extensions>
          <ns3:TrackPointExtension>
            <ns3:hr>98</ns3:hr>
          </ns3:TrackPointExtension>
        </extensions>
      </trkpt>
      <trkpt lat="44.449488334357738494873046875" lon="-80.30671446584165096282958984375">
        <ele>463</ele>
        <time>2024-10-23T20:06:33.000Z</time>
        <extensions>
          <ns3:TrackPointExtension>
            <ns3:hr>104</ns3:hr>
          </ns3:TrackPointExtension>
        </extensions>
      </trkpt>
      <trkpt lat="44.44948439486324787139892578125" lon="-80.30672670342028141021728515625">
        <ele>463</ele>
        <time>2024-10-23T20:06:34.000Z</time>
        <extensions>
          <ns3:TrackPointExtension>
            <ns3:hr>101</ns3:hr>
          </ns3:TrackPointExtension>
        </extensions>
      </trkpt>
      <trkpt lat="44.44947735406458377838134765625" lon="-80.3067876398563385009765625">
        <ele>463</ele>
        <time>2024-10-23T20:06:38.000Z</time>
        <extensions>
          <ns3:TrackPointExtension>
            <ns3:hr>102</ns3:hr>
          </ns3:TrackPointExtension>
        </extensions>
      </trkpt>
      <trkpt lat="44.4494657032191753387451171875" lon="-80.30685528181493282318115234375">
        <ele>463</ele>
        <time>2024-10-23T20:06:42.000Z</time>
        <extensions>
          <ns3:TrackPointExtension>
            <ns3:hr>99</ns3:hr>
          </ns3:TrackPointExtension>
        </extensions>
      </trkpt>
      <trkpt lat="44.449429325759410858154296875" lon="-80.3069819323718547821044921875">
        <ele>462.79998779296875</ele>
        <time>2024-10-23T20:06:51.000Z</time>
        <extensions>
          <ns3:TrackPointExtension>
            <ns3:hr>97</ns3:hr>
          </ns3:TrackPointExtension>
        </extensions>
      </trkpt>
      <trkpt lat="44.44941214285790920257568359375" lon="-80.30711495317518711090087890625">
        <ele>463</ele>
        <time>2024-10-23T20:07:02.000Z</time>
        <extensions>
          <ns3:TrackPointExtension>
            <ns3:hr>97</ns3:hr>
          </ns3:TrackPointExtension>
        </extensions>
      </trkpt>
      <trkpt lat="44.4494878314435482025146484375" lon="-80.307261385023593902587890625">
        <ele>463</ele>
        <time>2024-10-23T20:07:15.000Z</time>
        <extensions>
          <ns3:TrackPointExtension>
            <ns3:hr>98</ns3:hr>
          </ns3:TrackPointExtension>
        </extensions>
      </trkpt>
      <trkpt lat="44.4495260529220104217529296875" lon="-80.3072987683117389678955078125">
        <ele>463.20001220703125</ele>
        <time>2024-10-23T20:07:19.000Z</time>
        <extensions>
          <ns3:TrackPointExtension>
            <ns3:hr>98</ns3:hr>
          </ns3:TrackPointExtension>
        </extensions>
      </trkpt>
      <trkpt lat="44.4495884142816066741943359375" lon="-80.3073584474623203277587890625">
        <ele>463.600006103515625</ele>
        <time>2024-10-23T20:07:25.000Z</time>
        <extensions>
          <ns3:TrackPointExtension>
            <ns3:hr>102</ns3:hr>
          </ns3:TrackPointExtension>
        </extensions>
      </trkpt>
      <trkpt lat="44.44961414672434329986572265625" lon="-80.30738183297216892242431640625">
        <ele>463.600006103515625</ele>
        <time>2024-10-23T20:07:27.000Z</time>
        <extensions>
          <ns3:TrackPointExtension>
            <ns3:hr>99</ns3:hr>
          </ns3:TrackPointExtension>
        </extensions>
      </trkpt>
      <trkpt lat="44.44962655194103717803955078125" lon="-80.3073936514556407928466796875">
        <ele>463.600006103515625</ele>
        <time>2024-10-23T20:07:28.000Z</time>
        <extensions>
          <ns3:TrackPointExtension>
            <ns3:hr>99</ns3:hr>
          </ns3:TrackPointExtension>
        </extensions>
      </trkpt>
      <trkpt lat="44.44966242648661136627197265625" lon="-80.30741862952709197998046875">
        <ele>463.399993896484375</ele>
        <time>2024-10-23T20:07:36.000Z</time>
        <extensions>
          <ns3:TrackPointExtension>
            <ns3:hr>94</ns3:hr>
          </ns3:TrackPointExtension>
        </extensions>
      </trkpt>
      <trkpt lat="44.44965773262083530426025390625" lon="-80.307429023087024688720703125">
        <ele>463.20001220703125</ele>
        <time>2024-10-23T20:07:40.000Z</time>
        <extensions>
          <ns3:TrackPointExtension>
            <ns3:hr>91</ns3:hr>
          </ns3:TrackPointExtension>
        </extensions>
      </trkpt>
      <trkpt lat="44.449663348495960235595703125" lon="-80.30742273665964603424072265625">
        <ele>463.399993896484375</ele>
        <time>2024-10-23T20:07:45.000Z</time>
        <extensions>
          <ns3:TrackPointExtension>
            <ns3:hr>88</ns3:hr>
          </ns3:TrackPointExtension>
        </extensions>
      </trkpt>
      <trkpt lat="44.44966368377208709716796875" lon="-80.3074238263070583343505859375">
        <ele>463.600006103515625</ele>
        <time>2024-10-23T20:07:47.000Z</time>
        <extensions>
          <ns3:TrackPointExtension>
            <ns3:hr>91</ns3:hr>
          </ns3:TrackPointExtension>
        </extensions>
      </trkpt>
      <trkpt lat="44.4496685452759265899658203125" lon="-80.307421647012233734130859375">
        <ele>463.79998779296875</ele>
        <time>2024-10-23T20:07:48.000Z</time>
        <extensions>
          <ns3:TrackPointExtension>
            <ns3:hr>92</ns3:hr>
          </ns3:TrackPointExtension>
        </extensions>
      </trkpt>
      <trkpt lat="44.44967919029295444488525390625" lon="-80.3074157796800136566162109375">
        <ele>464</ele>
        <time>2024-10-23T20:07:51.000Z</time>
        <extensions>
          <ns3:TrackPointExtension>
            <ns3:hr>95</ns3:hr>
          </ns3:TrackPointExtension>
        </extensions>
      </trkpt>
      <trkpt lat="44.44968421943485736846923828125" lon="-80.3074124269187450408935546875">
        <ele>464</ele>
        <time>2024-10-23T20:07:55.000Z</time>
        <extensions>
          <ns3:TrackPointExtension>
            <ns3:hr>98</ns3:hr>
          </ns3:TrackPointExtension>
        </extensions>
      </trkpt>
      <trkpt lat="44.44968111813068389892578125" lon="-80.30740924179553985595703125">
        <ele>464</ele>
        <time>2024-10-23T20:07:59.000Z</time>
        <extensions>
          <ns3:TrackPointExtension>
            <ns3:hr>95</ns3:hr>
          </ns3:TrackPointExtension>
        </extensions>
      </trkpt>
      <trkpt lat="44.44968120194971561431884765625" lon="-80.30741033144295215606689453125">
        <ele>464</ele>
        <time>2024-10-23T20:08:00.000Z</time>
        <extensions>
          <ns3:TrackPointExtension>
            <ns3:hr>97</ns3:hr>
          </ns3:TrackPointExtension>
        </extensions>
      </trkpt>
      <trkpt lat="44.44969142787158489227294921875" lon="-80.30740831978619098663330078125">
        <ele>464</ele>
        <time>2024-10-23T20:08:07.000Z</time>
        <extensions>
          <ns3:TrackPointExtension>
            <ns3:hr>94</ns3:hr>
          </ns3:TrackPointExtension>
        </extensions>
      </trkpt>
      <trkpt lat="44.44967449642717838287353515625" lon="-80.30741301365196704864501953125">
        <ele>463.399993896484375</ele>
        <time>2024-10-23T20:08:15.000Z</time>
        <extensions>
          <ns3:TrackPointExtension>
            <ns3:hr>92</ns3:hr>
          </ns3:TrackPointExtension>
        </extensions>
      </trkpt>
      <trkpt lat="44.4496858119964599609375" lon="-80.30740546993911266326904296875">
        <ele>462.79998779296875</ele>
        <time>2024-10-23T20:08:22.000Z</time>
        <extensions>
          <ns3:TrackPointExtension>
            <ns3:hr>93</ns3:hr>
          </ns3:TrackPointExtension>
        </extensions>
      </trkpt>
      <trkpt lat="44.44970366545021533966064453125" lon="-80.307415612041950225830078125">
        <ele>462.600006103515625</ele>
        <time>2024-10-23T20:08:25.000Z</time>
        <extensions>
          <ns3:TrackPointExtension>
            <ns3:hr>95</ns3:hr>
          </ns3:TrackPointExtension>
        </extensions>
      </trkpt>
      <trkpt lat="44.44973534904420375823974609375" lon="-80.30747101642191410064697265625">
        <ele>462.20001220703125</ele>
        <time>2024-10-23T20:08:30.000Z</time>
        <extensions>
          <ns3:TrackPointExtension>
            <ns3:hr>96</ns3:hr>
          </ns3:TrackPointExtension>
        </extensions>
      </trkpt>
    </trkseg>
  </trk>
</gpx>
