<?xml version="1.0" encoding="UTF-8"?>
<gpx creator="Garmin Connect" version="1.1"
  xsi:schemaLocation="http://www.topografix.com/GPX/1/1 http://www.topografix.com/GPX/11.xsd"
  xmlns:ns3="http://www.garmin.com/xmlschemas/TrackPointExtension/v1"
  xmlns="http://www.topografix.com/GPX/1/1"
  xmlns:xsi="http://www.w3.org/2001/XMLSchema-instance" xmlns:ns2="http://www.garmin.com/xmlschemas/GpxExtensions/v3">
  <metadata>
    <link href="connect.garmin.com">
      <text>Garmin Connect</text>
    </link>
    <time>2025-10-04T17:02:26.000Z</time>
  </metadata>
  <trk>
    <name>Burlington Hike Day 1</name>
    <type>walking</type>
    <trkseg>
      <trkpt lat="43.3167161978781223297119140625" lon="-79.8920710198581218719482421875">
        <ele>123.8000030517578125</ele>
        <time>2025-10-04T17:02:26.000Z</time>
        <extensions>
          <ns3:TrackPointExtension>
            <ns3:hr>126</ns3:hr>
          </ns3:TrackPointExtension>
        </extensions>
      </trkpt>
      <trkpt lat="43.31671996973454952239990234375" lon="-79.89207177422940731048583984375">
        <ele>123.8000030517578125</ele>
        <time>2025-10-04T17:02:27.000Z</time>
        <extensions>
          <ns3:TrackPointExtension>
            <ns3:hr>126</ns3:hr>
          </ns3:TrackPointExtension>
        </extensions>
      </trkpt>
      <trkpt lat="43.31676137633621692657470703125" lon="-79.892078228294849395751953125">
        <ele>123.8000030517578125</ele>
        <time>2025-10-04T17:02:30.000Z</time>
        <extensions>
          <ns3:TrackPointExtension>
            <ns3:hr>123</ns3:hr>
          </ns3:TrackPointExtension>
        </extensions>
      </trkpt>
      <trkpt lat="43.31678065471351146697998046875" lon="-79.89207722246646881103515625">
        <ele>123.8000030517578125</ele>
        <time>2025-10-04T17:02:32.000Z</time>
        <extensions>
          <ns3:TrackPointExtension>
            <ns3:hr>124</ns3:hr>
          </ns3:TrackPointExtension>
        </extensions>
      </trkpt>
      <trkpt lat="43.31678031943738460540771484375" lon="-79.8920770548284053802490234375">
        <ele>124.1999969482421875</ele>
        <time>2025-10-04T17:02:37.000Z</time>
        <extensions>
          <ns3:TrackPointExtension>
            <ns3:hr>129</ns3:hr>
          </ns3:TrackPointExtension>
        </extensions>
      </trkpt>
      <trkpt lat="43.31677780486643314361572265625" lon="-79.89207780919969081878662109375">
        <ele>124.40000152587890625</ele>
        <time>2025-10-04T17:02:38.000Z</time>
        <extensions>
          <ns3:TrackPointExtension>
            <ns3:hr>129</ns3:hr>
          </ns3:TrackPointExtension>
        </extensions>
      </trkpt>
      <trkpt lat="43.316765315830707550048828125" lon="-79.89207722246646881103515625">
        <ele>124.8000030517578125</ele>
        <time>2025-10-04T17:02:42.000Z</time>
        <extensions>
          <ns3:TrackPointExtension>
            <ns3:hr>129</ns3:hr>
          </ns3:TrackPointExtension>
        </extensions>
      </trkpt>
      <trkpt lat="43.3167596161365509033203125" lon="-79.8920716904103755950927734375">
        <ele>124.8000030517578125</ele>
        <time>2025-10-04T17:02:46.000Z</time>
        <extensions>
          <ns3:TrackPointExtension>
            <ns3:hr>129</ns3:hr>
          </ns3:TrackPointExtension>
        </extensions>
      </trkpt>
      <trkpt lat="43.31673388369381427764892578125" lon="-79.892083592712879180908203125">
        <ele>125</ele>
        <time>2025-10-04T17:02:57.000Z</time>
        <extensions>
          <ns3:TrackPointExtension>
            <ns3:hr>129</ns3:hr>
          </ns3:TrackPointExtension>
        </extensions>
      </trkpt>
      <trkpt lat="43.316730447113513946533203125" lon="-79.8920867778360843658447265625">
        <ele>123.8000030517578125</ele>
        <time>2025-10-04T17:02:58.000Z</time>
        <extensions>
          <ns3:TrackPointExtension>
            <ns3:hr>128</ns3:hr>
          </ns3:TrackPointExtension>
        </extensions>
      </trkpt>
      <trkpt lat="43.31672097556293010711669921875" lon="-79.89209675230085849761962890625">
        <ele>123.40000152587890625</ele>
        <time>2025-10-04T17:03:00.000Z</time>
        <extensions>
          <ns3:TrackPointExtension>
            <ns3:hr>121</ns3:hr>
          </ns3:TrackPointExtension>
        </extensions>
      </trkpt>
      <trkpt lat="43.31671795807778835296630859375" lon="-79.8921025358140468597412109375">
        <ele>123.40000152587890625</ele>
        <time>2025-10-04T17:03:02.000Z</time>
        <extensions>
          <ns3:TrackPointExtension>
            <ns3:hr>118</ns3:hr>
          </ns3:TrackPointExtension>
        </extensions>
      </trkpt>
      <trkpt lat="43.31671737134456634521484375" lon="-79.8921139352023601531982421875">
        <ele>123.1999969482421875</ele>
        <time>2025-10-04T17:03:04.000Z</time>
        <extensions>
          <ns3:TrackPointExtension>
            <ns3:hr>114</ns3:hr>
          </ns3:TrackPointExtension>
        </extensions>
      </trkpt>
      <trkpt lat="43.3167172037065029144287109375" lon="-79.89212072454392910003662109375">
        <ele>123.1999969482421875</ele>
        <time>2025-10-04T17:03:05.000Z</time>
        <extensions>
          <ns3:TrackPointExtension>
            <ns3:hr>112</ns3:hr>
          </ns3:TrackPointExtension>
        </extensions>
      </trkpt>
      <trkpt lat="43.316718041896820068359375" lon="-79.89214201457798480987548828125">
        <ele>123.1999969482421875</ele>
        <time>2025-10-04T17:03:07.000Z</time>
        <extensions>
          <ns3:TrackPointExtension>
            <ns3:hr>109</ns3:hr>
          </ns3:TrackPointExtension>
        </extensions>
      </trkpt>
      <trkpt lat="43.31671913154423236846923828125" lon="-79.8921558447182178497314453125">
        <ele>123.59999847412109375</ele>
        <time>2025-10-04T17:03:13.000Z</time>
        <extensions>
          <ns3:TrackPointExtension>
            <ns3:hr>111</ns3:hr>
          </ns3:TrackPointExtension>
        </extensions>
      </trkpt>
      <trkpt lat="43.31676556728780269622802734375" lon="-79.89214402623474597930908203125">
        <ele>124</ele>
        <time>2025-10-04T17:03:21.000Z</time>
        <extensions>
          <ns3:TrackPointExtension>
            <ns3:hr>112</ns3:hr>
          </ns3:TrackPointExtension>
        </extensions>
      </trkpt>
      <trkpt lat="43.316825330257415771484375" lon="-79.89217939786612987518310546875">
        <ele>124.59999847412109375</ele>
        <time>2025-10-04T17:03:27.000Z</time>
        <extensions>
          <ns3:TrackPointExtension>
            <ns3:hr>111</ns3:hr>
          </ns3:TrackPointExtension>
        </extensions>
      </trkpt>
      <trkpt lat="43.31688073463737964630126953125" lon="-79.8922068066895008087158203125">
        <ele>124.59999847412109375</ele>
        <time>2025-10-04T17:03:32.000Z</time>
        <extensions>
          <ns3:TrackPointExtension>
            <ns3:hr>114</ns3:hr>
          </ns3:TrackPointExtension>
        </extensions>
      </trkpt>
      <trkpt lat="43.3168883621692657470703125" lon="-79.89221309311687946319580078125">
        <ele>124.8000030517578125</ele>
        <time>2025-10-04T17:03:33.000Z</time>
        <extensions>
          <ns3:TrackPointExtension>
            <ns3:hr>116</ns3:hr>
          </ns3:TrackPointExtension>
        </extensions>
      </trkpt>
      <trkpt lat="43.31696153618395328521728515625" lon="-79.89228618331253528594970703125">
        <ele>124.59999847412109375</ele>
        <time>2025-10-04T17:03:41.000Z</time>
        <extensions>
          <ns3:TrackPointExtension>
            <ns3:hr>115</ns3:hr>
          </ns3:TrackPointExtension>
        </extensions>
      </trkpt>
      <trkpt lat="43.3170028589665889739990234375" lon="-79.89230060018599033355712890625">
        <ele>124.8000030517578125</ele>
        <time>2025-10-04T17:03:45.000Z</time>
        <extensions>
          <ns3:TrackPointExtension>
            <ns3:hr>115</ns3:hr>
          </ns3:TrackPointExtension>
        </extensions>
      </trkpt>
      <trkpt lat="43.317039571702480316162109375" lon="-79.8923050425946712493896484375">
        <ele>125</ele>
        <time>2025-10-04T17:03:48.000Z</time>
        <extensions>
          <ns3:TrackPointExtension>
            <ns3:hr>116</ns3:hr>
          </ns3:TrackPointExtension>
        </extensions>
      </trkpt>
      <trkpt lat="43.31708483397960662841796875" lon="-79.89232574589550495147705078125">
        <ele>125.1999969482421875</ele>
        <time>2025-10-04T17:03:52.000Z</time>
        <extensions>
          <ns3:TrackPointExtension>
            <ns3:hr>119</ns3:hr>
          </ns3:TrackPointExtension>
        </extensions>
      </trkpt>
      <trkpt lat="43.3171118237078189849853515625" lon="-79.892332367599010467529296875">
        <ele>125.40000152587890625</ele>
        <time>2025-10-04T17:03:54.000Z</time>
        <extensions>
          <ns3:TrackPointExtension>
            <ns3:hr>121</ns3:hr>
          </ns3:TrackPointExtension>
        </extensions>
      </trkpt>
      <trkpt lat="43.3171309344470500946044921875" lon="-79.89233127795159816741943359375">
        <ele>125.59999847412109375</ele>
        <time>2025-10-04T17:03:55.000Z</time>
        <extensions>
          <ns3:TrackPointExtension>
            <ns3:hr>120</ns3:hr>
          </ns3:TrackPointExtension>
        </extensions>
      </trkpt>
      <trkpt lat="43.3171668089926242828369140625" lon="-79.89236966706812381744384765625">
        <ele>125.8000030517578125</ele>
        <time>2025-10-04T17:03:59.000Z</time>
        <extensions>
          <ns3:TrackPointExtension>
            <ns3:hr>116</ns3:hr>
          </ns3:TrackPointExtension>
        </extensions>
      </trkpt>
      <trkpt lat="43.31718273460865020751953125" lon="-79.89238567650318145751953125">
        <ele>125.8000030517578125</ele>
        <time>2025-10-04T17:04:01.000Z</time>
        <extensions>
          <ns3:TrackPointExtension>
            <ns3:hr>118</ns3:hr>
          </ns3:TrackPointExtension>
        </extensions>
      </trkpt>
      <trkpt lat="43.3171966485679149627685546875" lon="-79.89239866845309734344482421875">
        <ele>126</ele>
        <time>2025-10-04T17:04:03.000Z</time>
        <extensions>
          <ns3:TrackPointExtension>
            <ns3:hr>116</ns3:hr>
          </ns3:TrackPointExtension>
        </extensions>
      </trkpt>
      <trkpt lat="43.31720746122300624847412109375" lon="-79.8923970758914947509765625">
        <ele>126</ele>
        <time>2025-10-04T17:04:04.000Z</time>
        <extensions>
          <ns3:TrackPointExtension>
            <ns3:hr>114</ns3:hr>
          </ns3:TrackPointExtension>
        </extensions>
      </trkpt>
      <trkpt lat="43.31725674681365489959716796875" lon="-79.89241526462137699127197265625">
        <ele>126.59999847412109375</ele>
        <time>2025-10-04T17:04:08.000Z</time>
        <extensions>
          <ns3:TrackPointExtension>
            <ns3:hr>115</ns3:hr>
          </ns3:TrackPointExtension>
        </extensions>
      </trkpt>
      <trkpt lat="43.31729949451982975006103515625" lon="-79.89241383969783782958984375">
        <ele>126.8000030517578125</ele>
        <time>2025-10-04T17:04:14.000Z</time>
        <extensions>
          <ns3:TrackPointExtension>
            <ns3:hr>115</ns3:hr>
          </ns3:TrackPointExtension>
        </extensions>
      </trkpt>
      <trkpt lat="43.31728138960897922515869140625" lon="-79.89243504591286182403564453125">
        <ele>127</ele>
        <time>2025-10-04T17:04:18.000Z</time>
        <extensions>
          <ns3:TrackPointExtension>
            <ns3:hr>113</ns3:hr>
          </ns3:TrackPointExtension>
        </extensions>
      </trkpt>
      <trkpt lat="43.31727267242968082427978515625" lon="-79.89243957214057445526123046875">
        <ele>127</ele>
        <time>2025-10-04T17:04:19.000Z</time>
        <extensions>
          <ns3:TrackPointExtension>
            <ns3:hr>113</ns3:hr>
          </ns3:TrackPointExtension>
        </extensions>
      </trkpt>
      <trkpt lat="43.31726253032684326171875" lon="-79.89245113916695117950439453125">
        <ele>127.1999969482421875</ele>
        <time>2025-10-04T17:04:20.000Z</time>
        <extensions>
          <ns3:TrackPointExtension>
            <ns3:hr>114</ns3:hr>
          </ns3:TrackPointExtension>
        </extensions>
      </trkpt>
      <trkpt lat="43.31726110540330410003662109375" lon="-79.8924656398594379425048828125">
        <ele>127.1999969482421875</ele>
        <time>2025-10-04T17:04:21.000Z</time>
        <extensions>
          <ns3:TrackPointExtension>
            <ns3:hr>114</ns3:hr>
          </ns3:TrackPointExtension>
        </extensions>
      </trkpt>
      <trkpt lat="43.317225314676761627197265625" lon="-79.89250645972788333892822265625">
        <ele>127.40000152587890625</ele>
        <time>2025-10-04T17:04:28.000Z</time>
        <extensions>
          <ns3:TrackPointExtension>
            <ns3:hr>114</ns3:hr>
          </ns3:TrackPointExtension>
        </extensions>
      </trkpt>
      <trkpt lat="43.31723864190280437469482421875" lon="-79.892502017319202423095703125">
        <ele>127.59999847412109375</ele>
        <time>2025-10-04T17:04:33.000Z</time>
        <extensions>
          <ns3:TrackPointExtension>
            <ns3:hr>119</ns3:hr>
          </ns3:TrackPointExtension>
        </extensions>
      </trkpt>
      <trkpt lat="43.31723880954086780548095703125" lon="-79.89250277169048786163330078125">
        <ele>127.59999847412109375</ele>
        <time>2025-10-04T17:04:37.000Z</time>
        <extensions>
          <ns3:TrackPointExtension>
            <ns3:hr>116</ns3:hr>
          </ns3:TrackPointExtension>
        </extensions>
      </trkpt>
      <trkpt lat="43.31723931245505809783935546875" lon="-79.89250729791820049285888671875">
        <ele>127.8000030517578125</ele>
        <time>2025-10-04T17:04:40.000Z</time>
        <extensions>
          <ns3:TrackPointExtension>
            <ns3:hr>116</ns3:hr>
          </ns3:TrackPointExtension>
        </extensions>
      </trkpt>
      <trkpt lat="43.317227996885776519775390625" lon="-79.89252875559031963348388671875">
        <ele>128</ele>
        <time>2025-10-04T17:04:51.000Z</time>
        <extensions>
          <ns3:TrackPointExtension>
            <ns3:hr>113</ns3:hr>
          </ns3:TrackPointExtension>
        </extensions>
      </trkpt>
      <trkpt lat="43.31722238101065158843994140625" lon="-79.8925370536744594573974609375">
        <ele>128</ele>
        <time>2025-10-04T17:04:53.000Z</time>
        <extensions>
          <ns3:TrackPointExtension>
            <ns3:hr>112</ns3:hr>
          </ns3:TrackPointExtension>
        </extensions>
      </trkpt>
      <trkpt lat="43.3172110654413700103759765625" lon="-79.89255440421402454376220703125">
        <ele>128.399993896484375</ele>
        <time>2025-10-04T17:04:58.000Z</time>
        <extensions>
          <ns3:TrackPointExtension>
            <ns3:hr>115</ns3:hr>
          </ns3:TrackPointExtension>
        </extensions>
      </trkpt>
      <trkpt lat="43.3172050304710865020751953125" lon="-79.89260603673756122589111328125">
        <ele>129.1999969482421875</ele>
        <time>2025-10-04T17:05:03.000Z</time>
        <extensions>
          <ns3:TrackPointExtension>
            <ns3:hr>118</ns3:hr>
          </ns3:TrackPointExtension>
        </extensions>
      </trkpt>
      <trkpt lat="43.317205868661403656005859375" lon="-79.8926255665719509124755859375">
        <ele>129.600006103515625</ele>
        <time>2025-10-04T17:05:05.000Z</time>
        <extensions>
          <ns3:TrackPointExtension>
            <ns3:hr>122</ns3:hr>
          </ns3:TrackPointExtension>
        </extensions>
      </trkpt>
      <trkpt lat="43.3172157593071460723876953125" lon="-79.89270008169114589691162109375">
        <ele>130.399993896484375</ele>
        <time>2025-10-04T17:05:11.000Z</time>
        <extensions>
          <ns3:TrackPointExtension>
            <ns3:hr>121</ns3:hr>
          </ns3:TrackPointExtension>
        </extensions>
      </trkpt>
      <trkpt lat="43.31721684895455837249755859375" lon="-79.8927536420524120330810546875">
        <ele>131.8000030517578125</ele>
        <time>2025-10-04T17:05:16.000Z</time>
        <extensions>
          <ns3:TrackPointExtension>
            <ns3:hr>123</ns3:hr>
          </ns3:TrackPointExtension>
        </extensions>
      </trkpt>
      <trkpt lat="43.3172177709639072418212890625" lon="-79.892765544354915618896484375">
        <ele>132</ele>
        <time>2025-10-04T17:05:17.000Z</time>
        <extensions>
          <ns3:TrackPointExtension>
            <ns3:hr>125</ns3:hr>
          </ns3:TrackPointExtension>
        </extensions>
      </trkpt>
      <trkpt lat="43.31721701659262180328369140625" lon="-79.89282564260065555572509765625">
        <ele>132.8000030517578125</ele>
        <time>2025-10-04T17:05:22.000Z</time>
        <extensions>
          <ns3:TrackPointExtension>
            <ns3:hr>125</ns3:hr>
          </ns3:TrackPointExtension>
        </extensions>
      </trkpt>
      <trkpt lat="43.317229337990283966064453125" lon="-79.89287744276225566864013671875">
        <ele>133.600006103515625</ele>
        <time>2025-10-04T17:05:27.000Z</time>
        <extensions>
          <ns3:TrackPointExtension>
            <ns3:hr>127</ns3:hr>
          </ns3:TrackPointExtension>
        </extensions>
      </trkpt>
      <trkpt lat="43.3172419108450412750244140625" lon="-79.8929092101752758026123046875">
        <ele>134</ele>
        <time>2025-10-04T17:05:29.000Z</time>
        <extensions>
          <ns3:TrackPointExtension>
            <ns3:hr>128</ns3:hr>
          </ns3:TrackPointExtension>
        </extensions>
      </trkpt>
      <trkpt lat="43.3172647096216678619384765625" lon="-79.8930121399462223052978515625">
        <ele>135</ele>
        <time>2025-10-04T17:05:36.000Z</time>
        <extensions>
          <ns3:TrackPointExtension>
            <ns3:hr>130</ns3:hr>
          </ns3:TrackPointExtension>
        </extensions>
      </trkpt>
      <trkpt lat="43.3172724209725856781005859375" lon="-79.89309352822601795196533203125">
        <ele>135.399993896484375</ele>
        <time>2025-10-04T17:05:43.000Z</time>
        <extensions>
          <ns3:TrackPointExtension>
            <ns3:hr>129</ns3:hr>
          </ns3:TrackPointExtension>
        </extensions>
      </trkpt>
      <trkpt lat="43.31726764328777790069580078125" lon="-79.89313066005706787109375">
        <ele>136</ele>
        <time>2025-10-04T17:05:47.000Z</time>
        <extensions>
          <ns3:TrackPointExtension>
            <ns3:hr>128</ns3:hr>
          </ns3:TrackPointExtension>
        </extensions>
      </trkpt>
      <trkpt lat="43.31727133132517337799072265625" lon="-79.8931801132857799530029296875">
        <ele>137.1999969482421875</ele>
        <time>2025-10-04T17:05:54.000Z</time>
        <extensions>
          <ns3:TrackPointExtension>
            <ns3:hr>126</ns3:hr>
          </ns3:TrackPointExtension>
        </extensions>
      </trkpt>
      <trkpt lat="43.31727585755288600921630859375" lon="-79.8931864835321903228759765625">
        <ele>137.399993896484375</ele>
        <time>2025-10-04T17:05:55.000Z</time>
        <extensions>
          <ns3:TrackPointExtension>
            <ns3:hr>126</ns3:hr>
          </ns3:TrackPointExtension>
        </extensions>
      </trkpt>
      <trkpt lat="43.317292034626007080078125" lon="-79.89323819987475872039794921875">
        <ele>138.399993896484375</ele>
        <time>2025-10-04T17:06:00.000Z</time>
        <extensions>
          <ns3:TrackPointExtension>
            <ns3:hr>127</ns3:hr>
          </ns3:TrackPointExtension>
        </extensions>
      </trkpt>
      <trkpt lat="43.3172841556370258331298828125" lon="-79.89329234696924686431884765625">
        <ele>139.399993896484375</ele>
        <time>2025-10-04T17:06:05.000Z</time>
        <extensions>
          <ns3:TrackPointExtension>
            <ns3:hr>130</ns3:hr>
          </ns3:TrackPointExtension>
        </extensions>
      </trkpt>
      <trkpt lat="43.31728138960897922515869140625" lon="-79.89329972304403781890869140625">
        <ele>139.399993896484375</ele>
        <time>2025-10-04T17:06:06.000Z</time>
        <extensions>
          <ns3:TrackPointExtension>
            <ns3:hr>128</ns3:hr>
          </ns3:TrackPointExtension>
        </extensions>
      </trkpt>
      <trkpt lat="43.3172808028757572174072265625" lon="-79.89331103861331939697265625">
        <ele>139.600006103515625</ele>
        <time>2025-10-04T17:06:07.000Z</time>
        <extensions>
          <ns3:TrackPointExtension>
            <ns3:hr>131</ns3:hr>
          </ns3:TrackPointExtension>
        </extensions>
      </trkpt>
      <trkpt lat="43.3172811381518840789794921875" lon="-79.893319420516490936279296875">
        <ele>140</ele>
        <time>2025-10-04T17:06:08.000Z</time>
        <extensions>
          <ns3:TrackPointExtension>
            <ns3:hr>133</ns3:hr>
          </ns3:TrackPointExtension>
        </extensions>
      </trkpt>
      <trkpt lat="43.3172767795622348785400390625" lon="-79.89333978854119777679443359375">
        <ele>140.399993896484375</ele>
        <time>2025-10-04T17:06:10.000Z</time>
        <extensions>
          <ns3:TrackPointExtension>
            <ns3:hr>139</ns3:hr>
          </ns3:TrackPointExtension>
        </extensions>
      </trkpt>
      <trkpt lat="43.3172772824764251708984375" lon="-79.89334993064403533935546875">
        <ele>140.600006103515625</ele>
        <time>2025-10-04T17:06:11.000Z</time>
        <extensions>
          <ns3:TrackPointExtension>
            <ns3:hr>133</ns3:hr>
          </ns3:TrackPointExtension>
        </extensions>
      </trkpt>
      <trkpt lat="43.31727183423936367034912109375" lon="-79.89336870610713958740234375">
        <ele>141.1999969482421875</ele>
        <time>2025-10-04T17:06:13.000Z</time>
        <extensions>
          <ns3:TrackPointExtension>
            <ns3:hr>136</ns3:hr>
          </ns3:TrackPointExtension>
        </extensions>
      </trkpt>
      <trkpt lat="43.31726613454520702362060546875" lon="-79.89339007996022701263427734375">
        <ele>141.8000030517578125</ele>
        <time>2025-10-04T17:06:15.000Z</time>
        <extensions>
          <ns3:TrackPointExtension>
            <ns3:hr>137</ns3:hr>
          </ns3:TrackPointExtension>
        </extensions>
      </trkpt>
      <trkpt lat="43.31724752672016620635986328125" lon="-79.89343534223735332489013671875">
        <ele>142.399993896484375</ele>
        <time>2025-10-04T17:06:20.000Z</time>
        <extensions>
          <ns3:TrackPointExtension>
            <ns3:hr>140</ns3:hr>
          </ns3:TrackPointExtension>
        </extensions>
      </trkpt>
      <trkpt lat="43.31723830662667751312255859375" lon="-79.893455542623996734619140625">
        <ele>143</ele>
        <time>2025-10-04T17:06:22.000Z</time>
        <extensions>
          <ns3:TrackPointExtension>
            <ns3:hr>141</ns3:hr>
          </ns3:TrackPointExtension>
        </extensions>
      </trkpt>
      <trkpt lat="43.31723193638026714324951171875" lon="-79.8934734798967838287353515625">
        <ele>143.600006103515625</ele>
        <time>2025-10-04T17:06:24.000Z</time>
        <extensions>
          <ns3:TrackPointExtension>
            <ns3:hr>141</ns3:hr>
          </ns3:TrackPointExtension>
        </extensions>
      </trkpt>
      <trkpt lat="43.31723227165639400482177734375" lon="-79.8934969492256641387939453125">
        <ele>144</ele>
        <time>2025-10-04T17:06:26.000Z</time>
        <extensions>
          <ns3:TrackPointExtension>
            <ns3:hr>141</ns3:hr>
          </ns3:TrackPointExtension>
        </extensions>
      </trkpt>
      <trkpt lat="43.31725037656724452972412109375" lon="-79.893587641417980194091796875">
        <ele>145</ele>
        <time>2025-10-04T17:06:33.000Z</time>
        <extensions>
          <ns3:TrackPointExtension>
            <ns3:hr>143</ns3:hr>
          </ns3:TrackPointExtension>
        </extensions>
      </trkpt>
      <trkpt lat="43.31725691445171833038330078125" lon="-79.89362242631614208221435546875">
        <ele>145.1999969482421875</ele>
        <time>2025-10-04T17:06:36.000Z</time>
        <extensions>
          <ns3:TrackPointExtension>
            <ns3:hr>143</ns3:hr>
          </ns3:TrackPointExtension>
        </extensions>
      </trkpt>
      <trkpt lat="43.3173391409218311309814453125" lon="-79.89378017373383045196533203125">
        <ele>145.8000030517578125</ele>
        <time>2025-10-04T17:06:49.000Z</time>
        <extensions>
          <ns3:TrackPointExtension>
            <ns3:hr>143</ns3:hr>
          </ns3:TrackPointExtension>
        </extensions>
      </trkpt>
      <trkpt lat="43.31737576983869075775146484375" lon="-79.89386667497456073760986328125">
        <ele>145.8000030517578125</ele>
        <time>2025-10-04T17:06:55.000Z</time>
        <extensions>
          <ns3:TrackPointExtension>
            <ns3:hr>139</ns3:hr>
          </ns3:TrackPointExtension>
        </extensions>
      </trkpt>
      <trkpt lat="43.31736973486840724945068359375" lon="-79.89392300136387348175048828125">
        <ele>145.8000030517578125</ele>
        <time>2025-10-04T17:06:59.000Z</time>
        <extensions>
          <ns3:TrackPointExtension>
            <ns3:hr>136</ns3:hr>
          </ns3:TrackPointExtension>
        </extensions>
      </trkpt>
      <trkpt lat="43.3173626102507114410400390625" lon="-79.89395082928240299224853515625">
        <ele>145.8000030517578125</ele>
        <time>2025-10-04T17:07:01.000Z</time>
        <extensions>
          <ns3:TrackPointExtension>
            <ns3:hr>139</ns3:hr>
          </ns3:TrackPointExtension>
        </extensions>
      </trkpt>
      <trkpt lat="43.3173485286533832550048828125" lon="-79.89397865720093250274658203125">
        <ele>145.8000030517578125</ele>
        <time>2025-10-04T17:07:03.000Z</time>
        <extensions>
          <ns3:TrackPointExtension>
            <ns3:hr>136</ns3:hr>
          </ns3:TrackPointExtension>
        </extensions>
      </trkpt>
      <trkpt lat="43.31730117090046405792236328125" lon="-79.8940394259989261627197265625">
        <ele>146</ele>
        <time>2025-10-04T17:07:10.000Z</time>
        <extensions>
          <ns3:TrackPointExtension>
            <ns3:hr>136</ns3:hr>
          </ns3:TrackPointExtension>
        </extensions>
      </trkpt>
      <trkpt lat="43.3172853291034698486328125" lon="-79.89405308850109577178955078125">
        <ele>146.399993896484375</ele>
        <time>2025-10-04T17:07:12.000Z</time>
        <extensions>
          <ns3:TrackPointExtension>
            <ns3:hr>136</ns3:hr>
          </ns3:TrackPointExtension>
        </extensions>
      </trkpt>
      <trkpt lat="43.31725272350013256072998046875" lon="-79.894077479839324951171875">
        <ele>147</ele>
        <time>2025-10-04T17:07:17.000Z</time>
        <extensions>
          <ns3:TrackPointExtension>
            <ns3:hr>135</ns3:hr>
          </ns3:TrackPointExtension>
        </extensions>
      </trkpt>
      <trkpt lat="43.31718667410314083099365234375" lon="-79.894110672175884246826171875">
        <ele>147.8000030517578125</ele>
        <time>2025-10-04T17:07:25.000Z</time>
        <extensions>
          <ns3:TrackPointExtension>
            <ns3:hr>131</ns3:hr>
          </ns3:TrackPointExtension>
        </extensions>
      </trkpt>
      <trkpt lat="43.3171780407428741455078125" lon="-79.89411276765167713165283203125">
        <ele>147.8000030517578125</ele>
        <time>2025-10-04T17:07:26.000Z</time>
        <extensions>
          <ns3:TrackPointExtension>
            <ns3:hr>132</ns3:hr>
          </ns3:TrackPointExtension>
        </extensions>
      </trkpt>
      <trkpt lat="43.3171574212610721588134765625" lon="-79.8941215686500072479248046875">
        <ele>147.8000030517578125</ele>
        <time>2025-10-04T17:07:28.000Z</time>
        <extensions>
          <ns3:TrackPointExtension>
            <ns3:hr>139</ns3:hr>
          </ns3:TrackPointExtension>
        </extensions>
      </trkpt>
      <trkpt lat="43.31714509986340999603271484375" lon="-79.89412584342062473297119140625">
        <ele>147.600006103515625</ele>
        <time>2025-10-04T17:07:29.000Z</time>
        <extensions>
          <ns3:TrackPointExtension>
            <ns3:hr>142</ns3:hr>
          </ns3:TrackPointExtension>
        </extensions>
      </trkpt>
      <trkpt lat="43.31712372601032257080078125" lon="-79.8941333033144474029541015625">
        <ele>147.600006103515625</ele>
        <time>2025-10-04T17:07:31.000Z</time>
        <extensions>
          <ns3:TrackPointExtension>
            <ns3:hr>145</ns3:hr>
          </ns3:TrackPointExtension>
        </extensions>
      </trkpt>
      <trkpt lat="43.317104279994964599609375" lon="-79.89413984119892120361328125">
        <ele>147.600006103515625</ele>
        <time>2025-10-04T17:07:33.000Z</time>
        <extensions>
          <ns3:TrackPointExtension>
            <ns3:hr>148</ns3:hr>
          </ns3:TrackPointExtension>
        </extensions>
      </trkpt>
      <trkpt lat="43.31708072684705257415771484375" lon="-79.89415501244366168975830078125">
        <ele>147.600006103515625</ele>
        <time>2025-10-04T17:07:35.000Z</time>
        <extensions>
          <ns3:TrackPointExtension>
            <ns3:hr>145</ns3:hr>
          </ns3:TrackPointExtension>
        </extensions>
      </trkpt>
      <trkpt lat="43.31705130636692047119140625" lon="-79.89416892640292644500732421875">
        <ele>147.8000030517578125</ele>
        <time>2025-10-04T17:07:38.000Z</time>
        <extensions>
          <ns3:TrackPointExtension>
            <ns3:hr>140</ns3:hr>
          </ns3:TrackPointExtension>
        </extensions>
      </trkpt>
      <trkpt lat="43.3170427568256855010986328125" lon="-79.894179403781890869140625">
        <ele>147.8000030517578125</ele>
        <time>2025-10-04T17:07:39.000Z</time>
        <extensions>
          <ns3:TrackPointExtension>
            <ns3:hr>137</ns3:hr>
          </ns3:TrackPointExtension>
        </extensions>
      </trkpt>
      <trkpt lat="43.31703043542802333831787109375" lon="-79.89419356919825077056884765625">
        <ele>147.8000030517578125</ele>
        <time>2025-10-04T17:07:41.000Z</time>
        <extensions>
          <ns3:TrackPointExtension>
            <ns3:hr>132</ns3:hr>
          </ns3:TrackPointExtension>
        </extensions>
      </trkpt>
      <trkpt lat="43.31701886840164661407470703125" lon="-79.89421200938522815704345703125">
        <ele>148.1999969482421875</ele>
        <time>2025-10-04T17:07:43.000Z</time>
        <extensions>
          <ns3:TrackPointExtension>
            <ns3:hr>132</ns3:hr>
          </ns3:TrackPointExtension>
        </extensions>
      </trkpt>
      <trkpt lat="43.317010067403316497802734375" lon="-79.89423514343798160552978515625">
        <ele>148.1999969482421875</ele>
        <time>2025-10-04T17:07:45.000Z</time>
        <extensions>
          <ns3:TrackPointExtension>
            <ns3:hr>129</ns3:hr>
          </ns3:TrackPointExtension>
        </extensions>
      </trkpt>
      <trkpt lat="43.31697888672351837158203125" lon="-79.89427872933447360992431640625">
        <ele>148.1999969482421875</ele>
        <time>2025-10-04T17:07:50.000Z</time>
        <extensions>
          <ns3:TrackPointExtension>
            <ns3:hr>126</ns3:hr>
          </ns3:TrackPointExtension>
        </extensions>
      </trkpt>
      <trkpt lat="43.31695483066141605377197265625" lon="-79.89431560970842838287353515625">
        <ele>148.1999969482421875</ele>
        <time>2025-10-04T17:07:54.000Z</time>
        <extensions>
          <ns3:TrackPointExtension>
            <ns3:hr>127</ns3:hr>
          </ns3:TrackPointExtension>
        </extensions>
      </trkpt>
      <trkpt lat="43.31692918203771114349365234375" lon="-79.89441317506134510040283203125">
        <ele>147.1999969482421875</ele>
        <time>2025-10-04T17:08:00.000Z</time>
        <extensions>
          <ns3:TrackPointExtension>
            <ns3:hr>126</ns3:hr>
          </ns3:TrackPointExtension>
        </extensions>
      </trkpt>
      <trkpt lat="43.31692113541066646575927734375" lon="-79.89444955252110958099365234375">
        <ele>146.8000030517578125</ele>
        <time>2025-10-04T17:08:02.000Z</time>
        <extensions>
          <ns3:TrackPointExtension>
            <ns3:hr>123</ns3:hr>
          </ns3:TrackPointExtension>
        </extensions>
      </trkpt>
      <trkpt lat="43.31690244376659393310546875" lon="-79.89452398382127285003662109375">
        <ele>146.1999969482421875</ele>
        <time>2025-10-04T17:08:06.000Z</time>
        <extensions>
          <ns3:TrackPointExtension>
            <ns3:hr>122</ns3:hr>
          </ns3:TrackPointExtension>
        </extensions>
      </trkpt>
      <trkpt lat="43.3168053813278675079345703125" lon="-79.89462406374514102935791015625">
        <ele>146.399993896484375</ele>
        <time>2025-10-04T17:08:16.000Z</time>
        <extensions>
          <ns3:TrackPointExtension>
            <ns3:hr>124</ns3:hr>
          </ns3:TrackPointExtension>
        </extensions>
      </trkpt>
      <trkpt lat="43.31677244044840335845947265625" lon="-79.89463931880891323089599609375">
        <ele>146.8000030517578125</ele>
        <time>2025-10-04T17:08:19.000Z</time>
        <extensions>
          <ns3:TrackPointExtension>
            <ns3:hr>121</ns3:hr>
          </ns3:TrackPointExtension>
        </extensions>
      </trkpt>
      <trkpt lat="43.31667579710483551025390625" lon="-79.89470201544463634490966796875">
        <ele>147.8000030517578125</ele>
        <time>2025-10-04T17:08:29.000Z</time>
        <extensions>
          <ns3:TrackPointExtension>
            <ns3:hr>122</ns3:hr>
          </ns3:TrackPointExtension>
        </extensions>
      </trkpt>
      <trkpt lat="43.31664369441568851470947265625" lon="-79.894736297428607940673828125">
        <ele>148</ele>
        <time>2025-10-04T17:08:33.000Z</time>
        <extensions>
          <ns3:TrackPointExtension>
            <ns3:hr>123</ns3:hr>
          </ns3:TrackPointExtension>
        </extensions>
      </trkpt>
      <trkpt lat="43.3166099153459072113037109375" lon="-79.8948015086352825164794921875">
        <ele>148</ele>
        <time>2025-10-04T17:08:38.000Z</time>
        <extensions>
          <ns3:TrackPointExtension>
            <ns3:hr>120</ns3:hr>
          </ns3:TrackPointExtension>
        </extensions>
      </trkpt>
      <trkpt lat="43.3166025392711162567138671875" lon="-79.89485205151140689849853515625">
        <ele>148</ele>
        <time>2025-10-04T17:08:41.000Z</time>
        <extensions>
          <ns3:TrackPointExtension>
            <ns3:hr>118</ns3:hr>
          </ns3:TrackPointExtension>
        </extensions>
      </trkpt>
      <trkpt lat="43.3166550099849700927734375" lon="-79.8949493654072284698486328125">
        <ele>148</ele>
        <time>2025-10-04T17:08:50.000Z</time>
        <extensions>
          <ns3:TrackPointExtension>
            <ns3:hr>119</ns3:hr>
          </ns3:TrackPointExtension>
        </extensions>
      </trkpt>
      <trkpt lat="43.31668493337929248809814453125" lon="-79.8949537239968776702880859375">
        <ele>147.8000030517578125</ele>
        <time>2025-10-04T17:08:53.000Z</time>
        <extensions>
          <ns3:TrackPointExtension>
            <ns3:hr>116</ns3:hr>
          </ns3:TrackPointExtension>
        </extensions>
      </trkpt>
      <trkpt lat="43.3167356438934803009033203125" lon="-79.89493486471474170684814453125">
        <ele>147.8000030517578125</ele>
        <time>2025-10-04T17:08:58.000Z</time>
        <extensions>
          <ns3:TrackPointExtension>
            <ns3:hr>117</ns3:hr>
          </ns3:TrackPointExtension>
        </extensions>
      </trkpt>
      <trkpt lat="43.3167617954313755035400390625" lon="-79.89492665044963359832763671875">
        <ele>147.600006103515625</ele>
        <time>2025-10-04T17:09:00.000Z</time>
        <extensions>
          <ns3:TrackPointExtension>
            <ns3:hr>117</ns3:hr>
          </ns3:TrackPointExtension>
        </extensions>
      </trkpt>
      <trkpt lat="43.3168694190680980682373046875" lon="-79.89491960965096950531005859375">
        <ele>147.399993896484375</ele>
        <time>2025-10-04T17:09:10.000Z</time>
        <extensions>
          <ns3:TrackPointExtension>
            <ns3:hr>120</ns3:hr>
          </ns3:TrackPointExtension>
        </extensions>
      </trkpt>
      <trkpt lat="43.3168989233672618865966796875" lon="-79.8949161730706691741943359375">
        <ele>147.1999969482421875</ele>
        <time>2025-10-04T17:09:13.000Z</time>
        <extensions>
          <ns3:TrackPointExtension>
            <ns3:hr>119</ns3:hr>
          </ns3:TrackPointExtension>
        </extensions>
      </trkpt>
      <trkpt lat="43.31692197360098361968994140625" lon="-79.89492463879287242889404296875">
        <ele>147.1999969482421875</ele>
        <time>2025-10-04T17:09:15.000Z</time>
        <extensions>
          <ns3:TrackPointExtension>
            <ns3:hr>116</ns3:hr>
          </ns3:TrackPointExtension>
        </extensions>
      </trkpt>
      <trkpt lat="43.31700663082301616668701171875" lon="-79.89503628574311733245849609375">
        <ele>147.1999969482421875</ele>
        <time>2025-10-04T17:09:24.000Z</time>
        <extensions>
          <ns3:TrackPointExtension>
            <ns3:hr>117</ns3:hr>
          </ns3:TrackPointExtension>
        </extensions>
      </trkpt>
      <trkpt lat="43.317018449306488037109375" lon="-79.89505036734044551849365234375">
        <ele>147</ele>
        <time>2025-10-04T17:09:26.000Z</time>
        <extensions>
          <ns3:TrackPointExtension>
            <ns3:hr>114</ns3:hr>
          </ns3:TrackPointExtension>
        </extensions>
      </trkpt>
      <trkpt lat="43.31702775321900844573974609375" lon="-79.89506076090037822723388671875">
        <ele>147</ele>
        <time>2025-10-04T17:09:28.000Z</time>
        <extensions>
          <ns3:TrackPointExtension>
            <ns3:hr>112</ns3:hr>
          </ns3:TrackPointExtension>
        </extensions>
      </trkpt>
      <trkpt lat="43.31708089448511600494384765625" lon="-79.89513318054378032684326171875">
        <ele>145.8000030517578125</ele>
        <time>2025-10-04T17:09:37.000Z</time>
        <extensions>
          <ns3:TrackPointExtension>
            <ns3:hr>113</ns3:hr>
          </ns3:TrackPointExtension>
        </extensions>
      </trkpt>
      <trkpt lat="43.31709480844438076019287109375" lon="-79.8951766826212406158447265625">
        <ele>144.600006103515625</ele>
        <time>2025-10-04T17:09:42.000Z</time>
        <extensions>
          <ns3:TrackPointExtension>
            <ns3:hr>109</ns3:hr>
          </ns3:TrackPointExtension>
        </extensions>
      </trkpt>
      <trkpt lat="43.3171124942600727081298828125" lon="-79.89520526491105556488037109375">
        <ele>143.600006103515625</ele>
        <time>2025-10-04T17:09:46.000Z</time>
        <extensions>
          <ns3:TrackPointExtension>
            <ns3:hr>111</ns3:hr>
          </ns3:TrackPointExtension>
        </extensions>
      </trkpt>
      <trkpt lat="43.3171322755515575408935546875" lon="-79.89523041062057018280029296875">
        <ele>143</ele>
        <time>2025-10-04T17:09:50.000Z</time>
        <extensions>
          <ns3:TrackPointExtension>
            <ns3:hr>117</ns3:hr>
          </ns3:TrackPointExtension>
        </extensions>
      </trkpt>
      <trkpt lat="43.317132107913494110107421875" lon="-79.895239211618900299072265625">
        <ele>142.8000030517578125</ele>
        <time>2025-10-04T17:09:51.000Z</time>
        <extensions>
          <ns3:TrackPointExtension>
            <ns3:hr>116</ns3:hr>
          </ns3:TrackPointExtension>
        </extensions>
      </trkpt>
      <trkpt lat="43.3171322755515575408935546875" lon="-79.89525773562490940093994140625">
        <ele>142.399993896484375</ele>
        <time>2025-10-04T17:09:53.000Z</time>
        <extensions>
          <ns3:TrackPointExtension>
            <ns3:hr>116</ns3:hr>
          </ns3:TrackPointExtension>
        </extensions>
      </trkpt>
      <trkpt lat="43.3171399869024753570556640625" lon="-79.89529243670403957366943359375">
        <ele>141.399993896484375</ele>
        <time>2025-10-04T17:09:57.000Z</time>
        <extensions>
          <ns3:TrackPointExtension>
            <ns3:hr>115</ns3:hr>
          </ns3:TrackPointExtension>
        </extensions>
      </trkpt>
      <trkpt lat="43.31716052256524562835693359375" lon="-79.89533987827599048614501953125">
        <ele>140.399993896484375</ele>
        <time>2025-10-04T17:10:03.000Z</time>
        <extensions>
          <ns3:TrackPointExtension>
            <ns3:hr>116</ns3:hr>
          </ns3:TrackPointExtension>
        </extensions>
      </trkpt>
      <trkpt lat="43.3171621151268482208251953125" lon="-79.8953501880168914794921875">
        <ele>140.1999969482421875</ele>
        <time>2025-10-04T17:10:04.000Z</time>
        <extensions>
          <ns3:TrackPointExtension>
            <ns3:hr>116</ns3:hr>
          </ns3:TrackPointExtension>
        </extensions>
      </trkpt>
      <trkpt lat="43.31716664135456085205078125" lon="-79.89542939700186252593994140625">
        <ele>139</ele>
        <time>2025-10-04T17:10:12.000Z</time>
        <extensions>
          <ns3:TrackPointExtension>
            <ns3:hr>116</ns3:hr>
          </ns3:TrackPointExtension>
        </extensions>
      </trkpt>
      <trkpt lat="43.31719539128243923187255859375" lon="-79.8954848013818264007568359375">
        <ele>138.1999969482421875</ele>
        <time>2025-10-04T17:10:18.000Z</time>
        <extensions>
          <ns3:TrackPointExtension>
            <ns3:hr>114</ns3:hr>
          </ns3:TrackPointExtension>
        </extensions>
      </trkpt>
      <trkpt lat="43.31719958223402500152587890625" lon="-79.8954911716282367706298828125">
        <ele>137.8000030517578125</ele>
        <time>2025-10-04T17:10:19.000Z</time>
        <extensions>
          <ns3:TrackPointExtension>
            <ns3:hr>114</ns3:hr>
          </ns3:TrackPointExtension>
        </extensions>
      </trkpt>
      <trkpt lat="43.31721617840230464935302734375" lon="-79.89550986327230930328369140625">
        <ele>137.600006103515625</ele>
        <time>2025-10-04T17:10:22.000Z</time>
        <extensions>
          <ns3:TrackPointExtension>
            <ns3:hr>117</ns3:hr>
          </ns3:TrackPointExtension>
        </extensions>
      </trkpt>
      <trkpt lat="43.31722430884838104248046875" lon="-79.89553551189601421356201171875">
        <ele>137.1999969482421875</ele>
        <time>2025-10-04T17:10:25.000Z</time>
        <extensions>
          <ns3:TrackPointExtension>
            <ns3:hr>120</ns3:hr>
          </ns3:TrackPointExtension>
        </extensions>
      </trkpt>
      <trkpt lat="43.3172271586954593658447265625" lon="-79.89555629901587963104248046875">
        <ele>136.8000030517578125</ele>
        <time>2025-10-04T17:10:27.000Z</time>
        <extensions>
          <ns3:TrackPointExtension>
            <ns3:hr>120</ns3:hr>
          </ns3:TrackPointExtension>
        </extensions>
      </trkpt>
      <trkpt lat="43.317217938601970672607421875" lon="-79.89558747969567775726318359375">
        <ele>136.1999969482421875</ele>
        <time>2025-10-04T17:10:32.000Z</time>
        <extensions>
          <ns3:TrackPointExtension>
            <ns3:hr>120</ns3:hr>
          </ns3:TrackPointExtension>
        </extensions>
      </trkpt>
      <trkpt lat="43.3172053657472133636474609375" lon="-79.8955927602946758270263671875">
        <ele>135.8000030517578125</ele>
        <time>2025-10-04T17:10:34.000Z</time>
        <extensions>
          <ns3:TrackPointExtension>
            <ns3:hr>116</ns3:hr>
          </ns3:TrackPointExtension>
        </extensions>
      </trkpt>
      <trkpt lat="43.31719187088310718536376953125" lon="-79.89561103284358978271484375">
        <ele>135</ele>
        <time>2025-10-04T17:10:38.000Z</time>
        <extensions>
          <ns3:TrackPointExtension>
            <ns3:hr>113</ns3:hr>
          </ns3:TrackPointExtension>
        </extensions>
      </trkpt>
      <trkpt lat="43.31718281842768192291259765625" lon="-79.8956293053925037384033203125">
        <ele>134.8000030517578125</ele>
        <time>2025-10-04T17:10:40.000Z</time>
        <extensions>
          <ns3:TrackPointExtension>
            <ns3:hr>113</ns3:hr>
          </ns3:TrackPointExtension>
        </extensions>
      </trkpt>
      <trkpt lat="43.31716555170714855194091796875" lon="-79.8956668563187122344970703125">
        <ele>134</ele>
        <time>2025-10-04T17:10:44.000Z</time>
        <extensions>
          <ns3:TrackPointExtension>
            <ns3:hr>113</ns3:hr>
          </ns3:TrackPointExtension>
        </extensions>
      </trkpt>
      <trkpt lat="43.3171458542346954345703125" lon="-79.895688481628894805908203125">
        <ele>133.8000030517578125</ele>
        <time>2025-10-04T17:10:46.000Z</time>
        <extensions>
          <ns3:TrackPointExtension>
            <ns3:hr>114</ns3:hr>
          </ns3:TrackPointExtension>
        </extensions>
      </trkpt>
      <trkpt lat="43.31712967716157436370849609375" lon="-79.895730055868625640869140625">
        <ele>133.399993896484375</ele>
        <time>2025-10-04T17:10:49.000Z</time>
        <extensions>
          <ns3:TrackPointExtension>
            <ns3:hr>117</ns3:hr>
          </ns3:TrackPointExtension>
        </extensions>
      </trkpt>
      <trkpt lat="43.31710101105272769927978515625" lon="-79.89575721323490142822265625">
        <ele>132.8000030517578125</ele>
        <time>2025-10-04T17:10:53.000Z</time>
        <extensions>
          <ns3:TrackPointExtension>
            <ns3:hr>117</ns3:hr>
          </ns3:TrackPointExtension>
        </extensions>
      </trkpt>
      <trkpt lat="43.3170937187969684600830078125" lon="-79.895762912929058074951171875">
        <ele>132.600006103515625</ele>
        <time>2025-10-04T17:10:54.000Z</time>
        <extensions>
          <ns3:TrackPointExtension>
            <ns3:hr>117</ns3:hr>
          </ns3:TrackPointExtension>
        </extensions>
      </trkpt>
      <trkpt lat="43.31704485230147838592529296875" lon="-79.8957758210599422454833984375">
        <ele>132</ele>
        <time>2025-10-04T17:10:59.000Z</time>
        <extensions>
          <ns3:TrackPointExtension>
            <ns3:hr>112</ns3:hr>
          </ns3:TrackPointExtension>
        </extensions>
      </trkpt>
      <trkpt lat="43.3170202933251857757568359375" lon="-79.89577255211770534515380859375">
        <ele>132</ele>
        <time>2025-10-04T17:11:01.000Z</time>
        <extensions>
          <ns3:TrackPointExtension>
            <ns3:hr>116</ns3:hr>
          </ns3:TrackPointExtension>
        </extensions>
      </trkpt>
      <trkpt lat="43.3169867657124996185302734375" lon="-79.89576919935643672943115234375">
        <ele>131.8000030517578125</ele>
        <time>2025-10-04T17:11:05.000Z</time>
        <extensions>
          <ns3:TrackPointExtension>
            <ns3:hr>113</ns3:hr>
          </ns3:TrackPointExtension>
        </extensions>
      </trkpt>
      <trkpt lat="43.31696522422134876251220703125" lon="-79.89576123654842376708984375">
        <ele>131.600006103515625</ele>
        <time>2025-10-04T17:11:08.000Z</time>
        <extensions>
          <ns3:TrackPointExtension>
            <ns3:hr>109</ns3:hr>
          </ns3:TrackPointExtension>
        </extensions>
      </trkpt>
      <trkpt lat="43.31688811071217060089111328125" lon="-79.89575528539717197418212890625">
        <ele>131.1999969482421875</ele>
        <time>2025-10-04T17:11:14.000Z</time>
        <extensions>
          <ns3:TrackPointExtension>
            <ns3:hr>113</ns3:hr>
          </ns3:TrackPointExtension>
        </extensions>
      </trkpt>
      <trkpt lat="43.3168623782694339752197265625" lon="-79.8957605659961700439453125">
        <ele>131.1999969482421875</ele>
        <time>2025-10-04T17:11:16.000Z</time>
        <extensions>
          <ns3:TrackPointExtension>
            <ns3:hr>117</ns3:hr>
          </ns3:TrackPointExtension>
        </extensions>
      </trkpt>
      <trkpt lat="43.31683295778930187225341796875" lon="-79.89576785825192928314208984375">
        <ele>131</ele>
        <time>2025-10-04T17:11:19.000Z</time>
        <extensions>
          <ns3:TrackPointExtension>
            <ns3:hr>120</ns3:hr>
          </ns3:TrackPointExtension>
        </extensions>
      </trkpt>
      <trkpt lat="43.3167757093906402587890625" lon="-79.895769618451595306396484375">
        <ele>130.600006103515625</ele>
        <time>2025-10-04T17:11:25.000Z</time>
        <extensions>
          <ns3:TrackPointExtension>
            <ns3:hr>117</ns3:hr>
          </ns3:TrackPointExtension>
        </extensions>
      </trkpt>
      <trkpt lat="43.31663816235959529876708984375" lon="-79.8957781679928302764892578125">
        <ele>129.8000030517578125</ele>
        <time>2025-10-04T17:11:35.000Z</time>
        <extensions>
          <ns3:TrackPointExtension>
            <ns3:hr>115</ns3:hr>
          </ns3:TrackPointExtension>
        </extensions>
      </trkpt>
      <trkpt lat="43.31656859256327152252197265625" lon="-79.895808510482311248779296875">
        <ele>129.600006103515625</ele>
        <time>2025-10-04T17:11:40.000Z</time>
        <extensions>
          <ns3:TrackPointExtension>
            <ns3:hr>116</ns3:hr>
          </ns3:TrackPointExtension>
        </extensions>
      </trkpt>
      <trkpt lat="43.3164969272911548614501953125" lon="-79.8958626575767993927001953125">
        <ele>129.399993896484375</ele>
        <time>2025-10-04T17:11:47.000Z</time>
        <extensions>
          <ns3:TrackPointExtension>
            <ns3:hr>115</ns3:hr>
          </ns3:TrackPointExtension>
        </extensions>
      </trkpt>
      <trkpt lat="43.316438756883144378662109375" lon="-79.8959746398031711578369140625">
        <ele>130.600006103515625</ele>
        <time>2025-10-04T17:11:57.000Z</time>
        <extensions>
          <ns3:TrackPointExtension>
            <ns3:hr>117</ns3:hr>
          </ns3:TrackPointExtension>
        </extensions>
      </trkpt>
      <trkpt lat="43.3164432831108570098876953125" lon="-79.8959850333631038665771484375">
        <ele>130.8000030517578125</ele>
        <time>2025-10-04T17:11:58.000Z</time>
        <extensions>
          <ns3:TrackPointExtension>
            <ns3:hr>118</ns3:hr>
          </ns3:TrackPointExtension>
        </extensions>
      </trkpt>
      <trkpt lat="43.31645443104207515716552734375" lon="-79.8960088379681110382080078125">
        <ele>131.600006103515625</ele>
        <time>2025-10-04T17:12:01.000Z</time>
        <extensions>
          <ns3:TrackPointExtension>
            <ns3:hr>121</ns3:hr>
          </ns3:TrackPointExtension>
        </extensions>
      </trkpt>
      <trkpt lat="43.31646935082972049713134765625" lon="-79.89602182991802692413330078125">
        <ele>132</ele>
        <time>2025-10-04T17:12:03.000Z</time>
        <extensions>
          <ns3:TrackPointExtension>
            <ns3:hr>121</ns3:hr>
          </ns3:TrackPointExtension>
        </extensions>
      </trkpt>
      <trkpt lat="43.31650371663272380828857421875" lon="-79.89604714326560497283935546875">
        <ele>132.8000030517578125</ele>
        <time>2025-10-04T17:12:07.000Z</time>
        <extensions>
          <ns3:TrackPointExtension>
            <ns3:hr>122</ns3:hr>
          </ns3:TrackPointExtension>
        </extensions>
      </trkpt>
      <trkpt lat="43.31652064807713031768798828125" lon="-79.89605820737779140472412109375">
        <ele>133.1999969482421875</ele>
        <time>2025-10-04T17:12:09.000Z</time>
        <extensions>
          <ns3:TrackPointExtension>
            <ns3:hr>123</ns3:hr>
          </ns3:TrackPointExtension>
        </extensions>
      </trkpt>
      <trkpt lat="43.3165861107409000396728515625" lon="-79.896104894578456878662109375">
        <ele>134.1999969482421875</ele>
        <time>2025-10-04T17:12:16.000Z</time>
        <extensions>
          <ns3:TrackPointExtension>
            <ns3:hr>125</ns3:hr>
          </ns3:TrackPointExtension>
        </extensions>
      </trkpt>
      <trkpt lat="43.31661150790750980377197265625" lon="-79.89613951183855533599853515625">
        <ele>135</ele>
        <time>2025-10-04T17:12:20.000Z</time>
        <extensions>
          <ns3:TrackPointExtension>
            <ns3:hr>125</ns3:hr>
          </ns3:TrackPointExtension>
        </extensions>
      </trkpt>
      <trkpt lat="43.316623829305171966552734375" lon="-79.89615761674940586090087890625">
        <ele>135.1999969482421875</ele>
        <time>2025-10-04T17:12:22.000Z</time>
        <extensions>
          <ns3:TrackPointExtension>
            <ns3:hr>126</ns3:hr>
          </ns3:TrackPointExtension>
        </extensions>
      </trkpt>
      <trkpt lat="43.31666129641234874725341796875" lon="-79.89618175663053989410400390625">
        <ele>136</ele>
        <time>2025-10-04T17:12:26.000Z</time>
        <extensions>
          <ns3:TrackPointExtension>
            <ns3:hr>123</ns3:hr>
          </ns3:TrackPointExtension>
        </extensions>
      </trkpt>
      <trkpt lat="43.3166803233325481414794921875" lon="-79.89618930034339427947998046875">
        <ele>136.399993896484375</ele>
        <time>2025-10-04T17:12:28.000Z</time>
        <extensions>
          <ns3:TrackPointExtension>
            <ns3:hr>124</ns3:hr>
          </ns3:TrackPointExtension>
        </extensions>
      </trkpt>
      <trkpt lat="43.3167245797812938690185546875" lon="-79.8962317965924739837646484375">
        <ele>137.600006103515625</ele>
        <time>2025-10-04T17:12:35.000Z</time>
        <extensions>
          <ns3:TrackPointExtension>
            <ns3:hr>122</ns3:hr>
          </ns3:TrackPointExtension>
        </extensions>
      </trkpt>
      <trkpt lat="43.31674260087311267852783203125" lon="-79.89623875357210636138916015625">
        <ele>138.1999969482421875</ele>
        <time>2025-10-04T17:12:37.000Z</time>
        <extensions>
          <ns3:TrackPointExtension>
            <ns3:hr>123</ns3:hr>
          </ns3:TrackPointExtension>
        </extensions>
      </trkpt>
      <trkpt lat="43.31676824949681758880615234375" lon="-79.896239340305328369140625">
        <ele>138.600006103515625</ele>
        <time>2025-10-04T17:12:41.000Z</time>
        <extensions>
          <ns3:TrackPointExtension>
            <ns3:hr>127</ns3:hr>
          </ns3:TrackPointExtension>
        </extensions>
      </trkpt>
      <trkpt lat="43.31677646376192569732666015625" lon="-79.8962361551821231842041015625">
        <ele>138.8000030517578125</ele>
        <time>2025-10-04T17:12:42.000Z</time>
        <extensions>
          <ns3:TrackPointExtension>
            <ns3:hr>126</ns3:hr>
          </ns3:TrackPointExtension>
        </extensions>
      </trkpt>
      <trkpt lat="43.31682491116225719451904296875" lon="-79.89622349850833415985107421875">
        <ele>139.8000030517578125</ele>
        <time>2025-10-04T17:12:47.000Z</time>
        <extensions>
          <ns3:TrackPointExtension>
            <ns3:hr>128</ns3:hr>
          </ns3:TrackPointExtension>
        </extensions>
      </trkpt>
      <trkpt lat="43.31684477627277374267578125" lon="-79.8962264321744441986083984375">
        <ele>140.399993896484375</ele>
        <time>2025-10-04T17:12:49.000Z</time>
        <extensions>
          <ns3:TrackPointExtension>
            <ns3:hr>132</ns3:hr>
          </ns3:TrackPointExtension>
        </extensions>
      </trkpt>
      <trkpt lat="43.31687151454389095306396484375" lon="-79.89622936584055423736572265625">
        <ele>140.600006103515625</ele>
        <time>2025-10-04T17:12:51.000Z</time>
        <extensions>
          <ns3:TrackPointExtension>
            <ns3:hr>136</ns3:hr>
          </ns3:TrackPointExtension>
        </extensions>
      </trkpt>
      <trkpt lat="43.3169042877852916717529296875" lon="-79.896234311163425445556640625">
        <ele>141</ele>
        <time>2025-10-04T17:12:54.000Z</time>
        <extensions>
          <ns3:TrackPointExtension>
            <ns3:hr>138</ns3:hr>
          </ns3:TrackPointExtension>
        </extensions>
      </trkpt>
      <trkpt lat="43.3170021884143352508544921875" lon="-79.89621779881417751312255859375">
        <ele>142</ele>
        <time>2025-10-04T17:13:05.000Z</time>
        <extensions>
          <ns3:TrackPointExtension>
            <ns3:hr>139</ns3:hr>
          </ns3:TrackPointExtension>
        </extensions>
      </trkpt>
      <trkpt lat="43.317098915576934814453125" lon="-79.89618008024990558624267578125">
        <ele>143</ele>
        <time>2025-10-04T17:13:16.000Z</time>
        <extensions>
          <ns3:TrackPointExtension>
            <ns3:hr>137</ns3:hr>
          </ns3:TrackPointExtension>
        </extensions>
      </trkpt>
      <trkpt lat="43.31711743958294391632080078125" lon="-79.89618544466793537139892578125">
        <ele>143.1999969482421875</ele>
        <time>2025-10-04T17:13:18.000Z</time>
        <extensions>
          <ns3:TrackPointExtension>
            <ns3:hr>136</ns3:hr>
          </ns3:TrackPointExtension>
        </extensions>
      </trkpt>
      <trkpt lat="43.31715683452785015106201171875" lon="-79.896200112998485565185546875">
        <ele>143.399993896484375</ele>
        <time>2025-10-04T17:13:22.000Z</time>
        <extensions>
          <ns3:TrackPointExtension>
            <ns3:hr>136</ns3:hr>
          </ns3:TrackPointExtension>
        </extensions>
      </trkpt>
      <trkpt lat="43.31721936352550983428955078125" lon="-79.8962358199059963226318359375">
        <ele>144</ele>
        <time>2025-10-04T17:13:28.000Z</time>
        <extensions>
          <ns3:TrackPointExtension>
            <ns3:hr>139</ns3:hr>
          </ns3:TrackPointExtension>
        </extensions>
      </trkpt>
      <trkpt lat="43.3172295056283473968505859375" lon="-79.8962381668388843536376953125">
        <ele>144</ele>
        <time>2025-10-04T17:13:29.000Z</time>
        <extensions>
          <ns3:TrackPointExtension>
            <ns3:hr>139</ns3:hr>
          </ns3:TrackPointExtension>
        </extensions>
      </trkpt>
      <trkpt lat="43.31725138239562511444091796875" lon="-79.89624671638011932373046875">
        <ele>144</ele>
        <time>2025-10-04T17:13:31.000Z</time>
        <extensions>
          <ns3:TrackPointExtension>
            <ns3:hr>139</ns3:hr>
          </ns3:TrackPointExtension>
        </extensions>
      </trkpt>
      <trkpt lat="43.3173156715929508209228515625" lon="-79.8962683416903018951416015625">
        <ele>144.1999969482421875</ele>
        <time>2025-10-04T17:13:37.000Z</time>
        <extensions>
          <ns3:TrackPointExtension>
            <ns3:hr>136</ns3:hr>
          </ns3:TrackPointExtension>
        </extensions>
      </trkpt>
      <trkpt lat="43.31738465465605258941650390625" lon="-79.89629658870398998260498046875">
        <ele>144.1999969482421875</ele>
        <time>2025-10-04T17:13:43.000Z</time>
        <extensions>
          <ns3:TrackPointExtension>
            <ns3:hr>133</ns3:hr>
          </ns3:TrackPointExtension>
        </extensions>
      </trkpt>
      <trkpt lat="43.31743293441832065582275390625" lon="-79.89630865864455699920654296875">
        <ele>144.399993896484375</ele>
        <time>2025-10-04T17:13:49.000Z</time>
        <extensions>
          <ns3:TrackPointExtension>
            <ns3:hr>131</ns3:hr>
          </ns3:TrackPointExtension>
        </extensions>
      </trkpt>
      <trkpt lat="43.31749797798693180084228515625" lon="-79.89632139913737773895263671875">
        <ele>145</ele>
        <time>2025-10-04T17:13:56.000Z</time>
        <extensions>
          <ns3:TrackPointExtension>
            <ns3:hr>131</ns3:hr>
          </ns3:TrackPointExtension>
        </extensions>
      </trkpt>
      <trkpt lat="43.317554891109466552734375" lon="-79.8963276855647563934326171875">
        <ele>145.8000030517578125</ele>
        <time>2025-10-04T17:14:02.000Z</time>
        <extensions>
          <ns3:TrackPointExtension>
            <ns3:hr>130</ns3:hr>
          </ns3:TrackPointExtension>
        </extensions>
      </trkpt>
      <trkpt lat="43.31756293773651123046875" lon="-79.89632642827928066253662109375">
        <ele>146.1999969482421875</ele>
        <time>2025-10-04T17:14:03.000Z</time>
        <extensions>
          <ns3:TrackPointExtension>
            <ns3:hr>129</ns3:hr>
          </ns3:TrackPointExtension>
        </extensions>
      </trkpt>
      <trkpt lat="43.31761113367974758148193359375" lon="-79.8963186331093311309814453125">
        <ele>147.1999969482421875</ele>
        <time>2025-10-04T17:14:09.000Z</time>
        <extensions>
          <ns3:TrackPointExtension>
            <ns3:hr>131</ns3:hr>
          </ns3:TrackPointExtension>
        </extensions>
      </trkpt>
      <trkpt lat="43.3176677115261554718017578125" lon="-79.896359704434871673583984375">
        <ele>147.600006103515625</ele>
        <time>2025-10-04T17:14:17.000Z</time>
        <extensions>
          <ns3:TrackPointExtension>
            <ns3:hr>132</ns3:hr>
          </ns3:TrackPointExtension>
        </extensions>
      </trkpt>
      <trkpt lat="43.31769864074885845184326171875" lon="-79.8964051343500614166259765625">
        <ele>147.600006103515625</ele>
        <time>2025-10-04T17:14:22.000Z</time>
        <extensions>
          <ns3:TrackPointExtension>
            <ns3:hr>135</ns3:hr>
          </ns3:TrackPointExtension>
        </extensions>
      </trkpt>
      <trkpt lat="43.3177153207361698150634765625" lon="-79.896432124078273773193359375">
        <ele>147.399993896484375</ele>
        <time>2025-10-04T17:14:25.000Z</time>
        <extensions>
          <ns3:TrackPointExtension>
            <ns3:hr>131</ns3:hr>
          </ns3:TrackPointExtension>
        </extensions>
      </trkpt>
      <trkpt lat="43.3177532069385051727294921875" lon="-79.89647612906992435455322265625">
        <ele>147</ele>
        <time>2025-10-04T17:14:31.000Z</time>
        <extensions>
          <ns3:TrackPointExtension>
            <ns3:hr>131</ns3:hr>
          </ns3:TrackPointExtension>
        </extensions>
      </trkpt>
      <trkpt lat="43.31779737956821918487548828125" lon="-79.8965197987854480743408203125">
        <ele>146.399993896484375</ele>
        <time>2025-10-04T17:14:37.000Z</time>
        <extensions>
          <ns3:TrackPointExtension>
            <ns3:hr>134</ns3:hr>
          </ns3:TrackPointExtension>
        </extensions>
      </trkpt>
      <trkpt lat="43.31780500710010528564453125" lon="-79.8965285159647464752197265625">
        <ele>146</ele>
        <time>2025-10-04T17:14:38.000Z</time>
        <extensions>
          <ns3:TrackPointExtension>
            <ns3:hr>134</ns3:hr>
          </ns3:TrackPointExtension>
        </extensions>
      </trkpt>
      <trkpt lat="43.317866362631320953369140625" lon="-79.89658006466925144195556640625">
        <ele>145</ele>
        <time>2025-10-04T17:14:46.000Z</time>
        <extensions>
          <ns3:TrackPointExtension>
            <ns3:hr>133</ns3:hr>
          </ns3:TrackPointExtension>
        </extensions>
      </trkpt>
      <trkpt lat="43.317873068153858184814453125" lon="-79.8965814895927906036376953125">
        <ele>144.8000030517578125</ele>
        <time>2025-10-04T17:14:50.000Z</time>
        <extensions>
          <ns3:TrackPointExtension>
            <ns3:hr>130</ns3:hr>
          </ns3:TrackPointExtension>
        </extensions>
      </trkpt>
      <trkpt lat="43.317871727049350738525390625" lon="-79.89658392034471035003662109375">
        <ele>144.8000030517578125</ele>
        <time>2025-10-04T17:14:53.000Z</time>
        <extensions>
          <ns3:TrackPointExtension>
            <ns3:hr>127</ns3:hr>
          </ns3:TrackPointExtension>
        </extensions>
      </trkpt>
      <trkpt lat="43.3178708888590335845947265625" lon="-79.89658601582050323486328125">
        <ele>144.8000030517578125</ele>
        <time>2025-10-04T17:14:59.000Z</time>
        <extensions>
          <ns3:TrackPointExtension>
            <ns3:hr>125</ns3:hr>
          </ns3:TrackPointExtension>
        </extensions>
      </trkpt>
      <trkpt lat="43.317873068153858184814453125" lon="-79.89658542908728122711181640625">
        <ele>144.8000030517578125</ele>
        <time>2025-10-04T17:15:09.000Z</time>
        <extensions>
          <ns3:TrackPointExtension>
            <ns3:hr>127</ns3:hr>
          </ns3:TrackPointExtension>
        </extensions>
      </trkpt>
      <trkpt lat="43.31786259077489376068115234375" lon="-79.89658199250698089599609375">
        <ele>144.8000030517578125</ele>
        <time>2025-10-04T17:15:18.000Z</time>
        <extensions>
          <ns3:TrackPointExtension>
            <ns3:hr>130</ns3:hr>
          </ns3:TrackPointExtension>
        </extensions>
      </trkpt>
      <trkpt lat="43.3178635127842426300048828125" lon="-79.89656916819512844085693359375">
        <ele>144.8000030517578125</ele>
        <time>2025-10-04T17:15:23.000Z</time>
        <extensions>
          <ns3:TrackPointExtension>
            <ns3:hr>127</ns3:hr>
          </ns3:TrackPointExtension>
        </extensions>
      </trkpt>
      <trkpt lat="43.31787717528641223907470703125" lon="-79.8965747840702533721923828125">
        <ele>145</ele>
        <time>2025-10-04T17:15:25.000Z</time>
        <extensions>
          <ns3:TrackPointExtension>
            <ns3:hr>126</ns3:hr>
          </ns3:TrackPointExtension>
        </extensions>
      </trkpt>
      <trkpt lat="43.317962251603603363037109375" lon="-79.89661074243485927581787109375">
        <ele>145.1999969482421875</ele>
        <time>2025-10-04T17:15:37.000Z</time>
        <extensions>
          <ns3:TrackPointExtension>
            <ns3:hr>124</ns3:hr>
          </ns3:TrackPointExtension>
        </extensions>
      </trkpt>
      <trkpt lat="43.31800340674817562103271484375" lon="-79.8966649733483791351318359375">
        <ele>145.600006103515625</ele>
        <time>2025-10-04T17:15:42.000Z</time>
        <extensions>
          <ns3:TrackPointExtension>
            <ns3:hr>127</ns3:hr>
          </ns3:TrackPointExtension>
        </extensions>
      </trkpt>
      <trkpt lat="43.318025954067707061767578125" lon="-79.89667989313602447509765625">
        <ele>145.600006103515625</ele>
        <time>2025-10-04T17:15:44.000Z</time>
        <extensions>
          <ns3:TrackPointExtension>
            <ns3:hr>129</ns3:hr>
          </ns3:TrackPointExtension>
        </extensions>
      </trkpt>
      <trkpt lat="43.31804732792079448699951171875" lon="-79.89671149291098117828369140625">
        <ele>146</ele>
        <time>2025-10-04T17:15:47.000Z</time>
        <extensions>
          <ns3:TrackPointExtension>
            <ns3:hr>130</ns3:hr>
          </ns3:TrackPointExtension>
        </extensions>
      </trkpt>
      <trkpt lat="43.31806275062263011932373046875" lon="-79.8967256583273410797119140625">
        <ele>146.1999969482421875</ele>
        <time>2025-10-04T17:15:49.000Z</time>
        <extensions>
          <ns3:TrackPointExtension>
            <ns3:hr>132</ns3:hr>
          </ns3:TrackPointExtension>
        </extensions>
      </trkpt>
      <trkpt lat="43.31813089549541473388671875" lon="-79.8967578448355197906494140625">
        <ele>146.600006103515625</ele>
        <time>2025-10-04T17:15:57.000Z</time>
        <extensions>
          <ns3:TrackPointExtension>
            <ns3:hr>129</ns3:hr>
          </ns3:TrackPointExtension>
        </extensions>
      </trkpt>
      <trkpt lat="43.31814573146402835845947265625" lon="-79.896770417690277099609375">
        <ele>147</ele>
        <time>2025-10-04T17:15:59.000Z</time>
        <extensions>
          <ns3:TrackPointExtension>
            <ns3:hr>123</ns3:hr>
          </ns3:TrackPointExtension>
        </extensions>
      </trkpt>
      <trkpt lat="43.3181491680443286895751953125" lon="-79.89677703939378261566162109375">
        <ele>147.1999969482421875</ele>
        <time>2025-10-04T17:16:00.000Z</time>
        <extensions>
          <ns3:TrackPointExtension>
            <ns3:hr>121</ns3:hr>
          </ns3:TrackPointExtension>
        </extensions>
      </trkpt>
      <trkpt lat="43.31815545447170734405517578125" lon="-79.8967933841049671173095703125">
        <ele>147.399993896484375</ele>
        <time>2025-10-04T17:16:01.000Z</time>
        <extensions>
          <ns3:TrackPointExtension>
            <ns3:hr>121</ns3:hr>
          </ns3:TrackPointExtension>
        </extensions>
      </trkpt>
      <trkpt lat="43.31821882165968418121337890625" lon="-79.8970062844455242156982421875">
        <ele>147.600006103515625</ele>
        <time>2025-10-04T17:16:16.000Z</time>
        <extensions>
          <ns3:TrackPointExtension>
            <ns3:hr>124</ns3:hr>
          </ns3:TrackPointExtension>
        </extensions>
      </trkpt>
      <trkpt lat="43.31827850081026554107666015625" lon="-79.89710812456905841827392578125">
        <ele>146.600006103515625</ele>
        <time>2025-10-04T17:16:24.000Z</time>
        <extensions>
          <ns3:TrackPointExtension>
            <ns3:hr>127</ns3:hr>
          </ns3:TrackPointExtension>
        </extensions>
      </trkpt>
      <trkpt lat="43.31829124130308628082275390625" lon="-79.8971286602318286895751953125">
        <ele>146.1999969482421875</ele>
        <time>2025-10-04T17:16:28.000Z</time>
        <extensions>
          <ns3:TrackPointExtension>
            <ns3:hr>125</ns3:hr>
          </ns3:TrackPointExtension>
        </extensions>
      </trkpt>
      <trkpt lat="43.31830984912812709808349609375" lon="-79.89714332856237888336181640625">
        <ele>146</ele>
        <time>2025-10-04T17:16:32.000Z</time>
        <extensions>
          <ns3:TrackPointExtension>
            <ns3:hr>122</ns3:hr>
          </ns3:TrackPointExtension>
        </extensions>
      </trkpt>
      <trkpt lat="43.31832611002027988433837890625" lon="-79.89714148454368114471435546875">
        <ele>146</ele>
        <time>2025-10-04T17:16:37.000Z</time>
        <extensions>
          <ns3:TrackPointExtension>
            <ns3:hr>119</ns3:hr>
          </ns3:TrackPointExtension>
        </extensions>
      </trkpt>
      <trkpt lat="43.318339772522449493408203125" lon="-79.8971491120755672454833984375">
        <ele>146</ele>
        <time>2025-10-04T17:16:40.000Z</time>
        <extensions>
          <ns3:TrackPointExtension>
            <ns3:hr>118</ns3:hr>
          </ns3:TrackPointExtension>
        </extensions>
      </trkpt>
      <trkpt lat="43.318348824977874755859375" lon="-79.89715925417840480804443359375">
        <ele>146</ele>
        <time>2025-10-04T17:16:47.000Z</time>
        <extensions>
          <ns3:TrackPointExtension>
            <ns3:hr>121</ns3:hr>
          </ns3:TrackPointExtension>
        </extensions>
      </trkpt>
      <trkpt lat="43.31833817996084690093994140625" lon="-79.89719395525753498077392578125">
        <ele>146</ele>
        <time>2025-10-04T17:16:50.000Z</time>
        <extensions>
          <ns3:TrackPointExtension>
            <ns3:hr>124</ns3:hr>
          </ns3:TrackPointExtension>
        </extensions>
      </trkpt>
      <trkpt lat="43.31833549775183200836181640625" lon="-79.8972000740468502044677734375">
        <ele>146</ele>
        <time>2025-10-04T17:16:51.000Z</time>
        <extensions>
          <ns3:TrackPointExtension>
            <ns3:hr>127</ns3:hr>
          </ns3:TrackPointExtension>
        </extensions>
      </trkpt>
      <trkpt lat="43.31827162764966487884521484375" lon="-79.89725229330360889434814453125">
        <ele>145.8000030517578125</ele>
        <time>2025-10-04T17:17:00.000Z</time>
        <extensions>
          <ns3:TrackPointExtension>
            <ns3:hr>128</ns3:hr>
          </ns3:TrackPointExtension>
        </extensions>
      </trkpt>
      <trkpt lat="43.31825025379657745361328125" lon="-79.89724743179976940155029296875">
        <ele>145.8000030517578125</ele>
        <time>2025-10-04T17:17:02.000Z</time>
        <extensions>
          <ns3:TrackPointExtension>
            <ns3:hr>129</ns3:hr>
          </ns3:TrackPointExtension>
        </extensions>
      </trkpt>
      <trkpt lat="43.3181528560817241668701171875" lon="-79.8972302488982677459716796875">
        <ele>145.8000030517578125</ele>
        <time>2025-10-04T17:17:13.000Z</time>
        <extensions>
          <ns3:TrackPointExtension>
            <ns3:hr>130</ns3:hr>
          </ns3:TrackPointExtension>
        </extensions>
      </trkpt>
      <trkpt lat="43.31805403344333171844482421875" lon="-79.89732169546186923980712890625">
        <ele>147.1999969482421875</ele>
        <time>2025-10-04T17:17:25.000Z</time>
        <extensions>
          <ns3:TrackPointExtension>
            <ns3:hr>125</ns3:hr>
          </ns3:TrackPointExtension>
        </extensions>
      </trkpt>
      <trkpt lat="43.31804699264466762542724609375" lon="-79.89732823334634304046630859375">
        <ele>147.399993896484375</ele>
        <time>2025-10-04T17:17:26.000Z</time>
        <extensions>
          <ns3:TrackPointExtension>
            <ns3:hr>125</ns3:hr>
          </ns3:TrackPointExtension>
        </extensions>
      </trkpt>
      <trkpt lat="43.31801866181194782257080078125" lon="-79.89733678288757801055908203125">
        <ele>147.8000030517578125</ele>
        <time>2025-10-04T17:17:29.000Z</time>
        <extensions>
          <ns3:TrackPointExtension>
            <ns3:hr>122</ns3:hr>
          </ns3:TrackPointExtension>
        </extensions>
      </trkpt>
      <trkpt lat="43.3179909177124500274658203125" lon="-79.89736058749258518218994140625">
        <ele>148.399993896484375</ele>
        <time>2025-10-04T17:17:32.000Z</time>
        <extensions>
          <ns3:TrackPointExtension>
            <ns3:hr>122</ns3:hr>
          </ns3:TrackPointExtension>
        </extensions>
      </trkpt>
      <trkpt lat="43.31796267069876194000244140625" lon="-79.89739478565752506256103515625">
        <ele>149</ele>
        <time>2025-10-04T17:17:37.000Z</time>
        <extensions>
          <ns3:TrackPointExtension>
            <ns3:hr>123</ns3:hr>
          </ns3:TrackPointExtension>
        </extensions>
      </trkpt>
      <trkpt lat="43.31795244477689266204833984375" lon="-79.8974116332828998565673828125">
        <ele>149.399993896484375</ele>
        <time>2025-10-04T17:17:39.000Z</time>
        <extensions>
          <ns3:TrackPointExtension>
            <ns3:hr>123</ns3:hr>
          </ns3:TrackPointExtension>
        </extensions>
      </trkpt>
      <trkpt lat="43.317951858043670654296875" lon="-79.89750207401812076568603515625">
        <ele>150.600006103515625</ele>
        <time>2025-10-04T17:17:45.000Z</time>
        <extensions>
          <ns3:TrackPointExtension>
            <ns3:hr>123</ns3:hr>
          </ns3:TrackPointExtension>
        </extensions>
      </trkpt>
      <trkpt lat="43.31795512698590755462646484375" lon="-79.89755856804549694061279296875">
        <ele>151.399993896484375</ele>
        <time>2025-10-04T17:17:49.000Z</time>
        <extensions>
          <ns3:TrackPointExtension>
            <ns3:hr>121</ns3:hr>
          </ns3:TrackPointExtension>
        </extensions>
      </trkpt>
      <trkpt lat="43.3179531991481781005859375" lon="-79.8975900001823902130126953125">
        <ele>151.600006103515625</ele>
        <time>2025-10-04T17:17:51.000Z</time>
        <extensions>
          <ns3:TrackPointExtension>
            <ns3:hr>124</ns3:hr>
          </ns3:TrackPointExtension>
        </extensions>
      </trkpt>
      <trkpt lat="43.31795747391879558563232421875" lon="-79.89769200794398784637451171875">
        <ele>152.600006103515625</ele>
        <time>2025-10-04T17:17:58.000Z</time>
        <extensions>
          <ns3:TrackPointExtension>
            <ns3:hr>125</ns3:hr>
          </ns3:TrackPointExtension>
        </extensions>
      </trkpt>
      <trkpt lat="43.317953534424304962158203125" lon="-79.89775252528488636016845703125">
        <ele>153.600006103515625</ele>
        <time>2025-10-04T17:18:03.000Z</time>
        <extensions>
          <ns3:TrackPointExtension>
            <ns3:hr>122</ns3:hr>
          </ns3:TrackPointExtension>
        </extensions>
      </trkpt>
      <trkpt lat="43.31795361824333667755126953125" lon="-79.89776358939707279205322265625">
        <ele>154</ele>
        <time>2025-10-04T17:18:04.000Z</time>
        <extensions>
          <ns3:TrackPointExtension>
            <ns3:hr>122</ns3:hr>
          </ns3:TrackPointExtension>
        </extensions>
      </trkpt>
      <trkpt lat="43.31797155551612377166748046875" lon="-79.89781924523413181304931640625">
        <ele>155</ele>
        <time>2025-10-04T17:18:09.000Z</time>
        <extensions>
          <ns3:TrackPointExtension>
            <ns3:hr>125</ns3:hr>
          </ns3:TrackPointExtension>
        </extensions>
      </trkpt>
      <trkpt lat="43.317976333200931549072265625" lon="-79.89783064462244510650634765625">
        <ele>155.1999969482421875</ele>
        <time>2025-10-04T17:18:10.000Z</time>
        <extensions>
          <ns3:TrackPointExtension>
            <ns3:hr>127</ns3:hr>
          </ns3:TrackPointExtension>
        </extensions>
      </trkpt>
      <trkpt lat="43.31798345781862735748291015625" lon="-79.89785059355199337005615234375">
        <ele>155.399993896484375</ele>
        <time>2025-10-04T17:18:12.000Z</time>
        <extensions>
          <ns3:TrackPointExtension>
            <ns3:hr>130</ns3:hr>
          </ns3:TrackPointExtension>
        </extensions>
      </trkpt>
      <trkpt lat="43.31799142062664031982421875" lon="-79.8978813551366329193115234375">
        <ele>155.600006103515625</ele>
        <time>2025-10-04T17:18:15.000Z</time>
        <extensions>
          <ns3:TrackPointExtension>
            <ns3:hr>134</ns3:hr>
          </ns3:TrackPointExtension>
        </extensions>
      </trkpt>
      <trkpt lat="43.31799142062664031982421875" lon="-79.8978971131145954132080078125">
        <ele>155.8000030517578125</ele>
        <time>2025-10-04T17:18:16.000Z</time>
        <extensions>
          <ns3:TrackPointExtension>
            <ns3:hr>136</ns3:hr>
          </ns3:TrackPointExtension>
        </extensions>
      </trkpt>
      <trkpt lat="43.3179982937872409820556640625" lon="-79.8979251086711883544921875">
        <ele>156</ele>
        <time>2025-10-04T17:18:18.000Z</time>
        <extensions>
          <ns3:TrackPointExtension>
            <ns3:hr>140</ns3:hr>
          </ns3:TrackPointExtension>
        </extensions>
      </trkpt>
      <trkpt lat="43.31800214946269989013671875" lon="-79.89793508313596248626708984375">
        <ele>156.1999969482421875</ele>
        <time>2025-10-04T17:18:19.000Z</time>
        <extensions>
          <ns3:TrackPointExtension>
            <ns3:hr>141</ns3:hr>
          </ns3:TrackPointExtension>
        </extensions>
      </trkpt>
      <trkpt lat="43.31805017776787281036376953125" lon="-79.8980074189603328704833984375">
        <ele>157.1999969482421875</ele>
        <time>2025-10-04T17:18:27.000Z</time>
        <extensions>
          <ns3:TrackPointExtension>
            <ns3:hr>145</ns3:hr>
          </ns3:TrackPointExtension>
        </extensions>
      </trkpt>
      <trkpt lat="43.318071551620960235595703125" lon="-79.89803013391792774200439453125">
        <ele>157.1999969482421875</ele>
        <time>2025-10-04T17:18:30.000Z</time>
        <extensions>
          <ns3:TrackPointExtension>
            <ns3:hr>150</ns3:hr>
          </ns3:TrackPointExtension>
        </extensions>
      </trkpt>
      <trkpt lat="43.3180774189531803131103515625" lon="-79.89803767763078212738037109375">
        <ele>157.399993896484375</ele>
        <time>2025-10-04T17:18:31.000Z</time>
        <extensions>
          <ns3:TrackPointExtension>
            <ns3:hr>149</ns3:hr>
          </ns3:TrackPointExtension>
        </extensions>
      </trkpt>
      <trkpt lat="43.3181329071521759033203125" lon="-79.8981023021042346954345703125">
        <ele>158.1999969482421875</ele>
        <time>2025-10-04T17:18:39.000Z</time>
        <extensions>
          <ns3:TrackPointExtension>
            <ns3:hr>145</ns3:hr>
          </ns3:TrackPointExtension>
        </extensions>
      </trkpt>
      <trkpt lat="43.3181719668209552764892578125" lon="-79.89812619052827358245849609375">
        <ele>158.399993896484375</ele>
        <time>2025-10-04T17:18:43.000Z</time>
        <extensions>
          <ns3:TrackPointExtension>
            <ns3:hr>144</ns3:hr>
          </ns3:TrackPointExtension>
        </extensions>
      </trkpt>
      <trkpt lat="43.31819401122629642486572265625" lon="-79.8981334827840328216552734375">
        <ele>158.600006103515625</ele>
        <time>2025-10-04T17:18:45.000Z</time>
        <extensions>
          <ns3:TrackPointExtension>
            <ns3:hr>143</ns3:hr>
          </ns3:TrackPointExtension>
        </extensions>
      </trkpt>
      <trkpt lat="43.31822033040225505828857421875" lon="-79.89815452136099338531494140625">
        <ele>158.600006103515625</ele>
        <time>2025-10-04T17:18:47.000Z</time>
        <extensions>
          <ns3:TrackPointExtension>
            <ns3:hr>143</ns3:hr>
          </ns3:TrackPointExtension>
        </extensions>
      </trkpt>
      <trkpt lat="43.31823952496051788330078125" lon="-79.89816525019705295562744140625">
        <ele>158.600006103515625</ele>
        <time>2025-10-04T17:18:49.000Z</time>
        <extensions>
          <ns3:TrackPointExtension>
            <ns3:hr>139</ns3:hr>
          </ns3:TrackPointExtension>
        </extensions>
      </trkpt>
      <trkpt lat="43.31826525740325450897216796875" lon="-79.89819542504847049713134765625">
        <ele>158.600006103515625</ele>
        <time>2025-10-04T17:18:52.000Z</time>
        <extensions>
          <ns3:TrackPointExtension>
            <ns3:hr>135</ns3:hr>
          </ns3:TrackPointExtension>
        </extensions>
      </trkpt>
      <trkpt lat="43.31827296875417232513427734375" lon="-79.89820280112326145172119140625">
        <ele>158.8000030517578125</ele>
        <time>2025-10-04T17:18:53.000Z</time>
        <extensions>
          <ns3:TrackPointExtension>
            <ns3:hr>130</ns3:hr>
          </ns3:TrackPointExtension>
        </extensions>
      </trkpt>
      <trkpt lat="43.3182804286479949951171875" lon="-79.89821151830255985260009765625">
        <ele>158.8000030517578125</ele>
        <time>2025-10-04T17:18:54.000Z</time>
        <extensions>
          <ns3:TrackPointExtension>
            <ns3:hr>127</ns3:hr>
          </ns3:TrackPointExtension>
        </extensions>
      </trkpt>
      <trkpt lat="43.31833164207637310028076171875" lon="-79.89825661294162273406982421875">
        <ele>159.399993896484375</ele>
        <time>2025-10-04T17:19:00.000Z</time>
        <extensions>
          <ns3:TrackPointExtension>
            <ns3:hr>125</ns3:hr>
          </ns3:TrackPointExtension>
        </extensions>
      </trkpt>
      <trkpt lat="43.31833952106535434722900390625" lon="-79.8982659168541431427001953125">
        <ele>159.600006103515625</ele>
        <time>2025-10-04T17:19:01.000Z</time>
        <extensions>
          <ns3:TrackPointExtension>
            <ns3:hr>125</ns3:hr>
          </ns3:TrackPointExtension>
        </extensions>
      </trkpt>
      <trkpt lat="43.31839215941727161407470703125" lon="-79.8983205668628215789794921875">
        <ele>160.1999969482421875</ele>
        <time>2025-10-04T17:19:07.000Z</time>
        <extensions>
          <ns3:TrackPointExtension>
            <ns3:hr>130</ns3:hr>
          </ns3:TrackPointExtension>
        </extensions>
      </trkpt>
      <trkpt lat="43.31840087659657001495361328125" lon="-79.8983272723853588104248046875">
        <ele>160.399993896484375</ele>
        <time>2025-10-04T17:19:08.000Z</time>
        <extensions>
          <ns3:TrackPointExtension>
            <ns3:hr>130</ns3:hr>
          </ns3:TrackPointExtension>
        </extensions>
      </trkpt>
      <trkpt lat="43.31841344945132732391357421875" lon="-79.898340515792369842529296875">
        <ele>160.600006103515625</ele>
        <time>2025-10-04T17:19:10.000Z</time>
        <extensions>
          <ns3:TrackPointExtension>
            <ns3:hr>130</ns3:hr>
          </ns3:TrackPointExtension>
        </extensions>
      </trkpt>
      <trkpt lat="43.31844094209372997283935546875" lon="-79.89836163818836212158203125">
        <ele>161.1999969482421875</ele>
        <time>2025-10-04T17:19:14.000Z</time>
        <extensions>
          <ns3:TrackPointExtension>
            <ns3:hr>133</ns3:hr>
          </ns3:TrackPointExtension>
        </extensions>
      </trkpt>
      <trkpt lat="43.3184494078159332275390625" lon="-79.8983641527593135833740234375">
        <ele>161.399993896484375</ele>
        <time>2025-10-04T17:19:15.000Z</time>
        <extensions>
          <ns3:TrackPointExtension>
            <ns3:hr>135</ns3:hr>
          </ns3:TrackPointExtension>
        </extensions>
      </trkpt>
      <trkpt lat="43.318457119166851043701171875" lon="-79.89837060682475566864013671875">
        <ele>161.600006103515625</ele>
        <time>2025-10-04T17:19:16.000Z</time>
        <extensions>
          <ns3:TrackPointExtension>
            <ns3:hr>135</ns3:hr>
          </ns3:TrackPointExtension>
        </extensions>
      </trkpt>
      <trkpt lat="43.3185347355902194976806640625" lon="-79.89842106588184833526611328125">
        <ele>162.8000030517578125</ele>
        <time>2025-10-04T17:19:24.000Z</time>
        <extensions>
          <ns3:TrackPointExtension>
            <ns3:hr>135</ns3:hr>
          </ns3:TrackPointExtension>
        </extensions>
      </trkpt>
      <trkpt lat="43.31859902478754520416259765625" lon="-79.89847940392792224884033203125">
        <ele>163.8000030517578125</ele>
        <time>2025-10-04T17:19:30.000Z</time>
        <extensions>
          <ns3:TrackPointExtension>
            <ns3:hr>136</ns3:hr>
          </ns3:TrackPointExtension>
        </extensions>
      </trkpt>
      <trkpt lat="43.318654596805572509765625" lon="-79.898559786379337310791015625">
        <ele>164.8000030517578125</ele>
        <time>2025-10-04T17:19:41.000Z</time>
        <extensions>
          <ns3:TrackPointExtension>
            <ns3:hr>135</ns3:hr>
          </ns3:TrackPointExtension>
        </extensions>
      </trkpt>
      <trkpt lat="43.318654596805572509765625" lon="-79.8985602892935276031494140625">
        <ele>165</ele>
        <time>2025-10-04T17:19:42.000Z</time>
        <extensions>
          <ns3:TrackPointExtension>
            <ns3:hr>135</ns3:hr>
          </ns3:TrackPointExtension>
        </extensions>
      </trkpt>
      <trkpt lat="43.31863003782927989959716796875" lon="-79.89862642250955104827880859375">
        <ele>165.399993896484375</ele>
        <time>2025-10-04T17:19:54.000Z</time>
        <extensions>
          <ns3:TrackPointExtension>
            <ns3:hr>134</ns3:hr>
          </ns3:TrackPointExtension>
        </extensions>
      </trkpt>
      <trkpt lat="43.31859500147402286529541015625" lon="-79.8987322859466075897216796875">
        <ele>164</ele>
        <time>2025-10-04T17:20:07.000Z</time>
        <extensions>
          <ns3:TrackPointExtension>
            <ns3:hr>131</ns3:hr>
          </ns3:TrackPointExtension>
        </extensions>
      </trkpt>
      <trkpt lat="43.3185910619795322418212890625" lon="-79.8987386561930179595947265625">
        <ele>164</ele>
        <time>2025-10-04T17:20:08.000Z</time>
        <extensions>
          <ns3:TrackPointExtension>
            <ns3:hr>132</ns3:hr>
          </ns3:TrackPointExtension>
        </extensions>
      </trkpt>
      <trkpt lat="43.318576477468013763427734375" lon="-79.8987698368728160858154296875">
        <ele>163.8000030517578125</ele>
        <time>2025-10-04T17:20:11.000Z</time>
        <extensions>
          <ns3:TrackPointExtension>
            <ns3:hr>130</ns3:hr>
          </ns3:TrackPointExtension>
        </extensions>
      </trkpt>
      <trkpt lat="43.31852392293512821197509765625" lon="-79.898873604834079742431640625">
        <ele>163.600006103515625</ele>
        <time>2025-10-04T17:20:19.000Z</time>
        <extensions>
          <ns3:TrackPointExtension>
            <ns3:hr>128</ns3:hr>
          </ns3:TrackPointExtension>
        </extensions>
      </trkpt>
      <trkpt lat="43.3185199834406375885009765625" lon="-79.89890403114259243011474609375">
        <ele>163.600006103515625</ele>
        <time>2025-10-04T17:20:21.000Z</time>
        <extensions>
          <ns3:TrackPointExtension>
            <ns3:hr>130</ns3:hr>
          </ns3:TrackPointExtension>
        </extensions>
      </trkpt>
      <trkpt lat="43.31851721741259098052978515625" lon="-79.8990632034838199615478515625">
        <ele>163.600006103515625</ele>
        <time>2025-10-04T17:20:34.000Z</time>
        <extensions>
          <ns3:TrackPointExtension>
            <ns3:hr>130</ns3:hr>
          </ns3:TrackPointExtension>
        </extensions>
      </trkpt>
      <trkpt lat="43.31852057017385959625244140625" lon="-79.8991513811051845550537109375">
        <ele>162.600006103515625</ele>
        <time>2025-10-04T17:20:44.000Z</time>
        <extensions>
          <ns3:TrackPointExtension>
            <ns3:hr>130</ns3:hr>
          </ns3:TrackPointExtension>
        </extensions>
      </trkpt>
      <trkpt lat="43.31851118244230747222900390625" lon="-79.8991885967552661895751953125">
        <ele>161.8000030517578125</ele>
        <time>2025-10-04T17:20:49.000Z</time>
        <extensions>
          <ns3:TrackPointExtension>
            <ns3:hr>130</ns3:hr>
          </ns3:TrackPointExtension>
        </extensions>
      </trkpt>
      <trkpt lat="43.31850581802427768707275390625" lon="-79.8991937935352325439453125">
        <ele>161.600006103515625</ele>
        <time>2025-10-04T17:20:50.000Z</time>
        <extensions>
          <ns3:TrackPointExtension>
            <ns3:hr>128</ns3:hr>
          </ns3:TrackPointExtension>
        </extensions>
      </trkpt>
      <trkpt lat="43.31848301924765110015869140625" lon="-79.89921801723539829254150390625">
        <ele>160.399993896484375</ele>
        <time>2025-10-04T17:20:55.000Z</time>
        <extensions>
          <ns3:TrackPointExtension>
            <ns3:hr>123</ns3:hr>
          </ns3:TrackPointExtension>
        </extensions>
      </trkpt>
      <trkpt lat="43.31847446970641613006591796875" lon="-79.89922388456761837005615234375">
        <ele>160</ele>
        <time>2025-10-04T17:20:57.000Z</time>
        <extensions>
          <ns3:TrackPointExtension>
            <ns3:hr>120</ns3:hr>
          </ns3:TrackPointExtension>
        </extensions>
      </trkpt>
      <trkpt lat="43.31844865344464778900146484375" lon="-79.899223633110523223876953125">
        <ele>159.600006103515625</ele>
        <time>2025-10-04T17:21:02.000Z</time>
        <extensions>
          <ns3:TrackPointExtension>
            <ns3:hr>118</ns3:hr>
          </ns3:TrackPointExtension>
        </extensions>
      </trkpt>
      <trkpt lat="43.31844463013112545013427734375" lon="-79.89921952597796916961669921875">
        <ele>159.399993896484375</ele>
        <time>2025-10-04T17:21:03.000Z</time>
        <extensions>
          <ns3:TrackPointExtension>
            <ns3:hr>118</ns3:hr>
          </ns3:TrackPointExtension>
        </extensions>
      </trkpt>
      <trkpt lat="43.31838226877152919769287109375" lon="-79.89919102750718593597412109375">
        <ele>158.399993896484375</ele>
        <time>2025-10-04T17:21:11.000Z</time>
        <extensions>
          <ns3:TrackPointExtension>
            <ns3:hr>118</ns3:hr>
          </ns3:TrackPointExtension>
        </extensions>
      </trkpt>
      <trkpt lat="43.31834857352077960968017578125" lon="-79.8991750180721282958984375">
        <ele>157.600006103515625</ele>
        <time>2025-10-04T17:21:16.000Z</time>
        <extensions>
          <ns3:TrackPointExtension>
            <ns3:hr>117</ns3:hr>
          </ns3:TrackPointExtension>
        </extensions>
      </trkpt>
      <trkpt lat="43.318328373134136199951171875" lon="-79.89917996339499950408935546875">
        <ele>157.399993896484375</ele>
        <time>2025-10-04T17:21:18.000Z</time>
        <extensions>
          <ns3:TrackPointExtension>
            <ns3:hr>115</ns3:hr>
          </ns3:TrackPointExtension>
        </extensions>
      </trkpt>
      <trkpt lat="43.3182777464389801025390625" lon="-79.899203516542911529541015625">
        <ele>157</ele>
        <time>2025-10-04T17:21:24.000Z</time>
        <extensions>
          <ns3:TrackPointExtension>
            <ns3:hr>111</ns3:hr>
          </ns3:TrackPointExtension>
        </extensions>
      </trkpt>
      <trkpt lat="43.3182524330914020538330078125" lon="-79.89923796616494655609130859375">
        <ele>156.8000030517578125</ele>
        <time>2025-10-04T17:21:28.000Z</time>
        <extensions>
          <ns3:TrackPointExtension>
            <ns3:hr>110</ns3:hr>
          </ns3:TrackPointExtension>
        </extensions>
      </trkpt>
      <trkpt lat="43.3181753195822238922119140625" lon="-79.89929907023906707763671875">
        <ele>158.600006103515625</ele>
        <time>2025-10-04T17:21:41.000Z</time>
        <extensions>
          <ns3:TrackPointExtension>
            <ns3:hr>108</ns3:hr>
          </ns3:TrackPointExtension>
        </extensions>
      </trkpt>
      <trkpt lat="43.318166099488735198974609375" lon="-79.89930418320000171661376953125">
        <ele>158.8000030517578125</ele>
        <time>2025-10-04T17:21:42.000Z</time>
        <extensions>
          <ns3:TrackPointExtension>
            <ns3:hr>110</ns3:hr>
          </ns3:TrackPointExtension>
        </extensions>
      </trkpt>
      <trkpt lat="43.318121172487735748291015625" lon="-79.899350702762603759765625">
        <ele>159.600006103515625</ele>
        <time>2025-10-04T17:21:47.000Z</time>
        <extensions>
          <ns3:TrackPointExtension>
            <ns3:hr>111</ns3:hr>
          </ns3:TrackPointExtension>
        </extensions>
      </trkpt>
      <trkpt lat="43.318038694560527801513671875" lon="-79.89944332279264926910400390625">
        <ele>160.8000030517578125</ele>
        <time>2025-10-04T17:21:56.000Z</time>
        <extensions>
          <ns3:TrackPointExtension>
            <ns3:hr>113</ns3:hr>
          </ns3:TrackPointExtension>
        </extensions>
      </trkpt>
      <trkpt lat="43.31801882945001125335693359375" lon="-79.89946813322603702545166015625">
        <ele>161</ele>
        <time>2025-10-04T17:21:58.000Z</time>
        <extensions>
          <ns3:TrackPointExtension>
            <ns3:hr>113</ns3:hr>
          </ns3:TrackPointExtension>
        </extensions>
      </trkpt>
      <trkpt lat="43.31794339232146739959716796875" lon="-79.89954323507845401763916015625">
        <ele>161.8000030517578125</ele>
        <time>2025-10-04T17:22:06.000Z</time>
        <extensions>
          <ns3:TrackPointExtension>
            <ns3:hr>114</ns3:hr>
          </ns3:TrackPointExtension>
        </extensions>
      </trkpt>
      <trkpt lat="43.317881114780902862548828125" lon="-79.89958195947110652923583984375">
        <ele>162.399993896484375</ele>
        <time>2025-10-04T17:22:11.000Z</time>
        <extensions>
          <ns3:TrackPointExtension>
            <ns3:hr>113</ns3:hr>
          </ns3:TrackPointExtension>
        </extensions>
      </trkpt>
      <trkpt lat="43.31776234321296215057373046875" lon="-79.89972026087343692779541015625">
        <ele>162.1999969482421875</ele>
        <time>2025-10-04T17:22:23.000Z</time>
        <extensions>
          <ns3:TrackPointExtension>
            <ns3:hr>113</ns3:hr>
          </ns3:TrackPointExtension>
        </extensions>
      </trkpt>
      <trkpt lat="43.31772328354418277740478515625" lon="-79.89982168190181255340576171875">
        <ele>161.600006103515625</ele>
        <time>2025-10-04T17:22:31.000Z</time>
        <extensions>
          <ns3:TrackPointExtension>
            <ns3:hr>117</ns3:hr>
          </ns3:TrackPointExtension>
        </extensions>
      </trkpt>
      <trkpt lat="43.31771121360361576080322265625" lon="-79.89985386840999126434326171875">
        <ele>161.399993896484375</ele>
        <time>2025-10-04T17:22:34.000Z</time>
        <extensions>
          <ns3:TrackPointExtension>
            <ns3:hr>117</ns3:hr>
          </ns3:TrackPointExtension>
        </extensions>
      </trkpt>
      <trkpt lat="43.317671231925487518310546875" lon="-79.8999362625181674957275390625">
        <ele>160.600006103515625</ele>
        <time>2025-10-04T17:22:41.000Z</time>
        <extensions>
          <ns3:TrackPointExtension>
            <ns3:hr>116</ns3:hr>
          </ns3:TrackPointExtension>
        </extensions>
      </trkpt>
      <trkpt lat="43.31762638874351978302001953125" lon="-79.89998948760330677032470703125">
        <ele>159.600006103515625</ele>
        <time>2025-10-04T17:22:46.000Z</time>
        <extensions>
          <ns3:TrackPointExtension>
            <ns3:hr>115</ns3:hr>
          </ns3:TrackPointExtension>
        </extensions>
      </trkpt>
      <trkpt lat="43.31761582754552364349365234375" lon="-79.90000046789646148681640625">
        <ele>159.399993896484375</ele>
        <time>2025-10-04T17:22:47.000Z</time>
        <extensions>
          <ns3:TrackPointExtension>
            <ns3:hr>115</ns3:hr>
          </ns3:TrackPointExtension>
        </extensions>
      </trkpt>
      <trkpt lat="43.317581377923488616943359375" lon="-79.9000453948974609375">
        <ele>159.1999969482421875</ele>
        <time>2025-10-04T17:22:51.000Z</time>
        <extensions>
          <ns3:TrackPointExtension>
            <ns3:hr>112</ns3:hr>
          </ns3:TrackPointExtension>
        </extensions>
      </trkpt>
      <trkpt lat="43.31756201572716236114501953125" lon="-79.90007146261632442474365234375">
        <ele>159.1999969482421875</ele>
        <time>2025-10-04T17:22:54.000Z</time>
        <extensions>
          <ns3:TrackPointExtension>
            <ns3:hr>109</ns3:hr>
          </ns3:TrackPointExtension>
        </extensions>
      </trkpt>
      <trkpt lat="43.31752463243901729583740234375" lon="-79.90013784728944301605224609375">
        <ele>159.399993896484375</ele>
        <time>2025-10-04T17:23:01.000Z</time>
        <extensions>
          <ns3:TrackPointExtension>
            <ns3:hr>108</ns3:hr>
          </ns3:TrackPointExtension>
        </extensions>
      </trkpt>
      <trkpt lat="43.317466713488101959228515625" lon="-79.90019266493618488311767578125">
        <ele>160.600006103515625</ele>
        <time>2025-10-04T17:23:08.000Z</time>
        <extensions>
          <ns3:TrackPointExtension>
            <ns3:hr>110</ns3:hr>
          </ns3:TrackPointExtension>
        </extensions>
      </trkpt>
      <trkpt lat="43.3174457587301731109619140625" lon="-79.90025485865771770477294921875">
        <ele>161.600006103515625</ele>
        <time>2025-10-04T17:23:13.000Z</time>
        <extensions>
          <ns3:TrackPointExtension>
            <ns3:hr>110</ns3:hr>
          </ns3:TrackPointExtension>
        </extensions>
      </trkpt>
      <trkpt lat="43.31743620336055755615234375" lon="-79.9002849496901035308837890625">
        <ele>161.8000030517578125</ele>
        <time>2025-10-04T17:23:15.000Z</time>
        <extensions>
          <ns3:TrackPointExtension>
            <ns3:hr>110</ns3:hr>
          </ns3:TrackPointExtension>
        </extensions>
      </trkpt>
      <trkpt lat="43.317395634949207305908203125" lon="-79.90043121390044689178466796875">
        <ele>162.399993896484375</ele>
        <time>2025-10-04T17:23:26.000Z</time>
        <extensions>
          <ns3:TrackPointExtension>
            <ns3:hr>108</ns3:hr>
          </ns3:TrackPointExtension>
        </extensions>
      </trkpt>
      <trkpt lat="43.31737325526773929595947265625" lon="-79.90049189887940883636474609375">
        <ele>162.399993896484375</ele>
        <time>2025-10-04T17:23:31.000Z</time>
        <extensions>
          <ns3:TrackPointExtension>
            <ns3:hr>105</ns3:hr>
          </ns3:TrackPointExtension>
        </extensions>
      </trkpt>
      <trkpt lat="43.3173642866313457489013671875" lon="-79.900529868900775909423828125">
        <ele>162.8000030517578125</ele>
        <time>2025-10-04T17:23:34.000Z</time>
        <extensions>
          <ns3:TrackPointExtension>
            <ns3:hr>104</ns3:hr>
          </ns3:TrackPointExtension>
        </extensions>
      </trkpt>
      <trkpt lat="43.31732782535254955291748046875" lon="-79.90060036070644855499267578125">
        <ele>162.8000030517578125</ele>
        <time>2025-10-04T17:23:40.000Z</time>
        <extensions>
          <ns3:TrackPointExtension>
            <ns3:hr>106</ns3:hr>
          </ns3:TrackPointExtension>
        </extensions>
      </trkpt>
      <trkpt lat="43.31732531078159809112548828125" lon="-79.9006105028092861175537109375">
        <ele>162.8000030517578125</ele>
        <time>2025-10-04T17:23:41.000Z</time>
        <extensions>
          <ns3:TrackPointExtension>
            <ns3:hr>109</ns3:hr>
          </ns3:TrackPointExtension>
        </extensions>
      </trkpt>
      <trkpt lat="43.31728289835155010223388671875" lon="-79.90068434737622737884521484375">
        <ele>162.1999969482421875</ele>
        <time>2025-10-04T17:23:52.000Z</time>
        <extensions>
          <ns3:TrackPointExtension>
            <ns3:hr>110</ns3:hr>
          </ns3:TrackPointExtension>
        </extensions>
      </trkpt>
      <trkpt lat="43.31726211123168468475341796875" lon="-79.9007073976099491119384765625">
        <ele>161.1999969482421875</ele>
        <time>2025-10-04T17:23:55.000Z</time>
        <extensions>
          <ns3:TrackPointExtension>
            <ns3:hr>111</ns3:hr>
          </ns3:TrackPointExtension>
        </extensions>
      </trkpt>
      <trkpt lat="43.31723235547542572021484375" lon="-79.9007436074316501617431640625">
        <ele>160.1999969482421875</ele>
        <time>2025-10-04T17:24:00.000Z</time>
        <extensions>
          <ns3:TrackPointExtension>
            <ns3:hr>112</ns3:hr>
          </ns3:TrackPointExtension>
        </extensions>
      </trkpt>
      <trkpt lat="43.31721852533519268035888671875" lon="-79.90076598711311817169189453125">
        <ele>160</ele>
        <time>2025-10-04T17:24:03.000Z</time>
        <extensions>
          <ns3:TrackPointExtension>
            <ns3:hr>117</ns3:hr>
          </ns3:TrackPointExtension>
        </extensions>
      </trkpt>
      <trkpt lat="43.31721098162233829498291015625" lon="-79.900779984891414642333984375">
        <ele>159.600006103515625</ele>
        <time>2025-10-04T17:24:05.000Z</time>
        <extensions>
          <ns3:TrackPointExtension>
            <ns3:hr>120</ns3:hr>
          </ns3:TrackPointExtension>
        </extensions>
      </trkpt>
      <trkpt lat="43.3171959780156612396240234375" lon="-79.90079180337488651275634765625">
        <ele>159.1999969482421875</ele>
        <time>2025-10-04T17:24:07.000Z</time>
        <extensions>
          <ns3:TrackPointExtension>
            <ns3:hr>123</ns3:hr>
          </ns3:TrackPointExtension>
        </extensions>
      </trkpt>
      <trkpt lat="43.31719103269279003143310546875" lon="-79.90079934708774089813232421875">
        <ele>159</ele>
        <time>2025-10-04T17:24:08.000Z</time>
        <extensions>
          <ns3:TrackPointExtension>
            <ns3:hr>126</ns3:hr>
          </ns3:TrackPointExtension>
        </extensions>
      </trkpt>
      <trkpt lat="43.31718868575990200042724609375" lon="-79.900806136429309844970703125">
        <ele>158.8000030517578125</ele>
        <time>2025-10-04T17:24:09.000Z</time>
        <extensions>
          <ns3:TrackPointExtension>
            <ns3:hr>126</ns3:hr>
          </ns3:TrackPointExtension>
        </extensions>
      </trkpt>
      <trkpt lat="43.317185752093791961669921875" lon="-79.90081309340894222259521484375">
        <ele>158.8000030517578125</ele>
        <time>2025-10-04T17:24:10.000Z</time>
        <extensions>
          <ns3:TrackPointExtension>
            <ns3:hr>123</ns3:hr>
          </ns3:TrackPointExtension>
        </extensions>
      </trkpt>
      <trkpt lat="43.3171651326119899749755859375" lon="-79.90084930323064327239990234375">
        <ele>158</ele>
        <time>2025-10-04T17:24:14.000Z</time>
        <extensions>
          <ns3:TrackPointExtension>
            <ns3:hr>123</ns3:hr>
          </ns3:TrackPointExtension>
        </extensions>
      </trkpt>
      <trkpt lat="43.317130096256732940673828125" lon="-79.90091887302696704864501953125">
        <ele>157</ele>
        <time>2025-10-04T17:24:20.000Z</time>
        <extensions>
          <ns3:TrackPointExtension>
            <ns3:hr>121</ns3:hr>
          </ns3:TrackPointExtension>
        </extensions>
      </trkpt>
      <trkpt lat="43.3171190321445465087890625" lon="-79.9009343795478343963623046875">
        <ele>156.8000030517578125</ele>
        <time>2025-10-04T17:24:21.000Z</time>
        <extensions>
          <ns3:TrackPointExtension>
            <ns3:hr>121</ns3:hr>
          </ns3:TrackPointExtension>
        </extensions>
      </trkpt>
      <trkpt lat="43.31709086894989013671875" lon="-79.90101023577153682708740234375">
        <ele>156</ele>
        <time>2025-10-04T17:24:27.000Z</time>
        <extensions>
          <ns3:TrackPointExtension>
            <ns3:hr>121</ns3:hr>
          </ns3:TrackPointExtension>
        </extensions>
      </trkpt>
      <trkpt lat="43.31706379540264606475830078125" lon="-79.90107259713113307952880859375">
        <ele>155</ele>
        <time>2025-10-04T17:24:32.000Z</time>
        <extensions>
          <ns3:TrackPointExtension>
            <ns3:hr>118</ns3:hr>
          </ns3:TrackPointExtension>
        </extensions>
      </trkpt>
      <trkpt lat="43.317056335508823394775390625" lon="-79.9010842479765415191650390625">
        <ele>154.8000030517578125</ele>
        <time>2025-10-04T17:24:33.000Z</time>
        <extensions>
          <ns3:TrackPointExtension>
            <ns3:hr>118</ns3:hr>
          </ns3:TrackPointExtension>
        </extensions>
      </trkpt>
      <trkpt lat="43.3170524798333644866943359375" lon="-79.90109723992645740509033203125">
        <ele>154.8000030517578125</ele>
        <time>2025-10-04T17:24:34.000Z</time>
        <extensions>
          <ns3:TrackPointExtension>
            <ns3:hr>117</ns3:hr>
          </ns3:TrackPointExtension>
        </extensions>
      </trkpt>
      <trkpt lat="43.317044265568256378173828125" lon="-79.90113680250942707061767578125">
        <ele>154.1999969482421875</ele>
        <time>2025-10-04T17:24:38.000Z</time>
        <extensions>
          <ns3:TrackPointExtension>
            <ns3:hr>114</ns3:hr>
          </ns3:TrackPointExtension>
        </extensions>
      </trkpt>
      <trkpt lat="43.31703831441700458526611328125" lon="-79.901149459183216094970703125">
        <ele>153.8000030517578125</ele>
        <time>2025-10-04T17:24:40.000Z</time>
        <extensions>
          <ns3:TrackPointExtension>
            <ns3:hr>113</ns3:hr>
          </ns3:TrackPointExtension>
        </extensions>
      </trkpt>
      <trkpt lat="43.317041583359241485595703125" lon="-79.901183657348155975341796875">
        <ele>152.600006103515625</ele>
        <time>2025-10-04T17:24:44.000Z</time>
        <extensions>
          <ns3:TrackPointExtension>
            <ns3:hr>115</ns3:hr>
          </ns3:TrackPointExtension>
        </extensions>
      </trkpt>
      <trkpt lat="43.3170548267662525177001953125" lon="-79.901223890483379364013671875">
        <ele>152.1999969482421875</ele>
        <time>2025-10-04T17:24:47.000Z</time>
        <extensions>
          <ns3:TrackPointExtension>
            <ns3:hr>115</ns3:hr>
          </ns3:TrackPointExtension>
        </extensions>
      </trkpt>
      <trkpt lat="43.31705910153687000274658203125" lon="-79.90127996541559696197509765625">
        <ele>151.399993896484375</ele>
        <time>2025-10-04T17:24:52.000Z</time>
        <extensions>
          <ns3:TrackPointExtension>
            <ns3:hr>116</ns3:hr>
          </ns3:TrackPointExtension>
        </extensions>
      </trkpt>
      <trkpt lat="43.3170591853559017181396484375" lon="-79.9013025127351284027099609375">
        <ele>151.1999969482421875</ele>
        <time>2025-10-04T17:24:54.000Z</time>
        <extensions>
          <ns3:TrackPointExtension>
            <ns3:hr>112</ns3:hr>
          </ns3:TrackPointExtension>
        </extensions>
      </trkpt>
      <trkpt lat="43.31706211902201175689697265625" lon="-79.90132757462561130523681640625">
        <ele>150.8000030517578125</ele>
        <time>2025-10-04T17:24:57.000Z</time>
        <extensions>
          <ns3:TrackPointExtension>
            <ns3:hr>115</ns3:hr>
          </ns3:TrackPointExtension>
        </extensions>
      </trkpt>
      <trkpt lat="43.3170464448630809783935546875" lon="-79.901356659829616546630859375">
        <ele>150.399993896484375</ele>
        <time>2025-10-04T17:25:02.000Z</time>
        <extensions>
          <ns3:TrackPointExtension>
            <ns3:hr>118</ns3:hr>
          </ns3:TrackPointExtension>
        </extensions>
      </trkpt>
      <trkpt lat="43.31704032607376575469970703125" lon="-79.90136076696217060089111328125">
        <ele>150.1999969482421875</ele>
        <time>2025-10-04T17:25:03.000Z</time>
        <extensions>
          <ns3:TrackPointExtension>
            <ns3:hr>118</ns3:hr>
          </ns3:TrackPointExtension>
        </extensions>
      </trkpt>
      <trkpt lat="43.3169827423989772796630859375" lon="-79.90136328153312206268310546875">
        <ele>149.8000030517578125</ele>
        <time>2025-10-04T17:25:09.000Z</time>
        <extensions>
          <ns3:TrackPointExtension>
            <ns3:hr>119</ns3:hr>
          </ns3:TrackPointExtension>
        </extensions>
      </trkpt>
      <trkpt lat="43.3169498853385448455810546875" lon="-79.9013682268559932708740234375">
        <ele>149.600006103515625</ele>
        <time>2025-10-04T17:25:12.000Z</time>
        <extensions>
          <ns3:TrackPointExtension>
            <ns3:hr>117</ns3:hr>
          </ns3:TrackPointExtension>
        </extensions>
      </trkpt>
      <trkpt lat="43.3169207163155078887939453125" lon="-79.9013802967965602874755859375">
        <ele>149.399993896484375</ele>
        <time>2025-10-04T17:25:16.000Z</time>
        <extensions>
          <ns3:TrackPointExtension>
            <ns3:hr>114</ns3:hr>
          </ns3:TrackPointExtension>
        </extensions>
      </trkpt>
      <trkpt lat="43.316890709102153778076171875" lon="-79.9013900198042392730712890625">
        <ele>149.399993896484375</ele>
        <time>2025-10-04T17:25:19.000Z</time>
        <extensions>
          <ns3:TrackPointExtension>
            <ns3:hr>111</ns3:hr>
          </ns3:TrackPointExtension>
        </extensions>
      </trkpt>
      <trkpt lat="43.3168214745819568634033203125" lon="-79.901396222412586212158203125">
        <ele>149.399993896484375</ele>
        <time>2025-10-04T17:25:25.000Z</time>
        <extensions>
          <ns3:TrackPointExtension>
            <ns3:hr>111</ns3:hr>
          </ns3:TrackPointExtension>
        </extensions>
      </trkpt>
      <trkpt lat="43.31671074964106082916259765625" lon="-79.9013916961848735809326171875">
        <ele>149.600006103515625</ele>
        <time>2025-10-04T17:25:37.000Z</time>
        <extensions>
          <ns3:TrackPointExtension>
            <ns3:hr>112</ns3:hr>
          </ns3:TrackPointExtension>
        </extensions>
      </trkpt>
      <trkpt lat="43.31666984595358371734619140625" lon="-79.9014691449701786041259765625">
        <ele>149.399993896484375</ele>
        <time>2025-10-04T17:25:44.000Z</time>
        <extensions>
          <ns3:TrackPointExtension>
            <ns3:hr>115</ns3:hr>
          </ns3:TrackPointExtension>
        </extensions>
      </trkpt>
      <trkpt lat="43.316668085753917694091796875" lon="-79.90149487741291522979736328125">
        <ele>149.399993896484375</ele>
        <time>2025-10-04T17:25:46.000Z</time>
        <extensions>
          <ns3:TrackPointExtension>
            <ns3:hr>116</ns3:hr>
          </ns3:TrackPointExtension>
        </extensions>
      </trkpt>
      <trkpt lat="43.31664168275892734527587890625" lon="-79.9015626870095729827880859375">
        <ele>149.8000030517578125</ele>
        <time>2025-10-04T17:25:52.000Z</time>
        <extensions>
          <ns3:TrackPointExtension>
            <ns3:hr>112</ns3:hr>
          </ns3:TrackPointExtension>
        </extensions>
      </trkpt>
      <trkpt lat="43.3166273497045040130615234375" lon="-79.9016216956079006195068359375">
        <ele>150</ele>
        <time>2025-10-04T17:25:56.000Z</time>
        <extensions>
          <ns3:TrackPointExtension>
            <ns3:hr>115</ns3:hr>
          </ns3:TrackPointExtension>
        </extensions>
      </trkpt>
      <trkpt lat="43.31660429947078227996826171875" lon="-79.90166402421891689300537109375">
        <ele>150.1999969482421875</ele>
        <time>2025-10-04T17:26:00.000Z</time>
        <extensions>
          <ns3:TrackPointExtension>
            <ns3:hr>114</ns3:hr>
          </ns3:TrackPointExtension>
        </extensions>
      </trkpt>
      <trkpt lat="43.316593654453754425048828125" lon="-79.90167508833110332489013671875">
        <ele>150.399993896484375</ele>
        <time>2025-10-04T17:26:02.000Z</time>
        <extensions>
          <ns3:TrackPointExtension>
            <ns3:hr>118</ns3:hr>
          </ns3:TrackPointExtension>
        </extensions>
      </trkpt>
      <trkpt lat="43.3165817521512508392333984375" lon="-79.90167508833110332489013671875">
        <ele>151</ele>
        <time>2025-10-04T17:26:05.000Z</time>
        <extensions>
          <ns3:TrackPointExtension>
            <ns3:hr>121</ns3:hr>
          </ns3:TrackPointExtension>
        </extensions>
      </trkpt>
      <trkpt lat="43.31656943075358867645263671875" lon="-79.9016840569674968719482421875">
        <ele>151.399993896484375</ele>
        <time>2025-10-04T17:26:07.000Z</time>
        <extensions>
          <ns3:TrackPointExtension>
            <ns3:hr>123</ns3:hr>
          </ns3:TrackPointExtension>
        </extensions>
      </trkpt>
      <trkpt lat="43.31655585207045078277587890625" lon="-79.9016998149454593658447265625">
        <ele>151.8000030517578125</ele>
        <time>2025-10-04T17:26:09.000Z</time>
        <extensions>
          <ns3:TrackPointExtension>
            <ns3:hr>126</ns3:hr>
          </ns3:TrackPointExtension>
        </extensions>
      </trkpt>
      <trkpt lat="43.3165369927883148193359375" lon="-79.9017095379531383514404296875">
        <ele>152.399993896484375</ele>
        <time>2025-10-04T17:26:12.000Z</time>
        <extensions>
          <ns3:TrackPointExtension>
            <ns3:hr>128</ns3:hr>
          </ns3:TrackPointExtension>
        </extensions>
      </trkpt>
      <trkpt lat="43.31652785651385784149169921875" lon="-79.90171398036181926727294921875">
        <ele>152.600006103515625</ele>
        <time>2025-10-04T17:26:13.000Z</time>
        <extensions>
          <ns3:TrackPointExtension>
            <ns3:hr>129</ns3:hr>
          </ns3:TrackPointExtension>
        </extensions>
      </trkpt>
      <trkpt lat="43.316501788794994354248046875" lon="-79.90172001533210277557373046875">
        <ele>153.600006103515625</ele>
        <time>2025-10-04T17:26:16.000Z</time>
        <extensions>
          <ns3:TrackPointExtension>
            <ns3:hr>129</ns3:hr>
          </ns3:TrackPointExtension>
        </extensions>
      </trkpt>
      <trkpt lat="43.3164640702307224273681640625" lon="-79.90173895843327045440673828125">
        <ele>154.600006103515625</ele>
        <time>2025-10-04T17:26:21.000Z</time>
        <extensions>
          <ns3:TrackPointExtension>
            <ns3:hr>130</ns3:hr>
          </ns3:TrackPointExtension>
        </extensions>
      </trkpt>
      <trkpt lat="43.3164516650140285491943359375" lon="-79.901763014495372772216796875">
        <ele>155.399993896484375</ele>
        <time>2025-10-04T17:26:24.000Z</time>
        <extensions>
          <ns3:TrackPointExtension>
            <ns3:hr>131</ns3:hr>
          </ns3:TrackPointExtension>
        </extensions>
      </trkpt>
      <trkpt lat="43.31642978824675083160400390625" lon="-79.90178472362458705902099609375">
        <ele>155.8000030517578125</ele>
        <time>2025-10-04T17:26:27.000Z</time>
        <extensions>
          <ns3:TrackPointExtension>
            <ns3:hr>133</ns3:hr>
          </ns3:TrackPointExtension>
        </extensions>
      </trkpt>
      <trkpt lat="43.31639994867146015167236328125" lon="-79.90182126872241497039794921875">
        <ele>156.8000030517578125</ele>
        <time>2025-10-04T17:26:32.000Z</time>
        <extensions>
          <ns3:TrackPointExtension>
            <ns3:hr>135</ns3:hr>
          </ns3:TrackPointExtension>
        </extensions>
      </trkpt>
      <trkpt lat="43.3163725398480892181396484375" lon="-79.90188111551105976104736328125">
        <ele>157.600006103515625</ele>
        <time>2025-10-04T17:26:38.000Z</time>
        <extensions>
          <ns3:TrackPointExtension>
            <ns3:hr>138</ns3:hr>
          </ns3:TrackPointExtension>
        </extensions>
      </trkpt>
      <trkpt lat="43.31636860035359859466552734375" lon="-79.9018889106810092926025390625">
        <ele>157.8000030517578125</ele>
        <time>2025-10-04T17:26:39.000Z</time>
        <extensions>
          <ns3:TrackPointExtension>
            <ns3:hr>138</ns3:hr>
          </ns3:TrackPointExtension>
        </extensions>
      </trkpt>
      <trkpt lat="43.31636440940201282501220703125" lon="-79.90189486183226108551025390625">
        <ele>158.1999969482421875</ele>
        <time>2025-10-04T17:26:40.000Z</time>
        <extensions>
          <ns3:TrackPointExtension>
            <ns3:hr>138</ns3:hr>
          </ns3:TrackPointExtension>
        </extensions>
      </trkpt>
      <trkpt lat="43.31634127534925937652587890625" lon="-79.9019224382936954498291015625">
        <ele>159.399993896484375</ele>
        <time>2025-10-04T17:26:45.000Z</time>
        <extensions>
          <ns3:TrackPointExtension>
            <ns3:hr>139</ns3:hr>
          </ns3:TrackPointExtension>
        </extensions>
      </trkpt>
      <trkpt lat="43.3163118548691272735595703125" lon="-79.90194951184093952178955078125">
        <ele>160.600006103515625</ele>
        <time>2025-10-04T17:26:49.000Z</time>
        <extensions>
          <ns3:TrackPointExtension>
            <ns3:hr>140</ns3:hr>
          </ns3:TrackPointExtension>
        </extensions>
      </trkpt>
      <trkpt lat="43.31630439497530460357666015625" lon="-79.90195621736347675323486328125">
        <ele>160.8000030517578125</ele>
        <time>2025-10-04T17:26:50.000Z</time>
        <extensions>
          <ns3:TrackPointExtension>
            <ns3:hr>141</ns3:hr>
          </ns3:TrackPointExtension>
        </extensions>
      </trkpt>
      <trkpt lat="43.316281177103519439697265625" lon="-79.902010448276996612548828125">
        <ele>161.8000030517578125</ele>
        <time>2025-10-04T17:26:56.000Z</time>
        <extensions>
          <ns3:TrackPointExtension>
            <ns3:hr>143</ns3:hr>
          </ns3:TrackPointExtension>
        </extensions>
      </trkpt>
      <trkpt lat="43.316248320043087005615234375" lon="-79.90208697505295276641845703125">
        <ele>162.600006103515625</ele>
        <time>2025-10-04T17:27:03.000Z</time>
        <extensions>
          <ns3:TrackPointExtension>
            <ns3:hr>146</ns3:hr>
          </ns3:TrackPointExtension>
        </extensions>
      </trkpt>
      <trkpt lat="43.31624354235827922821044921875" lon="-79.9020959436893463134765625">
        <ele>162.600006103515625</ele>
        <time>2025-10-04T17:27:04.000Z</time>
        <extensions>
          <ns3:TrackPointExtension>
            <ns3:hr>146</ns3:hr>
          </ns3:TrackPointExtension>
        </extensions>
      </trkpt>
      <trkpt lat="43.31623968668282032012939453125" lon="-79.9021128751337528228759765625">
        <ele>162.8000030517578125</ele>
        <time>2025-10-04T17:27:06.000Z</time>
        <extensions>
          <ns3:TrackPointExtension>
            <ns3:hr>146</ns3:hr>
          </ns3:TrackPointExtension>
        </extensions>
      </trkpt>
      <trkpt lat="43.31623130477964878082275390625" lon="-79.9022131226956844329833984375">
        <ele>163.8000030517578125</ele>
        <time>2025-10-04T17:27:16.000Z</time>
        <extensions>
          <ns3:TrackPointExtension>
            <ns3:hr>147</ns3:hr>
          </ns3:TrackPointExtension>
        </extensions>
      </trkpt>
      <trkpt lat="43.3162360824644565582275390625" lon="-79.90222510881721973419189453125">
        <ele>164</ele>
        <time>2025-10-04T17:27:17.000Z</time>
        <extensions>
          <ns3:TrackPointExtension>
            <ns3:hr>148</ns3:hr>
          </ns3:TrackPointExtension>
        </extensions>
      </trkpt>
      <trkpt lat="43.31626030616462230682373046875" lon="-79.902381598949432373046875">
        <ele>164.8000030517578125</ele>
        <time>2025-10-04T17:27:28.000Z</time>
        <extensions>
          <ns3:TrackPointExtension>
            <ns3:hr>147</ns3:hr>
          </ns3:TrackPointExtension>
        </extensions>
      </trkpt>
      <trkpt lat="43.31623063422739505767822265625" lon="-79.90247706882655620574951171875">
        <ele>164.8000030517578125</ele>
        <time>2025-10-04T17:27:35.000Z</time>
        <extensions>
          <ns3:TrackPointExtension>
            <ns3:hr>148</ns3:hr>
          </ns3:TrackPointExtension>
        </extensions>
      </trkpt>
      <trkpt lat="43.3161883056163787841796875" lon="-79.902541525661945343017578125">
        <ele>165</ele>
        <time>2025-10-04T17:27:40.000Z</time>
        <extensions>
          <ns3:TrackPointExtension>
            <ns3:hr>145</ns3:hr>
          </ns3:TrackPointExtension>
        </extensions>
      </trkpt>
      <trkpt lat="43.31618051044642925262451171875" lon="-79.9025530926883220672607421875">
        <ele>165</ele>
        <time>2025-10-04T17:27:41.000Z</time>
        <extensions>
          <ns3:TrackPointExtension>
            <ns3:hr>145</ns3:hr>
          </ns3:TrackPointExtension>
        </extensions>
      </trkpt>
      <trkpt lat="43.316143043339252471923828125" lon="-79.90261436440050601959228515625">
        <ele>165.600006103515625</ele>
        <time>2025-10-04T17:27:47.000Z</time>
        <extensions>
          <ns3:TrackPointExtension>
            <ns3:hr>148</ns3:hr>
          </ns3:TrackPointExtension>
        </extensions>
      </trkpt>
      <trkpt lat="43.3161103539168834686279296875" lon="-79.90270958282053470611572265625">
        <ele>166</ele>
        <time>2025-10-04T17:27:54.000Z</time>
        <extensions>
          <ns3:TrackPointExtension>
            <ns3:hr>144</ns3:hr>
          </ns3:TrackPointExtension>
        </extensions>
      </trkpt>
      <trkpt lat="43.31609954126179218292236328125" lon="-79.90275065414607524871826171875">
        <ele>166.399993896484375</ele>
        <time>2025-10-04T17:27:57.000Z</time>
        <extensions>
          <ns3:TrackPointExtension>
            <ns3:hr>143</ns3:hr>
          </ns3:TrackPointExtension>
        </extensions>
      </trkpt>
      <trkpt lat="43.316108174622058868408203125" lon="-79.90279398858547210693359375">
        <ele>166.8000030517578125</ele>
        <time>2025-10-04T17:28:03.000Z</time>
        <extensions>
          <ns3:TrackPointExtension>
            <ns3:hr>140</ns3:hr>
          </ns3:TrackPointExtension>
        </extensions>
      </trkpt>
      <trkpt lat="43.31610892899334430694580078125" lon="-79.9027968384325504302978515625">
        <ele>166.8000030517578125</ele>
        <time>2025-10-04T17:28:04.000Z</time>
        <extensions>
          <ns3:TrackPointExtension>
            <ns3:hr>136</ns3:hr>
          </ns3:TrackPointExtension>
        </extensions>
      </trkpt>
      <trkpt lat="43.3161051571369171142578125" lon="-79.90279935300350189208984375">
        <ele>167</ele>
        <time>2025-10-04T17:28:07.000Z</time>
        <extensions>
          <ns3:TrackPointExtension>
            <ns3:hr>134</ns3:hr>
          </ns3:TrackPointExtension>
        </extensions>
      </trkpt>
      <trkpt lat="43.31609384156763553619384765625" lon="-79.90282022394239902496337890625">
        <ele>167.1999969482421875</ele>
        <time>2025-10-04T17:28:15.000Z</time>
        <extensions>
          <ns3:TrackPointExtension>
            <ns3:hr>137</ns3:hr>
          </ns3:TrackPointExtension>
        </extensions>
      </trkpt>
      <trkpt lat="43.31610524095594882965087890625" lon="-79.90282592363655567169189453125">
        <ele>167.399993896484375</ele>
        <time>2025-10-04T17:28:22.000Z</time>
        <extensions>
          <ns3:TrackPointExtension>
            <ns3:hr>138</ns3:hr>
          </ns3:TrackPointExtension>
        </extensions>
      </trkpt>
      <trkpt lat="43.31611043773591518402099609375" lon="-79.90285299718379974365234375">
        <ele>167.399993896484375</ele>
        <time>2025-10-04T17:28:37.000Z</time>
        <extensions>
          <ns3:TrackPointExtension>
            <ns3:hr>135</ns3:hr>
          </ns3:TrackPointExtension>
        </extensions>
      </trkpt>
      <trkpt lat="43.31610985100269317626953125" lon="-79.90285743959248065948486328125">
        <ele>167.1999969482421875</ele>
        <time>2025-10-04T17:28:41.000Z</time>
        <extensions>
          <ns3:TrackPointExtension>
            <ns3:hr>134</ns3:hr>
          </ns3:TrackPointExtension>
        </extensions>
      </trkpt>
      <trkpt lat="43.31610306166112422943115234375" lon="-79.90286238491535186767578125">
        <ele>167.1999969482421875</ele>
        <time>2025-10-04T17:28:45.000Z</time>
        <extensions>
          <ns3:TrackPointExtension>
            <ns3:hr>131</ns3:hr>
          </ns3:TrackPointExtension>
        </extensions>
      </trkpt>
      <trkpt lat="43.31609535031020641326904296875" lon="-79.902871437370777130126953125">
        <ele>167.399993896484375</ele>
        <time>2025-10-04T17:28:50.000Z</time>
        <extensions>
          <ns3:TrackPointExtension>
            <ns3:hr>128</ns3:hr>
          </ns3:TrackPointExtension>
        </extensions>
      </trkpt>
      <trkpt lat="43.31609333865344524383544921875" lon="-79.9029017798602581024169921875">
        <ele>167.399993896484375</ele>
        <time>2025-10-04T17:28:54.000Z</time>
        <extensions>
          <ns3:TrackPointExtension>
            <ns3:hr>125</ns3:hr>
          </ns3:TrackPointExtension>
        </extensions>
      </trkpt>
      <trkpt lat="43.3161016367375850677490234375" lon="-79.90290605463087558746337890625">
        <ele>167.1999969482421875</ele>
        <time>2025-10-04T17:28:57.000Z</time>
        <extensions>
          <ns3:TrackPointExtension>
            <ns3:hr>124</ns3:hr>
          </ns3:TrackPointExtension>
        </extensions>
      </trkpt>
      <trkpt lat="43.31612334586679935455322265625" lon="-79.90293237380683422088623046875">
        <ele>167.1999969482421875</ele>
        <time>2025-10-04T17:29:09.000Z</time>
        <extensions>
          <ns3:TrackPointExtension>
            <ns3:hr>121</ns3:hr>
          </ns3:TrackPointExtension>
        </extensions>
      </trkpt>
      <trkpt lat="43.31613474525511264801025390625" lon="-79.90294176153838634490966796875">
        <ele>167.1999969482421875</ele>
        <time>2025-10-04T17:29:14.000Z</time>
        <extensions>
          <ns3:TrackPointExtension>
            <ns3:hr>120</ns3:hr>
          </ns3:TrackPointExtension>
        </extensions>
      </trkpt>
      <trkpt lat="43.31613122485578060150146484375" lon="-79.902950227260589599609375">
        <ele>167.600006103515625</ele>
        <time>2025-10-04T17:29:23.000Z</time>
        <extensions>
          <ns3:TrackPointExtension>
            <ns3:hr>123</ns3:hr>
          </ns3:TrackPointExtension>
        </extensions>
      </trkpt>
      <trkpt lat="43.31612636335194110870361328125" lon="-79.9029529094696044921875">
        <ele>167.600006103515625</ele>
        <time>2025-10-04T17:29:27.000Z</time>
        <extensions>
          <ns3:TrackPointExtension>
            <ns3:hr>121</ns3:hr>
          </ns3:TrackPointExtension>
        </extensions>
      </trkpt>
      <trkpt lat="43.31612686626613140106201171875" lon="-79.90295399911701679229736328125">
        <ele>167.600006103515625</ele>
        <time>2025-10-04T17:29:28.000Z</time>
        <extensions>
          <ns3:TrackPointExtension>
            <ns3:hr>125</ns3:hr>
          </ns3:TrackPointExtension>
        </extensions>
      </trkpt>
      <trkpt lat="43.3161294646561145782470703125" lon="-79.90296372212469577789306640625">
        <ele>167.8000030517578125</ele>
        <time>2025-10-04T17:29:30.000Z</time>
        <extensions>
          <ns3:TrackPointExtension>
            <ns3:hr>129</ns3:hr>
          </ns3:TrackPointExtension>
        </extensions>
      </trkpt>
      <trkpt lat="43.31613675691187381744384765625" lon="-79.902990795671939849853515625">
        <ele>167.8000030517578125</ele>
        <time>2025-10-04T17:29:34.000Z</time>
        <extensions>
          <ns3:TrackPointExtension>
            <ns3:hr>132</ns3:hr>
          </ns3:TrackPointExtension>
        </extensions>
      </trkpt>
      <trkpt lat="43.3161418698728084564208984375" lon="-79.9030127562582492828369140625">
        <ele>168</ele>
        <time>2025-10-04T17:29:37.000Z</time>
        <extensions>
          <ns3:TrackPointExtension>
            <ns3:hr>133</ns3:hr>
          </ns3:TrackPointExtension>
        </extensions>
      </trkpt>
      <trkpt lat="43.31614245660603046417236328125" lon="-79.903019964694976806640625">
        <ele>168.1999969482421875</ele>
        <time>2025-10-04T17:29:38.000Z</time>
        <extensions>
          <ns3:TrackPointExtension>
            <ns3:hr>132</ns3:hr>
          </ns3:TrackPointExtension>
        </extensions>
      </trkpt>
      <trkpt lat="43.3161453902721405029296875" lon="-79.90306966938078403472900390625">
        <ele>168.1999969482421875</ele>
        <time>2025-10-04T17:29:43.000Z</time>
        <extensions>
          <ns3:TrackPointExtension>
            <ns3:hr>136</ns3:hr>
          </ns3:TrackPointExtension>
        </extensions>
      </trkpt>
      <trkpt lat="43.31614078022539615631103515625" lon="-79.90309230051934719085693359375">
        <ele>168.1999969482421875</ele>
        <time>2025-10-04T17:29:45.000Z</time>
        <extensions>
          <ns3:TrackPointExtension>
            <ns3:hr>131</ns3:hr>
          </ns3:TrackPointExtension>
        </extensions>
      </trkpt>
      <trkpt lat="43.316137008368968963623046875" lon="-79.903102777898311614990234375">
        <ele>168.1999969482421875</ele>
        <time>2025-10-04T17:29:46.000Z</time>
        <extensions>
          <ns3:TrackPointExtension>
            <ns3:hr>131</ns3:hr>
          </ns3:TrackPointExtension>
        </extensions>
      </trkpt>
      <trkpt lat="43.31613977439701557159423828125" lon="-79.90320897661149501800537109375">
        <ele>168.1999969482421875</ele>
        <time>2025-10-04T17:29:53.000Z</time>
        <extensions>
          <ns3:TrackPointExtension>
            <ns3:hr>133</ns3:hr>
          </ns3:TrackPointExtension>
        </extensions>
      </trkpt>
      <trkpt lat="43.3161274529993534088134765625" lon="-79.90332582034170627593994140625">
        <ele>168.1999969482421875</ele>
        <time>2025-10-04T17:30:00.000Z</time>
        <extensions>
          <ns3:TrackPointExtension>
            <ns3:hr>134</ns3:hr>
          </ns3:TrackPointExtension>
        </extensions>
      </trkpt>
      <trkpt lat="43.31611798144876956939697265625" lon="-79.90344249643385410308837890625">
        <ele>168.1999969482421875</ele>
        <time>2025-10-04T17:30:07.000Z</time>
        <extensions>
          <ns3:TrackPointExtension>
            <ns3:hr>134</ns3:hr>
          </ns3:TrackPointExtension>
        </extensions>
      </trkpt>
      <trkpt lat="43.3161086775362491607666015625" lon="-79.903534948825836181640625">
        <ele>169</ele>
        <time>2025-10-04T17:30:15.000Z</time>
        <extensions>
          <ns3:TrackPointExtension>
            <ns3:hr>135</ns3:hr>
          </ns3:TrackPointExtension>
        </extensions>
      </trkpt>
      <trkpt lat="43.316114880144596099853515625" lon="-79.903582222759723663330078125">
        <ele>170</ele>
        <time>2025-10-04T17:30:19.000Z</time>
        <extensions>
          <ns3:TrackPointExtension>
            <ns3:hr>130</ns3:hr>
          </ns3:TrackPointExtension>
        </extensions>
      </trkpt>
      <trkpt lat="43.31611982546746730804443359375" lon="-79.9035944603383541107177734375">
        <ele>170.1999969482421875</ele>
        <time>2025-10-04T17:30:20.000Z</time>
        <extensions>
          <ns3:TrackPointExtension>
            <ns3:hr>127</ns3:hr>
          </ns3:TrackPointExtension>
        </extensions>
      </trkpt>
      <trkpt lat="43.31613122485578060150146484375" lon="-79.9036299996078014373779296875">
        <ele>170.399993896484375</ele>
        <time>2025-10-04T17:30:23.000Z</time>
        <extensions>
          <ns3:TrackPointExtension>
            <ns3:hr>124</ns3:hr>
          </ns3:TrackPointExtension>
        </extensions>
      </trkpt>
      <trkpt lat="43.31615016795694828033447265625" lon="-79.903691522777080535888671875">
        <ele>171.1999969482421875</ele>
        <time>2025-10-04T17:30:28.000Z</time>
        <extensions>
          <ns3:TrackPointExtension>
            <ns3:hr>125</ns3:hr>
          </ns3:TrackPointExtension>
        </extensions>
      </trkpt>
      <trkpt lat="43.3161614835262298583984375" lon="-79.9037106335163116455078125">
        <ele>171.399993896484375</ele>
        <time>2025-10-04T17:30:30.000Z</time>
        <extensions>
          <ns3:TrackPointExtension>
            <ns3:hr>128</ns3:hr>
          </ns3:TrackPointExtension>
        </extensions>
      </trkpt>
      <trkpt lat="43.31617564894258975982666015625" lon="-79.9037768505513668060302734375">
        <ele>171.600006103515625</ele>
        <time>2025-10-04T17:30:35.000Z</time>
        <extensions>
          <ns3:TrackPointExtension>
            <ns3:hr>129</ns3:hr>
          </ns3:TrackPointExtension>
        </extensions>
      </trkpt>
      <trkpt lat="43.31617816351354122161865234375" lon="-79.9038646928966045379638671875">
        <ele>171.600006103515625</ele>
        <time>2025-10-04T17:30:43.000Z</time>
        <extensions>
          <ns3:TrackPointExtension>
            <ns3:hr>132</ns3:hr>
          </ns3:TrackPointExtension>
        </extensions>
      </trkpt>
      <trkpt lat="43.31616818904876708984375" lon="-79.90388673730194568634033203125">
        <ele>171.399993896484375</ele>
        <time>2025-10-04T17:30:45.000Z</time>
        <extensions>
          <ns3:TrackPointExtension>
            <ns3:hr>129</ns3:hr>
          </ns3:TrackPointExtension>
        </extensions>
      </trkpt>
      <trkpt lat="43.3161525987088680267333984375" lon="-79.90390576422214508056640625">
        <ele>170.8000030517578125</ele>
        <time>2025-10-04T17:30:47.000Z</time>
        <extensions>
          <ns3:TrackPointExtension>
            <ns3:hr>125</ns3:hr>
          </ns3:TrackPointExtension>
        </extensions>
      </trkpt>
      <trkpt lat="43.31614446826279163360595703125" lon="-79.9039149843156337738037109375">
        <ele>170.600006103515625</ele>
        <time>2025-10-04T17:30:48.000Z</time>
        <extensions>
          <ns3:TrackPointExtension>
            <ns3:hr>131</ns3:hr>
          </ns3:TrackPointExtension>
        </extensions>
      </trkpt>
      <trkpt lat="43.31611898727715015411376953125" lon="-79.903951026499271392822265625">
        <ele>170</ele>
        <time>2025-10-04T17:30:52.000Z</time>
        <extensions>
          <ns3:TrackPointExtension>
            <ns3:hr>131</ns3:hr>
          </ns3:TrackPointExtension>
        </extensions>
      </trkpt>
      <trkpt lat="43.31606735475361347198486328125" lon="-79.90402369759976863861083984375">
        <ele>169</ele>
        <time>2025-10-04T17:31:00.000Z</time>
        <extensions>
          <ns3:TrackPointExtension>
            <ns3:hr>130</ns3:hr>
          </ns3:TrackPointExtension>
        </extensions>
      </trkpt>
      <trkpt lat="43.31602863036096096038818359375" lon="-79.9041151441633701324462890625">
        <ele>168.399993896484375</ele>
        <time>2025-10-04T17:31:09.000Z</time>
        <extensions>
          <ns3:TrackPointExtension>
            <ns3:hr>127</ns3:hr>
          </ns3:TrackPointExtension>
        </extensions>
      </trkpt>
      <trkpt lat="43.31601102836430072784423828125" lon="-79.904159568250179290771484375">
        <ele>168</ele>
        <time>2025-10-04T17:31:14.000Z</time>
        <extensions>
          <ns3:TrackPointExtension>
            <ns3:hr>126</ns3:hr>
          </ns3:TrackPointExtension>
        </extensions>
      </trkpt>
      <trkpt lat="43.31600381992757320404052734375" lon="-79.904163591563701629638671875">
        <ele>167.8000030517578125</ele>
        <time>2025-10-04T17:31:15.000Z</time>
        <extensions>
          <ns3:TrackPointExtension>
            <ns3:hr>126</ns3:hr>
          </ns3:TrackPointExtension>
        </extensions>
      </trkpt>
      <trkpt lat="43.3159621618688106536865234375" lon="-79.90416518412530422210693359375">
        <ele>167</ele>
        <time>2025-10-04T17:31:20.000Z</time>
        <extensions>
          <ns3:TrackPointExtension>
            <ns3:hr>126</ns3:hr>
          </ns3:TrackPointExtension>
        </extensions>
      </trkpt>
      <trkpt lat="43.315955959260463714599609375" lon="-79.9041627533733844757080078125">
        <ele>166.8000030517578125</ele>
        <time>2025-10-04T17:31:21.000Z</time>
        <extensions>
          <ns3:TrackPointExtension>
            <ns3:hr>127</ns3:hr>
          </ns3:TrackPointExtension>
        </extensions>
      </trkpt>
      <trkpt lat="43.31594766117632389068603515625" lon="-79.90416669286787509918212890625">
        <ele>166.399993896484375</ele>
        <time>2025-10-04T17:31:23.000Z</time>
        <extensions>
          <ns3:TrackPointExtension>
            <ns3:hr>130</ns3:hr>
          </ns3:TrackPointExtension>
        </extensions>
      </trkpt>
      <trkpt lat="43.3159464038908481597900390625" lon="-79.90417390130460262298583984375">
        <ele>166.1999969482421875</ele>
        <time>2025-10-04T17:31:24.000Z</time>
        <extensions>
          <ns3:TrackPointExtension>
            <ns3:hr>127</ns3:hr>
          </ns3:TrackPointExtension>
        </extensions>
      </trkpt>
      <trkpt lat="43.31594514660537242889404296875" lon="-79.9041778407990932464599609375">
        <ele>165.8000030517578125</ele>
        <time>2025-10-04T17:31:25.000Z</time>
        <extensions>
          <ns3:TrackPointExtension>
            <ns3:hr>126</ns3:hr>
          </ns3:TrackPointExtension>
        </extensions>
      </trkpt>
      <trkpt lat="43.31594011746346950531005859375" lon="-79.90417909808456897735595703125">
        <ele>165.600006103515625</ele>
        <time>2025-10-04T17:31:26.000Z</time>
        <extensions>
          <ns3:TrackPointExtension>
            <ns3:hr>124</ns3:hr>
          </ns3:TrackPointExtension>
        </extensions>
      </trkpt>
      <trkpt lat="43.31592343747615814208984375" lon="-79.90418463014066219329833984375">
        <ele>165</ele>
        <time>2025-10-04T17:31:28.000Z</time>
        <extensions>
          <ns3:TrackPointExtension>
            <ns3:hr>120</ns3:hr>
          </ns3:TrackPointExtension>
        </extensions>
      </trkpt>
      <trkpt lat="43.3158897422254085540771484375" lon="-79.9042036570608615875244140625">
        <ele>164.399993896484375</ele>
        <time>2025-10-04T17:31:31.000Z</time>
        <extensions>
          <ns3:TrackPointExtension>
            <ns3:hr>119</ns3:hr>
          </ns3:TrackPointExtension>
        </extensions>
      </trkpt>
      <trkpt lat="43.31586417742073535919189453125" lon="-79.9042331613600254058837890625">
        <ele>164</ele>
        <time>2025-10-04T17:31:34.000Z</time>
        <extensions>
          <ns3:TrackPointExtension>
            <ns3:hr>124</ns3:hr>
          </ns3:TrackPointExtension>
        </extensions>
      </trkpt>
      <trkpt lat="43.31585378386080265045166015625" lon="-79.9042569659650325775146484375">
        <ele>163.600006103515625</ele>
        <time>2025-10-04T17:31:37.000Z</time>
        <extensions>
          <ns3:TrackPointExtension>
            <ns3:hr>123</ns3:hr>
          </ns3:TrackPointExtension>
        </extensions>
      </trkpt>
      <trkpt lat="43.3158236928284168243408203125" lon="-79.90429745055735111236572265625">
        <ele>163.399993896484375</ele>
        <time>2025-10-04T17:31:42.000Z</time>
        <extensions>
          <ns3:TrackPointExtension>
            <ns3:hr>122</ns3:hr>
          </ns3:TrackPointExtension>
        </extensions>
      </trkpt>
      <trkpt lat="43.31572897732257843017578125" lon="-79.90434690378606319427490234375">
        <ele>163.1999969482421875</ele>
        <time>2025-10-04T17:31:52.000Z</time>
        <extensions>
          <ns3:TrackPointExtension>
            <ns3:hr>125</ns3:hr>
          </ns3:TrackPointExtension>
        </extensions>
      </trkpt>
      <trkpt lat="43.3157113753259181976318359375" lon="-79.90437112748622894287109375">
        <ele>163</ele>
        <time>2025-10-04T17:31:56.000Z</time>
        <extensions>
          <ns3:TrackPointExtension>
            <ns3:hr>128</ns3:hr>
          </ns3:TrackPointExtension>
        </extensions>
      </trkpt>
      <trkpt lat="43.31568631343543529510498046875" lon="-79.90437573753297328948974609375">
        <ele>162.600006103515625</ele>
        <time>2025-10-04T17:32:03.000Z</time>
        <extensions>
          <ns3:TrackPointExtension>
            <ns3:hr>128</ns3:hr>
          </ns3:TrackPointExtension>
        </extensions>
      </trkpt>
      <trkpt lat="43.31568111665546894073486328125" lon="-79.90437624044716358184814453125">
        <ele>162.600006103515625</ele>
        <time>2025-10-04T17:32:04.000Z</time>
        <extensions>
          <ns3:TrackPointExtension>
            <ns3:hr>125</ns3:hr>
          </ns3:TrackPointExtension>
        </extensions>
      </trkpt>
      <trkpt lat="43.31565211527049541473388671875" lon="-79.90439233370125293731689453125">
        <ele>162.399993896484375</ele>
        <time>2025-10-04T17:32:09.000Z</time>
        <extensions>
          <ns3:TrackPointExtension>
            <ns3:hr>124</ns3:hr>
          </ns3:TrackPointExtension>
        </extensions>
      </trkpt>
      <trkpt lat="43.31559863872826099395751953125" lon="-79.9043910764157772064208984375">
        <ele>162</ele>
        <time>2025-10-04T17:32:15.000Z</time>
        <extensions>
          <ns3:TrackPointExtension>
            <ns3:hr>122</ns3:hr>
          </ns3:TrackPointExtension>
        </extensions>
      </trkpt>
      <trkpt lat="43.31556804478168487548828125" lon="-79.90437322296202182769775390625">
        <ele>162</ele>
        <time>2025-10-04T17:32:19.000Z</time>
        <extensions>
          <ns3:TrackPointExtension>
            <ns3:hr>125</ns3:hr>
          </ns3:TrackPointExtension>
        </extensions>
      </trkpt>
      <trkpt lat="43.31556242890655994415283203125" lon="-79.9043749831616878509521484375">
        <ele>162</ele>
        <time>2025-10-04T17:32:21.000Z</time>
        <extensions>
          <ns3:TrackPointExtension>
            <ns3:hr>122</ns3:hr>
          </ns3:TrackPointExtension>
        </extensions>
      </trkpt>
      <trkpt lat="43.31558036617934703826904296875" lon="-79.9044118635356426239013671875">
        <ele>161.600006103515625</ele>
        <time>2025-10-04T17:32:26.000Z</time>
        <extensions>
          <ns3:TrackPointExtension>
            <ns3:hr>123</ns3:hr>
          </ns3:TrackPointExtension>
        </extensions>
      </trkpt>
      <trkpt lat="43.31554130651056766510009765625" lon="-79.90444212220609188079833984375">
        <ele>161.1999969482421875</ele>
        <time>2025-10-04T17:32:31.000Z</time>
        <extensions>
          <ns3:TrackPointExtension>
            <ns3:hr>125</ns3:hr>
          </ns3:TrackPointExtension>
        </extensions>
      </trkpt>
      <trkpt lat="43.31550442613661289215087890625" lon="-79.90448101423680782318115234375">
        <ele>161.1999969482421875</ele>
        <time>2025-10-04T17:32:36.000Z</time>
        <extensions>
          <ns3:TrackPointExtension>
            <ns3:hr>126</ns3:hr>
          </ns3:TrackPointExtension>
        </extensions>
      </trkpt>
      <trkpt lat="43.3154552243649959564208984375" lon="-79.9045225046575069427490234375">
        <ele>161.600006103515625</ele>
        <time>2025-10-04T17:32:45.000Z</time>
        <extensions>
          <ns3:TrackPointExtension>
            <ns3:hr>122</ns3:hr>
          </ns3:TrackPointExtension>
        </extensions>
      </trkpt>
      <trkpt lat="43.31545463763177394866943359375" lon="-79.904535748064517974853515625">
        <ele>161.600006103515625</ele>
        <time>2025-10-04T17:32:47.000Z</time>
        <extensions>
          <ns3:TrackPointExtension>
            <ns3:hr>119</ns3:hr>
          </ns3:TrackPointExtension>
        </extensions>
      </trkpt>
      <trkpt lat="43.3154558949172496795654296875" lon="-79.90454874001443386077880859375">
        <ele>161.8000030517578125</ele>
        <time>2025-10-04T17:32:49.000Z</time>
        <extensions>
          <ns3:TrackPointExtension>
            <ns3:hr>120</ns3:hr>
          </ns3:TrackPointExtension>
        </extensions>
      </trkpt>
      <trkpt lat="43.31543871201574802398681640625" lon="-79.90458914078772068023681640625">
        <ele>162.399993896484375</ele>
        <time>2025-10-04T17:32:56.000Z</time>
        <extensions>
          <ns3:TrackPointExtension>
            <ns3:hr>121</ns3:hr>
          </ns3:TrackPointExtension>
        </extensions>
      </trkpt>
      <trkpt lat="43.315423540771007537841796875" lon="-79.90462652407586574554443359375">
        <ele>163.1999969482421875</ele>
        <time>2025-10-04T17:33:01.000Z</time>
        <extensions>
          <ns3:TrackPointExtension>
            <ns3:hr>121</ns3:hr>
          </ns3:TrackPointExtension>
        </extensions>
      </trkpt>
      <trkpt lat="43.3154190145432949066162109375" lon="-79.90462954156100749969482421875">
        <ele>163.600006103515625</ele>
        <time>2025-10-04T17:33:02.000Z</time>
        <extensions>
          <ns3:TrackPointExtension>
            <ns3:hr>121</ns3:hr>
          </ns3:TrackPointExtension>
        </extensions>
      </trkpt>
      <trkpt lat="43.31539948470890522003173828125" lon="-79.90465904586017131805419921875">
        <ele>164.1999969482421875</ele>
        <time>2025-10-04T17:33:06.000Z</time>
        <extensions>
          <ns3:TrackPointExtension>
            <ns3:hr>124</ns3:hr>
          </ns3:TrackPointExtension>
        </extensions>
      </trkpt>
      <trkpt lat="43.3153952099382877349853515625" lon="-79.9046710319817066192626953125">
        <ele>164.600006103515625</ele>
        <time>2025-10-04T17:33:08.000Z</time>
        <extensions>
          <ns3:TrackPointExtension>
            <ns3:hr>127</ns3:hr>
          </ns3:TrackPointExtension>
        </extensions>
      </trkpt>
      <trkpt lat="43.315366543829441070556640625" lon="-79.9046958424150943756103515625">
        <ele>165.600006103515625</ele>
        <time>2025-10-04T17:33:14.000Z</time>
        <extensions>
          <ns3:TrackPointExtension>
            <ns3:hr>130</ns3:hr>
          </ns3:TrackPointExtension>
        </extensions>
      </trkpt>
      <trkpt lat="43.31533142365515232086181640625" lon="-79.904795587062835693359375">
        <ele>166.399993896484375</ele>
        <time>2025-10-04T17:33:27.000Z</time>
        <extensions>
          <ns3:TrackPointExtension>
            <ns3:hr>131</ns3:hr>
          </ns3:TrackPointExtension>
        </extensions>
      </trkpt>
      <trkpt lat="43.3152731694281101226806640625" lon="-79.90480539388954639434814453125">
        <ele>165.600006103515625</ele>
        <time>2025-10-04T17:33:39.000Z</time>
        <extensions>
          <ns3:TrackPointExtension>
            <ns3:hr>135</ns3:hr>
          </ns3:TrackPointExtension>
        </extensions>
      </trkpt>
      <trkpt lat="43.315269313752651214599609375" lon="-79.90480639971792697906494140625">
        <ele>165.399993896484375</ele>
        <time>2025-10-04T17:33:40.000Z</time>
        <extensions>
          <ns3:TrackPointExtension>
            <ns3:hr>133</ns3:hr>
          </ns3:TrackPointExtension>
        </extensions>
      </trkpt>
      <trkpt lat="43.31525464542210102081298828125" lon="-79.90479768253862857818603515625">
        <ele>165</ele>
        <time>2025-10-04T17:33:43.000Z</time>
        <extensions>
          <ns3:TrackPointExtension>
            <ns3:hr>130</ns3:hr>
          </ns3:TrackPointExtension>
        </extensions>
      </trkpt>
      <trkpt lat="43.31521131098270416259765625" lon="-79.9048088304698467254638671875">
        <ele>164.8000030517578125</ele>
        <time>2025-10-04T17:33:51.000Z</time>
        <extensions>
          <ns3:TrackPointExtension>
            <ns3:hr>133</ns3:hr>
          </ns3:TrackPointExtension>
        </extensions>
      </trkpt>
      <trkpt lat="43.31518021412193775177001953125" lon="-79.90480019710958003997802734375">
        <ele>164.8000030517578125</ele>
        <time>2025-10-04T17:33:54.000Z</time>
        <extensions>
          <ns3:TrackPointExtension>
            <ns3:hr>131</ns3:hr>
          </ns3:TrackPointExtension>
        </extensions>
      </trkpt>
      <trkpt lat="43.31511341035366058349609375" lon="-79.9047823436558246612548828125">
        <ele>165</ele>
        <time>2025-10-04T17:34:05.000Z</time>
        <extensions>
          <ns3:TrackPointExtension>
            <ns3:hr>134</ns3:hr>
          </ns3:TrackPointExtension>
        </extensions>
      </trkpt>
      <trkpt lat="43.3150971494615077972412109375" lon="-79.90477622486650943756103515625">
        <ele>164.8000030517578125</ele>
        <time>2025-10-04T17:34:07.000Z</time>
        <extensions>
          <ns3:TrackPointExtension>
            <ns3:hr>133</ns3:hr>
          </ns3:TrackPointExtension>
        </extensions>
      </trkpt>
      <trkpt lat="43.31508315168321132659912109375" lon="-79.9047726206481456756591796875">
        <ele>164.600006103515625</ele>
        <time>2025-10-04T17:34:10.000Z</time>
        <extensions>
          <ns3:TrackPointExtension>
            <ns3:hr>132</ns3:hr>
          </ns3:TrackPointExtension>
        </extensions>
      </trkpt>
      <trkpt lat="43.31503520719707012176513671875" lon="-79.90474655292928218841552734375">
        <ele>164</ele>
        <time>2025-10-04T17:34:19.000Z</time>
        <extensions>
          <ns3:TrackPointExtension>
            <ns3:hr>129</ns3:hr>
          </ns3:TrackPointExtension>
        </extensions>
      </trkpt>
      <trkpt lat="43.3150331117212772369384765625" lon="-79.90474998950958251953125">
        <ele>163.8000030517578125</ele>
        <time>2025-10-04T17:34:20.000Z</time>
        <extensions>
          <ns3:TrackPointExtension>
            <ns3:hr>129</ns3:hr>
          </ns3:TrackPointExtension>
        </extensions>
      </trkpt>
      <trkpt lat="43.31502732820808887481689453125" lon="-79.90476004779338836669921875">
        <ele>163.600006103515625</ele>
        <time>2025-10-04T17:34:23.000Z</time>
        <extensions>
          <ns3:TrackPointExtension>
            <ns3:hr>129</ns3:hr>
          </ns3:TrackPointExtension>
        </extensions>
      </trkpt>
      <trkpt lat="43.31497527658939361572265625" lon="-79.904753006994724273681640625">
        <ele>163.399993896484375</ele>
        <time>2025-10-04T17:34:30.000Z</time>
        <extensions>
          <ns3:TrackPointExtension>
            <ns3:hr>126</ns3:hr>
          </ns3:TrackPointExtension>
        </extensions>
      </trkpt>
      <trkpt lat="43.31495859660208225250244140625" lon="-79.90475644357502460479736328125">
        <ele>163.1999969482421875</ele>
        <time>2025-10-04T17:34:33.000Z</time>
        <extensions>
          <ns3:TrackPointExtension>
            <ns3:hr>126</ns3:hr>
          </ns3:TrackPointExtension>
        </extensions>
      </trkpt>
      <trkpt lat="43.3149442635476589202880859375" lon="-79.90477186627686023712158203125">
        <ele>162.600006103515625</ele>
        <time>2025-10-04T17:34:41.000Z</time>
        <extensions>
          <ns3:TrackPointExtension>
            <ns3:hr>124</ns3:hr>
          </ns3:TrackPointExtension>
        </extensions>
      </trkpt>
      <trkpt lat="43.314966224133968353271484375" lon="-79.90481712855398654937744140625">
        <ele>162.1999969482421875</ele>
        <time>2025-10-04T17:34:47.000Z</time>
        <extensions>
          <ns3:TrackPointExtension>
            <ns3:hr>125</ns3:hr>
          </ns3:TrackPointExtension>
        </extensions>
      </trkpt>
      <trkpt lat="43.31496312282979488372802734375" lon="-79.90488619543612003326416015625">
        <ele>162</ele>
        <time>2025-10-04T17:34:58.000Z</time>
        <extensions>
          <ns3:TrackPointExtension>
            <ns3:hr>126</ns3:hr>
          </ns3:TrackPointExtension>
        </extensions>
      </trkpt>
      <trkpt lat="43.3149368874728679656982421875" lon="-79.90495442412793636322021484375">
        <ele>162.1999969482421875</ele>
        <time>2025-10-04T17:35:07.000Z</time>
        <extensions>
          <ns3:TrackPointExtension>
            <ns3:hr>123</ns3:hr>
          </ns3:TrackPointExtension>
        </extensions>
      </trkpt>
      <trkpt lat="43.31491199322044849395751953125" lon="-79.9049734510481357574462890625">
        <ele>162.399993896484375</ele>
        <time>2025-10-04T17:35:11.000Z</time>
        <extensions>
          <ns3:TrackPointExtension>
            <ns3:hr>122</ns3:hr>
          </ns3:TrackPointExtension>
        </extensions>
      </trkpt>
      <trkpt lat="43.31487561576068401336669921875" lon="-79.90501125343143939971923828125">
        <ele>163.600006103515625</ele>
        <time>2025-10-04T17:35:19.000Z</time>
        <extensions>
          <ns3:TrackPointExtension>
            <ns3:hr>122</ns3:hr>
          </ns3:TrackPointExtension>
        </extensions>
      </trkpt>
      <trkpt lat="43.31485985778272151947021484375" lon="-79.9050676636397838592529296875">
        <ele>164</ele>
        <time>2025-10-04T17:35:26.000Z</time>
        <extensions>
          <ns3:TrackPointExtension>
            <ns3:hr>122</ns3:hr>
          </ns3:TrackPointExtension>
        </extensions>
      </trkpt>
      <trkpt lat="43.3148198761045932769775390625" lon="-79.90511451847851276397705078125">
        <ele>164</ele>
        <time>2025-10-04T17:35:33.000Z</time>
        <extensions>
          <ns3:TrackPointExtension>
            <ns3:hr>125</ns3:hr>
          </ns3:TrackPointExtension>
        </extensions>
      </trkpt>
      <trkpt lat="43.31481023691594600677490234375" lon="-79.9051424302160739898681640625">
        <ele>164</ele>
        <time>2025-10-04T17:35:36.000Z</time>
        <extensions>
          <ns3:TrackPointExtension>
            <ns3:hr>128</ns3:hr>
          </ns3:TrackPointExtension>
        </extensions>
      </trkpt>
      <trkpt lat="43.31479079090058803558349609375" lon="-79.90516397170722484588623046875">
        <ele>164</ele>
        <time>2025-10-04T17:35:40.000Z</time>
        <extensions>
          <ns3:TrackPointExtension>
            <ns3:hr>129</ns3:hr>
          </ns3:TrackPointExtension>
        </extensions>
      </trkpt>
      <trkpt lat="43.31477855332195758819580078125" lon="-79.905170761048793792724609375">
        <ele>164.600006103515625</ele>
        <time>2025-10-04T17:35:45.000Z</time>
        <extensions>
          <ns3:TrackPointExtension>
            <ns3:hr>128</ns3:hr>
          </ns3:TrackPointExtension>
        </extensions>
      </trkpt>
      <trkpt lat="43.314768411219120025634765625" lon="-79.90516061894595623016357421875">
        <ele>165</ele>
        <time>2025-10-04T17:35:50.000Z</time>
        <extensions>
          <ns3:TrackPointExtension>
            <ns3:hr>126</ns3:hr>
          </ns3:TrackPointExtension>
        </extensions>
      </trkpt>
      <trkpt lat="43.31475022248923778533935546875" lon="-79.90517805330455303192138671875">
        <ele>165.399993896484375</ele>
        <time>2025-10-04T17:36:04.000Z</time>
        <extensions>
          <ns3:TrackPointExtension>
            <ns3:hr>124</ns3:hr>
          </ns3:TrackPointExtension>
        </extensions>
      </trkpt>
      <trkpt lat="43.31476966850459575653076171875" lon="-79.905182160437107086181640625">
        <ele>165.1999969482421875</ele>
        <time>2025-10-04T17:36:08.000Z</time>
        <extensions>
          <ns3:TrackPointExtension>
            <ns3:hr>131</ns3:hr>
          </ns3:TrackPointExtension>
        </extensions>
      </trkpt>
      <trkpt lat="43.3147746138274669647216796875" lon="-79.90518626756966114044189453125">
        <ele>165.1999969482421875</ele>
        <time>2025-10-04T17:36:11.000Z</time>
        <extensions>
          <ns3:TrackPointExtension>
            <ns3:hr>135</ns3:hr>
          </ns3:TrackPointExtension>
        </extensions>
      </trkpt>
      <trkpt lat="43.31477939151227474212646484375" lon="-79.90518115460872650146484375">
        <ele>165.1999969482421875</ele>
        <time>2025-10-04T17:36:13.000Z</time>
        <extensions>
          <ns3:TrackPointExtension>
            <ns3:hr>138</ns3:hr>
          </ns3:TrackPointExtension>
        </extensions>
      </trkpt>
      <trkpt lat="43.31474728882312774658203125" lon="-79.9051813222467899322509765625">
        <ele>165.1999969482421875</ele>
        <time>2025-10-04T17:36:17.000Z</time>
        <extensions>
          <ns3:TrackPointExtension>
            <ns3:hr>139</ns3:hr>
          </ns3:TrackPointExtension>
        </extensions>
      </trkpt>
      <trkpt lat="43.31470713950693607330322265625" lon="-79.905201606452465057373046875">
        <ele>165.399993896484375</ele>
        <time>2025-10-04T17:36:26.000Z</time>
        <extensions>
          <ns3:TrackPointExtension>
            <ns3:hr>136</ns3:hr>
          </ns3:TrackPointExtension>
        </extensions>
      </trkpt>
      <trkpt lat="43.31470227800309658050537109375" lon="-79.90520521067082881927490234375">
        <ele>165.600006103515625</ele>
        <time>2025-10-04T17:36:28.000Z</time>
        <extensions>
          <ns3:TrackPointExtension>
            <ns3:hr>133</ns3:hr>
          </ns3:TrackPointExtension>
        </extensions>
      </trkpt>
      <trkpt lat="43.31470328383147716522216796875" lon="-79.9052099883556365966796875">
        <ele>165.600006103515625</ele>
        <time>2025-10-04T17:36:29.000Z</time>
        <extensions>
          <ns3:TrackPointExtension>
            <ns3:hr>133</ns3:hr>
          </ns3:TrackPointExtension>
        </extensions>
      </trkpt>
      <trkpt lat="43.3146877773106098175048828125" lon="-79.9052175320684909820556640625">
        <ele>166.399993896484375</ele>
        <time>2025-10-04T17:36:33.000Z</time>
        <extensions>
          <ns3:TrackPointExtension>
            <ns3:hr>130</ns3:hr>
          </ns3:TrackPointExtension>
        </extensions>
      </trkpt>
      <trkpt lat="43.31467227078974246978759765625" lon="-79.905237816274166107177734375">
        <ele>166.8000030517578125</ele>
        <time>2025-10-04T17:36:36.000Z</time>
        <extensions>
          <ns3:TrackPointExtension>
            <ns3:hr>129</ns3:hr>
          </ns3:TrackPointExtension>
        </extensions>
      </trkpt>
      <trkpt lat="43.314650394022464752197265625" lon="-79.90528198890388011932373046875">
        <ele>167.399993896484375</ele>
        <time>2025-10-04T17:36:45.000Z</time>
        <extensions>
          <ns3:TrackPointExtension>
            <ns3:hr>130</ns3:hr>
          </ns3:TrackPointExtension>
        </extensions>
      </trkpt>
      <trkpt lat="43.31464092247188091278076171875" lon="-79.9052963219583034515380859375">
        <ele>167.8000030517578125</ele>
        <time>2025-10-04T17:36:47.000Z</time>
        <extensions>
          <ns3:TrackPointExtension>
            <ns3:hr>130</ns3:hr>
          </ns3:TrackPointExtension>
        </extensions>
      </trkpt>
      <trkpt lat="43.3145925588905811309814453125" lon="-79.90535323508083820343017578125">
        <ele>169</ele>
        <time>2025-10-04T17:36:55.000Z</time>
        <extensions>
          <ns3:TrackPointExtension>
            <ns3:hr>130</ns3:hr>
          </ns3:TrackPointExtension>
        </extensions>
      </trkpt>
      <trkpt lat="43.3145563490688800811767578125" lon="-79.90537586621940135955810546875">
        <ele>169.1999969482421875</ele>
        <time>2025-10-04T17:36:59.000Z</time>
        <extensions>
          <ns3:TrackPointExtension>
            <ns3:hr>131</ns3:hr>
          </ns3:TrackPointExtension>
        </extensions>
      </trkpt>
      <trkpt lat="43.31453179009258747100830078125" lon="-79.90540620870888233184814453125">
        <ele>169.600006103515625</ele>
        <time>2025-10-04T17:37:02.000Z</time>
        <extensions>
          <ns3:TrackPointExtension>
            <ns3:hr>134</ns3:hr>
          </ns3:TrackPointExtension>
        </extensions>
      </trkpt>
      <trkpt lat="43.31450563855469226837158203125" lon="-79.90543060004711151123046875">
        <ele>170</ele>
        <time>2025-10-04T17:37:06.000Z</time>
        <extensions>
          <ns3:TrackPointExtension>
            <ns3:hr>135</ns3:hr>
          </ns3:TrackPointExtension>
        </extensions>
      </trkpt>
      <trkpt lat="43.31447680480778217315673828125" lon="-79.905451722443103790283203125">
        <ele>170.399993896484375</ele>
        <time>2025-10-04T17:37:10.000Z</time>
        <extensions>
          <ns3:TrackPointExtension>
            <ns3:hr>138</ns3:hr>
          </ns3:TrackPointExtension>
        </extensions>
      </trkpt>
      <trkpt lat="43.314462639391422271728515625" lon="-79.9054622836410999298095703125">
        <ele>170.399993896484375</ele>
        <time>2025-10-04T17:37:12.000Z</time>
        <extensions>
          <ns3:TrackPointExtension>
            <ns3:hr>139</ns3:hr>
          </ns3:TrackPointExtension>
        </extensions>
      </trkpt>
      <trkpt lat="43.31439047120511531829833984375" lon="-79.90548047237098217010498046875">
        <ele>171</ele>
        <time>2025-10-04T17:37:20.000Z</time>
        <extensions>
          <ns3:TrackPointExtension>
            <ns3:hr>139</ns3:hr>
          </ns3:TrackPointExtension>
        </extensions>
      </trkpt>
      <trkpt lat="43.31436297856271266937255859375" lon="-79.905476532876491546630859375">
        <ele>171.1999969482421875</ele>
        <time>2025-10-04T17:37:24.000Z</time>
        <extensions>
          <ns3:TrackPointExtension>
            <ns3:hr>136</ns3:hr>
          </ns3:TrackPointExtension>
        </extensions>
      </trkpt>
      <trkpt lat="43.314352333545684814453125" lon="-79.9054760299623012542724609375">
        <ele>171.1999969482421875</ele>
        <time>2025-10-04T17:37:26.000Z</time>
        <extensions>
          <ns3:TrackPointExtension>
            <ns3:hr>137</ns3:hr>
          </ns3:TrackPointExtension>
        </extensions>
      </trkpt>
      <trkpt lat="43.31422702409327030181884765625" lon="-79.90549505688250064849853515625">
        <ele>171.600006103515625</ele>
        <time>2025-10-04T17:37:38.000Z</time>
        <extensions>
          <ns3:TrackPointExtension>
            <ns3:hr>136</ns3:hr>
          </ns3:TrackPointExtension>
        </extensions>
      </trkpt>
      <trkpt lat="43.31421311013400554656982421875" lon="-79.9055082164704799652099609375">
        <ele>171.600006103515625</ele>
        <time>2025-10-04T17:37:41.000Z</time>
        <extensions>
          <ns3:TrackPointExtension>
            <ns3:hr>133</ns3:hr>
          </ns3:TrackPointExtension>
        </extensions>
      </trkpt>
      <trkpt lat="43.31411831080913543701171875" lon="-79.90550310350954532623291015625">
        <ele>170.399993896484375</ele>
        <time>2025-10-04T17:37:51.000Z</time>
        <extensions>
          <ns3:TrackPointExtension>
            <ns3:hr>132</ns3:hr>
          </ns3:TrackPointExtension>
        </extensions>
      </trkpt>
      <trkpt lat="43.31404396332800388336181640625" lon="-79.905517436563968658447265625">
        <ele>170</ele>
        <time>2025-10-04T17:37:58.000Z</time>
        <extensions>
          <ns3:TrackPointExtension>
            <ns3:hr>132</ns3:hr>
          </ns3:TrackPointExtension>
        </extensions>
      </trkpt>
      <trkpt lat="43.31397858448326587677001953125" lon="-79.90552690811455249786376953125">
        <ele>170</ele>
        <time>2025-10-04T17:38:06.000Z</time>
        <extensions>
          <ns3:TrackPointExtension>
            <ns3:hr>133</ns3:hr>
          </ns3:TrackPointExtension>
        </extensions>
      </trkpt>
      <trkpt lat="43.3139749802649021148681640625" lon="-79.9055420793592929840087890625">
        <ele>170.600006103515625</ele>
        <time>2025-10-04T17:38:11.000Z</time>
        <extensions>
          <ns3:TrackPointExtension>
            <ns3:hr>130</ns3:hr>
          </ns3:TrackPointExtension>
        </extensions>
      </trkpt>
      <trkpt lat="43.31395444460213184356689453125" lon="-79.905562698841094970703125">
        <ele>170.8000030517578125</ele>
        <time>2025-10-04T17:38:16.000Z</time>
        <extensions>
          <ns3:TrackPointExtension>
            <ns3:hr>127</ns3:hr>
          </ns3:TrackPointExtension>
        </extensions>
      </trkpt>
      <trkpt lat="43.31394757144153118133544921875" lon="-79.90556563250720500946044921875">
        <ele>170.8000030517578125</ele>
        <time>2025-10-04T17:38:17.000Z</time>
        <extensions>
          <ns3:TrackPointExtension>
            <ns3:hr>124</ns3:hr>
          </ns3:TrackPointExtension>
        </extensions>
      </trkpt>
      <trkpt lat="43.31394103355705738067626953125" lon="-79.90557183511555194854736328125">
        <ele>170.8000030517578125</ele>
        <time>2025-10-04T17:38:19.000Z</time>
        <extensions>
          <ns3:TrackPointExtension>
            <ns3:hr>123</ns3:hr>
          </ns3:TrackPointExtension>
        </extensions>
      </trkpt>
      <trkpt lat="43.31393659114837646484375" lon="-79.90557401441037654876708984375">
        <ele>171</ele>
        <time>2025-10-04T17:38:20.000Z</time>
        <extensions>
          <ns3:TrackPointExtension>
            <ns3:hr>123</ns3:hr>
          </ns3:TrackPointExtension>
        </extensions>
      </trkpt>
      <trkpt lat="43.31389434635639190673828125" lon="-79.9056235514581203460693359375">
        <ele>172</ele>
        <time>2025-10-04T17:38:29.000Z</time>
        <extensions>
          <ns3:TrackPointExtension>
            <ns3:hr>122</ns3:hr>
          </ns3:TrackPointExtension>
        </extensions>
      </trkpt>
      <trkpt lat="43.3138574659824371337890625" lon="-79.9056456796824932098388671875">
        <ele>172.399993896484375</ele>
        <time>2025-10-04T17:38:34.000Z</time>
        <extensions>
          <ns3:TrackPointExtension>
            <ns3:hr>124</ns3:hr>
          </ns3:TrackPointExtension>
        </extensions>
      </trkpt>
      <trkpt lat="43.31380357034504413604736328125" lon="-79.90572840906679630279541015625">
        <ele>172.399993896484375</ele>
        <time>2025-10-04T17:38:42.000Z</time>
        <extensions>
          <ns3:TrackPointExtension>
            <ns3:hr>123</ns3:hr>
          </ns3:TrackPointExtension>
        </extensions>
      </trkpt>
      <trkpt lat="43.3137791790068149566650390625" lon="-79.90579546429216861724853515625">
        <ele>172.399993896484375</ele>
        <time>2025-10-04T17:38:47.000Z</time>
        <extensions>
          <ns3:TrackPointExtension>
            <ns3:hr>123</ns3:hr>
          </ns3:TrackPointExtension>
        </extensions>
      </trkpt>
      <trkpt lat="43.3137718029320240020751953125" lon="-79.9058713205158710479736328125">
        <ele>172.399993896484375</ele>
        <time>2025-10-04T17:38:53.000Z</time>
        <extensions>
          <ns3:TrackPointExtension>
            <ns3:hr>126</ns3:hr>
          </ns3:TrackPointExtension>
        </extensions>
      </trkpt>
      <trkpt lat="43.31377088092267513275146484375" lon="-79.90589520893990993499755859375">
        <ele>172.600006103515625</ele>
        <time>2025-10-04T17:38:55.000Z</time>
        <extensions>
          <ns3:TrackPointExtension>
            <ns3:hr>129</ns3:hr>
          </ns3:TrackPointExtension>
        </extensions>
      </trkpt>
      <trkpt lat="43.31376886926591396331787109375" lon="-79.90591649897396564483642578125">
        <ele>173</ele>
        <time>2025-10-04T17:38:57.000Z</time>
        <extensions>
          <ns3:TrackPointExtension>
            <ns3:hr>132</ns3:hr>
          </ns3:TrackPointExtension>
        </extensions>
      </trkpt>
      <trkpt lat="43.31376853398978710174560546875" lon="-79.90593728609383106231689453125">
        <ele>173.399993896484375</ele>
        <time>2025-10-04T17:38:59.000Z</time>
        <extensions>
          <ns3:TrackPointExtension>
            <ns3:hr>131</ns3:hr>
          </ns3:TrackPointExtension>
        </extensions>
      </trkpt>
      <trkpt lat="43.313756883144378662109375" lon="-79.90599780343472957611083984375">
        <ele>174.399993896484375</ele>
        <time>2025-10-04T17:39:05.000Z</time>
        <extensions>
          <ns3:TrackPointExtension>
            <ns3:hr>131</ns3:hr>
          </ns3:TrackPointExtension>
        </extensions>
      </trkpt>
      <trkpt lat="43.3137473277747631072998046875" lon="-79.90609578788280487060546875">
        <ele>174.8000030517578125</ele>
        <time>2025-10-04T17:39:13.000Z</time>
        <extensions>
          <ns3:TrackPointExtension>
            <ns3:hr>132</ns3:hr>
          </ns3:TrackPointExtension>
        </extensions>
      </trkpt>
      <trkpt lat="43.3136437274515628814697265625" lon="-79.90622310899198055267333984375">
        <ele>174.8000030517578125</ele>
        <time>2025-10-04T17:39:26.000Z</time>
        <extensions>
          <ns3:TrackPointExtension>
            <ns3:hr>134</ns3:hr>
          </ns3:TrackPointExtension>
        </extensions>
      </trkpt>
      <trkpt lat="43.3135803602635860443115234375" lon="-79.9063259549438953399658203125">
        <ele>175.1999969482421875</ele>
        <time>2025-10-04T17:39:36.000Z</time>
        <extensions>
          <ns3:TrackPointExtension>
            <ns3:hr>131</ns3:hr>
          </ns3:TrackPointExtension>
        </extensions>
      </trkpt>
      <trkpt lat="43.31354976631700992584228515625" lon="-79.90634129382669925689697265625">
        <ele>175.399993896484375</ele>
        <time>2025-10-04T17:39:40.000Z</time>
        <extensions>
          <ns3:TrackPointExtension>
            <ns3:hr>130</ns3:hr>
          </ns3:TrackPointExtension>
        </extensions>
      </trkpt>
      <trkpt lat="43.31354540772736072540283203125" lon="-79.90634783171117305755615234375">
        <ele>175.600006103515625</ele>
        <time>2025-10-04T17:39:41.000Z</time>
        <extensions>
          <ns3:TrackPointExtension>
            <ns3:hr>130</ns3:hr>
          </ns3:TrackPointExtension>
        </extensions>
      </trkpt>
      <trkpt lat="43.31349578686058521270751953125" lon="-79.906375743448734283447265625">
        <ele>176.8000030517578125</ele>
        <time>2025-10-04T17:39:48.000Z</time>
        <extensions>
          <ns3:TrackPointExtension>
            <ns3:hr>131</ns3:hr>
          </ns3:TrackPointExtension>
        </extensions>
      </trkpt>
      <trkpt lat="43.31345689482986927032470703125" lon="-79.9063819460570812225341796875">
        <ele>177.8000030517578125</ele>
        <time>2025-10-04T17:39:53.000Z</time>
        <extensions>
          <ns3:TrackPointExtension>
            <ns3:hr>134</ns3:hr>
          </ns3:TrackPointExtension>
        </extensions>
      </trkpt>
      <trkpt lat="43.31345580518245697021484375" lon="-79.90638370625674724578857421875">
        <ele>177.8000030517578125</ele>
        <time>2025-10-04T17:39:54.000Z</time>
        <extensions>
          <ns3:TrackPointExtension>
            <ns3:hr>134</ns3:hr>
          </ns3:TrackPointExtension>
        </extensions>
      </trkpt>
      <trkpt lat="43.31339252181351184844970703125" lon="-79.90642167627811431884765625">
        <ele>178.8000030517578125</ele>
        <time>2025-10-04T17:40:03.000Z</time>
        <extensions>
          <ns3:TrackPointExtension>
            <ns3:hr>137</ns3:hr>
          </ns3:TrackPointExtension>
        </extensions>
      </trkpt>
      <trkpt lat="43.313386738300323486328125" lon="-79.90642301738262176513671875">
        <ele>178.8000030517578125</ele>
        <time>2025-10-04T17:40:04.000Z</time>
        <extensions>
          <ns3:TrackPointExtension>
            <ns3:hr>137</ns3:hr>
          </ns3:TrackPointExtension>
        </extensions>
      </trkpt>
      <trkpt lat="43.31338070333003997802734375" lon="-79.9064225144684314727783203125">
        <ele>179.1999969482421875</ele>
        <time>2025-10-04T17:40:05.000Z</time>
        <extensions>
          <ns3:TrackPointExtension>
            <ns3:hr>138</ns3:hr>
          </ns3:TrackPointExtension>
        </extensions>
      </trkpt>
      <trkpt lat="43.31335061229765415191650390625" lon="-79.90642041899263858795166015625">
        <ele>179.8000030517578125</ele>
        <time>2025-10-04T17:40:10.000Z</time>
        <extensions>
          <ns3:TrackPointExtension>
            <ns3:hr>137</ns3:hr>
          </ns3:TrackPointExtension>
        </extensions>
      </trkpt>
      <trkpt lat="43.31333787180483341217041015625" lon="-79.9064241908490657806396484375">
        <ele>180.8000030517578125</ele>
        <time>2025-10-04T17:40:17.000Z</time>
        <extensions>
          <ns3:TrackPointExtension>
            <ns3:hr>136</ns3:hr>
          </ns3:TrackPointExtension>
        </extensions>
      </trkpt>
      <trkpt lat="43.3133376203477382659912109375" lon="-79.9064228497445583343505859375">
        <ele>181</ele>
        <time>2025-10-04T17:40:21.000Z</time>
        <extensions>
          <ns3:TrackPointExtension>
            <ns3:hr>138</ns3:hr>
          </ns3:TrackPointExtension>
        </extensions>
      </trkpt>
      <trkpt lat="43.313322030007839202880859375" lon="-79.906393848359584808349609375">
        <ele>181</ele>
        <time>2025-10-04T17:40:27.000Z</time>
        <extensions>
          <ns3:TrackPointExtension>
            <ns3:hr>141</ns3:hr>
          </ns3:TrackPointExtension>
        </extensions>
      </trkpt>
      <trkpt lat="43.31331088207662105560302734375" lon="-79.90638253279030323028564453125">
        <ele>181</ele>
        <time>2025-10-04T17:40:29.000Z</time>
        <extensions>
          <ns3:TrackPointExtension>
            <ns3:hr>142</ns3:hr>
          </ns3:TrackPointExtension>
        </extensions>
      </trkpt>
      <trkpt lat="43.3132531307637691497802734375" lon="-79.90642762742936611175537109375">
        <ele>180.8000030517578125</ele>
        <time>2025-10-04T17:40:37.000Z</time>
        <extensions>
          <ns3:TrackPointExtension>
            <ns3:hr>143</ns3:hr>
          </ns3:TrackPointExtension>
        </extensions>
      </trkpt>
      <trkpt lat="43.31319957040250301361083984375" lon="-79.90648294799029827117919921875">
        <ele>181</ele>
        <time>2025-10-04T17:40:45.000Z</time>
        <extensions>
          <ns3:TrackPointExtension>
            <ns3:hr>140</ns3:hr>
          </ns3:TrackPointExtension>
        </extensions>
      </trkpt>
      <trkpt lat="43.313175849616527557373046875" lon="-79.90652267821133136749267578125">
        <ele>181</ele>
        <time>2025-10-04T17:40:49.000Z</time>
        <extensions>
          <ns3:TrackPointExtension>
            <ns3:hr>137</ns3:hr>
          </ns3:TrackPointExtension>
        </extensions>
      </trkpt>
      <trkpt lat="43.31316319294273853302001953125" lon="-79.9065361730754375457763671875">
        <ele>181.1999969482421875</ele>
        <time>2025-10-04T17:40:51.000Z</time>
        <extensions>
          <ns3:TrackPointExtension>
            <ns3:hr>136</ns3:hr>
          </ns3:TrackPointExtension>
        </extensions>
      </trkpt>
      <trkpt lat="43.31310669891536235809326171875" lon="-79.90659526549279689788818359375">
        <ele>181.600006103515625</ele>
        <time>2025-10-04T17:41:02.000Z</time>
        <extensions>
          <ns3:TrackPointExtension>
            <ns3:hr>137</ns3:hr>
          </ns3:TrackPointExtension>
        </extensions>
      </trkpt>
      <trkpt lat="43.3131230436265468597412109375" lon="-79.90658470429480075836181640625">
        <ele>181.8000030517578125</ele>
        <time>2025-10-04T17:41:06.000Z</time>
        <extensions>
          <ns3:TrackPointExtension>
            <ns3:hr>132</ns3:hr>
          </ns3:TrackPointExtension>
        </extensions>
      </trkpt>
      <trkpt lat="43.31312262453138828277587890625" lon="-79.90658453665673732757568359375">
        <ele>182</ele>
        <time>2025-10-04T17:41:08.000Z</time>
        <extensions>
          <ns3:TrackPointExtension>
            <ns3:hr>129</ns3:hr>
          </ns3:TrackPointExtension>
        </extensions>
      </trkpt>
      <trkpt lat="43.31311591900885105133056640625" lon="-79.9066032283008098602294921875">
        <ele>182</ele>
        <time>2025-10-04T17:41:10.000Z</time>
        <extensions>
          <ns3:TrackPointExtension>
            <ns3:hr>129</ns3:hr>
          </ns3:TrackPointExtension>
        </extensions>
      </trkpt>
      <trkpt lat="43.31311223097145557403564453125" lon="-79.90660901181399822235107421875">
        <ele>182</ele>
        <time>2025-10-04T17:41:11.000Z</time>
        <extensions>
          <ns3:TrackPointExtension>
            <ns3:hr>129</ns3:hr>
          </ns3:TrackPointExtension>
        </extensions>
      </trkpt>
      <trkpt lat="43.31305372528731822967529296875" lon="-79.906667768955230712890625">
        <ele>182</ele>
        <time>2025-10-04T17:41:21.000Z</time>
        <extensions>
          <ns3:TrackPointExtension>
            <ns3:hr>128</ns3:hr>
          </ns3:TrackPointExtension>
        </extensions>
      </trkpt>
      <trkpt lat="43.31300796009600162506103515625" lon="-79.90668461658060550689697265625">
        <ele>182.399993896484375</ele>
        <time>2025-10-04T17:41:26.000Z</time>
        <extensions>
          <ns3:TrackPointExtension>
            <ns3:hr>129</ns3:hr>
          </ns3:TrackPointExtension>
        </extensions>
      </trkpt>
      <trkpt lat="43.31298482604324817657470703125" lon="-79.90669216029345989227294921875">
        <ele>182.399993896484375</ele>
        <time>2025-10-04T17:41:29.000Z</time>
        <extensions>
          <ns3:TrackPointExtension>
            <ns3:hr>126</ns3:hr>
          </ns3:TrackPointExtension>
        </extensions>
      </trkpt>
      <trkpt lat="43.3129560761153697967529296875" lon="-79.906700961291790008544921875">
        <ele>182.600006103515625</ele>
        <time>2025-10-04T17:41:33.000Z</time>
        <extensions>
          <ns3:TrackPointExtension>
            <ns3:hr>125</ns3:hr>
          </ns3:TrackPointExtension>
        </extensions>
      </trkpt>
      <trkpt lat="43.31293101422488689422607421875" lon="-79.9067229218780994415283203125">
        <ele>183</ele>
        <time>2025-10-04T17:41:36.000Z</time>
        <extensions>
          <ns3:TrackPointExtension>
            <ns3:hr>125</ns3:hr>
          </ns3:TrackPointExtension>
        </extensions>
      </trkpt>
      <trkpt lat="43.31286370754241943359375" lon="-79.906812608242034912109375">
        <ele>184</ele>
        <time>2025-10-04T17:41:47.000Z</time>
        <extensions>
          <ns3:TrackPointExtension>
            <ns3:hr>127</ns3:hr>
          </ns3:TrackPointExtension>
        </extensions>
      </trkpt>
      <trkpt lat="43.3128541521728038787841796875" lon="-79.90681922994554042816162109375">
        <ele>184.1999969482421875</ele>
        <time>2025-10-04T17:41:48.000Z</time>
        <extensions>
          <ns3:TrackPointExtension>
            <ns3:hr>127</ns3:hr>
          </ns3:TrackPointExtension>
        </extensions>
      </trkpt>
      <trkpt lat="43.31282607279717922210693359375" lon="-79.90688494406640529632568359375">
        <ele>184.8000030517578125</ele>
        <time>2025-10-04T17:41:52.000Z</time>
        <extensions>
          <ns3:TrackPointExtension>
            <ns3:hr>128</ns3:hr>
          </ns3:TrackPointExtension>
        </extensions>
      </trkpt>
      <trkpt lat="43.31280712969601154327392578125" lon="-79.90690958686172962188720703125">
        <ele>185</ele>
        <time>2025-10-04T17:41:54.000Z</time>
        <extensions>
          <ns3:TrackPointExtension>
            <ns3:hr>125</ns3:hr>
          </ns3:TrackPointExtension>
        </extensions>
      </trkpt>
      <trkpt lat="43.31278047524392604827880859375" lon="-79.90696214139461517333984375">
        <ele>185.1999969482421875</ele>
        <time>2025-10-04T17:41:58.000Z</time>
        <extensions>
          <ns3:TrackPointExtension>
            <ns3:hr>128</ns3:hr>
          </ns3:TrackPointExtension>
        </extensions>
      </trkpt>
      <trkpt lat="43.31277896650135517120361328125" lon="-79.9069723673164844512939453125">
        <ele>185.399993896484375</ele>
        <time>2025-10-04T17:41:59.000Z</time>
        <extensions>
          <ns3:TrackPointExtension>
            <ns3:hr>127</ns3:hr>
          </ns3:TrackPointExtension>
        </extensions>
      </trkpt>
      <trkpt lat="43.31276706419885158538818359375" lon="-79.90699541755020618438720703125">
        <ele>185.600006103515625</ele>
        <time>2025-10-04T17:42:01.000Z</time>
        <extensions>
          <ns3:TrackPointExtension>
            <ns3:hr>131</ns3:hr>
          </ns3:TrackPointExtension>
        </extensions>
      </trkpt>
      <trkpt lat="43.31275315023958683013916015625" lon="-79.90702508948743343353271484375">
        <ele>186.399993896484375</ele>
        <time>2025-10-04T17:42:03.000Z</time>
        <extensions>
          <ns3:TrackPointExtension>
            <ns3:hr>131</ns3:hr>
          </ns3:TrackPointExtension>
        </extensions>
      </trkpt>
      <trkpt lat="43.3127294294536113739013671875" lon="-79.90706850774586200714111328125">
        <ele>186.8000030517578125</ele>
        <time>2025-10-04T17:42:06.000Z</time>
        <extensions>
          <ns3:TrackPointExtension>
            <ns3:hr>135</ns3:hr>
          </ns3:TrackPointExtension>
        </extensions>
      </trkpt>
      <trkpt lat="43.31269565038383007049560546875" lon="-79.9071289412677288055419921875">
        <ele>187</ele>
        <time>2025-10-04T17:42:10.000Z</time>
        <extensions>
          <ns3:TrackPointExtension>
            <ns3:hr>135</ns3:hr>
          </ns3:TrackPointExtension>
        </extensions>
      </trkpt>
      <trkpt lat="43.3126553334295749664306640625" lon="-79.907187111675739288330078125">
        <ele>187.399993896484375</ele>
        <time>2025-10-04T17:42:14.000Z</time>
        <extensions>
          <ns3:TrackPointExtension>
            <ns3:hr>136</ns3:hr>
          </ns3:TrackPointExtension>
        </extensions>
      </trkpt>
      <trkpt lat="43.31257210113108158111572265625" lon="-79.90732432343065738677978515625">
        <ele>187.399993896484375</ele>
        <time>2025-10-04T17:42:24.000Z</time>
        <extensions>
          <ns3:TrackPointExtension>
            <ns3:hr>136</ns3:hr>
          </ns3:TrackPointExtension>
        </extensions>
      </trkpt>
      <trkpt lat="43.3124769665300846099853515625" lon="-79.907419122755527496337890625">
        <ele>187.600006103515625</ele>
        <time>2025-10-04T17:42:34.000Z</time>
        <extensions>
          <ns3:TrackPointExtension>
            <ns3:hr>133</ns3:hr>
          </ns3:TrackPointExtension>
        </extensions>
      </trkpt>
      <trkpt lat="43.312446959316730499267578125" lon="-79.90743412636220455169677734375">
        <ele>187.8000030517578125</ele>
        <time>2025-10-04T17:42:37.000Z</time>
        <extensions>
          <ns3:TrackPointExtension>
            <ns3:hr>132</ns3:hr>
          </ns3:TrackPointExtension>
        </extensions>
      </trkpt>
      <trkpt lat="43.3123535849153995513916015625" lon="-79.90748844109475612640380859375">
        <ele>188.600006103515625</ele>
        <time>2025-10-04T17:42:47.000Z</time>
        <extensions>
          <ns3:TrackPointExtension>
            <ns3:hr>132</ns3:hr>
          </ns3:TrackPointExtension>
        </extensions>
      </trkpt>
      <trkpt lat="43.31233137287199497222900390625" lon="-79.90750604309141635894775390625">
        <ele>188.8000030517578125</ele>
        <time>2025-10-04T17:42:49.000Z</time>
        <extensions>
          <ns3:TrackPointExtension>
            <ns3:hr>132</ns3:hr>
          </ns3:TrackPointExtension>
        </extensions>
      </trkpt>
      <trkpt lat="43.312186785042285919189453125" lon="-79.907574020326137542724609375">
        <ele>189.1999969482421875</ele>
        <time>2025-10-04T17:43:02.000Z</time>
        <extensions>
          <ns3:TrackPointExtension>
            <ns3:hr>130</ns3:hr>
          </ns3:TrackPointExtension>
        </extensions>
      </trkpt>
      <trkpt lat="43.312118053436279296875" lon="-79.9075436778366565704345703125">
        <ele>189.399993896484375</ele>
        <time>2025-10-04T17:43:13.000Z</time>
        <extensions>
          <ns3:TrackPointExtension>
            <ns3:hr>129</ns3:hr>
          </ns3:TrackPointExtension>
        </extensions>
      </trkpt>
      <trkpt lat="43.3121086657047271728515625" lon="-79.90753068588674068450927734375">
        <ele>189.399993896484375</ele>
        <time>2025-10-04T17:43:16.000Z</time>
        <extensions>
          <ns3:TrackPointExtension>
            <ns3:hr>126</ns3:hr>
          </ns3:TrackPointExtension>
        </extensions>
      </trkpt>
      <trkpt lat="43.31208343617618083953857421875" lon="-79.90746011026203632354736328125">
        <ele>189</ele>
        <time>2025-10-04T17:43:28.000Z</time>
        <extensions>
          <ns3:TrackPointExtension>
            <ns3:hr>125</ns3:hr>
          </ns3:TrackPointExtension>
        </extensions>
      </trkpt>
      <trkpt lat="43.31207438372075557708740234375" lon="-79.9074125848710536956787109375">
        <ele>187.399993896484375</ele>
        <time>2025-10-04T17:43:38.000Z</time>
        <extensions>
          <ns3:TrackPointExtension>
            <ns3:hr>124</ns3:hr>
          </ns3:TrackPointExtension>
        </extensions>
      </trkpt>
      <trkpt lat="43.3120551891624927520751953125" lon="-79.9073958210647106170654296875">
        <ele>186.600006103515625</ele>
        <time>2025-10-04T17:43:42.000Z</time>
        <extensions>
          <ns3:TrackPointExtension>
            <ns3:hr>124</ns3:hr>
          </ns3:TrackPointExtension>
        </extensions>
      </trkpt>
      <trkpt lat="43.3120488189160823822021484375" lon="-79.90739221684634685516357421875">
        <ele>186.1999969482421875</ele>
        <time>2025-10-04T17:43:43.000Z</time>
        <extensions>
          <ns3:TrackPointExtension>
            <ns3:hr>124</ns3:hr>
          </ns3:TrackPointExtension>
        </extensions>
      </trkpt>
      <trkpt lat="43.31199995242059230804443359375" lon="-79.907387606799602508544921875">
        <ele>185.1999969482421875</ele>
        <time>2025-10-04T17:43:48.000Z</time>
        <extensions>
          <ns3:TrackPointExtension>
            <ns3:hr>124</ns3:hr>
          </ns3:TrackPointExtension>
        </extensions>
      </trkpt>
      <trkpt lat="43.31196852028369903564453125" lon="-79.90739758126437664031982421875">
        <ele>184</ele>
        <time>2025-10-04T17:43:54.000Z</time>
        <extensions>
          <ns3:TrackPointExtension>
            <ns3:hr>122</ns3:hr>
          </ns3:TrackPointExtension>
        </extensions>
      </trkpt>
      <trkpt lat="43.3119686879217624664306640625" lon="-79.9073928035795688629150390625">
        <ele>183.600006103515625</ele>
        <time>2025-10-04T17:43:57.000Z</time>
        <extensions>
          <ns3:TrackPointExtension>
            <ns3:hr>119</ns3:hr>
          </ns3:TrackPointExtension>
        </extensions>
      </trkpt>
      <trkpt lat="43.31196156330406665802001953125" lon="-79.90740328095853328704833984375">
        <ele>182.8000030517578125</ele>
        <time>2025-10-04T17:44:02.000Z</time>
        <extensions>
          <ns3:TrackPointExtension>
            <ns3:hr>121</ns3:hr>
          </ns3:TrackPointExtension>
        </extensions>
      </trkpt>
      <trkpt lat="43.31194630824029445648193359375" lon="-79.9073968268930912017822265625">
        <ele>182.1999969482421875</ele>
        <time>2025-10-04T17:44:06.000Z</time>
        <extensions>
          <ns3:TrackPointExtension>
            <ns3:hr>122</ns3:hr>
          </ns3:TrackPointExtension>
        </extensions>
      </trkpt>
      <trkpt lat="43.3119529299437999725341796875" lon="-79.90740680135786533355712890625">
        <ele>182</ele>
        <time>2025-10-04T17:44:21.000Z</time>
        <extensions>
          <ns3:TrackPointExtension>
            <ns3:hr>124</ns3:hr>
          </ns3:TrackPointExtension>
        </extensions>
      </trkpt>
      <trkpt lat="43.311930634081363677978515625" lon="-79.90735902450978755950927734375">
        <ele>181.8000030517578125</ele>
        <time>2025-10-04T17:44:30.000Z</time>
        <extensions>
          <ns3:TrackPointExtension>
            <ns3:hr>127</ns3:hr>
          </ns3:TrackPointExtension>
        </extensions>
      </trkpt>
      <trkpt lat="43.31192200072109699249267578125" lon="-79.90735106170177459716796875">
        <ele>181.8000030517578125</ele>
        <time>2025-10-04T17:44:32.000Z</time>
        <extensions>
          <ns3:TrackPointExtension>
            <ns3:hr>127</ns3:hr>
          </ns3:TrackPointExtension>
        </extensions>
      </trkpt>
      <trkpt lat="43.31189802847802639007568359375" lon="-79.90731460042297840118408203125">
        <ele>181.399993896484375</ele>
        <time>2025-10-04T17:44:45.000Z</time>
        <extensions>
          <ns3:TrackPointExtension>
            <ns3:hr>123</ns3:hr>
          </ns3:TrackPointExtension>
        </extensions>
      </trkpt>
      <trkpt lat="43.31193172372877597808837890625" lon="-79.90733169950544834136962890625">
        <ele>181.600006103515625</ele>
        <time>2025-10-04T17:44:59.000Z</time>
        <extensions>
          <ns3:TrackPointExtension>
            <ns3:hr>121</ns3:hr>
          </ns3:TrackPointExtension>
        </extensions>
      </trkpt>
      <trkpt lat="43.31194329075515270233154296875" lon="-79.9073508940637111663818359375">
        <ele>181.600006103515625</ele>
        <time>2025-10-04T17:45:08.000Z</time>
        <extensions>
          <ns3:TrackPointExtension>
            <ns3:hr>118</ns3:hr>
          </ns3:TrackPointExtension>
        </extensions>
      </trkpt>
      <trkpt lat="43.311928622424602508544921875" lon="-79.90734628401696681976318359375">
        <ele>181.600006103515625</ele>
        <time>2025-10-04T17:45:14.000Z</time>
        <extensions>
          <ns3:TrackPointExtension>
            <ns3:hr>118</ns3:hr>
          </ns3:TrackPointExtension>
        </extensions>
      </trkpt>
      <trkpt lat="43.311928622424602508544921875" lon="-79.907366819679737091064453125">
        <ele>181.600006103515625</ele>
        <time>2025-10-04T17:45:19.000Z</time>
        <extensions>
          <ns3:TrackPointExtension>
            <ns3:hr>122</ns3:hr>
          </ns3:TrackPointExtension>
        </extensions>
      </trkpt>
      <trkpt lat="43.31192971207201480865478515625" lon="-79.90736707113683223724365234375">
        <ele>181.600006103515625</ele>
        <time>2025-10-04T17:45:22.000Z</time>
        <extensions>
          <ns3:TrackPointExtension>
            <ns3:hr>125</ns3:hr>
          </ns3:TrackPointExtension>
        </extensions>
      </trkpt>
      <trkpt lat="43.31193440593779087066650390625" lon="-79.90736673586070537567138671875">
        <ele>181.399993896484375</ele>
        <time>2025-10-04T17:45:26.000Z</time>
        <extensions>
          <ns3:TrackPointExtension>
            <ns3:hr>125</ns3:hr>
          </ns3:TrackPointExtension>
        </extensions>
      </trkpt>
      <trkpt lat="43.31193499267101287841796875" lon="-79.90734846331179141998291015625">
        <ele>181.600006103515625</ele>
        <time>2025-10-04T17:45:32.000Z</time>
        <extensions>
          <ns3:TrackPointExtension>
            <ns3:hr>129</ns3:hr>
          </ns3:TrackPointExtension>
        </extensions>
      </trkpt>
      <trkpt lat="43.31193289719521999359130859375" lon="-79.90735030733048915863037109375">
        <ele>181.600006103515625</ele>
        <time>2025-10-04T17:45:34.000Z</time>
        <extensions>
          <ns3:TrackPointExtension>
            <ns3:hr>134</ns3:hr>
          </ns3:TrackPointExtension>
        </extensions>
      </trkpt>
      <trkpt lat="43.31193038262426853179931640625" lon="-79.90734863094985485076904296875">
        <ele>181.600006103515625</ele>
        <time>2025-10-04T17:45:36.000Z</time>
        <extensions>
          <ns3:TrackPointExtension>
            <ns3:hr>138</ns3:hr>
          </ns3:TrackPointExtension>
        </extensions>
      </trkpt>
      <trkpt lat="43.3119227550923824310302734375" lon="-79.90733169950544834136962890625">
        <ele>181.600006103515625</ele>
        <time>2025-10-04T17:45:39.000Z</time>
        <extensions>
          <ns3:TrackPointExtension>
            <ns3:hr>141</ns3:hr>
          </ns3:TrackPointExtension>
        </extensions>
      </trkpt>
      <trkpt lat="43.31191219389438629150390625" lon="-79.9072949029505252838134765625">
        <ele>181.600006103515625</ele>
        <time>2025-10-04T17:45:51.000Z</time>
        <extensions>
          <ns3:TrackPointExtension>
            <ns3:hr>138</ns3:hr>
          </ns3:TrackPointExtension>
        </extensions>
      </trkpt>
      <trkpt lat="43.31190825439989566802978515625" lon="-79.9072940647602081298828125">
        <ele>181.600006103515625</ele>
        <time>2025-10-04T17:45:52.000Z</time>
        <extensions>
          <ns3:TrackPointExtension>
            <ns3:hr>140</ns3:hr>
          </ns3:TrackPointExtension>
        </extensions>
      </trkpt>
      <trkpt lat="43.311900459229946136474609375" lon="-79.9072838388383388519287109375">
        <ele>181.600006103515625</ele>
        <time>2025-10-04T17:46:06.000Z</time>
        <extensions>
          <ns3:TrackPointExtension>
            <ns3:hr>139</ns3:hr>
          </ns3:TrackPointExtension>
        </extensions>
      </trkpt>
      <trkpt lat="43.31189341843128204345703125" lon="-79.9072672426700592041015625">
        <ele>181.600006103515625</ele>
        <time>2025-10-04T17:46:12.000Z</time>
        <extensions>
          <ns3:TrackPointExtension>
            <ns3:hr>135</ns3:hr>
          </ns3:TrackPointExtension>
        </extensions>
      </trkpt>
      <trkpt lat="43.31189283169806003570556640625" lon="-79.9072699248790740966796875">
        <ele>181.600006103515625</ele>
        <time>2025-10-04T17:46:14.000Z</time>
        <extensions>
          <ns3:TrackPointExtension>
            <ns3:hr>132</ns3:hr>
          </ns3:TrackPointExtension>
        </extensions>
      </trkpt>
      <trkpt lat="43.3118929155170917510986328125" lon="-79.9072704277932643890380859375">
        <ele>181.600006103515625</ele>
        <time>2025-10-04T17:46:16.000Z</time>
        <extensions>
          <ns3:TrackPointExtension>
            <ns3:hr>128</ns3:hr>
          </ns3:TrackPointExtension>
        </extensions>
      </trkpt>
      <trkpt lat="43.3118925802409648895263671875" lon="-79.9072694219648838043212890625">
        <ele>181.600006103515625</ele>
        <time>2025-10-04T17:46:17.000Z</time>
        <extensions>
          <ns3:TrackPointExtension>
            <ns3:hr>123</ns3:hr>
          </ns3:TrackPointExtension>
        </extensions>
      </trkpt>
      <trkpt lat="43.31188939511775970458984375" lon="-79.90727084688842296600341796875">
        <ele>181.600006103515625</ele>
        <time>2025-10-04T17:46:19.000Z</time>
        <extensions>
          <ns3:TrackPointExtension>
            <ns3:hr>120</ns3:hr>
          </ns3:TrackPointExtension>
        </extensions>
      </trkpt>
      <trkpt lat="43.311883024871349334716796875" lon="-79.90726833231747150421142578125">
        <ele>181.600006103515625</ele>
        <time>2025-10-04T17:46:24.000Z</time>
        <extensions>
          <ns3:TrackPointExtension>
            <ns3:hr>122</ns3:hr>
          </ns3:TrackPointExtension>
        </extensions>
      </trkpt>
      <trkpt lat="43.3118952624499797821044921875" lon="-79.90726632066071033477783203125">
        <ele>178.1999969482421875</ele>
        <time>2025-10-04T17:46:29.000Z</time>
        <extensions>
          <ns3:TrackPointExtension>
            <ns3:hr>124</ns3:hr>
          </ns3:TrackPointExtension>
        </extensions>
      </trkpt>
      <trkpt lat="43.3119297958910465240478515625" lon="-79.907250814139842987060546875">
        <ele>178.399993896484375</ele>
        <time>2025-10-04T17:46:36.000Z</time>
        <extensions>
          <ns3:TrackPointExtension>
            <ns3:hr>126</ns3:hr>
          </ns3:TrackPointExtension>
        </extensions>
      </trkpt>
      <trkpt lat="43.311948738992214202880859375" lon="-79.9072003550827503204345703125">
        <ele>178.1999969482421875</ele>
        <time>2025-10-04T17:46:49.000Z</time>
        <extensions>
          <ns3:TrackPointExtension>
            <ns3:hr>126</ns3:hr>
          </ns3:TrackPointExtension>
        </extensions>
      </trkpt>
      <trkpt lat="43.31194379366934299468994140625" lon="-79.907185770571231842041015625">
        <ele>178.399993896484375</ele>
        <time>2025-10-04T17:47:00.000Z</time>
        <extensions>
          <ns3:TrackPointExtension>
            <ns3:hr>125</ns3:hr>
          </ns3:TrackPointExtension>
        </extensions>
      </trkpt>
      <trkpt lat="43.31191621720790863037109375" lon="-79.90717847831547260284423828125">
        <ele>178</ele>
        <time>2025-10-04T17:47:15.000Z</time>
        <extensions>
          <ns3:TrackPointExtension>
            <ns3:hr>125</ns3:hr>
          </ns3:TrackPointExtension>
        </extensions>
      </trkpt>
      <trkpt lat="43.3119086734950542449951171875" lon="-79.907174371182918548583984375">
        <ele>178</ele>
        <time>2025-10-04T17:47:17.000Z</time>
        <extensions>
          <ns3:TrackPointExtension>
            <ns3:hr>122</ns3:hr>
          </ns3:TrackPointExtension>
        </extensions>
      </trkpt>
      <trkpt lat="43.31190356053411960601806640625" lon="-79.907175041735172271728515625">
        <ele>178</ele>
        <time>2025-10-04T17:47:19.000Z</time>
        <extensions>
          <ns3:TrackPointExtension>
            <ns3:hr>119</ns3:hr>
          </ns3:TrackPointExtension>
        </extensions>
      </trkpt>
      <trkpt lat="43.3118818514049053192138671875" lon="-79.90719775669276714324951171875">
        <ele>178</ele>
        <time>2025-10-04T17:47:25.000Z</time>
        <extensions>
          <ns3:TrackPointExtension>
            <ns3:hr>116</ns3:hr>
          </ns3:TrackPointExtension>
        </extensions>
      </trkpt>
      <trkpt lat="43.31187598407268524169921875" lon="-79.907197840511798858642578125">
        <ele>178</ele>
        <time>2025-10-04T17:47:27.000Z</time>
        <extensions>
          <ns3:TrackPointExtension>
            <ns3:hr>113</ns3:hr>
          </ns3:TrackPointExtension>
        </extensions>
      </trkpt>
      <trkpt lat="43.31187120638787746429443359375" lon="-79.907195158302783966064453125">
        <ele>178</ele>
        <time>2025-10-04T17:47:30.000Z</time>
        <extensions>
          <ns3:TrackPointExtension>
            <ns3:hr>110</ns3:hr>
          </ns3:TrackPointExtension>
        </extensions>
      </trkpt>
      <trkpt lat="43.31187103874981403350830078125" lon="-79.9071946553885936737060546875">
        <ele>178</ele>
        <time>2025-10-04T17:47:31.000Z</time>
        <extensions>
          <ns3:TrackPointExtension>
            <ns3:hr>111</ns3:hr>
          </ns3:TrackPointExtension>
        </extensions>
      </trkpt>
      <trkpt lat="43.3118848688900470733642578125" lon="-79.90728476084768772125244140625">
        <ele>180.1999969482421875</ele>
        <time>2025-10-04T17:47:42.000Z</time>
        <extensions>
          <ns3:TrackPointExtension>
            <ns3:hr>113</ns3:hr>
          </ns3:TrackPointExtension>
        </extensions>
      </trkpt>
      <trkpt lat="43.31188847310841083526611328125" lon="-79.9073026143014430999755859375">
        <ele>181</ele>
        <time>2025-10-04T17:47:43.000Z</time>
        <extensions>
          <ns3:TrackPointExtension>
            <ns3:hr>113</ns3:hr>
          </ns3:TrackPointExtension>
        </extensions>
      </trkpt>
      <trkpt lat="43.311890065670013427734375" lon="-79.90730755962431430816650390625">
        <ele>181.600006103515625</ele>
        <time>2025-10-04T17:47:44.000Z</time>
        <extensions>
          <ns3:TrackPointExtension>
            <ns3:hr>114</ns3:hr>
          </ns3:TrackPointExtension>
        </extensions>
      </trkpt>
      <trkpt lat="43.3118955977261066436767578125" lon="-79.90732952021062374114990234375">
        <ele>181.8000030517578125</ele>
        <time>2025-10-04T17:47:48.000Z</time>
        <extensions>
          <ns3:TrackPointExtension>
            <ns3:hr>117</ns3:hr>
          </ns3:TrackPointExtension>
        </extensions>
      </trkpt>
      <trkpt lat="43.311897777020931243896484375" lon="-79.90733563899993896484375">
        <ele>182</ele>
        <time>2025-10-04T17:47:53.000Z</time>
        <extensions>
          <ns3:TrackPointExtension>
            <ns3:hr>120</ns3:hr>
          </ns3:TrackPointExtension>
        </extensions>
      </trkpt>
      <trkpt lat="43.311904482543468475341796875" lon="-79.90735516883432865142822265625">
        <ele>184</ele>
        <time>2025-10-04T17:47:57.000Z</time>
        <extensions>
          <ns3:TrackPointExtension>
            <ns3:hr>120</ns3:hr>
          </ns3:TrackPointExtension>
        </extensions>
      </trkpt>
      <trkpt lat="43.31191889941692352294921875" lon="-79.9073656462132930755615234375">
        <ele>185.1999969482421875</ele>
        <time>2025-10-04T17:47:59.000Z</time>
        <extensions>
          <ns3:TrackPointExtension>
            <ns3:hr>119</ns3:hr>
          </ns3:TrackPointExtension>
        </extensions>
      </trkpt>
      <trkpt lat="43.31194027327001094818115234375" lon="-79.90736338309943675994873046875">
        <ele>185.600006103515625</ele>
        <time>2025-10-04T17:48:08.000Z</time>
        <extensions>
          <ns3:TrackPointExtension>
            <ns3:hr>119</ns3:hr>
          </ns3:TrackPointExtension>
        </extensions>
      </trkpt>
      <trkpt lat="43.31195401959121227264404296875" lon="-79.9073391593992710113525390625">
        <ele>185.600006103515625</ele>
        <time>2025-10-04T17:48:13.000Z</time>
        <extensions>
          <ns3:TrackPointExtension>
            <ns3:hr>116</ns3:hr>
          </ns3:TrackPointExtension>
        </extensions>
      </trkpt>
      <trkpt lat="43.31190976314246654510498046875" lon="-79.9073155224323272705078125">
        <ele>185.399993896484375</ele>
        <time>2025-10-04T17:48:18.000Z</time>
        <extensions>
          <ns3:TrackPointExtension>
            <ns3:hr>116</ns3:hr>
          </ns3:TrackPointExtension>
        </extensions>
      </trkpt>
      <trkpt lat="43.31187807954847812652587890625" lon="-79.90730035118758678436279296875">
        <ele>185.399993896484375</ele>
        <time>2025-10-04T17:48:21.000Z</time>
        <extensions>
          <ns3:TrackPointExtension>
            <ns3:hr>119</ns3:hr>
          </ns3:TrackPointExtension>
        </extensions>
      </trkpt>
      <trkpt lat="43.31178872846066951751708984375" lon="-79.90728400647640228271484375">
        <ele>184.600006103515625</ele>
        <time>2025-10-04T17:48:30.000Z</time>
        <extensions>
          <ns3:TrackPointExtension>
            <ns3:hr>122</ns3:hr>
          </ns3:TrackPointExtension>
        </extensions>
      </trkpt>
      <trkpt lat="43.3117484115064144134521484375" lon="-79.90727864205837249755859375">
        <ele>184</ele>
        <time>2025-10-04T17:48:35.000Z</time>
        <extensions>
          <ns3:TrackPointExtension>
            <ns3:hr>120</ns3:hr>
          </ns3:TrackPointExtension>
        </extensions>
      </trkpt>
      <trkpt lat="43.31174229271709918975830078125" lon="-79.90728107281029224395751953125">
        <ele>183.8000030517578125</ele>
        <time>2025-10-04T17:48:36.000Z</time>
        <extensions>
          <ns3:TrackPointExtension>
            <ns3:hr>124</ns3:hr>
          </ns3:TrackPointExtension>
        </extensions>
      </trkpt>
      <trkpt lat="43.311715386807918548583984375" lon="-79.90728341974318027496337890625">
        <ele>183</ele>
        <time>2025-10-04T17:48:40.000Z</time>
        <extensions>
          <ns3:TrackPointExtension>
            <ns3:hr>127</ns3:hr>
          </ns3:TrackPointExtension>
        </extensions>
      </trkpt>
      <trkpt lat="43.31170742399990558624267578125" lon="-79.90728132426738739013671875">
        <ele>182.8000030517578125</ele>
        <time>2025-10-04T17:48:41.000Z</time>
        <extensions>
          <ns3:TrackPointExtension>
            <ns3:hr>128</ns3:hr>
          </ns3:TrackPointExtension>
        </extensions>
      </trkpt>
      <trkpt lat="43.3116687834262847900390625" lon="-79.9072707630693912506103515625">
        <ele>182.399993896484375</ele>
        <time>2025-10-04T17:48:45.000Z</time>
        <extensions>
          <ns3:TrackPointExtension>
            <ns3:hr>129</ns3:hr>
          </ns3:TrackPointExtension>
        </extensions>
      </trkpt>
      <trkpt lat="43.31160164438188076019287109375" lon="-79.9072513170540332794189453125">
        <ele>181.399993896484375</ele>
        <time>2025-10-04T17:48:51.000Z</time>
        <extensions>
          <ns3:TrackPointExtension>
            <ns3:hr>130</ns3:hr>
          </ns3:TrackPointExtension>
        </extensions>
      </trkpt>
      <trkpt lat="43.31154364161193370819091796875" lon="-79.90723438560962677001953125">
        <ele>180.399993896484375</ele>
        <time>2025-10-04T17:48:57.000Z</time>
        <extensions>
          <ns3:TrackPointExtension>
            <ns3:hr>129</ns3:hr>
          </ns3:TrackPointExtension>
        </extensions>
      </trkpt>
      <trkpt lat="43.3115170709788799285888671875" lon="-79.9072198010981082916259765625">
        <ele>180</ele>
        <time>2025-10-04T17:49:00.000Z</time>
        <extensions>
          <ns3:TrackPointExtension>
            <ns3:hr>131</ns3:hr>
          </ns3:TrackPointExtension>
        </extensions>
      </trkpt>
      <trkpt lat="43.31149150617420673370361328125" lon="-79.9072117544710636138916015625">
        <ele>179.399993896484375</ele>
        <time>2025-10-04T17:49:03.000Z</time>
        <extensions>
          <ns3:TrackPointExtension>
            <ns3:hr>129</ns3:hr>
          </ns3:TrackPointExtension>
        </extensions>
      </trkpt>
      <trkpt lat="43.31144289113581180572509765625" lon="-79.90721720270812511444091796875">
        <ele>179</ele>
        <time>2025-10-04T17:49:08.000Z</time>
        <extensions>
          <ns3:TrackPointExtension>
            <ns3:hr>126</ns3:hr>
          </ns3:TrackPointExtension>
        </extensions>
      </trkpt>
      <trkpt lat="43.31140098161995410919189453125" lon="-79.90724771283566951751708984375">
        <ele>178.399993896484375</ele>
        <time>2025-10-04T17:49:12.000Z</time>
        <extensions>
          <ns3:TrackPointExtension>
            <ns3:hr>127</ns3:hr>
          </ns3:TrackPointExtension>
        </extensions>
      </trkpt>
      <trkpt lat="43.31139578483998775482177734375" lon="-79.9072563461959362030029296875">
        <ele>178.1999969482421875</ele>
        <time>2025-10-04T17:49:13.000Z</time>
        <extensions>
          <ns3:TrackPointExtension>
            <ns3:hr>126</ns3:hr>
          </ns3:TrackPointExtension>
        </extensions>
      </trkpt>
      <trkpt lat="43.3113205991685390472412109375" lon="-79.9073223955929279327392578125">
        <ele>177.8000030517578125</ele>
        <time>2025-10-04T17:49:23.000Z</time>
        <extensions>
          <ns3:TrackPointExtension>
            <ns3:hr>127</ns3:hr>
          </ns3:TrackPointExtension>
        </extensions>
      </trkpt>
      <trkpt lat="43.31126234494149684906005859375" lon="-79.90736103616654872894287109375">
        <ele>177.600006103515625</ele>
        <time>2025-10-04T17:49:31.000Z</time>
        <extensions>
          <ns3:TrackPointExtension>
            <ns3:hr>124</ns3:hr>
          </ns3:TrackPointExtension>
        </extensions>
      </trkpt>
      <trkpt lat="43.3112173341214656829833984375" lon="-79.9073824100196361541748046875">
        <ele>177.600006103515625</ele>
        <time>2025-10-04T17:49:36.000Z</time>
        <extensions>
          <ns3:TrackPointExtension>
            <ns3:hr>125</ns3:hr>
          </ns3:TrackPointExtension>
        </extensions>
      </trkpt>
      <trkpt lat="43.311171233654022216796875" lon="-79.9074092321097850799560546875">
        <ele>177.399993896484375</ele>
        <time>2025-10-04T17:49:41.000Z</time>
        <extensions>
          <ns3:TrackPointExtension>
            <ns3:hr>124</ns3:hr>
          </ns3:TrackPointExtension>
        </extensions>
      </trkpt>
      <trkpt lat="43.3111227862536907196044921875" lon="-79.907393641769886016845703125">
        <ele>176.8000030517578125</ele>
        <time>2025-10-04T17:49:51.000Z</time>
        <extensions>
          <ns3:TrackPointExtension>
            <ns3:hr>125</ns3:hr>
          </ns3:TrackPointExtension>
        </extensions>
      </trkpt>
      <trkpt lat="43.31110627390444278717041015625" lon="-79.90740495733916759490966796875">
        <ele>176.8000030517578125</ele>
        <time>2025-10-04T17:49:55.000Z</time>
        <extensions>
          <ns3:TrackPointExtension>
            <ns3:hr>129</ns3:hr>
          </ns3:TrackPointExtension>
        </extensions>
      </trkpt>
      <trkpt lat="43.3111033402383327484130859375" lon="-79.90740277804434299468994140625">
        <ele>176.600006103515625</ele>
        <time>2025-10-04T17:49:57.000Z</time>
        <extensions>
          <ns3:TrackPointExtension>
            <ns3:hr>133</ns3:hr>
          </ns3:TrackPointExtension>
        </extensions>
      </trkpt>
      <trkpt lat="43.3110969699919223785400390625" lon="-79.9074052087962627410888671875">
        <ele>176.600006103515625</ele>
        <time>2025-10-04T17:49:59.000Z</time>
        <extensions>
          <ns3:TrackPointExtension>
            <ns3:hr>136</ns3:hr>
          </ns3:TrackPointExtension>
        </extensions>
      </trkpt>
      <trkpt lat="43.3110765181481838226318359375" lon="-79.90739892236888408660888671875">
        <ele>176</ele>
        <time>2025-10-04T17:50:03.000Z</time>
        <extensions>
          <ns3:TrackPointExtension>
            <ns3:hr>138</ns3:hr>
          </ns3:TrackPointExtension>
        </extensions>
      </trkpt>
      <trkpt lat="43.31104776822030544281005859375" lon="-79.907398335635662078857421875">
        <ele>175.399993896484375</ele>
        <time>2025-10-04T17:50:09.000Z</time>
        <extensions>
          <ns3:TrackPointExtension>
            <ns3:hr>135</ns3:hr>
          </ns3:TrackPointExtension>
        </extensions>
      </trkpt>
      <trkpt lat="43.31104324199259281158447265625" lon="-79.9074048735201358795166015625">
        <ele>174.8000030517578125</ele>
        <time>2025-10-04T17:50:11.000Z</time>
        <extensions>
          <ns3:TrackPointExtension>
            <ns3:hr>136</ns3:hr>
          </ns3:TrackPointExtension>
        </extensions>
      </trkpt>
      <trkpt lat="43.3110154978930950164794921875" lon="-79.90743077360093593597412109375">
        <ele>174</ele>
        <time>2025-10-04T17:50:16.000Z</time>
        <extensions>
          <ns3:TrackPointExtension>
            <ns3:hr>133</ns3:hr>
          </ns3:TrackPointExtension>
        </extensions>
      </trkpt>
      <trkpt lat="43.311008624732494354248046875" lon="-79.9074330367147922515869140625">
        <ele>173.8000030517578125</ele>
        <time>2025-10-04T17:50:17.000Z</time>
        <extensions>
          <ns3:TrackPointExtension>
            <ns3:hr>132</ns3:hr>
          </ns3:TrackPointExtension>
        </extensions>
      </trkpt>
      <trkpt lat="43.31099982373416423797607421875" lon="-79.90743429400026798248291015625">
        <ele>173.600006103515625</ele>
        <time>2025-10-04T17:50:18.000Z</time>
        <extensions>
          <ns3:TrackPointExtension>
            <ns3:hr>129</ns3:hr>
          </ns3:TrackPointExtension>
        </extensions>
      </trkpt>
      <trkpt lat="43.31099747680127620697021484375" lon="-79.9074394069612026214599609375">
        <ele>173.600006103515625</ele>
        <time>2025-10-04T17:50:19.000Z</time>
        <extensions>
          <ns3:TrackPointExtension>
            <ns3:hr>122</ns3:hr>
          </ns3:TrackPointExtension>
        </extensions>
      </trkpt>
      <trkpt lat="43.3109869994223117828369140625" lon="-79.90744284354150295257568359375">
        <ele>173.399993896484375</ele>
        <time>2025-10-04T17:50:21.000Z</time>
        <extensions>
          <ns3:TrackPointExtension>
            <ns3:hr>119</ns3:hr>
          </ns3:TrackPointExtension>
        </extensions>
      </trkpt>
      <trkpt lat="43.31095724366605281829833984375" lon="-79.9074551649391651153564453125">
        <ele>172.8000030517578125</ele>
        <time>2025-10-04T17:50:27.000Z</time>
        <extensions>
          <ns3:TrackPointExtension>
            <ns3:hr>120</ns3:hr>
          </ns3:TrackPointExtension>
        </extensions>
      </trkpt>
      <trkpt lat="43.31091717816889286041259765625" lon="-79.9074598588049411773681640625">
        <ele>172.1999969482421875</ele>
        <time>2025-10-04T17:50:33.000Z</time>
        <extensions>
          <ns3:TrackPointExtension>
            <ns3:hr>119</ns3:hr>
          </ns3:TrackPointExtension>
        </extensions>
      </trkpt>
      <trkpt lat="43.310876525938510894775390625" lon="-79.907460696995258331298828125">
        <ele>171.600006103515625</ele>
        <time>2025-10-04T17:50:39.000Z</time>
        <extensions>
          <ns3:TrackPointExtension>
            <ns3:hr>118</ns3:hr>
          </ns3:TrackPointExtension>
        </extensions>
      </trkpt>
      <trkpt lat="43.31081257201731204986572265625" lon="-79.90745164453983306884765625">
        <ele>170.8000030517578125</ele>
        <time>2025-10-04T17:50:45.000Z</time>
        <extensions>
          <ns3:TrackPointExtension>
            <ns3:hr>119</ns3:hr>
          </ns3:TrackPointExtension>
        </extensions>
      </trkpt>
      <trkpt lat="43.31079748459160327911376953125" lon="-79.90744049660861492156982421875">
        <ele>170.600006103515625</ele>
        <time>2025-10-04T17:50:47.000Z</time>
        <extensions>
          <ns3:TrackPointExtension>
            <ns3:hr>118</ns3:hr>
          </ns3:TrackPointExtension>
        </extensions>
      </trkpt>
      <trkpt lat="43.310725986957550048828125" lon="-79.90742976777255535125732421875">
        <ele>170</ele>
        <time>2025-10-04T17:50:56.000Z</time>
        <extensions>
          <ns3:TrackPointExtension>
            <ns3:hr>115</ns3:hr>
          </ns3:TrackPointExtension>
        </extensions>
      </trkpt>
      <trkpt lat="43.31071718595921993255615234375" lon="-79.907429181039333343505859375">
        <ele>170</ele>
        <time>2025-10-04T17:50:57.000Z</time>
        <extensions>
          <ns3:TrackPointExtension>
            <ns3:hr>115</ns3:hr>
          </ns3:TrackPointExtension>
        </extensions>
      </trkpt>
      <trkpt lat="43.31065834499895572662353515625" lon="-79.90742892958223819732666015625">
        <ele>169.399993896484375</ele>
        <time>2025-10-04T17:51:07.000Z</time>
        <extensions>
          <ns3:TrackPointExtension>
            <ns3:hr>116</ns3:hr>
          </ns3:TrackPointExtension>
        </extensions>
      </trkpt>
      <trkpt lat="43.3106450177729129791259765625" lon="-79.907427169382572174072265625">
        <ele>168.8000030517578125</ele>
        <time>2025-10-04T17:51:11.000Z</time>
        <extensions>
          <ns3:TrackPointExtension>
            <ns3:hr>117</ns3:hr>
          </ns3:TrackPointExtension>
        </extensions>
      </trkpt>
      <trkpt lat="43.310619033873081207275390625" lon="-79.90747469477355480194091796875">
        <ele>168.600006103515625</ele>
        <time>2025-10-04T17:51:17.000Z</time>
        <extensions>
          <ns3:TrackPointExtension>
            <ns3:hr>120</ns3:hr>
          </ns3:TrackPointExtension>
        </extensions>
      </trkpt>
      <trkpt lat="43.31061358563601970672607421875" lon="-79.907506965100765228271484375">
        <ele>168.399993896484375</ele>
        <time>2025-10-04T17:51:21.000Z</time>
        <extensions>
          <ns3:TrackPointExtension>
            <ns3:hr>120</ns3:hr>
          </ns3:TrackPointExtension>
        </extensions>
      </trkpt>
      <trkpt lat="43.3106081373989582061767578125" lon="-79.90751761011779308319091796875">
        <ele>168.399993896484375</ele>
        <time>2025-10-04T17:51:23.000Z</time>
        <extensions>
          <ns3:TrackPointExtension>
            <ns3:hr>120</ns3:hr>
          </ns3:TrackPointExtension>
        </extensions>
      </trkpt>
      <trkpt lat="43.310557343065738677978515625" lon="-79.90758701227605342864990234375">
        <ele>167.8000030517578125</ele>
        <time>2025-10-04T17:51:36.000Z</time>
        <extensions>
          <ns3:TrackPointExtension>
            <ns3:hr>119</ns3:hr>
          </ns3:TrackPointExtension>
        </extensions>
      </trkpt>
      <trkpt lat="43.3105568401515483856201171875" lon="-79.90761433728039264678955078125">
        <ele>167.399993896484375</ele>
        <time>2025-10-04T17:51:41.000Z</time>
        <extensions>
          <ns3:TrackPointExtension>
            <ns3:hr>119</ns3:hr>
          </ns3:TrackPointExtension>
        </extensions>
      </trkpt>
      <trkpt lat="43.3105575107038021087646484375" lon="-79.9076382257044315338134765625">
        <ele>167</ele>
        <time>2025-10-04T17:51:50.000Z</time>
        <extensions>
          <ns3:TrackPointExtension>
            <ns3:hr>119</ns3:hr>
          </ns3:TrackPointExtension>
        </extensions>
      </trkpt>
      <trkpt lat="43.3105531521141529083251953125" lon="-79.90763512440025806427001953125">
        <ele>166.8000030517578125</ele>
        <time>2025-10-04T17:51:54.000Z</time>
        <extensions>
          <ns3:TrackPointExtension>
            <ns3:hr>116</ns3:hr>
          </ns3:TrackPointExtension>
        </extensions>
      </trkpt>
      <trkpt lat="43.3105561695992946624755859375" lon="-79.90761031396687030792236328125">
        <ele>166.8000030517578125</ele>
        <time>2025-10-04T17:52:00.000Z</time>
        <extensions>
          <ns3:TrackPointExtension>
            <ns3:hr>118</ns3:hr>
          </ns3:TrackPointExtension>
        </extensions>
      </trkpt>
      <trkpt lat="43.3105370588600635528564453125" lon="-79.90760142914950847625732421875">
        <ele>166.8000030517578125</ele>
        <time>2025-10-04T17:52:16.000Z</time>
        <extensions>
          <ns3:TrackPointExtension>
            <ns3:hr>120</ns3:hr>
          </ns3:TrackPointExtension>
        </extensions>
      </trkpt>
      <trkpt lat="43.31054301001131534576416015625" lon="-79.90760226733982563018798828125">
        <ele>167</ele>
        <time>2025-10-04T17:52:21.000Z</time>
        <extensions>
          <ns3:TrackPointExtension>
            <ns3:hr>116</ns3:hr>
          </ns3:TrackPointExtension>
        </extensions>
      </trkpt>
      <trkpt lat="43.310511074960231781005859375" lon="-79.90763093344867229461669921875">
        <ele>167</ele>
        <time>2025-10-04T17:52:30.000Z</time>
        <extensions>
          <ns3:TrackPointExtension>
            <ns3:hr>116</ns3:hr>
          </ns3:TrackPointExtension>
        </extensions>
      </trkpt>
      <trkpt lat="43.31050344742834568023681640625" lon="-79.907631687819957733154296875">
        <ele>167</ele>
        <time>2025-10-04T17:52:31.000Z</time>
        <extensions>
          <ns3:TrackPointExtension>
            <ns3:hr>119</ns3:hr>
          </ns3:TrackPointExtension>
        </extensions>
      </trkpt>
      <trkpt lat="43.31040118820965290069580078125" lon="-79.90773537196218967437744140625">
        <ele>167.1999969482421875</ele>
        <time>2025-10-04T17:52:45.000Z</time>
        <extensions>
          <ns3:TrackPointExtension>
            <ns3:hr>116</ns3:hr>
          </ns3:TrackPointExtension>
        </extensions>
      </trkpt>
      <trkpt lat="43.310323990881443023681640625" lon="-79.907842241227626800537109375">
        <ele>168.399993896484375</ele>
        <time>2025-10-04T17:52:57.000Z</time>
        <extensions>
          <ns3:TrackPointExtension>
            <ns3:hr>115</ns3:hr>
          </ns3:TrackPointExtension>
        </extensions>
      </trkpt>
      <trkpt lat="43.31029272638261318206787109375" lon="-79.9078591726720333099365234375">
        <ele>169.600006103515625</ele>
        <time>2025-10-04T17:53:02.000Z</time>
        <extensions>
          <ns3:TrackPointExtension>
            <ns3:hr>117</ns3:hr>
          </ns3:TrackPointExtension>
        </extensions>
      </trkpt>
      <trkpt lat="43.3102847635746002197265625" lon="-79.90786965005099773406982421875">
        <ele>169.600006103515625</ele>
        <time>2025-10-04T17:53:04.000Z</time>
        <extensions>
          <ns3:TrackPointExtension>
            <ns3:hr>120</ns3:hr>
          </ns3:TrackPointExtension>
        </extensions>
      </trkpt>
      <trkpt lat="43.31027529202401638031005859375" lon="-79.90788188762962818145751953125">
        <ele>169.8000030517578125</ele>
        <time>2025-10-04T17:53:06.000Z</time>
        <extensions>
          <ns3:TrackPointExtension>
            <ns3:hr>123</ns3:hr>
          </ns3:TrackPointExtension>
        </extensions>
      </trkpt>
      <trkpt lat="43.3102574385702610015869140625" lon="-79.90790753625333309173583984375">
        <ele>170.399993896484375</ele>
        <time>2025-10-04T17:53:10.000Z</time>
        <extensions>
          <ns3:TrackPointExtension>
            <ns3:hr>125</ns3:hr>
          </ns3:TrackPointExtension>
        </extensions>
      </trkpt>
      <trkpt lat="43.3102547563612461090087890625" lon="-79.9079136550426483154296875">
        <ele>170.600006103515625</ele>
        <time>2025-10-04T17:53:11.000Z</time>
        <extensions>
          <ns3:TrackPointExtension>
            <ns3:hr>125</ns3:hr>
          </ns3:TrackPointExtension>
        </extensions>
      </trkpt>
      <trkpt lat="43.31022332422435283660888671875" lon="-79.90793553180992603302001953125">
        <ele>171.8000030517578125</ele>
        <time>2025-10-04T17:53:16.000Z</time>
        <extensions>
          <ns3:TrackPointExtension>
            <ns3:hr>128</ns3:hr>
          </ns3:TrackPointExtension>
        </extensions>
      </trkpt>
      <trkpt lat="43.31017085351049900054931640625" lon="-79.907963611185550689697265625">
        <ele>172.1999969482421875</ele>
        <time>2025-10-04T17:53:21.000Z</time>
        <extensions>
          <ns3:TrackPointExtension>
            <ns3:hr>131</ns3:hr>
          </ns3:TrackPointExtension>
        </extensions>
      </trkpt>
      <trkpt lat="43.3101571910083293914794921875" lon="-79.90797459147870540618896484375">
        <ele>172.1999969482421875</ele>
        <time>2025-10-04T17:53:23.000Z</time>
        <extensions>
          <ns3:TrackPointExtension>
            <ns3:hr>132</ns3:hr>
          </ns3:TrackPointExtension>
        </extensions>
      </trkpt>
      <trkpt lat="43.31014168448746204376220703125" lon="-79.90801490843296051025390625">
        <ele>172.1999969482421875</ele>
        <time>2025-10-04T17:53:27.000Z</time>
        <extensions>
          <ns3:TrackPointExtension>
            <ns3:hr>135</ns3:hr>
          </ns3:TrackPointExtension>
        </extensions>
      </trkpt>
      <trkpt lat="43.31010916270315647125244140625" lon="-79.908065535128116607666015625">
        <ele>172.399993896484375</ele>
        <time>2025-10-04T17:53:35.000Z</time>
        <extensions>
          <ns3:TrackPointExtension>
            <ns3:hr>135</ns3:hr>
          </ns3:TrackPointExtension>
        </extensions>
      </trkpt>
      <trkpt lat="43.3100567758083343505859375" lon="-79.90811356343328952789306640625">
        <ele>172.8000030517578125</ele>
        <time>2025-10-04T17:53:43.000Z</time>
        <extensions>
          <ns3:TrackPointExtension>
            <ns3:hr>138</ns3:hr>
          </ns3:TrackPointExtension>
        </extensions>
      </trkpt>
      <trkpt lat="43.31003892235457897186279296875" lon="-79.9081525392830371856689453125">
        <ele>173.1999969482421875</ele>
        <time>2025-10-04T17:53:48.000Z</time>
        <extensions>
          <ns3:TrackPointExtension>
            <ns3:hr>140</ns3:hr>
          </ns3:TrackPointExtension>
        </extensions>
      </trkpt>
      <trkpt lat="43.31000271253287792205810546875" lon="-79.9082435667514801025390625">
        <ele>174</ele>
        <time>2025-10-04T17:53:59.000Z</time>
        <extensions>
          <ns3:TrackPointExtension>
            <ns3:hr>138</ns3:hr>
          </ns3:TrackPointExtension>
        </extensions>
      </trkpt>
      <trkpt lat="43.30999550409615039825439453125" lon="-79.9082623422145843505859375">
        <ele>174.1999969482421875</ele>
        <time>2025-10-04T17:54:01.000Z</time>
        <extensions>
          <ns3:TrackPointExtension>
            <ns3:hr>139</ns3:hr>
          </ns3:TrackPointExtension>
        </extensions>
      </trkpt>
      <trkpt lat="43.309976644814014434814453125" lon="-79.90834205411374568939208984375">
        <ele>175</ele>
        <time>2025-10-04T17:54:08.000Z</time>
        <extensions>
          <ns3:TrackPointExtension>
            <ns3:hr>138</ns3:hr>
          </ns3:TrackPointExtension>
        </extensions>
      </trkpt>
      <trkpt lat="43.30992660485208034515380859375" lon="-79.90839804522693157196044921875">
        <ele>175.8000030517578125</ele>
        <time>2025-10-04T17:54:16.000Z</time>
        <extensions>
          <ns3:TrackPointExtension>
            <ns3:hr>139</ns3:hr>
          </ns3:TrackPointExtension>
        </extensions>
      </trkpt>
      <trkpt lat="43.30988553352653980255126953125" lon="-79.9084393680095672607421875">
        <ele>175.8000030517578125</ele>
        <time>2025-10-04T17:54:23.000Z</time>
        <extensions>
          <ns3:TrackPointExtension>
            <ns3:hr>136</ns3:hr>
          </ns3:TrackPointExtension>
        </extensions>
      </trkpt>
      <trkpt lat="43.30985083244740962982177734375" lon="-79.908504746854305267333984375">
        <ele>175.600006103515625</ele>
        <time>2025-10-04T17:54:31.000Z</time>
        <extensions>
          <ns3:TrackPointExtension>
            <ns3:hr>135</ns3:hr>
          </ns3:TrackPointExtension>
        </extensions>
      </trkpt>
      <trkpt lat="43.30975812859833240509033203125" lon="-79.9084864743053913116455078125">
        <ele>175.1999969482421875</ele>
        <time>2025-10-04T17:54:39.000Z</time>
        <extensions>
          <ns3:TrackPointExtension>
            <ns3:hr>132</ns3:hr>
          </ns3:TrackPointExtension>
        </extensions>
      </trkpt>
      <trkpt lat="43.30973918549716472625732421875" lon="-79.90847281180322170257568359375">
        <ele>175</ele>
        <time>2025-10-04T17:54:42.000Z</time>
        <extensions>
          <ns3:TrackPointExtension>
            <ns3:hr>131</ns3:hr>
          </ns3:TrackPointExtension>
        </extensions>
      </trkpt>
      <trkpt lat="43.30972543917596340179443359375" lon="-79.90846074186265468597412109375">
        <ele>175</ele>
        <time>2025-10-04T17:54:45.000Z</time>
        <extensions>
          <ns3:TrackPointExtension>
            <ns3:hr>128</ns3:hr>
          </ns3:TrackPointExtension>
        </extensions>
      </trkpt>
      <trkpt lat="43.30969442613422870635986328125" lon="-79.90844096057116985321044921875">
        <ele>174.399993896484375</ele>
        <time>2025-10-04T17:54:51.000Z</time>
        <extensions>
          <ns3:TrackPointExtension>
            <ns3:hr>131</ns3:hr>
          </ns3:TrackPointExtension>
        </extensions>
      </trkpt>
      <trkpt lat="43.309650756418704986572265625" lon="-79.90841045044362545013427734375">
        <ele>174</ele>
        <time>2025-10-04T17:54:55.000Z</time>
        <extensions>
          <ns3:TrackPointExtension>
            <ns3:hr>132</ns3:hr>
          </ns3:TrackPointExtension>
        </extensions>
      </trkpt>
      <trkpt lat="43.30964245833456516265869140625" lon="-79.90840516984462738037109375">
        <ele>173.8000030517578125</ele>
        <time>2025-10-04T17:54:56.000Z</time>
        <extensions>
          <ns3:TrackPointExtension>
            <ns3:hr>132</ns3:hr>
          </ns3:TrackPointExtension>
        </extensions>
      </trkpt>
      <trkpt lat="43.30962686799466609954833984375" lon="-79.9084071815013885498046875">
        <ele>173.600006103515625</ele>
        <time>2025-10-04T17:54:58.000Z</time>
        <extensions>
          <ns3:TrackPointExtension>
            <ns3:hr>136</ns3:hr>
          </ns3:TrackPointExtension>
        </extensions>
      </trkpt>
      <trkpt lat="43.30961446277797222137451171875" lon="-79.90840977989137172698974609375">
        <ele>173</ele>
        <time>2025-10-04T17:55:00.000Z</time>
        <extensions>
          <ns3:TrackPointExtension>
            <ns3:hr>139</ns3:hr>
          </ns3:TrackPointExtension>
        </extensions>
      </trkpt>
      <trkpt lat="43.30961261875927448272705078125" lon="-79.90841095335781574249267578125">
        <ele>172.8000030517578125</ele>
        <time>2025-10-04T17:55:01.000Z</time>
        <extensions>
          <ns3:TrackPointExtension>
            <ns3:hr>140</ns3:hr>
          </ns3:TrackPointExtension>
        </extensions>
      </trkpt>
      <trkpt lat="43.30952645279467105865478515625" lon="-79.90839301608502864837646484375">
        <ele>171.600006103515625</ele>
        <time>2025-10-04T17:55:08.000Z</time>
        <extensions>
          <ns3:TrackPointExtension>
            <ns3:hr>138</ns3:hr>
          </ns3:TrackPointExtension>
        </extensions>
      </trkpt>
      <trkpt lat="43.30949443392455577850341796875" lon="-79.90840558893978595733642578125">
        <ele>170.8000030517578125</ele>
        <time>2025-10-04T17:55:12.000Z</time>
        <extensions>
          <ns3:TrackPointExtension>
            <ns3:hr>141</ns3:hr>
          </ns3:TrackPointExtension>
        </extensions>
      </trkpt>
      <trkpt lat="43.30946727655827999114990234375" lon="-79.908422939479351043701171875">
        <ele>170.8000030517578125</ele>
        <time>2025-10-04T17:55:16.000Z</time>
        <extensions>
          <ns3:TrackPointExtension>
            <ns3:hr>138</ns3:hr>
          </ns3:TrackPointExtension>
        </extensions>
      </trkpt>
      <trkpt lat="43.30943710170686244964599609375" lon="-79.908417575061321258544921875">
        <ele>170.600006103515625</ele>
        <time>2025-10-04T17:55:20.000Z</time>
        <extensions>
          <ns3:TrackPointExtension>
            <ns3:hr>137</ns3:hr>
          </ns3:TrackPointExtension>
        </extensions>
      </trkpt>
      <trkpt lat="43.309394605457782745361328125" lon="-79.90848655812442302703857421875">
        <ele>171</ele>
        <time>2025-10-04T17:55:29.000Z</time>
        <extensions>
          <ns3:TrackPointExtension>
            <ns3:hr>134</ns3:hr>
          </ns3:TrackPointExtension>
        </extensions>
      </trkpt>
      <trkpt lat="43.309371471405029296875" lon="-79.90852092392742633819580078125">
        <ele>171.1999969482421875</ele>
        <time>2025-10-04T17:55:33.000Z</time>
        <extensions>
          <ns3:TrackPointExtension>
            <ns3:hr>127</ns3:hr>
          </ns3:TrackPointExtension>
        </extensions>
      </trkpt>
      <trkpt lat="43.30936669372022151947021484375" lon="-79.90852779708802700042724609375">
        <ele>171.1999969482421875</ele>
        <time>2025-10-04T17:55:34.000Z</time>
        <extensions>
          <ns3:TrackPointExtension>
            <ns3:hr>123</ns3:hr>
          </ns3:TrackPointExtension>
        </extensions>
      </trkpt>
      <trkpt lat="43.3093505166471004486083984375" lon="-79.90855294279754161834716796875">
        <ele>171.399993896484375</ele>
        <time>2025-10-04T17:55:37.000Z</time>
        <extensions>
          <ns3:TrackPointExtension>
            <ns3:hr>120</ns3:hr>
          </ns3:TrackPointExtension>
        </extensions>
      </trkpt>
      <trkpt lat="43.30926879309117794036865234375" lon="-79.9086135439574718475341796875">
        <ele>171.1999969482421875</ele>
        <time>2025-10-04T17:55:48.000Z</time>
        <extensions>
          <ns3:TrackPointExtension>
            <ns3:hr>122</ns3:hr>
          </ns3:TrackPointExtension>
        </extensions>
      </trkpt>
      <trkpt lat="43.3091805316507816314697265625" lon="-79.90870155394077301025390625">
        <ele>171.399993896484375</ele>
        <time>2025-10-04T17:56:02.000Z</time>
        <extensions>
          <ns3:TrackPointExtension>
            <ns3:hr>122</ns3:hr>
          </ns3:TrackPointExtension>
        </extensions>
      </trkpt>
      <trkpt lat="43.3090804517269134521484375" lon="-79.908761568367481231689453125">
        <ele>171.399993896484375</ele>
        <time>2025-10-04T17:56:15.000Z</time>
        <extensions>
          <ns3:TrackPointExtension>
            <ns3:hr>122</ns3:hr>
          </ns3:TrackPointExtension>
        </extensions>
      </trkpt>
      <trkpt lat="43.3090160787105560302734375" lon="-79.9088884703814983367919921875">
        <ele>171.1999969482421875</ele>
        <time>2025-10-04T17:56:30.000Z</time>
        <extensions>
          <ns3:TrackPointExtension>
            <ns3:hr>125</ns3:hr>
          </ns3:TrackPointExtension>
        </extensions>
      </trkpt>
      <trkpt lat="43.3089937828481197357177734375" lon="-79.90893817506730556488037109375">
        <ele>171.600006103515625</ele>
        <time>2025-10-04T17:56:35.000Z</time>
        <extensions>
          <ns3:TrackPointExtension>
            <ns3:hr>120</ns3:hr>
          </ns3:TrackPointExtension>
        </extensions>
      </trkpt>
      <trkpt lat="43.3089745044708251953125" lon="-79.9089650809764862060546875">
        <ele>171.8000030517578125</ele>
        <time>2025-10-04T17:56:38.000Z</time>
        <extensions>
          <ns3:TrackPointExtension>
            <ns3:hr>124</ns3:hr>
          </ns3:TrackPointExtension>
        </extensions>
      </trkpt>
      <trkpt lat="43.30896444618701934814453125" lon="-79.9089967645704746246337890625">
        <ele>172.1999969482421875</ele>
        <time>2025-10-04T17:56:41.000Z</time>
        <extensions>
          <ns3:TrackPointExtension>
            <ns3:hr>122</ns3:hr>
          </ns3:TrackPointExtension>
        </extensions>
      </trkpt>
      <trkpt lat="43.30893494188785552978515625" lon="-79.90900975652039051055908203125">
        <ele>172.1999969482421875</ele>
        <time>2025-10-04T17:56:46.000Z</time>
        <extensions>
          <ns3:TrackPointExtension>
            <ns3:hr>125</ns3:hr>
          </ns3:TrackPointExtension>
        </extensions>
      </trkpt>
      <trkpt lat="43.30888104625046253204345703125" lon="-79.90901294164359569549560546875">
        <ele>172.1999969482421875</ele>
        <time>2025-10-04T17:56:52.000Z</time>
        <extensions>
          <ns3:TrackPointExtension>
            <ns3:hr>124</ns3:hr>
          </ns3:TrackPointExtension>
        </extensions>
      </trkpt>
      <trkpt lat="43.308797143399715423583984375" lon="-79.9090483970940113067626953125">
        <ele>170.399993896484375</ele>
        <time>2025-10-04T17:57:02.000Z</time>
        <extensions>
          <ns3:TrackPointExtension>
            <ns3:hr>126</ns3:hr>
          </ns3:TrackPointExtension>
        </extensions>
      </trkpt>
      <trkpt lat="43.30878063105046749114990234375" lon="-79.909063316881656646728515625">
        <ele>170</ele>
        <time>2025-10-04T17:57:04.000Z</time>
        <extensions>
          <ns3:TrackPointExtension>
            <ns3:hr>126</ns3:hr>
          </ns3:TrackPointExtension>
        </extensions>
      </trkpt>
      <trkpt lat="43.30875464715063571929931640625" lon="-79.90911905653774738311767578125">
        <ele>169.399993896484375</ele>
        <time>2025-10-04T17:57:09.000Z</time>
        <extensions>
          <ns3:TrackPointExtension>
            <ns3:hr>125</ns3:hr>
          </ns3:TrackPointExtension>
        </extensions>
      </trkpt>
      <trkpt lat="43.308692537248134613037109375" lon="-79.90917705930769443511962890625">
        <ele>168.8000030517578125</ele>
        <time>2025-10-04T17:57:19.000Z</time>
        <extensions>
          <ns3:TrackPointExtension>
            <ns3:hr>124</ns3:hr>
          </ns3:TrackPointExtension>
        </extensions>
      </trkpt>
      <trkpt lat="43.30866378732025623321533203125" lon="-79.90925098769366741180419921875">
        <ele>168.8000030517578125</ele>
        <time>2025-10-04T17:57:26.000Z</time>
        <extensions>
          <ns3:TrackPointExtension>
            <ns3:hr>121</ns3:hr>
          </ns3:TrackPointExtension>
        </extensions>
      </trkpt>
      <trkpt lat="43.3086444251239299774169921875" lon="-79.90927177481353282928466796875">
        <ele>168.8000030517578125</ele>
        <time>2025-10-04T17:57:29.000Z</time>
        <extensions>
          <ns3:TrackPointExtension>
            <ns3:hr>119</ns3:hr>
          </ns3:TrackPointExtension>
        </extensions>
      </trkpt>
      <trkpt lat="43.30852246843278408050537109375" lon="-79.90932642482221126556396484375">
        <ele>168.8000030517578125</ele>
        <time>2025-10-04T17:57:41.000Z</time>
        <extensions>
          <ns3:TrackPointExtension>
            <ns3:hr>119</ns3:hr>
          </ns3:TrackPointExtension>
        </extensions>
      </trkpt>
      <trkpt lat="43.30847251228988170623779296875" lon="-79.9093756265938282012939453125">
        <ele>168.1999969482421875</ele>
        <time>2025-10-04T17:57:49.000Z</time>
        <extensions>
          <ns3:TrackPointExtension>
            <ns3:hr>120</ns3:hr>
          </ns3:TrackPointExtension>
        </extensions>
      </trkpt>
      <trkpt lat="43.308439068496227264404296875" lon="-79.9094239063560962677001953125">
        <ele>167.8000030517578125</ele>
        <time>2025-10-04T17:57:54.000Z</time>
        <extensions>
          <ns3:TrackPointExtension>
            <ns3:hr>122</ns3:hr>
          </ns3:TrackPointExtension>
        </extensions>
      </trkpt>
      <trkpt lat="43.3084313571453094482421875" lon="-79.90945097990334033966064453125">
        <ele>167.8000030517578125</ele>
        <time>2025-10-04T17:57:56.000Z</time>
        <extensions>
          <ns3:TrackPointExtension>
            <ns3:hr>119</ns3:hr>
          </ns3:TrackPointExtension>
        </extensions>
      </trkpt>
      <trkpt lat="43.3083688281476497650146484375" lon="-79.90952968597412109375">
        <ele>168.1999969482421875</ele>
        <time>2025-10-04T17:58:05.000Z</time>
        <extensions>
          <ns3:TrackPointExtension>
            <ns3:hr>116</ns3:hr>
          </ns3:TrackPointExtension>
        </extensions>
      </trkpt>
      <trkpt lat="43.30834125168621540069580078125" lon="-79.909550808370113372802734375">
        <ele>168.399993896484375</ele>
        <time>2025-10-04T17:58:08.000Z</time>
        <extensions>
          <ns3:TrackPointExtension>
            <ns3:hr>117</ns3:hr>
          </ns3:TrackPointExtension>
        </extensions>
      </trkpt>
      <trkpt lat="43.30833136104047298431396484375" lon="-79.90956681780517101287841796875">
        <ele>168.399993896484375</ele>
        <time>2025-10-04T17:58:09.000Z</time>
        <extensions>
          <ns3:TrackPointExtension>
            <ns3:hr>116</ns3:hr>
          </ns3:TrackPointExtension>
        </extensions>
      </trkpt>
      <trkpt lat="43.308277130126953125" lon="-79.90966840647161006927490234375">
        <ele>169</ele>
        <time>2025-10-04T17:58:18.000Z</time>
        <extensions>
          <ns3:TrackPointExtension>
            <ns3:hr>120</ns3:hr>
          </ns3:TrackPointExtension>
        </extensions>
      </trkpt>
      <trkpt lat="43.3082719333469867706298828125" lon="-79.90967947058379650115966796875">
        <ele>169.1999969482421875</ele>
        <time>2025-10-04T17:58:19.000Z</time>
        <extensions>
          <ns3:TrackPointExtension>
            <ns3:hr>116</ns3:hr>
          </ns3:TrackPointExtension>
        </extensions>
      </trkpt>
      <trkpt lat="43.30826866440474987030029296875" lon="-79.90968994796276092529296875">
        <ele>169.1999969482421875</ele>
        <time>2025-10-04T17:58:20.000Z</time>
        <extensions>
          <ns3:TrackPointExtension>
            <ns3:hr>116</ns3:hr>
          </ns3:TrackPointExtension>
        </extensions>
      </trkpt>
      <trkpt lat="43.30825374461710453033447265625" lon="-79.90971685387194156646728515625">
        <ele>169.1999969482421875</ele>
        <time>2025-10-04T17:58:22.000Z</time>
        <extensions>
          <ns3:TrackPointExtension>
            <ns3:hr>119</ns3:hr>
          </ns3:TrackPointExtension>
        </extensions>
      </trkpt>
      <trkpt lat="43.30823957920074462890625" lon="-79.9097420834004878997802734375">
        <ele>169.1999969482421875</ele>
        <time>2025-10-04T17:58:24.000Z</time>
        <extensions>
          <ns3:TrackPointExtension>
            <ns3:hr>122</ns3:hr>
          </ns3:TrackPointExtension>
        </extensions>
      </trkpt>
      <trkpt lat="43.3082353882491588592529296875" lon="-79.90975105203688144683837890625">
        <ele>169.399993896484375</ele>
        <time>2025-10-04T17:58:25.000Z</time>
        <extensions>
          <ns3:TrackPointExtension>
            <ns3:hr>123</ns3:hr>
          </ns3:TrackPointExtension>
        </extensions>
      </trkpt>
      <trkpt lat="43.308211751282215118408203125" lon="-79.909821040928363800048828125">
        <ele>170.399993896484375</ele>
        <time>2025-10-04T17:58:34.000Z</time>
        <extensions>
          <ns3:TrackPointExtension>
            <ns3:hr>125</ns3:hr>
          </ns3:TrackPointExtension>
        </extensions>
      </trkpt>
      <trkpt lat="43.3082149364054203033447265625" lon="-79.90983344614505767822265625">
        <ele>170.600006103515625</ele>
        <time>2025-10-04T17:58:35.000Z</time>
        <extensions>
          <ns3:TrackPointExtension>
            <ns3:hr>125</ns3:hr>
          </ns3:TrackPointExtension>
        </extensions>
      </trkpt>
      <trkpt lat="43.30821585841476917266845703125" lon="-79.90992489270865917205810546875">
        <ele>171.399993896484375</ele>
        <time>2025-10-04T17:58:43.000Z</time>
        <extensions>
          <ns3:TrackPointExtension>
            <ns3:hr>126</ns3:hr>
          </ns3:TrackPointExtension>
        </extensions>
      </trkpt>
      <trkpt lat="43.3082169480621814727783203125" lon="-79.90996160544455051422119140625">
        <ele>172.1999969482421875</ele>
        <time>2025-10-04T17:58:48.000Z</time>
        <extensions>
          <ns3:TrackPointExtension>
            <ns3:hr>125</ns3:hr>
          </ns3:TrackPointExtension>
        </extensions>
      </trkpt>
      <trkpt lat="43.3082102425396442413330078125" lon="-79.90997870452702045440673828125">
        <ele>172.600006103515625</ele>
        <time>2025-10-04T17:58:50.000Z</time>
        <extensions>
          <ns3:TrackPointExtension>
            <ns3:hr>124</ns3:hr>
          </ns3:TrackPointExtension>
        </extensions>
      </trkpt>
      <trkpt lat="43.30819867551326751708984375" lon="-79.910033605992794036865234375">
        <ele>173.1999969482421875</ele>
        <time>2025-10-04T17:58:55.000Z</time>
        <extensions>
          <ns3:TrackPointExtension>
            <ns3:hr>128</ns3:hr>
          </ns3:TrackPointExtension>
        </extensions>
      </trkpt>
      <trkpt lat="43.3081971667706966400146484375" lon="-79.9100441671907901763916015625">
        <ele>173.399993896484375</ele>
        <time>2025-10-04T17:58:56.000Z</time>
        <extensions>
          <ns3:TrackPointExtension>
            <ns3:hr>131</ns3:hr>
          </ns3:TrackPointExtension>
        </extensions>
      </trkpt>
      <trkpt lat="43.30819423310458660125732421875" lon="-79.91008230485022068023681640625">
        <ele>173.600006103515625</ele>
        <time>2025-10-04T17:58:59.000Z</time>
        <extensions>
          <ns3:TrackPointExtension>
            <ns3:hr>134</ns3:hr>
          </ns3:TrackPointExtension>
        </extensions>
      </trkpt>
      <trkpt lat="43.3081874437630176544189453125" lon="-79.91010703146457672119140625">
        <ele>173.600006103515625</ele>
        <time>2025-10-04T17:59:01.000Z</time>
        <extensions>
          <ns3:TrackPointExtension>
            <ns3:hr>135</ns3:hr>
          </ns3:TrackPointExtension>
        </extensions>
      </trkpt>
      <trkpt lat="43.30818065442144870758056640625" lon="-79.91013427264988422393798828125">
        <ele>173.8000030517578125</ele>
        <time>2025-10-04T17:59:03.000Z</time>
        <extensions>
          <ns3:TrackPointExtension>
            <ns3:hr>135</ns3:hr>
          </ns3:TrackPointExtension>
        </extensions>
      </trkpt>
      <trkpt lat="43.308170847594738006591796875" lon="-79.91020719520747661590576171875">
        <ele>174</ele>
        <time>2025-10-04T17:59:10.000Z</time>
        <extensions>
          <ns3:TrackPointExtension>
            <ns3:hr>138</ns3:hr>
          </ns3:TrackPointExtension>
        </extensions>
      </trkpt>
      <trkpt lat="43.30814343877136707305908203125" lon="-79.91025614552199840545654296875">
        <ele>174</ele>
        <time>2025-10-04T17:59:16.000Z</time>
        <extensions>
          <ns3:TrackPointExtension>
            <ns3:hr>137</ns3:hr>
          </ns3:TrackPointExtension>
        </extensions>
      </trkpt>
      <trkpt lat="43.30813706852495670318603515625" lon="-79.91035781800746917724609375">
        <ele>173.8000030517578125</ele>
        <time>2025-10-04T17:59:26.000Z</time>
        <extensions>
          <ns3:TrackPointExtension>
            <ns3:hr>140</ns3:hr>
          </ns3:TrackPointExtension>
        </extensions>
      </trkpt>
      <trkpt lat="43.30812902189791202545166015625" lon="-79.9103948660194873809814453125">
        <ele>173.8000030517578125</ele>
        <time>2025-10-04T17:59:30.000Z</time>
        <extensions>
          <ns3:TrackPointExtension>
            <ns3:hr>140</ns3:hr>
          </ns3:TrackPointExtension>
        </extensions>
      </trkpt>
      <trkpt lat="43.30809080041944980621337890625" lon="-79.91049067117273807525634765625">
        <ele>174.600006103515625</ele>
        <time>2025-10-04T17:59:40.000Z</time>
        <extensions>
          <ns3:TrackPointExtension>
            <ns3:hr>138</ns3:hr>
          </ns3:TrackPointExtension>
        </extensions>
      </trkpt>
      <trkpt lat="43.308063559234142303466796875" lon="-79.910514056682586669921875">
        <ele>175</ele>
        <time>2025-10-04T17:59:44.000Z</time>
        <extensions>
          <ns3:TrackPointExtension>
            <ns3:hr>140</ns3:hr>
          </ns3:TrackPointExtension>
        </extensions>
      </trkpt>
      <trkpt lat="43.30799189396202564239501953125" lon="-79.9105370230972766876220703125">
        <ele>174.8000030517578125</ele>
        <time>2025-10-04T17:59:53.000Z</time>
        <extensions>
          <ns3:TrackPointExtension>
            <ns3:hr>135</ns3:hr>
          </ns3:TrackPointExtension>
        </extensions>
      </trkpt>
      <trkpt lat="43.3079852722585201263427734375" lon="-79.9105440638959407806396484375">
        <ele>174.600006103515625</ele>
        <time>2025-10-04T17:59:54.000Z</time>
        <extensions>
          <ns3:TrackPointExtension>
            <ns3:hr>132</ns3:hr>
          </ns3:TrackPointExtension>
        </extensions>
      </trkpt>
      <trkpt lat="43.30797060392796993255615234375" lon="-79.9105557985603809356689453125">
        <ele>174.600006103515625</ele>
        <time>2025-10-04T17:59:56.000Z</time>
        <extensions>
          <ns3:TrackPointExtension>
            <ns3:hr>128</ns3:hr>
          </ns3:TrackPointExtension>
        </extensions>
      </trkpt>
      <trkpt lat="43.30795736052095890045166015625" lon="-79.91057046689093112945556640625">
        <ele>174.600006103515625</ele>
        <time>2025-10-04T17:59:58.000Z</time>
        <extensions>
          <ns3:TrackPointExtension>
            <ns3:hr>127</ns3:hr>
          </ns3:TrackPointExtension>
        </extensions>
      </trkpt>
      <trkpt lat="43.3079190552234649658203125" lon="-79.91067565977573394775390625">
        <ele>173.8000030517578125</ele>
        <time>2025-10-04T18:00:09.000Z</time>
        <extensions>
          <ns3:TrackPointExtension>
            <ns3:hr>124</ns3:hr>
          </ns3:TrackPointExtension>
        </extensions>
      </trkpt>
      <trkpt lat="43.30789952538907527923583984375" lon="-79.91067457012832164764404296875">
        <ele>174</ele>
        <time>2025-10-04T18:00:16.000Z</time>
        <extensions>
          <ns3:TrackPointExtension>
            <ns3:hr>120</ns3:hr>
          </ns3:TrackPointExtension>
        </extensions>
      </trkpt>
      <trkpt lat="43.3079081587493419647216796875" lon="-79.91068127565085887908935546875">
        <ele>174</ele>
        <time>2025-10-04T18:00:17.000Z</time>
        <extensions>
          <ns3:TrackPointExtension>
            <ns3:hr>124</ns3:hr>
          </ns3:TrackPointExtension>
        </extensions>
      </trkpt>
      <trkpt lat="43.3079145289957523345947265625" lon="-79.910678677260875701904296875">
        <ele>174</ele>
        <time>2025-10-04T18:00:18.000Z</time>
        <extensions>
          <ns3:TrackPointExtension>
            <ns3:hr>120</ns3:hr>
          </ns3:TrackPointExtension>
        </extensions>
      </trkpt>
      <trkpt lat="43.30790505744516849517822265625" lon="-79.9106721393764019012451171875">
        <ele>174</ele>
        <time>2025-10-04T18:00:21.000Z</time>
        <extensions>
          <ns3:TrackPointExtension>
            <ns3:hr>122</ns3:hr>
          </ns3:TrackPointExtension>
        </extensions>
      </trkpt>
      <trkpt lat="43.3078427799046039581298828125" lon="-79.91069577634334564208984375">
        <ele>174</ele>
        <time>2025-10-04T18:00:35.000Z</time>
        <extensions>
          <ns3:TrackPointExtension>
            <ns3:hr>119</ns3:hr>
          </ns3:TrackPointExtension>
        </extensions>
      </trkpt>
      <trkpt lat="43.307844288647174835205078125" lon="-79.91070591844618320465087890625">
        <ele>174</ele>
        <time>2025-10-04T18:00:40.000Z</time>
        <extensions>
          <ns3:TrackPointExtension>
            <ns3:hr>122</ns3:hr>
          </ns3:TrackPointExtension>
        </extensions>
      </trkpt>
      <trkpt lat="43.3078840188682079315185546875" lon="-79.91071664728224277496337890625">
        <ele>174.399993896484375</ele>
        <time>2025-10-04T18:00:50.000Z</time>
        <extensions>
          <ns3:TrackPointExtension>
            <ns3:hr>121</ns3:hr>
          </ns3:TrackPointExtension>
        </extensions>
      </trkpt>
      <trkpt lat="43.30789013765752315521240234375" lon="-79.91071949712932109832763671875">
        <ele>174.399993896484375</ele>
        <time>2025-10-04T18:00:52.000Z</time>
        <extensions>
          <ns3:TrackPointExtension>
            <ns3:hr>124</ns3:hr>
          </ns3:TrackPointExtension>
        </extensions>
      </trkpt>
      <trkpt lat="43.307857029139995574951171875" lon="-79.91077917627990245819091796875">
        <ele>174.399993896484375</ele>
        <time>2025-10-04T18:01:00.000Z</time>
        <extensions>
          <ns3:TrackPointExtension>
            <ns3:hr>123</ns3:hr>
          </ns3:TrackPointExtension>
        </extensions>
      </trkpt>
      <trkpt lat="43.30785627476871013641357421875" lon="-79.910822175443172454833984375">
        <ele>174.1999969482421875</ele>
        <time>2025-10-04T18:01:10.000Z</time>
        <extensions>
          <ns3:TrackPointExtension>
            <ns3:hr>123</ns3:hr>
          </ns3:TrackPointExtension>
        </extensions>
      </trkpt>
      <trkpt lat="43.3078628964722156524658203125" lon="-79.9108300544321537017822265625">
        <ele>174</ele>
        <time>2025-10-04T18:01:23.000Z</time>
        <extensions>
          <ns3:TrackPointExtension>
            <ns3:hr>124</ns3:hr>
          </ns3:TrackPointExtension>
        </extensions>
      </trkpt>
      <trkpt lat="43.30786834470927715301513671875" lon="-79.9108397774398326873779296875">
        <ele>174</ele>
        <time>2025-10-04T18:01:27.000Z</time>
        <extensions>
          <ns3:TrackPointExtension>
            <ns3:hr>121</ns3:hr>
          </ns3:TrackPointExtension>
        </extensions>
      </trkpt>
      <trkpt lat="43.30785761587321758270263671875" lon="-79.910836257040500640869140625">
        <ele>174</ele>
        <time>2025-10-04T18:01:34.000Z</time>
        <extensions>
          <ns3:TrackPointExtension>
            <ns3:hr>122</ns3:hr>
          </ns3:TrackPointExtension>
        </extensions>
      </trkpt>
      <trkpt lat="43.30783951096236705780029296875" lon="-79.91085612215101718902587890625">
        <ele>174</ele>
        <time>2025-10-04T18:01:39.000Z</time>
        <extensions>
          <ns3:TrackPointExtension>
            <ns3:hr>119</ns3:hr>
          </ns3:TrackPointExtension>
        </extensions>
      </trkpt>
      <trkpt lat="43.3078320510685443878173828125" lon="-79.9108615703880786895751953125">
        <ele>173.8000030517578125</ele>
        <time>2025-10-04T18:01:40.000Z</time>
        <extensions>
          <ns3:TrackPointExtension>
            <ns3:hr>116</ns3:hr>
          </ns3:TrackPointExtension>
        </extensions>
      </trkpt>
      <trkpt lat="43.3078156225383281707763671875" lon="-79.910885877907276153564453125">
        <ele>173.8000030517578125</ele>
        <time>2025-10-04T18:01:42.000Z</time>
        <extensions>
          <ns3:TrackPointExtension>
            <ns3:hr>112</ns3:hr>
          </ns3:TrackPointExtension>
        </extensions>
      </trkpt>
      <trkpt lat="43.3077991940081119537353515625" lon="-79.91090054623782634735107421875">
        <ele>173.8000030517578125</ele>
        <time>2025-10-04T18:01:45.000Z</time>
        <extensions>
          <ns3:TrackPointExtension>
            <ns3:hr>108</ns3:hr>
          </ns3:TrackPointExtension>
        </extensions>
      </trkpt>
      <trkpt lat="43.3077847771346569061279296875" lon="-79.910905323922634124755859375">
        <ele>173.8000030517578125</ele>
        <time>2025-10-04T18:01:47.000Z</time>
        <extensions>
          <ns3:TrackPointExtension>
            <ns3:hr>107</ns3:hr>
          </ns3:TrackPointExtension>
        </extensions>
      </trkpt>
      <trkpt lat="43.30772333778440952301025390625" lon="-79.91090859286487102508544921875">
        <ele>173.600006103515625</ele>
        <time>2025-10-04T18:01:55.000Z</time>
        <extensions>
          <ns3:TrackPointExtension>
            <ns3:hr>108</ns3:hr>
          </ns3:TrackPointExtension>
        </extensions>
      </trkpt>
      <trkpt lat="43.30771696753799915313720703125" lon="-79.910931475460529327392578125">
        <ele>173.399993896484375</ele>
        <time>2025-10-04T18:01:57.000Z</time>
        <extensions>
          <ns3:TrackPointExtension>
            <ns3:hr>108</ns3:hr>
          </ns3:TrackPointExtension>
        </extensions>
      </trkpt>
      <trkpt lat="43.307683356106281280517578125" lon="-79.9109872989356517791748046875">
        <ele>173.1999969482421875</ele>
        <time>2025-10-04T18:02:08.000Z</time>
        <extensions>
          <ns3:TrackPointExtension>
            <ns3:hr>113</ns3:hr>
          </ns3:TrackPointExtension>
        </extensions>
      </trkpt>
      <trkpt lat="43.3076771534979343414306640625" lon="-79.91098352707922458648681640625">
        <ele>173.1999969482421875</ele>
        <time>2025-10-04T18:02:09.000Z</time>
        <extensions>
          <ns3:TrackPointExtension>
            <ns3:hr>114</ns3:hr>
          </ns3:TrackPointExtension>
        </extensions>
      </trkpt>
      <trkpt lat="43.30764840357005596160888671875" lon="-79.91094077937304973602294921875">
        <ele>173</ele>
        <time>2025-10-04T18:02:17.000Z</time>
        <extensions>
          <ns3:TrackPointExtension>
            <ns3:hr>117</ns3:hr>
          </ns3:TrackPointExtension>
        </extensions>
      </trkpt>
      <trkpt lat="43.30763180740177631378173828125" lon="-79.91091563366353511810302734375">
        <ele>172.399993896484375</ele>
        <time>2025-10-04T18:02:21.000Z</time>
        <extensions>
          <ns3:TrackPointExtension>
            <ns3:hr>119</ns3:hr>
          </ns3:TrackPointExtension>
        </extensions>
      </trkpt>
      <trkpt lat="43.30761956982314586639404296875" lon="-79.910903982818126678466796875">
        <ele>172</ele>
        <time>2025-10-04T18:02:23.000Z</time>
        <extensions>
          <ns3:TrackPointExtension>
            <ns3:hr>120</ns3:hr>
          </ns3:TrackPointExtension>
        </extensions>
      </trkpt>
      <trkpt lat="43.3076079189777374267578125" lon="-79.9108944274485111236572265625">
        <ele>171.399993896484375</ele>
        <time>2025-10-04T18:02:25.000Z</time>
        <extensions>
          <ns3:TrackPointExtension>
            <ns3:hr>120</ns3:hr>
          </ns3:TrackPointExtension>
        </extensions>
      </trkpt>
      <trkpt lat="43.30759291537106037139892578125" lon="-79.91085804998874664306640625">
        <ele>170.1999969482421875</ele>
        <time>2025-10-04T18:02:30.000Z</time>
        <extensions>
          <ns3:TrackPointExtension>
            <ns3:hr>122</ns3:hr>
          </ns3:TrackPointExtension>
        </extensions>
      </trkpt>
      <trkpt lat="43.30758771859109401702880859375" lon="-79.91082041524350643157958984375">
        <ele>169.1999969482421875</ele>
        <time>2025-10-04T18:02:34.000Z</time>
        <extensions>
          <ns3:TrackPointExtension>
            <ns3:hr>122</ns3:hr>
          </ns3:TrackPointExtension>
        </extensions>
      </trkpt>
      <trkpt lat="43.3075983636081218719482421875" lon="-79.91080700419843196868896484375">
        <ele>168.600006103515625</ele>
        <time>2025-10-04T18:02:36.000Z</time>
        <extensions>
          <ns3:TrackPointExtension>
            <ns3:hr>122</ns3:hr>
          </ns3:TrackPointExtension>
        </extensions>
      </trkpt>
      <trkpt lat="43.30756944604218006134033203125" lon="-79.91080750711262226104736328125">
        <ele>168.1999969482421875</ele>
        <time>2025-10-04T18:02:43.000Z</time>
        <extensions>
          <ns3:TrackPointExtension>
            <ns3:hr>123</ns3:hr>
          </ns3:TrackPointExtension>
        </extensions>
      </trkpt>
      <trkpt lat="43.307555615901947021484375" lon="-79.91084137000143527984619140625">
        <ele>168.1999969482421875</ele>
        <time>2025-10-04T18:02:49.000Z</time>
        <extensions>
          <ns3:TrackPointExtension>
            <ns3:hr>124</ns3:hr>
          </ns3:TrackPointExtension>
        </extensions>
      </trkpt>
      <trkpt lat="43.30756424926221370697021484375" lon="-79.9108531884849071502685546875">
        <ele>168.1999969482421875</ele>
        <time>2025-10-04T18:02:50.000Z</time>
        <extensions>
          <ns3:TrackPointExtension>
            <ns3:hr>125</ns3:hr>
          </ns3:TrackPointExtension>
        </extensions>
      </trkpt>
      <trkpt lat="43.3072409592568874359130859375" lon="-79.91137211211025714874267578125">
        <ele>168</ele>
        <time>2025-10-04T18:03:40.000Z</time>
        <extensions>
          <ns3:TrackPointExtension>
            <ns3:hr>119</ns3:hr>
          </ns3:TrackPointExtension>
        </extensions>
      </trkpt>
      <trkpt lat="43.3071400411427021026611328125" lon="-79.91146598942577838897705078125">
        <ele>168</ele>
        <time>2025-10-04T18:03:42.000Z</time>
        <extensions>
          <ns3:TrackPointExtension>
            <ns3:hr>122</ns3:hr>
          </ns3:TrackPointExtension>
        </extensions>
      </trkpt>
      <trkpt lat="43.30718119628727436065673828125" lon="-79.9114516563713550567626953125">
        <ele>168</ele>
        <time>2025-10-04T18:03:43.000Z</time>
        <extensions>
          <ns3:TrackPointExtension>
            <ns3:hr>123</ns3:hr>
          </ns3:TrackPointExtension>
        </extensions>
      </trkpt>
      <trkpt lat="43.307207264006137847900390625" lon="-79.9114488065242767333984375">
        <ele>168</ele>
        <time>2025-10-04T18:03:44.000Z</time>
        <extensions>
          <ns3:TrackPointExtension>
            <ns3:hr>124</ns3:hr>
          </ns3:TrackPointExtension>
        </extensions>
      </trkpt>
      <trkpt lat="43.30723584629595279693603515625" lon="-79.9114392511546611785888671875">
        <ele>168</ele>
        <time>2025-10-04T18:03:46.000Z</time>
        <extensions>
          <ns3:TrackPointExtension>
            <ns3:hr>125</ns3:hr>
          </ns3:TrackPointExtension>
        </extensions>
      </trkpt>
      <trkpt lat="43.30724020488560199737548828125" lon="-79.91145425476133823394775390625">
        <ele>168</ele>
        <time>2025-10-04T18:03:52.000Z</time>
        <extensions>
          <ns3:TrackPointExtension>
            <ns3:hr>125</ns3:hr>
          </ns3:TrackPointExtension>
        </extensions>
      </trkpt>
      <trkpt lat="43.30728563480079174041748046875" lon="-79.91146045736968517303466796875">
        <ele>168.399993896484375</ele>
        <time>2025-10-04T18:03:59.000Z</time>
        <extensions>
          <ns3:TrackPointExtension>
            <ns3:hr>124</ns3:hr>
          </ns3:TrackPointExtension>
        </extensions>
      </trkpt>
      <trkpt lat="43.30730776302516460418701171875" lon="-79.91147353313863277435302734375">
        <ele>169.1999969482421875</ele>
        <time>2025-10-04T18:04:02.000Z</time>
        <extensions>
          <ns3:TrackPointExtension>
            <ns3:hr>123</ns3:hr>
          </ns3:TrackPointExtension>
        </extensions>
      </trkpt>
      <trkpt lat="43.307336680591106414794921875" lon="-79.91148996166884899139404296875">
        <ele>170.399993896484375</ele>
        <time>2025-10-04T18:04:07.000Z</time>
        <extensions>
          <ns3:TrackPointExtension>
            <ns3:hr>124</ns3:hr>
          </ns3:TrackPointExtension>
        </extensions>
      </trkpt>
      <trkpt lat="43.3073489181697368621826171875" lon="-79.911507479846477508544921875">
        <ele>170.8000030517578125</ele>
        <time>2025-10-04T18:04:09.000Z</time>
        <extensions>
          <ns3:TrackPointExtension>
            <ns3:hr>125</ns3:hr>
          </ns3:TrackPointExtension>
        </extensions>
      </trkpt>
      <trkpt lat="43.30736107192933559417724609375" lon="-79.91153723560273647308349609375">
        <ele>171.399993896484375</ele>
        <time>2025-10-04T18:04:13.000Z</time>
        <extensions>
          <ns3:TrackPointExtension>
            <ns3:hr>127</ns3:hr>
          </ns3:TrackPointExtension>
        </extensions>
      </trkpt>
      <trkpt lat="43.307398371398448944091796875" lon="-79.91157562471926212310791015625">
        <ele>172.600006103515625</ele>
        <time>2025-10-04T18:04:18.000Z</time>
        <extensions>
          <ns3:TrackPointExtension>
            <ns3:hr>128</ns3:hr>
          </ns3:TrackPointExtension>
        </extensions>
      </trkpt>
      <trkpt lat="43.3074287138879299163818359375" lon="-79.91159238852560520172119140625">
        <ele>173.399993896484375</ele>
        <time>2025-10-04T18:04:21.000Z</time>
        <extensions>
          <ns3:TrackPointExtension>
            <ns3:hr>130</ns3:hr>
          </ns3:TrackPointExtension>
        </extensions>
      </trkpt>
      <trkpt lat="43.3074370957911014556884765625" lon="-79.91159808821976184844970703125">
        <ele>173.600006103515625</ele>
        <time>2025-10-04T18:04:22.000Z</time>
        <extensions>
          <ns3:TrackPointExtension>
            <ns3:hr>129</ns3:hr>
          </ns3:TrackPointExtension>
        </extensions>
      </trkpt>
      <trkpt lat="43.30746551044285297393798828125" lon="-79.91163547150790691375732421875">
        <ele>174.600006103515625</ele>
        <time>2025-10-04T18:04:26.000Z</time>
        <extensions>
          <ns3:TrackPointExtension>
            <ns3:hr>127</ns3:hr>
          </ns3:TrackPointExtension>
        </extensions>
      </trkpt>
      <trkpt lat="43.30748328007757663726806640625" lon="-79.91166866384446620941162109375">
        <ele>175</ele>
        <time>2025-10-04T18:04:29.000Z</time>
        <extensions>
          <ns3:TrackPointExtension>
            <ns3:hr>132</ns3:hr>
          </ns3:TrackPointExtension>
        </extensions>
      </trkpt>
      <trkpt lat="43.30748881213366985321044921875" lon="-79.9116799794137477874755859375">
        <ele>175</ele>
        <time>2025-10-04T18:04:30.000Z</time>
        <extensions>
          <ns3:TrackPointExtension>
            <ns3:hr>135</ns3:hr>
          </ns3:TrackPointExtension>
        </extensions>
      </trkpt>
      <trkpt lat="43.3075138740241527557373046875" lon="-79.9117098189890384674072265625">
        <ele>175.1999969482421875</ele>
        <time>2025-10-04T18:04:35.000Z</time>
        <extensions>
          <ns3:TrackPointExtension>
            <ns3:hr>136</ns3:hr>
          </ns3:TrackPointExtension>
        </extensions>
      </trkpt>
      <trkpt lat="43.30751613713800907135009765625" lon="-79.91171157918870449066162109375">
        <ele>175.399993896484375</ele>
        <time>2025-10-04T18:04:43.000Z</time>
        <extensions>
          <ns3:TrackPointExtension>
            <ns3:hr>139</ns3:hr>
          </ns3:TrackPointExtension>
        </extensions>
      </trkpt>
      <trkpt lat="43.30750532448291778564453125" lon="-79.91166916675865650177001953125">
        <ele>175.8000030517578125</ele>
        <time>2025-10-04T18:04:46.000Z</time>
        <extensions>
          <ns3:TrackPointExtension>
            <ns3:hr>139</ns3:hr>
          </ns3:TrackPointExtension>
        </extensions>
      </trkpt>
      <trkpt lat="43.3074907399713993072509765625" lon="-79.9116323702037334442138671875">
        <ele>176</ele>
        <time>2025-10-04T18:04:54.000Z</time>
        <extensions>
          <ns3:TrackPointExtension>
            <ns3:hr>143</ns3:hr>
          </ns3:TrackPointExtension>
        </extensions>
      </trkpt>
      <trkpt lat="43.30749099142849445343017578125" lon="-79.9116273410618305206298828125">
        <ele>176.1999969482421875</ele>
        <time>2025-10-04T18:04:59.000Z</time>
        <extensions>
          <ns3:TrackPointExtension>
            <ns3:hr>146</ns3:hr>
          </ns3:TrackPointExtension>
        </extensions>
      </trkpt>
      <trkpt lat="43.30748830921947956085205078125" lon="-79.91162759251892566680908203125">
        <ele>176.1999969482421875</ele>
        <time>2025-10-04T18:05:02.000Z</time>
        <extensions>
          <ns3:TrackPointExtension>
            <ns3:hr>146</ns3:hr>
          </ns3:TrackPointExtension>
        </extensions>
      </trkpt>
      <trkpt lat="43.3074877224862575531005859375" lon="-79.91163681261241436004638671875">
        <ele>176.1999969482421875</ele>
        <time>2025-10-04T18:05:06.000Z</time>
        <extensions>
          <ns3:TrackPointExtension>
            <ns3:hr>143</ns3:hr>
          </ns3:TrackPointExtension>
        </extensions>
      </trkpt>
      <trkpt lat="43.30748897977173328399658203125" lon="-79.9117131717503070831298828125">
        <ele>176.1999969482421875</ele>
        <time>2025-10-04T18:05:15.000Z</time>
        <extensions>
          <ns3:TrackPointExtension>
            <ns3:hr>143</ns3:hr>
          </ns3:TrackPointExtension>
        </extensions>
      </trkpt>
      <trkpt lat="43.30748998560011386871337890625" lon="-79.911744855344295501708984375">
        <ele>176.8000030517578125</ele>
        <time>2025-10-04T18:05:19.000Z</time>
        <extensions>
          <ns3:TrackPointExtension>
            <ns3:hr>145</ns3:hr>
          </ns3:TrackPointExtension>
        </extensions>
      </trkpt>
      <trkpt lat="43.30749233253300189971923828125" lon="-79.91178500466048717498779296875">
        <ele>177.8000030517578125</ele>
        <time>2025-10-04T18:05:24.000Z</time>
        <extensions>
          <ns3:TrackPointExtension>
            <ns3:hr>142</ns3:hr>
          </ns3:TrackPointExtension>
        </extensions>
      </trkpt>
      <trkpt lat="43.3075018040835857391357421875" lon="-79.91181953810155391693115234375">
        <ele>178.600006103515625</ele>
        <time>2025-10-04T18:05:27.000Z</time>
        <extensions>
          <ns3:TrackPointExtension>
            <ns3:hr>139</ns3:hr>
          </ns3:TrackPointExtension>
        </extensions>
      </trkpt>
      <trkpt lat="43.30750440247356891632080078125" lon="-79.91183613426983356475830078125">
        <ele>178.8000030517578125</ele>
        <time>2025-10-04T18:05:29.000Z</time>
        <extensions>
          <ns3:TrackPointExtension>
            <ns3:hr>135</ns3:hr>
          </ns3:TrackPointExtension>
        </extensions>
      </trkpt>
      <trkpt lat="43.30750624649226665496826171875" lon="-79.9118479527533054351806640625">
        <ele>179</ele>
        <time>2025-10-04T18:05:30.000Z</time>
        <extensions>
          <ns3:TrackPointExtension>
            <ns3:hr>134</ns3:hr>
          </ns3:TrackPointExtension>
        </extensions>
      </trkpt>
      <trkpt lat="43.3075061626732349395751953125" lon="-79.91187938489019870758056640625">
        <ele>180.1999969482421875</ele>
        <time>2025-10-04T18:05:33.000Z</time>
        <extensions>
          <ns3:TrackPointExtension>
            <ns3:hr>133</ns3:hr>
          </ns3:TrackPointExtension>
        </extensions>
      </trkpt>
      <trkpt lat="43.3074997924268245697021484375" lon="-79.91194375790655612945556640625">
        <ele>181.1999969482421875</ele>
        <time>2025-10-04T18:05:39.000Z</time>
        <extensions>
          <ns3:TrackPointExtension>
            <ns3:hr>135</ns3:hr>
          </ns3:TrackPointExtension>
        </extensions>
      </trkpt>
      <trkpt lat="43.30750507302582263946533203125" lon="-79.91199756972491741180419921875">
        <ele>182.600006103515625</ele>
        <time>2025-10-04T18:05:44.000Z</time>
        <extensions>
          <ns3:TrackPointExtension>
            <ns3:hr>138</ns3:hr>
          </ns3:TrackPointExtension>
        </extensions>
      </trkpt>
      <trkpt lat="43.3075081743299961090087890625" lon="-79.91201785393059253692626953125">
        <ele>183.1999969482421875</ele>
        <time>2025-10-04T18:05:47.000Z</time>
        <extensions>
          <ns3:TrackPointExtension>
            <ns3:hr>139</ns3:hr>
          </ns3:TrackPointExtension>
        </extensions>
      </trkpt>
      <trkpt lat="43.307512365281581878662109375" lon="-79.9120290018618106842041015625">
        <ele>183.600006103515625</ele>
        <time>2025-10-04T18:05:49.000Z</time>
        <extensions>
          <ns3:TrackPointExtension>
            <ns3:hr>139</ns3:hr>
          </ns3:TrackPointExtension>
        </extensions>
      </trkpt>
      <trkpt lat="43.307536505162715911865234375" lon="-79.91205775178968906402587890625">
        <ele>184</ele>
        <time>2025-10-04T18:05:55.000Z</time>
        <extensions>
          <ns3:TrackPointExtension>
            <ns3:hr>142</ns3:hr>
          </ns3:TrackPointExtension>
        </extensions>
      </trkpt>
      <trkpt lat="43.30754430033266544342041015625" lon="-79.91208390332758426666259765625">
        <ele>184.399993896484375</ele>
        <time>2025-10-04T18:05:59.000Z</time>
        <extensions>
          <ns3:TrackPointExtension>
            <ns3:hr>144</ns3:hr>
          </ns3:TrackPointExtension>
        </extensions>
      </trkpt>
      <trkpt lat="43.307555615901947021484375" lon="-79.91211558692157268524169921875">
        <ele>184.600006103515625</ele>
        <time>2025-10-04T18:06:02.000Z</time>
        <extensions>
          <ns3:TrackPointExtension>
            <ns3:hr>144</ns3:hr>
          </ns3:TrackPointExtension>
        </extensions>
      </trkpt>
      <trkpt lat="43.307571709156036376953125" lon="-79.91214475594460964202880859375">
        <ele>185.600006103515625</ele>
        <time>2025-10-04T18:06:07.000Z</time>
        <extensions>
          <ns3:TrackPointExtension>
            <ns3:hr>144</ns3:hr>
          </ns3:TrackPointExtension>
        </extensions>
      </trkpt>
      <trkpt lat="43.3075784146785736083984375" lon="-79.91219169460237026214599609375">
        <ele>186.399993896484375</ele>
        <time>2025-10-04T18:06:12.000Z</time>
        <extensions>
          <ns3:TrackPointExtension>
            <ns3:hr>144</ns3:hr>
          </ns3:TrackPointExtension>
        </extensions>
      </trkpt>
      <trkpt lat="43.30757774412631988525390625" lon="-79.9122073687613010406494140625">
        <ele>187</ele>
        <time>2025-10-04T18:06:14.000Z</time>
        <extensions>
          <ns3:TrackPointExtension>
            <ns3:hr>145</ns3:hr>
          </ns3:TrackPointExtension>
        </extensions>
      </trkpt>
      <trkpt lat="43.3075537718832492828369140625" lon="-79.91223544813692569732666015625">
        <ele>188</ele>
        <time>2025-10-04T18:06:19.000Z</time>
        <extensions>
          <ns3:TrackPointExtension>
            <ns3:hr>147</ns3:hr>
          </ns3:TrackPointExtension>
        </extensions>
      </trkpt>
      <trkpt lat="43.30751999281346797943115234375" lon="-79.91226478479802608489990234375">
        <ele>189</ele>
        <time>2025-10-04T18:06:23.000Z</time>
        <extensions>
          <ns3:TrackPointExtension>
            <ns3:hr>147</ns3:hr>
          </ns3:TrackPointExtension>
        </extensions>
      </trkpt>
      <trkpt lat="43.307511694729328155517578125" lon="-79.9122720770537853240966796875">
        <ele>189.1999969482421875</ele>
        <time>2025-10-04T18:06:24.000Z</time>
        <extensions>
          <ns3:TrackPointExtension>
            <ns3:hr>146</ns3:hr>
          </ns3:TrackPointExtension>
        </extensions>
      </trkpt>
      <trkpt lat="43.3074444718658924102783203125" lon="-79.91238062269985675811767578125">
        <ele>189.600006103515625</ele>
        <time>2025-10-04T18:06:38.000Z</time>
        <extensions>
          <ns3:TrackPointExtension>
            <ns3:hr>148</ns3:hr>
          </ns3:TrackPointExtension>
        </extensions>
      </trkpt>
      <trkpt lat="43.30741438083350658416748046875" lon="-79.91249780170619487762451171875">
        <ele>190.1999969482421875</ele>
        <time>2025-10-04T18:06:51.000Z</time>
        <extensions>
          <ns3:TrackPointExtension>
            <ns3:hr>147</ns3:hr>
          </ns3:TrackPointExtension>
        </extensions>
      </trkpt>
      <trkpt lat="43.30740650184452533721923828125" lon="-79.91251833736896514892578125">
        <ele>191.1999969482421875</ele>
        <time>2025-10-04T18:06:56.000Z</time>
        <extensions>
          <ns3:TrackPointExtension>
            <ns3:hr>147</ns3:hr>
          </ns3:TrackPointExtension>
        </extensions>
      </trkpt>
      <trkpt lat="43.3074119500815868377685546875" lon="-79.91253451444208621978759765625">
        <ele>192.1999969482421875</ele>
        <time>2025-10-04T18:07:00.000Z</time>
        <extensions>
          <ns3:TrackPointExtension>
            <ns3:hr>147</ns3:hr>
          </ns3:TrackPointExtension>
        </extensions>
      </trkpt>
      <trkpt lat="43.30741605721414089202880859375" lon="-79.9125473387539386749267578125">
        <ele>192.600006103515625</ele>
        <time>2025-10-04T18:07:02.000Z</time>
        <extensions>
          <ns3:TrackPointExtension>
            <ns3:hr>147</ns3:hr>
          </ns3:TrackPointExtension>
        </extensions>
      </trkpt>
      <trkpt lat="43.30742443911731243133544921875" lon="-79.912557899951934814453125">
        <ele>193.399993896484375</ele>
        <time>2025-10-04T18:07:04.000Z</time>
        <extensions>
          <ns3:TrackPointExtension>
            <ns3:hr>149</ns3:hr>
          </ns3:TrackPointExtension>
        </extensions>
      </trkpt>
      <trkpt lat="43.30741412937641143798828125" lon="-79.9125912599265575408935546875">
        <ele>194.600006103515625</ele>
        <time>2025-10-04T18:07:10.000Z</time>
        <extensions>
          <ns3:TrackPointExtension>
            <ns3:hr>150</ns3:hr>
          </ns3:TrackPointExtension>
        </extensions>
      </trkpt>
      <trkpt lat="43.30741287209093570709228515625" lon="-79.9126103706657886505126953125">
        <ele>195.1999969482421875</ele>
        <time>2025-10-04T18:07:13.000Z</time>
        <extensions>
          <ns3:TrackPointExtension>
            <ns3:hr>150</ns3:hr>
          </ns3:TrackPointExtension>
        </extensions>
      </trkpt>
      <trkpt lat="43.30740834586322307586669921875" lon="-79.91261816583573818206787109375">
        <ele>195.600006103515625</ele>
        <time>2025-10-04T18:07:14.000Z</time>
        <extensions>
          <ns3:TrackPointExtension>
            <ns3:hr>150</ns3:hr>
          </ns3:TrackPointExtension>
        </extensions>
      </trkpt>
      <trkpt lat="43.30740499310195446014404296875" lon="-79.91264414973556995391845703125">
        <ele>196.8000030517578125</ele>
        <time>2025-10-04T18:07:19.000Z</time>
        <extensions>
          <ns3:TrackPointExtension>
            <ns3:hr>151</ns3:hr>
          </ns3:TrackPointExtension>
        </extensions>
      </trkpt>
      <trkpt lat="43.3074119500815868377685546875" lon="-79.91268438287079334259033203125">
        <ele>197.600006103515625</ele>
        <time>2025-10-04T18:07:24.000Z</time>
        <extensions>
          <ns3:TrackPointExtension>
            <ns3:hr>151</ns3:hr>
          </ns3:TrackPointExtension>
        </extensions>
      </trkpt>
      <trkpt lat="43.3074099384248256683349609375" lon="-79.9126918427646160125732421875">
        <ele>197.8000030517578125</ele>
        <time>2025-10-04T18:07:27.000Z</time>
        <extensions>
          <ns3:TrackPointExtension>
            <ns3:hr>151</ns3:hr>
          </ns3:TrackPointExtension>
        </extensions>
      </trkpt>
      <trkpt lat="43.30742075107991695404052734375" lon="-79.91272042505443096160888671875">
        <ele>198</ele>
        <time>2025-10-04T18:07:36.000Z</time>
        <extensions>
          <ns3:TrackPointExtension>
            <ns3:hr>150</ns3:hr>
          </ns3:TrackPointExtension>
        </extensions>
      </trkpt>
      <trkpt lat="43.30740616656839847564697265625" lon="-79.91278194822371006011962890625">
        <ele>198</ele>
        <time>2025-10-04T18:07:41.000Z</time>
        <extensions>
          <ns3:TrackPointExtension>
            <ns3:hr>153</ns3:hr>
          </ns3:TrackPointExtension>
        </extensions>
      </trkpt>
      <trkpt lat="43.30738655291497707366943359375" lon="-79.9128608219325542449951171875">
        <ele>198</ele>
        <time>2025-10-04T18:07:47.000Z</time>
        <extensions>
          <ns3:TrackPointExtension>
            <ns3:hr>152</ns3:hr>
          </ns3:TrackPointExtension>
        </extensions>
      </trkpt>
      <trkpt lat="43.3073150552809238433837890625" lon="-79.91296802647411823272705078125">
        <ele>197.8000030517578125</ele>
        <time>2025-10-04T18:08:00.000Z</time>
        <extensions>
          <ns3:TrackPointExtension>
            <ns3:hr>149</ns3:hr>
          </ns3:TrackPointExtension>
        </extensions>
      </trkpt>
      <trkpt lat="43.3072406239807605743408203125" lon="-79.91308051161468029022216796875">
        <ele>197.8000030517578125</ele>
        <time>2025-10-04T18:08:12.000Z</time>
        <extensions>
          <ns3:TrackPointExtension>
            <ns3:hr>145</ns3:hr>
          </ns3:TrackPointExtension>
        </extensions>
      </trkpt>
      <trkpt lat="43.30723064951598644256591796875" lon="-79.91310196928679943084716796875">
        <ele>197.8000030517578125</ele>
        <time>2025-10-04T18:08:14.000Z</time>
        <extensions>
          <ns3:TrackPointExtension>
            <ns3:hr>142</ns3:hr>
          </ns3:TrackPointExtension>
        </extensions>
      </trkpt>
      <trkpt lat="43.30722369253635406494140625" lon="-79.9131203256547451019287109375">
        <ele>197.600006103515625</ele>
        <time>2025-10-04T18:08:16.000Z</time>
        <extensions>
          <ns3:TrackPointExtension>
            <ns3:hr>139</ns3:hr>
          </ns3:TrackPointExtension>
        </extensions>
      </trkpt>
      <trkpt lat="43.30721606500446796417236328125" lon="-79.91312677972018718719482421875">
        <ele>197.600006103515625</ele>
        <time>2025-10-04T18:08:17.000Z</time>
        <extensions>
          <ns3:TrackPointExtension>
            <ns3:hr>138</ns3:hr>
          </ns3:TrackPointExtension>
        </extensions>
      </trkpt>
      <trkpt lat="43.307171054184436798095703125" lon="-79.9132420308887958526611328125">
        <ele>197.1999969482421875</ele>
        <time>2025-10-04T18:08:26.000Z</time>
        <extensions>
          <ns3:TrackPointExtension>
            <ns3:hr>138</ns3:hr>
          </ns3:TrackPointExtension>
        </extensions>
      </trkpt>
      <trkpt lat="43.3071313239634037017822265625" lon="-79.913357533514499664306640625">
        <ele>197.1999969482421875</ele>
        <time>2025-10-04T18:08:35.000Z</time>
        <extensions>
          <ns3:TrackPointExtension>
            <ns3:hr>135</ns3:hr>
          </ns3:TrackPointExtension>
        </extensions>
      </trkpt>
      <trkpt lat="43.3070890791714191436767578125" lon="-79.9134014546871185302734375">
        <ele>197.1999969482421875</ele>
        <time>2025-10-04T18:08:40.000Z</time>
        <extensions>
          <ns3:TrackPointExtension>
            <ns3:hr>133</ns3:hr>
          </ns3:TrackPointExtension>
        </extensions>
      </trkpt>
      <trkpt lat="43.30706535838544368743896484375" lon="-79.91341553628444671630859375">
        <ele>197</ele>
        <time>2025-10-04T18:08:42.000Z</time>
        <extensions>
          <ns3:TrackPointExtension>
            <ns3:hr>133</ns3:hr>
          </ns3:TrackPointExtension>
        </extensions>
      </trkpt>
      <trkpt lat="43.30694499425590038299560546875" lon="-79.91354352794587612152099609375">
        <ele>197.399993896484375</ele>
        <time>2025-10-04T18:08:56.000Z</time>
        <extensions>
          <ns3:TrackPointExtension>
            <ns3:hr>131</ns3:hr>
          </ns3:TrackPointExtension>
        </extensions>
      </trkpt>
      <trkpt lat="43.306878022849559783935546875" lon="-79.91360169835388660430908203125">
        <ele>197.600006103515625</ele>
        <time>2025-10-04T18:09:04.000Z</time>
        <extensions>
          <ns3:TrackPointExtension>
            <ns3:hr>128</ns3:hr>
          </ns3:TrackPointExtension>
        </extensions>
      </trkpt>
      <trkpt lat="43.30683183856308460235595703125" lon="-79.91363589651882648468017578125">
        <ele>197.600006103515625</ele>
        <time>2025-10-04T18:09:08.000Z</time>
        <extensions>
          <ns3:TrackPointExtension>
            <ns3:hr>125</ns3:hr>
          </ns3:TrackPointExtension>
        </extensions>
      </trkpt>
      <trkpt lat="43.30679411999881267547607421875" lon="-79.9136782251298427581787109375">
        <ele>197.399993896484375</ele>
        <time>2025-10-04T18:09:13.000Z</time>
        <extensions>
          <ns3:TrackPointExtension>
            <ns3:hr>128</ns3:hr>
          </ns3:TrackPointExtension>
        </extensions>
      </trkpt>
      <trkpt lat="43.30672320909798145294189453125" lon="-79.913778640329837799072265625">
        <ele>197.399993896484375</ele>
        <time>2025-10-04T18:09:23.000Z</time>
        <extensions>
          <ns3:TrackPointExtension>
            <ns3:hr>129</ns3:hr>
          </ns3:TrackPointExtension>
        </extensions>
      </trkpt>
      <trkpt lat="43.30665506422519683837890625" lon="-79.9139625392854213714599609375">
        <ele>197</ele>
        <time>2025-10-04T18:09:37.000Z</time>
        <extensions>
          <ns3:TrackPointExtension>
            <ns3:hr>127</ns3:hr>
          </ns3:TrackPointExtension>
        </extensions>
      </trkpt>
      <trkpt lat="43.30663871951401233673095703125" lon="-79.91401375271379947662353515625">
        <ele>197</ele>
        <time>2025-10-04T18:09:41.000Z</time>
        <extensions>
          <ns3:TrackPointExtension>
            <ns3:hr>130</ns3:hr>
          </ns3:TrackPointExtension>
        </extensions>
      </trkpt>
      <trkpt lat="43.30662882886826992034912109375" lon="-79.914032109081745147705078125">
        <ele>196.8000030517578125</ele>
        <time>2025-10-04T18:09:43.000Z</time>
        <extensions>
          <ns3:TrackPointExtension>
            <ns3:hr>133</ns3:hr>
          </ns3:TrackPointExtension>
        </extensions>
      </trkpt>
      <trkpt lat="43.3066141605377197265625" lon="-79.91406370885670185089111328125">
        <ele>196.8000030517578125</ele>
        <time>2025-10-04T18:09:45.000Z</time>
        <extensions>
          <ns3:TrackPointExtension>
            <ns3:hr>130</ns3:hr>
          </ns3:TrackPointExtension>
        </extensions>
      </trkpt>
      <trkpt lat="43.30656562931835651397705078125" lon="-79.914119280874729156494140625">
        <ele>196.600006103515625</ele>
        <time>2025-10-04T18:09:51.000Z</time>
        <extensions>
          <ns3:TrackPointExtension>
            <ns3:hr>127</ns3:hr>
          </ns3:TrackPointExtension>
        </extensions>
      </trkpt>
      <trkpt lat="43.30653696320950984954833984375" lon="-79.9141516350209712982177734375">
        <ele>196.600006103515625</ele>
        <time>2025-10-04T18:09:54.000Z</time>
        <extensions>
          <ns3:TrackPointExtension>
            <ns3:hr>124</ns3:hr>
          </ns3:TrackPointExtension>
        </extensions>
      </trkpt>
      <trkpt lat="43.3064198680222034454345703125" lon="-79.91428683511912822723388671875">
        <ele>196.399993896484375</ele>
        <time>2025-10-04T18:10:07.000Z</time>
        <extensions>
          <ns3:TrackPointExtension>
            <ns3:hr>123</ns3:hr>
          </ns3:TrackPointExtension>
        </extensions>
      </trkpt>
      <trkpt lat="43.30630947835743427276611328125" lon="-79.9144636094570159912109375">
        <ele>196.399993896484375</ele>
        <time>2025-10-04T18:10:22.000Z</time>
        <extensions>
          <ns3:TrackPointExtension>
            <ns3:hr>123</ns3:hr>
          </ns3:TrackPointExtension>
        </extensions>
      </trkpt>
      <trkpt lat="43.30626136623322963714599609375" lon="-79.91465781815350055694580078125">
        <ele>196.399993896484375</ele>
        <time>2025-10-04T18:10:34.000Z</time>
        <extensions>
          <ns3:TrackPointExtension>
            <ns3:hr>124</ns3:hr>
          </ns3:TrackPointExtension>
        </extensions>
      </trkpt>
      <trkpt lat="43.3062240667641162872314453125" lon="-79.91477952338755130767822265625">
        <ele>196.399993896484375</ele>
        <time>2025-10-04T18:10:44.000Z</time>
        <extensions>
          <ns3:TrackPointExtension>
            <ns3:hr>127</ns3:hr>
          </ns3:TrackPointExtension>
        </extensions>
      </trkpt>
      <trkpt lat="43.30621895380318164825439453125" lon="-79.9147940240800380706787109375">
        <ele>196.399993896484375</ele>
        <time>2025-10-04T18:10:46.000Z</time>
        <extensions>
          <ns3:TrackPointExtension>
            <ns3:hr>124</ns3:hr>
          </ns3:TrackPointExtension>
        </extensions>
      </trkpt>
      <trkpt lat="43.30620990134775638580322265625" lon="-79.914816655218601226806640625">
        <ele>196.399993896484375</ele>
        <time>2025-10-04T18:10:48.000Z</time>
        <extensions>
          <ns3:TrackPointExtension>
            <ns3:hr>121</ns3:hr>
          </ns3:TrackPointExtension>
        </extensions>
      </trkpt>
      <trkpt lat="43.3061486296355724334716796875" lon="-79.91490910761058330535888671875">
        <ele>196.1999969482421875</ele>
        <time>2025-10-04T18:10:57.000Z</time>
        <extensions>
          <ns3:TrackPointExtension>
            <ns3:hr>121</ns3:hr>
          </ns3:TrackPointExtension>
        </extensions>
      </trkpt>
      <trkpt lat="43.30612306483089923858642578125" lon="-79.91503290832042694091796875">
        <ele>196.1999969482421875</ele>
        <time>2025-10-04T18:11:05.000Z</time>
        <extensions>
          <ns3:TrackPointExtension>
            <ns3:hr>124</ns3:hr>
          </ns3:TrackPointExtension>
        </extensions>
      </trkpt>
      <trkpt lat="43.306075036525726318359375" lon="-79.91508848033845424652099609375">
        <ele>196.399993896484375</ele>
        <time>2025-10-04T18:11:10.000Z</time>
        <extensions>
          <ns3:TrackPointExtension>
            <ns3:hr>124</ns3:hr>
          </ns3:TrackPointExtension>
        </extensions>
      </trkpt>
      <trkpt lat="43.305939249694347381591796875" lon="-79.91526600904762744903564453125">
        <ele>196.600006103515625</ele>
        <time>2025-10-04T18:11:26.000Z</time>
        <extensions>
          <ns3:TrackPointExtension>
            <ns3:hr>125</ns3:hr>
          </ns3:TrackPointExtension>
        </extensions>
      </trkpt>
      <trkpt lat="43.3059330470860004425048828125" lon="-79.91527606733143329620361328125">
        <ele>196.600006103515625</ele>
        <time>2025-10-04T18:11:27.000Z</time>
        <extensions>
          <ns3:TrackPointExtension>
            <ns3:hr>125</ns3:hr>
          </ns3:TrackPointExtension>
        </extensions>
      </trkpt>
      <trkpt lat="43.30582751892507076263427734375" lon="-79.915439598262310028076171875">
        <ele>196.8000030517578125</ele>
        <time>2025-10-04T18:11:41.000Z</time>
        <extensions>
          <ns3:TrackPointExtension>
            <ns3:hr>125</ns3:hr>
          </ns3:TrackPointExtension>
        </extensions>
      </trkpt>
      <trkpt lat="43.30580346286296844482421875" lon="-79.91548947058618068695068359375">
        <ele>196.8000030517578125</ele>
        <time>2025-10-04T18:11:45.000Z</time>
        <extensions>
          <ns3:TrackPointExtension>
            <ns3:hr>122</ns3:hr>
          </ns3:TrackPointExtension>
        </extensions>
      </trkpt>
      <trkpt lat="43.305779658257961273193359375" lon="-79.91552333347499370574951171875">
        <ele>196.8000030517578125</ele>
        <time>2025-10-04T18:11:48.000Z</time>
        <extensions>
          <ns3:TrackPointExtension>
            <ns3:hr>125</ns3:hr>
          </ns3:TrackPointExtension>
        </extensions>
      </trkpt>
      <trkpt lat="43.3057330548763275146484375" lon="-79.91560463793575763702392578125">
        <ele>196.8000030517578125</ele>
        <time>2025-10-04T18:11:55.000Z</time>
        <extensions>
          <ns3:TrackPointExtension>
            <ns3:hr>123</ns3:hr>
          </ns3:TrackPointExtension>
        </extensions>
      </trkpt>
      <trkpt lat="43.3056108467280864715576171875" lon="-79.91579641588032245635986328125">
        <ele>196.8000030517578125</ele>
        <time>2025-10-04T18:12:11.000Z</time>
        <extensions>
          <ns3:TrackPointExtension>
            <ns3:hr>123</ns3:hr>
          </ns3:TrackPointExtension>
        </extensions>
      </trkpt>
      <trkpt lat="43.30552560277283191680908203125" lon="-79.91599238477647304534912109375">
        <ele>197</ele>
        <time>2025-10-04T18:12:27.000Z</time>
        <extensions>
          <ns3:TrackPointExtension>
            <ns3:hr>122</ns3:hr>
          </ns3:TrackPointExtension>
        </extensions>
      </trkpt>
      <trkpt lat="43.3054636605083942413330078125" lon="-79.91619774140417575836181640625">
        <ele>197</ele>
        <time>2025-10-04T18:12:41.000Z</time>
        <extensions>
          <ns3:TrackPointExtension>
            <ns3:hr>122</ns3:hr>
          </ns3:TrackPointExtension>
        </extensions>
      </trkpt>
      <trkpt lat="43.3053634129464626312255859375" lon="-79.91641902364790439605712890625">
        <ele>196.8000030517578125</ele>
        <time>2025-10-04T18:12:57.000Z</time>
        <extensions>
          <ns3:TrackPointExtension>
            <ns3:hr>120</ns3:hr>
          </ns3:TrackPointExtension>
        </extensions>
      </trkpt>
      <trkpt lat="43.3052832819521427154541015625" lon="-79.916578866541385650634765625">
        <ele>196.8000030517578125</ele>
        <time>2025-10-04T18:13:08.000Z</time>
        <extensions>
          <ns3:TrackPointExtension>
            <ns3:hr>117</ns3:hr>
          </ns3:TrackPointExtension>
        </extensions>
      </trkpt>
      <trkpt lat="43.30527045764029026031494140625" lon="-79.9166068620979785919189453125">
        <ele>196.8000030517578125</ele>
        <time>2025-10-04T18:13:10.000Z</time>
        <extensions>
          <ns3:TrackPointExtension>
            <ns3:hr>118</ns3:hr>
          </ns3:TrackPointExtension>
        </extensions>
      </trkpt>
      <trkpt lat="43.3052422106266021728515625" lon="-79.9166611768305301666259765625">
        <ele>196.8000030517578125</ele>
        <time>2025-10-04T18:13:14.000Z</time>
        <extensions>
          <ns3:TrackPointExtension>
            <ns3:hr>121</ns3:hr>
          </ns3:TrackPointExtension>
        </extensions>
      </trkpt>
      <trkpt lat="43.305196948349475860595703125" lon="-79.91673133336007595062255859375">
        <ele>196.8000030517578125</ele>
        <time>2025-10-04T18:13:19.000Z</time>
        <extensions>
          <ns3:TrackPointExtension>
            <ns3:hr>118</ns3:hr>
          </ns3:TrackPointExtension>
        </extensions>
      </trkpt>
      <trkpt lat="43.30516568385064601898193359375" lon="-79.91678196005523204803466796875">
        <ele>196.8000030517578125</ele>
        <time>2025-10-04T18:13:23.000Z</time>
        <extensions>
          <ns3:TrackPointExtension>
            <ns3:hr>118</ns3:hr>
          </ns3:TrackPointExtension>
        </extensions>
      </trkpt>
      <trkpt lat="43.305149339139461517333984375" lon="-79.9168174155056476593017578125">
        <ele>196.8000030517578125</ele>
        <time>2025-10-04T18:13:26.000Z</time>
        <extensions>
          <ns3:TrackPointExtension>
            <ns3:hr>121</ns3:hr>
          </ns3:TrackPointExtension>
        </extensions>
      </trkpt>
      <trkpt lat="43.30508471466600894927978515625" lon="-79.916977174580097198486328125">
        <ele>196.399993896484375</ele>
        <time>2025-10-04T18:13:37.000Z</time>
        <extensions>
          <ns3:TrackPointExtension>
            <ns3:hr>121</ns3:hr>
          </ns3:TrackPointExtension>
        </extensions>
      </trkpt>
      <trkpt lat="43.304999805986881256103515625" lon="-79.91709544323384761810302734375">
        <ele>196</ele>
        <time>2025-10-04T18:13:48.000Z</time>
        <extensions>
          <ns3:TrackPointExtension>
            <ns3:hr>118</ns3:hr>
          </ns3:TrackPointExtension>
        </extensions>
      </trkpt>
      <trkpt lat="43.3049664460122585296630859375" lon="-79.917112626135349273681640625">
        <ele>196</ele>
        <time>2025-10-04T18:13:52.000Z</time>
        <extensions>
          <ns3:TrackPointExtension>
            <ns3:hr>117</ns3:hr>
          </ns3:TrackPointExtension>
        </extensions>
      </trkpt>
      <trkpt lat="43.304887153208255767822265625" lon="-79.917207844555377960205078125">
        <ele>195.8000030517578125</ele>
        <time>2025-10-04T18:14:03.000Z</time>
        <extensions>
          <ns3:TrackPointExtension>
            <ns3:hr>119</ns3:hr>
          </ns3:TrackPointExtension>
        </extensions>
      </trkpt>
      <trkpt lat="43.3048578165471553802490234375" lon="-79.91723475046455860137939453125">
        <ele>195.8000030517578125</ele>
        <time>2025-10-04T18:14:06.000Z</time>
        <extensions>
          <ns3:TrackPointExtension>
            <ns3:hr>119</ns3:hr>
          </ns3:TrackPointExtension>
        </extensions>
      </trkpt>
      <trkpt lat="43.30473192036151885986328125" lon="-79.91734472103416919708251953125">
        <ele>195.8000030517578125</ele>
        <time>2025-10-04T18:14:20.000Z</time>
        <extensions>
          <ns3:TrackPointExtension>
            <ns3:hr>119</ns3:hr>
          </ns3:TrackPointExtension>
        </extensions>
      </trkpt>
      <trkpt lat="43.3046764321625232696533203125" lon="-79.91742585785686969757080078125">
        <ele>195.8000030517578125</ele>
        <time>2025-10-04T18:14:28.000Z</time>
        <extensions>
          <ns3:TrackPointExtension>
            <ns3:hr>122</ns3:hr>
          </ns3:TrackPointExtension>
        </extensions>
      </trkpt>
      <trkpt lat="43.304660506546497344970703125" lon="-79.9174879677593708038330078125">
        <ele>195.8000030517578125</ele>
        <time>2025-10-04T18:14:33.000Z</time>
        <extensions>
          <ns3:TrackPointExtension>
            <ns3:hr>123</ns3:hr>
          </ns3:TrackPointExtension>
        </extensions>
      </trkpt>
      <trkpt lat="43.30465606413781642913818359375" lon="-79.9175023846328258514404296875">
        <ele>195.8000030517578125</ele>
        <time>2025-10-04T18:14:34.000Z</time>
        <extensions>
          <ns3:TrackPointExtension>
            <ns3:hr>123</ns3:hr>
          </ns3:TrackPointExtension>
        </extensions>
      </trkpt>
      <trkpt lat="43.3045845665037631988525390625" lon="-79.91774269379675388336181640625">
        <ele>195.1999969482421875</ele>
        <time>2025-10-04T18:14:48.000Z</time>
        <extensions>
          <ns3:TrackPointExtension>
            <ns3:hr>123</ns3:hr>
          </ns3:TrackPointExtension>
        </extensions>
      </trkpt>
      <trkpt lat="43.30457978881895542144775390625" lon="-79.917757026851177215576171875">
        <ele>195</ele>
        <time>2025-10-04T18:14:49.000Z</time>
        <extensions>
          <ns3:TrackPointExtension>
            <ns3:hr>123</ns3:hr>
          </ns3:TrackPointExtension>
        </extensions>
      </trkpt>
      <trkpt lat="43.3045644499361515045166015625" lon="-79.91780354641377925872802734375">
        <ele>194.8000030517578125</ele>
        <time>2025-10-04T18:14:52.000Z</time>
        <extensions>
          <ns3:TrackPointExtension>
            <ns3:hr>120</ns3:hr>
          </ns3:TrackPointExtension>
        </extensions>
      </trkpt>
      <trkpt lat="43.3045295812189579010009765625" lon="-79.91789155639708042144775390625">
        <ele>195</ele>
        <time>2025-10-04T18:15:01.000Z</time>
        <extensions>
          <ns3:TrackPointExtension>
            <ns3:hr>118</ns3:hr>
          </ns3:TrackPointExtension>
        </extensions>
      </trkpt>
      <trkpt lat="43.30449915491044521331787109375" lon="-79.91802533157169818878173828125">
        <ele>195.1999969482421875</ele>
        <time>2025-10-04T18:15:10.000Z</time>
        <extensions>
          <ns3:TrackPointExtension>
            <ns3:hr>115</ns3:hr>
          </ns3:TrackPointExtension>
        </extensions>
      </trkpt>
      <trkpt lat="43.3044816367328166961669921875" lon="-79.91806271485984325408935546875">
        <ele>195.1999969482421875</ele>
        <time>2025-10-04T18:15:14.000Z</time>
        <extensions>
          <ns3:TrackPointExtension>
            <ns3:hr>113</ns3:hr>
          </ns3:TrackPointExtension>
        </extensions>
      </trkpt>
      <trkpt lat="43.30445590429008007049560546875" lon="-79.9181169457733631134033203125">
        <ele>195</ele>
        <time>2025-10-04T18:15:19.000Z</time>
        <extensions>
          <ns3:TrackPointExtension>
            <ns3:hr>108</ns3:hr>
          </ns3:TrackPointExtension>
        </extensions>
      </trkpt>
      <trkpt lat="43.30445028841495513916015625" lon="-79.9181310273706912994384765625">
        <ele>195</ele>
        <time>2025-10-04T18:15:20.000Z</time>
        <extensions>
          <ns3:TrackPointExtension>
            <ns3:hr>105</ns3:hr>
          </ns3:TrackPointExtension>
        </extensions>
      </trkpt>
      <trkpt lat="43.3044440858066082000732421875" lon="-79.91814821027219295501708984375">
        <ele>195</ele>
        <time>2025-10-04T18:15:21.000Z</time>
        <extensions>
          <ns3:TrackPointExtension>
            <ns3:hr>100</ns3:hr>
          </ns3:TrackPointExtension>
        </extensions>
      </trkpt>
      <trkpt lat="43.304436206817626953125" lon="-79.91815575398504734039306640625">
        <ele>195</ele>
        <time>2025-10-04T18:15:22.000Z</time>
        <extensions>
          <ns3:TrackPointExtension>
            <ns3:hr>103</ns3:hr>
          </ns3:TrackPointExtension>
        </extensions>
      </trkpt>
      <trkpt lat="43.30442355014383792877197265625" lon="-79.9181799776852130889892578125">
        <ele>195</ele>
        <time>2025-10-04T18:15:24.000Z</time>
        <extensions>
          <ns3:TrackPointExtension>
            <ns3:hr>100</ns3:hr>
          </ns3:TrackPointExtension>
        </extensions>
      </trkpt>
      <trkpt lat="43.3043924532830715179443359375" lon="-79.9182607792317867279052734375">
        <ele>194.8000030517578125</ele>
        <time>2025-10-04T18:15:29.000Z</time>
        <extensions>
          <ns3:TrackPointExtension>
            <ns3:hr>100</ns3:hr>
          </ns3:TrackPointExtension>
        </extensions>
      </trkpt>
      <trkpt lat="43.3043914474546909332275390625" lon="-79.91827477701008319854736328125">
        <ele>194.8000030517578125</ele>
        <time>2025-10-04T18:15:30.000Z</time>
        <extensions>
          <ns3:TrackPointExtension>
            <ns3:hr>100</ns3:hr>
          </ns3:TrackPointExtension>
        </extensions>
      </trkpt>
      <trkpt lat="43.30438415519893169403076171875" lon="-79.91831459105014801025390625">
        <ele>194.600006103515625</ele>
        <time>2025-10-04T18:15:33.000Z</time>
        <extensions>
          <ns3:TrackPointExtension>
            <ns3:hr>103</ns3:hr>
          </ns3:TrackPointExtension>
        </extensions>
      </trkpt>
      <trkpt lat="43.304342664778232574462890625" lon="-79.91837368346750736236572265625">
        <ele>194.600006103515625</ele>
        <time>2025-10-04T18:15:40.000Z</time>
        <extensions>
          <ns3:TrackPointExtension>
            <ns3:hr>106</ns3:hr>
          </ns3:TrackPointExtension>
        </extensions>
      </trkpt>
      <trkpt lat="43.30433302558958530426025390625" lon="-79.91837569512426853179931640625">
        <ele>194.600006103515625</ele>
        <time>2025-10-04T18:15:41.000Z</time>
        <extensions>
          <ns3:TrackPointExtension>
            <ns3:hr>107</ns3:hr>
          </ns3:TrackPointExtension>
        </extensions>
      </trkpt>
      <trkpt lat="43.30431777052581310272216796875" lon="-79.91838407702744007110595703125">
        <ele>194.600006103515625</ele>
        <time>2025-10-04T18:15:43.000Z</time>
        <extensions>
          <ns3:TrackPointExtension>
            <ns3:hr>113</ns3:hr>
          </ns3:TrackPointExtension>
        </extensions>
      </trkpt>
      <trkpt lat="43.3042905293405055999755859375" lon="-79.9183965660631656646728515625">
        <ele>194.600006103515625</ele>
        <time>2025-10-04T18:15:46.000Z</time>
        <extensions>
          <ns3:TrackPointExtension>
            <ns3:hr>118</ns3:hr>
          </ns3:TrackPointExtension>
        </extensions>
      </trkpt>
      <trkpt lat="43.304281644523143768310546875" lon="-79.9184012599289417266845703125">
        <ele>194.600006103515625</ele>
        <time>2025-10-04T18:15:47.000Z</time>
        <extensions>
          <ns3:TrackPointExtension>
            <ns3:hr>121</ns3:hr>
          </ns3:TrackPointExtension>
        </extensions>
      </trkpt>
      <trkpt lat="43.3042700774967670440673828125" lon="-79.91840712726116180419921875">
        <ele>194.600006103515625</ele>
        <time>2025-10-04T18:15:48.000Z</time>
        <extensions>
          <ns3:TrackPointExtension>
            <ns3:hr>124</ns3:hr>
          </ns3:TrackPointExtension>
        </extensions>
      </trkpt>
      <trkpt lat="43.30418483354151248931884765625" lon="-79.91849295794963836669921875">
        <ele>194</ele>
        <time>2025-10-04T18:15:58.000Z</time>
        <extensions>
          <ns3:TrackPointExtension>
            <ns3:hr>125</ns3:hr>
          </ns3:TrackPointExtension>
        </extensions>
      </trkpt>
      <trkpt lat="43.30410026013851165771484375" lon="-79.918577112257480621337890625">
        <ele>193.8000030517578125</ele>
        <time>2025-10-04T18:16:07.000Z</time>
        <extensions>
          <ns3:TrackPointExtension>
            <ns3:hr>122</ns3:hr>
          </ns3:TrackPointExtension>
        </extensions>
      </trkpt>
      <trkpt lat="43.3040786348283290863037109375" lon="-79.91859882138669490814208984375">
        <ele>193.8000030517578125</ele>
        <time>2025-10-04T18:16:10.000Z</time>
        <extensions>
          <ns3:TrackPointExtension>
            <ns3:hr>123</ns3:hr>
          </ns3:TrackPointExtension>
        </extensions>
      </trkpt>
      <trkpt lat="43.30396556295454502105712890625" lon="-79.91870325990021228790283203125">
        <ele>193.8000030517578125</ele>
        <time>2025-10-04T18:16:23.000Z</time>
        <extensions>
          <ns3:TrackPointExtension>
            <ns3:hr>124</ns3:hr>
          </ns3:TrackPointExtension>
        </extensions>
      </trkpt>
      <trkpt lat="43.3038995973765850067138671875" lon="-79.9188069440424442291259765625">
        <ele>193.600006103515625</ele>
        <time>2025-10-04T18:16:32.000Z</time>
        <extensions>
          <ns3:TrackPointExtension>
            <ns3:hr>125</ns3:hr>
          </ns3:TrackPointExtension>
        </extensions>
      </trkpt>
      <trkpt lat="43.3038677461445331573486328125" lon="-79.91889973171055316925048828125">
        <ele>193.600006103515625</ele>
        <time>2025-10-04T18:16:39.000Z</time>
        <extensions>
          <ns3:TrackPointExtension>
            <ns3:hr>124</ns3:hr>
          </ns3:TrackPointExtension>
        </extensions>
      </trkpt>
      <trkpt lat="43.3037634752690792083740234375" lon="-79.9190215207636356353759765625">
        <ele>193.1999969482421875</ele>
        <time>2025-10-04T18:16:53.000Z</time>
        <extensions>
          <ns3:TrackPointExtension>
            <ns3:hr>123</ns3:hr>
          </ns3:TrackPointExtension>
        </extensions>
      </trkpt>
      <trkpt lat="43.3036937378346920013427734375" lon="-79.9190822057425975799560546875">
        <ele>193</ele>
        <time>2025-10-04T18:17:01.000Z</time>
        <extensions>
          <ns3:TrackPointExtension>
            <ns3:hr>120</ns3:hr>
          </ns3:TrackPointExtension>
        </extensions>
      </trkpt>
      <trkpt lat="43.30365308560431003570556640625" lon="-79.919131658971309661865234375">
        <ele>193</ele>
        <time>2025-10-04T18:17:06.000Z</time>
        <extensions>
          <ns3:TrackPointExtension>
            <ns3:hr>121</ns3:hr>
          </ns3:TrackPointExtension>
        </extensions>
      </trkpt>
      <trkpt lat="43.303646631538867950439453125" lon="-79.919144399464130401611328125">
        <ele>193</ele>
        <time>2025-10-04T18:17:07.000Z</time>
        <extensions>
          <ns3:TrackPointExtension>
            <ns3:hr>121</ns3:hr>
          </ns3:TrackPointExtension>
        </extensions>
      </trkpt>
      <trkpt lat="43.30355107784271240234375" lon="-79.919251017272472381591796875">
        <ele>193.1999969482421875</ele>
        <time>2025-10-04T18:17:21.000Z</time>
        <extensions>
          <ns3:TrackPointExtension>
            <ns3:hr>122</ns3:hr>
          </ns3:TrackPointExtension>
        </extensions>
      </trkpt>
      <trkpt lat="43.303440101444721221923828125" lon="-79.9193869717419147491455078125">
        <ele>193</ele>
        <time>2025-10-04T18:17:34.000Z</time>
        <extensions>
          <ns3:TrackPointExtension>
            <ns3:hr>124</ns3:hr>
          </ns3:TrackPointExtension>
        </extensions>
      </trkpt>
      <trkpt lat="43.30330758355557918548583984375" lon="-79.919499121606349945068359375">
        <ele>193.1999969482421875</ele>
        <time>2025-10-04T18:17:50.000Z</time>
        <extensions>
          <ns3:TrackPointExtension>
            <ns3:hr>125</ns3:hr>
          </ns3:TrackPointExtension>
        </extensions>
      </trkpt>
      <trkpt lat="43.303177915513515472412109375" lon="-79.9195700325071811676025390625">
        <ele>193.1999969482421875</ele>
        <time>2025-10-04T18:18:03.000Z</time>
        <extensions>
          <ns3:TrackPointExtension>
            <ns3:hr>124</ns3:hr>
          </ns3:TrackPointExtension>
        </extensions>
      </trkpt>
      <trkpt lat="43.303114883601665496826171875" lon="-79.919630549848079681396484375">
        <ele>193.399993896484375</ele>
        <time>2025-10-04T18:18:13.000Z</time>
        <extensions>
          <ns3:TrackPointExtension>
            <ns3:hr>122</ns3:hr>
          </ns3:TrackPointExtension>
        </extensions>
      </trkpt>
      <trkpt lat="43.303018994629383087158203125" lon="-79.9197403527796268463134765625">
        <ele>193.399993896484375</ele>
        <time>2025-10-04T18:18:26.000Z</time>
        <extensions>
          <ns3:TrackPointExtension>
            <ns3:hr>121</ns3:hr>
          </ns3:TrackPointExtension>
        </extensions>
      </trkpt>
      <trkpt lat="43.30293542705476284027099609375" lon="-79.9198385886847972869873046875">
        <ele>193.600006103515625</ele>
        <time>2025-10-04T18:18:38.000Z</time>
        <extensions>
          <ns3:TrackPointExtension>
            <ns3:hr>123</ns3:hr>
          </ns3:TrackPointExtension>
        </extensions>
      </trkpt>
      <trkpt lat="43.3028759993612766265869140625" lon="-79.92002743296325206756591796875">
        <ele>193.8000030517578125</ele>
        <time>2025-10-04T18:18:51.000Z</time>
        <extensions>
          <ns3:TrackPointExtension>
            <ns3:hr>122</ns3:hr>
          </ns3:TrackPointExtension>
        </extensions>
      </trkpt>
      <trkpt lat="43.3028469979763031005859375" lon="-79.92013153620064258575439453125">
        <ele>193.8000030517578125</ele>
        <time>2025-10-04T18:19:00.000Z</time>
        <extensions>
          <ns3:TrackPointExtension>
            <ns3:hr>125</ns3:hr>
          </ns3:TrackPointExtension>
        </extensions>
      </trkpt>
      <trkpt lat="43.30283048562705516815185546875" lon="-79.9201540835201740264892578125">
        <ele>193.8000030517578125</ele>
        <time>2025-10-04T18:19:02.000Z</time>
        <extensions>
          <ns3:TrackPointExtension>
            <ns3:hr>124</ns3:hr>
          </ns3:TrackPointExtension>
        </extensions>
      </trkpt>
      <trkpt lat="43.3027465827763080596923828125" lon="-79.92020010016858577728271484375">
        <ele>193.600006103515625</ele>
        <time>2025-10-04T18:19:13.000Z</time>
        <extensions>
          <ns3:TrackPointExtension>
            <ns3:hr>126</ns3:hr>
          </ns3:TrackPointExtension>
        </extensions>
      </trkpt>
      <trkpt lat="43.3026941120624542236328125" lon="-79.9202308617532253265380859375">
        <ele>193.399993896484375</ele>
        <time>2025-10-04T18:19:19.000Z</time>
        <extensions>
          <ns3:TrackPointExtension>
            <ns3:hr>123</ns3:hr>
          </ns3:TrackPointExtension>
        </extensions>
      </trkpt>
      <trkpt lat="43.302626051008701324462890625" lon="-79.92030923254787921905517578125">
        <ele>193.1999969482421875</ele>
        <time>2025-10-04T18:19:27.000Z</time>
        <extensions>
          <ns3:TrackPointExtension>
            <ns3:hr>123</ns3:hr>
          </ns3:TrackPointExtension>
        </extensions>
      </trkpt>
      <trkpt lat="43.30250979401171207427978515625" lon="-79.9204449355602264404296875">
        <ele>193.1999969482421875</ele>
        <time>2025-10-04T18:19:41.000Z</time>
        <extensions>
          <ns3:TrackPointExtension>
            <ns3:hr>120</ns3:hr>
          </ns3:TrackPointExtension>
        </extensions>
      </trkpt>
      <trkpt lat="43.30250023864209651947021484375" lon="-79.920456670224666595458984375">
        <ele>193.1999969482421875</ele>
        <time>2025-10-04T18:19:42.000Z</time>
        <extensions>
          <ns3:TrackPointExtension>
            <ns3:hr>120</ns3:hr>
          </ns3:TrackPointExtension>
        </extensions>
      </trkpt>
      <trkpt lat="43.3023868314921855926513671875" lon="-79.92057544179260730743408203125">
        <ele>193.600006103515625</ele>
        <time>2025-10-04T18:19:55.000Z</time>
        <extensions>
          <ns3:TrackPointExtension>
            <ns3:hr>121</ns3:hr>
          </ns3:TrackPointExtension>
        </extensions>
      </trkpt>
      <trkpt lat="43.30227191559970378875732421875" lon="-79.92068641819059848785400390625">
        <ele>193.600006103515625</ele>
        <time>2025-10-04T18:20:09.000Z</time>
        <extensions>
          <ns3:TrackPointExtension>
            <ns3:hr>125</ns3:hr>
          </ns3:TrackPointExtension>
        </extensions>
      </trkpt>
      <trkpt lat="43.30226420424878597259521484375" lon="-79.92069480009377002716064453125">
        <ele>193.600006103515625</ele>
        <time>2025-10-04T18:20:10.000Z</time>
        <extensions>
          <ns3:TrackPointExtension>
            <ns3:hr>123</ns3:hr>
          </ns3:TrackPointExtension>
        </extensions>
      </trkpt>
      <trkpt lat="43.30219027586281299591064453125" lon="-79.9208263121545314788818359375">
        <ele>193.600006103515625</ele>
        <time>2025-10-04T18:20:22.000Z</time>
        <extensions>
          <ns3:TrackPointExtension>
            <ns3:hr>127</ns3:hr>
          </ns3:TrackPointExtension>
        </extensions>
      </trkpt>
      <trkpt lat="43.30216311849653720855712890625" lon="-79.92084936238825321197509765625">
        <ele>193.600006103515625</ele>
        <time>2025-10-04T18:20:25.000Z</time>
        <extensions>
          <ns3:TrackPointExtension>
            <ns3:hr>130</ns3:hr>
          </ns3:TrackPointExtension>
        </extensions>
      </trkpt>
      <trkpt lat="43.3021067082881927490234375" lon="-79.920889176428318023681640625">
        <ele>193.600006103515625</ele>
        <time>2025-10-04T18:20:31.000Z</time>
        <extensions>
          <ns3:TrackPointExtension>
            <ns3:hr>127</ns3:hr>
          </ns3:TrackPointExtension>
        </extensions>
      </trkpt>
      <trkpt lat="43.302094638347625732421875" lon="-79.9209104664623737335205078125">
        <ele>193.600006103515625</ele>
        <time>2025-10-04T18:20:33.000Z</time>
        <extensions>
          <ns3:TrackPointExtension>
            <ns3:hr>126</ns3:hr>
          </ns3:TrackPointExtension>
        </extensions>
      </trkpt>
      <trkpt lat="43.30199330113828182220458984375" lon="-79.9209936149418354034423828125">
        <ele>193.399993896484375</ele>
        <time>2025-10-04T18:20:46.000Z</time>
        <extensions>
          <ns3:TrackPointExtension>
            <ns3:hr>123</ns3:hr>
          </ns3:TrackPointExtension>
        </extensions>
      </trkpt>
      <trkpt lat="43.30187042243778705596923828125" lon="-79.921065531671047210693359375">
        <ele>193</ele>
        <time>2025-10-04T18:21:00.000Z</time>
        <extensions>
          <ns3:TrackPointExtension>
            <ns3:hr>120</ns3:hr>
          </ns3:TrackPointExtension>
        </extensions>
      </trkpt>
      <trkpt lat="43.3017647266387939453125" lon="-79.92116804234683513641357421875">
        <ele>193.399993896484375</ele>
        <time>2025-10-04T18:21:13.000Z</time>
        <extensions>
          <ns3:TrackPointExtension>
            <ns3:hr>122</ns3:hr>
          </ns3:TrackPointExtension>
        </extensions>
      </trkpt>
      <trkpt lat="43.30166255123913288116455078125" lon="-79.92126862518489360809326171875">
        <ele>193.1999969482421875</ele>
        <time>2025-10-04T18:21:26.000Z</time>
        <extensions>
          <ns3:TrackPointExtension>
            <ns3:hr>119</ns3:hr>
          </ns3:TrackPointExtension>
        </extensions>
      </trkpt>
      <trkpt lat="43.30164997838437557220458984375" lon="-79.92127466015517711639404296875">
        <ele>193.1999969482421875</ele>
        <time>2025-10-04T18:21:27.000Z</time>
        <extensions>
          <ns3:TrackPointExtension>
            <ns3:hr>122</ns3:hr>
          </ns3:TrackPointExtension>
        </extensions>
      </trkpt>
      <trkpt lat="43.30158233642578125" lon="-79.92133333347737789154052734375">
        <ele>193.399993896484375</ele>
        <time>2025-10-04T18:21:35.000Z</time>
        <extensions>
          <ns3:TrackPointExtension>
            <ns3:hr>125</ns3:hr>
          </ns3:TrackPointExtension>
        </extensions>
      </trkpt>
      <trkpt lat="43.30155752599239349365234375" lon="-79.9213520251214504241943359375">
        <ele>193.1999969482421875</ele>
        <time>2025-10-04T18:21:38.000Z</time>
        <extensions>
          <ns3:TrackPointExtension>
            <ns3:hr>122</ns3:hr>
          </ns3:TrackPointExtension>
        </extensions>
      </trkpt>
      <trkpt lat="43.3015382476150989532470703125" lon="-79.92137725464999675750732421875">
        <ele>193.1999969482421875</ele>
        <time>2025-10-04T18:21:41.000Z</time>
        <extensions>
          <ns3:TrackPointExtension>
            <ns3:hr>121</ns3:hr>
          </ns3:TrackPointExtension>
        </extensions>
      </trkpt>
      <trkpt lat="43.30145283602178096771240234375" lon="-79.92151488550007343292236328125">
        <ele>193.399993896484375</ele>
        <time>2025-10-04T18:21:58.000Z</time>
        <extensions>
          <ns3:TrackPointExtension>
            <ns3:hr>122</ns3:hr>
          </ns3:TrackPointExtension>
        </extensions>
      </trkpt>
      <trkpt lat="43.3014232479035854339599609375" lon="-79.9215823598206043243408203125">
        <ele>193.399993896484375</ele>
        <time>2025-10-04T18:22:11.000Z</time>
        <extensions>
          <ns3:TrackPointExtension>
            <ns3:hr>120</ns3:hr>
          </ns3:TrackPointExtension>
        </extensions>
      </trkpt>
      <trkpt lat="43.3013932406902313232421875" lon="-79.92159065790474414825439453125">
        <ele>193.399993896484375</ele>
        <time>2025-10-04T18:22:17.000Z</time>
        <extensions>
          <ns3:TrackPointExtension>
            <ns3:hr>123</ns3:hr>
          </ns3:TrackPointExtension>
        </extensions>
      </trkpt>
      <trkpt lat="43.3013669215142726898193359375" lon="-79.9215996265411376953125">
        <ele>193.1999969482421875</ele>
        <time>2025-10-04T18:22:21.000Z</time>
        <extensions>
          <ns3:TrackPointExtension>
            <ns3:hr>126</ns3:hr>
          </ns3:TrackPointExtension>
        </extensions>
      </trkpt>
      <trkpt lat="43.30135761760175228118896484375" lon="-79.9216078408062458038330078125">
        <ele>193.399993896484375</ele>
        <time>2025-10-04T18:22:23.000Z</time>
        <extensions>
          <ns3:TrackPointExtension>
            <ns3:hr>126</ns3:hr>
          </ns3:TrackPointExtension>
        </extensions>
      </trkpt>
      <trkpt lat="43.30128989182412624359130859375" lon="-79.9217154644429683685302734375">
        <ele>193.1999969482421875</ele>
        <time>2025-10-04T18:22:36.000Z</time>
        <extensions>
          <ns3:TrackPointExtension>
            <ns3:hr>126</ns3:hr>
          </ns3:TrackPointExtension>
        </extensions>
      </trkpt>
      <trkpt lat="43.30127396620810031890869140625" lon="-79.9217292107641696929931640625">
        <ele>193.1999969482421875</ele>
        <time>2025-10-04T18:22:38.000Z</time>
        <extensions>
          <ns3:TrackPointExtension>
            <ns3:hr>122</ns3:hr>
          </ns3:TrackPointExtension>
        </extensions>
      </trkpt>
      <trkpt lat="43.3012535981833934783935546875" lon="-79.92176399566233158111572265625">
        <ele>193.1999969482421875</ele>
        <time>2025-10-04T18:22:42.000Z</time>
        <extensions>
          <ns3:TrackPointExtension>
            <ns3:hr>125</ns3:hr>
          </ns3:TrackPointExtension>
        </extensions>
      </trkpt>
      <trkpt lat="43.3012028038501739501953125" lon="-79.9218200705945491790771484375">
        <ele>193.1999969482421875</ele>
        <time>2025-10-04T18:22:48.000Z</time>
        <extensions>
          <ns3:TrackPointExtension>
            <ns3:hr>124</ns3:hr>
          </ns3:TrackPointExtension>
        </extensions>
      </trkpt>
      <trkpt lat="43.30118712969124317169189453125" lon="-79.92184831760823726654052734375">
        <ele>193</ele>
        <time>2025-10-04T18:22:50.000Z</time>
        <extensions>
          <ns3:TrackPointExtension>
            <ns3:hr>121</ns3:hr>
          </ns3:TrackPointExtension>
        </extensions>
      </trkpt>
      <trkpt lat="43.30115712247788906097412109375" lon="-79.92194320075213909149169921875">
        <ele>193.399993896484375</ele>
        <time>2025-10-04T18:22:59.000Z</time>
        <extensions>
          <ns3:TrackPointExtension>
            <ns3:hr>118</ns3:hr>
          </ns3:TrackPointExtension>
        </extensions>
      </trkpt>
      <trkpt lat="43.30115125514566898345947265625" lon="-79.92195208556950092315673828125">
        <ele>193.399993896484375</ele>
        <time>2025-10-04T18:23:00.000Z</time>
        <extensions>
          <ns3:TrackPointExtension>
            <ns3:hr>115</ns3:hr>
          </ns3:TrackPointExtension>
        </extensions>
      </trkpt>
      <trkpt lat="43.3011349104344844818115234375" lon="-79.92196851409971714019775390625">
        <ele>193.399993896484375</ele>
        <time>2025-10-04T18:23:02.000Z</time>
        <extensions>
          <ns3:TrackPointExtension>
            <ns3:hr>111</ns3:hr>
          </ns3:TrackPointExtension>
        </extensions>
      </trkpt>
      <trkpt lat="43.3011000417172908782958984375" lon="-79.9220220744609832763671875">
        <ele>193.600006103515625</ele>
        <time>2025-10-04T18:23:08.000Z</time>
        <extensions>
          <ns3:TrackPointExtension>
            <ns3:hr>106</ns3:hr>
          </ns3:TrackPointExtension>
        </extensions>
      </trkpt>
      <trkpt lat="43.30108604393899440765380859375" lon="-79.922033809125423431396484375">
        <ele>193.8000030517578125</ele>
        <time>2025-10-04T18:23:10.000Z</time>
        <extensions>
          <ns3:TrackPointExtension>
            <ns3:hr>102</ns3:hr>
          </ns3:TrackPointExtension>
        </extensions>
      </trkpt>
      <trkpt lat="43.30107699148356914520263671875" lon="-79.9220435321331024169921875">
        <ele>193.8000030517578125</ele>
        <time>2025-10-04T18:23:11.000Z</time>
        <extensions>
          <ns3:TrackPointExtension>
            <ns3:hr>102</ns3:hr>
          </ns3:TrackPointExtension>
        </extensions>
      </trkpt>
      <trkpt lat="43.30099233426153659820556640625" lon="-79.92215777747333049774169921875">
        <ele>193.8000030517578125</ele>
        <time>2025-10-04T18:23:24.000Z</time>
        <extensions>
          <ns3:TrackPointExtension>
            <ns3:hr>102</ns3:hr>
          </ns3:TrackPointExtension>
        </extensions>
      </trkpt>
      <trkpt lat="43.30096341669559478759765625" lon="-79.92228786461055278778076171875">
        <ele>193.8000030517578125</ele>
        <time>2025-10-04T18:23:34.000Z</time>
        <extensions>
          <ns3:TrackPointExtension>
            <ns3:hr>105</ns3:hr>
          </ns3:TrackPointExtension>
        </extensions>
      </trkpt>
      <trkpt lat="43.30094740726053714752197265625" lon="-79.92232239805161952972412109375">
        <ele>193.8000030517578125</ele>
        <time>2025-10-04T18:23:37.000Z</time>
        <extensions>
          <ns3:TrackPointExtension>
            <ns3:hr>105</ns3:hr>
          </ns3:TrackPointExtension>
        </extensions>
      </trkpt>
      <trkpt lat="43.300909437239170074462890625" lon="-79.9224225617945194244384765625">
        <ele>193.8000030517578125</ele>
        <time>2025-10-04T18:23:46.000Z</time>
        <extensions>
          <ns3:TrackPointExtension>
            <ns3:hr>109</ns3:hr>
          </ns3:TrackPointExtension>
        </extensions>
      </trkpt>
      <trkpt lat="43.30090851522982120513916015625" lon="-79.9224473722279071807861328125">
        <ele>193.8000030517578125</ele>
        <time>2025-10-04T18:23:48.000Z</time>
        <extensions>
          <ns3:TrackPointExtension>
            <ns3:hr>115</ns3:hr>
          </ns3:TrackPointExtension>
        </extensions>
      </trkpt>
      <trkpt lat="43.30090717412531375885009765625" lon="-79.922460950911045074462890625">
        <ele>193.8000030517578125</ele>
        <time>2025-10-04T18:23:49.000Z</time>
        <extensions>
          <ns3:TrackPointExtension>
            <ns3:hr>115</ns3:hr>
          </ns3:TrackPointExtension>
        </extensions>
      </trkpt>
      <trkpt lat="43.30090306699275970458984375" lon="-79.9224758706986904144287109375">
        <ele>193.8000030517578125</ele>
        <time>2025-10-04T18:23:50.000Z</time>
        <extensions>
          <ns3:TrackPointExtension>
            <ns3:hr>115</ns3:hr>
          </ns3:TrackPointExtension>
        </extensions>
      </trkpt>
      <trkpt lat="43.30086928792297840118408203125" lon="-79.92257821373641490936279296875">
        <ele>193.600006103515625</ele>
        <time>2025-10-04T18:24:00.000Z</time>
        <extensions>
          <ns3:TrackPointExtension>
            <ns3:hr>114</ns3:hr>
          </ns3:TrackPointExtension>
        </extensions>
      </trkpt>
      <trkpt lat="43.30083626322448253631591796875" lon="-79.92265432141721248626708984375">
        <ele>193.600006103515625</ele>
        <time>2025-10-04T18:24:07.000Z</time>
        <extensions>
          <ns3:TrackPointExtension>
            <ns3:hr>108</ns3:hr>
          </ns3:TrackPointExtension>
        </extensions>
      </trkpt>
      <trkpt lat="43.30082519911229610443115234375" lon="-79.922680892050266265869140625">
        <ele>193.600006103515625</ele>
        <time>2025-10-04T18:24:09.000Z</time>
        <extensions>
          <ns3:TrackPointExtension>
            <ns3:hr>103</ns3:hr>
          </ns3:TrackPointExtension>
        </extensions>
      </trkpt>
      <trkpt lat="43.3008214272558689117431640625" lon="-79.92269136942923069000244140625">
        <ele>193.600006103515625</ele>
        <time>2025-10-04T18:24:10.000Z</time>
        <extensions>
          <ns3:TrackPointExtension>
            <ns3:hr>103</ns3:hr>
          </ns3:TrackPointExtension>
        </extensions>
      </trkpt>
      <trkpt lat="43.30081949941813945770263671875" lon="-79.922699667513370513916015625">
        <ele>193.600006103515625</ele>
        <time>2025-10-04T18:24:11.000Z</time>
        <extensions>
          <ns3:TrackPointExtension>
            <ns3:hr>103</ns3:hr>
          </ns3:TrackPointExtension>
        </extensions>
      </trkpt>
      <trkpt lat="43.3007386140525341033935546875" lon="-79.9227605201303958892822265625">
        <ele>193.600006103515625</ele>
        <time>2025-10-04T18:24:22.000Z</time>
        <extensions>
          <ns3:TrackPointExtension>
            <ns3:hr>104</ns3:hr>
          </ns3:TrackPointExtension>
        </extensions>
      </trkpt>
      <trkpt lat="43.30073081888258457183837890625" lon="-79.92276127450168132781982421875">
        <ele>193.399993896484375</ele>
        <time>2025-10-04T18:24:25.000Z</time>
        <extensions>
          <ns3:TrackPointExtension>
            <ns3:hr>109</ns3:hr>
          </ns3:TrackPointExtension>
        </extensions>
      </trkpt>
      <trkpt lat="43.3007345907390117645263671875" lon="-79.92277954705059528350830078125">
        <ele>193.399993896484375</ele>
        <time>2025-10-04T18:24:28.000Z</time>
        <extensions>
          <ns3:TrackPointExtension>
            <ns3:hr>112</ns3:hr>
          </ns3:TrackPointExtension>
        </extensions>
      </trkpt>
      <trkpt lat="43.300727047026157379150390625" lon="-79.92282447405159473419189453125">
        <ele>193.399993896484375</ele>
        <time>2025-10-04T18:24:32.000Z</time>
        <extensions>
          <ns3:TrackPointExtension>
            <ns3:hr>115</ns3:hr>
          </ns3:TrackPointExtension>
        </extensions>
      </trkpt>
      <trkpt lat="43.3007208444178104400634765625" lon="-79.9228456802666187286376953125">
        <ele>193.399993896484375</ele>
        <time>2025-10-04T18:24:34.000Z</time>
        <extensions>
          <ns3:TrackPointExtension>
            <ns3:hr>118</ns3:hr>
          </ns3:TrackPointExtension>
        </extensions>
      </trkpt>
      <trkpt lat="43.3006873168051242828369140625" lon="-79.92293410934507846832275390625">
        <ele>193.8000030517578125</ele>
        <time>2025-10-04T18:24:42.000Z</time>
        <extensions>
          <ns3:TrackPointExtension>
            <ns3:hr>121</ns3:hr>
          </ns3:TrackPointExtension>
        </extensions>
      </trkpt>
      <trkpt lat="43.3006628416478633880615234375" lon="-79.9229529686272144317626953125">
        <ele>193.8000030517578125</ele>
        <time>2025-10-04T18:24:45.000Z</time>
        <extensions>
          <ns3:TrackPointExtension>
            <ns3:hr>119</ns3:hr>
          </ns3:TrackPointExtension>
        </extensions>
      </trkpt>
      <trkpt lat="43.3006279729306697845458984375" lon="-79.9230079539120197296142578125">
        <ele>194</ele>
        <time>2025-10-04T18:24:52.000Z</time>
        <extensions>
          <ns3:TrackPointExtension>
            <ns3:hr>115</ns3:hr>
          </ns3:TrackPointExtension>
        </extensions>
      </trkpt>
      <trkpt lat="43.300619423389434814453125" lon="-79.9230465106666088104248046875">
        <ele>194</ele>
        <time>2025-10-04T18:24:55.000Z</time>
        <extensions>
          <ns3:TrackPointExtension>
            <ns3:hr>112</ns3:hr>
          </ns3:TrackPointExtension>
        </extensions>
      </trkpt>
      <trkpt lat="43.3006125502288341522216796875" lon="-79.92306704632937908172607421875">
        <ele>194</ele>
        <time>2025-10-04T18:24:57.000Z</time>
        <extensions>
          <ns3:TrackPointExtension>
            <ns3:hr>109</ns3:hr>
          </ns3:TrackPointExtension>
        </extensions>
      </trkpt>
      <trkpt lat="43.30060341395437717437744140625" lon="-79.92308481596410274505615234375">
        <ele>194</ele>
        <time>2025-10-04T18:24:59.000Z</time>
        <extensions>
          <ns3:TrackPointExtension>
            <ns3:hr>106</ns3:hr>
          </ns3:TrackPointExtension>
        </extensions>
      </trkpt>
      <trkpt lat="43.3005622588098049163818359375" lon="-79.9231745861470699310302734375">
        <ele>194</ele>
        <time>2025-10-04T18:25:06.000Z</time>
        <extensions>
          <ns3:TrackPointExtension>
            <ns3:hr>110</ns3:hr>
          </ns3:TrackPointExtension>
        </extensions>
      </trkpt>
      <trkpt lat="43.3005448244512081146240234375" lon="-79.92322362028062343597412109375">
        <ele>194</ele>
        <time>2025-10-04T18:25:10.000Z</time>
        <extensions>
          <ns3:TrackPointExtension>
            <ns3:hr>111</ns3:hr>
          </ns3:TrackPointExtension>
        </extensions>
      </trkpt>
      <trkpt lat="43.30052948556840419769287109375" lon="-79.9232882447540760040283203125">
        <ele>194.1999969482421875</ele>
        <time>2025-10-04T18:25:16.000Z</time>
        <extensions>
          <ns3:TrackPointExtension>
            <ns3:hr>115</ns3:hr>
          </ns3:TrackPointExtension>
        </extensions>
      </trkpt>
      <trkpt lat="43.30051909200847148895263671875" lon="-79.92332370020449161529541015625">
        <ele>194.1999969482421875</ele>
        <time>2025-10-04T18:25:19.000Z</time>
        <extensions>
          <ns3:TrackPointExtension>
            <ns3:hr>119</ns3:hr>
          </ns3:TrackPointExtension>
        </extensions>
      </trkpt>
      <trkpt lat="43.300476260483264923095703125" lon="-79.923399388790130615234375">
        <ele>194.399993896484375</ele>
        <time>2025-10-04T18:25:26.000Z</time>
        <extensions>
          <ns3:TrackPointExtension>
            <ns3:hr>118</ns3:hr>
          </ns3:TrackPointExtension>
        </extensions>
      </trkpt>
      <trkpt lat="43.3004586584866046905517578125" lon="-79.92341875098645687103271484375">
        <ele>194.399993896484375</ele>
        <time>2025-10-04T18:25:28.000Z</time>
        <extensions>
          <ns3:TrackPointExtension>
            <ns3:hr>115</ns3:hr>
          </ns3:TrackPointExtension>
        </extensions>
      </trkpt>
      <trkpt lat="43.30045002512633800506591796875" lon="-79.9234270490705966949462890625">
        <ele>194.399993896484375</ele>
        <time>2025-10-04T18:25:29.000Z</time>
        <extensions>
          <ns3:TrackPointExtension>
            <ns3:hr>118</ns3:hr>
          </ns3:TrackPointExtension>
        </extensions>
      </trkpt>
      <trkpt lat="43.30039621330797672271728515625" lon="-79.9234853871166706085205078125">
        <ele>194.1999969482421875</ele>
        <time>2025-10-04T18:25:36.000Z</time>
        <extensions>
          <ns3:TrackPointExtension>
            <ns3:hr>115</ns3:hr>
          </ns3:TrackPointExtension>
        </extensions>
      </trkpt>
      <trkpt lat="43.30035665072500705718994140625" lon="-79.92352117784321308135986328125">
        <ele>194.1999969482421875</ele>
        <time>2025-10-04T18:25:41.000Z</time>
        <extensions>
          <ns3:TrackPointExtension>
            <ns3:hr>117</ns3:hr>
          </ns3:TrackPointExtension>
        </extensions>
      </trkpt>
      <trkpt lat="43.30028255470097064971923828125" lon="-79.9236007221043109893798828125">
        <ele>193.8000030517578125</ele>
        <time>2025-10-04T18:25:51.000Z</time>
        <extensions>
          <ns3:TrackPointExtension>
            <ns3:hr>121</ns3:hr>
          </ns3:TrackPointExtension>
        </extensions>
      </trkpt>
      <trkpt lat="43.300267048180103302001953125" lon="-79.92362176068127155303955078125">
        <ele>193.8000030517578125</ele>
        <time>2025-10-04T18:25:54.000Z</time>
        <extensions>
          <ns3:TrackPointExtension>
            <ns3:hr>121</ns3:hr>
          </ns3:TrackPointExtension>
        </extensions>
      </trkpt>
      <trkpt lat="43.300224132835865020751953125" lon="-79.9236956052482128143310546875">
        <ele>193.600006103515625</ele>
        <time>2025-10-04T18:26:02.000Z</time>
        <extensions>
          <ns3:TrackPointExtension>
            <ns3:hr>118</ns3:hr>
          </ns3:TrackPointExtension>
        </extensions>
      </trkpt>
      <trkpt lat="43.3001927845180034637451171875" lon="-79.9237569607794284820556640625">
        <ele>193.8000030517578125</ele>
        <time>2025-10-04T18:26:07.000Z</time>
        <extensions>
          <ns3:TrackPointExtension>
            <ns3:hr>117</ns3:hr>
          </ns3:TrackPointExtension>
        </extensions>
      </trkpt>
      <trkpt lat="43.30018716864287853240966796875" lon="-79.923766516149044036865234375">
        <ele>193.8000030517578125</ele>
        <time>2025-10-04T18:26:08.000Z</time>
        <extensions>
          <ns3:TrackPointExtension>
            <ns3:hr>114</ns3:hr>
          </ns3:TrackPointExtension>
        </extensions>
      </trkpt>
      <trkpt lat="43.3001768589019775390625" lon="-79.92378554306924343109130859375">
        <ele>193.8000030517578125</ele>
        <time>2025-10-04T18:26:10.000Z</time>
        <extensions>
          <ns3:TrackPointExtension>
            <ns3:hr>111</ns3:hr>
          </ns3:TrackPointExtension>
        </extensions>
      </trkpt>
      <trkpt lat="43.30017040483653545379638671875" lon="-79.9237958528101444244384765625">
        <ele>194</ele>
        <time>2025-10-04T18:26:11.000Z</time>
        <extensions>
          <ns3:TrackPointExtension>
            <ns3:hr>108</ns3:hr>
          </ns3:TrackPointExtension>
        </extensions>
      </trkpt>
      <trkpt lat="43.3001659624278545379638671875" lon="-79.92380951531231403350830078125">
        <ele>194</ele>
        <time>2025-10-04T18:26:12.000Z</time>
        <extensions>
          <ns3:TrackPointExtension>
            <ns3:hr>105</ns3:hr>
          </ns3:TrackPointExtension>
        </extensions>
      </trkpt>
      <trkpt lat="43.30016068182885646820068359375" lon="-79.92382577620446681976318359375">
        <ele>194</ele>
        <time>2025-10-04T18:26:13.000Z</time>
        <extensions>
          <ns3:TrackPointExtension>
            <ns3:hr>105</ns3:hr>
          </ns3:TrackPointExtension>
        </extensions>
      </trkpt>
      <trkpt lat="43.30014660023152828216552734375" lon="-79.9238528497517108917236328125">
        <ele>194</ele>
        <time>2025-10-04T18:26:15.000Z</time>
        <extensions>
          <ns3:TrackPointExtension>
            <ns3:hr>102</ns3:hr>
          </ns3:TrackPointExtension>
        </extensions>
      </trkpt>
      <trkpt lat="43.30012380145490169525146484375" lon="-79.92392602376639842987060546875">
        <ele>194</ele>
        <time>2025-10-04T18:26:20.000Z</time>
        <extensions>
          <ns3:TrackPointExtension>
            <ns3:hr>102</ns3:hr>
          </ns3:TrackPointExtension>
        </extensions>
      </trkpt>
      <trkpt lat="43.30011810176074504852294921875" lon="-79.92393658496439456939697265625">
        <ele>194</ele>
        <time>2025-10-04T18:26:21.000Z</time>
        <extensions>
          <ns3:TrackPointExtension>
            <ns3:hr>105</ns3:hr>
          </ns3:TrackPointExtension>
        </extensions>
      </trkpt>
      <trkpt lat="43.300099410116672515869140625" lon="-79.923983104526996612548828125">
        <ele>194</ele>
        <time>2025-10-04T18:26:25.000Z</time>
        <extensions>
          <ns3:TrackPointExtension>
            <ns3:hr>102</ns3:hr>
          </ns3:TrackPointExtension>
        </extensions>
      </trkpt>
      <trkpt lat="43.30006831325590610504150390625" lon="-79.92406851612031459808349609375">
        <ele>194</ele>
        <time>2025-10-04T18:26:32.000Z</time>
        <extensions>
          <ns3:TrackPointExtension>
            <ns3:hr>105</ns3:hr>
          </ns3:TrackPointExtension>
        </extensions>
      </trkpt>
      <trkpt lat="43.30006194300949573516845703125" lon="-79.92408025078475475311279296875">
        <ele>194</ele>
        <time>2025-10-04T18:26:33.000Z</time>
        <extensions>
          <ns3:TrackPointExtension>
            <ns3:hr>104</ns3:hr>
          </ns3:TrackPointExtension>
        </extensions>
      </trkpt>
      <trkpt lat="43.3000548183917999267578125" lon="-79.92410950362682342529296875">
        <ele>194</ele>
        <time>2025-10-04T18:26:35.000Z</time>
        <extensions>
          <ns3:TrackPointExtension>
            <ns3:hr>107</ns3:hr>
          </ns3:TrackPointExtension>
        </extensions>
      </trkpt>
      <trkpt lat="43.300047107040882110595703125" lon="-79.92414730601012706756591796875">
        <ele>194</ele>
        <time>2025-10-04T18:26:38.000Z</time>
        <extensions>
          <ns3:TrackPointExtension>
            <ns3:hr>110</ns3:hr>
          </ns3:TrackPointExtension>
        </extensions>
      </trkpt>
      <trkpt lat="43.30003880895674228668212890625" lon="-79.92417127825319766998291015625">
        <ele>194</ele>
        <time>2025-10-04T18:26:40.000Z</time>
        <extensions>
          <ns3:TrackPointExtension>
            <ns3:hr>117</ns3:hr>
          </ns3:TrackPointExtension>
        </extensions>
      </trkpt>
      <trkpt lat="43.3000328578054904937744140625" lon="-79.9241951666772365570068359375">
        <ele>194</ele>
        <time>2025-10-04T18:26:42.000Z</time>
        <extensions>
          <ns3:TrackPointExtension>
            <ns3:hr>121</ns3:hr>
          </ns3:TrackPointExtension>
        </extensions>
      </trkpt>
      <trkpt lat="43.30001483671367168426513671875" lon="-79.924237243831157684326171875">
        <ele>194</ele>
        <time>2025-10-04T18:26:45.000Z</time>
        <extensions>
          <ns3:TrackPointExtension>
            <ns3:hr>125</ns3:hr>
          </ns3:TrackPointExtension>
        </extensions>
      </trkpt>
      <trkpt lat="43.30000461079180240631103515625" lon="-79.92426817305386066436767578125">
        <ele>193.8000030517578125</ele>
        <time>2025-10-04T18:26:47.000Z</time>
        <extensions>
          <ns3:TrackPointExtension>
            <ns3:hr>124</ns3:hr>
          </ns3:TrackPointExtension>
        </extensions>
      </trkpt>
      <trkpt lat="43.2999943010509014129638671875" lon="-79.92432885803282260894775390625">
        <ele>193.600006103515625</ele>
        <time>2025-10-04T18:26:52.000Z</time>
        <extensions>
          <ns3:TrackPointExtension>
            <ns3:hr>127</ns3:hr>
          </ns3:TrackPointExtension>
        </extensions>
      </trkpt>
      <trkpt lat="43.29998952336609363555908203125" lon="-79.9244161136448383331298828125">
        <ele>193.600006103515625</ele>
        <time>2025-10-04T18:27:01.000Z</time>
        <extensions>
          <ns3:TrackPointExtension>
            <ns3:hr>128</ns3:hr>
          </ns3:TrackPointExtension>
        </extensions>
      </trkpt>
      <trkpt lat="43.2999886013567447662353515625" lon="-79.9244483001530170440673828125">
        <ele>193.8000030517578125</ele>
        <time>2025-10-04T18:27:04.000Z</time>
        <extensions>
          <ns3:TrackPointExtension>
            <ns3:hr>124</ns3:hr>
          </ns3:TrackPointExtension>
        </extensions>
      </trkpt>
      <trkpt lat="43.29998164437711238861083984375" lon="-79.92458534426987171173095703125">
        <ele>193.8000030517578125</ele>
        <time>2025-10-04T18:27:17.000Z</time>
        <extensions>
          <ns3:TrackPointExtension>
            <ns3:hr>124</ns3:hr>
          </ns3:TrackPointExtension>
        </extensions>
      </trkpt>
      <trkpt lat="43.29998843371868133544921875" lon="-79.9247324466705322265625">
        <ele>193.600006103515625</ele>
        <time>2025-10-04T18:27:31.000Z</time>
        <extensions>
          <ns3:TrackPointExtension>
            <ns3:hr>123</ns3:hr>
          </ns3:TrackPointExtension>
        </extensions>
      </trkpt>
      <trkpt lat="43.29990528523921966552734375" lon="-79.9247906170785427093505859375">
        <ele>193.600006103515625</ele>
        <time>2025-10-04T18:27:42.000Z</time>
        <extensions>
          <ns3:TrackPointExtension>
            <ns3:hr>122</ns3:hr>
          </ns3:TrackPointExtension>
        </extensions>
      </trkpt>
      <trkpt lat="43.29980964772403240203857421875" lon="-79.92483428679406642913818359375">
        <ele>193.600006103515625</ele>
        <time>2025-10-04T18:27:55.000Z</time>
        <extensions>
          <ns3:TrackPointExtension>
            <ns3:hr>120</ns3:hr>
          </ns3:TrackPointExtension>
        </extensions>
      </trkpt>
      <trkpt lat="43.29974343068897724151611328125" lon="-79.9249388091266155242919921875">
        <ele>193.600006103515625</ele>
        <time>2025-10-04T18:28:06.000Z</time>
        <extensions>
          <ns3:TrackPointExtension>
            <ns3:hr>120</ns3:hr>
          </ns3:TrackPointExtension>
        </extensions>
      </trkpt>
      <trkpt lat="43.29970034770667552947998046875" lon="-79.92511323653161525726318359375">
        <ele>193.600006103515625</ele>
        <time>2025-10-04T18:28:18.000Z</time>
        <extensions>
          <ns3:TrackPointExtension>
            <ns3:hr>122</ns3:hr>
          </ns3:TrackPointExtension>
        </extensions>
      </trkpt>
      <trkpt lat="43.299672938883304595947265625" lon="-79.92521164007484912872314453125">
        <ele>193.399993896484375</ele>
        <time>2025-10-04T18:28:28.000Z</time>
        <extensions>
          <ns3:TrackPointExtension>
            <ns3:hr>120</ns3:hr>
          </ns3:TrackPointExtension>
        </extensions>
      </trkpt>
      <trkpt lat="43.29960965551435947418212890625" lon="-79.9253491871058940887451171875">
        <ele>193.399993896484375</ele>
        <time>2025-10-04T18:28:42.000Z</time>
        <extensions>
          <ns3:TrackPointExtension>
            <ns3:hr>121</ns3:hr>
          </ns3:TrackPointExtension>
        </extensions>
      </trkpt>
      <trkpt lat="43.299583084881305694580078125" lon="-79.925373494625091552734375">
        <ele>193.1999969482421875</ele>
        <time>2025-10-04T18:28:54.000Z</time>
        <extensions>
          <ns3:TrackPointExtension>
            <ns3:hr>121</ns3:hr>
          </ns3:TrackPointExtension>
        </extensions>
      </trkpt>
      <trkpt lat="43.2995666563510894775390625" lon="-79.92539000697433948516845703125">
        <ele>192.600006103515625</ele>
        <time>2025-10-04T18:29:00.000Z</time>
        <extensions>
          <ns3:TrackPointExtension>
            <ns3:hr>120</ns3:hr>
          </ns3:TrackPointExtension>
        </extensions>
      </trkpt>
      <trkpt lat="43.2995436899363994598388671875" lon="-79.92540844716131687164306640625">
        <ele>191.399993896484375</ele>
        <time>2025-10-04T18:29:07.000Z</time>
        <extensions>
          <ns3:TrackPointExtension>
            <ns3:hr>124</ns3:hr>
          </ns3:TrackPointExtension>
        </extensions>
      </trkpt>
      <trkpt lat="43.29953807406127452850341796875" lon="-79.925419427454471588134765625">
        <ele>191</ele>
        <time>2025-10-04T18:29:11.000Z</time>
        <extensions>
          <ns3:TrackPointExtension>
            <ns3:hr>128</ns3:hr>
          </ns3:TrackPointExtension>
        </extensions>
      </trkpt>
      <trkpt lat="43.299531452357769012451171875" lon="-79.92540492676198482513427734375">
        <ele>190.399993896484375</ele>
        <time>2025-10-04T18:29:16.000Z</time>
        <extensions>
          <ns3:TrackPointExtension>
            <ns3:hr>126</ns3:hr>
          </ns3:TrackPointExtension>
        </extensions>
      </trkpt>
      <trkpt lat="43.2995165325701236724853515625" lon="-79.9254226125776767730712890625">
        <ele>189.399993896484375</ele>
        <time>2025-10-04T18:29:20.000Z</time>
        <extensions>
          <ns3:TrackPointExtension>
            <ns3:hr>124</ns3:hr>
          </ns3:TrackPointExtension>
        </extensions>
      </trkpt>
      <trkpt lat="43.299507312476634979248046875" lon="-79.925431497395038604736328125">
        <ele>189.1999969482421875</ele>
        <time>2025-10-04T18:29:23.000Z</time>
        <extensions>
          <ns3:TrackPointExtension>
            <ns3:hr>125</ns3:hr>
          </ns3:TrackPointExtension>
        </extensions>
      </trkpt>
      <trkpt lat="43.29945794306695461273193359375" lon="-79.925450943410396575927734375">
        <ele>188</ele>
        <time>2025-10-04T18:29:32.000Z</time>
        <extensions>
          <ns3:TrackPointExtension>
            <ns3:hr>124</ns3:hr>
          </ns3:TrackPointExtension>
        </extensions>
      </trkpt>
      <trkpt lat="43.29944637604057788848876953125" lon="-79.9254608340561389923095703125">
        <ele>187.600006103515625</ele>
        <time>2025-10-04T18:29:35.000Z</time>
        <extensions>
          <ns3:TrackPointExtension>
            <ns3:hr>122</ns3:hr>
          </ns3:TrackPointExtension>
        </extensions>
      </trkpt>
      <trkpt lat="43.2994327135384082794189453125" lon="-79.925460331141948699951171875">
        <ele>187</ele>
        <time>2025-10-04T18:29:38.000Z</time>
        <extensions>
          <ns3:TrackPointExtension>
            <ns3:hr>120</ns3:hr>
          </ns3:TrackPointExtension>
        </extensions>
      </trkpt>
      <trkpt lat="43.29939742572605609893798828125" lon="-79.92549025453627109527587890625">
        <ele>185.8000030517578125</ele>
        <time>2025-10-04T18:29:45.000Z</time>
        <extensions>
          <ns3:TrackPointExtension>
            <ns3:hr>122</ns3:hr>
          </ns3:TrackPointExtension>
        </extensions>
      </trkpt>
      <trkpt lat="43.2993867807090282440185546875" lon="-79.92550215683877468109130859375">
        <ele>184.8000030517578125</ele>
        <time>2025-10-04T18:29:48.000Z</time>
        <extensions>
          <ns3:TrackPointExtension>
            <ns3:hr>120</ns3:hr>
          </ns3:TrackPointExtension>
        </extensions>
      </trkpt>
      <trkpt lat="43.29934160225093364715576171875" lon="-79.9255305714905261993408203125">
        <ele>183.8000030517578125</ele>
        <time>2025-10-04T18:29:58.000Z</time>
        <extensions>
          <ns3:TrackPointExtension>
            <ns3:hr>122</ns3:hr>
          </ns3:TrackPointExtension>
        </extensions>
      </trkpt>
      <trkpt lat="43.2993354834616184234619140625" lon="-79.9255357682704925537109375">
        <ele>183.399993896484375</ele>
        <time>2025-10-04T18:30:01.000Z</time>
        <extensions>
          <ns3:TrackPointExtension>
            <ns3:hr>120</ns3:hr>
          </ns3:TrackPointExtension>
        </extensions>
      </trkpt>
      <trkpt lat="43.29930606298148632049560546875" lon="-79.925542809069156646728515625">
        <ele>182.8000030517578125</ele>
        <time>2025-10-04T18:30:06.000Z</time>
        <extensions>
          <ns3:TrackPointExtension>
            <ns3:hr>116</ns3:hr>
          </ns3:TrackPointExtension>
        </extensions>
      </trkpt>
      <trkpt lat="43.29927236773073673248291015625" lon="-79.9255795218050479888916015625">
        <ele>182</ele>
        <time>2025-10-04T18:30:12.000Z</time>
        <extensions>
          <ns3:TrackPointExtension>
            <ns3:hr>112</ns3:hr>
          </ns3:TrackPointExtension>
        </extensions>
      </trkpt>
      <trkpt lat="43.29925375990569591522216796875" lon="-79.9255825392901897430419921875">
        <ele>181.8000030517578125</ele>
        <time>2025-10-04T18:30:15.000Z</time>
        <extensions>
          <ns3:TrackPointExtension>
            <ns3:hr>116</ns3:hr>
          </ns3:TrackPointExtension>
        </extensions>
      </trkpt>
      <trkpt lat="43.29924789257347583770751953125" lon="-79.9255838803946971893310546875">
        <ele>181.8000030517578125</ele>
        <time>2025-10-04T18:30:16.000Z</time>
        <extensions>
          <ns3:TrackPointExtension>
            <ns3:hr>118</ns3:hr>
          </ns3:TrackPointExtension>
        </extensions>
      </trkpt>
      <trkpt lat="43.29924353398382663726806640625" lon="-79.92558329366147518157958984375">
        <ele>181.600006103515625</ele>
        <time>2025-10-04T18:30:17.000Z</time>
        <extensions>
          <ns3:TrackPointExtension>
            <ns3:hr>119</ns3:hr>
          </ns3:TrackPointExtension>
        </extensions>
      </trkpt>
      <trkpt lat="43.2991829328238964080810546875" lon="-79.9255962856113910675048828125">
        <ele>180.600006103515625</ele>
        <time>2025-10-04T18:30:24.000Z</time>
        <extensions>
          <ns3:TrackPointExtension>
            <ns3:hr>120</ns3:hr>
          </ns3:TrackPointExtension>
        </extensions>
      </trkpt>
      <trkpt lat="43.29916424117982387542724609375" lon="-79.925599806010723114013671875">
        <ele>179.8000030517578125</ele>
        <time>2025-10-04T18:30:27.000Z</time>
        <extensions>
          <ns3:TrackPointExtension>
            <ns3:hr>121</ns3:hr>
          </ns3:TrackPointExtension>
        </extensions>
      </trkpt>
      <trkpt lat="43.299159966409206390380859375" lon="-79.92560391314327716827392578125">
        <ele>178.399993896484375</ele>
        <time>2025-10-04T18:30:28.000Z</time>
        <extensions>
          <ns3:TrackPointExtension>
            <ns3:hr>121</ns3:hr>
          </ns3:TrackPointExtension>
        </extensions>
      </trkpt>
      <trkpt lat="43.299114704132080078125" lon="-79.92562084458768367767333984375">
        <ele>178.399993896484375</ele>
        <time>2025-10-04T18:30:40.000Z</time>
        <extensions>
          <ns3:TrackPointExtension>
            <ns3:hr>118</ns3:hr>
          </ns3:TrackPointExtension>
        </extensions>
      </trkpt>
      <trkpt lat="43.29909919761121273040771484375" lon="-79.92561531253159046173095703125">
        <ele>178.399993896484375</ele>
        <time>2025-10-04T18:30:42.000Z</time>
        <extensions>
          <ns3:TrackPointExtension>
            <ns3:hr>118</ns3:hr>
          </ns3:TrackPointExtension>
        </extensions>
      </trkpt>
      <trkpt lat="43.29900934360921382904052734375" lon="-79.925630986690521240234375">
        <ele>178.399993896484375</ele>
        <time>2025-10-04T18:30:55.000Z</time>
        <extensions>
          <ns3:TrackPointExtension>
            <ns3:hr>118</ns3:hr>
          </ns3:TrackPointExtension>
        </extensions>
      </trkpt>
      <trkpt lat="43.2989899814128875732421875" lon="-79.92564364336431026458740234375">
        <ele>178.399993896484375</ele>
        <time>2025-10-04T18:30:59.000Z</time>
        <extensions>
          <ns3:TrackPointExtension>
            <ns3:hr>121</ns3:hr>
          </ns3:TrackPointExtension>
        </extensions>
      </trkpt>
      <trkpt lat="43.29897933639585971832275390625" lon="-79.92564900778234004974365234375">
        <ele>178.399993896484375</ele>
        <time>2025-10-04T18:31:01.000Z</time>
        <extensions>
          <ns3:TrackPointExtension>
            <ns3:hr>124</ns3:hr>
          </ns3:TrackPointExtension>
        </extensions>
      </trkpt>
      <trkpt lat="43.298951424658298492431640625" lon="-79.9256747402250766754150390625">
        <ele>178.399993896484375</ele>
        <time>2025-10-04T18:31:05.000Z</time>
        <extensions>
          <ns3:TrackPointExtension>
            <ns3:hr>118</ns3:hr>
          </ns3:TrackPointExtension>
        </extensions>
      </trkpt>
      <trkpt lat="43.2989120297133922576904296875" lon="-79.925699718296527862548828125">
        <ele>178.399993896484375</ele>
        <time>2025-10-04T18:31:11.000Z</time>
        <extensions>
          <ns3:TrackPointExtension>
            <ns3:hr>118</ns3:hr>
          </ns3:TrackPointExtension>
        </extensions>
      </trkpt>
      <trkpt lat="43.29885913990437984466552734375" lon="-79.92573265917599201202392578125">
        <ele>178.399993896484375</ele>
        <time>2025-10-04T18:31:23.000Z</time>
        <extensions>
          <ns3:TrackPointExtension>
            <ns3:hr>118</ns3:hr>
          </ns3:TrackPointExtension>
        </extensions>
      </trkpt>
      <trkpt lat="43.29887690953910350799560546875" lon="-79.92571212351322174072265625">
        <ele>171.600006103515625</ele>
        <time>2025-10-04T18:31:29.000Z</time>
        <extensions>
          <ns3:TrackPointExtension>
            <ns3:hr>118</ns3:hr>
          </ns3:TrackPointExtension>
        </extensions>
      </trkpt>
      <trkpt lat="43.2988929189741611480712890625" lon="-79.9257139675319194793701171875">
        <ele>171.600006103515625</ele>
        <time>2025-10-04T18:31:36.000Z</time>
        <extensions>
          <ns3:TrackPointExtension>
            <ns3:hr>119</ns3:hr>
          </ns3:TrackPointExtension>
        </extensions>
      </trkpt>
      <trkpt lat="43.29889803193509578704833984375" lon="-79.92570466361939907073974609375">
        <ele>171.399993896484375</ele>
        <time>2025-10-04T18:31:42.000Z</time>
        <extensions>
          <ns3:TrackPointExtension>
            <ns3:hr>122</ns3:hr>
          </ns3:TrackPointExtension>
        </extensions>
      </trkpt>
      <trkpt lat="43.2989002950489521026611328125" lon="-79.9257045798003673553466796875">
        <ele>171.600006103515625</ele>
        <time>2025-10-04T18:31:44.000Z</time>
        <extensions>
          <ns3:TrackPointExtension>
            <ns3:hr>119</ns3:hr>
          </ns3:TrackPointExtension>
        </extensions>
      </trkpt>
      <trkpt lat="43.29888403415679931640625" lon="-79.92571522481739521026611328125">
        <ele>171.600006103515625</ele>
        <time>2025-10-04T18:31:48.000Z</time>
        <extensions>
          <ns3:TrackPointExtension>
            <ns3:hr>123</ns3:hr>
          </ns3:TrackPointExtension>
        </extensions>
      </trkpt>
      <trkpt lat="43.29887087456881999969482421875" lon="-79.9257136322557926177978515625">
        <ele>171.600006103515625</ele>
        <time>2025-10-04T18:31:50.000Z</time>
        <extensions>
          <ns3:TrackPointExtension>
            <ns3:hr>129</ns3:hr>
          </ns3:TrackPointExtension>
        </extensions>
      </trkpt>
      <trkpt lat="43.29884723760187625885009765625" lon="-79.9257277138531208038330078125">
        <ele>171.399993896484375</ele>
        <time>2025-10-04T18:31:53.000Z</time>
        <extensions>
          <ns3:TrackPointExtension>
            <ns3:hr>128</ns3:hr>
          </ns3:TrackPointExtension>
        </extensions>
      </trkpt>
      <trkpt lat="43.2988292165100574493408203125" lon="-79.9257240258157253265380859375">
        <ele>171.600006103515625</ele>
        <time>2025-10-04T18:32:03.000Z</time>
        <extensions>
          <ns3:TrackPointExtension>
            <ns3:hr>125</ns3:hr>
          </ns3:TrackPointExtension>
        </extensions>
      </trkpt>
      <trkpt lat="43.29881899058818817138671875" lon="-79.92570600472390651702880859375">
        <ele>171.600006103515625</ele>
        <time>2025-10-04T18:32:09.000Z</time>
        <extensions>
          <ns3:TrackPointExtension>
            <ns3:hr>126</ns3:hr>
          </ns3:TrackPointExtension>
        </extensions>
      </trkpt>
      <trkpt lat="43.29881706275045871734619140625" lon="-79.92571354843676090240478515625">
        <ele>171.8000030517578125</ele>
        <time>2025-10-04T18:32:13.000Z</time>
        <extensions>
          <ns3:TrackPointExtension>
            <ns3:hr>123</ns3:hr>
          </ns3:TrackPointExtension>
        </extensions>
      </trkpt>
      <trkpt lat="43.2988211698830127716064453125" lon="-79.92571941576898097991943359375">
        <ele>171.8000030517578125</ele>
        <time>2025-10-04T18:32:15.000Z</time>
        <extensions>
          <ns3:TrackPointExtension>
            <ns3:hr>126</ns3:hr>
          </ns3:TrackPointExtension>
        </extensions>
      </trkpt>
      <trkpt lat="43.29883684404194355010986328125" lon="-79.9257327429950237274169921875">
        <ele>171.8000030517578125</ele>
        <time>2025-10-04T18:32:20.000Z</time>
        <extensions>
          <ns3:TrackPointExtension>
            <ns3:hr>123</ns3:hr>
          </ns3:TrackPointExtension>
        </extensions>
      </trkpt>
      <trkpt lat="43.2988560386002063751220703125" lon="-79.92575361393392086029052734375">
        <ele>171.8000030517578125</ele>
        <time>2025-10-04T18:32:24.000Z</time>
        <extensions>
          <ns3:TrackPointExtension>
            <ns3:hr>125</ns3:hr>
          </ns3:TrackPointExtension>
        </extensions>
      </trkpt>
      <trkpt lat="43.2988805137574672698974609375" lon="-79.9257632531225681304931640625">
        <ele>171.8000030517578125</ele>
        <time>2025-10-04T18:32:29.000Z</time>
        <extensions>
          <ns3:TrackPointExtension>
            <ns3:hr>122</ns3:hr>
          </ns3:TrackPointExtension>
        </extensions>
      </trkpt>
      <trkpt lat="43.2988855428993701934814453125" lon="-79.925765432417392730712890625">
        <ele>171.600006103515625</ele>
        <time>2025-10-04T18:32:31.000Z</time>
        <extensions>
          <ns3:TrackPointExtension>
            <ns3:hr>118</ns3:hr>
          </ns3:TrackPointExtension>
        </extensions>
      </trkpt>
      <trkpt lat="43.2989200763404369354248046875" lon="-79.92577289231121540069580078125">
        <ele>171.600006103515625</ele>
        <time>2025-10-04T18:32:41.000Z</time>
        <extensions>
          <ns3:TrackPointExtension>
            <ns3:hr>120</ns3:hr>
          </ns3:TrackPointExtension>
        </extensions>
      </trkpt>
      <trkpt lat="43.298901133239269256591796875" lon="-79.925732910633087158203125">
        <ele>171.600006103515625</ele>
        <time>2025-10-04T18:32:53.000Z</time>
        <extensions>
          <ns3:TrackPointExtension>
            <ns3:hr>119</ns3:hr>
          </ns3:TrackPointExtension>
        </extensions>
      </trkpt>
      <trkpt lat="43.29889551736414432525634765625" lon="-79.92573089897632598876953125">
        <ele>171.600006103515625</ele>
        <time>2025-10-04T18:33:05.000Z</time>
        <extensions>
          <ns3:TrackPointExtension>
            <ns3:hr>116</ns3:hr>
          </ns3:TrackPointExtension>
        </extensions>
      </trkpt>
      <trkpt lat="43.29889518208801746368408203125" lon="-79.92573198862373828887939453125">
        <ele>171.600006103515625</ele>
        <time>2025-10-04T18:33:07.000Z</time>
        <extensions>
          <ns3:TrackPointExtension>
            <ns3:hr>117</ns3:hr>
          </ns3:TrackPointExtension>
        </extensions>
      </trkpt>
      <trkpt lat="43.29890079796314239501953125" lon="-79.92573366500437259674072265625">
        <ele>171.600006103515625</ele>
        <time>2025-10-04T18:33:09.000Z</time>
        <extensions>
          <ns3:TrackPointExtension>
            <ns3:hr>114</ns3:hr>
          </ns3:TrackPointExtension>
        </extensions>
      </trkpt>
      <trkpt lat="43.298917226493358612060546875" lon="-79.9257471598684787750244140625">
        <ele>171.600006103515625</ele>
        <time>2025-10-04T18:33:21.000Z</time>
        <extensions>
          <ns3:TrackPointExtension>
            <ns3:hr>115</ns3:hr>
          </ns3:TrackPointExtension>
        </extensions>
      </trkpt>
      <trkpt lat="43.2989143766462802886962890625" lon="-79.92574959062039852142333984375">
        <ele>171.600006103515625</ele>
        <time>2025-10-04T18:33:23.000Z</time>
        <extensions>
          <ns3:TrackPointExtension>
            <ns3:hr>118</ns3:hr>
          </ns3:TrackPointExtension>
        </extensions>
      </trkpt>
      <trkpt lat="43.298905827105045318603515625" lon="-79.9257525242865085601806640625">
        <ele>171.600006103515625</ele>
        <time>2025-10-04T18:33:25.000Z</time>
        <extensions>
          <ns3:TrackPointExtension>
            <ns3:hr>121</ns3:hr>
          </ns3:TrackPointExtension>
        </extensions>
      </trkpt>
      <trkpt lat="43.29890356399118900299072265625" lon="-79.925745986402034759521484375">
        <ele>171.600006103515625</ele>
        <time>2025-10-04T18:33:27.000Z</time>
        <extensions>
          <ns3:TrackPointExtension>
            <ns3:hr>124</ns3:hr>
          </ns3:TrackPointExtension>
        </extensions>
      </trkpt>
      <trkpt lat="43.2989093475043773651123046875" lon="-79.92571421898901462554931640625">
        <ele>171.600006103515625</ele>
        <time>2025-10-04T18:33:34.000Z</time>
        <extensions>
          <ns3:TrackPointExtension>
            <ns3:hr>125</ns3:hr>
          </ns3:TrackPointExtension>
        </extensions>
      </trkpt>
      <trkpt lat="43.2988956011831760406494140625" lon="-79.92566107772290706634521484375">
        <ele>171.600006103515625</ele>
        <time>2025-10-04T18:33:47.000Z</time>
        <extensions>
          <ns3:TrackPointExtension>
            <ns3:hr>121</ns3:hr>
          </ns3:TrackPointExtension>
        </extensions>
      </trkpt>
      <trkpt lat="43.29888210631906986236572265625" lon="-79.92565370164811611175537109375">
        <ele>171.600006103515625</ele>
        <time>2025-10-04T18:33:48.000Z</time>
        <extensions>
          <ns3:TrackPointExtension>
            <ns3:hr>121</ns3:hr>
          </ns3:TrackPointExtension>
        </extensions>
      </trkpt>
      <trkpt lat="43.29884824343025684356689453125" lon="-79.925621934235095977783203125">
        <ele>171.600006103515625</ele>
        <time>2025-10-04T18:33:55.000Z</time>
        <extensions>
          <ns3:TrackPointExtension>
            <ns3:hr>115</ns3:hr>
          </ns3:TrackPointExtension>
        </extensions>
      </trkpt>
      <trkpt lat="43.298838771879673004150390625" lon="-79.925615228712558746337890625">
        <ele>171.600006103515625</ele>
        <time>2025-10-04T18:33:57.000Z</time>
        <extensions>
          <ns3:TrackPointExtension>
            <ns3:hr>112</ns3:hr>
          </ns3:TrackPointExtension>
        </extensions>
      </trkpt>
      <trkpt lat="43.29882494173943996429443359375" lon="-79.92558765225112438201904296875">
        <ele>171.600006103515625</ele>
        <time>2025-10-04T18:34:02.000Z</time>
        <extensions>
          <ns3:TrackPointExtension>
            <ns3:hr>113</ns3:hr>
          </ns3:TrackPointExtension>
        </extensions>
      </trkpt>
      <trkpt lat="43.29882125370204448699951171875" lon="-79.9255778454244136810302734375">
        <ele>171.600006103515625</ele>
        <time>2025-10-04T18:34:16.000Z</time>
        <extensions>
          <ns3:TrackPointExtension>
            <ns3:hr>111</ns3:hr>
          </ns3:TrackPointExtension>
        </extensions>
      </trkpt>
      <trkpt lat="43.29882125370204448699951171875" lon="-79.9255805276334285736083984375">
        <ele>171.600006103515625</ele>
        <time>2025-10-04T18:34:20.000Z</time>
        <extensions>
          <ns3:TrackPointExtension>
            <ns3:hr>108</ns3:hr>
          </ns3:TrackPointExtension>
        </extensions>
      </trkpt>
      <trkpt lat="43.2988292165100574493408203125" lon="-79.92557935416698455810546875">
        <ele>171.600006103515625</ele>
        <time>2025-10-04T18:34:25.000Z</time>
        <extensions>
          <ns3:TrackPointExtension>
            <ns3:hr>104</ns3:hr>
          </ns3:TrackPointExtension>
        </extensions>
      </trkpt>
      <trkpt lat="43.2988325692713260650634765625" lon="-79.92558245547115802764892578125">
        <ele>171.600006103515625</ele>
        <time>2025-10-04T18:34:27.000Z</time>
        <extensions>
          <ns3:TrackPointExtension>
            <ns3:hr>101</ns3:hr>
          </ns3:TrackPointExtension>
        </extensions>
      </trkpt>
      <trkpt lat="43.298833407461643218994140625" lon="-79.92558069527149200439453125">
        <ele>171.600006103515625</ele>
        <time>2025-10-04T18:34:30.000Z</time>
        <extensions>
          <ns3:TrackPointExtension>
            <ns3:hr>99</ns3:hr>
          </ns3:TrackPointExtension>
        </extensions>
      </trkpt>
      <trkpt lat="43.29879275523126125335693359375" lon="-79.92562587372958660125732421875">
        <ele>171.600006103515625</ele>
        <time>2025-10-04T18:34:38.000Z</time>
        <extensions>
          <ns3:TrackPointExtension>
            <ns3:hr>102</ns3:hr>
          </ns3:TrackPointExtension>
        </extensions>
      </trkpt>
      <trkpt lat="43.298797868192195892333984375" lon="-79.92565982043743133544921875">
        <ele>171.600006103515625</ele>
        <time>2025-10-04T18:34:42.000Z</time>
        <extensions>
          <ns3:TrackPointExtension>
            <ns3:hr>101</ns3:hr>
          </ns3:TrackPointExtension>
        </extensions>
      </trkpt>
      <trkpt lat="43.29877263866364955902099609375" lon="-79.92570768110454082489013671875">
        <ele>171.600006103515625</ele>
        <time>2025-10-04T18:34:49.000Z</time>
        <extensions>
          <ns3:TrackPointExtension>
            <ns3:hr>105</ns3:hr>
          </ns3:TrackPointExtension>
        </extensions>
      </trkpt>
      <trkpt lat="43.29875101335346698760986328125" lon="-79.92573584429919719696044921875">
        <ele>171.600006103515625</ele>
        <time>2025-10-04T18:34:53.000Z</time>
        <extensions>
          <ns3:TrackPointExtension>
            <ns3:hr>108</ns3:hr>
          </ns3:TrackPointExtension>
        </extensions>
      </trkpt>
      <trkpt lat="43.29873894341289997100830078125" lon="-79.925749003887176513671875">
        <ele>171.600006103515625</ele>
        <time>2025-10-04T18:34:55.000Z</time>
        <extensions>
          <ns3:TrackPointExtension>
            <ns3:hr>107</ns3:hr>
          </ns3:TrackPointExtension>
        </extensions>
      </trkpt>
      <trkpt lat="43.2986734807491302490234375" lon="-79.925875402987003326416015625">
        <ele>171.600006103515625</ele>
        <time>2025-10-04T18:35:07.000Z</time>
        <extensions>
          <ns3:TrackPointExtension>
            <ns3:hr>110</ns3:hr>
          </ns3:TrackPointExtension>
        </extensions>
      </trkpt>
      <trkpt lat="43.29866216517984867095947265625" lon="-79.9258899874985218048095703125">
        <ele>171.600006103515625</ele>
        <time>2025-10-04T18:35:09.000Z</time>
        <extensions>
          <ns3:TrackPointExtension>
            <ns3:hr>110</ns3:hr>
          </ns3:TrackPointExtension>
        </extensions>
      </trkpt>
      <trkpt lat="43.2986246980726718902587890625" lon="-79.92591538466513156890869140625">
        <ele>171.600006103515625</ele>
        <time>2025-10-04T18:35:14.000Z</time>
        <extensions>
          <ns3:TrackPointExtension>
            <ns3:hr>107</ns3:hr>
          </ns3:TrackPointExtension>
        </extensions>
      </trkpt>
      <trkpt lat="43.2986176572740077972412109375" lon="-79.92593700997531414031982421875">
        <ele>171.600006103515625</ele>
        <time>2025-10-04T18:35:16.000Z</time>
        <extensions>
          <ns3:TrackPointExtension>
            <ns3:hr>104</ns3:hr>
          </ns3:TrackPointExtension>
        </extensions>
      </trkpt>
      <trkpt lat="43.29861941747367382049560546875" lon="-79.92602585814893245697021484375">
        <ele>171.600006103515625</ele>
        <time>2025-10-04T18:35:23.000Z</time>
        <extensions>
          <ns3:TrackPointExtension>
            <ns3:hr>103</ns3:hr>
          </ns3:TrackPointExtension>
        </extensions>
      </trkpt>
      <trkpt lat="43.29858756624162197113037109375" lon="-79.926071204245090484619140625">
        <ele>171.600006103515625</ele>
        <time>2025-10-04T18:35:28.000Z</time>
        <extensions>
          <ns3:TrackPointExtension>
            <ns3:hr>106</ns3:hr>
          </ns3:TrackPointExtension>
        </extensions>
      </trkpt>
      <trkpt lat="43.298579938709735870361328125" lon="-79.92608771659433841705322265625">
        <ele>171.600006103515625</ele>
        <time>2025-10-04T18:35:30.000Z</time>
        <extensions>
          <ns3:TrackPointExtension>
            <ns3:hr>110</ns3:hr>
          </ns3:TrackPointExtension>
        </extensions>
      </trkpt>
      <trkpt lat="43.2985754124820232391357421875" lon="-79.92611655034124851226806640625">
        <ele>163.8000030517578125</ele>
        <time>2025-10-04T18:35:33.000Z</time>
        <extensions>
          <ns3:TrackPointExtension>
            <ns3:hr>113</ns3:hr>
          </ns3:TrackPointExtension>
        </extensions>
      </trkpt>
      <trkpt lat="43.29857080243527889251708984375" lon="-79.926126860082149505615234375">
        <ele>164</ele>
        <time>2025-10-04T18:35:34.000Z</time>
        <extensions>
          <ns3:TrackPointExtension>
            <ns3:hr>113</ns3:hr>
          </ns3:TrackPointExtension>
        </extensions>
      </trkpt>
      <trkpt lat="43.2985096983611583709716796875" lon="-79.92619181983172893524169921875">
        <ele>162.600006103515625</ele>
        <time>2025-10-04T18:35:43.000Z</time>
        <extensions>
          <ns3:TrackPointExtension>
            <ns3:hr>114</ns3:hr>
          </ns3:TrackPointExtension>
        </extensions>
      </trkpt>
      <trkpt lat="43.29847675748169422149658203125" lon="-79.92621093057096004486083984375">
        <ele>161.8000030517578125</ele>
        <time>2025-10-04T18:35:46.000Z</time>
        <extensions>
          <ns3:TrackPointExtension>
            <ns3:hr>114</ns3:hr>
          </ns3:TrackPointExtension>
        </extensions>
      </trkpt>
      <trkpt lat="43.29845689237117767333984375" lon="-79.9262111820280551910400390625">
        <ele>161.399993896484375</ele>
        <time>2025-10-04T18:35:49.000Z</time>
        <extensions>
          <ns3:TrackPointExtension>
            <ns3:hr>116</ns3:hr>
          </ns3:TrackPointExtension>
        </extensions>
      </trkpt>
      <trkpt lat="43.29837734811007976531982421875" lon="-79.9261883832514286041259765625">
        <ele>161.600006103515625</ele>
        <time>2025-10-04T18:35:58.000Z</time>
        <extensions>
          <ns3:TrackPointExtension>
            <ns3:hr>117</ns3:hr>
          </ns3:TrackPointExtension>
        </extensions>
      </trkpt>
      <trkpt lat="43.29828933812677860260009765625" lon="-79.92608235217630863189697265625">
        <ele>160.600006103515625</ele>
        <time>2025-10-04T18:36:11.000Z</time>
        <extensions>
          <ns3:TrackPointExtension>
            <ns3:hr>115</ns3:hr>
          </ns3:TrackPointExtension>
        </extensions>
      </trkpt>
      <trkpt lat="43.29828900285065174102783203125" lon="-79.92607145570218563079833984375">
        <ele>160.399993896484375</ele>
        <time>2025-10-04T18:36:12.000Z</time>
        <extensions>
          <ns3:TrackPointExtension>
            <ns3:hr>115</ns3:hr>
          </ns3:TrackPointExtension>
        </extensions>
      </trkpt>
      <trkpt lat="43.29825547523796558380126953125" lon="-79.925987385213375091552734375">
        <ele>159.399993896484375</ele>
        <time>2025-10-04T18:36:21.000Z</time>
        <extensions>
          <ns3:TrackPointExtension>
            <ns3:hr>113</ns3:hr>
          </ns3:TrackPointExtension>
        </extensions>
      </trkpt>
      <trkpt lat="43.29824860207736492156982421875" lon="-79.92598411627113819122314453125">
        <ele>159.1999969482421875</ele>
        <time>2025-10-04T18:36:22.000Z</time>
        <extensions>
          <ns3:TrackPointExtension>
            <ns3:hr>114</ns3:hr>
          </ns3:TrackPointExtension>
        </extensions>
      </trkpt>
      <trkpt lat="43.29819847829639911651611328125" lon="-79.9259654246270656585693359375">
        <ele>158.1999969482421875</ele>
        <time>2025-10-04T18:36:27.000Z</time>
        <extensions>
          <ns3:TrackPointExtension>
            <ns3:hr>113</ns3:hr>
          </ns3:TrackPointExtension>
        </extensions>
      </trkpt>
      <trkpt lat="43.298172913491725921630859375" lon="-79.925959892570972442626953125">
        <ele>158</ele>
        <time>2025-10-04T18:36:30.000Z</time>
        <extensions>
          <ns3:TrackPointExtension>
            <ns3:hr>113</ns3:hr>
          </ns3:TrackPointExtension>
        </extensions>
      </trkpt>
      <trkpt lat="43.29815380275249481201171875" lon="-79.92595260031521320343017578125">
        <ele>157.8000030517578125</ele>
        <time>2025-10-04T18:36:32.000Z</time>
        <extensions>
          <ns3:TrackPointExtension>
            <ns3:hr>113</ns3:hr>
          </ns3:TrackPointExtension>
        </extensions>
      </trkpt>
      <trkpt lat="43.29813108779489994049072265625" lon="-79.925935752689838409423828125">
        <ele>157.600006103515625</ele>
        <time>2025-10-04T18:36:35.000Z</time>
        <extensions>
          <ns3:TrackPointExtension>
            <ns3:hr>113</ns3:hr>
          </ns3:TrackPointExtension>
        </extensions>
      </trkpt>
      <trkpt lat="43.29809320159256458282470703125" lon="-79.92590247653424739837646484375">
        <ele>157.1999969482421875</ele>
        <time>2025-10-04T18:36:39.000Z</time>
        <extensions>
          <ns3:TrackPointExtension>
            <ns3:hr>111</ns3:hr>
          </ns3:TrackPointExtension>
        </extensions>
      </trkpt>
      <trkpt lat="43.2980849035084247589111328125" lon="-79.92589124478399753570556640625">
        <ele>157.1999969482421875</ele>
        <time>2025-10-04T18:36:40.000Z</time>
        <extensions>
          <ns3:TrackPointExtension>
            <ns3:hr>114</ns3:hr>
          </ns3:TrackPointExtension>
        </extensions>
      </trkpt>
      <trkpt lat="43.298028744757175445556640625" lon="-79.9258024804294109344482421875">
        <ele>156.399993896484375</ele>
        <time>2025-10-04T18:36:47.000Z</time>
        <extensions>
          <ns3:TrackPointExtension>
            <ns3:hr>116</ns3:hr>
          </ns3:TrackPointExtension>
        </extensions>
      </trkpt>
      <trkpt lat="43.298010639846324920654296875" lon="-79.9257870577275753021240234375">
        <ele>156.1999969482421875</ele>
        <time>2025-10-04T18:36:49.000Z</time>
        <extensions>
          <ns3:TrackPointExtension>
            <ns3:hr>119</ns3:hr>
          </ns3:TrackPointExtension>
        </extensions>
      </trkpt>
      <trkpt lat="43.29797702841460704803466796875" lon="-79.925761409103870391845703125">
        <ele>156</ele>
        <time>2025-10-04T18:36:52.000Z</time>
        <extensions>
          <ns3:TrackPointExtension>
            <ns3:hr>123</ns3:hr>
          </ns3:TrackPointExtension>
        </extensions>
      </trkpt>
      <trkpt lat="43.2979162596166133880615234375" lon="-79.925709776580333709716796875">
        <ele>155.600006103515625</ele>
        <time>2025-10-04T18:36:59.000Z</time>
        <extensions>
          <ns3:TrackPointExtension>
            <ns3:hr>123</ns3:hr>
          </ns3:TrackPointExtension>
        </extensions>
      </trkpt>
      <trkpt lat="43.29791986383497714996337890625" lon="-79.925705082714557647705078125">
        <ele>155.1999969482421875</ele>
        <time>2025-10-04T18:37:04.000Z</time>
        <extensions>
          <ns3:TrackPointExtension>
            <ns3:hr>121</ns3:hr>
          </ns3:TrackPointExtension>
        </extensions>
      </trkpt>
      <trkpt lat="43.29792036674916744232177734375" lon="-79.9257082678377628326416015625">
        <ele>155.1999969482421875</ele>
        <time>2025-10-04T18:37:06.000Z</time>
        <extensions>
          <ns3:TrackPointExtension>
            <ns3:hr>118</ns3:hr>
          </ns3:TrackPointExtension>
        </extensions>
      </trkpt>
      <trkpt lat="43.29792120493948459625244140625" lon="-79.92570701055228710174560546875">
        <ele>155</ele>
        <time>2025-10-04T18:37:07.000Z</time>
        <extensions>
          <ns3:TrackPointExtension>
            <ns3:hr>117</ns3:hr>
          </ns3:TrackPointExtension>
        </extensions>
      </trkpt>
      <trkpt lat="43.297923468053340911865234375" lon="-79.925706423819065093994140625">
        <ele>155</ele>
        <time>2025-10-04T18:37:08.000Z</time>
        <extensions>
          <ns3:TrackPointExtension>
            <ns3:hr>114</ns3:hr>
          </ns3:TrackPointExtension>
        </extensions>
      </trkpt>
      <trkpt lat="43.297916762530803680419921875" lon="-79.92569812573492527008056640625">
        <ele>155.1999969482421875</ele>
        <time>2025-10-04T18:37:19.000Z</time>
        <extensions>
          <ns3:TrackPointExtension>
            <ns3:hr>113</ns3:hr>
          </ns3:TrackPointExtension>
        </extensions>
      </trkpt>
      <trkpt lat="43.2978579215705394744873046875" lon="-79.92566476576030254364013671875">
        <ele>155.1999969482421875</ele>
        <time>2025-10-04T18:37:29.000Z</time>
        <extensions>
          <ns3:TrackPointExtension>
            <ns3:hr>114</ns3:hr>
          </ns3:TrackPointExtension>
        </extensions>
      </trkpt>
      <trkpt lat="43.297804780304431915283203125" lon="-79.92568907327950000762939453125">
        <ele>155</ele>
        <time>2025-10-04T18:37:35.000Z</time>
        <extensions>
          <ns3:TrackPointExtension>
            <ns3:hr>111</ns3:hr>
          </ns3:TrackPointExtension>
        </extensions>
      </trkpt>
      <trkpt lat="43.297777958214282989501953125" lon="-79.92570080794394016265869140625">
        <ele>155</ele>
        <time>2025-10-04T18:37:38.000Z</time>
        <extensions>
          <ns3:TrackPointExtension>
            <ns3:hr>110</ns3:hr>
          </ns3:TrackPointExtension>
        </extensions>
      </trkpt>
      <trkpt lat="43.29776932485401630401611328125" lon="-79.92570407688617706298828125">
        <ele>154.8000030517578125</ele>
        <time>2025-10-04T18:37:39.000Z</time>
        <extensions>
          <ns3:TrackPointExtension>
            <ns3:hr>110</ns3:hr>
          </ns3:TrackPointExtension>
        </extensions>
      </trkpt>
      <trkpt lat="43.29766086302697658538818359375" lon="-79.925749339163303375244140625">
        <ele>154.600006103515625</ele>
        <time>2025-10-04T18:37:51.000Z</time>
        <extensions>
          <ns3:TrackPointExtension>
            <ns3:hr>107</ns3:hr>
          </ns3:TrackPointExtension>
        </extensions>
      </trkpt>
      <trkpt lat="43.2976507209241390228271484375" lon="-79.9257471598684787750244140625">
        <ele>154.399993896484375</ele>
        <time>2025-10-04T18:37:52.000Z</time>
        <extensions>
          <ns3:TrackPointExtension>
            <ns3:hr>106</ns3:hr>
          </ns3:TrackPointExtension>
        </extensions>
      </trkpt>
      <trkpt lat="43.2976326160132884979248046875" lon="-79.9257434718310832977294921875">
        <ele>154.399993896484375</ele>
        <time>2025-10-04T18:37:54.000Z</time>
        <extensions>
          <ns3:TrackPointExtension>
            <ns3:hr>109</ns3:hr>
          </ns3:TrackPointExtension>
        </extensions>
      </trkpt>
      <trkpt lat="43.29759548418223857879638671875" lon="-79.9257511831820011138916015625">
        <ele>154.1999969482421875</ele>
        <time>2025-10-04T18:37:58.000Z</time>
        <extensions>
          <ns3:TrackPointExtension>
            <ns3:hr>113</ns3:hr>
          </ns3:TrackPointExtension>
        </extensions>
      </trkpt>
      <trkpt lat="43.29757888801395893096923828125" lon="-79.9257501773536205291748046875">
        <ele>154</ele>
        <time>2025-10-04T18:38:00.000Z</time>
        <extensions>
          <ns3:TrackPointExtension>
            <ns3:hr>116</ns3:hr>
          </ns3:TrackPointExtension>
        </extensions>
      </trkpt>
      <trkpt lat="43.29752759076654911041259765625" lon="-79.92574238218367099761962890625">
        <ele>152.8000030517578125</ele>
        <time>2025-10-04T18:38:06.000Z</time>
        <extensions>
          <ns3:TrackPointExtension>
            <ns3:hr>115</ns3:hr>
          </ns3:TrackPointExtension>
        </extensions>
      </trkpt>
      <trkpt lat="43.2974879443645477294921875" lon="-79.92571455426514148712158203125">
        <ele>151.600006103515625</ele>
        <time>2025-10-04T18:38:11.000Z</time>
        <extensions>
          <ns3:TrackPointExtension>
            <ns3:hr>112</ns3:hr>
          </ns3:TrackPointExtension>
        </extensions>
      </trkpt>
      <trkpt lat="43.29747813753783702850341796875" lon="-79.9257042445242404937744140625">
        <ele>151.399993896484375</ele>
        <time>2025-10-04T18:38:12.000Z</time>
        <extensions>
          <ns3:TrackPointExtension>
            <ns3:hr>110</ns3:hr>
          </ns3:TrackPointExtension>
        </extensions>
      </trkpt>
      <trkpt lat="43.2974557578563690185546875" lon="-79.92569334805011749267578125">
        <ele>150.8000030517578125</ele>
        <time>2025-10-04T18:38:15.000Z</time>
        <extensions>
          <ns3:TrackPointExtension>
            <ns3:hr>109</ns3:hr>
          </ns3:TrackPointExtension>
        </extensions>
      </trkpt>
      <trkpt lat="43.29743765294551849365234375" lon="-79.92568186484277248382568359375">
        <ele>150.600006103515625</ele>
        <time>2025-10-04T18:38:17.000Z</time>
        <extensions>
          <ns3:TrackPointExtension>
            <ns3:hr>110</ns3:hr>
          </ns3:TrackPointExtension>
        </extensions>
      </trkpt>
      <trkpt lat="43.297371603548526763916015625" lon="-79.92565034888684749603271484375">
        <ele>149.399993896484375</ele>
        <time>2025-10-04T18:38:24.000Z</time>
        <extensions>
          <ns3:TrackPointExtension>
            <ns3:hr>112</ns3:hr>
          </ns3:TrackPointExtension>
        </extensions>
      </trkpt>
      <trkpt lat="43.29734888859093189239501953125" lon="-79.92563039995729923248291015625">
        <ele>148.8000030517578125</ele>
        <time>2025-10-04T18:38:28.000Z</time>
        <extensions>
          <ns3:TrackPointExtension>
            <ns3:hr>112</ns3:hr>
          </ns3:TrackPointExtension>
        </extensions>
      </trkpt>
      <trkpt lat="43.29732642509043216705322265625" lon="-79.925627969205379486083984375">
        <ele>148.399993896484375</ele>
        <time>2025-10-04T18:38:31.000Z</time>
        <extensions>
          <ns3:TrackPointExtension>
            <ns3:hr>112</ns3:hr>
          </ns3:TrackPointExtension>
        </extensions>
      </trkpt>
      <trkpt lat="43.2972732000052928924560546875" lon="-79.92561866529285907745361328125">
        <ele>147.600006103515625</ele>
        <time>2025-10-04T18:38:37.000Z</time>
        <extensions>
          <ns3:TrackPointExtension>
            <ns3:hr>116</ns3:hr>
          </ns3:TrackPointExtension>
        </extensions>
      </trkpt>
      <trkpt lat="43.29725123941898345947265625" lon="-79.925601817667484283447265625">
        <ele>147.399993896484375</ele>
        <time>2025-10-04T18:38:40.000Z</time>
        <extensions>
          <ns3:TrackPointExtension>
            <ns3:hr>121</ns3:hr>
          </ns3:TrackPointExtension>
        </extensions>
      </trkpt>
      <trkpt lat="43.29724327661097049713134765625" lon="-79.925594441592693328857421875">
        <ele>147.399993896484375</ele>
        <time>2025-10-04T18:38:41.000Z</time>
        <extensions>
          <ns3:TrackPointExtension>
            <ns3:hr>119</ns3:hr>
          </ns3:TrackPointExtension>
        </extensions>
      </trkpt>
      <trkpt lat="43.2972343079745769500732421875" lon="-79.9255852214992046356201171875">
        <ele>147.399993896484375</ele>
        <time>2025-10-04T18:38:42.000Z</time>
        <extensions>
          <ns3:TrackPointExtension>
            <ns3:hr>118</ns3:hr>
          </ns3:TrackPointExtension>
        </extensions>
      </trkpt>
      <trkpt lat="43.29721771180629730224609375" lon="-79.9255760014057159423828125">
        <ele>147.1999969482421875</ele>
        <time>2025-10-04T18:38:44.000Z</time>
        <extensions>
          <ns3:TrackPointExtension>
            <ns3:hr>115</ns3:hr>
          </ns3:TrackPointExtension>
        </extensions>
      </trkpt>
      <trkpt lat="43.2971370778977870941162109375" lon="-79.925538115203380584716796875">
        <ele>146.399993896484375</ele>
        <time>2025-10-04T18:38:51.000Z</time>
        <extensions>
          <ns3:TrackPointExtension>
            <ns3:hr>118</ns3:hr>
          </ns3:TrackPointExtension>
        </extensions>
      </trkpt>
      <trkpt lat="43.29711738042533397674560546875" lon="-79.9255382828414440155029296875">
        <ele>146.399993896484375</ele>
        <time>2025-10-04T18:38:53.000Z</time>
        <extensions>
          <ns3:TrackPointExtension>
            <ns3:hr>120</ns3:hr>
          </ns3:TrackPointExtension>
        </extensions>
      </trkpt>
      <trkpt lat="43.29710799269378185272216796875" lon="-79.9255329184234142303466796875">
        <ele>146.1999969482421875</ele>
        <time>2025-10-04T18:38:54.000Z</time>
        <extensions>
          <ns3:TrackPointExtension>
            <ns3:hr>124</ns3:hr>
          </ns3:TrackPointExtension>
        </extensions>
      </trkpt>
      <trkpt lat="43.2970857806503772735595703125" lon="-79.9255250394344329833984375">
        <ele>146.1999969482421875</ele>
        <time>2025-10-04T18:38:56.000Z</time>
        <extensions>
          <ns3:TrackPointExtension>
            <ns3:hr>127</ns3:hr>
          </ns3:TrackPointExtension>
        </extensions>
      </trkpt>
      <trkpt lat="43.2970237545669078826904296875" lon="-79.92553115822374820709228515625">
        <ele>146</ele>
        <time>2025-10-04T18:39:02.000Z</time>
        <extensions>
          <ns3:TrackPointExtension>
            <ns3:hr>130</ns3:hr>
          </ns3:TrackPointExtension>
        </extensions>
      </trkpt>
      <trkpt lat="43.2969875447452068328857421875" lon="-79.9255438148975372314453125">
        <ele>145.399993896484375</ele>
        <time>2025-10-04T18:39:06.000Z</time>
        <extensions>
          <ns3:TrackPointExtension>
            <ns3:hr>132</ns3:hr>
          </ns3:TrackPointExtension>
        </extensions>
      </trkpt>
      <trkpt lat="43.2969838567078113555908203125" lon="-79.92555479519069194793701171875">
        <ele>145.1999969482421875</ele>
        <time>2025-10-04T18:39:07.000Z</time>
        <extensions>
          <ns3:TrackPointExtension>
            <ns3:hr>133</ns3:hr>
          </ns3:TrackPointExtension>
        </extensions>
      </trkpt>
      <trkpt lat="43.296948485076427459716796875" lon="-79.925593435764312744140625">
        <ele>145.1999969482421875</ele>
        <time>2025-10-04T18:39:11.000Z</time>
        <extensions>
          <ns3:TrackPointExtension>
            <ns3:hr>133</ns3:hr>
          </ns3:TrackPointExtension>
        </extensions>
      </trkpt>
      <trkpt lat="43.296920321881771087646484375" lon="-79.9256435595452785491943359375">
        <ele>145.1999969482421875</ele>
        <time>2025-10-04T18:39:17.000Z</time>
        <extensions>
          <ns3:TrackPointExtension>
            <ns3:hr>129</ns3:hr>
          </ns3:TrackPointExtension>
        </extensions>
      </trkpt>
      <trkpt lat="43.29687162302434444427490234375" lon="-79.92576199583709239959716796875">
        <ele>146.1999969482421875</ele>
        <time>2025-10-04T18:39:29.000Z</time>
        <extensions>
          <ns3:TrackPointExtension>
            <ns3:hr>126</ns3:hr>
          </ns3:TrackPointExtension>
        </extensions>
      </trkpt>
      <trkpt lat="43.29686894081532955169677734375" lon="-79.9257723055779933929443359375">
        <ele>146.399993896484375</ele>
        <time>2025-10-04T18:39:30.000Z</time>
        <extensions>
          <ns3:TrackPointExtension>
            <ns3:hr>126</ns3:hr>
          </ns3:TrackPointExtension>
        </extensions>
      </trkpt>
      <trkpt lat="43.29686726443469524383544921875" lon="-79.92578496225178241729736328125">
        <ele>146.399993896484375</ele>
        <time>2025-10-04T18:39:31.000Z</time>
        <extensions>
          <ns3:TrackPointExtension>
            <ns3:hr>123</ns3:hr>
          </ns3:TrackPointExtension>
        </extensions>
      </trkpt>
      <trkpt lat="43.29685703851282596588134765625" lon="-79.925820417702198028564453125">
        <ele>147</ele>
        <time>2025-10-04T18:39:34.000Z</time>
        <extensions>
          <ns3:TrackPointExtension>
            <ns3:hr>127</ns3:hr>
          </ns3:TrackPointExtension>
        </extensions>
      </trkpt>
      <trkpt lat="43.29684597440063953399658203125" lon="-79.9258482456207275390625">
        <ele>147.600006103515625</ele>
        <time>2025-10-04T18:39:36.000Z</time>
        <extensions>
          <ns3:TrackPointExtension>
            <ns3:hr>128</ns3:hr>
          </ns3:TrackPointExtension>
        </extensions>
      </trkpt>
      <trkpt lat="43.2968172244727611541748046875" lon="-79.9259060807526111602783203125">
        <ele>148.600006103515625</ele>
        <time>2025-10-04T18:39:41.000Z</time>
        <extensions>
          <ns3:TrackPointExtension>
            <ns3:hr>129</ns3:hr>
          </ns3:TrackPointExtension>
        </extensions>
      </trkpt>
      <trkpt lat="43.29678721725940704345703125" lon="-79.92594773881137371063232421875">
        <ele>149</ele>
        <time>2025-10-04T18:39:45.000Z</time>
        <extensions>
          <ns3:TrackPointExtension>
            <ns3:hr>127</ns3:hr>
          </ns3:TrackPointExtension>
        </extensions>
      </trkpt>
      <trkpt lat="43.29676844179630279541015625" lon="-79.92597422562539577484130859375">
        <ele>149.8000030517578125</ele>
        <time>2025-10-04T18:39:48.000Z</time>
        <extensions>
          <ns3:TrackPointExtension>
            <ns3:hr>128</ns3:hr>
          </ns3:TrackPointExtension>
        </extensions>
      </trkpt>
      <trkpt lat="43.29674924723803997039794921875" lon="-79.9260143749415874481201171875">
        <ele>150.600006103515625</ele>
        <time>2025-10-04T18:39:52.000Z</time>
        <extensions>
          <ns3:TrackPointExtension>
            <ns3:hr>131</ns3:hr>
          </ns3:TrackPointExtension>
        </extensions>
      </trkpt>
      <trkpt lat="43.2967391051352024078369140625" lon="-79.92602820508182048797607421875">
        <ele>151</ele>
        <time>2025-10-04T18:39:54.000Z</time>
        <extensions>
          <ns3:TrackPointExtension>
            <ns3:hr>131</ns3:hr>
          </ns3:TrackPointExtension>
        </extensions>
      </trkpt>
      <trkpt lat="43.29672343097627162933349609375" lon="-79.92606525309383869171142578125">
        <ele>151.399993896484375</ele>
        <time>2025-10-04T18:39:58.000Z</time>
        <extensions>
          <ns3:TrackPointExtension>
            <ns3:hr>133</ns3:hr>
          </ns3:TrackPointExtension>
        </extensions>
      </trkpt>
      <trkpt lat="43.29670675098896026611328125" lon="-79.92610909044742584228515625">
        <ele>152</ele>
        <time>2025-10-04T18:40:03.000Z</time>
        <extensions>
          <ns3:TrackPointExtension>
            <ns3:hr>131</ns3:hr>
          </ns3:TrackPointExtension>
        </extensions>
      </trkpt>
      <trkpt lat="43.2966941781342029571533203125" lon="-79.92618083953857421875">
        <ele>152.399993896484375</ele>
        <time>2025-10-04T18:40:08.000Z</time>
        <extensions>
          <ns3:TrackPointExtension>
            <ns3:hr>132</ns3:hr>
          </ns3:TrackPointExtension>
        </extensions>
      </trkpt>
      <trkpt lat="43.29668261110782623291015625" lon="-79.9262128584086894989013671875">
        <ele>152.8000030517578125</ele>
        <time>2025-10-04T18:40:10.000Z</time>
        <extensions>
          <ns3:TrackPointExtension>
            <ns3:hr>131</ns3:hr>
          </ns3:TrackPointExtension>
        </extensions>
      </trkpt>
      <trkpt lat="43.2966670207679271697998046875" lon="-79.926256276667118072509765625">
        <ele>153.1999969482421875</ele>
        <time>2025-10-04T18:40:13.000Z</time>
        <extensions>
          <ns3:TrackPointExtension>
            <ns3:hr>131</ns3:hr>
          </ns3:TrackPointExtension>
        </extensions>
      </trkpt>
      <trkpt lat="43.29665067605674266815185546875" lon="-79.92631553672254085540771484375">
        <ele>153.399993896484375</ele>
        <time>2025-10-04T18:40:18.000Z</time>
        <extensions>
          <ns3:TrackPointExtension>
            <ns3:hr>128</ns3:hr>
          </ns3:TrackPointExtension>
        </extensions>
      </trkpt>
      <trkpt lat="43.29664514400064945220947265625" lon="-79.92637203074991703033447265625">
        <ele>153.600006103515625</ele>
        <time>2025-10-04T18:40:23.000Z</time>
        <extensions>
          <ns3:TrackPointExtension>
            <ns3:hr>127</ns3:hr>
          </ns3:TrackPointExtension>
        </extensions>
      </trkpt>
      <trkpt lat="43.2966073416173458099365234375" lon="-79.926470853388309478759765625">
        <ele>153.8000030517578125</ele>
        <time>2025-10-04T18:40:33.000Z</time>
        <extensions>
          <ns3:TrackPointExtension>
            <ns3:hr>123</ns3:hr>
          </ns3:TrackPointExtension>
        </extensions>
      </trkpt>
      <trkpt lat="43.29660541377961635589599609375" lon="-79.92649641819298267364501953125">
        <ele>153.8000030517578125</ele>
        <time>2025-10-04T18:40:35.000Z</time>
        <extensions>
          <ns3:TrackPointExtension>
            <ns3:hr>123</ns3:hr>
          </ns3:TrackPointExtension>
        </extensions>
      </trkpt>
      <trkpt lat="43.29658060334622859954833984375" lon="-79.92656414397060871124267578125">
        <ele>153.8000030517578125</ele>
        <time>2025-10-04T18:40:45.000Z</time>
        <extensions>
          <ns3:TrackPointExtension>
            <ns3:hr>120</ns3:hr>
          </ns3:TrackPointExtension>
        </extensions>
      </trkpt>
      <trkpt lat="43.2965808548033237457275390625" lon="-79.92656699381768703460693359375">
        <ele>153.8000030517578125</ele>
        <time>2025-10-04T18:40:46.000Z</time>
        <extensions>
          <ns3:TrackPointExtension>
            <ns3:hr>121</ns3:hr>
          </ns3:TrackPointExtension>
        </extensions>
      </trkpt>
      <trkpt lat="43.29657238908112049102783203125" lon="-79.9265925586223602294921875">
        <ele>154</ele>
        <time>2025-10-04T18:40:50.000Z</time>
        <extensions>
          <ns3:TrackPointExtension>
            <ns3:hr>126</ns3:hr>
          </ns3:TrackPointExtension>
        </extensions>
      </trkpt>
      <trkpt lat="43.29654271714389324188232421875" lon="-79.926667325198650360107421875">
        <ele>154</ele>
        <time>2025-10-04T18:40:58.000Z</time>
        <extensions>
          <ns3:TrackPointExtension>
            <ns3:hr>126</ns3:hr>
          </ns3:TrackPointExtension>
        </extensions>
      </trkpt>
      <trkpt lat="43.2964511029422283172607421875" lon="-79.92674904875457286834716796875">
        <ele>152.399993896484375</ele>
        <time>2025-10-04T18:41:10.000Z</time>
        <extensions>
          <ns3:TrackPointExtension>
            <ns3:hr>128</ns3:hr>
          </ns3:TrackPointExtension>
        </extensions>
      </trkpt>
      <trkpt lat="43.2964236102998256683349609375" lon="-79.92676614783704280853271484375">
        <ele>151.8000030517578125</ele>
        <time>2025-10-04T18:41:13.000Z</time>
        <extensions>
          <ns3:TrackPointExtension>
            <ns3:hr>127</ns3:hr>
          </ns3:TrackPointExtension>
        </extensions>
      </trkpt>
      <trkpt lat="43.296403996646404266357421875" lon="-79.92676983587443828582763671875">
        <ele>151.399993896484375</ele>
        <time>2025-10-04T18:41:15.000Z</time>
        <extensions>
          <ns3:TrackPointExtension>
            <ns3:hr>128</ns3:hr>
          </ns3:TrackPointExtension>
        </extensions>
      </trkpt>
      <trkpt lat="43.29635865055024623870849609375" lon="-79.92677771486341953277587890625">
        <ele>150.8000030517578125</ele>
        <time>2025-10-04T18:41:19.000Z</time>
        <extensions>
          <ns3:TrackPointExtension>
            <ns3:hr>128</ns3:hr>
          </ns3:TrackPointExtension>
        </extensions>
      </trkpt>
      <trkpt lat="43.2963464967906475067138671875" lon="-79.9267777986824512481689453125">
        <ele>150.8000030517578125</ele>
        <time>2025-10-04T18:41:20.000Z</time>
        <extensions>
          <ns3:TrackPointExtension>
            <ns3:hr>126</ns3:hr>
          </ns3:TrackPointExtension>
        </extensions>
      </trkpt>
      <trkpt lat="43.29630869440734386444091796875" lon="-79.926805458962917327880859375">
        <ele>150.399993896484375</ele>
        <time>2025-10-04T18:41:24.000Z</time>
        <extensions>
          <ns3:TrackPointExtension>
            <ns3:hr>123</ns3:hr>
          </ns3:TrackPointExtension>
        </extensions>
      </trkpt>
      <trkpt lat="43.2962541282176971435546875" lon="-79.92685968987643718719482421875">
        <ele>150.1999969482421875</ele>
        <time>2025-10-04T18:41:32.000Z</time>
        <extensions>
          <ns3:TrackPointExtension>
            <ns3:hr>123</ns3:hr>
          </ns3:TrackPointExtension>
        </extensions>
      </trkpt>
      <trkpt lat="43.2962586544454097747802734375" lon="-79.92688869126141071319580078125">
        <ele>150.8000030517578125</ele>
        <time>2025-10-04T18:41:40.000Z</time>
        <extensions>
          <ns3:TrackPointExtension>
            <ns3:hr>120</ns3:hr>
          </ns3:TrackPointExtension>
        </extensions>
      </trkpt>
      <trkpt lat="43.2962576486170291900634765625" lon="-79.92689170874655246734619140625">
        <ele>151</ele>
        <time>2025-10-04T18:41:41.000Z</time>
        <extensions>
          <ns3:TrackPointExtension>
            <ns3:hr>119</ns3:hr>
          </ns3:TrackPointExtension>
        </extensions>
      </trkpt>
      <trkpt lat="43.29625622369349002838134765625" lon="-79.92694434709846973419189453125">
        <ele>151.8000030517578125</ele>
        <time>2025-10-04T18:41:55.000Z</time>
        <extensions>
          <ns3:TrackPointExtension>
            <ns3:hr>121</ns3:hr>
          </ns3:TrackPointExtension>
        </extensions>
      </trkpt>
      <trkpt lat="43.29622403718531131744384765625" lon="-79.9269896931946277618408203125">
        <ele>151.8000030517578125</ele>
        <time>2025-10-04T18:42:00.000Z</time>
        <extensions>
          <ns3:TrackPointExtension>
            <ns3:hr>120</ns3:hr>
          </ns3:TrackPointExtension>
        </extensions>
      </trkpt>
      <trkpt lat="43.29621012322604656219482421875" lon="-79.9270020984113216400146484375">
        <ele>151.8000030517578125</ele>
        <time>2025-10-04T18:42:04.000Z</time>
        <extensions>
          <ns3:TrackPointExtension>
            <ns3:hr>122</ns3:hr>
          </ns3:TrackPointExtension>
        </extensions>
      </trkpt>
      <trkpt lat="43.29620115458965301513671875" lon="-79.92701643146574497222900390625">
        <ele>152.1999969482421875</ele>
        <time>2025-10-04T18:42:16.000Z</time>
        <extensions>
          <ns3:TrackPointExtension>
            <ns3:hr>124</ns3:hr>
          </ns3:TrackPointExtension>
        </extensions>
      </trkpt>
      <trkpt lat="43.29619838856160640716552734375" lon="-79.92699581198394298553466796875">
        <ele>152</ele>
        <time>2025-10-04T18:42:27.000Z</time>
        <extensions>
          <ns3:TrackPointExtension>
            <ns3:hr>120</ns3:hr>
          </ns3:TrackPointExtension>
        </extensions>
      </trkpt>
      <trkpt lat="43.29619788564741611480712890625" lon="-79.9269709177315235137939453125">
        <ele>152</ele>
        <time>2025-10-04T18:42:31.000Z</time>
        <extensions>
          <ns3:TrackPointExtension>
            <ns3:hr>121</ns3:hr>
          </ns3:TrackPointExtension>
        </extensions>
      </trkpt>
      <trkpt lat="43.29618782736361026763916015625" lon="-79.926916100084781646728515625">
        <ele>152.1999969482421875</ele>
        <time>2025-10-04T18:42:44.000Z</time>
        <extensions>
          <ns3:TrackPointExtension>
            <ns3:hr>120</ns3:hr>
          </ns3:TrackPointExtension>
        </extensions>
      </trkpt>
      <trkpt lat="43.2961812056601047515869140625" lon="-79.9269286729395389556884765625">
        <ele>152.1999969482421875</ele>
        <time>2025-10-04T18:42:58.000Z</time>
        <extensions>
          <ns3:TrackPointExtension>
            <ns3:hr>123</ns3:hr>
          </ns3:TrackPointExtension>
        </extensions>
      </trkpt>
      <trkpt lat="43.29619721509516239166259765625" lon="-79.926971085369586944580078125">
        <ele>152.1999969482421875</ele>
        <time>2025-10-04T18:43:13.000Z</time>
        <extensions>
          <ns3:TrackPointExtension>
            <ns3:hr>123</ns3:hr>
          </ns3:TrackPointExtension>
        </extensions>
      </trkpt>
      <trkpt lat="43.29618480987846851348876953125" lon="-79.926983155310153961181640625">
        <ele>152.1999969482421875</ele>
        <time>2025-10-04T18:43:20.000Z</time>
        <extensions>
          <ns3:TrackPointExtension>
            <ns3:hr>126</ns3:hr>
          </ns3:TrackPointExtension>
        </extensions>
      </trkpt>
      <trkpt lat="43.296186067163944244384765625" lon="-79.92699086666107177734375">
        <ele>152.1999969482421875</ele>
        <time>2025-10-04T18:43:24.000Z</time>
        <extensions>
          <ns3:TrackPointExtension>
            <ns3:hr>129</ns3:hr>
          </ns3:TrackPointExtension>
        </extensions>
      </trkpt>
      <trkpt lat="43.29619050957262516021728515625" lon="-79.92700092494487762451171875">
        <ele>152</ele>
        <time>2025-10-04T18:43:26.000Z</time>
        <extensions>
          <ns3:TrackPointExtension>
            <ns3:hr>130</ns3:hr>
          </ns3:TrackPointExtension>
        </extensions>
      </trkpt>
      <trkpt lat="43.2962013222277164459228515625" lon="-79.92699815891683101654052734375">
        <ele>151.8000030517578125</ele>
        <time>2025-10-04T18:43:33.000Z</time>
        <extensions>
          <ns3:TrackPointExtension>
            <ns3:hr>133</ns3:hr>
          </ns3:TrackPointExtension>
        </extensions>
      </trkpt>
      <trkpt lat="43.296224959194660186767578125" lon="-79.92697946727275848388671875">
        <ele>151.8000030517578125</ele>
        <time>2025-10-04T18:43:37.000Z</time>
        <extensions>
          <ns3:TrackPointExtension>
            <ns3:hr>133</ns3:hr>
          </ns3:TrackPointExtension>
        </extensions>
      </trkpt>
      <trkpt lat="43.29629779793322086334228515625" lon="-79.92700218223035335540771484375">
        <ele>151.8000030517578125</ele>
        <time>2025-10-04T18:43:45.000Z</time>
        <extensions>
          <ns3:TrackPointExtension>
            <ns3:hr>130</ns3:hr>
          </ns3:TrackPointExtension>
        </extensions>
      </trkpt>
      <trkpt lat="43.29633400775492191314697265625" lon="-79.9270202033221721649169921875">
        <ele>151.8000030517578125</ele>
        <time>2025-10-04T18:43:48.000Z</time>
        <extensions>
          <ns3:TrackPointExtension>
            <ns3:hr>132</ns3:hr>
          </ns3:TrackPointExtension>
        </extensions>
      </trkpt>
      <trkpt lat="43.29650198109447956085205078125" lon="-79.9271211214363574981689453125">
        <ele>151.8000030517578125</ele>
        <time>2025-10-04T18:44:01.000Z</time>
        <extensions>
          <ns3:TrackPointExtension>
            <ns3:hr>133</ns3:hr>
          </ns3:TrackPointExtension>
        </extensions>
      </trkpt>
      <trkpt lat="43.29650918953120708465576171875" lon="-79.9271234683692455291748046875">
        <ele>151.8000030517578125</ele>
        <time>2025-10-04T18:44:02.000Z</time>
        <extensions>
          <ns3:TrackPointExtension>
            <ns3:hr>133</ns3:hr>
          </ns3:TrackPointExtension>
        </extensions>
      </trkpt>
      <trkpt lat="43.29657959751784801483154296875" lon="-79.9271593429148197174072265625">
        <ele>151.8000030517578125</ele>
        <time>2025-10-04T18:44:10.000Z</time>
        <extensions>
          <ns3:TrackPointExtension>
            <ns3:hr>130</ns3:hr>
          </ns3:TrackPointExtension>
        </extensions>
      </trkpt>
      <trkpt lat="43.296617902815341949462890625" lon="-79.9271801300346851348876953125">
        <ele>151.8000030517578125</ele>
        <time>2025-10-04T18:44:14.000Z</time>
        <extensions>
          <ns3:TrackPointExtension>
            <ns3:hr>128</ns3:hr>
          </ns3:TrackPointExtension>
        </extensions>
      </trkpt>
      <trkpt lat="43.2966671884059906005859375" lon="-79.9272119812667369842529296875">
        <ele>151.8000030517578125</ele>
        <time>2025-10-04T18:44:18.000Z</time>
        <extensions>
          <ns3:TrackPointExtension>
            <ns3:hr>125</ns3:hr>
          </ns3:TrackPointExtension>
        </extensions>
      </trkpt>
      <trkpt lat="43.29678612761199474334716796875" lon="-79.92731482721865177154541015625">
        <ele>151.8000030517578125</ele>
        <time>2025-10-04T18:44:27.000Z</time>
        <extensions>
          <ns3:TrackPointExtension>
            <ns3:hr>124</ns3:hr>
          </ns3:TrackPointExtension>
        </extensions>
      </trkpt>
      <trkpt lat="43.29683843068778514862060546875" lon="-79.927375428378582000732421875">
        <ele>151.8000030517578125</ele>
        <time>2025-10-04T18:44:32.000Z</time>
        <extensions>
          <ns3:TrackPointExtension>
            <ns3:hr>127</ns3:hr>
          </ns3:TrackPointExtension>
        </extensions>
      </trkpt>
      <trkpt lat="43.2968879677355289459228515625" lon="-79.92741130292415618896484375">
        <ele>151.8000030517578125</ele>
        <time>2025-10-04T18:44:36.000Z</time>
        <extensions>
          <ns3:TrackPointExtension>
            <ns3:hr>127</ns3:hr>
          </ns3:TrackPointExtension>
        </extensions>
      </trkpt>
      <trkpt lat="43.29689995385706424713134765625" lon="-79.9274201877415180206298828125">
        <ele>153.1999969482421875</ele>
        <time>2025-10-04T18:44:37.000Z</time>
        <extensions>
          <ns3:TrackPointExtension>
            <ns3:hr>127</ns3:hr>
          </ns3:TrackPointExtension>
        </extensions>
      </trkpt>
      <trkpt lat="43.29692208208143711090087890625" lon="-79.927439130842685699462890625">
        <ele>154.399993896484375</ele>
        <time>2025-10-04T18:44:39.000Z</time>
        <extensions>
          <ns3:TrackPointExtension>
            <ns3:hr>128</ns3:hr>
          </ns3:TrackPointExtension>
        </extensions>
      </trkpt>
      <trkpt lat="43.29697472043335437774658203125" lon="-79.92748145945370197296142578125">
        <ele>155.399993896484375</ele>
        <time>2025-10-04T18:44:44.000Z</time>
        <extensions>
          <ns3:TrackPointExtension>
            <ns3:hr>130</ns3:hr>
          </ns3:TrackPointExtension>
        </extensions>
      </trkpt>
      <trkpt lat="43.2970545999705791473388671875" lon="-79.927538372576236724853515625">
        <ele>156.1999969482421875</ele>
        <time>2025-10-04T18:44:51.000Z</time>
        <extensions>
          <ns3:TrackPointExtension>
            <ns3:hr>132</ns3:hr>
          </ns3:TrackPointExtension>
        </extensions>
      </trkpt>
      <trkpt lat="43.29706490971148014068603515625" lon="-79.92754633538424968719482421875">
        <ele>156.399993896484375</ele>
        <time>2025-10-04T18:44:52.000Z</time>
        <extensions>
          <ns3:TrackPointExtension>
            <ns3:hr>133</ns3:hr>
          </ns3:TrackPointExtension>
        </extensions>
      </trkpt>
      <trkpt lat="43.2970760576426982879638671875" lon="-79.9275512807071208953857421875">
        <ele>156.600006103515625</ele>
        <time>2025-10-04T18:44:53.000Z</time>
        <extensions>
          <ns3:TrackPointExtension>
            <ns3:hr>134</ns3:hr>
          </ns3:TrackPointExtension>
        </extensions>
      </trkpt>
      <trkpt lat="43.29714168794453144073486328125" lon="-79.9276144802570343017578125">
        <ele>157.600006103515625</ele>
        <time>2025-10-04T18:45:00.000Z</time>
        <extensions>
          <ns3:TrackPointExtension>
            <ns3:hr>135</ns3:hr>
          </ns3:TrackPointExtension>
        </extensions>
      </trkpt>
      <trkpt lat="43.2972363196313381195068359375" lon="-79.92767374031245708465576171875">
        <ele>158.8000030517578125</ele>
        <time>2025-10-04T18:45:08.000Z</time>
        <extensions>
          <ns3:TrackPointExtension>
            <ns3:hr>136</ns3:hr>
          </ns3:TrackPointExtension>
        </extensions>
      </trkpt>
      <trkpt lat="43.2972591184079647064208984375" lon="-79.92769100703299045562744140625">
        <ele>159</ele>
        <time>2025-10-04T18:45:10.000Z</time>
        <extensions>
          <ns3:TrackPointExtension>
            <ns3:hr>136</ns3:hr>
          </ns3:TrackPointExtension>
        </extensions>
      </trkpt>
      <trkpt lat="43.2973365671932697296142578125" lon="-79.92774012498557567596435546875">
        <ele>159.600006103515625</ele>
        <time>2025-10-04T18:45:17.000Z</time>
        <extensions>
          <ns3:TrackPointExtension>
            <ns3:hr>139</ns3:hr>
          </ns3:TrackPointExtension>
        </extensions>
      </trkpt>
      <trkpt lat="43.29735559411346912384033203125" lon="-79.92775135673582553863525390625">
        <ele>159.8000030517578125</ele>
        <time>2025-10-04T18:45:19.000Z</time>
        <extensions>
          <ns3:TrackPointExtension>
            <ns3:hr>139</ns3:hr>
          </ns3:TrackPointExtension>
        </extensions>
      </trkpt>
      <trkpt lat="43.29744276590645313262939453125" lon="-79.92780500091612339019775390625">
        <ele>160.600006103515625</ele>
        <time>2025-10-04T18:45:28.000Z</time>
        <extensions>
          <ns3:TrackPointExtension>
            <ns3:hr>141</ns3:hr>
          </ns3:TrackPointExtension>
        </extensions>
      </trkpt>
      <trkpt lat="43.297486603260040283203125" lon="-79.9278258718550205230712890625">
        <ele>160.8000030517578125</ele>
        <time>2025-10-04T18:45:32.000Z</time>
        <extensions>
          <ns3:TrackPointExtension>
            <ns3:hr>139</ns3:hr>
          </ns3:TrackPointExtension>
        </extensions>
      </trkpt>
      <trkpt lat="43.29752909950911998748779296875" lon="-79.92784489877521991729736328125">
        <ele>161.1999969482421875</ele>
        <time>2025-10-04T18:45:36.000Z</time>
        <extensions>
          <ns3:TrackPointExtension>
            <ns3:hr>140</ns3:hr>
          </ns3:TrackPointExtension>
        </extensions>
      </trkpt>
      <trkpt lat="43.29760394990444183349609375" lon="-79.92794028483331203460693359375">
        <ele>161.600006103515625</ele>
        <time>2025-10-04T18:45:44.000Z</time>
        <extensions>
          <ns3:TrackPointExtension>
            <ns3:hr>141</ns3:hr>
          </ns3:TrackPointExtension>
        </extensions>
      </trkpt>
      <trkpt lat="43.29763211309909820556640625" lon="-79.92796878330409526824951171875">
        <ele>162</ele>
        <time>2025-10-04T18:45:47.000Z</time>
        <extensions>
          <ns3:TrackPointExtension>
            <ns3:hr>142</ns3:hr>
          </ns3:TrackPointExtension>
        </extensions>
      </trkpt>
      <trkpt lat="43.29770595766603946685791015625" lon="-79.9280210025608539581298828125">
        <ele>162.8000030517578125</ele>
        <time>2025-10-04T18:45:54.000Z</time>
        <extensions>
          <ns3:TrackPointExtension>
            <ns3:hr>141</ns3:hr>
          </ns3:TrackPointExtension>
        </extensions>
      </trkpt>
      <trkpt lat="43.297750465571880340576171875" lon="-79.92803785018622875213623046875">
        <ele>163</ele>
        <time>2025-10-04T18:45:58.000Z</time>
        <extensions>
          <ns3:TrackPointExtension>
            <ns3:hr>139</ns3:hr>
          </ns3:TrackPointExtension>
        </extensions>
      </trkpt>
      <trkpt lat="43.29779095016419887542724609375" lon="-79.9280910752713680267333984375">
        <ele>163.399993896484375</ele>
        <time>2025-10-04T18:46:03.000Z</time>
        <extensions>
          <ns3:TrackPointExtension>
            <ns3:hr>138</ns3:hr>
          </ns3:TrackPointExtension>
        </extensions>
      </trkpt>
      <trkpt lat="43.2978743501007556915283203125" lon="-79.928149245679378509521484375">
        <ele>163.8000030517578125</ele>
        <time>2025-10-04T18:46:11.000Z</time>
        <extensions>
          <ns3:TrackPointExtension>
            <ns3:hr>138</ns3:hr>
          </ns3:TrackPointExtension>
        </extensions>
      </trkpt>
      <trkpt lat="43.29791785217821598052978515625" lon="-79.9282322265207767486572265625">
        <ele>163.8000030517578125</ele>
        <time>2025-10-04T18:46:18.000Z</time>
        <extensions>
          <ns3:TrackPointExtension>
            <ns3:hr>135</ns3:hr>
          </ns3:TrackPointExtension>
        </extensions>
      </trkpt>
      <trkpt lat="43.29793914221227169036865234375" lon="-79.92828830145299434661865234375">
        <ele>164</ele>
        <time>2025-10-04T18:46:22.000Z</time>
        <extensions>
          <ns3:TrackPointExtension>
            <ns3:hr>134</ns3:hr>
          </ns3:TrackPointExtension>
        </extensions>
      </trkpt>
      <trkpt lat="43.29797551967203617095947265625" lon="-79.928355105221271514892578125">
        <ele>164.1999969482421875</ele>
        <time>2025-10-04T18:46:27.000Z</time>
        <extensions>
          <ns3:TrackPointExtension>
            <ns3:hr>132</ns3:hr>
          </ns3:TrackPointExtension>
        </extensions>
      </trkpt>
      <trkpt lat="43.29803084023296833038330078125" lon="-79.9284548498690128326416015625">
        <ele>164.8000030517578125</ele>
        <time>2025-10-04T18:46:35.000Z</time>
        <extensions>
          <ns3:TrackPointExtension>
            <ns3:hr>132</ns3:hr>
          </ns3:TrackPointExtension>
        </extensions>
      </trkpt>
      <trkpt lat="43.29805791378021240234375" lon="-79.92848259396851062774658203125">
        <ele>165</ele>
        <time>2025-10-04T18:46:38.000Z</time>
        <extensions>
          <ns3:TrackPointExtension>
            <ns3:hr>132</ns3:hr>
          </ns3:TrackPointExtension>
        </extensions>
      </trkpt>
      <trkpt lat="43.29808699898421764373779296875" lon="-79.928530789911746978759765625">
        <ele>165.399993896484375</ele>
        <time>2025-10-04T18:46:42.000Z</time>
        <extensions>
          <ns3:TrackPointExtension>
            <ns3:hr>132</ns3:hr>
          </ns3:TrackPointExtension>
        </extensions>
      </trkpt>
      <trkpt lat="43.29812069423496723175048828125" lon="-79.92864654399454593658447265625">
        <ele>166.1999969482421875</ele>
        <time>2025-10-04T18:46:50.000Z</time>
        <extensions>
          <ns3:TrackPointExtension>
            <ns3:hr>130</ns3:hr>
          </ns3:TrackPointExtension>
        </extensions>
      </trkpt>
      <trkpt lat="43.298159502446651458740234375" lon="-79.9287141859531402587890625">
        <ele>167</ele>
        <time>2025-10-04T18:46:56.000Z</time>
        <extensions>
          <ns3:TrackPointExtension>
            <ns3:hr>132</ns3:hr>
          </ns3:TrackPointExtension>
        </extensions>
      </trkpt>
      <trkpt lat="43.29816989600658416748046875" lon="-79.92874494753777980804443359375">
        <ele>167.1999969482421875</ele>
        <time>2025-10-04T18:46:58.000Z</time>
        <extensions>
          <ns3:TrackPointExtension>
            <ns3:hr>133</ns3:hr>
          </ns3:TrackPointExtension>
        </extensions>
      </trkpt>
      <trkpt lat="43.2981945388019084930419921875" lon="-79.9288447760045528411865234375">
        <ele>168</ele>
        <time>2025-10-04T18:47:04.000Z</time>
        <extensions>
          <ns3:TrackPointExtension>
            <ns3:hr>134</ns3:hr>
          </ns3:TrackPointExtension>
        </extensions>
      </trkpt>
      <trkpt lat="43.2982052676379680633544921875" lon="-79.9288724362850189208984375">
        <ele>168.1999969482421875</ele>
        <time>2025-10-04T18:47:06.000Z</time>
        <extensions>
          <ns3:TrackPointExtension>
            <ns3:hr>135</ns3:hr>
          </ns3:TrackPointExtension>
        </extensions>
      </trkpt>
      <trkpt lat="43.29820719547569751739501953125" lon="-79.92888794280588626861572265625">
        <ele>168.1999969482421875</ele>
        <time>2025-10-04T18:47:07.000Z</time>
        <extensions>
          <ns3:TrackPointExtension>
            <ns3:hr>135</ns3:hr>
          </ns3:TrackPointExtension>
        </extensions>
      </trkpt>
      <trkpt lat="43.298220522701740264892578125" lon="-79.9289547465741634368896484375">
        <ele>168.8000030517578125</ele>
        <time>2025-10-04T18:47:11.000Z</time>
        <extensions>
          <ns3:TrackPointExtension>
            <ns3:hr>136</ns3:hr>
          </ns3:TrackPointExtension>
        </extensions>
      </trkpt>
      <trkpt lat="43.2982443273067474365234375" lon="-79.929011575877666473388671875">
        <ele>169.1999969482421875</ele>
        <time>2025-10-04T18:47:15.000Z</time>
        <extensions>
          <ns3:TrackPointExtension>
            <ns3:hr>135</ns3:hr>
          </ns3:TrackPointExtension>
        </extensions>
      </trkpt>
      <trkpt lat="43.2982592470943927764892578125" lon="-79.9290704168379306793212890625">
        <ele>170.1999969482421875</ele>
        <time>2025-10-04T18:47:19.000Z</time>
        <extensions>
          <ns3:TrackPointExtension>
            <ns3:hr>134</ns3:hr>
          </ns3:TrackPointExtension>
        </extensions>
      </trkpt>
      <trkpt lat="43.29826201312243938446044921875" lon="-79.9290868453681468963623046875">
        <ele>170.399993896484375</ele>
        <time>2025-10-04T18:47:20.000Z</time>
        <extensions>
          <ns3:TrackPointExtension>
            <ns3:hr>135</ns3:hr>
          </ns3:TrackPointExtension>
        </extensions>
      </trkpt>
      <trkpt lat="43.2982823811471462249755859375" lon="-79.92919689975678920745849609375">
        <ele>171</ele>
        <time>2025-10-04T18:47:27.000Z</time>
        <extensions>
          <ns3:TrackPointExtension>
            <ns3:hr>137</ns3:hr>
          </ns3:TrackPointExtension>
        </extensions>
      </trkpt>
      <trkpt lat="43.2983028329908847808837890625" lon="-79.92925859056413173675537109375">
        <ele>171.600006103515625</ele>
        <time>2025-10-04T18:47:31.000Z</time>
        <extensions>
          <ns3:TrackPointExtension>
            <ns3:hr>138</ns3:hr>
          </ns3:TrackPointExtension>
        </extensions>
      </trkpt>
      <trkpt lat="43.2983194291591644287109375" lon="-79.9293594248592853546142578125">
        <ele>171.8000030517578125</ele>
        <time>2025-10-04T18:47:37.000Z</time>
        <extensions>
          <ns3:TrackPointExtension>
            <ns3:hr>140</ns3:hr>
          </ns3:TrackPointExtension>
        </extensions>
      </trkpt>
      <trkpt lat="43.2983185909688472747802734375" lon="-79.929483644664287567138671875">
        <ele>172.1999969482421875</ele>
        <time>2025-10-04T18:47:44.000Z</time>
        <extensions>
          <ns3:TrackPointExtension>
            <ns3:hr>140</ns3:hr>
          </ns3:TrackPointExtension>
        </extensions>
      </trkpt>
      <trkpt lat="43.29831968061625957489013671875" lon="-79.92952488362789154052734375">
        <ele>172.600006103515625</ele>
        <time>2025-10-04T18:47:46.000Z</time>
        <extensions>
          <ns3:TrackPointExtension>
            <ns3:hr>139</ns3:hr>
          </ns3:TrackPointExtension>
        </extensions>
      </trkpt>
      <trkpt lat="43.29833309166133403778076171875" lon="-79.929660670459270477294921875">
        <ele>173.1999969482421875</ele>
        <time>2025-10-04T18:47:53.000Z</time>
        <extensions>
          <ns3:TrackPointExtension>
            <ns3:hr>138</ns3:hr>
          </ns3:TrackPointExtension>
        </extensions>
      </trkpt>
      <trkpt lat="43.29834759235382080078125" lon="-79.92975630797445774078369140625">
        <ele>173.600006103515625</ele>
        <time>2025-10-04T18:47:59.000Z</time>
        <extensions>
          <ns3:TrackPointExtension>
            <ns3:hr>139</ns3:hr>
          </ns3:TrackPointExtension>
        </extensions>
      </trkpt>
      <trkpt lat="43.298353962600231170654296875" lon="-79.92978732101619243621826171875">
        <ele>174</ele>
        <time>2025-10-04T18:48:01.000Z</time>
        <extensions>
          <ns3:TrackPointExtension>
            <ns3:hr>140</ns3:hr>
          </ns3:TrackPointExtension>
        </extensions>
      </trkpt>
      <trkpt lat="43.29835639335215091705322265625" lon="-79.92987683974206447601318359375">
        <ele>174.600006103515625</ele>
        <time>2025-10-04T18:48:06.000Z</time>
        <extensions>
          <ns3:TrackPointExtension>
            <ns3:hr>139</ns3:hr>
          </ns3:TrackPointExtension>
        </extensions>
      </trkpt>
      <trkpt lat="43.2983544655144214630126953125" lon="-79.92993048392236232757568359375">
        <ele>175</ele>
        <time>2025-10-04T18:48:09.000Z</time>
        <extensions>
          <ns3:TrackPointExtension>
            <ns3:hr>138</ns3:hr>
          </ns3:TrackPointExtension>
        </extensions>
      </trkpt>
      <trkpt lat="43.298356644809246063232421875" lon="-79.93007381446659564971923828125">
        <ele>175.399993896484375</ele>
        <time>2025-10-04T18:48:17.000Z</time>
        <extensions>
          <ns3:TrackPointExtension>
            <ns3:hr>136</ns3:hr>
          </ns3:TrackPointExtension>
        </extensions>
      </trkpt>
      <trkpt lat="43.29836829565465450286865234375" lon="-79.93010348640382289886474609375">
        <ele>175.8000030517578125</ele>
        <time>2025-10-04T18:48:19.000Z</time>
        <extensions>
          <ns3:TrackPointExtension>
            <ns3:hr>136</ns3:hr>
          </ns3:TrackPointExtension>
        </extensions>
      </trkpt>
      <trkpt lat="43.29837935976684093475341796875" lon="-79.93016350083053112030029296875">
        <ele>176.399993896484375</ele>
        <time>2025-10-04T18:48:23.000Z</time>
        <extensions>
          <ns3:TrackPointExtension>
            <ns3:hr>135</ns3:hr>
          </ns3:TrackPointExtension>
        </extensions>
      </trkpt>
      <trkpt lat="43.298383466899394989013671875" lon="-79.9301920831203460693359375">
        <ele>176.8000030517578125</ele>
        <time>2025-10-04T18:48:25.000Z</time>
        <extensions>
          <ns3:TrackPointExtension>
            <ns3:hr>135</ns3:hr>
          </ns3:TrackPointExtension>
        </extensions>
      </trkpt>
      <trkpt lat="43.2984104566276073455810546875" lon="-79.93026240728795528411865234375">
        <ele>177.399993896484375</ele>
        <time>2025-10-04T18:48:30.000Z</time>
        <extensions>
          <ns3:TrackPointExtension>
            <ns3:hr>136</ns3:hr>
          </ns3:TrackPointExtension>
        </extensions>
      </trkpt>
      <trkpt lat="43.298413641750812530517578125" lon="-79.93029073812067508697509765625">
        <ele>177.600006103515625</ele>
        <time>2025-10-04T18:48:32.000Z</time>
        <extensions>
          <ns3:TrackPointExtension>
            <ns3:hr>136</ns3:hr>
          </ns3:TrackPointExtension>
        </extensions>
      </trkpt>
      <trkpt lat="43.298414312303066253662109375" lon="-79.9303437955677509307861328125">
        <ele>177.8000030517578125</ele>
        <time>2025-10-04T18:48:35.000Z</time>
        <extensions>
          <ns3:TrackPointExtension>
            <ns3:hr>137</ns3:hr>
          </ns3:TrackPointExtension>
        </extensions>
      </trkpt>
      <trkpt lat="43.2984181679785251617431640625" lon="-79.93036173284053802490234375">
        <ele>177.8000030517578125</ele>
        <time>2025-10-04T18:48:36.000Z</time>
        <extensions>
          <ns3:TrackPointExtension>
            <ns3:hr>137</ns3:hr>
          </ns3:TrackPointExtension>
        </extensions>
      </trkpt>
      <trkpt lat="43.29843987710773944854736328125" lon="-79.93046709336340427398681640625">
        <ele>178.8000030517578125</ele>
        <time>2025-10-04T18:48:43.000Z</time>
        <extensions>
          <ns3:TrackPointExtension>
            <ns3:hr>137</ns3:hr>
          </ns3:TrackPointExtension>
        </extensions>
      </trkpt>
      <trkpt lat="43.2984389550983905792236328125" lon="-79.93048436008393764495849609375">
        <ele>179.1999969482421875</ele>
        <time>2025-10-04T18:48:44.000Z</time>
        <extensions>
          <ns3:TrackPointExtension>
            <ns3:hr>137</ns3:hr>
          </ns3:TrackPointExtension>
        </extensions>
      </trkpt>
      <trkpt lat="43.2984454929828643798828125" lon="-79.9305902235209941864013671875">
        <ele>180</ele>
        <time>2025-10-04T18:48:50.000Z</time>
        <extensions>
          <ns3:TrackPointExtension>
            <ns3:hr>137</ns3:hr>
          </ns3:TrackPointExtension>
        </extensions>
      </trkpt>
      <trkpt lat="43.298447839915752410888671875" lon="-79.93060581386089324951171875">
        <ele>180</ele>
        <time>2025-10-04T18:48:51.000Z</time>
        <extensions>
          <ns3:TrackPointExtension>
            <ns3:hr>137</ns3:hr>
          </ns3:TrackPointExtension>
        </extensions>
      </trkpt>
      <trkpt lat="43.29845731146633625030517578125" lon="-79.930661804974079132080078125">
        <ele>180.600006103515625</ele>
        <time>2025-10-04T18:48:58.000Z</time>
        <extensions>
          <ns3:TrackPointExtension>
            <ns3:hr>138</ns3:hr>
          </ns3:TrackPointExtension>
        </extensions>
      </trkpt>
      <trkpt lat="43.2984684593975543975830078125" lon="-79.93071720935404300689697265625">
        <ele>181</ele>
        <time>2025-10-04T18:49:02.000Z</time>
        <extensions>
          <ns3:TrackPointExtension>
            <ns3:hr>136</ns3:hr>
          </ns3:TrackPointExtension>
        </extensions>
      </trkpt>
      <trkpt lat="43.29848706722259521484375" lon="-79.9307739548385143280029296875">
        <ele>181.399993896484375</ele>
        <time>2025-10-04T18:49:06.000Z</time>
        <extensions>
          <ns3:TrackPointExtension>
            <ns3:hr>136</ns3:hr>
          </ns3:TrackPointExtension>
        </extensions>
      </trkpt>
      <trkpt lat="43.2985120452940464019775390625" lon="-79.93091904558241367340087890625">
        <ele>182</ele>
        <time>2025-10-04T18:49:16.000Z</time>
        <extensions>
          <ns3:TrackPointExtension>
            <ns3:hr>138</ns3:hr>
          </ns3:TrackPointExtension>
        </extensions>
      </trkpt>
      <trkpt lat="43.298514895141124725341796875" lon="-79.930936396121978759765625">
        <ele>182</ele>
        <time>2025-10-04T18:49:17.000Z</time>
        <extensions>
          <ns3:TrackPointExtension>
            <ns3:hr>138</ns3:hr>
          </ns3:TrackPointExtension>
        </extensions>
      </trkpt>
      <trkpt lat="43.29851732589304447174072265625" lon="-79.93095156736671924591064453125">
        <ele>182</ele>
        <time>2025-10-04T18:49:18.000Z</time>
        <extensions>
          <ns3:TrackPointExtension>
            <ns3:hr>138</ns3:hr>
          </ns3:TrackPointExtension>
        </extensions>
      </trkpt>
      <trkpt lat="43.298536352813243865966796875" lon="-79.9310589395463466644287109375">
        <ele>182.399993896484375</ele>
        <time>2025-10-04T18:49:24.000Z</time>
        <extensions>
          <ns3:TrackPointExtension>
            <ns3:hr>140</ns3:hr>
          </ns3:TrackPointExtension>
        </extensions>
      </trkpt>
      <trkpt lat="43.2985502667725086212158203125" lon="-79.93114066310226917266845703125">
        <ele>183</ele>
        <time>2025-10-04T18:49:29.000Z</time>
        <extensions>
          <ns3:TrackPointExtension>
            <ns3:hr>138</ns3:hr>
          </ns3:TrackPointExtension>
        </extensions>
      </trkpt>
      <trkpt lat="43.2985606603324413299560546875" lon="-79.93120671249926090240478515625">
        <ele>183.399993896484375</ele>
        <time>2025-10-04T18:49:33.000Z</time>
        <extensions>
          <ns3:TrackPointExtension>
            <ns3:hr>137</ns3:hr>
          </ns3:TrackPointExtension>
        </extensions>
      </trkpt>
      <trkpt lat="43.29856342636048793792724609375" lon="-79.93128600530326366424560546875">
        <ele>183.8000030517578125</ele>
        <time>2025-10-04T18:49:37.000Z</time>
        <extensions>
          <ns3:TrackPointExtension>
            <ns3:hr>140</ns3:hr>
          </ns3:TrackPointExtension>
        </extensions>
      </trkpt>
      <trkpt lat="43.29854934476315975189208984375" lon="-79.93133269250392913818359375">
        <ele>184</ele>
        <time>2025-10-04T18:49:40.000Z</time>
        <extensions>
          <ns3:TrackPointExtension>
            <ns3:hr>140</ns3:hr>
          </ns3:TrackPointExtension>
        </extensions>
      </trkpt>
      <trkpt lat="43.29854381270706653594970703125" lon="-79.93134752847254276275634765625">
        <ele>184.1999969482421875</ele>
        <time>2025-10-04T18:49:41.000Z</time>
        <extensions>
          <ns3:TrackPointExtension>
            <ns3:hr>139</ns3:hr>
          </ns3:TrackPointExtension>
        </extensions>
      </trkpt>
      <trkpt lat="43.29853911884129047393798828125" lon="-79.9313610233366489410400390625">
        <ele>184.1999969482421875</ele>
        <time>2025-10-04T18:49:42.000Z</time>
        <extensions>
          <ns3:TrackPointExtension>
            <ns3:hr>138</ns3:hr>
          </ns3:TrackPointExtension>
        </extensions>
      </trkpt>
      <trkpt lat="43.29850709997117519378662109375" lon="-79.9315139092504978179931640625">
        <ele>185</ele>
        <time>2025-10-04T18:49:52.000Z</time>
        <extensions>
          <ns3:TrackPointExtension>
            <ns3:hr>136</ns3:hr>
          </ns3:TrackPointExtension>
        </extensions>
      </trkpt>
      <trkpt lat="43.2985086925327777862548828125" lon="-79.93156931363046169281005859375">
        <ele>185.1999969482421875</ele>
        <time>2025-10-04T18:49:55.000Z</time>
        <extensions>
          <ns3:TrackPointExtension>
            <ns3:hr>136</ns3:hr>
          </ns3:TrackPointExtension>
        </extensions>
      </trkpt>
      <trkpt lat="43.298491425812244415283203125" lon="-79.93166302330791950225830078125">
        <ele>185.8000030517578125</ele>
        <time>2025-10-04T18:50:03.000Z</time>
        <extensions>
          <ns3:TrackPointExtension>
            <ns3:hr>135</ns3:hr>
          </ns3:TrackPointExtension>
        </extensions>
      </trkpt>
      <trkpt lat="43.29849050380289554595947265625" lon="-79.9316024221479892730712890625">
        <ele>186</ele>
        <time>2025-10-04T18:50:10.000Z</time>
        <extensions>
          <ns3:TrackPointExtension>
            <ns3:hr>138</ns3:hr>
          </ns3:TrackPointExtension>
        </extensions>
      </trkpt>
      <trkpt lat="43.29848949797451496124267578125" lon="-79.93158607743680477142333984375">
        <ele>186</ele>
        <time>2025-10-04T18:50:11.000Z</time>
        <extensions>
          <ns3:TrackPointExtension>
            <ns3:hr>138</ns3:hr>
          </ns3:TrackPointExtension>
        </extensions>
      </trkpt>
      <trkpt lat="43.29848899506032466888427734375" lon="-79.93156663142144680023193359375">
        <ele>186</ele>
        <time>2025-10-04T18:50:12.000Z</time>
        <extensions>
          <ns3:TrackPointExtension>
            <ns3:hr>138</ns3:hr>
          </ns3:TrackPointExtension>
        </extensions>
      </trkpt>
      <trkpt lat="43.298486731946468353271484375" lon="-79.93151147849857807159423828125">
        <ele>186</ele>
        <time>2025-10-04T18:50:16.000Z</time>
        <extensions>
          <ns3:TrackPointExtension>
            <ns3:hr>135</ns3:hr>
          </ns3:TrackPointExtension>
        </extensions>
      </trkpt>
      <trkpt lat="43.2984694652259349822998046875" lon="-79.93150142021477222442626953125">
        <ele>185.600006103515625</ele>
        <time>2025-10-04T18:50:21.000Z</time>
        <extensions>
          <ns3:TrackPointExtension>
            <ns3:hr>134</ns3:hr>
          </ns3:TrackPointExtension>
        </extensions>
      </trkpt>
      <trkpt lat="43.29845848493278026580810546875" lon="-79.9315130710601806640625">
        <ele>185.399993896484375</ele>
        <time>2025-10-04T18:50:24.000Z</time>
        <extensions>
          <ns3:TrackPointExtension>
            <ns3:hr>137</ns3:hr>
          </ns3:TrackPointExtension>
        </extensions>
      </trkpt>
      <trkpt lat="43.2984387874603271484375" lon="-79.9315450899302959442138671875">
        <ele>183.8000030517578125</ele>
        <time>2025-10-04T18:50:29.000Z</time>
        <extensions>
          <ns3:TrackPointExtension>
            <ns3:hr>136</ns3:hr>
          </ns3:TrackPointExtension>
        </extensions>
      </trkpt>
      <trkpt lat="43.29843166284263134002685546875" lon="-79.93158104829490184783935546875">
        <ele>183.8000030517578125</ele>
        <time>2025-10-04T18:50:32.000Z</time>
        <extensions>
          <ns3:TrackPointExtension>
            <ns3:hr>138</ns3:hr>
          </ns3:TrackPointExtension>
        </extensions>
      </trkpt>
      <trkpt lat="43.2984292320907115936279296875" lon="-79.93159529753029346466064453125">
        <ele>183.8000030517578125</ele>
        <time>2025-10-04T18:50:33.000Z</time>
        <extensions>
          <ns3:TrackPointExtension>
            <ns3:hr>135</ns3:hr>
          </ns3:TrackPointExtension>
        </extensions>
      </trkpt>
      <trkpt lat="43.29841624014079570770263671875" lon="-79.931651540100574493408203125">
        <ele>183.8000030517578125</ele>
        <time>2025-10-04T18:50:37.000Z</time>
        <extensions>
          <ns3:TrackPointExtension>
            <ns3:hr>138</ns3:hr>
          </ns3:TrackPointExtension>
        </extensions>
      </trkpt>
      <trkpt lat="43.29841070808470249176025390625" lon="-79.93166520260274410247802734375">
        <ele>183.8000030517578125</ele>
        <time>2025-10-04T18:50:38.000Z</time>
        <extensions>
          <ns3:TrackPointExtension>
            <ns3:hr>137</ns3:hr>
          </ns3:TrackPointExtension>
        </extensions>
      </trkpt>
      <trkpt lat="43.298382461071014404296875" lon="-79.9317653663456439971923828125">
        <ele>183.8000030517578125</ele>
        <time>2025-10-04T18:50:45.000Z</time>
        <extensions>
          <ns3:TrackPointExtension>
            <ns3:hr>135</ns3:hr>
          </ns3:TrackPointExtension>
        </extensions>
      </trkpt>
      <trkpt lat="43.2983655296266078948974609375" lon="-79.93180132471024990081787109375">
        <ele>183.8000030517578125</ele>
        <time>2025-10-04T18:50:48.000Z</time>
        <extensions>
          <ns3:TrackPointExtension>
            <ns3:hr>132</ns3:hr>
          </ns3:TrackPointExtension>
        </extensions>
      </trkpt>
      <trkpt lat="43.298361338675022125244140625" lon="-79.93182043544948101043701171875">
        <ele>183.8000030517578125</ele>
        <time>2025-10-04T18:50:50.000Z</time>
        <extensions>
          <ns3:TrackPointExtension>
            <ns3:hr>129</ns3:hr>
          </ns3:TrackPointExtension>
        </extensions>
      </trkpt>
      <trkpt lat="43.298350609838962554931640625" lon="-79.931852035224437713623046875">
        <ele>183.8000030517578125</ele>
        <time>2025-10-04T18:50:53.000Z</time>
        <extensions>
          <ns3:TrackPointExtension>
            <ns3:hr>125</ns3:hr>
          </ns3:TrackPointExtension>
        </extensions>
      </trkpt>
      <trkpt lat="43.2983403839170932769775390625" lon="-79.9319048412144184112548828125">
        <ele>183.8000030517578125</ele>
        <time>2025-10-04T18:50:59.000Z</time>
        <extensions>
          <ns3:TrackPointExtension>
            <ns3:hr>124</ns3:hr>
          </ns3:TrackPointExtension>
        </extensions>
      </trkpt>
      <trkpt lat="43.29831280745565891265869140625" lon="-79.9319638498127460479736328125">
        <ele>183.8000030517578125</ele>
        <time>2025-10-04T18:51:12.000Z</time>
        <extensions>
          <ns3:TrackPointExtension>
            <ns3:hr>122</ns3:hr>
          </ns3:TrackPointExtension>
        </extensions>
      </trkpt>
      <trkpt lat="43.2982391305267810821533203125" lon="-79.93207725696265697479248046875">
        <ele>183.8000030517578125</ele>
        <time>2025-10-04T18:51:24.000Z</time>
        <extensions>
          <ns3:TrackPointExtension>
            <ns3:hr>123</ns3:hr>
          </ns3:TrackPointExtension>
        </extensions>
      </trkpt>
      <trkpt lat="43.29821222461760044097900390625" lon="-79.93209821172058582305908203125">
        <ele>183.8000030517578125</ele>
        <time>2025-10-04T18:51:27.000Z</time>
        <extensions>
          <ns3:TrackPointExtension>
            <ns3:hr>120</ns3:hr>
          </ns3:TrackPointExtension>
        </extensions>
      </trkpt>
      <trkpt lat="43.29819344915449619293212890625" lon="-79.932120926678180694580078125">
        <ele>183.8000030517578125</ele>
        <time>2025-10-04T18:51:29.000Z</time>
        <extensions>
          <ns3:TrackPointExtension>
            <ns3:hr>119</ns3:hr>
          </ns3:TrackPointExtension>
        </extensions>
      </trkpt>
      <trkpt lat="43.2981848157942295074462890625" lon="-79.932127632200717926025390625">
        <ele>179.8000030517578125</ele>
        <time>2025-10-04T18:51:30.000Z</time>
        <extensions>
          <ns3:TrackPointExtension>
            <ns3:hr>121</ns3:hr>
          </ns3:TrackPointExtension>
        </extensions>
      </trkpt>
      <trkpt lat="43.2981489412486553192138671875" lon="-79.93216543458402156829833984375">
        <ele>179.600006103515625</ele>
        <time>2025-10-04T18:51:35.000Z</time>
        <extensions>
          <ns3:TrackPointExtension>
            <ns3:hr>124</ns3:hr>
          </ns3:TrackPointExtension>
        </extensions>
      </trkpt>
      <trkpt lat="43.29812605865299701690673828125" lon="-79.93220575153827667236328125">
        <ele>178.8000030517578125</ele>
        <time>2025-10-04T18:51:39.000Z</time>
        <extensions>
          <ns3:TrackPointExtension>
            <ns3:hr>123</ns3:hr>
          </ns3:TrackPointExtension>
        </extensions>
      </trkpt>
      <trkpt lat="43.2981009967625141143798828125" lon="-79.932227544486522674560546875">
        <ele>178.600006103515625</ele>
        <time>2025-10-04T18:51:42.000Z</time>
        <extensions>
          <ns3:TrackPointExtension>
            <ns3:hr>122</ns3:hr>
          </ns3:TrackPointExtension>
        </extensions>
      </trkpt>
      <trkpt lat="43.298034109175205230712890625" lon="-79.93223886005580425262451171875">
        <ele>178.399993896484375</ele>
        <time>2025-10-04T18:51:47.000Z</time>
        <extensions>
          <ns3:TrackPointExtension>
            <ns3:hr>125</ns3:hr>
          </ns3:TrackPointExtension>
        </extensions>
      </trkpt>
      <trkpt lat="43.29802178777754306793212890625" lon="-79.93223567493259906768798828125">
        <ele>178.600006103515625</ele>
        <time>2025-10-04T18:51:48.000Z</time>
        <extensions>
          <ns3:TrackPointExtension>
            <ns3:hr>122</ns3:hr>
          </ns3:TrackPointExtension>
        </extensions>
      </trkpt>
      <trkpt lat="43.29798876307904720306396484375" lon="-79.93222813121974468231201171875">
        <ele>178.600006103515625</ele>
        <time>2025-10-04T18:51:51.000Z</time>
        <extensions>
          <ns3:TrackPointExtension>
            <ns3:hr>119</ns3:hr>
          </ns3:TrackPointExtension>
        </extensions>
      </trkpt>
      <trkpt lat="43.29798172228038311004638671875" lon="-79.93222645483911037445068359375">
        <ele>178.600006103515625</ele>
        <time>2025-10-04T18:51:52.000Z</time>
        <extensions>
          <ns3:TrackPointExtension>
            <ns3:hr>118</ns3:hr>
          </ns3:TrackPointExtension>
        </extensions>
      </trkpt>
      <trkpt lat="43.2979662157595157623291015625" lon="-79.93222125805914402008056640625">
        <ele>178.399993896484375</ele>
        <time>2025-10-04T18:51:54.000Z</time>
        <extensions>
          <ns3:TrackPointExtension>
            <ns3:hr>115</ns3:hr>
          </ns3:TrackPointExtension>
        </extensions>
      </trkpt>
      <trkpt lat="43.29788985662162303924560546875" lon="-79.9321482516825199127197265625">
        <ele>177.600006103515625</ele>
        <time>2025-10-04T18:52:03.000Z</time>
        <extensions>
          <ns3:TrackPointExtension>
            <ns3:hr>115</ns3:hr>
          </ns3:TrackPointExtension>
        </extensions>
      </trkpt>
      <trkpt lat="43.29787711612880229949951171875" lon="-79.9321301467716693878173828125">
        <ele>177.600006103515625</ele>
        <time>2025-10-04T18:52:05.000Z</time>
        <extensions>
          <ns3:TrackPointExtension>
            <ns3:hr>116</ns3:hr>
          </ns3:TrackPointExtension>
        </extensions>
      </trkpt>
      <trkpt lat="43.2978471927344799041748046875" lon="-79.932044483721256256103515625">
        <ele>177.1999969482421875</ele>
        <time>2025-10-04T18:52:12.000Z</time>
        <extensions>
          <ns3:TrackPointExtension>
            <ns3:hr>119</ns3:hr>
          </ns3:TrackPointExtension>
        </extensions>
      </trkpt>
      <trkpt lat="43.29782665707170963287353515625" lon="-79.9319873191416263580322265625">
        <ele>176.8000030517578125</ele>
        <time>2025-10-04T18:52:17.000Z</time>
        <extensions>
          <ns3:TrackPointExtension>
            <ns3:hr>119</ns3:hr>
          </ns3:TrackPointExtension>
        </extensions>
      </trkpt>
      <trkpt lat="43.2977999188005924224853515625" lon="-79.93194960057735443115234375">
        <ele>176.600006103515625</ele>
        <time>2025-10-04T18:52:21.000Z</time>
        <extensions>
          <ns3:TrackPointExtension>
            <ns3:hr>119</ns3:hr>
          </ns3:TrackPointExtension>
        </extensions>
      </trkpt>
      <trkpt lat="43.29775457270443439483642578125" lon="-79.9318981356918811798095703125">
        <ele>176.399993896484375</ele>
        <time>2025-10-04T18:52:26.000Z</time>
        <extensions>
          <ns3:TrackPointExtension>
            <ns3:hr>118</ns3:hr>
          </ns3:TrackPointExtension>
        </extensions>
      </trkpt>
      <trkpt lat="43.29773697070777416229248046875" lon="-79.93187240324914455413818359375">
        <ele>176.399993896484375</ele>
        <time>2025-10-04T18:52:29.000Z</time>
        <extensions>
          <ns3:TrackPointExtension>
            <ns3:hr>117</ns3:hr>
          </ns3:TrackPointExtension>
        </extensions>
      </trkpt>
      <trkpt lat="43.29770394600927829742431640625" lon="-79.93182529695332050323486328125">
        <ele>176</ele>
        <time>2025-10-04T18:52:34.000Z</time>
        <extensions>
          <ns3:TrackPointExtension>
            <ns3:hr>113</ns3:hr>
          </ns3:TrackPointExtension>
        </extensions>
      </trkpt>
      <trkpt lat="43.29768215306103229522705078125" lon="-79.9317911826074123382568359375">
        <ele>175.600006103515625</ele>
        <time>2025-10-04T18:52:37.000Z</time>
        <extensions>
          <ns3:TrackPointExtension>
            <ns3:hr>117</ns3:hr>
          </ns3:TrackPointExtension>
        </extensions>
      </trkpt>
      <trkpt lat="43.29766656272113323211669921875" lon="-79.93177592754364013671875">
        <ele>175.399993896484375</ele>
        <time>2025-10-04T18:52:39.000Z</time>
        <extensions>
          <ns3:TrackPointExtension>
            <ns3:hr>119</ns3:hr>
          </ns3:TrackPointExtension>
        </extensions>
      </trkpt>
      <trkpt lat="43.2976356334984302520751953125" lon="-79.931743405759334564208984375">
        <ele>174.600006103515625</ele>
        <time>2025-10-04T18:52:43.000Z</time>
        <extensions>
          <ns3:TrackPointExtension>
            <ns3:hr>117</ns3:hr>
          </ns3:TrackPointExtension>
        </extensions>
      </trkpt>
      <trkpt lat="43.297612331807613372802734375" lon="-79.931708537042140960693359375">
        <ele>174.399993896484375</ele>
        <time>2025-10-04T18:52:48.000Z</time>
        <extensions>
          <ns3:TrackPointExtension>
            <ns3:hr>118</ns3:hr>
          </ns3:TrackPointExtension>
        </extensions>
      </trkpt>
      <trkpt lat="43.29759179614484310150146484375" lon="-79.9316946230828762054443359375">
        <ele>174</ele>
        <time>2025-10-04T18:52:51.000Z</time>
        <extensions>
          <ns3:TrackPointExtension>
            <ns3:hr>115</ns3:hr>
          </ns3:TrackPointExtension>
        </extensions>
      </trkpt>
      <trkpt lat="43.29755969345569610595703125" lon="-79.93166260421276092529296875">
        <ele>173.1999969482421875</ele>
        <time>2025-10-04T18:52:56.000Z</time>
        <extensions>
          <ns3:TrackPointExtension>
            <ns3:hr>115</ns3:hr>
          </ns3:TrackPointExtension>
        </extensions>
      </trkpt>
      <trkpt lat="43.297545276582241058349609375" lon="-79.931648857891559600830078125">
        <ele>172.8000030517578125</ele>
        <time>2025-10-04T18:52:58.000Z</time>
        <extensions>
          <ns3:TrackPointExtension>
            <ns3:hr>115</ns3:hr>
          </ns3:TrackPointExtension>
        </extensions>
      </trkpt>
      <trkpt lat="43.29751686193048954010009765625" lon="-79.93162572383880615234375">
        <ele>172.399993896484375</ele>
        <time>2025-10-04T18:53:01.000Z</time>
        <extensions>
          <ns3:TrackPointExtension>
            <ns3:hr>118</ns3:hr>
          </ns3:TrackPointExtension>
        </extensions>
      </trkpt>
      <trkpt lat="43.29750395379960536956787109375" lon="-79.93161357007920742034912109375">
        <ele>172.1999969482421875</ele>
        <time>2025-10-04T18:53:02.000Z</time>
        <extensions>
          <ns3:TrackPointExtension>
            <ns3:hr>118</ns3:hr>
          </ns3:TrackPointExtension>
        </extensions>
      </trkpt>
      <trkpt lat="43.29748417250812053680419921875" lon="-79.93157149292528629302978515625">
        <ele>171.8000030517578125</ele>
        <time>2025-10-04T18:53:07.000Z</time>
        <extensions>
          <ns3:TrackPointExtension>
            <ns3:hr>115</ns3:hr>
          </ns3:TrackPointExtension>
        </extensions>
      </trkpt>
      <trkpt lat="43.29747880809009075164794921875" lon="-79.93153846822679042816162109375">
        <ele>171.8000030517578125</ele>
        <time>2025-10-04T18:53:10.000Z</time>
        <extensions>
          <ns3:TrackPointExtension>
            <ns3:hr>116</ns3:hr>
          </ns3:TrackPointExtension>
        </extensions>
      </trkpt>
      <trkpt lat="43.297464810311794281005859375" lon="-79.9313965626060962677001953125">
        <ele>171.8000030517578125</ele>
        <time>2025-10-04T18:53:20.000Z</time>
        <extensions>
          <ns3:TrackPointExtension>
            <ns3:hr>118</ns3:hr>
          </ns3:TrackPointExtension>
        </extensions>
      </trkpt>
      <trkpt lat="43.29746874980628490447998046875" lon="-79.931357167661190032958984375">
        <ele>171.8000030517578125</ele>
        <time>2025-10-04T18:53:23.000Z</time>
        <extensions>
          <ns3:TrackPointExtension>
            <ns3:hr>118</ns3:hr>
          </ns3:TrackPointExtension>
        </extensions>
      </trkpt>
      <trkpt lat="43.29753261990845203399658203125" lon="-79.9311648868024349212646484375">
        <ele>171.1999969482421875</ele>
        <time>2025-10-04T18:53:36.000Z</time>
        <extensions>
          <ns3:TrackPointExtension>
            <ns3:hr>118</ns3:hr>
          </ns3:TrackPointExtension>
        </extensions>
      </trkpt>
      <trkpt lat="43.29751401208341121673583984375" lon="-79.9310676567256450653076171875">
        <ele>170.600006103515625</ele>
        <time>2025-10-04T18:53:44.000Z</time>
        <extensions>
          <ns3:TrackPointExtension>
            <ns3:hr>115</ns3:hr>
          </ns3:TrackPointExtension>
        </extensions>
      </trkpt>
      <trkpt lat="43.29747847281396389007568359375" lon="-79.931034632027149200439453125">
        <ele>170.399993896484375</ele>
        <time>2025-10-04T18:53:47.000Z</time>
        <extensions>
          <ns3:TrackPointExtension>
            <ns3:hr>117</ns3:hr>
          </ns3:TrackPointExtension>
        </extensions>
      </trkpt>
      <trkpt lat="43.29746589995920658111572265625" lon="-79.931023232638835906982421875">
        <ele>170.1999969482421875</ele>
        <time>2025-10-04T18:53:48.000Z</time>
        <extensions>
          <ns3:TrackPointExtension>
            <ns3:hr>118</ns3:hr>
          </ns3:TrackPointExtension>
        </extensions>
      </trkpt>
      <trkpt lat="43.2974477112293243408203125" lon="-79.9310026131570339202880859375">
        <ele>170.1999969482421875</ele>
        <time>2025-10-04T18:53:50.000Z</time>
        <extensions>
          <ns3:TrackPointExtension>
            <ns3:hr>116</ns3:hr>
          </ns3:TrackPointExtension>
        </extensions>
      </trkpt>
      <trkpt lat="43.29743170179426670074462890625" lon="-79.93098056875169277191162109375">
        <ele>169.600006103515625</ele>
        <time>2025-10-04T18:53:52.000Z</time>
        <extensions>
          <ns3:TrackPointExtension>
            <ns3:hr>119</ns3:hr>
          </ns3:TrackPointExtension>
        </extensions>
      </trkpt>
      <trkpt lat="43.297370262444019317626953125" lon="-79.93090848438441753387451171875">
        <ele>169</ele>
        <time>2025-10-04T18:53:59.000Z</time>
        <extensions>
          <ns3:TrackPointExtension>
            <ns3:hr>118</ns3:hr>
          </ns3:TrackPointExtension>
        </extensions>
      </trkpt>
      <trkpt lat="43.297341428697109222412109375" lon="-79.9308840930461883544921875">
        <ele>168.399993896484375</ele>
        <time>2025-10-04T18:54:02.000Z</time>
        <extensions>
          <ns3:TrackPointExtension>
            <ns3:hr>121</ns3:hr>
          </ns3:TrackPointExtension>
        </extensions>
      </trkpt>
      <trkpt lat="43.2973241619765758514404296875" lon="-79.930866323411464691162109375">
        <ele>168.399993896484375</ele>
        <time>2025-10-04T18:54:04.000Z</time>
        <extensions>
          <ns3:TrackPointExtension>
            <ns3:hr>119</ns3:hr>
          </ns3:TrackPointExtension>
        </extensions>
      </trkpt>
      <trkpt lat="43.29730479978024959564208984375" lon="-79.93084763176739215850830078125">
        <ele>168</ele>
        <time>2025-10-04T18:54:06.000Z</time>
        <extensions>
          <ns3:TrackPointExtension>
            <ns3:hr>118</ns3:hr>
          </ns3:TrackPointExtension>
        </extensions>
      </trkpt>
      <trkpt lat="43.29729557968676090240478515625" lon="-79.93083673529326915740966796875">
        <ele>168</ele>
        <time>2025-10-04T18:54:07.000Z</time>
        <extensions>
          <ns3:TrackPointExtension>
            <ns3:hr>117</ns3:hr>
          </ns3:TrackPointExtension>
        </extensions>
      </trkpt>
      <trkpt lat="43.2972829230129718780517578125" lon="-79.930823408067226409912109375">
        <ele>167.8000030517578125</ele>
        <time>2025-10-04T18:54:09.000Z</time>
        <extensions>
          <ns3:TrackPointExtension>
            <ns3:hr>120</ns3:hr>
          </ns3:TrackPointExtension>
        </extensions>
      </trkpt>
      <trkpt lat="43.2972004450857639312744140625" lon="-79.9307689256966114044189453125">
        <ele>166.8000030517578125</ele>
        <time>2025-10-04T18:54:17.000Z</time>
        <extensions>
          <ns3:TrackPointExtension>
            <ns3:hr>118</ns3:hr>
          </ns3:TrackPointExtension>
        </extensions>
      </trkpt>
      <trkpt lat="43.29718678258359432220458984375" lon="-79.930760376155376434326171875">
        <ele>166.8000030517578125</ele>
        <time>2025-10-04T18:54:18.000Z</time>
        <extensions>
          <ns3:TrackPointExtension>
            <ns3:hr>117</ns3:hr>
          </ns3:TrackPointExtension>
        </extensions>
      </trkpt>
      <trkpt lat="43.29709072597324848175048828125" lon="-79.93069441057741641998291015625">
        <ele>166.399993896484375</ele>
        <time>2025-10-04T18:54:25.000Z</time>
        <extensions>
          <ns3:TrackPointExtension>
            <ns3:hr>114</ns3:hr>
          </ns3:TrackPointExtension>
        </extensions>
      </trkpt>
      <trkpt lat="43.29704127274453639984130859375" lon="-79.93067161180078983306884765625">
        <ele>166.1999969482421875</ele>
        <time>2025-10-04T18:54:29.000Z</time>
        <extensions>
          <ns3:TrackPointExtension>
            <ns3:hr>111</ns3:hr>
          </ns3:TrackPointExtension>
        </extensions>
      </trkpt>
      <trkpt lat="43.2969890534877777099609375" lon="-79.93063129484653472900390625">
        <ele>166.1999969482421875</ele>
        <time>2025-10-04T18:54:33.000Z</time>
        <extensions>
          <ns3:TrackPointExtension>
            <ns3:hr>108</ns3:hr>
          </ns3:TrackPointExtension>
        </extensions>
      </trkpt>
      <trkpt lat="43.29689894802868366241455078125" lon="-79.93058167397975921630859375">
        <ele>166.1999969482421875</ele>
        <time>2025-10-04T18:54:39.000Z</time>
        <extensions>
          <ns3:TrackPointExtension>
            <ns3:hr>111</ns3:hr>
          </ns3:TrackPointExtension>
        </extensions>
      </trkpt>
      <trkpt lat="43.296826444566249847412109375" lon="-79.9305235035717487335205078125">
        <ele>166</ele>
        <time>2025-10-04T18:54:46.000Z</time>
        <extensions>
          <ns3:TrackPointExtension>
            <ns3:hr>113</ns3:hr>
          </ns3:TrackPointExtension>
        </extensions>
      </trkpt>
      <trkpt lat="43.29681881703436374664306640625" lon="-79.93051721714437007904052734375">
        <ele>165.8000030517578125</ele>
        <time>2025-10-04T18:54:47.000Z</time>
        <extensions>
          <ns3:TrackPointExtension>
            <ns3:hr>116</ns3:hr>
          </ns3:TrackPointExtension>
        </extensions>
      </trkpt>
      <trkpt lat="43.296741954982280731201171875" lon="-79.93040372617542743682861328125">
        <ele>164.8000030517578125</ele>
        <time>2025-10-04T18:54:57.000Z</time>
        <extensions>
          <ns3:TrackPointExtension>
            <ns3:hr>119</ns3:hr>
          </ns3:TrackPointExtension>
        </extensions>
      </trkpt>
      <trkpt lat="43.2967317290604114532470703125" lon="-79.9303863756358623504638671875">
        <ele>164.399993896484375</ele>
        <time>2025-10-04T18:54:58.000Z</time>
        <extensions>
          <ns3:TrackPointExtension>
            <ns3:hr>120</ns3:hr>
          </ns3:TrackPointExtension>
        </extensions>
      </trkpt>
      <trkpt lat="43.2967233471572399139404296875" lon="-79.930370114743709564208984375">
        <ele>164.1999969482421875</ele>
        <time>2025-10-04T18:54:59.000Z</time>
        <extensions>
          <ns3:TrackPointExtension>
            <ns3:hr>120</ns3:hr>
          </ns3:TrackPointExtension>
        </extensions>
      </trkpt>
      <trkpt lat="43.29670297913253307342529296875" lon="-79.9303186498582363128662109375">
        <ele>163.8000030517578125</ele>
        <time>2025-10-04T18:55:02.000Z</time>
        <extensions>
          <ns3:TrackPointExtension>
            <ns3:hr>118</ns3:hr>
          </ns3:TrackPointExtension>
        </extensions>
      </trkpt>
      <trkpt lat="43.296633325517177581787109375" lon="-79.9302717112004756927490234375">
        <ele>163</ele>
        <time>2025-10-04T18:55:10.000Z</time>
        <extensions>
          <ns3:TrackPointExtension>
            <ns3:hr>121</ns3:hr>
          </ns3:TrackPointExtension>
        </extensions>
      </trkpt>
      <trkpt lat="43.29661346040666103363037109375" lon="-79.9302589707076549530029296875">
        <ele>162.8000030517578125</ele>
        <time>2025-10-04T18:55:12.000Z</time>
        <extensions>
          <ns3:TrackPointExtension>
            <ns3:hr>120</ns3:hr>
          </ns3:TrackPointExtension>
        </extensions>
      </trkpt>
      <trkpt lat="43.2965922541916370391845703125" lon="-79.930253438651561737060546875">
        <ele>162.600006103515625</ele>
        <time>2025-10-04T18:55:14.000Z</time>
        <extensions>
          <ns3:TrackPointExtension>
            <ns3:hr>122</ns3:hr>
          </ns3:TrackPointExtension>
        </extensions>
      </trkpt>
      <trkpt lat="43.29652595333755016326904296875" lon="-79.9302103556692600250244140625">
        <ele>161.600006103515625</ele>
        <time>2025-10-04T18:55:21.000Z</time>
        <extensions>
          <ns3:TrackPointExtension>
            <ns3:hr>121</ns3:hr>
          </ns3:TrackPointExtension>
        </extensions>
      </trkpt>
      <trkpt lat="43.296465016901493072509765625" lon="-79.93020214140415191650390625">
        <ele>161.1999969482421875</ele>
        <time>2025-10-04T18:55:25.000Z</time>
        <extensions>
          <ns3:TrackPointExtension>
            <ns3:hr>121</ns3:hr>
          </ns3:TrackPointExtension>
        </extensions>
      </trkpt>
      <trkpt lat="43.2964152283966541290283203125" lon="-79.93020884692668914794921875">
        <ele>161.1999969482421875</ele>
        <time>2025-10-04T18:55:28.000Z</time>
        <extensions>
          <ns3:TrackPointExtension>
            <ns3:hr>121</ns3:hr>
          </ns3:TrackPointExtension>
        </extensions>
      </trkpt>
      <trkpt lat="43.2963788509368896484375" lon="-79.9302086792886257171630859375">
        <ele>161.1999969482421875</ele>
        <time>2025-10-04T18:55:31.000Z</time>
        <extensions>
          <ns3:TrackPointExtension>
            <ns3:hr>125</ns3:hr>
          </ns3:TrackPointExtension>
        </extensions>
      </trkpt>
      <trkpt lat="43.29629863612353801727294921875" lon="-79.93019954301416873931884765625">
        <ele>161.1999969482421875</ele>
        <time>2025-10-04T18:55:38.000Z</time>
        <extensions>
          <ns3:TrackPointExtension>
            <ns3:hr>122</ns3:hr>
          </ns3:TrackPointExtension>
        </extensions>
      </trkpt>
      <trkpt lat="43.29627357423305511474609375" lon="-79.93018881417810916900634765625">
        <ele>161.1999969482421875</ele>
        <time>2025-10-04T18:55:40.000Z</time>
        <extensions>
          <ns3:TrackPointExtension>
            <ns3:hr>119</ns3:hr>
          </ns3:TrackPointExtension>
        </extensions>
      </trkpt>
      <trkpt lat="43.29624147154390811920166015625" lon="-79.930182360112667083740234375">
        <ele>161.1999969482421875</ele>
        <time>2025-10-04T18:55:43.000Z</time>
        <extensions>
          <ns3:TrackPointExtension>
            <ns3:hr>118</ns3:hr>
          </ns3:TrackPointExtension>
        </extensions>
      </trkpt>
      <trkpt lat="43.29611758701503276824951171875" lon="-79.93017909117043018341064453125">
        <ele>160.600006103515625</ele>
        <time>2025-10-04T18:55:54.000Z</time>
        <extensions>
          <ns3:TrackPointExtension>
            <ns3:hr>118</ns3:hr>
          </ns3:TrackPointExtension>
        </extensions>
      </trkpt>
      <trkpt lat="43.29601851291954517364501953125" lon="-79.9301530234515666961669921875">
        <ele>160.399993896484375</ele>
        <time>2025-10-04T18:56:01.000Z</time>
        <extensions>
          <ns3:TrackPointExtension>
            <ns3:hr>117</ns3:hr>
          </ns3:TrackPointExtension>
        </extensions>
      </trkpt>
      <trkpt lat="43.29585087485611438751220703125" lon="-79.93020742200314998626708984375">
        <ele>160.600006103515625</ele>
        <time>2025-10-04T18:56:16.000Z</time>
        <extensions>
          <ns3:TrackPointExtension>
            <ns3:hr>118</ns3:hr>
          </ns3:TrackPointExtension>
        </extensions>
      </trkpt>
      <trkpt lat="43.29576068557798862457275390625" lon="-79.93024379946291446685791015625">
        <ele>160.1999969482421875</ele>
        <time>2025-10-04T18:56:24.000Z</time>
        <extensions>
          <ns3:TrackPointExtension>
            <ns3:hr>115</ns3:hr>
          </ns3:TrackPointExtension>
        </extensions>
      </trkpt>
      <trkpt lat="43.295681476593017578125" lon="-79.93028772063553333282470703125">
        <ele>160</ele>
        <time>2025-10-04T18:56:31.000Z</time>
        <extensions>
          <ns3:TrackPointExtension>
            <ns3:hr>114</ns3:hr>
          </ns3:TrackPointExtension>
        </extensions>
      </trkpt>
      <trkpt lat="43.29565155319869518280029296875" lon="-79.9303022213280200958251953125">
        <ele>160</ele>
        <time>2025-10-04T18:56:34.000Z</time>
        <extensions>
          <ns3:TrackPointExtension>
            <ns3:hr>111</ns3:hr>
          </ns3:TrackPointExtension>
        </extensions>
      </trkpt>
      <trkpt lat="43.29557024873793125152587890625" lon="-79.93037237785756587982177734375">
        <ele>161.600006103515625</ele>
        <time>2025-10-04T18:56:43.000Z</time>
        <extensions>
          <ns3:TrackPointExtension>
            <ns3:hr>111</ns3:hr>
          </ns3:TrackPointExtension>
        </extensions>
      </trkpt>
      <trkpt lat="43.29555608332157135009765625" lon="-79.9304024688899517059326171875">
        <ele>161.8000030517578125</ele>
        <time>2025-10-04T18:56:45.000Z</time>
        <extensions>
          <ns3:TrackPointExtension>
            <ns3:hr>114</ns3:hr>
          </ns3:TrackPointExtension>
        </extensions>
      </trkpt>
      <trkpt lat="43.29552666284143924713134765625" lon="-79.93045133538544178009033203125">
        <ele>162</ele>
        <time>2025-10-04T18:56:49.000Z</time>
        <extensions>
          <ns3:TrackPointExtension>
            <ns3:hr>111</ns3:hr>
          </ns3:TrackPointExtension>
        </extensions>
      </trkpt>
      <trkpt lat="43.29547301866114139556884765625" lon="-79.93055677972733974456787109375">
        <ele>161.1999969482421875</ele>
        <time>2025-10-04T18:56:57.000Z</time>
        <extensions>
          <ns3:TrackPointExtension>
            <ns3:hr>114</ns3:hr>
          </ns3:TrackPointExtension>
        </extensions>
      </trkpt>
      <trkpt lat="43.2954521477222442626953125" lon="-79.93057630956172943115234375">
        <ele>161</ele>
        <time>2025-10-04T18:56:59.000Z</time>
        <extensions>
          <ns3:TrackPointExtension>
            <ns3:hr>116</ns3:hr>
          </ns3:TrackPointExtension>
        </extensions>
      </trkpt>
      <trkpt lat="43.295423649251461029052734375" lon="-79.93060992099344730377197265625">
        <ele>161</ele>
        <time>2025-10-04T18:57:03.000Z</time>
        <extensions>
          <ns3:TrackPointExtension>
            <ns3:hr>119</ns3:hr>
          </ns3:TrackPointExtension>
        </extensions>
      </trkpt>
      <trkpt lat="43.29540998674929141998291015625" lon="-79.93064068257808685302734375">
        <ele>161</ele>
        <time>2025-10-04T18:57:07.000Z</time>
        <extensions>
          <ns3:TrackPointExtension>
            <ns3:hr>116</ns3:hr>
          </ns3:TrackPointExtension>
        </extensions>
      </trkpt>
      <trkpt lat="43.295387439429759979248046875" lon="-79.93069055490195751190185546875">
        <ele>161.8000030517578125</ele>
        <time>2025-10-04T18:57:12.000Z</time>
        <extensions>
          <ns3:TrackPointExtension>
            <ns3:hr>117</ns3:hr>
          </ns3:TrackPointExtension>
        </extensions>
      </trkpt>
      <trkpt lat="43.295359946787357330322265625" lon="-79.93076783604919910430908203125">
        <ele>162.1999969482421875</ele>
        <time>2025-10-04T18:57:18.000Z</time>
        <extensions>
          <ns3:TrackPointExtension>
            <ns3:hr>112</ns3:hr>
          </ns3:TrackPointExtension>
        </extensions>
      </trkpt>
      <trkpt lat="43.29535759985446929931640625" lon="-79.93078879080712795257568359375">
        <ele>162.1999969482421875</ele>
        <time>2025-10-04T18:57:19.000Z</time>
        <extensions>
          <ns3:TrackPointExtension>
            <ns3:hr>110</ns3:hr>
          </ns3:TrackPointExtension>
        </extensions>
      </trkpt>
      <trkpt lat="43.29535181634128093719482421875" lon="-79.93089105002582073211669921875">
        <ele>162</ele>
        <time>2025-10-04T18:57:25.000Z</time>
        <extensions>
          <ns3:TrackPointExtension>
            <ns3:hr>106</ns3:hr>
          </ns3:TrackPointExtension>
        </extensions>
      </trkpt>
      <trkpt lat="43.295347876846790313720703125" lon="-79.93090814910829067230224609375">
        <ele>162</ele>
        <time>2025-10-04T18:57:26.000Z</time>
        <extensions>
          <ns3:TrackPointExtension>
            <ns3:hr>107</ns3:hr>
          </ns3:TrackPointExtension>
        </extensions>
      </trkpt>
      <trkpt lat="43.2953363098204135894775390625" lon="-79.93094787932932376861572265625">
        <ele>161.8000030517578125</ele>
        <time>2025-10-04T18:57:29.000Z</time>
        <extensions>
          <ns3:TrackPointExtension>
            <ns3:hr>110</ns3:hr>
          </ns3:TrackPointExtension>
        </extensions>
      </trkpt>
      <trkpt lat="43.29529632814228534698486328125" lon="-79.9311021901667118072509765625">
        <ele>162.1999969482421875</ele>
        <time>2025-10-04T18:57:40.000Z</time>
        <extensions>
          <ns3:TrackPointExtension>
            <ns3:hr>112</ns3:hr>
          </ns3:TrackPointExtension>
        </extensions>
      </trkpt>
      <trkpt lat="43.2952830009162425994873046875" lon="-79.93111618794500827789306640625">
        <ele>162.600006103515625</ele>
        <time>2025-10-04T18:57:42.000Z</time>
        <extensions>
          <ns3:TrackPointExtension>
            <ns3:hr>112</ns3:hr>
          </ns3:TrackPointExtension>
        </extensions>
      </trkpt>
      <trkpt lat="43.29524704255163669586181640625" lon="-79.9311390705406665802001953125">
        <ele>163.600006103515625</ele>
        <time>2025-10-04T18:57:47.000Z</time>
        <extensions>
          <ns3:TrackPointExtension>
            <ns3:hr>112</ns3:hr>
          </ns3:TrackPointExtension>
        </extensions>
      </trkpt>
      <trkpt lat="43.2952249981462955474853515625" lon="-79.93117335252463817596435546875">
        <ele>164.600006103515625</ele>
        <time>2025-10-04T18:57:51.000Z</time>
        <extensions>
          <ns3:TrackPointExtension>
            <ns3:hr>109</ns3:hr>
          </ns3:TrackPointExtension>
        </extensions>
      </trkpt>
      <trkpt lat="43.2952186278998851776123046875" lon="-79.9311762861907482147216796875">
        <ele>164.8000030517578125</ele>
        <time>2025-10-04T18:57:52.000Z</time>
        <extensions>
          <ns3:TrackPointExtension>
            <ns3:hr>106</ns3:hr>
          </ns3:TrackPointExtension>
        </extensions>
      </trkpt>
      <trkpt lat="43.29520932398736476898193359375" lon="-79.9311813153326511383056640625">
        <ele>165</ele>
        <time>2025-10-04T18:57:54.000Z</time>
        <extensions>
          <ns3:TrackPointExtension>
            <ns3:hr>102</ns3:hr>
          </ns3:TrackPointExtension>
        </extensions>
      </trkpt>
      <trkpt lat="43.29516171477735042572021484375" lon="-79.93126387707889080047607421875">
        <ele>165.399993896484375</ele>
        <time>2025-10-04T18:58:03.000Z</time>
        <extensions>
          <ns3:TrackPointExtension>
            <ns3:hr>103</ns3:hr>
          </ns3:TrackPointExtension>
        </extensions>
      </trkpt>
      <trkpt lat="43.29514176584780216217041015625" lon="-79.931296147406101226806640625">
        <ele>165.8000030517578125</ele>
        <time>2025-10-04T18:58:08.000Z</time>
        <extensions>
          <ns3:TrackPointExtension>
            <ns3:hr>102</ns3:hr>
          </ns3:TrackPointExtension>
        </extensions>
      </trkpt>
      <trkpt lat="43.2951343059539794921875" lon="-79.93130779825150966644287109375">
        <ele>165.8000030517578125</ele>
        <time>2025-10-04T18:58:10.000Z</time>
        <extensions>
          <ns3:TrackPointExtension>
            <ns3:hr>99</ns3:hr>
          </ns3:TrackPointExtension>
        </extensions>
      </trkpt>
      <trkpt lat="43.2951307855546474456787109375" lon="-79.9313067086040973663330078125">
        <ele>166.1999969482421875</ele>
        <time>2025-10-04T18:58:11.000Z</time>
        <extensions>
          <ns3:TrackPointExtension>
            <ns3:hr>102</ns3:hr>
          </ns3:TrackPointExtension>
        </extensions>
      </trkpt>
      <trkpt lat="43.2950942404568195343017578125" lon="-79.93129380047321319580078125">
        <ele>166.600006103515625</ele>
        <time>2025-10-04T18:58:16.000Z</time>
        <extensions>
          <ns3:TrackPointExtension>
            <ns3:hr>102</ns3:hr>
          </ns3:TrackPointExtension>
        </extensions>
      </trkpt>
      <trkpt lat="43.2950855232775211334228515625" lon="-79.93128265254199504852294921875">
        <ele>166.8000030517578125</ele>
        <time>2025-10-04T18:58:18.000Z</time>
        <extensions>
          <ns3:TrackPointExtension>
            <ns3:hr>104</ns3:hr>
          </ns3:TrackPointExtension>
        </extensions>
      </trkpt>
      <trkpt lat="43.2950868643820285797119140625" lon="-79.93126940913498401641845703125">
        <ele>167</ele>
        <time>2025-10-04T18:58:25.000Z</time>
        <extensions>
          <ns3:TrackPointExtension>
            <ns3:hr>105</ns3:hr>
          </ns3:TrackPointExtension>
        </extensions>
      </trkpt>
      <trkpt lat="43.29507789574563503265380859375" lon="-79.93127343244850635528564453125">
        <ele>167</ele>
        <time>2025-10-04T18:58:29.000Z</time>
        <extensions>
          <ns3:TrackPointExtension>
            <ns3:hr>102</ns3:hr>
          </ns3:TrackPointExtension>
        </extensions>
      </trkpt>
      <trkpt lat="43.2950754649937152862548828125" lon="-79.931289441883563995361328125">
        <ele>167</ele>
        <time>2025-10-04T18:58:32.000Z</time>
        <extensions>
          <ns3:TrackPointExtension>
            <ns3:hr>105</ns3:hr>
          </ns3:TrackPointExtension>
        </extensions>
      </trkpt>
      <trkpt lat="43.2950489781796932220458984375" lon="-79.931267313659191131591796875">
        <ele>167.1999969482421875</ele>
        <time>2025-10-04T18:58:42.000Z</time>
        <extensions>
          <ns3:TrackPointExtension>
            <ns3:hr>106</ns3:hr>
          </ns3:TrackPointExtension>
        </extensions>
      </trkpt>
      <trkpt lat="43.2950533367693424224853515625" lon="-79.9312624521553516387939453125">
        <ele>167.1999969482421875</ele>
        <time>2025-10-04T18:58:44.000Z</time>
        <extensions>
          <ns3:TrackPointExtension>
            <ns3:hr>109</ns3:hr>
          </ns3:TrackPointExtension>
        </extensions>
      </trkpt>
      <trkpt lat="43.29506197012960910797119140625" lon="-79.931265302002429962158203125">
        <ele>167.1999969482421875</ele>
        <time>2025-10-04T18:58:50.000Z</time>
        <extensions>
          <ns3:TrackPointExtension>
            <ns3:hr>112</ns3:hr>
          </ns3:TrackPointExtension>
        </extensions>
      </trkpt>
      <trkpt lat="43.2950540073215961456298828125" lon="-79.93126672692596912384033203125">
        <ele>167</ele>
        <time>2025-10-04T18:58:53.000Z</time>
        <extensions>
          <ns3:TrackPointExtension>
            <ns3:hr>118</ns3:hr>
          </ns3:TrackPointExtension>
        </extensions>
      </trkpt>
      <trkpt lat="43.295050822198390960693359375" lon="-79.93126697838306427001953125">
        <ele>167</ele>
        <time>2025-10-04T18:58:54.000Z</time>
        <extensions>
          <ns3:TrackPointExtension>
            <ns3:hr>117</ns3:hr>
          </ns3:TrackPointExtension>
        </extensions>
      </trkpt>
      <trkpt lat="43.29504453577101230621337890625" lon="-79.93126488290727138519287109375">
        <ele>167</ele>
        <time>2025-10-04T18:58:56.000Z</time>
        <extensions>
          <ns3:TrackPointExtension>
            <ns3:hr>121</ns3:hr>
          </ns3:TrackPointExtension>
        </extensions>
      </trkpt>
      <trkpt lat="43.2950412668287754058837890625" lon="-79.93126220069825649261474609375">
        <ele>167</ele>
        <time>2025-10-04T18:58:57.000Z</time>
        <extensions>
          <ns3:TrackPointExtension>
            <ns3:hr>124</ns3:hr>
          </ns3:TrackPointExtension>
        </extensions>
      </trkpt>
      <trkpt lat="43.29504386521875858306884765625" lon="-79.93126085959374904632568359375">
        <ele>167.1999969482421875</ele>
        <time>2025-10-04T18:58:59.000Z</time>
        <extensions>
          <ns3:TrackPointExtension>
            <ns3:hr>128</ns3:hr>
          </ns3:TrackPointExtension>
        </extensions>
      </trkpt>
      <trkpt lat="43.29504906199872493743896484375" lon="-79.93125650100409984588623046875">
        <ele>167.1999969482421875</ele>
        <time>2025-10-04T18:59:01.000Z</time>
        <extensions>
          <ns3:TrackPointExtension>
            <ns3:hr>131</ns3:hr>
          </ns3:TrackPointExtension>
        </extensions>
      </trkpt>
      <trkpt lat="43.29509834758937358856201171875" lon="-79.93125214241445064544677734375">
        <ele>167.1999969482421875</ele>
        <time>2025-10-04T18:59:11.000Z</time>
        <extensions>
          <ns3:TrackPointExtension>
            <ns3:hr>131</ns3:hr>
          </ns3:TrackPointExtension>
        </extensions>
      </trkpt>
      <trkpt lat="43.29509885050356388092041015625" lon="-79.9312916211783885955810546875">
        <ele>167.1999969482421875</ele>
        <time>2025-10-04T18:59:16.000Z</time>
        <extensions>
          <ns3:TrackPointExtension>
            <ns3:hr>135</ns3:hr>
          </ns3:TrackPointExtension>
        </extensions>
      </trkpt>
      <trkpt lat="43.29509608447551727294921875" lon="-79.9313057027757167816162109375">
        <ele>167.1999969482421875</ele>
        <time>2025-10-04T18:59:18.000Z</time>
        <extensions>
          <ns3:TrackPointExtension>
            <ns3:hr>138</ns3:hr>
          </ns3:TrackPointExtension>
        </extensions>
      </trkpt>
      <trkpt lat="43.29508611001074314117431640625" lon="-79.931327998638153076171875">
        <ele>167.1999969482421875</ele>
        <time>2025-10-04T18:59:21.000Z</time>
        <extensions>
          <ns3:TrackPointExtension>
            <ns3:hr>140</ns3:hr>
          </ns3:TrackPointExtension>
        </extensions>
      </trkpt>
      <trkpt lat="43.29507487826049327850341796875" lon="-79.9313507974147796630859375">
        <ele>167.399993896484375</ele>
        <time>2025-10-04T18:59:23.000Z</time>
        <extensions>
          <ns3:TrackPointExtension>
            <ns3:hr>143</ns3:hr>
          </ns3:TrackPointExtension>
        </extensions>
      </trkpt>
      <trkpt lat="43.2950627245008945465087890625" lon="-79.931381642818450927734375">
        <ele>167.8000030517578125</ele>
        <time>2025-10-04T18:59:26.000Z</time>
        <extensions>
          <ns3:TrackPointExtension>
            <ns3:hr>144</ns3:hr>
          </ns3:TrackPointExtension>
        </extensions>
      </trkpt>
      <trkpt lat="43.29504378139972686767578125" lon="-79.93146034888923168182373046875">
        <ele>169</ele>
        <time>2025-10-04T18:59:32.000Z</time>
        <extensions>
          <ns3:TrackPointExtension>
            <ns3:hr>141</ns3:hr>
          </ns3:TrackPointExtension>
        </extensions>
      </trkpt>
      <trkpt lat="43.2950285263359546661376953125" lon="-79.93148155510425567626953125">
        <ele>169</ele>
        <time>2025-10-04T18:59:34.000Z</time>
        <extensions>
          <ns3:TrackPointExtension>
            <ns3:hr>140</ns3:hr>
          </ns3:TrackPointExtension>
        </extensions>
      </trkpt>
      <trkpt lat="43.29501788131892681121826171875" lon="-79.93149898946285247802734375">
        <ele>169.600006103515625</ele>
        <time>2025-10-04T18:59:36.000Z</time>
        <extensions>
          <ns3:TrackPointExtension>
            <ns3:hr>136</ns3:hr>
          </ns3:TrackPointExtension>
        </extensions>
      </trkpt>
      <trkpt lat="43.2950104214251041412353515625" lon="-79.93151516653597354888916015625">
        <ele>169.600006103515625</ele>
        <time>2025-10-04T18:59:38.000Z</time>
        <extensions>
          <ns3:TrackPointExtension>
            <ns3:hr>133</ns3:hr>
          </ns3:TrackPointExtension>
        </extensions>
      </trkpt>
      <trkpt lat="43.295005224645137786865234375" lon="-79.93152312934398651123046875">
        <ele>169.8000030517578125</ele>
        <time>2025-10-04T18:59:39.000Z</time>
        <extensions>
          <ns3:TrackPointExtension>
            <ns3:hr>124</ns3:hr>
          </ns3:TrackPointExtension>
        </extensions>
      </trkpt>
      <trkpt lat="43.2950023747980594635009765625" lon="-79.93153176270425319671630859375">
        <ele>170.1999969482421875</ele>
        <time>2025-10-04T18:59:40.000Z</time>
        <extensions>
          <ns3:TrackPointExtension>
            <ns3:hr>122</ns3:hr>
          </ns3:TrackPointExtension>
        </extensions>
      </trkpt>
      <trkpt lat="43.29499810002744197845458984375" lon="-79.9315548129379749298095703125">
        <ele>171.1999969482421875</ele>
        <time>2025-10-04T18:59:45.000Z</time>
        <extensions>
          <ns3:TrackPointExtension>
            <ns3:hr>124</ns3:hr>
          </ns3:TrackPointExtension>
        </extensions>
      </trkpt>
      <trkpt lat="43.29499793238937854766845703125" lon="-79.93159127421677112579345703125">
        <ele>172.1999969482421875</ele>
        <time>2025-10-04T18:59:49.000Z</time>
        <extensions>
          <ns3:TrackPointExtension>
            <ns3:hr>127</ns3:hr>
          </ns3:TrackPointExtension>
        </extensions>
      </trkpt>
      <trkpt lat="43.2949990220367908477783203125" lon="-79.93159915320575237274169921875">
        <ele>172.399993896484375</ele>
        <time>2025-10-04T18:59:50.000Z</time>
        <extensions>
          <ns3:TrackPointExtension>
            <ns3:hr>128</ns3:hr>
          </ns3:TrackPointExtension>
        </extensions>
      </trkpt>
      <trkpt lat="43.29499910585582256317138671875" lon="-79.9316094629466533660888671875">
        <ele>172.399993896484375</ele>
        <time>2025-10-04T18:59:51.000Z</time>
        <extensions>
          <ns3:TrackPointExtension>
            <ns3:hr>128</ns3:hr>
          </ns3:TrackPointExtension>
        </extensions>
      </trkpt>
      <trkpt lat="43.29500363208353519439697265625" lon="-79.93164257146418094635009765625">
        <ele>173.600006103515625</ele>
        <time>2025-10-04T18:59:55.000Z</time>
        <extensions>
          <ns3:TrackPointExtension>
            <ns3:hr>126</ns3:hr>
          </ns3:TrackPointExtension>
        </extensions>
      </trkpt>
      <trkpt lat="43.2949988543987274169921875" lon="-79.93167593143880367279052734375">
        <ele>174.399993896484375</ele>
        <time>2025-10-04T18:59:59.000Z</time>
        <extensions>
          <ns3:TrackPointExtension>
            <ns3:hr>129</ns3:hr>
          </ns3:TrackPointExtension>
        </extensions>
      </trkpt>
      <trkpt lat="43.29499407671391963958740234375" lon="-79.93170510046184062957763671875">
        <ele>174.600006103515625</ele>
        <time>2025-10-04T19:00:01.000Z</time>
        <extensions>
          <ns3:TrackPointExtension>
            <ns3:hr>132</ns3:hr>
          </ns3:TrackPointExtension>
        </extensions>
      </trkpt>
      <trkpt lat="43.294988460838794708251953125" lon="-79.9317276477813720703125">
        <ele>175.1999969482421875</ele>
        <time>2025-10-04T19:00:03.000Z</time>
        <extensions>
          <ns3:TrackPointExtension>
            <ns3:hr>135</ns3:hr>
          </ns3:TrackPointExtension>
        </extensions>
      </trkpt>
      <trkpt lat="43.2949748821556568145751953125" lon="-79.93175153620541095733642578125">
        <ele>175.600006103515625</ele>
        <time>2025-10-04T19:00:06.000Z</time>
        <extensions>
          <ns3:TrackPointExtension>
            <ns3:hr>137</ns3:hr>
          </ns3:TrackPointExtension>
        </extensions>
      </trkpt>
      <trkpt lat="43.29497362487018108367919921875" lon="-79.93175958283245563507080078125">
        <ele>175.8000030517578125</ele>
        <time>2025-10-04T19:00:07.000Z</time>
        <extensions>
          <ns3:TrackPointExtension>
            <ns3:hr>137</ns3:hr>
          </ns3:TrackPointExtension>
        </extensions>
      </trkpt>
      <trkpt lat="43.29498343169689178466796875" lon="-79.93181322701275348663330078125">
        <ele>176.8000030517578125</ele>
        <time>2025-10-04T19:00:14.000Z</time>
        <extensions>
          <ns3:TrackPointExtension>
            <ns3:hr>139</ns3:hr>
          </ns3:TrackPointExtension>
        </extensions>
      </trkpt>
      <trkpt lat="43.29499416053295135498046875" lon="-79.9318230338394641876220703125">
        <ele>177.399993896484375</ele>
        <time>2025-10-04T19:00:17.000Z</time>
        <extensions>
          <ns3:TrackPointExtension>
            <ns3:hr>142</ns3:hr>
          </ns3:TrackPointExtension>
        </extensions>
      </trkpt>
      <trkpt lat="43.29499407671391963958740234375" lon="-79.93182730861008167266845703125">
        <ele>177.600006103515625</ele>
        <time>2025-10-04T19:00:18.000Z</time>
        <extensions>
          <ns3:TrackPointExtension>
            <ns3:hr>141</ns3:hr>
          </ns3:TrackPointExtension>
        </extensions>
      </trkpt>
      <trkpt lat="43.29499684274196624755859375" lon="-79.9318340979516506195068359375">
        <ele>178</ele>
        <time>2025-10-04T19:00:19.000Z</time>
        <extensions>
          <ns3:TrackPointExtension>
            <ns3:hr>141</ns3:hr>
          </ns3:TrackPointExtension>
        </extensions>
      </trkpt>
      <trkpt lat="43.29500849358737468719482421875" lon="-79.93185438215732574462890625">
        <ele>178.8000030517578125</ele>
        <time>2025-10-04T19:00:23.000Z</time>
        <extensions>
          <ns3:TrackPointExtension>
            <ns3:hr>144</ns3:hr>
          </ns3:TrackPointExtension>
        </extensions>
      </trkpt>
      <trkpt lat="43.29500966705381870269775390625" lon="-79.93186620064079761505126953125">
        <ele>179</ele>
        <time>2025-10-04T19:00:24.000Z</time>
        <extensions>
          <ns3:TrackPointExtension>
            <ns3:hr>145</ns3:hr>
          </ns3:TrackPointExtension>
        </extensions>
      </trkpt>
      <trkpt lat="43.295002542436122894287109375" lon="-79.9318853951990604400634765625">
        <ele>179.600006103515625</ele>
        <time>2025-10-04T19:00:28.000Z</time>
        <extensions>
          <ns3:TrackPointExtension>
            <ns3:hr>148</ns3:hr>
          </ns3:TrackPointExtension>
        </extensions>
      </trkpt>
      <trkpt lat="43.29499005340039730072021484375" lon="-79.93189587257802486419677734375">
        <ele>180.1999969482421875</ele>
        <time>2025-10-04T19:00:31.000Z</time>
        <extensions>
          <ns3:TrackPointExtension>
            <ns3:hr>149</ns3:hr>
          </ns3:TrackPointExtension>
        </extensions>
      </trkpt>
      <trkpt lat="43.29497513361275196075439453125" lon="-79.93191900663077831268310546875">
        <ele>181.1999969482421875</ele>
        <time>2025-10-04T19:00:37.000Z</time>
        <extensions>
          <ns3:TrackPointExtension>
            <ns3:hr>148</ns3:hr>
          </ns3:TrackPointExtension>
        </extensions>
      </trkpt>
      <trkpt lat="43.29500765539705753326416015625" lon="-79.9319148994982242584228515625">
        <ele>182.1999969482421875</ele>
        <time>2025-10-04T19:00:44.000Z</time>
        <extensions>
          <ns3:TrackPointExtension>
            <ns3:hr>148</ns3:hr>
          </ns3:TrackPointExtension>
        </extensions>
      </trkpt>
      <trkpt lat="43.29501251690089702606201171875" lon="-79.931920431554317474365234375">
        <ele>182.399993896484375</ele>
        <time>2025-10-04T19:00:45.000Z</time>
        <extensions>
          <ns3:TrackPointExtension>
            <ns3:hr>148</ns3:hr>
          </ns3:TrackPointExtension>
        </extensions>
      </trkpt>
      <trkpt lat="43.2950325496494770050048828125" lon="-79.9319916777312755584716796875">
        <ele>182.600006103515625</ele>
        <time>2025-10-04T19:01:01.000Z</time>
        <extensions>
          <ns3:TrackPointExtension>
            <ns3:hr>151</ns3:hr>
          </ns3:TrackPointExtension>
        </extensions>
      </trkpt>
      <trkpt lat="43.29503347165882587432861328125" lon="-79.93200550787150859832763671875">
        <ele>182.600006103515625</ele>
        <time>2025-10-04T19:01:04.000Z</time>
        <extensions>
          <ns3:TrackPointExtension>
            <ns3:hr>153</ns3:hr>
          </ns3:TrackPointExtension>
        </extensions>
      </trkpt>
      <trkpt lat="43.29503397457301616668701171875" lon="-79.93200098164379596710205078125">
        <ele>182.600006103515625</ele>
        <time>2025-10-04T19:01:21.000Z</time>
        <extensions>
          <ns3:TrackPointExtension>
            <ns3:hr>153</ns3:hr>
          </ns3:TrackPointExtension>
        </extensions>
      </trkpt>
      <trkpt lat="43.29504688270390033721923828125" lon="-79.93199829943478107452392578125">
        <ele>182.600006103515625</ele>
        <time>2025-10-04T19:01:26.000Z</time>
        <extensions>
          <ns3:TrackPointExtension>
            <ns3:hr>150</ns3:hr>
          </ns3:TrackPointExtension>
        </extensions>
      </trkpt>
      <trkpt lat="43.295042775571346282958984375" lon="-79.93199360556900501251220703125">
        <ele>182.600006103515625</ele>
        <time>2025-10-04T19:01:31.000Z</time>
        <extensions>
          <ns3:TrackPointExtension>
            <ns3:hr>147</ns3:hr>
          </ns3:TrackPointExtension>
        </extensions>
      </trkpt>
      <trkpt lat="43.29504554159939289093017578125" lon="-79.931986816227436065673828125">
        <ele>182.8000030517578125</ele>
        <time>2025-10-04T19:01:34.000Z</time>
        <extensions>
          <ns3:TrackPointExtension>
            <ns3:hr>144</ns3:hr>
          </ns3:TrackPointExtension>
        </extensions>
      </trkpt>
      <trkpt lat="43.2950167916715145111083984375" lon="-79.93197935633361339569091796875">
        <ele>182.8000030517578125</ele>
        <time>2025-10-04T19:01:36.000Z</time>
        <extensions>
          <ns3:TrackPointExtension>
            <ns3:hr>143</ns3:hr>
          </ns3:TrackPointExtension>
        </extensions>
      </trkpt>
      <trkpt lat="43.29498343169689178466796875" lon="-79.93198170326650142669677734375">
        <ele>182.8000030517578125</ele>
        <time>2025-10-04T19:01:40.000Z</time>
        <extensions>
          <ns3:TrackPointExtension>
            <ns3:hr>140</ns3:hr>
          </ns3:TrackPointExtension>
        </extensions>
      </trkpt>
      <trkpt lat="43.294957615435123443603515625" lon="-79.93198044598102569580078125">
        <ele>183</ele>
        <time>2025-10-04T19:01:47.000Z</time>
        <extensions>
          <ns3:TrackPointExtension>
            <ns3:hr>140</ns3:hr>
          </ns3:TrackPointExtension>
        </extensions>
      </trkpt>
      <trkpt lat="43.29494931735098361968994140625" lon="-79.93197767995297908782958984375">
        <ele>183.399993896484375</ele>
        <time>2025-10-04T19:01:49.000Z</time>
        <extensions>
          <ns3:TrackPointExtension>
            <ns3:hr>142</ns3:hr>
          </ns3:TrackPointExtension>
        </extensions>
      </trkpt>
      <trkpt lat="43.2949416898190975189208984375" lon="-79.9319893307983875274658203125">
        <ele>183.8000030517578125</ele>
        <time>2025-10-04T19:01:52.000Z</time>
        <extensions>
          <ns3:TrackPointExtension>
            <ns3:hr>137</ns3:hr>
          </ns3:TrackPointExtension>
        </extensions>
      </trkpt>
      <trkpt lat="43.29494076780974864959716796875" lon="-79.93199394084513187408447265625">
        <ele>184.399993896484375</ele>
        <time>2025-10-04T19:01:54.000Z</time>
        <extensions>
          <ns3:TrackPointExtension>
            <ns3:hr>138</ns3:hr>
          </ns3:TrackPointExtension>
        </extensions>
      </trkpt>
      <trkpt lat="43.294938169419765472412109375" lon="-79.9319977127015590667724609375">
        <ele>184.600006103515625</ele>
        <time>2025-10-04T19:01:55.000Z</time>
        <extensions>
          <ns3:TrackPointExtension>
            <ns3:hr>132</ns3:hr>
          </ns3:TrackPointExtension>
        </extensions>
      </trkpt>
      <trkpt lat="43.2949259318411350250244140625" lon="-79.93201523087918758392333984375">
        <ele>185.600006103515625</ele>
        <time>2025-10-04T19:01:59.000Z</time>
        <extensions>
          <ns3:TrackPointExtension>
            <ns3:hr>130</ns3:hr>
          </ns3:TrackPointExtension>
        </extensions>
      </trkpt>
      <trkpt lat="43.294923417270183563232421875" lon="-79.93202797137200832366943359375">
        <ele>185.8000030517578125</ele>
        <time>2025-10-04T19:02:00.000Z</time>
        <extensions>
          <ns3:TrackPointExtension>
            <ns3:hr>131</ns3:hr>
          </ns3:TrackPointExtension>
        </extensions>
      </trkpt>
      <trkpt lat="43.294901959598064422607421875" lon="-79.93207658641040325164794921875">
        <ele>186.600006103515625</ele>
        <time>2025-10-04T19:02:06.000Z</time>
        <extensions>
          <ns3:TrackPointExtension>
            <ns3:hr>133</ns3:hr>
          </ns3:TrackPointExtension>
        </extensions>
      </trkpt>
      <trkpt lat="43.29489198513329029083251953125" lon="-79.9320889078080654144287109375">
        <ele>187.399993896484375</ele>
        <time>2025-10-04T19:02:09.000Z</time>
        <extensions>
          <ns3:TrackPointExtension>
            <ns3:hr>136</ns3:hr>
          </ns3:TrackPointExtension>
        </extensions>
      </trkpt>
      <trkpt lat="43.29487974755465984344482421875" lon="-79.93208094500005245208740234375">
        <ele>188</ele>
        <time>2025-10-04T19:02:13.000Z</time>
        <extensions>
          <ns3:TrackPointExtension>
            <ns3:hr>138</ns3:hr>
          </ns3:TrackPointExtension>
        </extensions>
      </trkpt>
      <trkpt lat="43.29488175921142101287841796875" lon="-79.9320728145539760589599609375">
        <ele>189</ele>
        <time>2025-10-04T19:02:19.000Z</time>
        <extensions>
          <ns3:TrackPointExtension>
            <ns3:hr>139</ns3:hr>
          </ns3:TrackPointExtension>
        </extensions>
      </trkpt>
      <trkpt lat="43.29487991519272327423095703125" lon="-79.9320708028972148895263671875">
        <ele>189</ele>
        <time>2025-10-04T19:02:23.000Z</time>
        <extensions>
          <ns3:TrackPointExtension>
            <ns3:hr>142</ns3:hr>
          </ns3:TrackPointExtension>
        </extensions>
      </trkpt>
      <trkpt lat="43.29487212002277374267578125" lon="-79.9320708028972148895263671875">
        <ele>189</ele>
        <time>2025-10-04T19:02:28.000Z</time>
        <extensions>
          <ns3:TrackPointExtension>
            <ns3:hr>145</ns3:hr>
          </ns3:TrackPointExtension>
        </extensions>
      </trkpt>
      <trkpt lat="43.2948910631239414215087890625" lon="-79.93205781094729900360107421875">
        <ele>189</ele>
        <time>2025-10-04T19:02:35.000Z</time>
        <extensions>
          <ns3:TrackPointExtension>
            <ns3:hr>148</ns3:hr>
          </ns3:TrackPointExtension>
        </extensions>
      </trkpt>
      <trkpt lat="43.29491847194731235504150390625" lon="-79.93205479346215724945068359375">
        <ele>189</ele>
        <time>2025-10-04T19:02:38.000Z</time>
        <extensions>
          <ns3:TrackPointExtension>
            <ns3:hr>151</ns3:hr>
          </ns3:TrackPointExtension>
        </extensions>
      </trkpt>
      <trkpt lat="43.29492232762277126312255859375" lon="-79.932057559490203857421875">
        <ele>189</ele>
        <time>2025-10-04T19:02:39.000Z</time>
        <extensions>
          <ns3:TrackPointExtension>
            <ns3:hr>149</ns3:hr>
          </ns3:TrackPointExtension>
        </extensions>
      </trkpt>
      <trkpt lat="43.294941522181034088134765625" lon="-79.932085387408733367919921875">
        <ele>189</ele>
        <time>2025-10-04T19:02:54.000Z</time>
        <extensions>
          <ns3:TrackPointExtension>
            <ns3:hr>146</ns3:hr>
          </ns3:TrackPointExtension>
        </extensions>
      </trkpt>
      <trkpt lat="43.29494143836200237274169921875" lon="-79.932090751826763153076171875">
        <ele>189</ele>
        <time>2025-10-04T19:02:55.000Z</time>
        <extensions>
          <ns3:TrackPointExtension>
            <ns3:hr>146</ns3:hr>
          </ns3:TrackPointExtension>
        </extensions>
      </trkpt>
      <trkpt lat="43.29490254633128643035888671875" lon="-79.93211665190756320953369140625">
        <ele>190</ele>
        <time>2025-10-04T19:03:04.000Z</time>
        <extensions>
          <ns3:TrackPointExtension>
            <ns3:hr>146</ns3:hr>
          </ns3:TrackPointExtension>
        </extensions>
      </trkpt>
      <trkpt lat="43.29489667899906635284423828125" lon="-79.93214406073093414306640625">
        <ele>190.8000030517578125</ele>
        <time>2025-10-04T19:03:08.000Z</time>
        <extensions>
          <ns3:TrackPointExtension>
            <ns3:hr>142</ns3:hr>
          </ns3:TrackPointExtension>
        </extensions>
      </trkpt>
      <trkpt lat="43.294895254075527191162109375" lon="-79.93215520866215229034423828125">
        <ele>191</ele>
        <time>2025-10-04T19:03:09.000Z</time>
        <extensions>
          <ns3:TrackPointExtension>
            <ns3:hr>141</ns3:hr>
          </ns3:TrackPointExtension>
        </extensions>
      </trkpt>
      <trkpt lat="43.29488955438137054443359375" lon="-79.9321784265339374542236328125">
        <ele>191.8000030517578125</ele>
        <time>2025-10-04T19:03:12.000Z</time>
        <extensions>
          <ns3:TrackPointExtension>
            <ns3:hr>138</ns3:hr>
          </ns3:TrackPointExtension>
        </extensions>
      </trkpt>
      <trkpt lat="43.294879496097564697265625" lon="-79.93219829164445400238037109375">
        <ele>192.1999969482421875</ele>
        <time>2025-10-04T19:03:14.000Z</time>
        <extensions>
          <ns3:TrackPointExtension>
            <ns3:hr>138</ns3:hr>
          </ns3:TrackPointExtension>
        </extensions>
      </trkpt>
      <trkpt lat="43.29486072063446044921875" lon="-79.93223064579069614410400390625">
        <ele>192.399993896484375</ele>
        <time>2025-10-04T19:03:17.000Z</time>
        <extensions>
          <ns3:TrackPointExtension>
            <ns3:hr>141</ns3:hr>
          </ns3:TrackPointExtension>
        </extensions>
      </trkpt>
      <trkpt lat="43.29481621272861957550048828125" lon="-79.93227548897266387939453125">
        <ele>192.399993896484375</ele>
        <time>2025-10-04T19:03:23.000Z</time>
        <extensions>
          <ns3:TrackPointExtension>
            <ns3:hr>138</ns3:hr>
          </ns3:TrackPointExtension>
        </extensions>
      </trkpt>
      <trkpt lat="43.29475183971226215362548828125" lon="-79.932302646338939666748046875">
        <ele>192.399993896484375</ele>
        <time>2025-10-04T19:03:30.000Z</time>
        <extensions>
          <ns3:TrackPointExtension>
            <ns3:hr>137</ns3:hr>
          </ns3:TrackPointExtension>
        </extensions>
      </trkpt>
      <trkpt lat="43.2947230897843837738037109375" lon="-79.93231480009853839874267578125">
        <ele>192.399993896484375</ele>
        <time>2025-10-04T19:03:33.000Z</time>
        <extensions>
          <ns3:TrackPointExtension>
            <ns3:hr>134</ns3:hr>
          </ns3:TrackPointExtension>
        </extensions>
      </trkpt>
      <trkpt lat="43.29471789300441741943359375" lon="-79.93231630884110927581787109375">
        <ele>192.600006103515625</ele>
        <time>2025-10-04T19:03:34.000Z</time>
        <extensions>
          <ns3:TrackPointExtension>
            <ns3:hr>139</ns3:hr>
          </ns3:TrackPointExtension>
        </extensions>
      </trkpt>
      <trkpt lat="43.29470045864582061767578125" lon="-79.9323219247162342071533203125">
        <ele>192.600006103515625</ele>
        <time>2025-10-04T19:03:36.000Z</time>
        <extensions>
          <ns3:TrackPointExtension>
            <ns3:hr>139</ns3:hr>
          </ns3:TrackPointExtension>
        </extensions>
      </trkpt>
      <trkpt lat="43.29463030211627483367919921875" lon="-79.9323403649032115936279296875">
        <ele>192.600006103515625</ele>
        <time>2025-10-04T19:03:43.000Z</time>
        <extensions>
          <ns3:TrackPointExtension>
            <ns3:hr>136</ns3:hr>
          </ns3:TrackPointExtension>
        </extensions>
      </trkpt>
      <trkpt lat="43.29457095824182033538818359375" lon="-79.93231647647917270660400390625">
        <ele>192.600006103515625</ele>
        <time>2025-10-04T19:03:49.000Z</time>
        <extensions>
          <ns3:TrackPointExtension>
            <ns3:hr>134</ns3:hr>
          </ns3:TrackPointExtension>
        </extensions>
      </trkpt>
      <trkpt lat="43.29455905593931674957275390625" lon="-79.93232108652591705322265625">
        <ele>192.600006103515625</ele>
        <time>2025-10-04T19:03:50.000Z</time>
        <extensions>
          <ns3:TrackPointExtension>
            <ns3:hr>134</ns3:hr>
          </ns3:TrackPointExtension>
        </extensions>
      </trkpt>
      <trkpt lat="43.2944706268608570098876953125" lon="-79.932318069040775299072265625">
        <ele>192.399993896484375</ele>
        <time>2025-10-04T19:03:58.000Z</time>
        <extensions>
          <ns3:TrackPointExtension>
            <ns3:hr>131</ns3:hr>
          </ns3:TrackPointExtension>
        </extensions>
      </trkpt>
      <trkpt lat="43.29444288276135921478271484375" lon="-79.93231329135596752166748046875">
        <ele>192.399993896484375</ele>
        <time>2025-10-04T19:04:01.000Z</time>
        <extensions>
          <ns3:TrackPointExtension>
            <ns3:hr>131</ns3:hr>
          </ns3:TrackPointExtension>
        </extensions>
      </trkpt>
      <trkpt lat="43.29439644701778888702392578125" lon="-79.93231815285980701446533203125">
        <ele>192.1999969482421875</ele>
        <time>2025-10-04T19:04:06.000Z</time>
        <extensions>
          <ns3:TrackPointExtension>
            <ns3:hr>134</ns3:hr>
          </ns3:TrackPointExtension>
        </extensions>
      </trkpt>
      <trkpt lat="43.294385634362697601318359375" lon="-79.9323212541639804840087890625">
        <ele>192.1999969482421875</ele>
        <time>2025-10-04T19:04:07.000Z</time>
        <extensions>
          <ns3:TrackPointExtension>
            <ns3:hr>131</ns3:hr>
          </ns3:TrackPointExtension>
        </extensions>
      </trkpt>
      <trkpt lat="43.29429938457906246185302734375" lon="-79.9323524348437786102294921875">
        <ele>192</ele>
        <time>2025-10-04T19:04:14.000Z</time>
        <extensions>
          <ns3:TrackPointExtension>
            <ns3:hr>127</ns3:hr>
          </ns3:TrackPointExtension>
        </extensions>
      </trkpt>
      <trkpt lat="43.2942892424762248992919921875" lon="-79.93235302157700061798095703125">
        <ele>192</ele>
        <time>2025-10-04T19:04:15.000Z</time>
        <extensions>
          <ns3:TrackPointExtension>
            <ns3:hr>126</ns3:hr>
          </ns3:TrackPointExtension>
        </extensions>
      </trkpt>
      <trkpt lat="43.2942639291286468505859375" lon="-79.93237229995429515838623046875">
        <ele>192</ele>
        <time>2025-10-04T19:04:18.000Z</time>
        <extensions>
          <ns3:TrackPointExtension>
            <ns3:hr>123</ns3:hr>
          </ns3:TrackPointExtension>
        </extensions>
      </trkpt>
      <trkpt lat="43.2941933535039424896240234375" lon="-79.9323926679790019989013671875">
        <ele>191.8000030517578125</ele>
        <time>2025-10-04T19:04:24.000Z</time>
        <extensions>
          <ns3:TrackPointExtension>
            <ns3:hr>123</ns3:hr>
          </ns3:TrackPointExtension>
        </extensions>
      </trkpt>
      <trkpt lat="43.29416669905185699462890625" lon="-79.93240197189152240753173828125">
        <ele>191.8000030517578125</ele>
        <time>2025-10-04T19:04:27.000Z</time>
        <extensions>
          <ns3:TrackPointExtension>
            <ns3:hr>124</ns3:hr>
          </ns3:TrackPointExtension>
        </extensions>
      </trkpt>
      <trkpt lat="43.29409939236938953399658203125" lon="-79.93238453753292560577392578125">
        <ele>191.8000030517578125</ele>
        <time>2025-10-04T19:04:36.000Z</time>
        <extensions>
          <ns3:TrackPointExtension>
            <ns3:hr>121</ns3:hr>
          </ns3:TrackPointExtension>
        </extensions>
      </trkpt>
      <trkpt lat="43.2940894179046154022216796875" lon="-79.93238084949553012847900390625">
        <ele>191.8000030517578125</ele>
        <time>2025-10-04T19:04:37.000Z</time>
        <extensions>
          <ns3:TrackPointExtension>
            <ns3:hr>121</ns3:hr>
          </ns3:TrackPointExtension>
        </extensions>
      </trkpt>
      <trkpt lat="43.29404675401747226715087890625" lon="-79.93237473070621490478515625">
        <ele>192</ele>
        <time>2025-10-04T19:04:40.000Z</time>
        <extensions>
          <ns3:TrackPointExtension>
            <ns3:hr>121</ns3:hr>
          </ns3:TrackPointExtension>
        </extensions>
      </trkpt>
      <trkpt lat="43.293968550860881805419921875" lon="-79.932419992983341217041015625">
        <ele>192</ele>
        <time>2025-10-04T19:04:48.000Z</time>
        <extensions>
          <ns3:TrackPointExtension>
            <ns3:hr>122</ns3:hr>
          </ns3:TrackPointExtension>
        </extensions>
      </trkpt>
      <trkpt lat="43.29382739961147308349609375" lon="-79.93241286836564540863037109375">
        <ele>192.1999969482421875</ele>
        <time>2025-10-04T19:05:02.000Z</time>
        <extensions>
          <ns3:TrackPointExtension>
            <ns3:hr>122</ns3:hr>
          </ns3:TrackPointExtension>
        </extensions>
      </trkpt>
      <trkpt lat="43.29368163831532001495361328125" lon="-79.9324677698314189910888671875">
        <ele>192.399993896484375</ele>
        <time>2025-10-04T19:05:15.000Z</time>
        <extensions>
          <ns3:TrackPointExtension>
            <ns3:hr>123</ns3:hr>
          </ns3:TrackPointExtension>
        </extensions>
      </trkpt>
      <trkpt lat="43.29362355172634124755859375" lon="-79.93248243816196918487548828125">
        <ele>192.399993896484375</ele>
        <time>2025-10-04T19:05:22.000Z</time>
        <extensions>
          <ns3:TrackPointExtension>
            <ns3:hr>126</ns3:hr>
          </ns3:TrackPointExtension>
        </extensions>
      </trkpt>
      <trkpt lat="43.29357468523085117340087890625" lon="-79.93249769322574138641357421875">
        <ele>192.399993896484375</ele>
        <time>2025-10-04T19:05:27.000Z</time>
        <extensions>
          <ns3:TrackPointExtension>
            <ns3:hr>123</ns3:hr>
          </ns3:TrackPointExtension>
        </extensions>
      </trkpt>
      <trkpt lat="43.29355054534971714019775390625" lon="-79.93251345120370388031005859375">
        <ele>192.399993896484375</ele>
        <time>2025-10-04T19:05:29.000Z</time>
        <extensions>
          <ns3:TrackPointExtension>
            <ns3:hr>122</ns3:hr>
          </ns3:TrackPointExtension>
        </extensions>
      </trkpt>
      <trkpt lat="43.2933823205530643463134765625" lon="-79.932599700987339019775390625">
        <ele>192.399993896484375</ele>
        <time>2025-10-04T19:05:45.000Z</time>
        <extensions>
          <ns3:TrackPointExtension>
            <ns3:hr>124</ns3:hr>
          </ns3:TrackPointExtension>
        </extensions>
      </trkpt>
      <trkpt lat="43.2933749444782733917236328125" lon="-79.9326085858047008514404296875">
        <ele>192.399993896484375</ele>
        <time>2025-10-04T19:05:46.000Z</time>
        <extensions>
          <ns3:TrackPointExtension>
            <ns3:hr>127</ns3:hr>
          </ns3:TrackPointExtension>
        </extensions>
      </trkpt>
      <trkpt lat="43.29336781986057758331298828125" lon="-79.93261671625077724456787109375">
        <ele>192.399993896484375</ele>
        <time>2025-10-04T19:05:47.000Z</time>
        <extensions>
          <ns3:TrackPointExtension>
            <ns3:hr>124</ns3:hr>
          </ns3:TrackPointExtension>
        </extensions>
      </trkpt>
      <trkpt lat="43.29325382597744464874267578125" lon="-79.9327165447175502777099609375">
        <ele>192.1999969482421875</ele>
        <time>2025-10-04T19:05:59.000Z</time>
        <extensions>
          <ns3:TrackPointExtension>
            <ns3:hr>124</ns3:hr>
          </ns3:TrackPointExtension>
        </extensions>
      </trkpt>
      <trkpt lat="43.2931164465844631195068359375" lon="-79.93277546949684619903564453125">
        <ele>191.600006103515625</ele>
        <time>2025-10-04T19:06:13.000Z</time>
        <extensions>
          <ns3:TrackPointExtension>
            <ns3:hr>126</ns3:hr>
          </ns3:TrackPointExtension>
        </extensions>
      </trkpt>
      <trkpt lat="43.29305358231067657470703125" lon="-79.93280665017664432525634765625">
        <ele>191.399993896484375</ele>
        <time>2025-10-04T19:06:18.000Z</time>
        <extensions>
          <ns3:TrackPointExtension>
            <ns3:hr>123</ns3:hr>
          </ns3:TrackPointExtension>
        </extensions>
      </trkpt>
      <trkpt lat="43.29302298836410045623779296875" lon="-79.9328174628317356109619140625">
        <ele>191.399993896484375</ele>
        <time>2025-10-04T19:06:21.000Z</time>
        <extensions>
          <ns3:TrackPointExtension>
            <ns3:hr>120</ns3:hr>
          </ns3:TrackPointExtension>
        </extensions>
      </trkpt>
      <trkpt lat="43.29297051765024662017822265625" lon="-79.93283766321837902069091796875">
        <ele>191.399993896484375</ele>
        <time>2025-10-04T19:06:25.000Z</time>
        <extensions>
          <ns3:TrackPointExtension>
            <ns3:hr>121</ns3:hr>
          </ns3:TrackPointExtension>
        </extensions>
      </trkpt>
      <trkpt lat="43.29284814186394214630126953125" lon="-79.93295132182538509368896484375">
        <ele>191.600006103515625</ele>
        <time>2025-10-04T19:06:39.000Z</time>
        <extensions>
          <ns3:TrackPointExtension>
            <ns3:hr>122</ns3:hr>
          </ns3:TrackPointExtension>
        </extensions>
      </trkpt>
      <trkpt lat="43.29279072582721710205078125" lon="-79.932985603809356689453125">
        <ele>191.600006103515625</ele>
        <time>2025-10-04T19:06:45.000Z</time>
        <extensions>
          <ns3:TrackPointExtension>
            <ns3:hr>120</ns3:hr>
          </ns3:TrackPointExtension>
        </extensions>
      </trkpt>
      <trkpt lat="43.29273917712271213531494140625" lon="-79.93302055634558200836181640625">
        <ele>191.399993896484375</ele>
        <time>2025-10-04T19:06:50.000Z</time>
        <extensions>
          <ns3:TrackPointExtension>
            <ns3:hr>121</ns3:hr>
          </ns3:TrackPointExtension>
        </extensions>
      </trkpt>
      <trkpt lat="43.29262685962021350860595703125" lon="-79.93315123021602630615234375">
        <ele>191.1999969482421875</ele>
        <time>2025-10-04T19:07:05.000Z</time>
        <extensions>
          <ns3:TrackPointExtension>
            <ns3:hr>121</ns3:hr>
          </ns3:TrackPointExtension>
        </extensions>
      </trkpt>
      <trkpt lat="43.29261831007897853851318359375" lon="-79.933166988193988800048828125">
        <ele>191.1999969482421875</ele>
        <time>2025-10-04T19:07:06.000Z</time>
        <extensions>
          <ns3:TrackPointExtension>
            <ns3:hr>122</ns3:hr>
          </ns3:TrackPointExtension>
        </extensions>
      </trkpt>
      <trkpt lat="43.2924918271601200103759765625" lon="-79.93326514028012752532958984375">
        <ele>190.8000030517578125</ele>
        <time>2025-10-04T19:07:19.000Z</time>
        <extensions>
          <ns3:TrackPointExtension>
            <ns3:hr>121</ns3:hr>
          </ns3:TrackPointExtension>
        </extensions>
      </trkpt>
      <trkpt lat="43.29233986325562000274658203125" lon="-79.9333364702761173248291015625">
        <ele>190.399993896484375</ele>
        <time>2025-10-04T19:07:35.000Z</time>
        <extensions>
          <ns3:TrackPointExtension>
            <ns3:hr>120</ns3:hr>
          </ns3:TrackPointExtension>
        </extensions>
      </trkpt>
      <trkpt lat="43.29229376278817653656005859375" lon="-79.9333914555609226226806640625">
        <ele>190.1999969482421875</ele>
        <time>2025-10-04T19:07:41.000Z</time>
        <extensions>
          <ns3:TrackPointExtension>
            <ns3:hr>117</ns3:hr>
          </ns3:TrackPointExtension>
        </extensions>
      </trkpt>
      <trkpt lat="43.29221966676414012908935546875" lon="-79.93347887881100177764892578125">
        <ele>190.1999969482421875</ele>
        <time>2025-10-04T19:07:50.000Z</time>
        <extensions>
          <ns3:TrackPointExtension>
            <ns3:hr>118</ns3:hr>
          </ns3:TrackPointExtension>
        </extensions>
      </trkpt>
      <trkpt lat="43.2921340875327587127685546875" lon="-79.9335349537432193756103515625">
        <ele>190.399993896484375</ele>
        <time>2025-10-04T19:07:59.000Z</time>
        <extensions>
          <ns3:TrackPointExtension>
            <ns3:hr>121</ns3:hr>
          </ns3:TrackPointExtension>
        </extensions>
      </trkpt>
      <trkpt lat="43.2921116240322589874267578125" lon="-79.933558590710163116455078125">
        <ele>190.8000030517578125</ele>
        <time>2025-10-04T19:08:03.000Z</time>
        <extensions>
          <ns3:TrackPointExtension>
            <ns3:hr>119</ns3:hr>
          </ns3:TrackPointExtension>
        </extensions>
      </trkpt>
      <trkpt lat="43.29208589158952236175537109375" lon="-79.93357610888779163360595703125">
        <ele>191</ele>
        <time>2025-10-04T19:08:05.000Z</time>
        <extensions>
          <ns3:TrackPointExtension>
            <ns3:hr>122</ns3:hr>
          </ns3:TrackPointExtension>
        </extensions>
      </trkpt>
      <trkpt lat="43.2919912599027156829833984375" lon="-79.93364819325506687164306640625">
        <ele>192</ele>
        <time>2025-10-04T19:08:13.000Z</time>
        <extensions>
          <ns3:TrackPointExtension>
            <ns3:hr>125</ns3:hr>
          </ns3:TrackPointExtension>
        </extensions>
      </trkpt>
      <trkpt lat="43.2919714786112308502197265625" lon="-79.93365992791950702667236328125">
        <ele>192.1999969482421875</ele>
        <time>2025-10-04T19:08:15.000Z</time>
        <extensions>
          <ns3:TrackPointExtension>
            <ns3:hr>126</ns3:hr>
          </ns3:TrackPointExtension>
        </extensions>
      </trkpt>
      <trkpt lat="43.29195530153810977935791015625" lon="-79.93366210721433162689208984375">
        <ele>192.1999969482421875</ele>
        <time>2025-10-04T19:08:17.000Z</time>
        <extensions>
          <ns3:TrackPointExtension>
            <ns3:hr>127</ns3:hr>
          </ns3:TrackPointExtension>
        </extensions>
      </trkpt>
      <trkpt lat="43.29186326824128627777099609375" lon="-79.93370552547276020050048828125">
        <ele>192.1999969482421875</ele>
        <time>2025-10-04T19:08:27.000Z</time>
        <extensions>
          <ns3:TrackPointExtension>
            <ns3:hr>127</ns3:hr>
          </ns3:TrackPointExtension>
        </extensions>
      </trkpt>
      <trkpt lat="43.29173603095114231109619140625" lon="-79.93381767533719539642333984375">
        <ele>192.1999969482421875</ele>
        <time>2025-10-04T19:08:40.000Z</time>
        <extensions>
          <ns3:TrackPointExtension>
            <ns3:hr>126</ns3:hr>
          </ns3:TrackPointExtension>
        </extensions>
      </trkpt>
      <trkpt lat="43.29159571789205074310302734375" lon="-79.9339050985872745513916015625">
        <ele>192</ele>
        <time>2025-10-04T19:08:54.000Z</time>
        <extensions>
          <ns3:TrackPointExtension>
            <ns3:hr>125</ns3:hr>
          </ns3:TrackPointExtension>
        </extensions>
      </trkpt>
      <trkpt lat="43.29157258383929729461669921875" lon="-79.9339547194540500640869140625">
        <ele>192.1999969482421875</ele>
        <time>2025-10-04T19:09:05.000Z</time>
        <extensions>
          <ns3:TrackPointExtension>
            <ns3:hr>123</ns3:hr>
          </ns3:TrackPointExtension>
        </extensions>
      </trkpt>
      <trkpt lat="43.2915661297738552093505859375" lon="-79.93406846188008785247802734375">
        <ele>192.1999969482421875</ele>
        <time>2025-10-04T19:09:19.000Z</time>
        <extensions>
          <ns3:TrackPointExtension>
            <ns3:hr>125</ns3:hr>
          </ns3:TrackPointExtension>
        </extensions>
      </trkpt>
      <trkpt lat="43.29157107509672641754150390625" lon="-79.93412612937390804290771484375">
        <ele>192.1999969482421875</ele>
        <time>2025-10-04T19:09:23.000Z</time>
        <extensions>
          <ns3:TrackPointExtension>
            <ns3:hr>125</ns3:hr>
          </ns3:TrackPointExtension>
        </extensions>
      </trkpt>
      <trkpt lat="43.291586749255657196044921875" lon="-79.93417742662131786346435546875">
        <ele>192.1999969482421875</ele>
        <time>2025-10-04T19:09:27.000Z</time>
        <extensions>
          <ns3:TrackPointExtension>
            <ns3:hr>128</ns3:hr>
          </ns3:TrackPointExtension>
        </extensions>
      </trkpt>
      <trkpt lat="43.2916080392897129058837890625" lon="-79.934208691120147705078125">
        <ele>192.1999969482421875</ele>
        <time>2025-10-04T19:09:30.000Z</time>
        <extensions>
          <ns3:TrackPointExtension>
            <ns3:hr>127</ns3:hr>
          </ns3:TrackPointExtension>
        </extensions>
      </trkpt>
      <trkpt lat="43.29162153415381908416748046875" lon="-79.93425269611179828643798828125">
        <ele>192.1999969482421875</ele>
        <time>2025-10-04T19:09:34.000Z</time>
        <extensions>
          <ns3:TrackPointExtension>
            <ns3:hr>124</ns3:hr>
          </ns3:TrackPointExtension>
        </extensions>
      </trkpt>
      <trkpt lat="43.29164349474012851715087890625" lon="-79.93432603776454925537109375">
        <ele>192.1999969482421875</ele>
        <time>2025-10-04T19:09:41.000Z</time>
        <extensions>
          <ns3:TrackPointExtension>
            <ns3:hr>128</ns3:hr>
          </ns3:TrackPointExtension>
        </extensions>
      </trkpt>
      <trkpt lat="43.291657157242298126220703125" lon="-79.93437029421329498291015625">
        <ele>192.1999969482421875</ele>
        <time>2025-10-04T19:09:45.000Z</time>
        <extensions>
          <ns3:TrackPointExtension>
            <ns3:hr>127</ns3:hr>
          </ns3:TrackPointExtension>
        </extensions>
      </trkpt>
      <trkpt lat="43.2916710712015628814697265625" lon="-79.93443039245903491973876953125">
        <ele>192.1999969482421875</ele>
        <time>2025-10-04T19:09:49.000Z</time>
        <extensions>
          <ns3:TrackPointExtension>
            <ns3:hr>130</ns3:hr>
          </ns3:TrackPointExtension>
        </extensions>
      </trkpt>
      <trkpt lat="43.29167350195348262786865234375" lon="-79.93444246239960193634033203125">
        <ele>192.1999969482421875</ele>
        <time>2025-10-04T19:09:50.000Z</time>
        <extensions>
          <ns3:TrackPointExtension>
            <ns3:hr>127</ns3:hr>
          </ns3:TrackPointExtension>
        </extensions>
      </trkpt>
      <trkpt lat="43.29168054275214672088623046875" lon="-79.93451974354684352874755859375">
        <ele>192.1999969482421875</ele>
        <time>2025-10-04T19:09:55.000Z</time>
        <extensions>
          <ns3:TrackPointExtension>
            <ns3:hr>124</ns3:hr>
          </ns3:TrackPointExtension>
        </extensions>
      </trkpt>
      <trkpt lat="43.2916901819407939910888671875" lon="-79.93457548320293426513671875">
        <ele>192.1999969482421875</ele>
        <time>2025-10-04T19:09:58.000Z</time>
        <extensions>
          <ns3:TrackPointExtension>
            <ns3:hr>124</ns3:hr>
          </ns3:TrackPointExtension>
        </extensions>
      </trkpt>
      <trkpt lat="43.2916824705898761749267578125" lon="-79.93461797945201396942138671875">
        <ele>192.1999969482421875</ele>
        <time>2025-10-04T19:10:01.000Z</time>
        <extensions>
          <ns3:TrackPointExtension>
            <ns3:hr>120</ns3:hr>
          </ns3:TrackPointExtension>
        </extensions>
      </trkpt>
      <trkpt lat="43.29167031683027744293212890625" lon="-79.934628121554851531982421875">
        <ele>192.1999969482421875</ele>
        <time>2025-10-04T19:10:03.000Z</time>
        <extensions>
          <ns3:TrackPointExtension>
            <ns3:hr>117</ns3:hr>
          </ns3:TrackPointExtension>
        </extensions>
      </trkpt>
      <trkpt lat="43.29166109673678874969482421875" lon="-79.93462401442229747772216796875">
        <ele>192.1999969482421875</ele>
        <time>2025-10-04T19:10:05.000Z</time>
        <extensions>
          <ns3:TrackPointExtension>
            <ns3:hr>117</ns3:hr>
          </ns3:TrackPointExtension>
        </extensions>
      </trkpt>
      <trkpt lat="43.29164718277752399444580078125" lon="-79.9346252717077732086181640625">
        <ele>192.1999969482421875</ele>
        <time>2025-10-04T19:10:14.000Z</time>
        <extensions>
          <ns3:TrackPointExtension>
            <ns3:hr>118</ns3:hr>
          </ns3:TrackPointExtension>
        </extensions>
      </trkpt>
      <trkpt lat="43.2916702330112457275390625" lon="-79.93464832194149494171142578125">
        <ele>192.600006103515625</ele>
        <time>2025-10-04T19:10:24.000Z</time>
        <extensions>
          <ns3:TrackPointExtension>
            <ns3:hr>115</ns3:hr>
          </ns3:TrackPointExtension>
        </extensions>
      </trkpt>
      <trkpt lat="43.291670568287372589111328125" lon="-79.93464522063732147216796875">
        <ele>192.600006103515625</ele>
        <time>2025-10-04T19:10:27.000Z</time>
        <extensions>
          <ns3:TrackPointExtension>
            <ns3:hr>115</ns3:hr>
          </ns3:TrackPointExtension>
        </extensions>
      </trkpt>
      <trkpt lat="43.2916482724249362945556640625" lon="-79.9346001259982585906982421875">
        <ele>192.8000030517578125</ele>
        <time>2025-10-04T19:10:36.000Z</time>
        <extensions>
          <ns3:TrackPointExtension>
            <ns3:hr>118</ns3:hr>
          </ns3:TrackPointExtension>
        </extensions>
      </trkpt>
      <trkpt lat="43.2916541397571563720703125" lon="-79.9345855414867401123046875">
        <ele>192.399993896484375</ele>
        <time>2025-10-04T19:10:40.000Z</time>
        <extensions>
          <ns3:TrackPointExtension>
            <ns3:hr>119</ns3:hr>
          </ns3:TrackPointExtension>
        </extensions>
      </trkpt>
      <trkpt lat="43.29170300625264644622802734375" lon="-79.93466240353882312774658203125">
        <ele>192.399993896484375</ele>
        <time>2025-10-04T19:10:47.000Z</time>
        <extensions>
          <ns3:TrackPointExtension>
            <ns3:hr>123</ns3:hr>
          </ns3:TrackPointExtension>
        </extensions>
      </trkpt>
      <trkpt lat="43.29171650111675262451171875" lon="-79.93468344211578369140625">
        <ele>192.399993896484375</ele>
        <time>2025-10-04T19:10:48.000Z</time>
        <extensions>
          <ns3:TrackPointExtension>
            <ns3:hr>123</ns3:hr>
          </ns3:TrackPointExtension>
        </extensions>
      </trkpt>
      <trkpt lat="43.2917227037250995635986328125" lon="-79.9346997030079364776611328125">
        <ele>192.399993896484375</ele>
        <time>2025-10-04T19:10:49.000Z</time>
        <extensions>
          <ns3:TrackPointExtension>
            <ns3:hr>125</ns3:hr>
          </ns3:TrackPointExtension>
        </extensions>
      </trkpt>
      <trkpt lat="43.29173938371241092681884765625" lon="-79.934755526483058929443359375">
        <ele>192.399993896484375</ele>
        <time>2025-10-04T19:10:52.000Z</time>
        <extensions>
          <ns3:TrackPointExtension>
            <ns3:hr>128</ns3:hr>
          </ns3:TrackPointExtension>
        </extensions>
      </trkpt>
      <trkpt lat="43.2917451672255992889404296875" lon="-79.93477572686970233917236328125">
        <ele>192.399993896484375</ele>
        <time>2025-10-04T19:10:53.000Z</time>
        <extensions>
          <ns3:TrackPointExtension>
            <ns3:hr>125</ns3:hr>
          </ns3:TrackPointExtension>
        </extensions>
      </trkpt>
      <trkpt lat="43.2917498610913753509521484375" lon="-79.93479073047637939453125">
        <ele>192.399993896484375</ele>
        <time>2025-10-04T19:10:54.000Z</time>
        <extensions>
          <ns3:TrackPointExtension>
            <ns3:hr>122</ns3:hr>
          </ns3:TrackPointExtension>
        </extensions>
      </trkpt>
      <trkpt lat="43.29175916500389575958251953125" lon="-79.93482467718422412872314453125">
        <ele>192.399993896484375</ele>
        <time>2025-10-04T19:10:56.000Z</time>
        <extensions>
          <ns3:TrackPointExtension>
            <ns3:hr>119</ns3:hr>
          </ns3:TrackPointExtension>
        </extensions>
      </trkpt>
      <trkpt lat="43.29178531654179096221923828125" lon="-79.934888966381549835205078125">
        <ele>192.399993896484375</ele>
        <time>2025-10-04T19:11:00.000Z</time>
        <extensions>
          <ns3:TrackPointExtension>
            <ns3:hr>117</ns3:hr>
          </ns3:TrackPointExtension>
        </extensions>
      </trkpt>
      <trkpt lat="43.2918645255267620086669921875" lon="-79.93506842292845249176025390625">
        <ele>192.1999969482421875</ele>
        <time>2025-10-04T19:11:13.000Z</time>
        <extensions>
          <ns3:TrackPointExtension>
            <ns3:hr>119</ns3:hr>
          </ns3:TrackPointExtension>
        </extensions>
      </trkpt>
      <trkpt lat="43.291995115578174591064453125" lon="-79.9352626316249370574951171875">
        <ele>192</ele>
        <time>2025-10-04T19:11:28.000Z</time>
        <extensions>
          <ns3:TrackPointExtension>
            <ns3:hr>119</ns3:hr>
          </ns3:TrackPointExtension>
        </extensions>
      </trkpt>
      <trkpt lat="43.29201078973710536956787109375" lon="-79.93529238738119602203369140625">
        <ele>192</ele>
        <time>2025-10-04T19:11:30.000Z</time>
        <extensions>
          <ns3:TrackPointExtension>
            <ns3:hr>119</ns3:hr>
          </ns3:TrackPointExtension>
        </extensions>
      </trkpt>
      <trkpt lat="43.2921156473457813262939453125" lon="-79.9354939721524715423583984375">
        <ele>192</ele>
        <time>2025-10-04T19:11:43.000Z</time>
        <extensions>
          <ns3:TrackPointExtension>
            <ns3:hr>117</ns3:hr>
          </ns3:TrackPointExtension>
        </extensions>
      </trkpt>
      <trkpt lat="43.292125202715396881103515625" lon="-79.93550495244562625885009765625">
        <ele>192</ele>
        <time>2025-10-04T19:11:44.000Z</time>
        <extensions>
          <ns3:TrackPointExtension>
            <ns3:hr>118</ns3:hr>
          </ns3:TrackPointExtension>
        </extensions>
      </trkpt>
      <trkpt lat="43.29223995096981525421142578125" lon="-79.9357035197317600250244140625">
        <ele>192</ele>
        <time>2025-10-04T19:11:58.000Z</time>
        <extensions>
          <ns3:TrackPointExtension>
            <ns3:hr>116</ns3:hr>
          </ns3:TrackPointExtension>
        </extensions>
      </trkpt>
      <trkpt lat="43.2922494225203990936279296875" lon="-79.93571676313877105712890625">
        <ele>192</ele>
        <time>2025-10-04T19:11:59.000Z</time>
        <extensions>
          <ns3:TrackPointExtension>
            <ns3:hr>117</ns3:hr>
          </ns3:TrackPointExtension>
        </extensions>
      </trkpt>
      <trkpt lat="43.29230885021388530731201171875" lon="-79.9358064495027065277099609375">
        <ele>192</ele>
        <time>2025-10-04T19:12:06.000Z</time>
        <extensions>
          <ns3:TrackPointExtension>
            <ns3:hr>120</ns3:hr>
          </ns3:TrackPointExtension>
        </extensions>
      </trkpt>
      <trkpt lat="43.29233617521822452545166015625" lon="-79.9358285777270793914794921875">
        <ele>192</ele>
        <time>2025-10-04T19:12:08.000Z</time>
        <extensions>
          <ns3:TrackPointExtension>
            <ns3:hr>123</ns3:hr>
          </ns3:TrackPointExtension>
        </extensions>
      </trkpt>
      <trkpt lat="43.29242326319217681884765625" lon="-79.93587593547999858856201171875">
        <ele>192.1999969482421875</ele>
        <time>2025-10-04T19:12:14.000Z</time>
        <extensions>
          <ns3:TrackPointExtension>
            <ns3:hr>124</ns3:hr>
          </ns3:TrackPointExtension>
        </extensions>
      </trkpt>
      <trkpt lat="43.29259886406362056732177734375" lon="-79.935894794762134552001953125">
        <ele>192.399993896484375</ele>
        <time>2025-10-04T19:12:27.000Z</time>
        <extensions>
          <ns3:TrackPointExtension>
            <ns3:hr>125</ns3:hr>
          </ns3:TrackPointExtension>
        </extensions>
      </trkpt>
      <trkpt lat="43.2927463017404079437255859375" lon="-79.93594148196280002593994140625">
        <ele>192.399993896484375</ele>
        <time>2025-10-04T19:12:39.000Z</time>
        <extensions>
          <ns3:TrackPointExtension>
            <ns3:hr>124</ns3:hr>
          </ns3:TrackPointExtension>
        </extensions>
      </trkpt>
      <trkpt lat="43.29278980381786823272705078125" lon="-79.93594097904860973358154296875">
        <ele>192.600006103515625</ele>
        <time>2025-10-04T19:12:50.000Z</time>
        <extensions>
          <ns3:TrackPointExtension>
            <ns3:hr>126</ns3:hr>
          </ns3:TrackPointExtension>
        </extensions>
      </trkpt>
      <trkpt lat="43.29287680797278881072998046875" lon="-79.93589672259986400604248046875">
        <ele>192.600006103515625</ele>
        <time>2025-10-04T19:13:01.000Z</time>
        <extensions>
          <ns3:TrackPointExtension>
            <ns3:hr>123</ns3:hr>
          </ns3:TrackPointExtension>
        </extensions>
      </trkpt>
      <trkpt lat="43.29289306886494159698486328125" lon="-79.9358989857137203216552734375">
        <ele>192.600006103515625</ele>
        <time>2025-10-04T19:13:02.000Z</time>
        <extensions>
          <ns3:TrackPointExtension>
            <ns3:hr>124</ns3:hr>
          </ns3:TrackPointExtension>
        </extensions>
      </trkpt>
      <trkpt lat="43.2929469645023345947265625" lon="-79.93589940480887889862060546875">
        <ele>192.600006103515625</ele>
        <time>2025-10-04T19:13:06.000Z</time>
        <extensions>
          <ns3:TrackPointExtension>
            <ns3:hr>127</ns3:hr>
          </ns3:TrackPointExtension>
        </extensions>
      </trkpt>
      <trkpt lat="43.29299189150333404541015625" lon="-79.935904853045940399169921875">
        <ele>192.600006103515625</ele>
        <time>2025-10-04T19:13:09.000Z</time>
        <extensions>
          <ns3:TrackPointExtension>
            <ns3:hr>130</ns3:hr>
          </ns3:TrackPointExtension>
        </extensions>
      </trkpt>
      <trkpt lat="43.293082416057586669921875" lon="-79.93592865765094757080078125">
        <ele>192.600006103515625</ele>
        <time>2025-10-04T19:13:16.000Z</time>
        <extensions>
          <ns3:TrackPointExtension>
            <ns3:hr>132</ns3:hr>
          </ns3:TrackPointExtension>
        </extensions>
      </trkpt>
      <trkpt lat="43.293194733560085296630859375" lon="-79.9359757639467716217041015625">
        <ele>192.600006103515625</ele>
        <time>2025-10-04T19:13:24.000Z</time>
        <extensions>
          <ns3:TrackPointExtension>
            <ns3:hr>129</ns3:hr>
          </ns3:TrackPointExtension>
        </extensions>
      </trkpt>
      <trkpt lat="43.29328567720949649810791015625" lon="-79.93602932430803775787353515625">
        <ele>192.399993896484375</ele>
        <time>2025-10-04T19:13:31.000Z</time>
        <extensions>
          <ns3:TrackPointExtension>
            <ns3:hr>130</ns3:hr>
          </ns3:TrackPointExtension>
        </extensions>
      </trkpt>
      <trkpt lat="43.2933420874178409576416015625" lon="-79.9361336790025234222412109375">
        <ele>192.399993896484375</ele>
        <time>2025-10-04T19:13:39.000Z</time>
        <extensions>
          <ns3:TrackPointExtension>
            <ns3:hr>125</ns3:hr>
          </ns3:TrackPointExtension>
        </extensions>
      </trkpt>
      <trkpt lat="43.293351642787456512451171875" lon="-79.93614323437213897705078125">
        <ele>192.399993896484375</ele>
        <time>2025-10-04T19:13:40.000Z</time>
        <extensions>
          <ns3:TrackPointExtension>
            <ns3:hr>124</ns3:hr>
          </ns3:TrackPointExtension>
        </extensions>
      </trkpt>
      <trkpt lat="43.29338676296174526214599609375" lon="-79.9361749179661273956298828125">
        <ele>192.399993896484375</ele>
        <time>2025-10-04T19:13:44.000Z</time>
        <extensions>
          <ns3:TrackPointExtension>
            <ns3:hr>121</ns3:hr>
          </ns3:TrackPointExtension>
        </extensions>
      </trkpt>
      <trkpt lat="43.2934198714792728424072265625" lon="-79.9362017400562763214111328125">
        <ele>192.399993896484375</ele>
        <time>2025-10-04T19:13:47.000Z</time>
        <extensions>
          <ns3:TrackPointExtension>
            <ns3:hr>117</ns3:hr>
          </ns3:TrackPointExtension>
        </extensions>
      </trkpt>
      <trkpt lat="43.2934450171887874603271484375" lon="-79.93621163070201873779296875">
        <ele>192.399993896484375</ele>
        <time>2025-10-04T19:13:49.000Z</time>
        <extensions>
          <ns3:TrackPointExtension>
            <ns3:hr>119</ns3:hr>
          </ns3:TrackPointExtension>
        </extensions>
      </trkpt>
      <trkpt lat="43.29351131804287433624267578125" lon="-79.93623652495443820953369140625">
        <ele>192.600006103515625</ele>
        <time>2025-10-04T19:13:54.000Z</time>
        <extensions>
          <ns3:TrackPointExtension>
            <ns3:hr>122</ns3:hr>
          </ns3:TrackPointExtension>
        </extensions>
      </trkpt>
      <trkpt lat="43.29358289949595928192138671875" lon="-79.936289079487323760986328125">
        <ele>192.600006103515625</ele>
        <time>2025-10-04T19:14:00.000Z</time>
        <extensions>
          <ns3:TrackPointExtension>
            <ns3:hr>123</ns3:hr>
          </ns3:TrackPointExtension>
        </extensions>
      </trkpt>
      <trkpt lat="43.29359496943652629852294921875" lon="-79.93629938922822475433349609375">
        <ele>192.8000030517578125</ele>
        <time>2025-10-04T19:14:01.000Z</time>
        <extensions>
          <ns3:TrackPointExtension>
            <ns3:hr>120</ns3:hr>
          </ns3:TrackPointExtension>
        </extensions>
      </trkpt>
      <trkpt lat="43.29363050870597362518310546875" lon="-79.93632436729967594146728515625">
        <ele>193</ele>
        <time>2025-10-04T19:14:04.000Z</time>
        <extensions>
          <ns3:TrackPointExtension>
            <ns3:hr>123</ns3:hr>
          </ns3:TrackPointExtension>
        </extensions>
      </trkpt>
      <trkpt lat="43.2936917804181575775146484375" lon="-79.9363492615520954132080078125">
        <ele>193</ele>
        <time>2025-10-04T19:14:09.000Z</time>
        <extensions>
          <ns3:TrackPointExtension>
            <ns3:hr>125</ns3:hr>
          </ns3:TrackPointExtension>
        </extensions>
      </trkpt>
      <trkpt lat="43.29373695887625217437744140625" lon="-79.9363791011273860931396484375">
        <ele>193</ele>
        <time>2025-10-04T19:14:13.000Z</time>
        <extensions>
          <ns3:TrackPointExtension>
            <ns3:hr>128</ns3:hr>
          </ns3:TrackPointExtension>
        </extensions>
      </trkpt>
      <trkpt lat="43.2937628589570522308349609375" lon="-79.936392009258270263671875">
        <ele>193</ele>
        <time>2025-10-04T19:14:15.000Z</time>
        <extensions>
          <ns3:TrackPointExtension>
            <ns3:hr>124</ns3:hr>
          </ns3:TrackPointExtension>
        </extensions>
      </trkpt>
      <trkpt lat="43.2937618531286716461181640625" lon="-79.93640114553272724151611328125">
        <ele>193</ele>
        <time>2025-10-04T19:14:16.000Z</time>
        <extensions>
          <ns3:TrackPointExtension>
            <ns3:hr>125</ns3:hr>
          </ns3:TrackPointExtension>
        </extensions>
      </trkpt>
      <trkpt lat="43.29375053755939006805419921875" lon="-79.936441965401172637939453125">
        <ele>192.8000030517578125</ele>
        <time>2025-10-04T19:14:25.000Z</time>
        <extensions>
          <ns3:TrackPointExtension>
            <ns3:hr>124</ns3:hr>
          </ns3:TrackPointExtension>
        </extensions>
      </trkpt>
      <trkpt lat="43.29378859139978885650634765625" lon="-79.9364263750612735748291015625">
        <ele>193</ele>
        <time>2025-10-04T19:14:36.000Z</time>
        <extensions>
          <ns3:TrackPointExtension>
            <ns3:hr>122</ns3:hr>
          </ns3:TrackPointExtension>
        </extensions>
      </trkpt>
      <trkpt lat="43.29386469908058643341064453125" lon="-79.93648127652704715728759765625">
        <ele>193.1999969482421875</ele>
        <time>2025-10-04T19:14:44.000Z</time>
        <extensions>
          <ns3:TrackPointExtension>
            <ns3:hr>121</ns3:hr>
          </ns3:TrackPointExtension>
        </extensions>
      </trkpt>
      <trkpt lat="43.29390543513000011444091796875" lon="-79.9365212582051753997802734375">
        <ele>193.399993896484375</ele>
        <time>2025-10-04T19:14:48.000Z</time>
        <extensions>
          <ns3:TrackPointExtension>
            <ns3:hr>120</ns3:hr>
          </ns3:TrackPointExtension>
        </extensions>
      </trkpt>
      <trkpt lat="43.29397869296371936798095703125" lon="-79.9366132915019989013671875">
        <ele>193.399993896484375</ele>
        <time>2025-10-04T19:14:56.000Z</time>
        <extensions>
          <ns3:TrackPointExtension>
            <ns3:hr>123</ns3:hr>
          </ns3:TrackPointExtension>
        </extensions>
      </trkpt>
      <trkpt lat="43.29399931244552135467529296875" lon="-79.93663952685892581939697265625">
        <ele>193.600006103515625</ele>
        <time>2025-10-04T19:14:58.000Z</time>
        <extensions>
          <ns3:TrackPointExtension>
            <ns3:hr>120</ns3:hr>
          </ns3:TrackPointExtension>
        </extensions>
      </trkpt>
      <trkpt lat="43.29403795301914215087890625" lon="-79.93673323653638362884521484375">
        <ele>193.8000030517578125</ele>
        <time>2025-10-04T19:15:03.000Z</time>
        <extensions>
          <ns3:TrackPointExtension>
            <ns3:hr>120</ns3:hr>
          </ns3:TrackPointExtension>
        </extensions>
      </trkpt>
      <trkpt lat="43.294049017131328582763671875" lon="-79.9368431232869625091552734375">
        <ele>194.1999969482421875</ele>
        <time>2025-10-04T19:15:12.000Z</time>
        <extensions>
          <ns3:TrackPointExtension>
            <ns3:hr>119</ns3:hr>
          </ns3:TrackPointExtension>
        </extensions>
      </trkpt>
      <trkpt lat="43.29404809512197971343994140625" lon="-79.936849661171436309814453125">
        <ele>194.1999969482421875</ele>
        <time>2025-10-04T19:15:13.000Z</time>
        <extensions>
          <ns3:TrackPointExtension>
            <ns3:hr>117</ns3:hr>
          </ns3:TrackPointExtension>
        </extensions>
      </trkpt>
      <trkpt lat="43.29405329190194606781005859375" lon="-79.936863072216510772705078125">
        <ele>194.399993896484375</ele>
        <time>2025-10-04T19:15:16.000Z</time>
        <extensions>
          <ns3:TrackPointExtension>
            <ns3:hr>114</ns3:hr>
          </ns3:TrackPointExtension>
        </extensions>
      </trkpt>
      <trkpt lat="43.2940547168254852294921875" lon="-79.9368652515113353729248046875">
        <ele>194.399993896484375</ele>
        <time>2025-10-04T19:15:17.000Z</time>
        <extensions>
          <ns3:TrackPointExtension>
            <ns3:hr>111</ns3:hr>
          </ns3:TrackPointExtension>
        </extensions>
      </trkpt>
      <trkpt lat="43.29405630938708782196044921875" lon="-79.9368686042726039886474609375">
        <ele>194.8000030517578125</ele>
        <time>2025-10-04T19:15:21.000Z</time>
        <extensions>
          <ns3:TrackPointExtension>
            <ns3:hr>108</ns3:hr>
          </ns3:TrackPointExtension>
        </extensions>
      </trkpt>
      <trkpt lat="43.294055722653865814208984375" lon="-79.936867766082286834716796875">
        <ele>194.8000030517578125</ele>
        <time>2025-10-04T19:15:23.000Z</time>
        <extensions>
          <ns3:TrackPointExtension>
            <ns3:hr>108</ns3:hr>
          </ns3:TrackPointExtension>
        </extensions>
      </trkpt>
      <trkpt lat="43.29404390417039394378662109375" lon="-79.936875142157077789306640625">
        <ele>194.8000030517578125</ele>
        <time>2025-10-04T19:15:26.000Z</time>
        <extensions>
          <ns3:TrackPointExtension>
            <ns3:hr>111</ns3:hr>
          </ns3:TrackPointExtension>
        </extensions>
      </trkpt>
      <trkpt lat="43.2939921878278255462646484375" lon="-79.93693716824054718017578125">
        <ele>194.8000030517578125</ele>
        <time>2025-10-04T19:15:33.000Z</time>
        <extensions>
          <ns3:TrackPointExtension>
            <ns3:hr>114</ns3:hr>
          </ns3:TrackPointExtension>
        </extensions>
      </trkpt>
      <trkpt lat="43.29398808069527149200439453125" lon="-79.93694789707660675048828125">
        <ele>194.8000030517578125</ele>
        <time>2025-10-04T19:15:34.000Z</time>
        <extensions>
          <ns3:TrackPointExtension>
            <ns3:hr>117</ns3:hr>
          </ns3:TrackPointExtension>
        </extensions>
      </trkpt>
      <trkpt lat="43.29397701658308506011962890625" lon="-79.93696507997810840606689453125">
        <ele>195</ele>
        <time>2025-10-04T19:15:36.000Z</time>
        <extensions>
          <ns3:TrackPointExtension>
            <ns3:hr>122</ns3:hr>
          </ns3:TrackPointExtension>
        </extensions>
      </trkpt>
      <trkpt lat="43.2939687184989452362060546875" lon="-79.9369859509170055389404296875">
        <ele>195</ele>
        <time>2025-10-04T19:15:38.000Z</time>
        <extensions>
          <ns3:TrackPointExtension>
            <ns3:hr>125</ns3:hr>
          </ns3:TrackPointExtension>
        </extensions>
      </trkpt>
      <trkpt lat="43.2939462549984455108642578125" lon="-79.9370452947914600372314453125">
        <ele>195.399993896484375</ele>
        <time>2025-10-04T19:15:44.000Z</time>
        <extensions>
          <ns3:TrackPointExtension>
            <ns3:hr>126</ns3:hr>
          </ns3:TrackPointExtension>
        </extensions>
      </trkpt>
      <trkpt lat="43.2939358614385128021240234375" lon="-79.937035739421844482421875">
        <ele>195.399993896484375</ele>
        <time>2025-10-04T19:15:53.000Z</time>
        <extensions>
          <ns3:TrackPointExtension>
            <ns3:hr>123</ns3:hr>
          </ns3:TrackPointExtension>
        </extensions>
      </trkpt>
      <trkpt lat="43.293919265270233154296875" lon="-79.93700816296041011810302734375">
        <ele>195</ele>
        <time>2025-10-04T19:15:58.000Z</time>
        <extensions>
          <ns3:TrackPointExtension>
            <ns3:hr>126</ns3:hr>
          </ns3:TrackPointExtension>
        </extensions>
      </trkpt>
      <trkpt lat="43.29391499049961566925048828125" lon="-79.93701159954071044921875">
        <ele>194.8000030517578125</ele>
        <time>2025-10-04T19:16:02.000Z</time>
        <extensions>
          <ns3:TrackPointExtension>
            <ns3:hr>123</ns3:hr>
          </ns3:TrackPointExtension>
        </extensions>
      </trkpt>
      <trkpt lat="43.29391348175704479217529296875" lon="-79.93700690567493438720703125">
        <ele>194.600006103515625</ele>
        <time>2025-10-04T19:16:05.000Z</time>
        <extensions>
          <ns3:TrackPointExtension>
            <ns3:hr>121</ns3:hr>
          </ns3:TrackPointExtension>
        </extensions>
      </trkpt>
      <trkpt lat="43.2939127273857593536376953125" lon="-79.936999194324016571044921875">
        <ele>194.1999969482421875</ele>
        <time>2025-10-04T19:16:10.000Z</time>
        <extensions>
          <ns3:TrackPointExtension>
            <ns3:hr>121</ns3:hr>
          </ns3:TrackPointExtension>
        </extensions>
      </trkpt>
      <trkpt lat="43.29388800077140331268310546875" lon="-79.9369856156408786773681640625">
        <ele>194</ele>
        <time>2025-10-04T19:16:18.000Z</time>
        <extensions>
          <ns3:TrackPointExtension>
            <ns3:hr>122</ns3:hr>
          </ns3:TrackPointExtension>
        </extensions>
      </trkpt>
      <trkpt lat="43.29388883896172046661376953125" lon="-79.936970360577106475830078125">
        <ele>193.8000030517578125</ele>
        <time>2025-10-04T19:16:31.000Z</time>
        <extensions>
          <ns3:TrackPointExtension>
            <ns3:hr>121</ns3:hr>
          </ns3:TrackPointExtension>
        </extensions>
      </trkpt>
      <trkpt lat="43.2938688062131404876708984375" lon="-79.936914704740047454833984375">
        <ele>193.8000030517578125</ele>
        <time>2025-10-04T19:16:38.000Z</time>
        <extensions>
          <ns3:TrackPointExtension>
            <ns3:hr>118</ns3:hr>
          </ns3:TrackPointExtension>
        </extensions>
      </trkpt>
      <trkpt lat="43.2938698120415210723876953125" lon="-79.93690364062786102294921875">
        <ele>193.399993896484375</ele>
        <time>2025-10-04T19:16:42.000Z</time>
        <extensions>
          <ns3:TrackPointExtension>
            <ns3:hr>119</ns3:hr>
          </ns3:TrackPointExtension>
        </extensions>
      </trkpt>
      <trkpt lat="43.2938723266124725341796875" lon="-79.936885200440883636474609375">
        <ele>193.399993896484375</ele>
        <time>2025-10-04T19:16:47.000Z</time>
        <extensions>
          <ns3:TrackPointExtension>
            <ns3:hr>116</ns3:hr>
          </ns3:TrackPointExtension>
        </extensions>
      </trkpt>
      <trkpt lat="43.2938714884221553802490234375" lon="-79.93687321431934833526611328125">
        <ele>193.1999969482421875</ele>
        <time>2025-10-04T19:17:01.000Z</time>
        <extensions>
          <ns3:TrackPointExtension>
            <ns3:hr>118</ns3:hr>
          </ns3:TrackPointExtension>
        </extensions>
      </trkpt>
      <trkpt lat="43.29387358389794826507568359375" lon="-79.9368726275861263275146484375">
        <ele>193.1999969482421875</ele>
        <time>2025-10-04T19:17:09.000Z</time>
        <extensions>
          <ns3:TrackPointExtension>
            <ns3:hr>115</ns3:hr>
          </ns3:TrackPointExtension>
        </extensions>
      </trkpt>
      <trkpt lat="43.29387509264051914215087890625" lon="-79.93687556125223636627197265625">
        <ele>193.1999969482421875</ele>
        <time>2025-10-04T19:17:11.000Z</time>
        <extensions>
          <ns3:TrackPointExtension>
            <ns3:hr>112</ns3:hr>
          </ns3:TrackPointExtension>
        </extensions>
      </trkpt>
      <trkpt lat="43.29388766549527645111083984375" lon="-79.9368947558104991912841796875">
        <ele>193.1999969482421875</ele>
        <time>2025-10-04T19:17:13.000Z</time>
        <extensions>
          <ns3:TrackPointExtension>
            <ns3:hr>109</ns3:hr>
          </ns3:TrackPointExtension>
        </extensions>
      </trkpt>
      <trkpt lat="43.29390392638742923736572265625" lon="-79.9369175545871257781982421875">
        <ele>193.1999969482421875</ele>
        <time>2025-10-04T19:17:16.000Z</time>
        <extensions>
          <ns3:TrackPointExtension>
            <ns3:hr>107</ns3:hr>
          </ns3:TrackPointExtension>
        </extensions>
      </trkpt>
      <trkpt lat="43.2939147390425205230712890625" lon="-79.93700162507593631744384765625">
        <ele>193.600006103515625</ele>
        <time>2025-10-04T19:17:24.000Z</time>
        <extensions>
          <ns3:TrackPointExtension>
            <ns3:hr>110</ns3:hr>
          </ns3:TrackPointExtension>
        </extensions>
      </trkpt>
      <trkpt lat="43.29390627332031726837158203125" lon="-79.937016963958740234375">
        <ele>193.8000030517578125</ele>
        <time>2025-10-04T19:17:28.000Z</time>
        <extensions>
          <ns3:TrackPointExtension>
            <ns3:hr>111</ns3:hr>
          </ns3:TrackPointExtension>
        </extensions>
      </trkpt>
      <trkpt lat="43.2938342727720737457275390625" lon="-79.93712550960481166839599609375">
        <ele>194.1999969482421875</ele>
        <time>2025-10-04T19:17:38.000Z</time>
        <extensions>
          <ns3:TrackPointExtension>
            <ns3:hr>114</ns3:hr>
          </ns3:TrackPointExtension>
        </extensions>
      </trkpt>
      <trkpt lat="43.29381826333701610565185546875" lon="-79.93714914657175540924072265625">
        <ele>194.1999969482421875</ele>
        <time>2025-10-04T19:17:40.000Z</time>
        <extensions>
          <ns3:TrackPointExtension>
            <ns3:hr>114</ns3:hr>
          </ns3:TrackPointExtension>
        </extensions>
      </trkpt>
      <trkpt lat="43.29379328526556491851806640625" lon="-79.9372011981904506683349609375">
        <ele>194.399993896484375</ele>
        <time>2025-10-04T19:17:44.000Z</time>
        <extensions>
          <ns3:TrackPointExtension>
            <ns3:hr>111</ns3:hr>
          </ns3:TrackPointExtension>
        </extensions>
      </trkpt>
      <trkpt lat="43.293778114020824432373046875" lon="-79.93723229505121707916259765625">
        <ele>194.399993896484375</ele>
        <time>2025-10-04T19:17:46.000Z</time>
        <extensions>
          <ns3:TrackPointExtension>
            <ns3:hr>108</ns3:hr>
          </ns3:TrackPointExtension>
        </extensions>
      </trkpt>
      <trkpt lat="43.2937596738338470458984375" lon="-79.93725408799946308135986328125">
        <ele>194.399993896484375</ele>
        <time>2025-10-04T19:17:48.000Z</time>
        <extensions>
          <ns3:TrackPointExtension>
            <ns3:hr>104</ns3:hr>
          </ns3:TrackPointExtension>
        </extensions>
      </trkpt>
      <trkpt lat="43.2937437482178211212158203125" lon="-79.9372650682926177978515625">
        <ele>194.600006103515625</ele>
        <time>2025-10-04T19:17:52.000Z</time>
        <extensions>
          <ns3:TrackPointExtension>
            <ns3:hr>102</ns3:hr>
          </ns3:TrackPointExtension>
        </extensions>
      </trkpt>
      <trkpt lat="43.29372891224920749664306640625" lon="-79.93727688677608966827392578125">
        <ele>195</ele>
        <time>2025-10-04T19:18:04.000Z</time>
        <extensions>
          <ns3:TrackPointExtension>
            <ns3:hr>101</ns3:hr>
          </ns3:TrackPointExtension>
        </extensions>
      </trkpt>
      <trkpt lat="43.29373192973434925079345703125" lon="-79.937277138233184814453125">
        <ele>195.1999969482421875</ele>
        <time>2025-10-04T19:18:08.000Z</time>
        <extensions>
          <ns3:TrackPointExtension>
            <ns3:hr>104</ns3:hr>
          </ns3:TrackPointExtension>
        </extensions>
      </trkpt>
      <trkpt lat="43.2937377132475376129150390625" lon="-79.93727822788059711456298828125">
        <ele>195.1999969482421875</ele>
        <time>2025-10-04T19:18:10.000Z</time>
        <extensions>
          <ns3:TrackPointExtension>
            <ns3:hr>107</ns3:hr>
          </ns3:TrackPointExtension>
        </extensions>
      </trkpt>
      <trkpt lat="43.29372991807758808135986328125" lon="-79.93729063309729099273681640625">
        <ele>195.1999969482421875</ele>
        <time>2025-10-04T19:18:18.000Z</time>
        <extensions>
          <ns3:TrackPointExtension>
            <ns3:hr>110</ns3:hr>
          </ns3:TrackPointExtension>
        </extensions>
      </trkpt>
      <trkpt lat="43.29372681677341461181640625" lon="-79.93728878907859325408935546875">
        <ele>195.1999969482421875</ele>
        <time>2025-10-04T19:18:19.000Z</time>
        <extensions>
          <ns3:TrackPointExtension>
            <ns3:hr>111</ns3:hr>
          </ns3:TrackPointExtension>
        </extensions>
      </trkpt>
      <trkpt lat="43.2937249727547168731689453125" lon="-79.93727571330964565277099609375">
        <ele>195</ele>
        <time>2025-10-04T19:18:23.000Z</time>
        <extensions>
          <ns3:TrackPointExtension>
            <ns3:hr>116</ns3:hr>
          </ns3:TrackPointExtension>
        </extensions>
      </trkpt>
      <trkpt lat="43.293723799288272857666015625" lon="-79.937271438539028167724609375">
        <ele>195</ele>
        <time>2025-10-04T19:18:25.000Z</time>
        <extensions>
          <ns3:TrackPointExtension>
            <ns3:hr>120</ns3:hr>
          </ns3:TrackPointExtension>
        </extensions>
      </trkpt>
      <trkpt lat="43.29370594583451747894287109375" lon="-79.9372221529483795166015625">
        <ele>194.399993896484375</ele>
        <time>2025-10-04T19:18:36.000Z</time>
        <extensions>
          <ns3:TrackPointExtension>
            <ns3:hr>119</ns3:hr>
          </ns3:TrackPointExtension>
        </extensions>
      </trkpt>
      <trkpt lat="43.29370401799678802490234375" lon="-79.93722475133836269378662109375">
        <ele>194.600006103515625</ele>
        <time>2025-10-04T19:18:38.000Z</time>
        <extensions>
          <ns3:TrackPointExtension>
            <ns3:hr>116</ns3:hr>
          </ns3:TrackPointExtension>
        </extensions>
      </trkpt>
      <trkpt lat="43.2936347834765911102294921875" lon="-79.937270097434520721435546875">
        <ele>195</ele>
        <time>2025-10-04T19:18:45.000Z</time>
        <extensions>
          <ns3:TrackPointExtension>
            <ns3:hr>117</ns3:hr>
          </ns3:TrackPointExtension>
        </extensions>
      </trkpt>
      <trkpt lat="43.29362464137375354766845703125" lon="-79.937274791300296783447265625">
        <ele>195.1999969482421875</ele>
        <time>2025-10-04T19:18:46.000Z</time>
        <extensions>
          <ns3:TrackPointExtension>
            <ns3:hr>118</ns3:hr>
          </ns3:TrackPointExtension>
        </extensions>
      </trkpt>
      <trkpt lat="43.2935747690498828887939453125" lon="-79.9372873641550540924072265625">
        <ele>195.1999969482421875</ele>
        <time>2025-10-04T19:18:51.000Z</time>
        <extensions>
          <ns3:TrackPointExtension>
            <ns3:hr>119</ns3:hr>
          </ns3:TrackPointExtension>
        </extensions>
      </trkpt>
      <trkpt lat="43.2935207895934581756591796875" lon="-79.93729197420179843902587890625">
        <ele>195.399993896484375</ele>
        <time>2025-10-04T19:18:56.000Z</time>
        <extensions>
          <ns3:TrackPointExtension>
            <ns3:hr>115</ns3:hr>
          </ns3:TrackPointExtension>
        </extensions>
      </trkpt>
      <trkpt lat="43.29349606297910213470458984375" lon="-79.937292896211147308349609375">
        <ele>195.399993896484375</ele>
        <time>2025-10-04T19:18:58.000Z</time>
        <extensions>
          <ns3:TrackPointExtension>
            <ns3:hr>118</ns3:hr>
          </ns3:TrackPointExtension>
        </extensions>
      </trkpt>
      <trkpt lat="43.293457590043544769287109375" lon="-79.93728878907859325408935546875">
        <ele>195.399993896484375</ele>
        <time>2025-10-04T19:19:01.000Z</time>
        <extensions>
          <ns3:TrackPointExtension>
            <ns3:hr>120</ns3:hr>
          </ns3:TrackPointExtension>
        </extensions>
      </trkpt>
      <trkpt lat="43.29339212737977504730224609375" lon="-79.93728560395538806915283203125">
        <ele>195.1999969482421875</ele>
        <time>2025-10-04T19:19:06.000Z</time>
        <extensions>
          <ns3:TrackPointExtension>
            <ns3:hr>123</ns3:hr>
          </ns3:TrackPointExtension>
        </extensions>
      </trkpt>
      <trkpt lat="43.29331350512802600860595703125" lon="-79.93728392757475376129150390625">
        <ele>195</ele>
        <time>2025-10-04T19:19:12.000Z</time>
        <extensions>
          <ns3:TrackPointExtension>
            <ns3:hr>120</ns3:hr>
          </ns3:TrackPointExtension>
        </extensions>
      </trkpt>
      <trkpt lat="43.29326891340315341949462890625" lon="-79.9372803233563899993896484375">
        <ele>194.8000030517578125</ele>
        <time>2025-10-04T19:19:16.000Z</time>
        <extensions>
          <ns3:TrackPointExtension>
            <ns3:hr>121</ns3:hr>
          </ns3:TrackPointExtension>
        </extensions>
      </trkpt>
      <trkpt lat="43.2930876128375530242919921875" lon="-79.93726531974971294403076171875">
        <ele>194.8000030517578125</ele>
        <time>2025-10-04T19:19:29.000Z</time>
        <extensions>
          <ns3:TrackPointExtension>
            <ns3:hr>121</ns3:hr>
          </ns3:TrackPointExtension>
        </extensions>
      </trkpt>
      <trkpt lat="43.2930835895240306854248046875" lon="-79.93726666085422039031982421875">
        <ele>194.8000030517578125</ele>
        <time>2025-10-04T19:19:30.000Z</time>
        <extensions>
          <ns3:TrackPointExtension>
            <ns3:hr>121</ns3:hr>
          </ns3:TrackPointExtension>
        </extensions>
      </trkpt>
      <trkpt lat="43.29300940968096256256103515625" lon="-79.9372702650725841522216796875">
        <ele>194.8000030517578125</ele>
        <time>2025-10-04T19:19:39.000Z</time>
        <extensions>
          <ns3:TrackPointExtension>
            <ns3:hr>122</ns3:hr>
          </ns3:TrackPointExtension>
        </extensions>
      </trkpt>
      <trkpt lat="43.2929437793791294097900390625" lon="-79.93726565502583980560302734375">
        <ele>194.8000030517578125</ele>
        <time>2025-10-04T19:19:43.000Z</time>
        <extensions>
          <ns3:TrackPointExtension>
            <ns3:hr>125</ns3:hr>
          </ns3:TrackPointExtension>
        </extensions>
      </trkpt>
      <trkpt lat="43.2928301207721233367919921875" lon="-79.93725559674203395843505859375">
        <ele>194.8000030517578125</ele>
        <time>2025-10-04T19:19:51.000Z</time>
        <extensions>
          <ns3:TrackPointExtension>
            <ns3:hr>125</ns3:hr>
          </ns3:TrackPointExtension>
        </extensions>
      </trkpt>
      <trkpt lat="43.29268117435276508331298828125" lon="-79.937212765216827392578125">
        <ele>194.8000030517578125</ele>
        <time>2025-10-04T19:20:02.000Z</time>
        <extensions>
          <ns3:TrackPointExtension>
            <ns3:hr>122</ns3:hr>
          </ns3:TrackPointExtension>
        </extensions>
      </trkpt>
      <trkpt lat="43.29265016131103038787841796875" lon="-79.937192313373088836669921875">
        <ele>194.8000030517578125</ele>
        <time>2025-10-04T19:20:05.000Z</time>
        <extensions>
          <ns3:TrackPointExtension>
            <ns3:hr>125</ns3:hr>
          </ns3:TrackPointExtension>
        </extensions>
      </trkpt>
      <trkpt lat="43.2926383428275585174560546875" lon="-79.93718887679278850555419921875">
        <ele>194.8000030517578125</ele>
        <time>2025-10-04T19:20:06.000Z</time>
        <extensions>
          <ns3:TrackPointExtension>
            <ns3:hr>122</ns3:hr>
          </ns3:TrackPointExtension>
        </extensions>
      </trkpt>
      <trkpt lat="43.292555697262287139892578125" lon="-79.93715501390397548675537109375">
        <ele>194.8000030517578125</ele>
        <time>2025-10-04T19:20:13.000Z</time>
        <extensions>
          <ns3:TrackPointExtension>
            <ns3:hr>126</ns3:hr>
          </ns3:TrackPointExtension>
        </extensions>
      </trkpt>
      <trkpt lat="43.29251655377447605133056640625" lon="-79.9371358193457126617431640625">
        <ele>194.8000030517578125</ele>
        <time>2025-10-04T19:20:16.000Z</time>
        <extensions>
          <ns3:TrackPointExtension>
            <ns3:hr>125</ns3:hr>
          </ns3:TrackPointExtension>
        </extensions>
      </trkpt>
      <trkpt lat="43.2923416234552860260009765625" lon="-79.937126934528350830078125">
        <ele>194.8000030517578125</ele>
        <time>2025-10-04T19:20:28.000Z</time>
        <extensions>
          <ns3:TrackPointExtension>
            <ns3:hr>123</ns3:hr>
          </ns3:TrackPointExtension>
        </extensions>
      </trkpt>
      <trkpt lat="43.2922710478305816650390625" lon="-79.93711327202618122100830078125">
        <ele>194.8000030517578125</ele>
        <time>2025-10-04T19:20:35.000Z</time>
        <extensions>
          <ns3:TrackPointExtension>
            <ns3:hr>126</ns3:hr>
          </ns3:TrackPointExtension>
        </extensions>
      </trkpt>
      <trkpt lat="43.292270042002201080322265625" lon="-79.93711813353002071380615234375">
        <ele>194.8000030517578125</ele>
        <time>2025-10-04T19:20:36.000Z</time>
        <extensions>
          <ns3:TrackPointExtension>
            <ns3:hr>125</ns3:hr>
          </ns3:TrackPointExtension>
        </extensions>
      </trkpt>
      <trkpt lat="43.292214386165142059326171875" lon="-79.93713439442217350006103515625">
        <ele>194.8000030517578125</ele>
        <time>2025-10-04T19:20:46.000Z</time>
        <extensions>
          <ns3:TrackPointExtension>
            <ns3:hr>124</ns3:hr>
          </ns3:TrackPointExtension>
        </extensions>
      </trkpt>
      <trkpt lat="43.29212847165763378143310546875" lon="-79.93710472248494625091552734375">
        <ele>194.8000030517578125</ele>
        <time>2025-10-04T19:20:52.000Z</time>
        <extensions>
          <ns3:TrackPointExtension>
            <ns3:hr>121</ns3:hr>
          </ns3:TrackPointExtension>
        </extensions>
      </trkpt>
      <trkpt lat="43.292080275714397430419921875" lon="-79.9370929040014743804931640625">
        <ele>194.8000030517578125</ele>
        <time>2025-10-04T19:20:55.000Z</time>
        <extensions>
          <ns3:TrackPointExtension>
            <ns3:hr>124</ns3:hr>
          </ns3:TrackPointExtension>
        </extensions>
      </trkpt>
      <trkpt lat="43.29205269925296306610107421875" lon="-79.93708410300314426422119140625">
        <ele>194.8000030517578125</ele>
        <time>2025-10-04T19:20:57.000Z</time>
        <extensions>
          <ns3:TrackPointExtension>
            <ns3:hr>121</ns3:hr>
          </ns3:TrackPointExtension>
        </extensions>
      </trkpt>
      <trkpt lat="43.29199352301657199859619140625" lon="-79.937070272862911224365234375">
        <ele>194.8000030517578125</ele>
        <time>2025-10-04T19:21:01.000Z</time>
        <extensions>
          <ns3:TrackPointExtension>
            <ns3:hr>124</ns3:hr>
          </ns3:TrackPointExtension>
        </extensions>
      </trkpt>
      <trkpt lat="43.2919523678719997406005859375" lon="-79.9370587058365345001220703125">
        <ele>194.8000030517578125</ele>
        <time>2025-10-04T19:21:04.000Z</time>
        <extensions>
          <ns3:TrackPointExtension>
            <ns3:hr>124</ns3:hr>
          </ns3:TrackPointExtension>
        </extensions>
      </trkpt>
      <trkpt lat="43.291921354830265045166015625" lon="-79.9370503239333629608154296875">
        <ele>194.600006103515625</ele>
        <time>2025-10-04T19:21:06.000Z</time>
        <extensions>
          <ns3:TrackPointExtension>
            <ns3:hr>121</ns3:hr>
          </ns3:TrackPointExtension>
        </extensions>
      </trkpt>
      <trkpt lat="43.29181582666933536529541015625" lon="-79.9370224960148334503173828125">
        <ele>194.600006103515625</ele>
        <time>2025-10-04T19:21:13.000Z</time>
        <extensions>
          <ns3:TrackPointExtension>
            <ns3:hr>119</ns3:hr>
          </ns3:TrackPointExtension>
        </extensions>
      </trkpt>
      <trkpt lat="43.29178967513144016265869140625" lon="-79.9370144493877887725830078125">
        <ele>194.600006103515625</ele>
        <time>2025-10-04T19:21:15.000Z</time>
        <extensions>
          <ns3:TrackPointExtension>
            <ns3:hr>122</ns3:hr>
          </ns3:TrackPointExtension>
        </extensions>
      </trkpt>
      <trkpt lat="43.291726894676685333251953125" lon="-79.93700799532234668731689453125">
        <ele>194.8000030517578125</ele>
        <time>2025-10-04T19:21:20.000Z</time>
        <extensions>
          <ns3:TrackPointExtension>
            <ns3:hr>122</ns3:hr>
          </ns3:TrackPointExtension>
        </extensions>
      </trkpt>
      <trkpt lat="43.2916408963501453399658203125" lon="-79.9369926564395427703857421875">
        <ele>194.8000030517578125</ele>
        <time>2025-10-04T19:21:26.000Z</time>
        <extensions>
          <ns3:TrackPointExtension>
            <ns3:hr>118</ns3:hr>
          </ns3:TrackPointExtension>
        </extensions>
      </trkpt>
      <trkpt lat="43.2916244678199291229248046875" lon="-79.93699014186859130859375">
        <ele>194.8000030517578125</ele>
        <time>2025-10-04T19:21:28.000Z</time>
        <extensions>
          <ns3:TrackPointExtension>
            <ns3:hr>118</ns3:hr>
          </ns3:TrackPointExtension>
        </extensions>
      </trkpt>
      <trkpt lat="43.291580714285373687744140625" lon="-79.936977066099643707275390625">
        <ele>195</ele>
        <time>2025-10-04T19:21:38.000Z</time>
        <extensions>
          <ns3:TrackPointExtension>
            <ns3:hr>119</ns3:hr>
          </ns3:TrackPointExtension>
        </extensions>
      </trkpt>
      <trkpt lat="43.2915634475648403167724609375" lon="-79.93695552460849285125732421875">
        <ele>195</ele>
        <time>2025-10-04T19:21:45.000Z</time>
        <extensions>
          <ns3:TrackPointExtension>
            <ns3:hr>125</ns3:hr>
          </ns3:TrackPointExtension>
        </extensions>
      </trkpt>
      <trkpt lat="43.2915269024670124053955078125" lon="-79.93694479577243328094482421875">
        <ele>195</ele>
        <time>2025-10-04T19:21:49.000Z</time>
        <extensions>
          <ns3:TrackPointExtension>
            <ns3:hr>125</ns3:hr>
          </ns3:TrackPointExtension>
        </extensions>
      </trkpt>
      <trkpt lat="43.29147116281092166900634765625" lon="-79.9369460530579090118408203125">
        <ele>194.8000030517578125</ele>
        <time>2025-10-04T19:21:54.000Z</time>
        <extensions>
          <ns3:TrackPointExtension>
            <ns3:hr>128</ns3:hr>
          </ns3:TrackPointExtension>
        </extensions>
      </trkpt>
      <trkpt lat="43.291451297700405120849609375" lon="-79.93693842552602291107177734375">
        <ele>194.8000030517578125</ele>
        <time>2025-10-04T19:21:56.000Z</time>
        <extensions>
          <ns3:TrackPointExtension>
            <ns3:hr>125</ns3:hr>
          </ns3:TrackPointExtension>
        </extensions>
      </trkpt>
      <trkpt lat="43.29142958857119083404541015625" lon="-79.936930127441883087158203125">
        <ele>194.600006103515625</ele>
        <time>2025-10-04T19:21:58.000Z</time>
        <extensions>
          <ns3:TrackPointExtension>
            <ns3:hr>121</ns3:hr>
          </ns3:TrackPointExtension>
        </extensions>
      </trkpt>
      <trkpt lat="43.2914005033671855926513671875" lon="-79.936938174068927764892578125">
        <ele>194.399993896484375</ele>
        <time>2025-10-04T19:22:00.000Z</time>
        <extensions>
          <ns3:TrackPointExtension>
            <ns3:hr>117</ns3:hr>
          </ns3:TrackPointExtension>
        </extensions>
      </trkpt>
      <trkpt lat="43.29132397659122943878173828125" lon="-79.9369432032108306884765625">
        <ele>194.1999969482421875</ele>
        <time>2025-10-04T19:22:05.000Z</time>
        <extensions>
          <ns3:TrackPointExtension>
            <ns3:hr>117</ns3:hr>
          </ns3:TrackPointExtension>
        </extensions>
      </trkpt>
      <trkpt lat="43.29128759913146495819091796875" lon="-79.936935491859912872314453125">
        <ele>194.1999969482421875</ele>
        <time>2025-10-04T19:22:11.000Z</time>
        <extensions>
          <ns3:TrackPointExtension>
            <ns3:hr>117</ns3:hr>
          </ns3:TrackPointExtension>
        </extensions>
      </trkpt>
      <trkpt lat="43.29121316783130168914794921875" lon="-79.9368974380195140838623046875">
        <ele>194.1999969482421875</ele>
        <time>2025-10-04T19:22:18.000Z</time>
        <extensions>
          <ns3:TrackPointExtension>
            <ns3:hr>120</ns3:hr>
          </ns3:TrackPointExtension>
        </extensions>
      </trkpt>
      <trkpt lat="43.29117846675217151641845703125" lon="-79.93688578717410564422607421875">
        <ele>194.1999969482421875</ele>
        <time>2025-10-04T19:22:21.000Z</time>
        <extensions>
          <ns3:TrackPointExtension>
            <ns3:hr>123</ns3:hr>
          </ns3:TrackPointExtension>
        </extensions>
      </trkpt>
      <trkpt lat="43.2910528220236301422119140625" lon="-79.93690791539847850799560546875">
        <ele>194</ele>
        <time>2025-10-04T19:22:30.000Z</time>
        <extensions>
          <ns3:TrackPointExtension>
            <ns3:hr>120</ns3:hr>
          </ns3:TrackPointExtension>
        </extensions>
      </trkpt>
      <trkpt lat="43.29102524556219577789306640625" lon="-79.93692317046225070953369140625">
        <ele>194</ele>
        <time>2025-10-04T19:22:32.000Z</time>
        <extensions>
          <ns3:TrackPointExtension>
            <ns3:hr>120</ns3:hr>
          </ns3:TrackPointExtension>
        </extensions>
      </trkpt>
      <trkpt lat="43.29093136824667453765869140625" lon="-79.936922080814838409423828125">
        <ele>194</ele>
        <time>2025-10-04T19:22:39.000Z</time>
        <extensions>
          <ns3:TrackPointExtension>
            <ns3:hr>121</ns3:hr>
          </ns3:TrackPointExtension>
        </extensions>
      </trkpt>
      <trkpt lat="43.29085073433816432952880859375" lon="-79.9369182251393795013427734375">
        <ele>194</ele>
        <time>2025-10-04T19:22:46.000Z</time>
        <extensions>
          <ns3:TrackPointExtension>
            <ns3:hr>121</ns3:hr>
          </ns3:TrackPointExtension>
        </extensions>
      </trkpt>
      <trkpt lat="43.29082508571445941925048828125" lon="-79.93692317046225070953369140625">
        <ele>194</ele>
        <time>2025-10-04T19:22:48.000Z</time>
        <extensions>
          <ns3:TrackPointExtension>
            <ns3:hr>124</ns3:hr>
          </ns3:TrackPointExtension>
        </extensions>
      </trkpt>
      <trkpt lat="43.29077278263866901397705078125" lon="-79.93691277690231800079345703125">
        <ele>193.8000030517578125</ele>
        <time>2025-10-04T19:22:52.000Z</time>
        <extensions>
          <ns3:TrackPointExtension>
            <ns3:hr>121</ns3:hr>
          </ns3:TrackPointExtension>
        </extensions>
      </trkpt>
      <trkpt lat="43.29074512235820293426513671875" lon="-79.93689953349530696868896484375">
        <ele>193.8000030517578125</ele>
        <time>2025-10-04T19:22:54.000Z</time>
        <extensions>
          <ns3:TrackPointExtension>
            <ns3:hr>118</ns3:hr>
          </ns3:TrackPointExtension>
        </extensions>
      </trkpt>
      <trkpt lat="43.29071025364100933074951171875" lon="-79.93686215020716190338134765625">
        <ele>193.8000030517578125</ele>
        <time>2025-10-04T19:22:57.000Z</time>
        <extensions>
          <ns3:TrackPointExtension>
            <ns3:hr>115</ns3:hr>
          </ns3:TrackPointExtension>
        </extensions>
      </trkpt>
      <trkpt lat="43.29067957587540149688720703125" lon="-79.936830215156078338623046875">
        <ele>193.8000030517578125</ele>
        <time>2025-10-04T19:23:01.000Z</time>
        <extensions>
          <ns3:TrackPointExtension>
            <ns3:hr>115</ns3:hr>
          </ns3:TrackPointExtension>
        </extensions>
      </trkpt>
      <trkpt lat="43.2906712777912616729736328125" lon="-79.93684236891567707061767578125">
        <ele>193.8000030517578125</ele>
        <time>2025-10-04T19:23:03.000Z</time>
        <extensions>
          <ns3:TrackPointExtension>
            <ns3:hr>116</ns3:hr>
          </ns3:TrackPointExtension>
        </extensions>
      </trkpt>
    </trkseg>
  </trk>
</gpx>
