<?xml version="1.0" encoding="UTF-8"?>
<gpx creator="Garmin Connect" version="1.1"
  xsi:schemaLocation="http://www.topografix.com/GPX/1/1 http://www.topografix.com/GPX/11.xsd"
  xmlns:ns3="http://www.garmin.com/xmlschemas/TrackPointExtension/v1"
  xmlns="http://www.topografix.com/GPX/1/1"
  xmlns:xsi="http://www.w3.org/2001/XMLSchema-instance" xmlns:ns2="http://www.garmin.com/xmlschemas/GpxExtensions/v3">
  <metadata>
    <link href="connect.garmin.com">
      <text>Garmin Connect</text>
    </link>
    <time>2025-05-19T16:02:17.000Z</time>
  </metadata>
  <trk>
    <name>Mono Walking</name>
    <type>walking</type>
    <trkseg>
      <trkpt lat="44.06446888111531734466552734375" lon="-80.09916345588862895965576171875">
        <ele>508.20001220703125</ele>
        <time>2025-05-19T16:02:17.000Z</time>
        <extensions>
          <ns3:TrackPointExtension>
            <ns3:hr>104</ns3:hr>
          </ns3:TrackPointExtension>
        </extensions>
      </trkpt>
      <trkpt lat="44.06447164714336395263671875" lon="-80.0991620309650897979736328125">
        <ele>507.79998779296875</ele>
        <time>2025-05-19T16:02:18.000Z</time>
        <extensions>
          <ns3:TrackPointExtension>
            <ns3:hr>104</ns3:hr>
          </ns3:TrackPointExtension>
        </extensions>
      </trkpt>
      <trkpt lat="44.06447944231331348419189453125" lon="-80.09916245006024837493896484375">
        <ele>507.20001220703125</ele>
        <time>2025-05-19T16:02:23.000Z</time>
        <extensions>
          <ns3:TrackPointExtension>
            <ns3:hr>105</ns3:hr>
          </ns3:TrackPointExtension>
        </extensions>
      </trkpt>
      <trkpt lat="44.06448380090296268463134765625" lon="-80.09916789829730987548828125">
        <ele>507</ele>
        <time>2025-05-19T16:02:29.000Z</time>
        <extensions>
          <ns3:TrackPointExtension>
            <ns3:hr>106</ns3:hr>
          </ns3:TrackPointExtension>
        </extensions>
      </trkpt>
      <trkpt lat="44.0644895844161510467529296875" lon="-80.09916211478412151336669921875">
        <ele>506.79998779296875</ele>
        <time>2025-05-19T16:02:41.000Z</time>
        <extensions>
          <ns3:TrackPointExtension>
            <ns3:hr>104</ns3:hr>
          </ns3:TrackPointExtension>
        </extensions>
      </trkpt>
      <trkpt lat="44.06449201516807079315185546875" lon="-80.099160857498645782470703125">
        <ele>506.79998779296875</ele>
        <time>2025-05-19T16:02:43.000Z</time>
        <extensions>
          <ns3:TrackPointExtension>
            <ns3:hr>95</ns3:hr>
          </ns3:TrackPointExtension>
        </extensions>
      </trkpt>
      <trkpt lat="44.06449436210095882415771484375" lon="-80.09916177950799465179443359375">
        <ele>506.79998779296875</ele>
        <time>2025-05-19T16:02:44.000Z</time>
        <extensions>
          <ns3:TrackPointExtension>
            <ns3:hr>92</ns3:hr>
          </ns3:TrackPointExtension>
        </extensions>
      </trkpt>
      <trkpt lat="44.0644951164722442626953125" lon="-80.099162869155406951904296875">
        <ele>506.79998779296875</ele>
        <time>2025-05-19T16:02:45.000Z</time>
        <extensions>
          <ns3:TrackPointExtension>
            <ns3:hr>83</ns3:hr>
          </ns3:TrackPointExtension>
        </extensions>
      </trkpt>
      <trkpt lat="44.064496457576751708984375" lon="-80.0991643778979778289794921875">
        <ele>506.79998779296875</ele>
        <time>2025-05-19T16:02:46.000Z</time>
        <extensions>
          <ns3:TrackPointExtension>
            <ns3:hr>83</ns3:hr>
          </ns3:TrackPointExtension>
        </extensions>
      </trkpt>
      <trkpt lat="44.06449570320546627044677734375" lon="-80.09916278533637523651123046875">
        <ele>506.600006103515625</ele>
        <time>2025-05-19T16:02:50.000Z</time>
        <extensions>
          <ns3:TrackPointExtension>
            <ns3:hr>80</ns3:hr>
          </ns3:TrackPointExtension>
        </extensions>
      </trkpt>
      <trkpt lat="44.06449436210095882415771484375" lon="-80.09916546754539012908935546875">
        <ele>506.79998779296875</ele>
        <time>2025-05-19T16:02:53.000Z</time>
        <extensions>
          <ns3:TrackPointExtension>
            <ns3:hr>78</ns3:hr>
          </ns3:TrackPointExtension>
        </extensions>
      </trkpt>
      <trkpt lat="44.06448815949261188507080078125" lon="-80.09915582835674285888671875">
        <ele>506.79998779296875</ele>
        <time>2025-05-19T16:02:57.000Z</time>
        <extensions>
          <ns3:TrackPointExtension>
            <ns3:hr>74</ns3:hr>
          </ns3:TrackPointExtension>
        </extensions>
      </trkpt>
      <trkpt lat="44.06448547728359699249267578125" lon="-80.09915138594806194305419921875">
        <ele>506.79998779296875</ele>
        <time>2025-05-19T16:02:58.000Z</time>
        <extensions>
          <ns3:TrackPointExtension>
            <ns3:hr>77</ns3:hr>
          </ns3:TrackPointExtension>
        </extensions>
      </trkpt>
      <trkpt lat="44.06447877176105976104736328125" lon="-80.09914535097777843475341796875">
        <ele>508.20001220703125</ele>
        <time>2025-05-19T16:03:00.000Z</time>
        <extensions>
          <ns3:TrackPointExtension>
            <ns3:hr>76</ns3:hr>
          </ns3:TrackPointExtension>
        </extensions>
      </trkpt>
      <trkpt lat="44.0644724853336811065673828125" lon="-80.09914652444422245025634765625">
        <ele>508</ele>
        <time>2025-05-19T16:03:04.000Z</time>
        <extensions>
          <ns3:TrackPointExtension>
            <ns3:hr>79</ns3:hr>
          </ns3:TrackPointExtension>
        </extensions>
      </trkpt>
      <trkpt lat="44.06447432935237884521484375" lon="-80.09914987720549106597900390625">
        <ele>508.20001220703125</ele>
        <time>2025-05-19T16:03:09.000Z</time>
        <extensions>
          <ns3:TrackPointExtension>
            <ns3:hr>82</ns3:hr>
          </ns3:TrackPointExtension>
        </extensions>
      </trkpt>
      <trkpt lat="44.064473323523998260498046875" lon="-80.09914987720549106597900390625">
        <ele>508.20001220703125</ele>
        <time>2025-05-19T16:03:17.000Z</time>
        <extensions>
          <ns3:TrackPointExtension>
            <ns3:hr>79</ns3:hr>
          </ns3:TrackPointExtension>
        </extensions>
      </trkpt>
      <trkpt lat="44.06447525136172771453857421875" lon="-80.099146105349063873291015625">
        <ele>508.399993896484375</ele>
        <time>2025-05-19T16:03:23.000Z</time>
        <extensions>
          <ns3:TrackPointExtension>
            <ns3:hr>76</ns3:hr>
          </ns3:TrackPointExtension>
        </extensions>
      </trkpt>
      <trkpt lat="44.06447432935237884521484375" lon="-80.099121965467929840087890625">
        <ele>508.399993896484375</ele>
        <time>2025-05-19T16:03:29.000Z</time>
        <extensions>
          <ns3:TrackPointExtension>
            <ns3:hr>74</ns3:hr>
          </ns3:TrackPointExtension>
        </extensions>
      </trkpt>
      <trkpt lat="44.0644744969904422760009765625" lon="-80.0991207920014858245849609375">
        <ele>508.399993896484375</ele>
        <time>2025-05-19T16:03:40.000Z</time>
        <extensions>
          <ns3:TrackPointExtension>
            <ns3:hr>71</ns3:hr>
          </ns3:TrackPointExtension>
        </extensions>
      </trkpt>
      <trkpt lat="44.0644731558859348297119140625" lon="-80.09911953471601009368896484375">
        <ele>508.399993896484375</ele>
        <time>2025-05-19T16:03:41.000Z</time>
        <extensions>
          <ns3:TrackPointExtension>
            <ns3:hr>74</ns3:hr>
          </ns3:TrackPointExtension>
        </extensions>
      </trkpt>
      <trkpt lat="44.06447189860045909881591796875" lon="-80.0991174392402172088623046875">
        <ele>508.399993896484375</ele>
        <time>2025-05-19T16:03:44.000Z</time>
        <extensions>
          <ns3:TrackPointExtension>
            <ns3:hr>80</ns3:hr>
          </ns3:TrackPointExtension>
        </extensions>
      </trkpt>
      <trkpt lat="44.06447139568626880645751953125" lon="-80.09911702014505863189697265625">
        <ele>508.399993896484375</ele>
        <time>2025-05-19T16:03:45.000Z</time>
        <extensions>
          <ns3:TrackPointExtension>
            <ns3:hr>85</ns3:hr>
          </ns3:TrackPointExtension>
        </extensions>
      </trkpt>
      <trkpt lat="44.06447122804820537567138671875" lon="-80.099117942154407501220703125">
        <ele>508.399993896484375</ele>
        <time>2025-05-19T16:03:46.000Z</time>
        <extensions>
          <ns3:TrackPointExtension>
            <ns3:hr>88</ns3:hr>
          </ns3:TrackPointExtension>
        </extensions>
      </trkpt>
      <trkpt lat="44.06452470459043979644775390625" lon="-80.09915172122418880462646484375">
        <ele>508.399993896484375</ele>
        <time>2025-05-19T16:03:58.000Z</time>
        <extensions>
          <ns3:TrackPointExtension>
            <ns3:hr>89</ns3:hr>
          </ns3:TrackPointExtension>
        </extensions>
      </trkpt>
      <trkpt lat="44.06451967544853687286376953125" lon="-80.09928591549396514892578125">
        <ele>509</ele>
        <time>2025-05-19T16:04:08.000Z</time>
        <extensions>
          <ns3:TrackPointExtension>
            <ns3:hr>91</ns3:hr>
          </ns3:TrackPointExtension>
        </extensions>
      </trkpt>
      <trkpt lat="44.064508192241191864013671875" lon="-80.09931986220180988311767578125">
        <ele>509.399993896484375</ele>
        <time>2025-05-19T16:04:11.000Z</time>
        <extensions>
          <ns3:TrackPointExtension>
            <ns3:hr>91</ns3:hr>
          </ns3:TrackPointExtension>
        </extensions>
      </trkpt>
      <trkpt lat="44.0644897520542144775390625" lon="-80.0993655435740947723388671875">
        <ele>510.79998779296875</ele>
        <time>2025-05-19T16:04:15.000Z</time>
        <extensions>
          <ns3:TrackPointExtension>
            <ns3:hr>90</ns3:hr>
          </ns3:TrackPointExtension>
        </extensions>
      </trkpt>
      <trkpt lat="44.06448028050363063812255859375" lon="-80.09939094074070453643798828125">
        <ele>511.79998779296875</ele>
        <time>2025-05-19T16:04:18.000Z</time>
        <extensions>
          <ns3:TrackPointExtension>
            <ns3:hr>88</ns3:hr>
          </ns3:TrackPointExtension>
        </extensions>
      </trkpt>
      <trkpt lat="44.06447508372366428375244140625" lon="-80.0994072854518890380859375">
        <ele>512.20001220703125</ele>
        <time>2025-05-19T16:04:20.000Z</time>
        <extensions>
          <ns3:TrackPointExtension>
            <ns3:hr>88</ns3:hr>
          </ns3:TrackPointExtension>
        </extensions>
      </trkpt>
      <trkpt lat="44.06446921639144420623779296875" lon="-80.09943419136106967926025390625">
        <ele>512.79998779296875</ele>
        <time>2025-05-19T16:04:23.000Z</time>
        <extensions>
          <ns3:TrackPointExtension>
            <ns3:hr>88</ns3:hr>
          </ns3:TrackPointExtension>
        </extensions>
      </trkpt>
      <trkpt lat="44.0644548833370208740234375" lon="-80.099492780864238739013671875">
        <ele>513.5999755859375</ele>
        <time>2025-05-19T16:04:27.000Z</time>
        <extensions>
          <ns3:TrackPointExtension>
            <ns3:hr>90</ns3:hr>
          </ns3:TrackPointExtension>
        </extensions>
      </trkpt>
      <trkpt lat="44.06444759108126163482666015625" lon="-80.0995217822492122650146484375">
        <ele>514</ele>
        <time>2025-05-19T16:04:29.000Z</time>
        <extensions>
          <ns3:TrackPointExtension>
            <ns3:hr>89</ns3:hr>
          </ns3:TrackPointExtension>
        </extensions>
      </trkpt>
      <trkpt lat="44.06443082727491855621337890625" lon="-80.0995821319520473480224609375">
        <ele>514.4000244140625</ele>
        <time>2025-05-19T16:04:34.000Z</time>
        <extensions>
          <ns3:TrackPointExtension>
            <ns3:hr>88</ns3:hr>
          </ns3:TrackPointExtension>
        </extensions>
      </trkpt>
      <trkpt lat="44.064453206956386566162109375" lon="-80.09963485412299633026123046875">
        <ele>514.5999755859375</ele>
        <time>2025-05-19T16:04:40.000Z</time>
        <extensions>
          <ns3:TrackPointExtension>
            <ns3:hr>91</ns3:hr>
          </ns3:TrackPointExtension>
        </extensions>
      </trkpt>
      <trkpt lat="44.06446938402950763702392578125" lon="-80.0996810384094715118408203125">
        <ele>514.5999755859375</ele>
        <time>2025-05-19T16:04:44.000Z</time>
        <extensions>
          <ns3:TrackPointExtension>
            <ns3:hr>89</ns3:hr>
          </ns3:TrackPointExtension>
        </extensions>
      </trkpt>
      <trkpt lat="44.064482711255550384521484375" lon="-80.0997430644929409027099609375">
        <ele>514.4000244140625</ele>
        <time>2025-05-19T16:04:49.000Z</time>
        <extensions>
          <ns3:TrackPointExtension>
            <ns3:hr>94</ns3:hr>
          </ns3:TrackPointExtension>
        </extensions>
      </trkpt>
      <trkpt lat="44.06448505818843841552734375" lon="-80.09975907392799854278564453125">
        <ele>514.20001220703125</ele>
        <time>2025-05-19T16:04:50.000Z</time>
        <extensions>
          <ns3:TrackPointExtension>
            <ns3:hr>99</ns3:hr>
          </ns3:TrackPointExtension>
        </extensions>
      </trkpt>
      <trkpt lat="44.06449050642549991607666015625" lon="-80.09979461319744586944580078125">
        <ele>514.20001220703125</ele>
        <time>2025-05-19T16:04:52.000Z</time>
        <extensions>
          <ns3:TrackPointExtension>
            <ns3:hr>104</ns3:hr>
          </ns3:TrackPointExtension>
        </extensions>
      </trkpt>
      <trkpt lat="44.06451313756406307220458984375" lon="-80.099886395037174224853515625">
        <ele>514</ele>
        <time>2025-05-19T16:04:57.000Z</time>
        <extensions>
          <ns3:TrackPointExtension>
            <ns3:hr>103</ns3:hr>
          </ns3:TrackPointExtension>
        </extensions>
      </trkpt>
      <trkpt lat="44.0645420551300048828125" lon="-80.099986977875232696533203125">
        <ele>514.20001220703125</ele>
        <time>2025-05-19T16:05:04.000Z</time>
        <extensions>
          <ns3:TrackPointExtension>
            <ns3:hr>99</ns3:hr>
          </ns3:TrackPointExtension>
        </extensions>
      </trkpt>
      <trkpt lat="44.06456761993467807769775390625" lon="-80.100033916532993316650390625">
        <ele>514.5999755859375</ele>
        <time>2025-05-19T16:05:08.000Z</time>
        <extensions>
          <ns3:TrackPointExtension>
            <ns3:hr>102</ns3:hr>
          </ns3:TrackPointExtension>
        </extensions>
      </trkpt>
      <trkpt lat="44.06458052806556224822998046875" lon="-80.10006048716604709625244140625">
        <ele>514.5999755859375</ele>
        <time>2025-05-19T16:05:10.000Z</time>
        <extensions>
          <ns3:TrackPointExtension>
            <ns3:hr>101</ns3:hr>
          </ns3:TrackPointExtension>
        </extensions>
      </trkpt>
      <trkpt lat="44.0646184980869293212890625" lon="-80.100175403058528900146484375">
        <ele>514.5999755859375</ele>
        <time>2025-05-19T16:05:19.000Z</time>
        <extensions>
          <ns3:TrackPointExtension>
            <ns3:hr>108</ns3:hr>
          </ns3:TrackPointExtension>
        </extensions>
      </trkpt>
      <trkpt lat="44.064623527228832244873046875" lon="-80.10018805973231792449951171875">
        <ele>514.5999755859375</ele>
        <time>2025-05-19T16:05:20.000Z</time>
        <extensions>
          <ns3:TrackPointExtension>
            <ns3:hr>111</ns3:hr>
          </ns3:TrackPointExtension>
        </extensions>
      </trkpt>
      <trkpt lat="44.064651690423488616943359375" lon="-80.10024036280810832977294921875">
        <ele>514.5999755859375</ele>
        <time>2025-05-19T16:05:24.000Z</time>
        <extensions>
          <ns3:TrackPointExtension>
            <ns3:hr>109</ns3:hr>
          </ns3:TrackPointExtension>
        </extensions>
      </trkpt>
      <trkpt lat="44.06466417945921421051025390625" lon="-80.1002671010792255401611328125">
        <ele>515</ele>
        <time>2025-05-19T16:05:26.000Z</time>
        <extensions>
          <ns3:TrackPointExtension>
            <ns3:hr>110</ns3:hr>
          </ns3:TrackPointExtension>
        </extensions>
      </trkpt>
      <trkpt lat="44.06470927409827709197998046875" lon="-80.10035435669124126434326171875">
        <ele>516.20001220703125</ele>
        <time>2025-05-19T16:05:32.000Z</time>
        <extensions>
          <ns3:TrackPointExtension>
            <ns3:hr>109</ns3:hr>
          </ns3:TrackPointExtension>
        </extensions>
      </trkpt>
      <trkpt lat="44.06476073898375034332275390625" lon="-80.10042945854365825653076171875">
        <ele>516.4000244140625</ele>
        <time>2025-05-19T16:05:38.000Z</time>
        <extensions>
          <ns3:TrackPointExtension>
            <ns3:hr>106</ns3:hr>
          </ns3:TrackPointExtension>
        </extensions>
      </trkpt>
      <trkpt lat="44.06476560048758983612060546875" lon="-80.100444294512271881103515625">
        <ele>516.4000244140625</ele>
        <time>2025-05-19T16:05:39.000Z</time>
        <extensions>
          <ns3:TrackPointExtension>
            <ns3:hr>106</ns3:hr>
          </ns3:TrackPointExtension>
        </extensions>
      </trkpt>
      <trkpt lat="44.0647718869149684906005859375" lon="-80.10045938193798065185546875">
        <ele>516.4000244140625</ele>
        <time>2025-05-19T16:05:40.000Z</time>
        <extensions>
          <ns3:TrackPointExtension>
            <ns3:hr>109</ns3:hr>
          </ns3:TrackPointExtension>
        </extensions>
      </trkpt>
      <trkpt lat="44.06479242257773876190185546875" lon="-80.1004994474351406097412109375">
        <ele>516.4000244140625</ele>
        <time>2025-05-19T16:05:43.000Z</time>
        <extensions>
          <ns3:TrackPointExtension>
            <ns3:hr>112</ns3:hr>
          </ns3:TrackPointExtension>
        </extensions>
      </trkpt>
      <trkpt lat="44.06480315141379833221435546875" lon="-80.1005135290324687957763671875">
        <ele>516.4000244140625</ele>
        <time>2025-05-19T16:05:44.000Z</time>
        <extensions>
          <ns3:TrackPointExtension>
            <ns3:hr>115</ns3:hr>
          </ns3:TrackPointExtension>
        </extensions>
      </trkpt>
      <trkpt lat="44.06481086276471614837646484375" lon="-80.100526772439479827880859375">
        <ele>516.4000244140625</ele>
        <time>2025-05-19T16:05:45.000Z</time>
        <extensions>
          <ns3:TrackPointExtension>
            <ns3:hr>112</ns3:hr>
          </ns3:TrackPointExtension>
        </extensions>
      </trkpt>
      <trkpt lat="44.0648382715880870819091796875" lon="-80.10065208189189434051513671875">
        <ele>516</ele>
        <time>2025-05-19T16:05:52.000Z</time>
        <extensions>
          <ns3:TrackPointExtension>
            <ns3:hr>109</ns3:hr>
          </ns3:TrackPointExtension>
        </extensions>
      </trkpt>
      <trkpt lat="44.06484506092965602874755859375" lon="-80.10066348128020763397216796875">
        <ele>515.79998779296875</ele>
        <time>2025-05-19T16:05:53.000Z</time>
        <extensions>
          <ns3:TrackPointExtension>
            <ns3:hr>110</ns3:hr>
          </ns3:TrackPointExtension>
        </extensions>
      </trkpt>
      <trkpt lat="44.064859561622142791748046875" lon="-80.10072584263980388641357421875">
        <ele>515.20001220703125</ele>
        <time>2025-05-19T16:05:57.000Z</time>
        <extensions>
          <ns3:TrackPointExtension>
            <ns3:hr>110</ns3:hr>
          </ns3:TrackPointExtension>
        </extensions>
      </trkpt>
      <trkpt lat="44.06492921523749828338623046875" lon="-80.10082659311592578887939453125">
        <ele>514.4000244140625</ele>
        <time>2025-05-19T16:06:07.000Z</time>
        <extensions>
          <ns3:TrackPointExtension>
            <ns3:hr>107</ns3:hr>
          </ns3:TrackPointExtension>
        </extensions>
      </trkpt>
      <trkpt lat="44.06493592076003551483154296875" lon="-80.10083698667585849761962890625">
        <ele>514.4000244140625</ele>
        <time>2025-05-19T16:06:08.000Z</time>
        <extensions>
          <ns3:TrackPointExtension>
            <ns3:hr>104</ns3:hr>
          </ns3:TrackPointExtension>
        </extensions>
      </trkpt>
      <trkpt lat="44.06496643088757991790771484375" lon="-80.1008903793990612030029296875">
        <ele>514.20001220703125</ele>
        <time>2025-05-19T16:06:12.000Z</time>
        <extensions>
          <ns3:TrackPointExtension>
            <ns3:hr>107</ns3:hr>
          </ns3:TrackPointExtension>
        </extensions>
      </trkpt>
      <trkpt lat="44.0650166384875774383544921875" lon="-80.1009617932140827178955078125">
        <ele>514.20001220703125</ele>
        <time>2025-05-19T16:06:18.000Z</time>
        <extensions>
          <ns3:TrackPointExtension>
            <ns3:hr>104</ns3:hr>
          </ns3:TrackPointExtension>
        </extensions>
      </trkpt>
      <trkpt lat="44.0650263614952564239501953125" lon="-80.100986100733280181884765625">
        <ele>514.20001220703125</ele>
        <time>2025-05-19T16:06:20.000Z</time>
        <extensions>
          <ns3:TrackPointExtension>
            <ns3:hr>104</ns3:hr>
          </ns3:TrackPointExtension>
        </extensions>
      </trkpt>
      <trkpt lat="44.06503365375101566314697265625" lon="-80.100997500121593475341796875">
        <ele>514</ele>
        <time>2025-05-19T16:06:21.000Z</time>
        <extensions>
          <ns3:TrackPointExtension>
            <ns3:hr>104</ns3:hr>
          </ns3:TrackPointExtension>
        </extensions>
      </trkpt>
      <trkpt lat="44.0650696121156215667724609375" lon="-80.10105323977768421173095703125">
        <ele>514</ele>
        <time>2025-05-19T16:06:26.000Z</time>
        <extensions>
          <ns3:TrackPointExtension>
            <ns3:hr>107</ns3:hr>
          </ns3:TrackPointExtension>
        </extensions>
      </trkpt>
      <trkpt lat="44.06509794294834136962890625" lon="-80.101146362721920013427734375">
        <ele>513</ele>
        <time>2025-05-19T16:06:33.000Z</time>
        <extensions>
          <ns3:TrackPointExtension>
            <ns3:hr>104</ns3:hr>
          </ns3:TrackPointExtension>
        </extensions>
      </trkpt>
      <trkpt lat="44.06510506756603717803955078125" lon="-80.10116103105247020721435546875">
        <ele>513</ele>
        <time>2025-05-19T16:06:34.000Z</time>
        <extensions>
          <ns3:TrackPointExtension>
            <ns3:hr>104</ns3:hr>
          </ns3:TrackPointExtension>
        </extensions>
      </trkpt>
      <trkpt lat="44.065112359821796417236328125" lon="-80.1011730171740055084228515625">
        <ele>512.79998779296875</ele>
        <time>2025-05-19T16:06:35.000Z</time>
        <extensions>
          <ns3:TrackPointExtension>
            <ns3:hr>105</ns3:hr>
          </ns3:TrackPointExtension>
        </extensions>
      </trkpt>
      <trkpt lat="44.065148569643497467041015625" lon="-80.101226828992366790771484375">
        <ele>512.5999755859375</ele>
        <time>2025-05-19T16:06:39.000Z</time>
        <extensions>
          <ns3:TrackPointExtension>
            <ns3:hr>101</ns3:hr>
          </ns3:TrackPointExtension>
        </extensions>
      </trkpt>
      <trkpt lat="44.065196178853511810302734375" lon="-80.10127603076398372650146484375">
        <ele>512</ele>
        <time>2025-05-19T16:06:44.000Z</time>
        <extensions>
          <ns3:TrackPointExtension>
            <ns3:hr>105</ns3:hr>
          </ns3:TrackPointExtension>
        </extensions>
      </trkpt>
      <trkpt lat="44.06521596014499664306640625" lon="-80.10130486451089382171630859375">
        <ele>512</ele>
        <time>2025-05-19T16:06:46.000Z</time>
        <extensions>
          <ns3:TrackPointExtension>
            <ns3:hr>112</ns3:hr>
          </ns3:TrackPointExtension>
        </extensions>
      </trkpt>
      <trkpt lat="44.06522543169558048248291015625" lon="-80.101342834532260894775390625">
        <ele>512</ele>
        <time>2025-05-19T16:06:48.000Z</time>
        <extensions>
          <ns3:TrackPointExtension>
            <ns3:hr>117</ns3:hr>
          </ns3:TrackPointExtension>
        </extensions>
      </trkpt>
      <trkpt lat="44.06523163430392742156982421875" lon="-80.10135750286281108856201171875">
        <ele>512</ele>
        <time>2025-05-19T16:06:49.000Z</time>
        <extensions>
          <ns3:TrackPointExtension>
            <ns3:hr>117</ns3:hr>
          </ns3:TrackPointExtension>
        </extensions>
      </trkpt>
      <trkpt lat="44.06525074504315853118896484375" lon="-80.10139538906514644622802734375">
        <ele>512</ele>
        <time>2025-05-19T16:06:52.000Z</time>
        <extensions>
          <ns3:TrackPointExtension>
            <ns3:hr>121</ns3:hr>
          </ns3:TrackPointExtension>
        </extensions>
      </trkpt>
      <trkpt lat="44.0652566961944103240966796875" lon="-80.101408548653125762939453125">
        <ele>512</ele>
        <time>2025-05-19T16:06:53.000Z</time>
        <extensions>
          <ns3:TrackPointExtension>
            <ns3:hr>122</ns3:hr>
          </ns3:TrackPointExtension>
        </extensions>
      </trkpt>
      <trkpt lat="44.06529047526419162750244140625" lon="-80.1014630310237407684326171875">
        <ele>511.79998779296875</ele>
        <time>2025-05-19T16:06:58.000Z</time>
        <extensions>
          <ns3:TrackPointExtension>
            <ns3:hr>126</ns3:hr>
          </ns3:TrackPointExtension>
        </extensions>
      </trkpt>
      <trkpt lat="44.065316207706928253173828125" lon="-80.101480968296527862548828125">
        <ele>511.79998779296875</ele>
        <time>2025-05-19T16:07:01.000Z</time>
        <extensions>
          <ns3:TrackPointExtension>
            <ns3:hr>128</ns3:hr>
          </ns3:TrackPointExtension>
        </extensions>
      </trkpt>
      <trkpt lat="44.0653361566364765167236328125" lon="-80.1014918647706508636474609375">
        <ele>511.399993896484375</ele>
        <time>2025-05-19T16:07:03.000Z</time>
        <extensions>
          <ns3:TrackPointExtension>
            <ns3:hr>124</ns3:hr>
          </ns3:TrackPointExtension>
        </extensions>
      </trkpt>
      <trkpt lat="44.06534847803413867950439453125" lon="-80.1014978997409343719482421875">
        <ele>511.20001220703125</ele>
        <time>2025-05-19T16:07:04.000Z</time>
        <extensions>
          <ns3:TrackPointExtension>
            <ns3:hr>124</ns3:hr>
          </ns3:TrackPointExtension>
        </extensions>
      </trkpt>
      <trkpt lat="44.0653797425329685211181640625" lon="-80.101514160633087158203125">
        <ele>510.79998779296875</ele>
        <time>2025-05-19T16:07:07.000Z</time>
        <extensions>
          <ns3:TrackPointExtension>
            <ns3:hr>124</ns3:hr>
          </ns3:TrackPointExtension>
        </extensions>
      </trkpt>
      <trkpt lat="44.065438918769359588623046875" lon="-80.10157559998333454132080078125">
        <ele>509.600006103515625</ele>
        <time>2025-05-19T16:07:15.000Z</time>
        <extensions>
          <ns3:TrackPointExtension>
            <ns3:hr>124</ns3:hr>
          </ns3:TrackPointExtension>
        </extensions>
      </trkpt>
      <trkpt lat="44.06549759209156036376953125" lon="-80.10156604461371898651123046875">
        <ele>509.20001220703125</ele>
        <time>2025-05-19T16:07:20.000Z</time>
        <extensions>
          <ns3:TrackPointExtension>
            <ns3:hr>125</ns3:hr>
          </ns3:TrackPointExtension>
        </extensions>
      </trkpt>
      <trkpt lat="44.06556255184113979339599609375" lon="-80.101579539477825164794921875">
        <ele>508.79998779296875</ele>
        <time>2025-05-19T16:07:24.000Z</time>
        <extensions>
          <ns3:TrackPointExtension>
            <ns3:hr>124</ns3:hr>
          </ns3:TrackPointExtension>
        </extensions>
      </trkpt>
      <trkpt lat="44.065590463578701019287109375" lon="-80.1015904359519481658935546875">
        <ele>508.399993896484375</ele>
        <time>2025-05-19T16:07:26.000Z</time>
        <extensions>
          <ns3:TrackPointExtension>
            <ns3:hr>126</ns3:hr>
          </ns3:TrackPointExtension>
        </extensions>
      </trkpt>
      <trkpt lat="44.0656216442584991455078125" lon="-80.101601667702198028564453125">
        <ele>508.20001220703125</ele>
        <time>2025-05-19T16:07:28.000Z</time>
        <extensions>
          <ns3:TrackPointExtension>
            <ns3:hr>130</ns3:hr>
          </ns3:TrackPointExtension>
        </extensions>
      </trkpt>
      <trkpt lat="44.0656684152781963348388671875" lon="-80.10161516256630420684814453125">
        <ele>508</ele>
        <time>2025-05-19T16:07:31.000Z</time>
        <extensions>
          <ns3:TrackPointExtension>
            <ns3:hr>134</ns3:hr>
          </ns3:TrackPointExtension>
        </extensions>
      </trkpt>
      <trkpt lat="44.06569884158670902252197265625" lon="-80.10161851532757282257080078125">
        <ele>508</ele>
        <time>2025-05-19T16:07:33.000Z</time>
        <extensions>
          <ns3:TrackPointExtension>
            <ns3:hr>132</ns3:hr>
          </ns3:TrackPointExtension>
        </extensions>
      </trkpt>
      <trkpt lat="44.0658038668334484100341796875" lon="-80.101630501449108123779296875">
        <ele>507.79998779296875</ele>
        <time>2025-05-19T16:07:40.000Z</time>
        <extensions>
          <ns3:TrackPointExtension>
            <ns3:hr>129</ns3:hr>
          </ns3:TrackPointExtension>
        </extensions>
      </trkpt>
      <trkpt lat="44.0658189542591571807861328125" lon="-80.101632513105869293212890625">
        <ele>507.79998779296875</ele>
        <time>2025-05-19T16:07:41.000Z</time>
        <extensions>
          <ns3:TrackPointExtension>
            <ns3:hr>129</ns3:hr>
          </ns3:TrackPointExtension>
        </extensions>
      </trkpt>
      <trkpt lat="44.0658987499773502349853515625" lon="-80.101642571389675140380859375">
        <ele>507.399993896484375</ele>
        <time>2025-05-19T16:07:47.000Z</time>
        <extensions>
          <ns3:TrackPointExtension>
            <ns3:hr>128</ns3:hr>
          </ns3:TrackPointExtension>
        </extensions>
      </trkpt>
      <trkpt lat="44.065941162407398223876953125" lon="-80.10164500214159488677978515625">
        <ele>507</ele>
        <time>2025-05-19T16:07:50.000Z</time>
        <extensions>
          <ns3:TrackPointExtension>
            <ns3:hr>127</ns3:hr>
          </ns3:TrackPointExtension>
        </extensions>
      </trkpt>
      <trkpt lat="44.06597896479070186614990234375" lon="-80.10164181701838970184326171875">
        <ele>506.79998779296875</ele>
        <time>2025-05-19T16:07:53.000Z</time>
        <extensions>
          <ns3:TrackPointExtension>
            <ns3:hr>124</ns3:hr>
          </ns3:TrackPointExtension>
        </extensions>
      </trkpt>
      <trkpt lat="44.0660415776073932647705078125" lon="-80.10163309983909130096435546875">
        <ele>506.399993896484375</ele>
        <time>2025-05-19T16:07:57.000Z</time>
        <extensions>
          <ns3:TrackPointExtension>
            <ns3:hr>124</ns3:hr>
          </ns3:TrackPointExtension>
        </extensions>
      </trkpt>
      <trkpt lat="44.06606890261173248291015625" lon="-80.10163678787648677825927734375">
        <ele>506.20001220703125</ele>
        <time>2025-05-19T16:07:59.000Z</time>
        <extensions>
          <ns3:TrackPointExtension>
            <ns3:hr>124</ns3:hr>
          </ns3:TrackPointExtension>
        </extensions>
      </trkpt>
      <trkpt lat="44.0661193616688251495361328125" lon="-80.10163695551455020904541015625">
        <ele>505.600006103515625</ele>
        <time>2025-05-19T16:08:03.000Z</time>
        <extensions>
          <ns3:TrackPointExtension>
            <ns3:hr>121</ns3:hr>
          </ns3:TrackPointExtension>
        </extensions>
      </trkpt>
      <trkpt lat="44.066146351397037506103515625" lon="-80.1016387157142162322998046875">
        <ele>505.20001220703125</ele>
        <time>2025-05-19T16:08:05.000Z</time>
        <extensions>
          <ns3:TrackPointExtension>
            <ns3:hr>122</ns3:hr>
          </ns3:TrackPointExtension>
        </extensions>
      </trkpt>
      <trkpt lat="44.06618365086615085601806640625" lon="-80.10165438987314701080322265625">
        <ele>504.79998779296875</ele>
        <time>2025-05-19T16:08:08.000Z</time>
        <extensions>
          <ns3:TrackPointExtension>
            <ns3:hr>121</ns3:hr>
          </ns3:TrackPointExtension>
        </extensions>
      </trkpt>
      <trkpt lat="44.06622639857232570648193359375" lon="-80.10166126303374767303466796875">
        <ele>504.399993896484375</ele>
        <time>2025-05-19T16:08:11.000Z</time>
        <extensions>
          <ns3:TrackPointExtension>
            <ns3:hr>117</ns3:hr>
          </ns3:TrackPointExtension>
        </extensions>
      </trkpt>
      <trkpt lat="44.066255651414394378662109375" lon="-80.101661346852779388427734375">
        <ele>504.20001220703125</ele>
        <time>2025-05-19T16:08:13.000Z</time>
        <extensions>
          <ns3:TrackPointExtension>
            <ns3:hr>114</ns3:hr>
          </ns3:TrackPointExtension>
        </extensions>
      </trkpt>
      <trkpt lat="44.06630770303308963775634765625" lon="-80.1016724109649658203125">
        <ele>504</ele>
        <time>2025-05-19T16:08:17.000Z</time>
        <extensions>
          <ns3:TrackPointExtension>
            <ns3:hr>112</ns3:hr>
          </ns3:TrackPointExtension>
        </extensions>
      </trkpt>
      <trkpt lat="44.0663346089422702789306640625" lon="-80.1016791164875030517578125">
        <ele>503.79998779296875</ele>
        <time>2025-05-19T16:08:19.000Z</time>
        <extensions>
          <ns3:TrackPointExtension>
            <ns3:hr>109</ns3:hr>
          </ns3:TrackPointExtension>
        </extensions>
      </trkpt>
      <trkpt lat="44.06641432084143161773681640625" lon="-80.101701915264129638671875">
        <ele>503.20001220703125</ele>
        <time>2025-05-19T16:08:25.000Z</time>
        <extensions>
          <ns3:TrackPointExtension>
            <ns3:hr>108</ns3:hr>
          </ns3:TrackPointExtension>
        </extensions>
      </trkpt>
      <trkpt lat="44.06642655842006206512451171875" lon="-80.10170216672122478485107421875">
        <ele>503.20001220703125</ele>
        <time>2025-05-19T16:08:26.000Z</time>
        <extensions>
          <ns3:TrackPointExtension>
            <ns3:hr>107</ns3:hr>
          </ns3:TrackPointExtension>
        </extensions>
      </trkpt>
      <trkpt lat="44.066511131823062896728515625" lon="-80.10171541012823581695556640625">
        <ele>502.399993896484375</ele>
        <time>2025-05-19T16:08:32.000Z</time>
        <extensions>
          <ns3:TrackPointExtension>
            <ns3:hr>105</ns3:hr>
          </ns3:TrackPointExtension>
        </extensions>
      </trkpt>
      <trkpt lat="44.0665228664875030517578125" lon="-80.101717002689838409423828125">
        <ele>502.20001220703125</ele>
        <time>2025-05-19T16:08:33.000Z</time>
        <extensions>
          <ns3:TrackPointExtension>
            <ns3:hr>108</ns3:hr>
          </ns3:TrackPointExtension>
        </extensions>
      </trkpt>
      <trkpt lat="44.06654893420636653900146484375" lon="-80.1017245464026927947998046875">
        <ele>502.20001220703125</ele>
        <time>2025-05-19T16:08:35.000Z</time>
        <extensions>
          <ns3:TrackPointExtension>
            <ns3:hr>105</ns3:hr>
          </ns3:TrackPointExtension>
        </extensions>
      </trkpt>
      <trkpt lat="44.06657584011554718017578125" lon="-80.10173066519200801849365234375">
        <ele>502.20001220703125</ele>
        <time>2025-05-19T16:08:37.000Z</time>
        <extensions>
          <ns3:TrackPointExtension>
            <ns3:hr>102</ns3:hr>
          </ns3:TrackPointExtension>
        </extensions>
      </trkpt>
      <trkpt lat="44.0666355192661285400390625" lon="-80.10174223221838474273681640625">
        <ele>502.20001220703125</ele>
        <time>2025-05-19T16:08:41.000Z</time>
        <extensions>
          <ns3:TrackPointExtension>
            <ns3:hr>101</ns3:hr>
          </ns3:TrackPointExtension>
        </extensions>
      </trkpt>
      <trkpt lat="44.0667657740414142608642578125" lon="-80.10177676565945148468017578125">
        <ele>502.399993896484375</ele>
        <time>2025-05-19T16:08:50.000Z</time>
        <extensions>
          <ns3:TrackPointExtension>
            <ns3:hr>100</ns3:hr>
          </ns3:TrackPointExtension>
        </extensions>
      </trkpt>
      <trkpt lat="44.0668559633195400238037109375" lon="-80.10180224664509296417236328125">
        <ele>502.79998779296875</ele>
        <time>2025-05-19T16:08:58.000Z</time>
        <extensions>
          <ns3:TrackPointExtension>
            <ns3:hr>96</ns3:hr>
          </ns3:TrackPointExtension>
        </extensions>
      </trkpt>
      <trkpt lat="44.066863842308521270751953125" lon="-80.10180895216763019561767578125">
        <ele>503</ele>
        <time>2025-05-19T16:09:00.000Z</time>
        <extensions>
          <ns3:TrackPointExtension>
            <ns3:hr>100</ns3:hr>
          </ns3:TrackPointExtension>
        </extensions>
      </trkpt>
      <trkpt lat="44.06686392612755298614501953125" lon="-80.10181666351854801177978515625">
        <ele>503</ele>
        <time>2025-05-19T16:09:02.000Z</time>
        <extensions>
          <ns3:TrackPointExtension>
            <ns3:hr>97</ns3:hr>
          </ns3:TrackPointExtension>
        </extensions>
      </trkpt>
      <trkpt lat="44.06686308793723583221435546875" lon="-80.10181750170886516571044921875">
        <ele>503.399993896484375</ele>
        <time>2025-05-19T16:09:06.000Z</time>
        <extensions>
          <ns3:TrackPointExtension>
            <ns3:hr>96</ns3:hr>
          </ns3:TrackPointExtension>
        </extensions>
      </trkpt>
      <trkpt lat="44.066863171756267547607421875" lon="-80.1018150709569454193115234375">
        <ele>503.399993896484375</ele>
        <time>2025-05-19T16:09:07.000Z</time>
        <extensions>
          <ns3:TrackPointExtension>
            <ns3:hr>93</ns3:hr>
          </ns3:TrackPointExtension>
        </extensions>
      </trkpt>
      <trkpt lat="44.06688756309449672698974609375" lon="-80.10181951336562633514404296875">
        <ele>503.79998779296875</ele>
        <time>2025-05-19T16:09:16.000Z</time>
        <extensions>
          <ns3:TrackPointExtension>
            <ns3:hr>94</ns3:hr>
          </ns3:TrackPointExtension>
        </extensions>
      </trkpt>
      <trkpt lat="44.06692125834524631500244140625" lon="-80.10182538069784641265869140625">
        <ele>504</ele>
        <time>2025-05-19T16:09:19.000Z</time>
        <extensions>
          <ns3:TrackPointExtension>
            <ns3:hr>91</ns3:hr>
          </ns3:TrackPointExtension>
        </extensions>
      </trkpt>
      <trkpt lat="44.06694975681602954864501953125" lon="-80.10182999074459075927734375">
        <ele>504</ele>
        <time>2025-05-19T16:09:21.000Z</time>
        <extensions>
          <ns3:TrackPointExtension>
            <ns3:hr>94</ns3:hr>
          </ns3:TrackPointExtension>
        </extensions>
      </trkpt>
      <trkpt lat="44.06701530329883098602294921875" lon="-80.1018338464200496673583984375">
        <ele>504.20001220703125</ele>
        <time>2025-05-19T16:09:26.000Z</time>
        <extensions>
          <ns3:TrackPointExtension>
            <ns3:hr>91</ns3:hr>
          </ns3:TrackPointExtension>
        </extensions>
      </trkpt>
      <trkpt lat="44.06704229302704334259033203125" lon="-80.101838372647762298583984375">
        <ele>504</ele>
        <time>2025-05-19T16:09:28.000Z</time>
        <extensions>
          <ns3:TrackPointExtension>
            <ns3:hr>94</ns3:hr>
          </ns3:TrackPointExtension>
        </extensions>
      </trkpt>
      <trkpt lat="44.067087806761264801025390625" lon="-80.10184465907514095306396484375">
        <ele>503</ele>
        <time>2025-05-19T16:09:31.000Z</time>
        <extensions>
          <ns3:TrackPointExtension>
            <ns3:hr>91</ns3:hr>
          </ns3:TrackPointExtension>
        </extensions>
      </trkpt>
      <trkpt lat="44.06714673154056072235107421875" lon="-80.10186209343373775482177734375">
        <ele>501.79998779296875</ele>
        <time>2025-05-19T16:09:35.000Z</time>
        <extensions>
          <ns3:TrackPointExtension>
            <ns3:hr>90</ns3:hr>
          </ns3:TrackPointExtension>
        </extensions>
      </trkpt>
      <trkpt lat="44.06717263162136077880859375" lon="-80.101870559155941009521484375">
        <ele>500.79998779296875</ele>
        <time>2025-05-19T16:09:37.000Z</time>
        <extensions>
          <ns3:TrackPointExtension>
            <ns3:hr>90</ns3:hr>
          </ns3:TrackPointExtension>
        </extensions>
      </trkpt>
      <trkpt lat="44.06719903461635112762451171875" lon="-80.1018794439733028411865234375">
        <ele>500.399993896484375</ele>
        <time>2025-05-19T16:09:39.000Z</time>
        <extensions>
          <ns3:TrackPointExtension>
            <ns3:hr>86</ns3:hr>
          </ns3:TrackPointExtension>
        </extensions>
      </trkpt>
      <trkpt lat="44.06725988723337650299072265625" lon="-80.10189645923674106597900390625">
        <ele>499.600006103515625</ele>
        <time>2025-05-19T16:09:44.000Z</time>
        <extensions>
          <ns3:TrackPointExtension>
            <ns3:hr>85</ns3:hr>
          </ns3:TrackPointExtension>
        </extensions>
      </trkpt>
      <trkpt lat="44.06727061606943607330322265625" lon="-80.10190241038799285888671875">
        <ele>499.399993896484375</ele>
        <time>2025-05-19T16:09:45.000Z</time>
        <extensions>
          <ns3:TrackPointExtension>
            <ns3:hr>88</ns3:hr>
          </ns3:TrackPointExtension>
        </extensions>
      </trkpt>
      <trkpt lat="44.067290313541889190673828125" lon="-80.10191448032855987548828125">
        <ele>498.79998779296875</ele>
        <time>2025-05-19T16:09:51.000Z</time>
        <extensions>
          <ns3:TrackPointExtension>
            <ns3:hr>89</ns3:hr>
          </ns3:TrackPointExtension>
        </extensions>
      </trkpt>
      <trkpt lat="44.0672934986650943756103515625" lon="-80.10191171430051326751708984375">
        <ele>498.600006103515625</ele>
        <time>2025-05-19T16:09:53.000Z</time>
        <extensions>
          <ns3:TrackPointExtension>
            <ns3:hr>88</ns3:hr>
          </ns3:TrackPointExtension>
        </extensions>
      </trkpt>
      <trkpt lat="44.06729643233120441436767578125" lon="-80.1019183360040187835693359375">
        <ele>498.20001220703125</ele>
        <time>2025-05-19T16:10:02.000Z</time>
        <extensions>
          <ns3:TrackPointExtension>
            <ns3:hr>87</ns3:hr>
          </ns3:TrackPointExtension>
        </extensions>
      </trkpt>
      <trkpt lat="44.06729944981634616851806640625" lon="-80.1019545458257198333740234375">
        <ele>498.20001220703125</ele>
        <time>2025-05-19T16:10:05.000Z</time>
        <extensions>
          <ns3:TrackPointExtension>
            <ns3:hr>84</ns3:hr>
          </ns3:TrackPointExtension>
        </extensions>
      </trkpt>
      <trkpt lat="44.0672886371612548828125" lon="-80.1020189188420772552490234375">
        <ele>498.20001220703125</ele>
        <time>2025-05-19T16:10:09.000Z</time>
        <extensions>
          <ns3:TrackPointExtension>
            <ns3:hr>85</ns3:hr>
          </ns3:TrackPointExtension>
        </extensions>
      </trkpt>
      <trkpt lat="44.0672817640006542205810546875" lon="-80.10204146616160869598388671875">
        <ele>498.399993896484375</ele>
        <time>2025-05-19T16:10:11.000Z</time>
        <extensions>
          <ns3:TrackPointExtension>
            <ns3:hr>89</ns3:hr>
          </ns3:TrackPointExtension>
        </extensions>
      </trkpt>
      <trkpt lat="44.06727966852486133575439453125" lon="-80.10204951278865337371826171875">
        <ele>498.399993896484375</ele>
        <time>2025-05-19T16:10:12.000Z</time>
        <extensions>
          <ns3:TrackPointExtension>
            <ns3:hr>85</ns3:hr>
          </ns3:TrackPointExtension>
        </extensions>
      </trkpt>
      <trkpt lat="44.06725804321467876434326171875" lon="-80.10213911533355712890625">
        <ele>499.20001220703125</ele>
        <time>2025-05-19T16:10:19.000Z</time>
        <extensions>
          <ns3:TrackPointExtension>
            <ns3:hr>86</ns3:hr>
          </ns3:TrackPointExtension>
        </extensions>
      </trkpt>
      <trkpt lat="44.06724580563604831695556640625" lon="-80.1022224314510822296142578125">
        <ele>499.600006103515625</ele>
        <time>2025-05-19T16:10:24.000Z</time>
        <extensions>
          <ns3:TrackPointExtension>
            <ns3:hr>87</ns3:hr>
          </ns3:TrackPointExtension>
        </extensions>
      </trkpt>
      <trkpt lat="44.0672415308654308319091796875" lon="-80.102249085903167724609375">
        <ele>499.79998779296875</ele>
        <time>2025-05-19T16:10:26.000Z</time>
        <extensions>
          <ns3:TrackPointExtension>
            <ns3:hr>88</ns3:hr>
          </ns3:TrackPointExtension>
        </extensions>
      </trkpt>
      <trkpt lat="44.06722359359264373779296875" lon="-80.1023256964981555938720703125">
        <ele>500.600006103515625</ele>
        <time>2025-05-19T16:10:31.000Z</time>
        <extensions>
          <ns3:TrackPointExtension>
            <ns3:hr>89</ns3:hr>
          </ns3:TrackPointExtension>
        </extensions>
      </trkpt>
      <trkpt lat="44.0672093443572521209716796875" lon="-80.10239803232252597808837890625">
        <ele>501.79998779296875</ele>
        <time>2025-05-19T16:10:35.000Z</time>
        <extensions>
          <ns3:TrackPointExtension>
            <ns3:hr>90</ns3:hr>
          </ns3:TrackPointExtension>
        </extensions>
      </trkpt>
      <trkpt lat="44.06720615923404693603515625" lon="-80.10241680778563022613525390625">
        <ele>502</ele>
        <time>2025-05-19T16:10:36.000Z</time>
        <extensions>
          <ns3:TrackPointExtension>
            <ns3:hr>87</ns3:hr>
          </ns3:TrackPointExtension>
        </extensions>
      </trkpt>
      <trkpt lat="44.06718143261969089508056640625" lon="-80.10250582359731197357177734375">
        <ele>502.79998779296875</ele>
        <time>2025-05-19T16:10:41.000Z</time>
        <extensions>
          <ns3:TrackPointExtension>
            <ns3:hr>88</ns3:hr>
          </ns3:TrackPointExtension>
        </extensions>
      </trkpt>
      <trkpt lat="44.0671771578490734100341796875" lon="-80.102524347603321075439453125">
        <ele>503</ele>
        <time>2025-05-19T16:10:42.000Z</time>
        <extensions>
          <ns3:TrackPointExtension>
            <ns3:hr>90</ns3:hr>
          </ns3:TrackPointExtension>
        </extensions>
      </trkpt>
      <trkpt lat="44.0671523474156856536865234375" lon="-80.10264865122735500335693359375">
        <ele>503.399993896484375</ele>
        <time>2025-05-19T16:10:49.000Z</time>
        <extensions>
          <ns3:TrackPointExtension>
            <ns3:hr>88</ns3:hr>
          </ns3:TrackPointExtension>
        </extensions>
      </trkpt>
      <trkpt lat="44.0671416185796260833740234375" lon="-80.102726519107818603515625">
        <ele>503.79998779296875</ele>
        <time>2025-05-19T16:10:53.000Z</time>
        <extensions>
          <ns3:TrackPointExtension>
            <ns3:hr>90</ns3:hr>
          </ns3:TrackPointExtension>
        </extensions>
      </trkpt>
      <trkpt lat="44.0671406127512454986572265625" lon="-80.102748312056064605712890625">
        <ele>504</ele>
        <time>2025-05-19T16:10:54.000Z</time>
        <extensions>
          <ns3:TrackPointExtension>
            <ns3:hr>93</ns3:hr>
          </ns3:TrackPointExtension>
        </extensions>
      </trkpt>
      <trkpt lat="44.0671384334564208984375" lon="-80.10276985354721546173095703125">
        <ele>504</ele>
        <time>2025-05-19T16:10:55.000Z</time>
        <extensions>
          <ns3:TrackPointExtension>
            <ns3:hr>99</ns3:hr>
          </ns3:TrackPointExtension>
        </extensions>
      </trkpt>
      <trkpt lat="44.06713047064840793609619140625" lon="-80.1028271019458770751953125">
        <ele>504.20001220703125</ele>
        <time>2025-05-19T16:10:58.000Z</time>
        <extensions>
          <ns3:TrackPointExtension>
            <ns3:hr>101</ns3:hr>
          </ns3:TrackPointExtension>
        </extensions>
      </trkpt>
      <trkpt lat="44.06711337156593799591064453125" lon="-80.10297202505171298980712890625">
        <ele>505</ele>
        <time>2025-05-19T16:11:06.000Z</time>
        <extensions>
          <ns3:TrackPointExtension>
            <ns3:hr>102</ns3:hr>
          </ns3:TrackPointExtension>
        </extensions>
      </trkpt>
      <trkpt lat="44.06711001880466938018798828125" lon="-80.1030032895505428314208984375">
        <ele>505.20001220703125</ele>
        <time>2025-05-19T16:11:08.000Z</time>
        <extensions>
          <ns3:TrackPointExtension>
            <ns3:hr>103</ns3:hr>
          </ns3:TrackPointExtension>
        </extensions>
      </trkpt>
      <trkpt lat="44.06710180453956127166748046875" lon="-80.1030457019805908203125">
        <ele>505.399993896484375</ele>
        <time>2025-05-19T16:11:11.000Z</time>
        <extensions>
          <ns3:TrackPointExtension>
            <ns3:hr>100</ns3:hr>
          </ns3:TrackPointExtension>
        </extensions>
      </trkpt>
      <trkpt lat="44.06709258444607257843017578125" lon="-80.10308786295354366302490234375">
        <ele>506.20001220703125</ele>
        <time>2025-05-19T16:11:14.000Z</time>
        <extensions>
          <ns3:TrackPointExtension>
            <ns3:hr>98</ns3:hr>
          </ns3:TrackPointExtension>
        </extensions>
      </trkpt>
      <trkpt lat="44.067087806761264801025390625" lon="-80.10311879217624664306640625">
        <ele>506.600006103515625</ele>
        <time>2025-05-19T16:11:16.000Z</time>
        <extensions>
          <ns3:TrackPointExtension>
            <ns3:hr>94</ns3:hr>
          </ns3:TrackPointExtension>
        </extensions>
      </trkpt>
      <trkpt lat="44.06708336435258388519287109375" lon="-80.103152655065059661865234375">
        <ele>507</ele>
        <time>2025-05-19T16:11:18.000Z</time>
        <extensions>
          <ns3:TrackPointExtension>
            <ns3:hr>100</ns3:hr>
          </ns3:TrackPointExtension>
        </extensions>
      </trkpt>
      <trkpt lat="44.067080430686473846435546875" lon="-80.1031677424907684326171875">
        <ele>507.20001220703125</ele>
        <time>2025-05-19T16:11:19.000Z</time>
        <extensions>
          <ns3:TrackPointExtension>
            <ns3:hr>100</ns3:hr>
          </ns3:TrackPointExtension>
        </extensions>
      </trkpt>
      <trkpt lat="44.0670782513916492462158203125" lon="-80.1031843386590480804443359375">
        <ele>507.600006103515625</ele>
        <time>2025-05-19T16:11:20.000Z</time>
        <extensions>
          <ns3:TrackPointExtension>
            <ns3:hr>101</ns3:hr>
          </ns3:TrackPointExtension>
        </extensions>
      </trkpt>
      <trkpt lat="44.06706157140433788299560546875" lon="-80.1032755337655544281005859375">
        <ele>508.600006103515625</ele>
        <time>2025-05-19T16:11:26.000Z</time>
        <extensions>
          <ns3:TrackPointExtension>
            <ns3:hr>99</ns3:hr>
          </ns3:TrackPointExtension>
        </extensions>
      </trkpt>
      <trkpt lat="44.0670658461749553680419921875" lon="-80.10332775302231311798095703125">
        <ele>509</ele>
        <time>2025-05-19T16:11:29.000Z</time>
        <extensions>
          <ns3:TrackPointExtension>
            <ns3:hr>100</ns3:hr>
          </ns3:TrackPointExtension>
        </extensions>
      </trkpt>
      <trkpt lat="44.0671218372881412506103515625" lon="-80.10342196561396121978759765625">
        <ele>509.399993896484375</ele>
        <time>2025-05-19T16:11:36.000Z</time>
        <extensions>
          <ns3:TrackPointExtension>
            <ns3:hr>101</ns3:hr>
          </ns3:TrackPointExtension>
        </extensions>
      </trkpt>
      <trkpt lat="44.06723432242870330810546875" lon="-80.10354735888540744781494140625">
        <ele>509.20001220703125</ele>
        <time>2025-05-19T16:11:46.000Z</time>
        <extensions>
          <ns3:TrackPointExtension>
            <ns3:hr>102</ns3:hr>
          </ns3:TrackPointExtension>
        </extensions>
      </trkpt>
      <trkpt lat="44.0672854520380496978759765625" lon="-80.1036049425601959228515625">
        <ele>508.600006103515625</ele>
        <time>2025-05-19T16:11:51.000Z</time>
        <extensions>
          <ns3:TrackPointExtension>
            <ns3:hr>98</ns3:hr>
          </ns3:TrackPointExtension>
        </extensions>
      </trkpt>
      <trkpt lat="44.06735141761600971221923828125" lon="-80.1036798767745494842529296875">
        <ele>508.600006103515625</ele>
        <time>2025-05-19T16:11:57.000Z</time>
        <extensions>
          <ns3:TrackPointExtension>
            <ns3:hr>99</ns3:hr>
          </ns3:TrackPointExtension>
        </extensions>
      </trkpt>
      <trkpt lat="44.06737254001200199127197265625" lon="-80.10370359756052494049072265625">
        <ele>508.600006103515625</ele>
        <time>2025-05-19T16:11:59.000Z</time>
        <extensions>
          <ns3:TrackPointExtension>
            <ns3:hr>96</ns3:hr>
          </ns3:TrackPointExtension>
        </extensions>
      </trkpt>
      <trkpt lat="44.0674031339585781097412109375" lon="-80.10374081321060657501220703125">
        <ele>508.600006103515625</ele>
        <time>2025-05-19T16:12:02.000Z</time>
        <extensions>
          <ns3:TrackPointExtension>
            <ns3:hr>99</ns3:hr>
          </ns3:TrackPointExtension>
        </extensions>
      </trkpt>
      <trkpt lat="44.067420400679111480712890625" lon="-80.10376847349107265472412109375">
        <ele>508.600006103515625</ele>
        <time>2025-05-19T16:12:04.000Z</time>
        <extensions>
          <ns3:TrackPointExtension>
            <ns3:hr>97</ns3:hr>
          </ns3:TrackPointExtension>
        </extensions>
      </trkpt>
      <trkpt lat="44.0674899704754352569580078125" lon="-80.10384005494415760040283203125">
        <ele>508.20001220703125</ele>
        <time>2025-05-19T16:12:11.000Z</time>
        <extensions>
          <ns3:TrackPointExtension>
            <ns3:hr>94</ns3:hr>
          </ns3:TrackPointExtension>
        </extensions>
      </trkpt>
      <trkpt lat="44.067514277994632720947265625" lon="-80.1038495264947414398193359375">
        <ele>508</ele>
        <time>2025-05-19T16:12:13.000Z</time>
        <extensions>
          <ns3:TrackPointExtension>
            <ns3:hr>95</ns3:hr>
          </ns3:TrackPointExtension>
        </extensions>
      </trkpt>
      <trkpt lat="44.0675486437976360321044921875" lon="-80.10386151261627674102783203125">
        <ele>507.79998779296875</ele>
        <time>2025-05-19T16:12:16.000Z</time>
        <extensions>
          <ns3:TrackPointExtension>
            <ns3:hr>98</ns3:hr>
          </ns3:TrackPointExtension>
        </extensions>
      </trkpt>
      <trkpt lat="44.06755878590047359466552734375" lon="-80.10386603884398937225341796875">
        <ele>507.20001220703125</ele>
        <time>2025-05-19T16:12:17.000Z</time>
        <extensions>
          <ns3:TrackPointExtension>
            <ns3:hr>99</ns3:hr>
          </ns3:TrackPointExtension>
        </extensions>
      </trkpt>
      <trkpt lat="44.0676173754036426544189453125" lon="-80.1039138995110988616943359375">
        <ele>506.20001220703125</ele>
        <time>2025-05-19T16:12:23.000Z</time>
        <extensions>
          <ns3:TrackPointExtension>
            <ns3:hr>97</ns3:hr>
          </ns3:TrackPointExtension>
        </extensions>
      </trkpt>
      <trkpt lat="44.067629612982273101806640625" lon="-80.10392236523330211639404296875">
        <ele>506</ele>
        <time>2025-05-19T16:12:24.000Z</time>
        <extensions>
          <ns3:TrackPointExtension>
            <ns3:hr>100</ns3:hr>
          </ns3:TrackPointExtension>
        </extensions>
      </trkpt>
      <trkpt lat="44.06764226965606212615966796875" lon="-80.103931166231632232666015625">
        <ele>506</ele>
        <time>2025-05-19T16:12:25.000Z</time>
        <extensions>
          <ns3:TrackPointExtension>
            <ns3:hr>97</ns3:hr>
          </ns3:TrackPointExtension>
        </extensions>
      </trkpt>
      <trkpt lat="44.0676871128380298614501953125" lon="-80.10395354591310024261474609375">
        <ele>505</ele>
        <time>2025-05-19T16:12:29.000Z</time>
        <extensions>
          <ns3:TrackPointExtension>
            <ns3:hr>99</ns3:hr>
          </ns3:TrackPointExtension>
        </extensions>
      </trkpt>
      <trkpt lat="44.0676914714276790618896484375" lon="-80.10395287536084651947021484375">
        <ele>504.600006103515625</ele>
        <time>2025-05-19T16:12:31.000Z</time>
        <extensions>
          <ns3:TrackPointExtension>
            <ns3:hr>98</ns3:hr>
          </ns3:TrackPointExtension>
        </extensions>
      </trkpt>
      <trkpt lat="44.06769205816090106964111328125" lon="-80.103952623903751373291015625">
        <ele>504.399993896484375</ele>
        <time>2025-05-19T16:12:33.000Z</time>
        <extensions>
          <ns3:TrackPointExtension>
            <ns3:hr>95</ns3:hr>
          </ns3:TrackPointExtension>
        </extensions>
      </trkpt>
      <trkpt lat="44.0676944889128208160400390625" lon="-80.10395203717052936553955078125">
        <ele>504</ele>
        <time>2025-05-19T16:12:36.000Z</time>
        <extensions>
          <ns3:TrackPointExtension>
            <ns3:hr>92</ns3:hr>
          </ns3:TrackPointExtension>
        </extensions>
      </trkpt>
      <trkpt lat="44.067696668207645416259765625" lon="-80.10395186953246593475341796875">
        <ele>503.79998779296875</ele>
        <time>2025-05-19T16:12:47.000Z</time>
        <extensions>
          <ns3:TrackPointExtension>
            <ns3:hr>92</ns3:hr>
          </ns3:TrackPointExtension>
        </extensions>
      </trkpt>
      <trkpt lat="44.06770077534019947052001953125" lon="-80.1039568148553371429443359375">
        <ele>503.399993896484375</ele>
        <time>2025-05-19T16:13:03.000Z</time>
        <extensions>
          <ns3:TrackPointExtension>
            <ns3:hr>90</ns3:hr>
          </ns3:TrackPointExtension>
        </extensions>
      </trkpt>
      <trkpt lat="44.06770312227308750152587890625" lon="-80.103957988321781158447265625">
        <ele>503.600006103515625</ele>
        <time>2025-05-19T16:13:13.000Z</time>
        <extensions>
          <ns3:TrackPointExtension>
            <ns3:hr>87</ns3:hr>
          </ns3:TrackPointExtension>
        </extensions>
      </trkpt>
      <trkpt lat="44.06770463101565837860107421875" lon="-80.103959329426288604736328125">
        <ele>503.600006103515625</ele>
        <time>2025-05-19T16:13:21.000Z</time>
        <extensions>
          <ns3:TrackPointExtension>
            <ns3:hr>87</ns3:hr>
          </ns3:TrackPointExtension>
        </extensions>
      </trkpt>
      <trkpt lat="44.067706055939197540283203125" lon="-80.103961341083049774169921875">
        <ele>503.600006103515625</ele>
        <time>2025-05-19T16:13:35.000Z</time>
        <extensions>
          <ns3:TrackPointExtension>
            <ns3:hr>84</ns3:hr>
          </ns3:TrackPointExtension>
        </extensions>
      </trkpt>
      <trkpt lat="44.06770781613886356353759765625" lon="-80.103965364396572113037109375">
        <ele>504</ele>
        <time>2025-05-19T16:13:47.000Z</time>
        <extensions>
          <ns3:TrackPointExtension>
            <ns3:hr>81</ns3:hr>
          </ns3:TrackPointExtension>
        </extensions>
      </trkpt>
      <trkpt lat="44.06771334819495677947998046875" lon="-80.10397550649940967559814453125">
        <ele>504</ele>
        <time>2025-05-19T16:13:49.000Z</time>
        <extensions>
          <ns3:TrackPointExtension>
            <ns3:hr>80</ns3:hr>
          </ns3:TrackPointExtension>
        </extensions>
      </trkpt>
      <trkpt lat="44.067729525268077850341796875" lon="-80.10401993058621883392333984375">
        <ele>503.79998779296875</ele>
        <time>2025-05-19T16:13:54.000Z</time>
        <extensions>
          <ns3:TrackPointExtension>
            <ns3:hr>83</ns3:hr>
          </ns3:TrackPointExtension>
        </extensions>
      </trkpt>
      <trkpt lat="44.06772944144904613494873046875" lon="-80.1040500216186046600341796875">
        <ele>503.79998779296875</ele>
        <time>2025-05-19T16:13:56.000Z</time>
        <extensions>
          <ns3:TrackPointExtension>
            <ns3:hr>88</ns3:hr>
          </ns3:TrackPointExtension>
        </extensions>
      </trkpt>
      <trkpt lat="44.067716784775257110595703125" lon="-80.10409637354314327239990234375">
        <ele>503.79998779296875</ele>
        <time>2025-05-19T16:13:59.000Z</time>
        <extensions>
          <ns3:TrackPointExtension>
            <ns3:hr>88</ns3:hr>
          </ns3:TrackPointExtension>
        </extensions>
      </trkpt>
      <trkpt lat="44.0677055530250072479248046875" lon="-80.10414096526801586151123046875">
        <ele>503.79998779296875</ele>
        <time>2025-05-19T16:14:02.000Z</time>
        <extensions>
          <ns3:TrackPointExtension>
            <ns3:hr>91</ns3:hr>
          </ns3:TrackPointExtension>
        </extensions>
      </trkpt>
      <trkpt lat="44.06766221858561038970947265625" lon="-80.1042914204299449920654296875">
        <ele>504.600006103515625</ele>
        <time>2025-05-19T16:14:11.000Z</time>
        <extensions>
          <ns3:TrackPointExtension>
            <ns3:hr>96</ns3:hr>
          </ns3:TrackPointExtension>
        </extensions>
      </trkpt>
      <trkpt lat="44.06765408813953399658203125" lon="-80.10432503186166286468505859375">
        <ele>504.79998779296875</ele>
        <time>2025-05-19T16:14:13.000Z</time>
        <extensions>
          <ns3:TrackPointExtension>
            <ns3:hr>98</ns3:hr>
          </ns3:TrackPointExtension>
        </extensions>
      </trkpt>
      <trkpt lat="44.06764310784637928009033203125" lon="-80.10435931384563446044921875">
        <ele>505</ele>
        <time>2025-05-19T16:14:15.000Z</time>
        <extensions>
          <ns3:TrackPointExtension>
            <ns3:hr>100</ns3:hr>
          </ns3:TrackPointExtension>
        </extensions>
      </trkpt>
      <trkpt lat="44.06759583391249179840087890625" lon="-80.10450859554111957550048828125">
        <ele>506</ele>
        <time>2025-05-19T16:14:23.000Z</time>
        <extensions>
          <ns3:TrackPointExtension>
            <ns3:hr>99</ns3:hr>
          </ns3:TrackPointExtension>
        </extensions>
      </trkpt>
      <trkpt lat="44.06759281642735004425048828125" lon="-80.10452804155647754669189453125">
        <ele>506.20001220703125</ele>
        <time>2025-05-19T16:14:24.000Z</time>
        <extensions>
          <ns3:TrackPointExtension>
            <ns3:hr>98</ns3:hr>
          </ns3:TrackPointExtension>
        </extensions>
      </trkpt>
      <trkpt lat="44.0675744600594043731689453125" lon="-80.1046617329120635986328125">
        <ele>507</ele>
        <time>2025-05-19T16:14:32.000Z</time>
        <extensions>
          <ns3:TrackPointExtension>
            <ns3:hr>100</ns3:hr>
          </ns3:TrackPointExtension>
        </extensions>
      </trkpt>
      <trkpt lat="44.0675365738570690155029296875" lon="-80.1048060692846775054931640625">
        <ele>506.399993896484375</ele>
        <time>2025-05-19T16:14:42.000Z</time>
        <extensions>
          <ns3:TrackPointExtension>
            <ns3:hr>99</ns3:hr>
          </ns3:TrackPointExtension>
        </extensions>
      </trkpt>
      <trkpt lat="44.06750128604471683502197265625" lon="-80.1049277745187282562255859375">
        <ele>505.399993896484375</ele>
        <time>2025-05-19T16:14:49.000Z</time>
        <extensions>
          <ns3:TrackPointExtension>
            <ns3:hr>101</ns3:hr>
          </ns3:TrackPointExtension>
        </extensions>
      </trkpt>
      <trkpt lat="44.06749793328344821929931640625" lon="-80.10494696907699108123779296875">
        <ele>505.399993896484375</ele>
        <time>2025-05-19T16:14:50.000Z</time>
        <extensions>
          <ns3:TrackPointExtension>
            <ns3:hr>105</ns3:hr>
          </ns3:TrackPointExtension>
        </extensions>
      </trkpt>
      <trkpt lat="44.067496843636035919189453125" lon="-80.10496339760720729827880859375">
        <ele>505.399993896484375</ele>
        <time>2025-05-19T16:14:51.000Z</time>
        <extensions>
          <ns3:TrackPointExtension>
            <ns3:hr>110</ns3:hr>
          </ns3:TrackPointExtension>
        </extensions>
      </trkpt>
      <trkpt lat="44.0674946643412113189697265625" lon="-80.1049914769828319549560546875">
        <ele>505</ele>
        <time>2025-05-19T16:14:53.000Z</time>
        <extensions>
          <ns3:TrackPointExtension>
            <ns3:hr>114</ns3:hr>
          </ns3:TrackPointExtension>
        </extensions>
      </trkpt>
      <trkpt lat="44.06748653389513492584228515625" lon="-80.1050176285207271575927734375">
        <ele>504.600006103515625</ele>
        <time>2025-05-19T16:14:55.000Z</time>
        <extensions>
          <ns3:TrackPointExtension>
            <ns3:hr>118</ns3:hr>
          </ns3:TrackPointExtension>
        </extensions>
      </trkpt>
      <trkpt lat="44.0674768947064876556396484375" lon="-80.10504855774343013763427734375">
        <ele>504.20001220703125</ele>
        <time>2025-05-19T16:14:57.000Z</time>
        <extensions>
          <ns3:TrackPointExtension>
            <ns3:hr>120</ns3:hr>
          </ns3:TrackPointExtension>
        </extensions>
      </trkpt>
      <trkpt lat="44.06747496686875820159912109375" lon="-80.1050628907978534698486328125">
        <ele>504</ele>
        <time>2025-05-19T16:14:58.000Z</time>
        <extensions>
          <ns3:TrackPointExtension>
            <ns3:hr>122</ns3:hr>
          </ns3:TrackPointExtension>
        </extensions>
      </trkpt>
      <trkpt lat="44.06744110397994518280029296875" lon="-80.105183422565460205078125">
        <ele>503</ele>
        <time>2025-05-19T16:15:06.000Z</time>
        <extensions>
          <ns3:TrackPointExtension>
            <ns3:hr>119</ns3:hr>
          </ns3:TrackPointExtension>
        </extensions>
      </trkpt>
      <trkpt lat="44.06743272207677364349365234375" lon="-80.10519825853407382965087890625">
        <ele>503</ele>
        <time>2025-05-19T16:15:07.000Z</time>
        <extensions>
          <ns3:TrackPointExtension>
            <ns3:hr>118</ns3:hr>
          </ns3:TrackPointExtension>
        </extensions>
      </trkpt>
      <trkpt lat="44.06742383725941181182861328125" lon="-80.1052115857601165771484375">
        <ele>502.79998779296875</ele>
        <time>2025-05-19T16:15:08.000Z</time>
        <extensions>
          <ns3:TrackPointExtension>
            <ns3:hr>117</ns3:hr>
          </ns3:TrackPointExtension>
        </extensions>
      </trkpt>
      <trkpt lat="44.06740824691951274871826171875" lon="-80.10524578392505645751953125">
        <ele>502.600006103515625</ele>
        <time>2025-05-19T16:15:10.000Z</time>
        <extensions>
          <ns3:TrackPointExtension>
            <ns3:hr>114</ns3:hr>
          </ns3:TrackPointExtension>
        </extensions>
      </trkpt>
      <trkpt lat="44.06740036793053150177001953125" lon="-80.10532616637647151947021484375">
        <ele>502</ele>
        <time>2025-05-19T16:15:15.000Z</time>
        <extensions>
          <ns3:TrackPointExtension>
            <ns3:hr>115</ns3:hr>
          </ns3:TrackPointExtension>
        </extensions>
      </trkpt>
      <trkpt lat="44.06739533878862857818603515625" lon="-80.1053418405354022979736328125">
        <ele>502</ele>
        <time>2025-05-19T16:15:16.000Z</time>
        <extensions>
          <ns3:TrackPointExtension>
            <ns3:hr>116</ns3:hr>
          </ns3:TrackPointExtension>
        </extensions>
      </trkpt>
      <trkpt lat="44.06739315949380397796630859375" lon="-80.10535919107496738433837890625">
        <ele>501.79998779296875</ele>
        <time>2025-05-19T16:15:17.000Z</time>
        <extensions>
          <ns3:TrackPointExtension>
            <ns3:hr>113</ns3:hr>
          </ns3:TrackPointExtension>
        </extensions>
      </trkpt>
      <trkpt lat="44.06736935488879680633544921875" lon="-80.10542926378548145294189453125">
        <ele>500.79998779296875</ele>
        <time>2025-05-19T16:15:21.000Z</time>
        <extensions>
          <ns3:TrackPointExtension>
            <ns3:hr>111</ns3:hr>
          </ns3:TrackPointExtension>
        </extensions>
      </trkpt>
      <trkpt lat="44.0673588775098323822021484375" lon="-80.1054568402469158172607421875">
        <ele>500.600006103515625</ele>
        <time>2025-05-19T16:15:23.000Z</time>
        <extensions>
          <ns3:TrackPointExtension>
            <ns3:hr>111</ns3:hr>
          </ns3:TrackPointExtension>
        </extensions>
      </trkpt>
      <trkpt lat="44.0673488192260265350341796875" lon="-80.10554878972470760345458984375">
        <ele>499.600006103515625</ele>
        <time>2025-05-19T16:15:30.000Z</time>
        <extensions>
          <ns3:TrackPointExtension>
            <ns3:hr>114</ns3:hr>
          </ns3:TrackPointExtension>
        </extensions>
      </trkpt>
      <trkpt lat="44.0673367492854595184326171875" lon="-80.105606205761432647705078125">
        <ele>499.20001220703125</ele>
        <time>2025-05-19T16:15:34.000Z</time>
        <extensions>
          <ns3:TrackPointExtension>
            <ns3:hr>110</ns3:hr>
          </ns3:TrackPointExtension>
        </extensions>
      </trkpt>
      <trkpt lat="44.06732174567878246307373046875" lon="-80.10567032732069492340087890625">
        <ele>499</ele>
        <time>2025-05-19T16:15:39.000Z</time>
        <extensions>
          <ns3:TrackPointExtension>
            <ns3:hr>114</ns3:hr>
          </ns3:TrackPointExtension>
        </extensions>
      </trkpt>
      <trkpt lat="44.06732040457427501678466796875" lon="-80.1056885160505771636962890625">
        <ele>498.79998779296875</ele>
        <time>2025-05-19T16:15:40.000Z</time>
        <extensions>
          <ns3:TrackPointExtension>
            <ns3:hr>114</ns3:hr>
          </ns3:TrackPointExtension>
        </extensions>
      </trkpt>
      <trkpt lat="44.06731671653687953948974609375" lon="-80.10573805309832096099853515625">
        <ele>498.600006103515625</ele>
        <time>2025-05-19T16:15:43.000Z</time>
        <extensions>
          <ns3:TrackPointExtension>
            <ns3:hr>115</ns3:hr>
          </ns3:TrackPointExtension>
        </extensions>
      </trkpt>
      <trkpt lat="44.06731101684272289276123046875" lon="-80.10575414635241031646728515625">
        <ele>498.399993896484375</ele>
        <time>2025-05-19T16:15:44.000Z</time>
        <extensions>
          <ns3:TrackPointExtension>
            <ns3:hr>115</ns3:hr>
          </ns3:TrackPointExtension>
        </extensions>
      </trkpt>
      <trkpt lat="44.067256785929203033447265625" lon="-80.105890519917011260986328125">
        <ele>497.79998779296875</ele>
        <time>2025-05-19T16:15:53.000Z</time>
        <extensions>
          <ns3:TrackPointExtension>
            <ns3:hr>112</ns3:hr>
          </ns3:TrackPointExtension>
        </extensions>
      </trkpt>
      <trkpt lat="44.0672482363879680633544921875" lon="-80.1059210300445556640625">
        <ele>497.79998779296875</ele>
        <time>2025-05-19T16:15:55.000Z</time>
        <extensions>
          <ns3:TrackPointExtension>
            <ns3:hr>112</ns3:hr>
          </ns3:TrackPointExtension>
        </extensions>
      </trkpt>
      <trkpt lat="44.06722937710583209991455078125" lon="-80.1059956289827823638916015625">
        <ele>497.600006103515625</ele>
        <time>2025-05-19T16:15:59.000Z</time>
        <extensions>
          <ns3:TrackPointExtension>
            <ns3:hr>112</ns3:hr>
          </ns3:TrackPointExtension>
        </extensions>
      </trkpt>
      <trkpt lat="44.067195765674114227294921875" lon="-80.10614298284053802490234375">
        <ele>496.79998779296875</ele>
        <time>2025-05-19T16:16:06.000Z</time>
        <extensions>
          <ns3:TrackPointExtension>
            <ns3:hr>110</ns3:hr>
          </ns3:TrackPointExtension>
        </extensions>
      </trkpt>
      <trkpt lat="44.067182354629039764404296875" lon="-80.1062524504959583282470703125">
        <ele>496.600006103515625</ele>
        <time>2025-05-19T16:16:11.000Z</time>
        <extensions>
          <ns3:TrackPointExtension>
            <ns3:hr>110</ns3:hr>
          </ns3:TrackPointExtension>
        </extensions>
      </trkpt>
      <trkpt lat="44.0671721287071704864501953125" lon="-80.10628790594637393951416015625">
        <ele>496.399993896484375</ele>
        <time>2025-05-19T16:16:13.000Z</time>
        <extensions>
          <ns3:TrackPointExtension>
            <ns3:hr>107</ns3:hr>
          </ns3:TrackPointExtension>
        </extensions>
      </trkpt>
      <trkpt lat="44.06716668047010898590087890625" lon="-80.10630399920046329498291015625">
        <ele>496.20001220703125</ele>
        <time>2025-05-19T16:16:14.000Z</time>
        <extensions>
          <ns3:TrackPointExtension>
            <ns3:hr>109</ns3:hr>
          </ns3:TrackPointExtension>
        </extensions>
      </trkpt>
      <trkpt lat="44.06715444289147853851318359375" lon="-80.1063382811844348907470703125">
        <ele>496</ele>
        <time>2025-05-19T16:16:16.000Z</time>
        <extensions>
          <ns3:TrackPointExtension>
            <ns3:hr>106</ns3:hr>
          </ns3:TrackPointExtension>
        </extensions>
      </trkpt>
      <trkpt lat="44.067143462598323822021484375" lon="-80.10639552958309650421142578125">
        <ele>496</ele>
        <time>2025-05-19T16:16:19.000Z</time>
        <extensions>
          <ns3:TrackPointExtension>
            <ns3:hr>99</ns3:hr>
          </ns3:TrackPointExtension>
        </extensions>
      </trkpt>
      <trkpt lat="44.0671344101428985595703125" lon="-80.1064614951610565185546875">
        <ele>495.79998779296875</ele>
        <time>2025-05-19T16:16:23.000Z</time>
        <extensions>
          <ns3:TrackPointExtension>
            <ns3:hr>97</ns3:hr>
          </ns3:TrackPointExtension>
        </extensions>
      </trkpt>
      <trkpt lat="44.06711496412754058837890625" lon="-80.10654933750629425048828125">
        <ele>495.399993896484375</ele>
        <time>2025-05-19T16:16:30.000Z</time>
        <extensions>
          <ns3:TrackPointExtension>
            <ns3:hr>96</ns3:hr>
          </ns3:TrackPointExtension>
        </extensions>
      </trkpt>
      <trkpt lat="44.06710783950984477996826171875" lon="-80.10658764280378818511962890625">
        <ele>495.20001220703125</ele>
        <time>2025-05-19T16:16:33.000Z</time>
        <extensions>
          <ns3:TrackPointExtension>
            <ns3:hr>97</ns3:hr>
          </ns3:TrackPointExtension>
        </extensions>
      </trkpt>
      <trkpt lat="44.0670906566083431243896484375" lon="-80.106677077710628509521484375">
        <ele>494.20001220703125</ele>
        <time>2025-05-19T16:16:39.000Z</time>
        <extensions>
          <ns3:TrackPointExtension>
            <ns3:hr>97</ns3:hr>
          </ns3:TrackPointExtension>
        </extensions>
      </trkpt>
      <trkpt lat="44.06708235852420330047607421875" lon="-80.1067261956632137298583984375">
        <ele>493.600006103515625</ele>
        <time>2025-05-19T16:16:42.000Z</time>
        <extensions>
          <ns3:TrackPointExtension>
            <ns3:hr>96</ns3:hr>
          </ns3:TrackPointExtension>
        </extensions>
      </trkpt>
      <trkpt lat="44.0670681931078433990478515625" lon="-80.10679232887923717498779296875">
        <ele>493.20001220703125</ele>
        <time>2025-05-19T16:16:45.000Z</time>
        <extensions>
          <ns3:TrackPointExtension>
            <ns3:hr>95</ns3:hr>
          </ns3:TrackPointExtension>
        </extensions>
      </trkpt>
      <trkpt lat="44.0670390240848064422607421875" lon="-80.10689802467823028564453125">
        <ele>492.79998779296875</ele>
        <time>2025-05-19T16:16:50.000Z</time>
        <extensions>
          <ns3:TrackPointExtension>
            <ns3:hr>95</ns3:hr>
          </ns3:TrackPointExtension>
        </extensions>
      </trkpt>
      <trkpt lat="44.06700205989181995391845703125" lon="-80.10701612569391727447509765625">
        <ele>492.79998779296875</ele>
        <time>2025-05-19T16:16:55.000Z</time>
        <extensions>
          <ns3:TrackPointExtension>
            <ns3:hr>98</ns3:hr>
          </ns3:TrackPointExtension>
        </extensions>
      </trkpt>
      <trkpt lat="44.06698680482804775238037109375" lon="-80.10707714594900608062744140625">
        <ele>492.79998779296875</ele>
        <time>2025-05-19T16:16:58.000Z</time>
        <extensions>
          <ns3:TrackPointExtension>
            <ns3:hr>101</ns3:hr>
          </ns3:TrackPointExtension>
        </extensions>
      </trkpt>
      <trkpt lat="44.0669810213148593902587890625" lon="-80.1070963405072689056396484375">
        <ele>492.79998779296875</ele>
        <time>2025-05-19T16:16:59.000Z</time>
        <extensions>
          <ns3:TrackPointExtension>
            <ns3:hr>102</ns3:hr>
          </ns3:TrackPointExtension>
        </extensions>
      </trkpt>
      <trkpt lat="44.0669367648661136627197265625" lon="-80.1072612963616847991943359375">
        <ele>492.399993896484375</ele>
        <time>2025-05-19T16:17:08.000Z</time>
        <extensions>
          <ns3:TrackPointExtension>
            <ns3:hr>105</ns3:hr>
          </ns3:TrackPointExtension>
        </extensions>
      </trkpt>
      <trkpt lat="44.0669317357242107391357421875" lon="-80.10728065855801105499267578125">
        <ele>492.20001220703125</ele>
        <time>2025-05-19T16:17:09.000Z</time>
        <extensions>
          <ns3:TrackPointExtension>
            <ns3:hr>104</ns3:hr>
          </ns3:TrackPointExtension>
        </extensions>
      </trkpt>
      <trkpt lat="44.066919498145580291748046875" lon="-80.10731653310358524322509765625">
        <ele>492.20001220703125</ele>
        <time>2025-05-19T16:17:11.000Z</time>
        <extensions>
          <ns3:TrackPointExtension>
            <ns3:hr>107</ns3:hr>
          </ns3:TrackPointExtension>
        </extensions>
      </trkpt>
      <trkpt lat="44.06690784730017185211181640625" lon="-80.10737285949289798736572265625">
        <ele>492.20001220703125</ele>
        <time>2025-05-19T16:17:14.000Z</time>
        <extensions>
          <ns3:TrackPointExtension>
            <ns3:hr>103</ns3:hr>
          </ns3:TrackPointExtension>
        </extensions>
      </trkpt>
      <trkpt lat="44.06689695082604885101318359375" lon="-80.107425414025783538818359375">
        <ele>492.20001220703125</ele>
        <time>2025-05-19T16:17:17.000Z</time>
        <extensions>
          <ns3:TrackPointExtension>
            <ns3:hr>98</ns3:hr>
          </ns3:TrackPointExtension>
        </extensions>
      </trkpt>
      <trkpt lat="44.066887982189655303955078125" lon="-80.10745751671493053436279296875">
        <ele>492.20001220703125</ele>
        <time>2025-05-19T16:17:19.000Z</time>
        <extensions>
          <ns3:TrackPointExtension>
            <ns3:hr>98</ns3:hr>
          </ns3:TrackPointExtension>
        </extensions>
      </trkpt>
      <trkpt lat="44.06686442904174327850341796875" lon="-80.1075845025479793548583984375">
        <ele>492.399993896484375</ele>
        <time>2025-05-19T16:17:27.000Z</time>
        <extensions>
          <ns3:TrackPointExtension>
            <ns3:hr>97</ns3:hr>
          </ns3:TrackPointExtension>
        </extensions>
      </trkpt>
      <trkpt lat="44.066857807338237762451171875" lon="-80.10759808123111724853515625">
        <ele>492.399993896484375</ele>
        <time>2025-05-19T16:17:28.000Z</time>
        <extensions>
          <ns3:TrackPointExtension>
            <ns3:hr>100</ns3:hr>
          </ns3:TrackPointExtension>
        </extensions>
      </trkpt>
      <trkpt lat="44.0668251179158687591552734375" lon="-80.10769271291792392730712890625">
        <ele>492.399993896484375</ele>
        <time>2025-05-19T16:17:34.000Z</time>
        <extensions>
          <ns3:TrackPointExtension>
            <ns3:hr>97</ns3:hr>
          </ns3:TrackPointExtension>
        </extensions>
      </trkpt>
      <trkpt lat="44.06681732274591922760009765625" lon="-80.1077246479690074920654296875">
        <ele>492.399993896484375</ele>
        <time>2025-05-19T16:17:36.000Z</time>
        <extensions>
          <ns3:TrackPointExtension>
            <ns3:hr>98</ns3:hr>
          </ns3:TrackPointExtension>
        </extensions>
      </trkpt>
      <trkpt lat="44.0667991340160369873046875" lon="-80.10784375481307506561279296875">
        <ele>492.600006103515625</ele>
        <time>2025-05-19T16:17:43.000Z</time>
        <extensions>
          <ns3:TrackPointExtension>
            <ns3:hr>98</ns3:hr>
          </ns3:TrackPointExtension>
        </extensions>
      </trkpt>
      <trkpt lat="44.0668284706771373748779296875" lon="-80.10796830989420413970947265625">
        <ele>492.79998779296875</ele>
        <time>2025-05-19T16:17:50.000Z</time>
        <extensions>
          <ns3:TrackPointExtension>
            <ns3:hr>98</ns3:hr>
          </ns3:TrackPointExtension>
        </extensions>
      </trkpt>
      <trkpt lat="44.06693014316260814666748046875" lon="-80.1080317609012126922607421875">
        <ele>492.79998779296875</ele>
        <time>2025-05-19T16:17:58.000Z</time>
        <extensions>
          <ns3:TrackPointExtension>
            <ns3:hr>101</ns3:hr>
          </ns3:TrackPointExtension>
        </extensions>
      </trkpt>
      <trkpt lat="44.06700407154858112335205078125" lon="-80.10803217999637126922607421875">
        <ele>492.600006103515625</ele>
        <time>2025-05-19T16:18:04.000Z</time>
        <extensions>
          <ns3:TrackPointExtension>
            <ns3:hr>100</ns3:hr>
          </ns3:TrackPointExtension>
        </extensions>
      </trkpt>
      <trkpt lat="44.06709794886410236358642578125" lon="-80.108045004308223724365234375">
        <ele>492.399993896484375</ele>
        <time>2025-05-19T16:18:13.000Z</time>
        <extensions>
          <ns3:TrackPointExtension>
            <ns3:hr>99</ns3:hr>
          </ns3:TrackPointExtension>
        </extensions>
      </trkpt>
      <trkpt lat="44.0671335719525814056396484375" lon="-80.108053721487522125244140625">
        <ele>492.399993896484375</ele>
        <time>2025-05-19T16:18:16.000Z</time>
        <extensions>
          <ns3:TrackPointExtension>
            <ns3:hr>95</ns3:hr>
          </ns3:TrackPointExtension>
        </extensions>
      </trkpt>
      <trkpt lat="44.06724010594189167022705078125" lon="-80.1080729998648166656494140625">
        <ele>492.600006103515625</ele>
        <time>2025-05-19T16:18:24.000Z</time>
        <extensions>
          <ns3:TrackPointExtension>
            <ns3:hr>97</ns3:hr>
          </ns3:TrackPointExtension>
        </extensions>
      </trkpt>
      <trkpt lat="44.06730531714856624603271484375" lon="-80.10808129794895648956298828125">
        <ele>492.79998779296875</ele>
        <time>2025-05-19T16:18:29.000Z</time>
        <extensions>
          <ns3:TrackPointExtension>
            <ns3:hr>94</ns3:hr>
          </ns3:TrackPointExtension>
        </extensions>
      </trkpt>
      <trkpt lat="44.06731906346976757049560546875" lon="-80.10808347724378108978271484375">
        <ele>492.79998779296875</ele>
        <time>2025-05-19T16:18:30.000Z</time>
        <extensions>
          <ns3:TrackPointExtension>
            <ns3:hr>97</ns3:hr>
          </ns3:TrackPointExtension>
        </extensions>
      </trkpt>
      <trkpt lat="44.06734555028378963470458984375" lon="-80.1080869138240814208984375">
        <ele>492.79998779296875</ele>
        <time>2025-05-19T16:18:32.000Z</time>
        <extensions>
          <ns3:TrackPointExtension>
            <ns3:hr>97</ns3:hr>
          </ns3:TrackPointExtension>
        </extensions>
      </trkpt>
      <trkpt lat="44.0674527548253536224365234375" lon="-80.108122788369655609130859375">
        <ele>492.79998779296875</ele>
        <time>2025-05-19T16:18:40.000Z</time>
        <extensions>
          <ns3:TrackPointExtension>
            <ns3:hr>99</ns3:hr>
          </ns3:TrackPointExtension>
        </extensions>
      </trkpt>
      <trkpt lat="44.06755912117660045623779296875" lon="-80.108150281012058258056640625">
        <ele>492.79998779296875</ele>
        <time>2025-05-19T16:18:48.000Z</time>
        <extensions>
          <ns3:TrackPointExtension>
            <ns3:hr>96</ns3:hr>
          </ns3:TrackPointExtension>
        </extensions>
      </trkpt>
      <trkpt lat="44.06757362186908721923828125" lon="-80.10815354995429515838623046875">
        <ele>492.79998779296875</ele>
        <time>2025-05-19T16:18:49.000Z</time>
        <extensions>
          <ns3:TrackPointExtension>
            <ns3:hr>97</ns3:hr>
          </ns3:TrackPointExtension>
        </extensions>
      </trkpt>
      <trkpt lat="44.06773916445672512054443359375" lon="-80.1082141511142253875732421875">
        <ele>493.600006103515625</ele>
        <time>2025-05-19T16:19:00.000Z</time>
        <extensions>
          <ns3:TrackPointExtension>
            <ns3:hr>96</ns3:hr>
          </ns3:TrackPointExtension>
        </extensions>
      </trkpt>
      <trkpt lat="44.06781996600329875946044921875" lon="-80.1082332618534564971923828125">
        <ele>494.20001220703125</ele>
        <time>2025-05-19T16:19:07.000Z</time>
        <extensions>
          <ns3:TrackPointExtension>
            <ns3:hr>96</ns3:hr>
          </ns3:TrackPointExtension>
        </extensions>
      </trkpt>
      <trkpt lat="44.0678322874009609222412109375" lon="-80.10823619551956653594970703125">
        <ele>494.20001220703125</ele>
        <time>2025-05-19T16:19:08.000Z</time>
        <extensions>
          <ns3:TrackPointExtension>
            <ns3:hr>96</ns3:hr>
          </ns3:TrackPointExtension>
        </extensions>
      </trkpt>
      <trkpt lat="44.06798399984836578369140625" lon="-80.10825748555362224578857421875">
        <ele>494.399993896484375</ele>
        <time>2025-05-19T16:19:19.000Z</time>
        <extensions>
          <ns3:TrackPointExtension>
            <ns3:hr>95</ns3:hr>
          </ns3:TrackPointExtension>
        </extensions>
      </trkpt>
      <trkpt lat="44.06812439672648906707763671875" lon="-80.108310878276824951171875">
        <ele>494.600006103515625</ele>
        <time>2025-05-19T16:19:27.000Z</time>
        <extensions>
          <ns3:TrackPointExtension>
            <ns3:hr>94</ns3:hr>
          </ns3:TrackPointExtension>
        </extensions>
      </trkpt>
      <trkpt lat="44.06822950579226016998291015625" lon="-80.10834365151822566986083984375">
        <ele>495</ele>
        <time>2025-05-19T16:19:35.000Z</time>
        <extensions>
          <ns3:TrackPointExtension>
            <ns3:hr>95</ns3:hr>
          </ns3:TrackPointExtension>
        </extensions>
      </trkpt>
      <trkpt lat="44.06827292405068874359130859375" lon="-80.1083425618708133697509765625">
        <ele>495.20001220703125</ele>
        <time>2025-05-19T16:19:38.000Z</time>
        <extensions>
          <ns3:TrackPointExtension>
            <ns3:hr>97</ns3:hr>
          </ns3:TrackPointExtension>
        </extensions>
      </trkpt>
      <trkpt lat="44.0683083795011043548583984375" lon="-80.1083526201546192169189453125">
        <ele>495.600006103515625</ele>
        <time>2025-05-19T16:19:41.000Z</time>
        <extensions>
          <ns3:TrackPointExtension>
            <ns3:hr>102</ns3:hr>
          </ns3:TrackPointExtension>
        </extensions>
      </trkpt>
      <trkpt lat="44.06832271255552768707275390625" lon="-80.10835354216396808624267578125">
        <ele>495.600006103515625</ele>
        <time>2025-05-19T16:19:42.000Z</time>
        <extensions>
          <ns3:TrackPointExtension>
            <ns3:hr>101</ns3:hr>
          </ns3:TrackPointExtension>
        </extensions>
      </trkpt>
      <trkpt lat="44.06843771226704120635986328125" lon="-80.10836946777999401092529296875">
        <ele>495.600006103515625</ele>
        <time>2025-05-19T16:19:51.000Z</time>
        <extensions>
          <ns3:TrackPointExtension>
            <ns3:hr>103</ns3:hr>
          </ns3:TrackPointExtension>
        </extensions>
      </trkpt>
      <trkpt lat="44.06851884908974170684814453125" lon="-80.108371563255786895751953125">
        <ele>495</ele>
        <time>2025-05-19T16:19:58.000Z</time>
        <extensions>
          <ns3:TrackPointExtension>
            <ns3:hr>106</ns3:hr>
          </ns3:TrackPointExtension>
        </extensions>
      </trkpt>
      <trkpt lat="44.06854701228439807891845703125" lon="-80.1083918474614620208740234375">
        <ele>495</ele>
        <time>2025-05-19T16:20:00.000Z</time>
        <extensions>
          <ns3:TrackPointExtension>
            <ns3:hr>102</ns3:hr>
          </ns3:TrackPointExtension>
        </extensions>
      </trkpt>
      <trkpt lat="44.068606607615947723388671875" lon="-80.10841908864676952362060546875">
        <ele>495</ele>
        <time>2025-05-19T16:20:05.000Z</time>
        <extensions>
          <ns3:TrackPointExtension>
            <ns3:hr>99</ns3:hr>
          </ns3:TrackPointExtension>
        </extensions>
      </trkpt>
      <trkpt lat="44.06862999312579631805419921875" lon="-80.10843199677765369415283203125">
        <ele>495.20001220703125</ele>
        <time>2025-05-19T16:20:07.000Z</time>
        <extensions>
          <ns3:TrackPointExtension>
            <ns3:hr>96</ns3:hr>
          </ns3:TrackPointExtension>
        </extensions>
      </trkpt>
      <trkpt lat="44.0686418116092681884765625" lon="-80.10843300260603427886962890625">
        <ele>495.20001220703125</ele>
        <time>2025-05-19T16:20:08.000Z</time>
        <extensions>
          <ns3:TrackPointExtension>
            <ns3:hr>100</ns3:hr>
          </ns3:TrackPointExtension>
        </extensions>
      </trkpt>
      <trkpt lat="44.068666957318782806396484375" lon="-80.10843317024409770965576171875">
        <ele>495.399993896484375</ele>
        <time>2025-05-19T16:20:10.000Z</time>
        <extensions>
          <ns3:TrackPointExtension>
            <ns3:hr>99</ns3:hr>
          </ns3:TrackPointExtension>
        </extensions>
      </trkpt>
      <trkpt lat="44.0687170810997486114501953125" lon="-80.1084599085152149200439453125">
        <ele>495.79998779296875</ele>
        <time>2025-05-19T16:20:15.000Z</time>
        <extensions>
          <ns3:TrackPointExtension>
            <ns3:hr>102</ns3:hr>
          </ns3:TrackPointExtension>
        </extensions>
      </trkpt>
      <trkpt lat="44.0687606669962406158447265625" lon="-80.1084478385746479034423828125">
        <ele>496</ele>
        <time>2025-05-19T16:20:18.000Z</time>
        <extensions>
          <ns3:TrackPointExtension>
            <ns3:hr>100</ns3:hr>
          </ns3:TrackPointExtension>
        </extensions>
      </trkpt>
      <trkpt lat="44.06880743801593780517578125" lon="-80.10846066288650035858154296875">
        <ele>496.399993896484375</ele>
        <time>2025-05-19T16:20:22.000Z</time>
        <extensions>
          <ns3:TrackPointExtension>
            <ns3:hr>99</ns3:hr>
          </ns3:TrackPointExtension>
        </extensions>
      </trkpt>
      <trkpt lat="44.068825207650661468505859375" lon="-80.10846133343875408172607421875">
        <ele>496.600006103515625</ele>
        <time>2025-05-19T16:20:23.000Z</time>
        <extensions>
          <ns3:TrackPointExtension>
            <ns3:hr>102</ns3:hr>
          </ns3:TrackPointExtension>
        </extensions>
      </trkpt>
      <trkpt lat="44.06886619515717029571533203125" lon="-80.1084736548364162445068359375">
        <ele>496.79998779296875</ele>
        <time>2025-05-19T16:20:26.000Z</time>
        <extensions>
          <ns3:TrackPointExtension>
            <ns3:hr>104</ns3:hr>
          </ns3:TrackPointExtension>
        </extensions>
      </trkpt>
      <trkpt lat="44.06889502890408039093017578125" lon="-80.10847709141671657562255859375">
        <ele>497</ele>
        <time>2025-05-19T16:20:28.000Z</time>
        <extensions>
          <ns3:TrackPointExtension>
            <ns3:hr>109</ns3:hr>
          </ns3:TrackPointExtension>
        </extensions>
      </trkpt>
      <trkpt lat="44.06890508718788623809814453125" lon="-80.108481533825397491455078125">
        <ele>497</ele>
        <time>2025-05-19T16:20:29.000Z</time>
        <extensions>
          <ns3:TrackPointExtension>
            <ns3:hr>114</ns3:hr>
          </ns3:TrackPointExtension>
        </extensions>
      </trkpt>
      <trkpt lat="44.068929143249988555908203125" lon="-80.10849201120436191558837890625">
        <ele>497</ele>
        <time>2025-05-19T16:20:31.000Z</time>
        <extensions>
          <ns3:TrackPointExtension>
            <ns3:hr>117</ns3:hr>
          </ns3:TrackPointExtension>
        </extensions>
      </trkpt>
      <trkpt lat="44.06895118765532970428466796875" lon="-80.1085028238594532012939453125">
        <ele>497</ele>
        <time>2025-05-19T16:20:33.000Z</time>
        <extensions>
          <ns3:TrackPointExtension>
            <ns3:hr>118</ns3:hr>
          </ns3:TrackPointExtension>
        </extensions>
      </trkpt>
      <trkpt lat="44.0690842084586620330810546875" lon="-80.10857583023607730865478515625">
        <ele>497</ele>
        <time>2025-05-19T16:20:45.000Z</time>
        <extensions>
          <ns3:TrackPointExtension>
            <ns3:hr>120</ns3:hr>
          </ns3:TrackPointExtension>
        </extensions>
      </trkpt>
      <trkpt lat="44.069099463522434234619140625" lon="-80.10857976973056793212890625">
        <ele>497.20001220703125</ele>
        <time>2025-05-19T16:20:46.000Z</time>
        <extensions>
          <ns3:TrackPointExtension>
            <ns3:hr>117</ns3:hr>
          </ns3:TrackPointExtension>
        </extensions>
      </trkpt>
      <trkpt lat="44.06914665363729000091552734375" lon="-80.10858857072889804840087890625">
        <ele>497.399993896484375</ele>
        <time>2025-05-19T16:20:50.000Z</time>
        <extensions>
          <ns3:TrackPointExtension>
            <ns3:hr>115</ns3:hr>
          </ns3:TrackPointExtension>
        </extensions>
      </trkpt>
      <trkpt lat="44.0691931731998920440673828125" lon="-80.1086024008691310882568359375">
        <ele>497.600006103515625</ele>
        <time>2025-05-19T16:20:55.000Z</time>
        <extensions>
          <ns3:TrackPointExtension>
            <ns3:hr>115</ns3:hr>
          </ns3:TrackPointExtension>
        </extensions>
      </trkpt>
      <trkpt lat="44.06921111047267913818359375" lon="-80.1086024008691310882568359375">
        <ele>497.79998779296875</ele>
        <time>2025-05-19T16:20:57.000Z</time>
        <extensions>
          <ns3:TrackPointExtension>
            <ns3:hr>111</ns3:hr>
          </ns3:TrackPointExtension>
        </extensions>
      </trkpt>
      <trkpt lat="44.0692468173801898956298828125" lon="-80.108600556850433349609375">
        <ele>498.20001220703125</ele>
        <time>2025-05-19T16:21:00.000Z</time>
        <extensions>
          <ns3:TrackPointExtension>
            <ns3:hr>108</ns3:hr>
          </ns3:TrackPointExtension>
        </extensions>
      </trkpt>
      <trkpt lat="44.06928428448736667633056640625" lon="-80.1086032390594482421875">
        <ele>498.399993896484375</ele>
        <time>2025-05-19T16:21:03.000Z</time>
        <extensions>
          <ns3:TrackPointExtension>
            <ns3:hr>109</ns3:hr>
          </ns3:TrackPointExtension>
        </extensions>
      </trkpt>
      <trkpt lat="44.06929786317050457000732421875" lon="-80.10860064066946506500244140625">
        <ele>498.600006103515625</ele>
        <time>2025-05-19T16:21:04.000Z</time>
        <extensions>
          <ns3:TrackPointExtension>
            <ns3:hr>110</ns3:hr>
          </ns3:TrackPointExtension>
        </extensions>
      </trkpt>
      <trkpt lat="44.06936223618686199188232421875" lon="-80.108619667589664459228515625">
        <ele>499.79998779296875</ele>
        <time>2025-05-19T16:21:11.000Z</time>
        <extensions>
          <ns3:TrackPointExtension>
            <ns3:hr>108</ns3:hr>
          </ns3:TrackPointExtension>
        </extensions>
      </trkpt>
      <trkpt lat="44.069391824305057525634765625" lon="-80.10861866176128387451171875">
        <ele>500.399993896484375</ele>
        <time>2025-05-19T16:21:14.000Z</time>
        <extensions>
          <ns3:TrackPointExtension>
            <ns3:hr>108</ns3:hr>
          </ns3:TrackPointExtension>
        </extensions>
      </trkpt>
      <trkpt lat="44.06943507492542266845703125" lon="-80.1086319051682949066162109375">
        <ele>500.600006103515625</ele>
        <time>2025-05-19T16:21:17.000Z</time>
        <extensions>
          <ns3:TrackPointExtension>
            <ns3:hr>107</ns3:hr>
          </ns3:TrackPointExtension>
        </extensions>
      </trkpt>
      <trkpt lat="44.06944387592375278472900390625" lon="-80.10863685049116611480712890625">
        <ele>500.79998779296875</ele>
        <time>2025-05-19T16:21:18.000Z</time>
        <extensions>
          <ns3:TrackPointExtension>
            <ns3:hr>110</ns3:hr>
          </ns3:TrackPointExtension>
        </extensions>
      </trkpt>
      <trkpt lat="44.06947153620421886444091796875" lon="-80.1086573861539363861083984375">
        <ele>501.20001220703125</ele>
        <time>2025-05-19T16:21:21.000Z</time>
        <extensions>
          <ns3:TrackPointExtension>
            <ns3:hr>107</ns3:hr>
          </ns3:TrackPointExtension>
        </extensions>
      </trkpt>
      <trkpt lat="44.0695267729461193084716796875" lon="-80.10867205448448657989501953125">
        <ele>501.600006103515625</ele>
        <time>2025-05-19T16:21:26.000Z</time>
        <extensions>
          <ns3:TrackPointExtension>
            <ns3:hr>107</ns3:hr>
          </ns3:TrackPointExtension>
        </extensions>
      </trkpt>
      <trkpt lat="44.06954848207533359527587890625" lon="-80.108665265142917633056640625">
        <ele>502</ele>
        <time>2025-05-19T16:21:28.000Z</time>
        <extensions>
          <ns3:TrackPointExtension>
            <ns3:hr>107</ns3:hr>
          </ns3:TrackPointExtension>
        </extensions>
      </trkpt>
      <trkpt lat="44.06960380263626575469970703125" lon="-80.1086661033332347869873046875">
        <ele>502</ele>
        <time>2025-05-19T16:21:33.000Z</time>
        <extensions>
          <ns3:TrackPointExtension>
            <ns3:hr>104</ns3:hr>
          </ns3:TrackPointExtension>
        </extensions>
      </trkpt>
      <trkpt lat="44.06963917426764965057373046875" lon="-80.10865755379199981689453125">
        <ele>501.399993896484375</ele>
        <time>2025-05-19T16:21:36.000Z</time>
        <extensions>
          <ns3:TrackPointExtension>
            <ns3:hr>107</ns3:hr>
          </ns3:TrackPointExtension>
        </extensions>
      </trkpt>
      <trkpt lat="44.0696786530315876007080078125" lon="-80.10866501368582248687744140625">
        <ele>500.79998779296875</ele>
        <time>2025-05-19T16:21:39.000Z</time>
        <extensions>
          <ns3:TrackPointExtension>
            <ns3:hr>105</ns3:hr>
          </ns3:TrackPointExtension>
        </extensions>
      </trkpt>
      <trkpt lat="44.0697423554956912994384765625" lon="-80.1086952723562717437744140625">
        <ele>500</ele>
        <time>2025-05-19T16:21:44.000Z</time>
        <extensions>
          <ns3:TrackPointExtension>
            <ns3:hr>106</ns3:hr>
          </ns3:TrackPointExtension>
        </extensions>
      </trkpt>
      <trkpt lat="44.069802202284336090087890625" lon="-80.1087118685245513916015625">
        <ele>499.79998779296875</ele>
        <time>2025-05-19T16:21:50.000Z</time>
        <extensions>
          <ns3:TrackPointExtension>
            <ns3:hr>105</ns3:hr>
          </ns3:TrackPointExtension>
        </extensions>
      </trkpt>
      <trkpt lat="44.069838412106037139892578125" lon="-80.1087118685245513916015625">
        <ele>499.600006103515625</ele>
        <time>2025-05-19T16:21:53.000Z</time>
        <extensions>
          <ns3:TrackPointExtension>
            <ns3:hr>106</ns3:hr>
          </ns3:TrackPointExtension>
        </extensions>
      </trkpt>
      <trkpt lat="44.06993321143090724945068359375" lon="-80.1087365113198757171630859375">
        <ele>499.600006103515625</ele>
        <time>2025-05-19T16:22:02.000Z</time>
        <extensions>
          <ns3:TrackPointExtension>
            <ns3:hr>107</ns3:hr>
          </ns3:TrackPointExtension>
        </extensions>
      </trkpt>
      <trkpt lat="44.06998090445995330810546875" lon="-80.108726955950260162353515625">
        <ele>499.399993896484375</ele>
        <time>2025-05-19T16:22:06.000Z</time>
        <extensions>
          <ns3:TrackPointExtension>
            <ns3:hr>110</ns3:hr>
          </ns3:TrackPointExtension>
        </extensions>
      </trkpt>
      <trkpt lat="44.07003630883991718292236328125" lon="-80.1087385229766368865966796875">
        <ele>498.600006103515625</ele>
        <time>2025-05-19T16:22:10.000Z</time>
        <extensions>
          <ns3:TrackPointExtension>
            <ns3:hr>110</ns3:hr>
          </ns3:TrackPointExtension>
        </extensions>
      </trkpt>
      <trkpt lat="44.0700675733387470245361328125" lon="-80.10875034146010875701904296875">
        <ele>498</ele>
        <time>2025-05-19T16:22:12.000Z</time>
        <extensions>
          <ns3:TrackPointExtension>
            <ns3:hr>112</ns3:hr>
          </ns3:TrackPointExtension>
        </extensions>
      </trkpt>
      <trkpt lat="44.07008257694542407989501953125" lon="-80.1087593100965023040771484375">
        <ele>497.79998779296875</ele>
        <time>2025-05-19T16:22:13.000Z</time>
        <extensions>
          <ns3:TrackPointExtension>
            <ns3:hr>109</ns3:hr>
          </ns3:TrackPointExtension>
        </extensions>
      </trkpt>
      <trkpt lat="44.07009414397180080413818359375" lon="-80.108769200742244720458984375">
        <ele>497.399993896484375</ele>
        <time>2025-05-19T16:22:14.000Z</time>
        <extensions>
          <ns3:TrackPointExtension>
            <ns3:hr>111</ns3:hr>
          </ns3:TrackPointExtension>
        </extensions>
      </trkpt>
      <trkpt lat="44.07013035379350185394287109375" lon="-80.108795352280139923095703125">
        <ele>496.399993896484375</ele>
        <time>2025-05-19T16:22:17.000Z</time>
        <extensions>
          <ns3:TrackPointExtension>
            <ns3:hr>111</ns3:hr>
          </ns3:TrackPointExtension>
        </extensions>
      </trkpt>
      <trkpt lat="44.0701711736619472503662109375" lon="-80.10881236754357814788818359375">
        <ele>496</ele>
        <time>2025-05-19T16:22:20.000Z</time>
        <extensions>
          <ns3:TrackPointExtension>
            <ns3:hr>108</ns3:hr>
          </ns3:TrackPointExtension>
        </extensions>
      </trkpt>
      <trkpt lat="44.07020679675042629241943359375" lon="-80.108822844922542572021484375">
        <ele>495.79998779296875</ele>
        <time>2025-05-19T16:22:23.000Z</time>
        <extensions>
          <ns3:TrackPointExtension>
            <ns3:hr>111</ns3:hr>
          </ns3:TrackPointExtension>
        </extensions>
      </trkpt>
      <trkpt lat="44.0702378936111927032470703125" lon="-80.1088330708444118499755859375">
        <ele>495.79998779296875</ele>
        <time>2025-05-19T16:22:26.000Z</time>
        <extensions>
          <ns3:TrackPointExtension>
            <ns3:hr>114</ns3:hr>
          </ns3:TrackPointExtension>
        </extensions>
      </trkpt>
      <trkpt lat="44.0702767856419086456298828125" lon="-80.1088437996804714202880859375">
        <ele>495.79998779296875</ele>
        <time>2025-05-19T16:22:29.000Z</time>
        <extensions>
          <ns3:TrackPointExtension>
            <ns3:hr>111</ns3:hr>
          </ns3:TrackPointExtension>
        </extensions>
      </trkpt>
      <trkpt lat="44.07030318863689899444580078125" lon="-80.1088511757552623748779296875">
        <ele>495.79998779296875</ele>
        <time>2025-05-19T16:22:31.000Z</time>
        <extensions>
          <ns3:TrackPointExtension>
            <ns3:hr>111</ns3:hr>
          </ns3:TrackPointExtension>
        </extensions>
      </trkpt>
      <trkpt lat="44.0703994967043399810791015625" lon="-80.10887891985476016998291015625">
        <ele>496</ele>
        <time>2025-05-19T16:22:39.000Z</time>
        <extensions>
          <ns3:TrackPointExtension>
            <ns3:hr>112</ns3:hr>
          </ns3:TrackPointExtension>
        </extensions>
      </trkpt>
      <trkpt lat="44.07051927410066127777099609375" lon="-80.10890708304941654205322265625">
        <ele>496.399993896484375</ele>
        <time>2025-05-19T16:22:49.000Z</time>
        <extensions>
          <ns3:TrackPointExtension>
            <ns3:hr>112</ns3:hr>
          </ns3:TrackPointExtension>
        </extensions>
      </trkpt>
      <trkpt lat="44.07064064405858516693115234375" lon="-80.10891948826611042022705078125">
        <ele>497</ele>
        <time>2025-05-19T16:22:58.000Z</time>
        <extensions>
          <ns3:TrackPointExtension>
            <ns3:hr>111</ns3:hr>
          </ns3:TrackPointExtension>
        </extensions>
      </trkpt>
      <trkpt lat="44.0706797875463962554931640625" lon="-80.10891948826611042022705078125">
        <ele>497.20001220703125</ele>
        <time>2025-05-19T16:23:01.000Z</time>
        <extensions>
          <ns3:TrackPointExtension>
            <ns3:hr>108</ns3:hr>
          </ns3:TrackPointExtension>
        </extensions>
      </trkpt>
      <trkpt lat="44.070717506110668182373046875" lon="-80.108926780521869659423828125">
        <ele>497.20001220703125</ele>
        <time>2025-05-19T16:23:04.000Z</time>
        <extensions>
          <ns3:TrackPointExtension>
            <ns3:hr>111</ns3:hr>
          </ns3:TrackPointExtension>
        </extensions>
      </trkpt>
      <trkpt lat="44.0707714855670928955078125" lon="-80.1089339889585971832275390625">
        <ele>497.20001220703125</ele>
        <time>2025-05-19T16:23:08.000Z</time>
        <extensions>
          <ns3:TrackPointExtension>
            <ns3:hr>112</ns3:hr>
          </ns3:TrackPointExtension>
        </extensions>
      </trkpt>
      <trkpt lat="44.0708470903337001800537109375" lon="-80.1089561171829700469970703125">
        <ele>496.600006103515625</ele>
        <time>2025-05-19T16:23:14.000Z</time>
        <extensions>
          <ns3:TrackPointExtension>
            <ns3:hr>115</ns3:hr>
          </ns3:TrackPointExtension>
        </extensions>
      </trkpt>
      <trkpt lat="44.0708598308265209197998046875" lon="-80.10895821265876293182373046875">
        <ele>496.600006103515625</ele>
        <time>2025-05-19T16:23:15.000Z</time>
        <extensions>
          <ns3:TrackPointExtension>
            <ns3:hr>112</ns3:hr>
          </ns3:TrackPointExtension>
        </extensions>
      </trkpt>
      <trkpt lat="44.0708843059837818145751953125" lon="-80.10896466672420501708984375">
        <ele>496.399993896484375</ele>
        <time>2025-05-19T16:23:17.000Z</time>
        <extensions>
          <ns3:TrackPointExtension>
            <ns3:hr>111</ns3:hr>
          </ns3:TrackPointExtension>
        </extensions>
      </trkpt>
      <trkpt lat="44.07095412723720073699951171875" lon="-80.10898805223405361175537109375">
        <ele>496.399993896484375</ele>
        <time>2025-05-19T16:23:23.000Z</time>
        <extensions>
          <ns3:TrackPointExtension>
            <ns3:hr>108</ns3:hr>
          </ns3:TrackPointExtension>
        </extensions>
      </trkpt>
      <trkpt lat="44.07099503092467784881591796875" lon="-80.10900045745074748992919921875">
        <ele>496.399993896484375</ele>
        <time>2025-05-19T16:23:26.000Z</time>
        <extensions>
          <ns3:TrackPointExtension>
            <ns3:hr>105</ns3:hr>
          </ns3:TrackPointExtension>
        </extensions>
      </trkpt>
      <trkpt lat="44.0710630081593990325927734375" lon="-80.1090225018560886383056640625">
        <ele>496.399993896484375</ele>
        <time>2025-05-19T16:23:31.000Z</time>
        <extensions>
          <ns3:TrackPointExtension>
            <ns3:hr>108</ns3:hr>
          </ns3:TrackPointExtension>
        </extensions>
      </trkpt>
      <trkpt lat="44.07109812833368778228759765625" lon="-80.10903683491051197052001953125">
        <ele>496.399993896484375</ele>
        <time>2025-05-19T16:23:34.000Z</time>
        <extensions>
          <ns3:TrackPointExtension>
            <ns3:hr>113</ns3:hr>
          </ns3:TrackPointExtension>
        </extensions>
      </trkpt>
      <trkpt lat="44.0711364336311817169189453125" lon="-80.109040103852748870849609375">
        <ele>496.399993896484375</ele>
        <time>2025-05-19T16:23:37.000Z</time>
        <extensions>
          <ns3:TrackPointExtension>
            <ns3:hr>110</ns3:hr>
          </ns3:TrackPointExtension>
        </extensions>
      </trkpt>
      <trkpt lat="44.07120038755238056182861328125" lon="-80.1090587116777896881103515625">
        <ele>496.399993896484375</ele>
        <time>2025-05-19T16:23:42.000Z</time>
        <extensions>
          <ns3:TrackPointExtension>
            <ns3:hr>111</ns3:hr>
          </ns3:TrackPointExtension>
        </extensions>
      </trkpt>
      <trkpt lat="44.071302227675914764404296875" lon="-80.10908394120633602142333984375">
        <ele>496.20001220703125</ele>
        <time>2025-05-19T16:23:50.000Z</time>
        <extensions>
          <ns3:TrackPointExtension>
            <ns3:hr>112</ns3:hr>
          </ns3:TrackPointExtension>
        </extensions>
      </trkpt>
      <trkpt lat="44.07136802561581134796142578125" lon="-80.10909131728112697601318359375">
        <ele>496</ele>
        <time>2025-05-19T16:23:55.000Z</time>
        <extensions>
          <ns3:TrackPointExtension>
            <ns3:hr>109</ns3:hr>
          </ns3:TrackPointExtension>
        </extensions>
      </trkpt>
      <trkpt lat="44.071434997022151947021484375" lon="-80.109099783003330230712890625">
        <ele>495.79998779296875</ele>
        <time>2025-05-19T16:24:00.000Z</time>
        <extensions>
          <ns3:TrackPointExtension>
            <ns3:hr>108</ns3:hr>
          </ns3:TrackPointExtension>
        </extensions>
      </trkpt>
      <trkpt lat="44.07146307639777660369873046875" lon="-80.1091029681265354156494140625">
        <ele>495.399993896484375</ele>
        <time>2025-05-19T16:24:02.000Z</time>
        <extensions>
          <ns3:TrackPointExtension>
            <ns3:hr>109</ns3:hr>
          </ns3:TrackPointExtension>
        </extensions>
      </trkpt>
      <trkpt lat="44.0715176425874233245849609375" lon="-80.109111852943897247314453125">
        <ele>495</ele>
        <time>2025-05-19T16:24:06.000Z</time>
        <extensions>
          <ns3:TrackPointExtension>
            <ns3:hr>106</ns3:hr>
          </ns3:TrackPointExtension>
        </extensions>
      </trkpt>
      <trkpt lat="44.07157002948224544525146484375" lon="-80.1091177202761173248291015625">
        <ele>494.79998779296875</ele>
        <time>2025-05-19T16:24:10.000Z</time>
        <extensions>
          <ns3:TrackPointExtension>
            <ns3:hr>106</ns3:hr>
          </ns3:TrackPointExtension>
        </extensions>
      </trkpt>
      <trkpt lat="44.07163985073566436767578125" lon="-80.1091364957392215728759765625">
        <ele>494</ele>
        <time>2025-05-19T16:24:16.000Z</time>
        <extensions>
          <ns3:TrackPointExtension>
            <ns3:hr>108</ns3:hr>
          </ns3:TrackPointExtension>
        </extensions>
      </trkpt>
      <trkpt lat="44.07164781354367733001708984375" lon="-80.10913909412920475006103515625">
        <ele>494</ele>
        <time>2025-05-19T16:24:17.000Z</time>
        <extensions>
          <ns3:TrackPointExtension>
            <ns3:hr>108</ns3:hr>
          </ns3:TrackPointExtension>
        </extensions>
      </trkpt>
      <trkpt lat="44.071670360863208770751953125" lon="-80.1091495715081691741943359375">
        <ele>493</ele>
        <time>2025-05-19T16:24:20.000Z</time>
        <extensions>
          <ns3:TrackPointExtension>
            <ns3:hr>107</ns3:hr>
          </ns3:TrackPointExtension>
        </extensions>
      </trkpt>
      <trkpt lat="44.0717486478388309478759765625" lon="-80.109168849885463714599609375">
        <ele>492.399993896484375</ele>
        <time>2025-05-19T16:24:27.000Z</time>
        <extensions>
          <ns3:TrackPointExtension>
            <ns3:hr>107</ns3:hr>
          </ns3:TrackPointExtension>
        </extensions>
      </trkpt>
      <trkpt lat="44.071789719164371490478515625" lon="-80.1091743819415569305419921875">
        <ele>491.79998779296875</ele>
        <time>2025-05-19T16:24:30.000Z</time>
        <extensions>
          <ns3:TrackPointExtension>
            <ns3:hr>106</ns3:hr>
          </ns3:TrackPointExtension>
        </extensions>
      </trkpt>
      <trkpt lat="44.07186775468289852142333984375" lon="-80.1091824285686016082763671875">
        <ele>490.600006103515625</ele>
        <time>2025-05-19T16:24:36.000Z</time>
        <extensions>
          <ns3:TrackPointExtension>
            <ns3:hr>107</ns3:hr>
          </ns3:TrackPointExtension>
        </extensions>
      </trkpt>
      <trkpt lat="44.0719162859022617340087890625" lon="-80.109182931482791900634765625">
        <ele>489.399993896484375</ele>
        <time>2025-05-19T16:24:40.000Z</time>
        <extensions>
          <ns3:TrackPointExtension>
            <ns3:hr>109</ns3:hr>
          </ns3:TrackPointExtension>
        </extensions>
      </trkpt>
      <trkpt lat="44.07192894257605075836181640625" lon="-80.10918100364506244659423828125">
        <ele>489.20001220703125</ele>
        <time>2025-05-19T16:24:41.000Z</time>
        <extensions>
          <ns3:TrackPointExtension>
            <ns3:hr>112</ns3:hr>
          </ns3:TrackPointExtension>
        </extensions>
      </trkpt>
      <trkpt lat="44.07194168306887149810791015625" lon="-80.1091794110834598541259765625">
        <ele>489</ele>
        <time>2025-05-19T16:24:42.000Z</time>
        <extensions>
          <ns3:TrackPointExtension>
            <ns3:hr>115</ns3:hr>
          </ns3:TrackPointExtension>
        </extensions>
      </trkpt>
      <trkpt lat="44.07195325009524822235107421875" lon="-80.1091812551021575927734375">
        <ele>489</ele>
        <time>2025-05-19T16:24:43.000Z</time>
        <extensions>
          <ns3:TrackPointExtension>
            <ns3:hr>120</ns3:hr>
          </ns3:TrackPointExtension>
        </extensions>
      </trkpt>
      <trkpt lat="44.071966074407100677490234375" lon="-80.1091834343969821929931640625">
        <ele>488.79998779296875</ele>
        <time>2025-05-19T16:24:44.000Z</time>
        <extensions>
          <ns3:TrackPointExtension>
            <ns3:hr>121</ns3:hr>
          </ns3:TrackPointExtension>
        </extensions>
      </trkpt>
      <trkpt lat="44.0719811618328094482421875" lon="-80.1091854460537433624267578125">
        <ele>488.600006103515625</ele>
        <time>2025-05-19T16:24:45.000Z</time>
        <extensions>
          <ns3:TrackPointExtension>
            <ns3:hr>124</ns3:hr>
          </ns3:TrackPointExtension>
        </extensions>
      </trkpt>
      <trkpt lat="44.072036482393741607666015625" lon="-80.10919625870883464813232421875">
        <ele>488.399993896484375</ele>
        <time>2025-05-19T16:24:49.000Z</time>
        <extensions>
          <ns3:TrackPointExtension>
            <ns3:hr>126</ns3:hr>
          </ns3:TrackPointExtension>
        </extensions>
      </trkpt>
      <trkpt lat="44.07206322066485881805419921875" lon="-80.10920397005975246429443359375">
        <ele>488.399993896484375</ele>
        <time>2025-05-19T16:24:51.000Z</time>
        <extensions>
          <ns3:TrackPointExtension>
            <ns3:hr>125</ns3:hr>
          </ns3:TrackPointExtension>
        </extensions>
      </trkpt>
      <trkpt lat="44.0720750391483306884765625" lon="-80.10921017266809940338134765625">
        <ele>488.20001220703125</ele>
        <time>2025-05-19T16:24:52.000Z</time>
        <extensions>
          <ns3:TrackPointExtension>
            <ns3:hr>127</ns3:hr>
          </ns3:TrackPointExtension>
        </extensions>
      </trkpt>
      <trkpt lat="44.072122983634471893310546875" lon="-80.1092655770480632781982421875">
        <ele>487.79998779296875</ele>
        <time>2025-05-19T16:24:57.000Z</time>
        <extensions>
          <ns3:TrackPointExtension>
            <ns3:hr>124</ns3:hr>
          </ns3:TrackPointExtension>
        </extensions>
      </trkpt>
      <trkpt lat="44.0721315331757068634033203125" lon="-80.10929164476692676544189453125">
        <ele>487.79998779296875</ele>
        <time>2025-05-19T16:24:59.000Z</time>
        <extensions>
          <ns3:TrackPointExtension>
            <ns3:hr>122</ns3:hr>
          </ns3:TrackPointExtension>
        </extensions>
      </trkpt>
      <trkpt lat="44.07216447405517101287841796875" lon="-80.109394825994968414306640625">
        <ele>487.79998779296875</ele>
        <time>2025-05-19T16:25:06.000Z</time>
        <extensions>
          <ns3:TrackPointExtension>
            <ns3:hr>123</ns3:hr>
          </ns3:TrackPointExtension>
        </extensions>
      </trkpt>
      <trkpt lat="44.0722696669399738311767578125" lon="-80.10942600667476654052734375">
        <ele>487.79998779296875</ele>
        <time>2025-05-19T16:25:15.000Z</time>
        <extensions>
          <ns3:TrackPointExtension>
            <ns3:hr>124</ns3:hr>
          </ns3:TrackPointExtension>
        </extensions>
      </trkpt>
      <trkpt lat="44.072320796549320220947265625" lon="-80.1094402559101581573486328125">
        <ele>487.399993896484375</ele>
        <time>2025-05-19T16:25:20.000Z</time>
        <extensions>
          <ns3:TrackPointExtension>
            <ns3:hr>127</ns3:hr>
          </ns3:TrackPointExtension>
        </extensions>
      </trkpt>
      <trkpt lat="44.07234166748821735382080078125" lon="-80.10944855399429798126220703125">
        <ele>487</ele>
        <time>2025-05-19T16:25:22.000Z</time>
        <extensions>
          <ns3:TrackPointExtension>
            <ns3:hr>123</ns3:hr>
          </ns3:TrackPointExtension>
        </extensions>
      </trkpt>
      <trkpt lat="44.0723729319870471954345703125" lon="-80.10945559479296207427978515625">
        <ele>486.600006103515625</ele>
        <time>2025-05-19T16:25:25.000Z</time>
        <extensions>
          <ns3:TrackPointExtension>
            <ns3:hr>125</ns3:hr>
          </ns3:TrackPointExtension>
        </extensions>
      </trkpt>
      <trkpt lat="44.0723843313753604888916015625" lon="-80.10945945046842098236083984375">
        <ele>486.399993896484375</ele>
        <time>2025-05-19T16:25:26.000Z</time>
        <extensions>
          <ns3:TrackPointExtension>
            <ns3:hr>126</ns3:hr>
          </ns3:TrackPointExtension>
        </extensions>
      </trkpt>
      <trkpt lat="44.07242867164313793182373046875" lon="-80.1094825007021427154541015625">
        <ele>485.20001220703125</ele>
        <time>2025-05-19T16:25:30.000Z</time>
        <extensions>
          <ns3:TrackPointExtension>
            <ns3:hr>125</ns3:hr>
          </ns3:TrackPointExtension>
        </extensions>
      </trkpt>
      <trkpt lat="44.07244090922176837921142578125" lon="-80.10948644019663333892822265625">
        <ele>485</ele>
        <time>2025-05-19T16:25:31.000Z</time>
        <extensions>
          <ns3:TrackPointExtension>
            <ns3:hr>124</ns3:hr>
          </ns3:TrackPointExtension>
        </extensions>
      </trkpt>
      <trkpt lat="44.07248315401375293731689453125" lon="-80.10949029587209224700927734375">
        <ele>484</ele>
        <time>2025-05-19T16:25:34.000Z</time>
        <extensions>
          <ns3:TrackPointExtension>
            <ns3:hr>123</ns3:hr>
          </ns3:TrackPointExtension>
        </extensions>
      </trkpt>
      <trkpt lat="44.07252774573862552642822265625" lon="-80.10950923897325992584228515625">
        <ele>483.600006103515625</ele>
        <time>2025-05-19T16:25:38.000Z</time>
        <extensions>
          <ns3:TrackPointExtension>
            <ns3:hr>119</ns3:hr>
          </ns3:TrackPointExtension>
        </extensions>
      </trkpt>
      <trkpt lat="44.07253897748887538909912109375" lon="-80.10951510630548000335693359375">
        <ele>483.600006103515625</ele>
        <time>2025-05-19T16:25:39.000Z</time>
        <extensions>
          <ns3:TrackPointExtension>
            <ns3:hr>119</ns3:hr>
          </ns3:TrackPointExtension>
        </extensions>
      </trkpt>
      <trkpt lat="44.072562865912914276123046875" lon="-80.10952231474220752716064453125">
        <ele>483.399993896484375</ele>
        <time>2025-05-19T16:25:41.000Z</time>
        <extensions>
          <ns3:TrackPointExtension>
            <ns3:hr>116</ns3:hr>
          </ns3:TrackPointExtension>
        </extensions>
      </trkpt>
      <trkpt lat="44.07258667051792144775390625" lon="-80.10953287594020366668701171875">
        <ele>483.399993896484375</ele>
        <time>2025-05-19T16:25:43.000Z</time>
        <extensions>
          <ns3:TrackPointExtension>
            <ns3:hr>113</ns3:hr>
          </ns3:TrackPointExtension>
        </extensions>
      </trkpt>
      <trkpt lat="44.0726237185299396514892578125" lon="-80.10954645462334156036376953125">
        <ele>483.20001220703125</ele>
        <time>2025-05-19T16:25:46.000Z</time>
        <extensions>
          <ns3:TrackPointExtension>
            <ns3:hr>110</ns3:hr>
          </ns3:TrackPointExtension>
        </extensions>
      </trkpt>
      <trkpt lat="44.07263536937534809112548828125" lon="-80.109551064670085906982421875">
        <ele>483</ele>
        <time>2025-05-19T16:25:47.000Z</time>
        <extensions>
          <ns3:TrackPointExtension>
            <ns3:hr>110</ns3:hr>
          </ns3:TrackPointExtension>
        </extensions>
      </trkpt>
      <trkpt lat="44.07265850342810153961181640625" lon="-80.10955684818327426910400390625">
        <ele>483</ele>
        <time>2025-05-19T16:25:49.000Z</time>
        <extensions>
          <ns3:TrackPointExtension>
            <ns3:hr>110</ns3:hr>
          </ns3:TrackPointExtension>
        </extensions>
      </trkpt>
      <trkpt lat="44.0727187693119049072265625" lon="-80.10955802164971828460693359375">
        <ele>482.600006103515625</ele>
        <time>2025-05-19T16:25:54.000Z</time>
        <extensions>
          <ns3:TrackPointExtension>
            <ns3:hr>107</ns3:hr>
          </ns3:TrackPointExtension>
        </extensions>
      </trkpt>
      <trkpt lat="44.072769396007061004638671875" lon="-80.10956556536257266998291015625">
        <ele>482.20001220703125</ele>
        <time>2025-05-19T16:25:58.000Z</time>
        <extensions>
          <ns3:TrackPointExtension>
            <ns3:hr>108</ns3:hr>
          </ns3:TrackPointExtension>
        </extensions>
      </trkpt>
      <trkpt lat="44.07278238795697689056396484375" lon="-80.1095679961144924163818359375">
        <ele>482</ele>
        <time>2025-05-19T16:25:59.000Z</time>
        <extensions>
          <ns3:TrackPointExtension>
            <ns3:hr>108</ns3:hr>
          </ns3:TrackPointExtension>
        </extensions>
      </trkpt>
      <trkpt lat="44.07279579900205135345458984375" lon="-80.10956925339996814727783203125">
        <ele>481.79998779296875</ele>
        <time>2025-05-19T16:26:00.000Z</time>
        <extensions>
          <ns3:TrackPointExtension>
            <ns3:hr>111</ns3:hr>
          </ns3:TrackPointExtension>
        </extensions>
      </trkpt>
      <trkpt lat="44.0728376246988773345947265625" lon="-80.1095693372189998626708984375">
        <ele>481.600006103515625</ele>
        <time>2025-05-19T16:26:03.000Z</time>
        <extensions>
          <ns3:TrackPointExtension>
            <ns3:hr>108</ns3:hr>
          </ns3:TrackPointExtension>
        </extensions>
      </trkpt>
      <trkpt lat="44.07290518283843994140625" lon="-80.1095830835402011871337890625">
        <ele>481</ele>
        <time>2025-05-19T16:26:08.000Z</time>
        <extensions>
          <ns3:TrackPointExtension>
            <ns3:hr>108</ns3:hr>
          </ns3:TrackPointExtension>
        </extensions>
      </trkpt>
      <trkpt lat="44.07291658222675323486328125" lon="-80.10958559811115264892578125">
        <ele>480.79998779296875</ele>
        <time>2025-05-19T16:26:09.000Z</time>
        <extensions>
          <ns3:TrackPointExtension>
            <ns3:hr>108</ns3:hr>
          </ns3:TrackPointExtension>
        </extensions>
      </trkpt>
      <trkpt lat="44.07302998937666416168212890625" lon="-80.10960043407976627349853515625">
        <ele>480.399993896484375</ele>
        <time>2025-05-19T16:26:17.000Z</time>
        <extensions>
          <ns3:TrackPointExtension>
            <ns3:hr>105</ns3:hr>
          </ns3:TrackPointExtension>
        </extensions>
      </trkpt>
      <trkpt lat="44.07304423861205577850341796875" lon="-80.109606049954891204833984375">
        <ele>480.399993896484375</ele>
        <time>2025-05-19T16:26:18.000Z</time>
        <extensions>
          <ns3:TrackPointExtension>
            <ns3:hr>104</ns3:hr>
          </ns3:TrackPointExtension>
        </extensions>
      </trkpt>
      <trkpt lat="44.0730991400778293609619140625" lon="-80.1096239872276782989501953125">
        <ele>480.399993896484375</ele>
        <time>2025-05-19T16:26:22.000Z</time>
        <extensions>
          <ns3:TrackPointExtension>
            <ns3:hr>101</ns3:hr>
          </ns3:TrackPointExtension>
        </extensions>
      </trkpt>
      <trkpt lat="44.0731665305793285369873046875" lon="-80.10963932611048221588134765625">
        <ele>480.20001220703125</ele>
        <time>2025-05-19T16:26:27.000Z</time>
        <extensions>
          <ns3:TrackPointExtension>
            <ns3:hr>101</ns3:hr>
          </ns3:TrackPointExtension>
        </extensions>
      </trkpt>
      <trkpt lat="44.07323249615728855133056640625" lon="-80.10965935885906219482421875">
        <ele>480.20001220703125</ele>
        <time>2025-05-19T16:26:32.000Z</time>
        <extensions>
          <ns3:TrackPointExtension>
            <ns3:hr>104</ns3:hr>
          </ns3:TrackPointExtension>
        </extensions>
      </trkpt>
      <trkpt lat="44.07330273650586605072021484375" lon="-80.10967771522700786590576171875">
        <ele>480.399993896484375</ele>
        <time>2025-05-19T16:26:38.000Z</time>
        <extensions>
          <ns3:TrackPointExtension>
            <ns3:hr>103</ns3:hr>
          </ns3:TrackPointExtension>
        </extensions>
      </trkpt>
      <trkpt lat="44.07335286028683185577392578125" lon="-80.10972549207508563995361328125">
        <ele>480.20001220703125</ele>
        <time>2025-05-19T16:26:43.000Z</time>
        <extensions>
          <ns3:TrackPointExtension>
            <ns3:hr>100</ns3:hr>
          </ns3:TrackPointExtension>
        </extensions>
      </trkpt>
      <trkpt lat="44.0733908303081989288330078125" lon="-80.10974586009979248046875">
        <ele>480.20001220703125</ele>
        <time>2025-05-19T16:26:46.000Z</time>
        <extensions>
          <ns3:TrackPointExtension>
            <ns3:hr>99</ns3:hr>
          </ns3:TrackPointExtension>
        </extensions>
      </trkpt>
      <trkpt lat="44.07341505400836467742919921875" lon="-80.10975658893585205078125">
        <ele>480</ele>
        <time>2025-05-19T16:26:48.000Z</time>
        <extensions>
          <ns3:TrackPointExtension>
            <ns3:hr>100</ns3:hr>
          </ns3:TrackPointExtension>
        </extensions>
      </trkpt>
      <trkpt lat="44.0734441392123699188232421875" lon="-80.10975818149745464324951171875">
        <ele>479.79998779296875</ele>
        <time>2025-05-19T16:26:50.000Z</time>
        <extensions>
          <ns3:TrackPointExtension>
            <ns3:hr>103</ns3:hr>
          </ns3:TrackPointExtension>
        </extensions>
      </trkpt>
      <trkpt lat="44.07345838844776153564453125" lon="-80.1097606122493743896484375">
        <ele>479.79998779296875</ele>
        <time>2025-05-19T16:26:51.000Z</time>
        <extensions>
          <ns3:TrackPointExtension>
            <ns3:hr>105</ns3:hr>
          </ns3:TrackPointExtension>
        </extensions>
      </trkpt>
      <trkpt lat="44.073576070368289947509765625" lon="-80.10975323617458343505859375">
        <ele>479.399993896484375</ele>
        <time>2025-05-19T16:26:59.000Z</time>
        <extensions>
          <ns3:TrackPointExtension>
            <ns3:hr>104</ns3:hr>
          </ns3:TrackPointExtension>
        </extensions>
      </trkpt>
      <trkpt lat="44.0735883079469203948974609375" lon="-80.10975466109812259674072265625">
        <ele>479.399993896484375</ele>
        <time>2025-05-19T16:27:00.000Z</time>
        <extensions>
          <ns3:TrackPointExtension>
            <ns3:hr>107</ns3:hr>
          </ns3:TrackPointExtension>
        </extensions>
      </trkpt>
      <trkpt lat="44.073698110878467559814453125" lon="-80.109753571450710296630859375">
        <ele>479</ele>
        <time>2025-05-19T16:27:08.000Z</time>
        <extensions>
          <ns3:TrackPointExtension>
            <ns3:hr>110</ns3:hr>
          </ns3:TrackPointExtension>
        </extensions>
      </trkpt>
      <trkpt lat="44.07371319830417633056640625" lon="-80.109751224517822265625">
        <ele>478.79998779296875</ele>
        <time>2025-05-19T16:27:09.000Z</time>
        <extensions>
          <ns3:TrackPointExtension>
            <ns3:hr>113</ns3:hr>
          </ns3:TrackPointExtension>
        </extensions>
      </trkpt>
      <trkpt lat="44.073759801685810089111328125" lon="-80.1097487099468708038330078125">
        <ele>478.20001220703125</ele>
        <time>2025-05-19T16:27:12.000Z</time>
        <extensions>
          <ns3:TrackPointExtension>
            <ns3:hr>116</ns3:hr>
          </ns3:TrackPointExtension>
        </extensions>
      </trkpt>
      <trkpt lat="44.07378955744206905364990234375" lon="-80.109750889241695404052734375">
        <ele>477.79998779296875</ele>
        <time>2025-05-19T16:27:14.000Z</time>
        <extensions>
          <ns3:TrackPointExtension>
            <ns3:hr>113</ns3:hr>
          </ns3:TrackPointExtension>
        </extensions>
      </trkpt>
      <trkpt lat="44.0738401003181934356689453125" lon="-80.10977645404636859893798828125">
        <ele>477.600006103515625</ele>
        <time>2025-05-19T16:27:18.000Z</time>
        <extensions>
          <ns3:TrackPointExtension>
            <ns3:hr>110</ns3:hr>
          </ns3:TrackPointExtension>
        </extensions>
      </trkpt>
      <trkpt lat="44.07391143031418323516845703125" lon="-80.1098234765231609344482421875">
        <ele>476.79998779296875</ele>
        <time>2025-05-19T16:27:24.000Z</time>
        <extensions>
          <ns3:TrackPointExtension>
            <ns3:hr>109</ns3:hr>
          </ns3:TrackPointExtension>
        </extensions>
      </trkpt>
      <trkpt lat="44.0739363245666027069091796875" lon="-80.109824649989604949951171875">
        <ele>476.399993896484375</ele>
        <time>2025-05-19T16:27:26.000Z</time>
        <extensions>
          <ns3:TrackPointExtension>
            <ns3:hr>108</ns3:hr>
          </ns3:TrackPointExtension>
        </extensions>
      </trkpt>
      <trkpt lat="44.0739852748811244964599609375" lon="-80.1098155975341796875">
        <ele>475.600006103515625</ele>
        <time>2025-05-19T16:27:31.000Z</time>
        <extensions>
          <ns3:TrackPointExtension>
            <ns3:hr>108</ns3:hr>
          </ns3:TrackPointExtension>
        </extensions>
      </trkpt>
      <trkpt lat="44.07401360571384429931640625" lon="-80.109807886183261871337890625">
        <ele>475.399993896484375</ele>
        <time>2025-05-19T16:27:34.000Z</time>
        <extensions>
          <ns3:TrackPointExtension>
            <ns3:hr>108</ns3:hr>
          </ns3:TrackPointExtension>
        </extensions>
      </trkpt>
      <trkpt lat="44.07410253770649433135986328125" lon="-80.109814591705799102783203125">
        <ele>474.79998779296875</ele>
        <time>2025-05-19T16:27:42.000Z</time>
        <extensions>
          <ns3:TrackPointExtension>
            <ns3:hr>108</ns3:hr>
          </ns3:TrackPointExtension>
        </extensions>
      </trkpt>
      <trkpt lat="44.07411192543804645538330078125" lon="-80.1098767854273319244384765625">
        <ele>474.600006103515625</ele>
        <time>2025-05-19T16:27:50.000Z</time>
        <extensions>
          <ns3:TrackPointExtension>
            <ns3:hr>107</ns3:hr>
          </ns3:TrackPointExtension>
        </extensions>
      </trkpt>
      <trkpt lat="44.07412600703537464141845703125" lon="-80.109874270856380462646484375">
        <ele>474.600006103515625</ele>
        <time>2025-05-19T16:27:52.000Z</time>
        <extensions>
          <ns3:TrackPointExtension>
            <ns3:hr>107</ns3:hr>
          </ns3:TrackPointExtension>
        </extensions>
      </trkpt>
      <trkpt lat="44.07413321547210216522216796875" lon="-80.1098342053592205047607421875">
        <ele>474.399993896484375</ele>
        <time>2025-05-19T16:28:00.000Z</time>
        <extensions>
          <ns3:TrackPointExtension>
            <ns3:hr>107</ns3:hr>
          </ns3:TrackPointExtension>
        </extensions>
      </trkpt>
      <trkpt lat="44.0741388313472270965576171875" lon="-80.1098285056650638580322265625">
        <ele>474.20001220703125</ele>
        <time>2025-05-19T16:28:04.000Z</time>
        <extensions>
          <ns3:TrackPointExtension>
            <ns3:hr>104</ns3:hr>
          </ns3:TrackPointExtension>
        </extensions>
      </trkpt>
      <trkpt lat="44.074138663709163665771484375" lon="-80.10984032414853572845458984375">
        <ele>474.20001220703125</ele>
        <time>2025-05-19T16:28:06.000Z</time>
        <extensions>
          <ns3:TrackPointExtension>
            <ns3:hr>105</ns3:hr>
          </ns3:TrackPointExtension>
        </extensions>
      </trkpt>
      <trkpt lat="44.0741564333438873291015625" lon="-80.10985591448843479156494140625">
        <ele>474</ele>
        <time>2025-05-19T16:28:18.000Z</time>
        <extensions>
          <ns3:TrackPointExtension>
            <ns3:hr>108</ns3:hr>
          </ns3:TrackPointExtension>
        </extensions>
      </trkpt>
      <trkpt lat="44.07415165565907955169677734375" lon="-80.10985289700329303741455078125">
        <ele>474</ele>
        <time>2025-05-19T16:28:21.000Z</time>
        <extensions>
          <ns3:TrackPointExtension>
            <ns3:hr>105</ns3:hr>
          </ns3:TrackPointExtension>
        </extensions>
      </trkpt>
      <trkpt lat="44.07413556240499019622802734375" lon="-80.1098625361919403076171875">
        <ele>474.20001220703125</ele>
        <time>2025-05-19T16:28:32.000Z</time>
        <extensions>
          <ns3:TrackPointExtension>
            <ns3:hr>106</ns3:hr>
          </ns3:TrackPointExtension>
        </extensions>
      </trkpt>
      <trkpt lat="44.07414796762168407440185546875" lon="-80.10986966080963611602783203125">
        <ele>474.399993896484375</ele>
        <time>2025-05-19T16:28:42.000Z</time>
        <extensions>
          <ns3:TrackPointExtension>
            <ns3:hr>103</ns3:hr>
          </ns3:TrackPointExtension>
        </extensions>
      </trkpt>
      <trkpt lat="44.07416221685707569122314453125" lon="-80.10987552814185619354248046875">
        <ele>474.399993896484375</ele>
        <time>2025-05-19T16:28:45.000Z</time>
        <extensions>
          <ns3:TrackPointExtension>
            <ns3:hr>107</ns3:hr>
          </ns3:TrackPointExtension>
        </extensions>
      </trkpt>
      <trkpt lat="44.07416942529380321502685546875" lon="-80.10988122783601284027099609375">
        <ele>474.399993896484375</ele>
        <time>2025-05-19T16:28:47.000Z</time>
        <extensions>
          <ns3:TrackPointExtension>
            <ns3:hr>110</ns3:hr>
          </ns3:TrackPointExtension>
        </extensions>
      </trkpt>
      <trkpt lat="44.0742270089685916900634765625" lon="-80.1098918728530406951904296875">
        <ele>474.399993896484375</ele>
        <time>2025-05-19T16:28:55.000Z</time>
        <extensions>
          <ns3:TrackPointExtension>
            <ns3:hr>115</ns3:hr>
          </ns3:TrackPointExtension>
        </extensions>
      </trkpt>
      <trkpt lat="44.07423446886241436004638671875" lon="-80.1098920404911041259765625">
        <ele>474.399993896484375</ele>
        <time>2025-05-19T16:28:56.000Z</time>
        <extensions>
          <ns3:TrackPointExtension>
            <ns3:hr>121</ns3:hr>
          </ns3:TrackPointExtension>
        </extensions>
      </trkpt>
      <trkpt lat="44.07424301840364933013916015625" lon="-80.10989178903400897979736328125">
        <ele>474.399993896484375</ele>
        <time>2025-05-19T16:28:57.000Z</time>
        <extensions>
          <ns3:TrackPointExtension>
            <ns3:hr>121</ns3:hr>
          </ns3:TrackPointExtension>
        </extensions>
      </trkpt>
      <trkpt lat="44.07425768673419952392578125" lon="-80.1098979078233242034912109375">
        <ele>474.20001220703125</ele>
        <time>2025-05-19T16:28:59.000Z</time>
        <extensions>
          <ns3:TrackPointExtension>
            <ns3:hr>125</ns3:hr>
          </ns3:TrackPointExtension>
        </extensions>
      </trkpt>
      <trkpt lat="44.07427118159830570220947265625" lon="-80.10990612208843231201171875">
        <ele>474</ele>
        <time>2025-05-19T16:29:01.000Z</time>
        <extensions>
          <ns3:TrackPointExtension>
            <ns3:hr>126</ns3:hr>
          </ns3:TrackPointExtension>
        </extensions>
      </trkpt>
      <trkpt lat="44.0742856822907924652099609375" lon="-80.10991408489644527435302734375">
        <ele>473.79998779296875</ele>
        <time>2025-05-19T16:29:03.000Z</time>
        <extensions>
          <ns3:TrackPointExtension>
            <ns3:hr>130</ns3:hr>
          </ns3:TrackPointExtension>
        </extensions>
      </trkpt>
      <trkpt lat="44.07432499341666698455810546875" lon="-80.10991693474352359771728515625">
        <ele>473.79998779296875</ele>
        <time>2025-05-19T16:29:06.000Z</time>
        <extensions>
          <ns3:TrackPointExtension>
            <ns3:hr>134</ns3:hr>
          </ns3:TrackPointExtension>
        </extensions>
      </trkpt>
      <trkpt lat="44.0743736922740936279296875" lon="-80.1099220477044582366943359375">
        <ele>473.79998779296875</ele>
        <time>2025-05-19T16:29:10.000Z</time>
        <extensions>
          <ns3:TrackPointExtension>
            <ns3:hr>135</ns3:hr>
          </ns3:TrackPointExtension>
        </extensions>
      </trkpt>
      <trkpt lat="44.07441451214253902435302734375" lon="-80.10992313735187053680419921875">
        <ele>473.79998779296875</ele>
        <time>2025-05-19T16:29:13.000Z</time>
        <extensions>
          <ns3:TrackPointExtension>
            <ns3:hr>132</ns3:hr>
          </ns3:TrackPointExtension>
        </extensions>
      </trkpt>
      <trkpt lat="44.074462540447711944580078125" lon="-80.10993185453116893768310546875">
        <ele>473.79998779296875</ele>
        <time>2025-05-19T16:29:17.000Z</time>
        <extensions>
          <ns3:TrackPointExtension>
            <ns3:hr>130</ns3:hr>
          </ns3:TrackPointExtension>
        </extensions>
      </trkpt>
      <trkpt lat="44.07450688071548938751220703125" lon="-80.10995532386004924774169921875">
        <ele>473.79998779296875</ele>
        <time>2025-05-19T16:29:21.000Z</time>
        <extensions>
          <ns3:TrackPointExtension>
            <ns3:hr>133</ns3:hr>
          </ns3:TrackPointExtension>
        </extensions>
      </trkpt>
      <trkpt lat="44.0745736844837665557861328125" lon="-80.10998181067407131195068359375">
        <ele>474.20001220703125</ele>
        <time>2025-05-19T16:29:28.000Z</time>
        <extensions>
          <ns3:TrackPointExtension>
            <ns3:hr>128</ns3:hr>
          </ns3:TrackPointExtension>
        </extensions>
      </trkpt>
      <trkpt lat="44.07458365894854068756103515625" lon="-80.109984576702117919921875">
        <ele>474.20001220703125</ele>
        <time>2025-05-19T16:29:29.000Z</time>
        <extensions>
          <ns3:TrackPointExtension>
            <ns3:hr>128</ns3:hr>
          </ns3:TrackPointExtension>
        </extensions>
      </trkpt>
      <trkpt lat="44.07459958456456661224365234375" lon="-80.11000008322298526763916015625">
        <ele>474.399993896484375</ele>
        <time>2025-05-19T16:29:31.000Z</time>
        <extensions>
          <ns3:TrackPointExtension>
            <ns3:hr>125</ns3:hr>
          </ns3:TrackPointExtension>
        </extensions>
      </trkpt>
      <trkpt lat="44.0746955573558807373046875" lon="-80.11002707295119762420654296875">
        <ele>474.399993896484375</ele>
        <time>2025-05-19T16:29:41.000Z</time>
        <extensions>
          <ns3:TrackPointExtension>
            <ns3:hr>122</ns3:hr>
          </ns3:TrackPointExtension>
        </extensions>
      </trkpt>
      <trkpt lat="44.07472983933985233306884765625" lon="-80.1100501231849193572998046875">
        <ele>474</ele>
        <time>2025-05-19T16:29:44.000Z</time>
        <extensions>
          <ns3:TrackPointExtension>
            <ns3:hr>121</ns3:hr>
          </ns3:TrackPointExtension>
        </extensions>
      </trkpt>
      <trkpt lat="44.07475649379193782806396484375" lon="-80.11006562970578670501708984375">
        <ele>473.399993896484375</ele>
        <time>2025-05-19T16:29:47.000Z</time>
        <extensions>
          <ns3:TrackPointExtension>
            <ns3:hr>121</ns3:hr>
          </ns3:TrackPointExtension>
        </extensions>
      </trkpt>
      <trkpt lat="44.07480041496455669403076171875" lon="-80.1100823096930980682373046875">
        <ele>472.399993896484375</ele>
        <time>2025-05-19T16:29:50.000Z</time>
        <extensions>
          <ns3:TrackPointExtension>
            <ns3:hr>119</ns3:hr>
          </ns3:TrackPointExtension>
        </extensions>
      </trkpt>
      <trkpt lat="44.07491373829543590545654296875" lon="-80.1100745983421802520751953125">
        <ele>471.399993896484375</ele>
        <time>2025-05-19T16:29:59.000Z</time>
        <extensions>
          <ns3:TrackPointExtension>
            <ns3:hr>114</ns3:hr>
          </ns3:TrackPointExtension>
        </extensions>
      </trkpt>
      <trkpt lat="44.0749275684356689453125" lon="-80.1100688986480236053466796875">
        <ele>471.399993896484375</ele>
        <time>2025-05-19T16:30:00.000Z</time>
        <extensions>
          <ns3:TrackPointExtension>
            <ns3:hr>117</ns3:hr>
          </ns3:TrackPointExtension>
        </extensions>
      </trkpt>
      <trkpt lat="44.07493888400495052337646484375" lon="-80.1100645400583744049072265625">
        <ele>471.20001220703125</ele>
        <time>2025-05-19T16:30:01.000Z</time>
        <extensions>
          <ns3:TrackPointExtension>
            <ns3:hr>116</ns3:hr>
          </ns3:TrackPointExtension>
        </extensions>
      </trkpt>
      <trkpt lat="44.075010381639003753662109375" lon="-80.11003763414919376373291015625">
        <ele>470.600006103515625</ele>
        <time>2025-05-19T16:30:07.000Z</time>
        <extensions>
          <ns3:TrackPointExtension>
            <ns3:hr>119</ns3:hr>
          </ns3:TrackPointExtension>
        </extensions>
      </trkpt>
      <trkpt lat="44.0750494413077831268310546875" lon="-80.11002992279827594757080078125">
        <ele>470.20001220703125</ele>
        <time>2025-05-19T16:30:11.000Z</time>
        <extensions>
          <ns3:TrackPointExtension>
            <ns3:hr>118</ns3:hr>
          </ns3:TrackPointExtension>
        </extensions>
      </trkpt>
      <trkpt lat="44.0751218609511852264404296875" lon="-80.11000645346939563751220703125">
        <ele>469.20001220703125</ele>
        <time>2025-05-19T16:30:17.000Z</time>
        <extensions>
          <ns3:TrackPointExtension>
            <ns3:hr>116</ns3:hr>
          </ns3:TrackPointExtension>
        </extensions>
      </trkpt>
      <trkpt lat="44.07519754953682422637939453125" lon="-80.10998985730111598968505859375">
        <ele>468.20001220703125</ele>
        <time>2025-05-19T16:30:24.000Z</time>
        <extensions>
          <ns3:TrackPointExtension>
            <ns3:hr>121</ns3:hr>
          </ns3:TrackPointExtension>
        </extensions>
      </trkpt>
      <trkpt lat="44.0752382017672061920166015625" lon="-80.1100021786987781524658203125">
        <ele>468</ele>
        <time>2025-05-19T16:30:27.000Z</time>
        <extensions>
          <ns3:TrackPointExtension>
            <ns3:hr>120</ns3:hr>
          </ns3:TrackPointExtension>
        </extensions>
      </trkpt>
      <trkpt lat="44.07532922923564910888671875" lon="-80.11004048399627208709716796875">
        <ele>468</ele>
        <time>2025-05-19T16:30:32.000Z</time>
        <extensions>
          <ns3:TrackPointExtension>
            <ns3:hr>117</ns3:hr>
          </ns3:TrackPointExtension>
        </extensions>
      </trkpt>
      <trkpt lat="44.07552293501794338226318359375" lon="-80.11007484979927539825439453125">
        <ele>468</ele>
        <time>2025-05-19T16:30:43.000Z</time>
        <extensions>
          <ns3:TrackPointExtension>
            <ns3:hr>118</ns3:hr>
          </ns3:TrackPointExtension>
        </extensions>
      </trkpt>
      <trkpt lat="44.07553986646234989166259765625" lon="-80.1100752688944339752197265625">
        <ele>468</ele>
        <time>2025-05-19T16:30:44.000Z</time>
        <extensions>
          <ns3:TrackPointExtension>
            <ns3:hr>116</ns3:hr>
          </ns3:TrackPointExtension>
        </extensions>
      </trkpt>
      <trkpt lat="44.07572426833212375640869140625" lon="-80.11013268493115901947021484375">
        <ele>467.20001220703125</ele>
        <time>2025-05-19T16:30:58.000Z</time>
        <extensions>
          <ns3:TrackPointExtension>
            <ns3:hr>115</ns3:hr>
          </ns3:TrackPointExtension>
        </extensions>
      </trkpt>
      <trkpt lat="44.07574958167970180511474609375" lon="-80.11014022864401340484619140625">
        <ele>467.20001220703125</ele>
        <time>2025-05-19T16:31:00.000Z</time>
        <extensions>
          <ns3:TrackPointExtension>
            <ns3:hr>114</ns3:hr>
          </ns3:TrackPointExtension>
        </extensions>
      </trkpt>
      <trkpt lat="44.07580557279288768768310546875" lon="-80.1101575791835784912109375">
        <ele>467</ele>
        <time>2025-05-19T16:31:04.000Z</time>
        <extensions>
          <ns3:TrackPointExtension>
            <ns3:hr>114</ns3:hr>
          </ns3:TrackPointExtension>
        </extensions>
      </trkpt>
      <trkpt lat="44.07588419504463672637939453125" lon="-80.1101795397698879241943359375">
        <ele>466.600006103515625</ele>
        <time>2025-05-19T16:31:10.000Z</time>
        <extensions>
          <ns3:TrackPointExtension>
            <ns3:hr>111</ns3:hr>
          </ns3:TrackPointExtension>
        </extensions>
      </trkpt>
      <trkpt lat="44.07595309428870677947998046875" lon="-80.1102036796510219573974609375">
        <ele>466.399993896484375</ele>
        <time>2025-05-19T16:31:16.000Z</time>
        <extensions>
          <ns3:TrackPointExtension>
            <ns3:hr>111</ns3:hr>
          </ns3:TrackPointExtension>
        </extensions>
      </trkpt>
      <trkpt lat="44.0761179663240909576416015625" lon="-80.1102365367114543914794921875">
        <ele>466.20001220703125</ele>
        <time>2025-05-19T16:31:27.000Z</time>
        <extensions>
          <ns3:TrackPointExtension>
            <ns3:hr>108</ns3:hr>
          </ns3:TrackPointExtension>
        </extensions>
      </trkpt>
      <trkpt lat="44.0761585347354412078857421875" lon="-80.1102273166179656982421875">
        <ele>466.20001220703125</ele>
        <time>2025-05-19T16:31:30.000Z</time>
        <extensions>
          <ns3:TrackPointExtension>
            <ns3:hr>112</ns3:hr>
          </ns3:TrackPointExtension>
        </extensions>
      </trkpt>
      <trkpt lat="44.07621175982058048248291015625" lon="-80.11018917895853519439697265625">
        <ele>466</ele>
        <time>2025-05-19T16:31:35.000Z</time>
        <extensions>
          <ns3:TrackPointExtension>
            <ns3:hr>109</ns3:hr>
          </ns3:TrackPointExtension>
        </extensions>
      </trkpt>
      <trkpt lat="44.0762265957891941070556640625" lon="-80.11018934659659862518310546875">
        <ele>465.79998779296875</ele>
        <time>2025-05-19T16:31:36.000Z</time>
        <extensions>
          <ns3:TrackPointExtension>
            <ns3:hr>108</ns3:hr>
          </ns3:TrackPointExtension>
        </extensions>
      </trkpt>
      <trkpt lat="44.076255261898040771484375" lon="-80.11020141653716564178466796875">
        <ele>465.600006103515625</ele>
        <time>2025-05-19T16:31:38.000Z</time>
        <extensions>
          <ns3:TrackPointExtension>
            <ns3:hr>110</ns3:hr>
          </ns3:TrackPointExtension>
        </extensions>
      </trkpt>
      <trkpt lat="44.07629893161356449127197265625" lon="-80.11023896746337413787841796875">
        <ele>465.600006103515625</ele>
        <time>2025-05-19T16:31:42.000Z</time>
        <extensions>
          <ns3:TrackPointExtension>
            <ns3:hr>111</ns3:hr>
          </ns3:TrackPointExtension>
        </extensions>
      </trkpt>
      <trkpt lat="44.07631753943860530853271484375" lon="-80.11026151478290557861328125">
        <ele>465.600006103515625</ele>
        <time>2025-05-19T16:31:44.000Z</time>
        <extensions>
          <ns3:TrackPointExtension>
            <ns3:hr>107</ns3:hr>
          </ns3:TrackPointExtension>
        </extensions>
      </trkpt>
      <trkpt lat="44.0763761289417743682861328125" lon="-80.110304765403270721435546875">
        <ele>465.79998779296875</ele>
        <time>2025-05-19T16:31:49.000Z</time>
        <extensions>
          <ns3:TrackPointExtension>
            <ns3:hr>111</ns3:hr>
          </ns3:TrackPointExtension>
        </extensions>
      </trkpt>
      <trkpt lat="44.07638912089169025421142578125" lon="-80.110309123992919921875">
        <ele>465.79998779296875</ele>
        <time>2025-05-19T16:31:50.000Z</time>
        <extensions>
          <ns3:TrackPointExtension>
            <ns3:hr>112</ns3:hr>
          </ns3:TrackPointExtension>
        </extensions>
      </trkpt>
      <trkpt lat="44.0764522366225719451904296875" lon="-80.1103398017585277557373046875">
        <ele>466.399993896484375</ele>
        <time>2025-05-19T16:31:55.000Z</time>
        <extensions>
          <ns3:TrackPointExtension>
            <ns3:hr>116</ns3:hr>
          </ns3:TrackPointExtension>
        </extensions>
      </trkpt>
      <trkpt lat="44.07648953609168529510498046875" lon="-80.1103656180202960968017578125">
        <ele>466.600006103515625</ele>
        <time>2025-05-19T16:31:58.000Z</time>
        <extensions>
          <ns3:TrackPointExtension>
            <ns3:hr>112</ns3:hr>
          </ns3:TrackPointExtension>
        </extensions>
      </trkpt>
      <trkpt lat="44.07651468180119991302490234375" lon="-80.11037844233214855194091796875">
        <ele>467</ele>
        <time>2025-05-19T16:32:00.000Z</time>
        <extensions>
          <ns3:TrackPointExtension>
            <ns3:hr>113</ns3:hr>
          </ns3:TrackPointExtension>
        </extensions>
      </trkpt>
      <trkpt lat="44.07660252414643764495849609375" lon="-80.1103870756924152374267578125">
        <ele>467.20001220703125</ele>
        <time>2025-05-19T16:32:10.000Z</time>
        <extensions>
          <ns3:TrackPointExtension>
            <ns3:hr>113</ns3:hr>
          </ns3:TrackPointExtension>
        </extensions>
      </trkpt>
      <trkpt lat="44.07674216665327548980712890625" lon="-80.1104035042226314544677734375">
        <ele>466.79998779296875</ele>
        <time>2025-05-19T16:32:19.000Z</time>
        <extensions>
          <ns3:TrackPointExtension>
            <ns3:hr>114</ns3:hr>
          </ns3:TrackPointExtension>
        </extensions>
      </trkpt>
      <trkpt lat="44.0768250636756420135498046875" lon="-80.11042110621929168701171875">
        <ele>466.399993896484375</ele>
        <time>2025-05-19T16:32:25.000Z</time>
        <extensions>
          <ns3:TrackPointExtension>
            <ns3:hr>118</ns3:hr>
          </ns3:TrackPointExtension>
        </extensions>
      </trkpt>
      <trkpt lat="44.0768522210419178009033203125" lon="-80.1104222796857357025146484375">
        <ele>466.399993896484375</ele>
        <time>2025-05-19T16:32:27.000Z</time>
        <extensions>
          <ns3:TrackPointExtension>
            <ns3:hr>116</ns3:hr>
          </ns3:TrackPointExtension>
        </extensions>
      </trkpt>
      <trkpt lat="44.07693830318748950958251953125" lon="-80.11042722500860691070556640625">
        <ele>466</ele>
        <time>2025-05-19T16:32:33.000Z</time>
        <extensions>
          <ns3:TrackPointExtension>
            <ns3:hr>114</ns3:hr>
          </ns3:TrackPointExtension>
        </extensions>
      </trkpt>
      <trkpt lat="44.07697652466595172882080078125" lon="-80.11044549755752086639404296875">
        <ele>465.79998779296875</ele>
        <time>2025-05-19T16:32:36.000Z</time>
        <extensions>
          <ns3:TrackPointExtension>
            <ns3:hr>115</ns3:hr>
          </ns3:TrackPointExtension>
        </extensions>
      </trkpt>
      <trkpt lat="44.07710887491703033447265625" lon="-80.11048790998756885528564453125">
        <ele>465.20001220703125</ele>
        <time>2025-05-19T16:32:46.000Z</time>
        <extensions>
          <ns3:TrackPointExtension>
            <ns3:hr>117</ns3:hr>
          </ns3:TrackPointExtension>
        </extensions>
      </trkpt>
      <trkpt lat="44.07715975306928157806396484375" lon="-80.11051096022129058837890625">
        <ele>465.20001220703125</ele>
        <time>2025-05-19T16:32:50.000Z</time>
        <extensions>
          <ns3:TrackPointExtension>
            <ns3:hr>114</ns3:hr>
          </ns3:TrackPointExtension>
        </extensions>
      </trkpt>
      <trkpt lat="44.07721255905926227569580078125" lon="-80.1105305738747119903564453125">
        <ele>465</ele>
        <time>2025-05-19T16:32:54.000Z</time>
        <extensions>
          <ns3:TrackPointExtension>
            <ns3:hr>113</ns3:hr>
          </ns3:TrackPointExtension>
        </extensions>
      </trkpt>
      <trkpt lat="44.0772652812302112579345703125" lon="-80.11055228300392627716064453125">
        <ele>465</ele>
        <time>2025-05-19T16:32:58.000Z</time>
        <extensions>
          <ns3:TrackPointExtension>
            <ns3:hr>112</ns3:hr>
          </ns3:TrackPointExtension>
        </extensions>
      </trkpt>
      <trkpt lat="44.0773266367614269256591796875" lon="-80.110586397349834442138671875">
        <ele>464.79998779296875</ele>
        <time>2025-05-19T16:33:03.000Z</time>
        <extensions>
          <ns3:TrackPointExtension>
            <ns3:hr>110</ns3:hr>
          </ns3:TrackPointExtension>
        </extensions>
      </trkpt>
      <trkpt lat="44.07739109359681606292724609375" lon="-80.11060927994549274444580078125">
        <ele>464.79998779296875</ele>
        <time>2025-05-19T16:33:08.000Z</time>
        <extensions>
          <ns3:TrackPointExtension>
            <ns3:hr>107</ns3:hr>
          </ns3:TrackPointExtension>
        </extensions>
      </trkpt>
      <trkpt lat="44.07743233256042003631591796875" lon="-80.110611207783222198486328125">
        <ele>464.79998779296875</ele>
        <time>2025-05-19T16:33:11.000Z</time>
        <extensions>
          <ns3:TrackPointExtension>
            <ns3:hr>110</ns3:hr>
          </ns3:TrackPointExtension>
        </extensions>
      </trkpt>
      <trkpt lat="44.077446497976779937744140625" lon="-80.1106108725070953369140625">
        <ele>464.600006103515625</ele>
        <time>2025-05-19T16:33:12.000Z</time>
        <extensions>
          <ns3:TrackPointExtension>
            <ns3:hr>110</ns3:hr>
          </ns3:TrackPointExtension>
        </extensions>
      </trkpt>
      <trkpt lat="44.07756744883954524993896484375" lon="-80.1106180809438228607177734375">
        <ele>464.399993896484375</ele>
        <time>2025-05-19T16:33:22.000Z</time>
        <extensions>
          <ns3:TrackPointExtension>
            <ns3:hr>106</ns3:hr>
          </ns3:TrackPointExtension>
        </extensions>
      </trkpt>
      <trkpt lat="44.07763869501650333404541015625" lon="-80.1106618344783782958984375">
        <ele>464</ele>
        <time>2025-05-19T16:33:30.000Z</time>
        <extensions>
          <ns3:TrackPointExtension>
            <ns3:hr>106</ns3:hr>
          </ns3:TrackPointExtension>
        </extensions>
      </trkpt>
      <trkpt lat="44.0776726417243480682373046875" lon="-80.110678933560848236083984375">
        <ele>463.79998779296875</ele>
        <time>2025-05-19T16:33:34.000Z</time>
        <extensions>
          <ns3:TrackPointExtension>
            <ns3:hr>106</ns3:hr>
          </ns3:TrackPointExtension>
        </extensions>
      </trkpt>
      <trkpt lat="44.0776996314525604248046875" lon="-80.1106841303408145904541015625">
        <ele>463.79998779296875</ele>
        <time>2025-05-19T16:33:37.000Z</time>
        <extensions>
          <ns3:TrackPointExtension>
            <ns3:hr>105</ns3:hr>
          </ns3:TrackPointExtension>
        </extensions>
      </trkpt>
      <trkpt lat="44.07773785293102264404296875" lon="-80.110685639083385467529296875">
        <ele>462.600006103515625</ele>
        <time>2025-05-19T16:33:42.000Z</time>
        <extensions>
          <ns3:TrackPointExtension>
            <ns3:hr>106</ns3:hr>
          </ns3:TrackPointExtension>
        </extensions>
      </trkpt>
      <trkpt lat="44.0777521021664142608642578125" lon="-80.1106941886246204376220703125">
        <ele>462.399993896484375</ele>
        <time>2025-05-19T16:33:44.000Z</time>
        <extensions>
          <ns3:TrackPointExtension>
            <ns3:hr>105</ns3:hr>
          </ns3:TrackPointExtension>
        </extensions>
      </trkpt>
      <trkpt lat="44.0778094343841075897216796875" lon="-80.11071254499256610870361328125">
        <ele>461.600006103515625</ele>
        <time>2025-05-19T16:33:50.000Z</time>
        <extensions>
          <ns3:TrackPointExtension>
            <ns3:hr>104</ns3:hr>
          </ns3:TrackPointExtension>
        </extensions>
      </trkpt>
      <trkpt lat="44.07784572802484035491943359375" lon="-80.11071891523897647857666015625">
        <ele>461.20001220703125</ele>
        <time>2025-05-19T16:33:53.000Z</time>
        <extensions>
          <ns3:TrackPointExtension>
            <ns3:hr>104</ns3:hr>
          </ns3:TrackPointExtension>
        </extensions>
      </trkpt>
      <trkpt lat="44.07788948155939579010009765625" lon="-80.11072226800024509429931640625">
        <ele>460.79998779296875</ele>
        <time>2025-05-19T16:33:56.000Z</time>
        <extensions>
          <ns3:TrackPointExtension>
            <ns3:hr>107</ns3:hr>
          </ns3:TrackPointExtension>
        </extensions>
      </trkpt>
      <trkpt lat="44.07790138386189937591552734375" lon="-80.11072327382862567901611328125">
        <ele>460.600006103515625</ele>
        <time>2025-05-19T16:33:57.000Z</time>
        <extensions>
          <ns3:TrackPointExtension>
            <ns3:hr>107</ns3:hr>
          </ns3:TrackPointExtension>
        </extensions>
      </trkpt>
      <trkpt lat="44.07794983126223087310791015625" lon="-80.11072796769440174102783203125">
        <ele>460.20001220703125</ele>
        <time>2025-05-19T16:34:01.000Z</time>
        <extensions>
          <ns3:TrackPointExtension>
            <ns3:hr>104</ns3:hr>
          </ns3:TrackPointExtension>
        </extensions>
      </trkpt>
      <trkpt lat="44.07799266278743743896484375" lon="-80.11071681976318359375">
        <ele>459.79998779296875</ele>
        <time>2025-05-19T16:34:06.000Z</time>
        <extensions>
          <ns3:TrackPointExtension>
            <ns3:hr>101</ns3:hr>
          </ns3:TrackPointExtension>
        </extensions>
      </trkpt>
      <trkpt lat="44.078032560646533966064453125" lon="-80.11071573011577129364013671875">
        <ele>459.600006103515625</ele>
        <time>2025-05-19T16:34:09.000Z</time>
        <extensions>
          <ns3:TrackPointExtension>
            <ns3:hr>100</ns3:hr>
          </ns3:TrackPointExtension>
        </extensions>
      </trkpt>
      <trkpt lat="44.0781462192535400390625" lon="-80.11072947643697261810302734375">
        <ele>458.399993896484375</ele>
        <time>2025-05-19T16:34:17.000Z</time>
        <extensions>
          <ns3:TrackPointExtension>
            <ns3:hr>101</ns3:hr>
          </ns3:TrackPointExtension>
        </extensions>
      </trkpt>
      <trkpt lat="44.07816189341247081756591796875" lon="-80.11073400266468524932861328125">
        <ele>458.399993896484375</ele>
        <time>2025-05-19T16:34:18.000Z</time>
        <extensions>
          <ns3:TrackPointExtension>
            <ns3:hr>100</ns3:hr>
          </ns3:TrackPointExtension>
        </extensions>
      </trkpt>
      <trkpt lat="44.07824789173901081085205078125" lon="-80.110753364861011505126953125">
        <ele>457.79998779296875</ele>
        <time>2025-05-19T16:34:25.000Z</time>
        <extensions>
          <ns3:TrackPointExtension>
            <ns3:hr>99</ns3:hr>
          </ns3:TrackPointExtension>
        </extensions>
      </trkpt>
      <trkpt lat="44.078284017741680145263671875" lon="-80.11077742092311382293701171875">
        <ele>457.600006103515625</ele>
        <time>2025-05-19T16:34:28.000Z</time>
        <extensions>
          <ns3:TrackPointExtension>
            <ns3:hr>102</ns3:hr>
          </ns3:TrackPointExtension>
        </extensions>
      </trkpt>
      <trkpt lat="44.07831561751663684844970703125" lon="-80.11079686693847179412841796875">
        <ele>457.399993896484375</ele>
        <time>2025-05-19T16:34:31.000Z</time>
        <extensions>
          <ns3:TrackPointExtension>
            <ns3:hr>102</ns3:hr>
          </ns3:TrackPointExtension>
        </extensions>
      </trkpt>
      <trkpt lat="44.0783281065523624420166015625" lon="-80.11080256663262844085693359375">
        <ele>457.399993896484375</ele>
        <time>2025-05-19T16:34:32.000Z</time>
        <extensions>
          <ns3:TrackPointExtension>
            <ns3:hr>102</ns3:hr>
          </ns3:TrackPointExtension>
        </extensions>
      </trkpt>
      <trkpt lat="44.0784927271306514739990234375" lon="-80.11080172844231128692626953125">
        <ele>456.399993896484375</ele>
        <time>2025-05-19T16:34:42.000Z</time>
        <extensions>
          <ns3:TrackPointExtension>
            <ns3:hr>103</ns3:hr>
          </ns3:TrackPointExtension>
        </extensions>
      </trkpt>
      <trkpt lat="44.07851410098373889923095703125" lon="-80.110801644623279571533203125">
        <ele>456</ele>
        <time>2025-05-19T16:34:44.000Z</time>
        <extensions>
          <ns3:TrackPointExtension>
            <ns3:hr>102</ns3:hr>
          </ns3:TrackPointExtension>
        </extensions>
      </trkpt>
      <trkpt lat="44.07860311679542064666748046875" lon="-80.11080868542194366455078125">
        <ele>455.399993896484375</ele>
        <time>2025-05-19T16:34:52.000Z</time>
        <extensions>
          <ns3:TrackPointExtension>
            <ns3:hr>101</ns3:hr>
          </ns3:TrackPointExtension>
        </extensions>
      </trkpt>
      <trkpt lat="44.07860596664249897003173828125" lon="-80.11080608703196048736572265625">
        <ele>455.20001220703125</ele>
        <time>2025-05-19T16:34:53.000Z</time>
        <extensions>
          <ns3:TrackPointExtension>
            <ns3:hr>100</ns3:hr>
          </ns3:TrackPointExtension>
        </extensions>
      </trkpt>
      <trkpt lat="44.07863094471395015716552734375" lon="-80.11079418472945690155029296875">
        <ele>454.399993896484375</ele>
        <time>2025-05-19T16:35:00.000Z</time>
        <extensions>
          <ns3:TrackPointExtension>
            <ns3:hr>101</ns3:hr>
          </ns3:TrackPointExtension>
        </extensions>
      </trkpt>
      <trkpt lat="44.0786355547606945037841796875" lon="-80.11080063879489898681640625">
        <ele>454.399993896484375</ele>
        <time>2025-05-19T16:35:04.000Z</time>
        <extensions>
          <ns3:TrackPointExtension>
            <ns3:hr>98</ns3:hr>
          </ns3:TrackPointExtension>
        </extensions>
      </trkpt>
      <trkpt lat="44.07863773405551910400390625" lon="-80.1108039915561676025390625">
        <ele>454.399993896484375</ele>
        <time>2025-05-19T16:35:06.000Z</time>
        <extensions>
          <ns3:TrackPointExtension>
            <ns3:hr>103</ns3:hr>
          </ns3:TrackPointExtension>
        </extensions>
      </trkpt>
      <trkpt lat="44.0786429308354854583740234375" lon="-80.1108044944703578948974609375">
        <ele>454.20001220703125</ele>
        <time>2025-05-19T16:35:07.000Z</time>
        <extensions>
          <ns3:TrackPointExtension>
            <ns3:hr>101</ns3:hr>
          </ns3:TrackPointExtension>
        </extensions>
      </trkpt>
      <trkpt lat="44.0786546654999256134033203125" lon="-80.11080524884164333343505859375">
        <ele>454.20001220703125</ele>
        <time>2025-05-19T16:35:09.000Z</time>
        <extensions>
          <ns3:TrackPointExtension>
            <ns3:hr>104</ns3:hr>
          </ns3:TrackPointExtension>
        </extensions>
      </trkpt>
      <trkpt lat="44.0786664001643657684326171875" lon="-80.11079619638621807098388671875">
        <ele>454.20001220703125</ele>
        <time>2025-05-19T16:35:11.000Z</time>
        <extensions>
          <ns3:TrackPointExtension>
            <ns3:hr>110</ns3:hr>
          </ns3:TrackPointExtension>
        </extensions>
      </trkpt>
      <trkpt lat="44.07867101021111011505126953125" lon="-80.1107974536716938018798828125">
        <ele>454.20001220703125</ele>
        <time>2025-05-19T16:35:12.000Z</time>
        <extensions>
          <ns3:TrackPointExtension>
            <ns3:hr>113</ns3:hr>
          </ns3:TrackPointExtension>
        </extensions>
      </trkpt>
      <trkpt lat="44.07869481481611728668212890625" lon="-80.1107878983020782470703125">
        <ele>454</ele>
        <time>2025-05-19T16:35:17.000Z</time>
        <extensions>
          <ns3:TrackPointExtension>
            <ns3:hr>113</ns3:hr>
          </ns3:TrackPointExtension>
        </extensions>
      </trkpt>
      <trkpt lat="44.078729934990406036376953125" lon="-80.11071774177253246307373046875">
        <ele>453.79998779296875</ele>
        <time>2025-05-19T16:35:23.000Z</time>
        <extensions>
          <ns3:TrackPointExtension>
            <ns3:hr>109</ns3:hr>
          </ns3:TrackPointExtension>
        </extensions>
      </trkpt>
      <trkpt lat="44.07874904572963714599609375" lon="-80.11067926883697509765625">
        <ele>453.399993896484375</ele>
        <time>2025-05-19T16:35:26.000Z</time>
        <extensions>
          <ns3:TrackPointExtension>
            <ns3:hr>111</ns3:hr>
          </ns3:TrackPointExtension>
        </extensions>
      </trkpt>
      <trkpt lat="44.07876539044082164764404296875" lon="-80.1106522791087627410888671875">
        <ele>453.20001220703125</ele>
        <time>2025-05-19T16:35:28.000Z</time>
        <extensions>
          <ns3:TrackPointExtension>
            <ns3:hr>112</ns3:hr>
          </ns3:TrackPointExtension>
        </extensions>
      </trkpt>
      <trkpt lat="44.07878316007554531097412109375" lon="-80.1106167398393154144287109375">
        <ele>453.20001220703125</ele>
        <time>2025-05-19T16:35:31.000Z</time>
        <extensions>
          <ns3:TrackPointExtension>
            <ns3:hr>109</ns3:hr>
          </ns3:TrackPointExtension>
        </extensions>
      </trkpt>
      <trkpt lat="44.07879020087420940399169921875" lon="-80.1105808652937412261962890625">
        <ele>453.20001220703125</ele>
        <time>2025-05-19T16:35:34.000Z</time>
        <extensions>
          <ns3:TrackPointExtension>
            <ns3:hr>108</ns3:hr>
          </ns3:TrackPointExtension>
        </extensions>
      </trkpt>
      <trkpt lat="44.07879036851227283477783203125" lon="-80.1105231977999210357666015625">
        <ele>453.399993896484375</ele>
        <time>2025-05-19T16:35:39.000Z</time>
        <extensions>
          <ns3:TrackPointExtension>
            <ns3:hr>111</ns3:hr>
          </ns3:TrackPointExtension>
        </extensions>
      </trkpt>
      <trkpt lat="44.078799672424793243408203125" lon="-80.1105064339935779571533203125">
        <ele>453.600006103515625</ele>
        <time>2025-05-19T16:35:41.000Z</time>
        <extensions>
          <ns3:TrackPointExtension>
            <ns3:hr>108</ns3:hr>
          </ns3:TrackPointExtension>
        </extensions>
      </trkpt>
      <trkpt lat="44.07880092971026897430419921875" lon="-80.1104960404336452484130859375">
        <ele>453.79998779296875</ele>
        <time>2025-05-19T16:35:42.000Z</time>
        <extensions>
          <ns3:TrackPointExtension>
            <ns3:hr>108</ns3:hr>
          </ns3:TrackPointExtension>
        </extensions>
      </trkpt>
      <trkpt lat="44.078819453716278076171875" lon="-80.11044650338590145111083984375">
        <ele>454</ele>
        <time>2025-05-19T16:35:46.000Z</time>
        <extensions>
          <ns3:TrackPointExtension>
            <ns3:hr>112</ns3:hr>
          </ns3:TrackPointExtension>
        </extensions>
      </trkpt>
      <trkpt lat="44.07883563078939914703369140625" lon="-80.11043543927371501922607421875">
        <ele>454</ele>
        <time>2025-05-19T16:35:48.000Z</time>
        <extensions>
          <ns3:TrackPointExtension>
            <ns3:hr>109</ns3:hr>
          </ns3:TrackPointExtension>
        </extensions>
      </trkpt>
      <trkpt lat="44.07888676039874553680419921875" lon="-80.1104075275361537933349609375">
        <ele>454</ele>
        <time>2025-05-19T16:35:52.000Z</time>
        <extensions>
          <ns3:TrackPointExtension>
            <ns3:hr>110</ns3:hr>
          </ns3:TrackPointExtension>
        </extensions>
      </trkpt>
      <trkpt lat="44.07894291914999485015869140625" lon="-80.110391266644001007080078125">
        <ele>453.399993896484375</ele>
        <time>2025-05-19T16:35:57.000Z</time>
        <extensions>
          <ns3:TrackPointExtension>
            <ns3:hr>113</ns3:hr>
          </ns3:TrackPointExtension>
        </extensions>
      </trkpt>
      <trkpt lat="44.07896353863179683685302734375" lon="-80.11038866825401782989501953125">
        <ele>452.79998779296875</ele>
        <time>2025-05-19T16:35:59.000Z</time>
        <extensions>
          <ns3:TrackPointExtension>
            <ns3:hr>110</ns3:hr>
          </ns3:TrackPointExtension>
        </extensions>
      </trkpt>
      <trkpt lat="44.07898851670324802398681640625" lon="-80.1103964634239673614501953125">
        <ele>452.399993896484375</ele>
        <time>2025-05-19T16:36:01.000Z</time>
        <extensions>
          <ns3:TrackPointExtension>
            <ns3:hr>112</ns3:hr>
          </ns3:TrackPointExtension>
        </extensions>
      </trkpt>
      <trkpt lat="44.07899203710258007049560546875" lon="-80.11040425859391689300537109375">
        <ele>452.20001220703125</ele>
        <time>2025-05-19T16:36:02.000Z</time>
        <extensions>
          <ns3:TrackPointExtension>
            <ns3:hr>111</ns3:hr>
          </ns3:TrackPointExtension>
        </extensions>
      </trkpt>
      <trkpt lat="44.07898700796067714691162109375" lon="-80.11040710844099521636962890625">
        <ele>451.79998779296875</ele>
        <time>2025-05-19T16:36:04.000Z</time>
        <extensions>
          <ns3:TrackPointExtension>
            <ns3:hr>108</ns3:hr>
          </ns3:TrackPointExtension>
        </extensions>
      </trkpt>
      <trkpt lat="44.0789999999105930328369140625" lon="-80.11043862439692020416259765625">
        <ele>451</ele>
        <time>2025-05-19T16:36:08.000Z</time>
        <extensions>
          <ns3:TrackPointExtension>
            <ns3:hr>106</ns3:hr>
          </ns3:TrackPointExtension>
        </extensions>
      </trkpt>
      <trkpt lat="44.079005531966686248779296875" lon="-80.1104410551488399505615234375">
        <ele>451</ele>
        <time>2025-05-19T16:36:09.000Z</time>
        <extensions>
          <ns3:TrackPointExtension>
            <ns3:hr>106</ns3:hr>
          </ns3:TrackPointExtension>
        </extensions>
      </trkpt>
      <trkpt lat="44.07904450781643390655517578125" lon="-80.11049143038690090179443359375">
        <ele>450</ele>
        <time>2025-05-19T16:36:14.000Z</time>
        <extensions>
          <ns3:TrackPointExtension>
            <ns3:hr>107</ns3:hr>
          </ns3:TrackPointExtension>
        </extensions>
      </trkpt>
      <trkpt lat="44.0790452621877193450927734375" lon="-80.11052596382796764373779296875">
        <ele>449.600006103515625</ele>
        <time>2025-05-19T16:36:17.000Z</time>
        <extensions>
          <ns3:TrackPointExtension>
            <ns3:hr>107</ns3:hr>
          </ns3:TrackPointExtension>
        </extensions>
      </trkpt>
      <trkpt lat="44.07906462438404560089111328125" lon="-80.11054490692913532257080078125">
        <ele>449</ele>
        <time>2025-05-19T16:36:20.000Z</time>
        <extensions>
          <ns3:TrackPointExtension>
            <ns3:hr>104</ns3:hr>
          </ns3:TrackPointExtension>
        </extensions>
      </trkpt>
      <trkpt lat="44.0790660493075847625732421875" lon="-80.11054893024265766143798828125">
        <ele>448.79998779296875</ele>
        <time>2025-05-19T16:36:22.000Z</time>
        <extensions>
          <ns3:TrackPointExtension>
            <ns3:hr>104</ns3:hr>
          </ns3:TrackPointExtension>
        </extensions>
      </trkpt>
      <trkpt lat="44.07908926717936992645263671875" lon="-80.11056669987738132476806640625">
        <ele>448.399993896484375</ele>
        <time>2025-05-19T16:36:26.000Z</time>
        <extensions>
          <ns3:TrackPointExtension>
            <ns3:hr>105</ns3:hr>
          </ns3:TrackPointExtension>
        </extensions>
      </trkpt>
      <trkpt lat="44.079096056520938873291015625" lon="-80.1105899177491664886474609375">
        <ele>447.600006103515625</ele>
        <time>2025-05-19T16:36:30.000Z</time>
        <extensions>
          <ns3:TrackPointExtension>
            <ns3:hr>106</ns3:hr>
          </ns3:TrackPointExtension>
        </extensions>
      </trkpt>
      <trkpt lat="44.07912212423980236053466796875" lon="-80.11060391552746295928955078125">
        <ele>447.20001220703125</ele>
        <time>2025-05-19T16:36:34.000Z</time>
        <extensions>
          <ns3:TrackPointExtension>
            <ns3:hr>107</ns3:hr>
          </ns3:TrackPointExtension>
        </extensions>
      </trkpt>
      <trkpt lat="44.0791455097496509552001953125" lon="-80.110630653798580169677734375">
        <ele>446.79998779296875</ele>
        <time>2025-05-19T16:36:39.000Z</time>
        <extensions>
          <ns3:TrackPointExtension>
            <ns3:hr>104</ns3:hr>
          </ns3:TrackPointExtension>
        </extensions>
      </trkpt>
      <trkpt lat="44.07917660661041736602783203125" lon="-80.11063258163630962371826171875">
        <ele>446.600006103515625</ele>
        <time>2025-05-19T16:36:43.000Z</time>
        <extensions>
          <ns3:TrackPointExtension>
            <ns3:hr>106</ns3:hr>
          </ns3:TrackPointExtension>
        </extensions>
      </trkpt>
      <trkpt lat="44.07918297685682773590087890625" lon="-80.110629983246326446533203125">
        <ele>446.399993896484375</ele>
        <time>2025-05-19T16:36:44.000Z</time>
        <extensions>
          <ns3:TrackPointExtension>
            <ns3:hr>105</ns3:hr>
          </ns3:TrackPointExtension>
        </extensions>
      </trkpt>
      <trkpt lat="44.0791884250938892364501953125" lon="-80.1106345094740390777587890625">
        <ele>446</ele>
        <time>2025-05-19T16:36:45.000Z</time>
        <extensions>
          <ns3:TrackPointExtension>
            <ns3:hr>108</ns3:hr>
          </ns3:TrackPointExtension>
        </extensions>
      </trkpt>
      <trkpt lat="44.07919554971158504486083984375" lon="-80.11063970625400543212890625">
        <ele>445.399993896484375</ele>
        <time>2025-05-19T16:36:47.000Z</time>
        <extensions>
          <ns3:TrackPointExtension>
            <ns3:hr>105</ns3:hr>
          </ns3:TrackPointExtension>
        </extensions>
      </trkpt>
      <trkpt lat="44.0792038477957248687744140625" lon="-80.1106459088623523712158203125">
        <ele>445.20001220703125</ele>
        <time>2025-05-19T16:36:49.000Z</time>
        <extensions>
          <ns3:TrackPointExtension>
            <ns3:hr>105</ns3:hr>
          </ns3:TrackPointExtension>
        </extensions>
      </trkpt>
      <trkpt lat="44.07919890247285366058349609375" lon="-80.1106573082506656646728515625">
        <ele>444.600006103515625</ele>
        <time>2025-05-19T16:36:54.000Z</time>
        <extensions>
          <ns3:TrackPointExtension>
            <ns3:hr>104</ns3:hr>
          </ns3:TrackPointExtension>
        </extensions>
      </trkpt>
      <trkpt lat="44.0792668797075748443603515625" lon="-80.11063207872211933135986328125">
        <ele>444.20001220703125</ele>
        <time>2025-05-19T16:37:00.000Z</time>
        <extensions>
          <ns3:TrackPointExtension>
            <ns3:hr>108</ns3:hr>
          </ns3:TrackPointExtension>
        </extensions>
      </trkpt>
      <trkpt lat="44.07927266322076320648193359375" lon="-80.11063174344599246978759765625">
        <ele>444.20001220703125</ele>
        <time>2025-05-19T16:37:02.000Z</time>
        <extensions>
          <ns3:TrackPointExtension>
            <ns3:hr>109</ns3:hr>
          </ns3:TrackPointExtension>
        </extensions>
      </trkpt>
      <trkpt lat="44.07927802763879299163818359375" lon="-80.1106323301792144775390625">
        <ele>444.20001220703125</ele>
        <time>2025-05-19T16:37:03.000Z</time>
        <extensions>
          <ns3:TrackPointExtension>
            <ns3:hr>110</ns3:hr>
          </ns3:TrackPointExtension>
        </extensions>
      </trkpt>
      <trkpt lat="44.07936134375631809234619140625" lon="-80.1106432266533374786376953125">
        <ele>443.20001220703125</ele>
        <time>2025-05-19T16:37:09.000Z</time>
        <extensions>
          <ns3:TrackPointExtension>
            <ns3:hr>112</ns3:hr>
          </ns3:TrackPointExtension>
        </extensions>
      </trkpt>
      <trkpt lat="44.0793926082551479339599609375" lon="-80.11065579950809478759765625">
        <ele>443</ele>
        <time>2025-05-19T16:37:11.000Z</time>
        <extensions>
          <ns3:TrackPointExtension>
            <ns3:hr>111</ns3:hr>
          </ns3:TrackPointExtension>
        </extensions>
      </trkpt>
      <trkpt lat="44.07939721830189228057861328125" lon="-80.11066409759223461151123046875">
        <ele>443</ele>
        <time>2025-05-19T16:37:12.000Z</time>
        <extensions>
          <ns3:TrackPointExtension>
            <ns3:hr>114</ns3:hr>
          </ns3:TrackPointExtension>
        </extensions>
      </trkpt>
      <trkpt lat="44.079464860260486602783203125" lon="-80.11071220971643924713134765625">
        <ele>442.399993896484375</ele>
        <time>2025-05-19T16:37:19.000Z</time>
        <extensions>
          <ns3:TrackPointExtension>
            <ns3:hr>112</ns3:hr>
          </ns3:TrackPointExtension>
        </extensions>
      </trkpt>
      <trkpt lat="44.07948355190455913543701171875" lon="-80.1107471622526645660400390625">
        <ele>442</ele>
        <time>2025-05-19T16:37:22.000Z</time>
        <extensions>
          <ns3:TrackPointExtension>
            <ns3:hr>109</ns3:hr>
          </ns3:TrackPointExtension>
        </extensions>
      </trkpt>
      <trkpt lat="44.07952512614428997039794921875" lon="-80.1108091883361339569091796875">
        <ele>441.600006103515625</ele>
        <time>2025-05-19T16:37:26.000Z</time>
        <extensions>
          <ns3:TrackPointExtension>
            <ns3:hr>110</ns3:hr>
          </ns3:TrackPointExtension>
        </extensions>
      </trkpt>
      <trkpt lat="44.0795391239225864410400390625" lon="-80.1108279637992382049560546875">
        <ele>441.600006103515625</ele>
        <time>2025-05-19T16:37:27.000Z</time>
        <extensions>
          <ns3:TrackPointExtension>
            <ns3:hr>110</ns3:hr>
          </ns3:TrackPointExtension>
        </extensions>
      </trkpt>
      <trkpt lat="44.07957474701106548309326171875" lon="-80.110870711505413055419921875">
        <ele>441.600006103515625</ele>
        <time>2025-05-19T16:37:30.000Z</time>
        <extensions>
          <ns3:TrackPointExtension>
            <ns3:hr>107</ns3:hr>
          </ns3:TrackPointExtension>
        </extensions>
      </trkpt>
      <trkpt lat="44.0795961208641529083251953125" lon="-80.11090935207903385162353515625">
        <ele>441.399993896484375</ele>
        <time>2025-05-19T16:37:33.000Z</time>
        <extensions>
          <ns3:TrackPointExtension>
            <ns3:hr>105</ns3:hr>
          </ns3:TrackPointExtension>
        </extensions>
      </trkpt>
      <trkpt lat="44.079608023166656494140625" lon="-80.1109315641224384307861328125">
        <ele>441.399993896484375</ele>
        <time>2025-05-19T16:37:35.000Z</time>
        <extensions>
          <ns3:TrackPointExtension>
            <ns3:hr>101</ns3:hr>
          </ns3:TrackPointExtension>
        </extensions>
      </trkpt>
      <trkpt lat="44.07966904342174530029296875" lon="-80.11098730377852916717529296875">
        <ele>441.600006103515625</ele>
        <time>2025-05-19T16:37:41.000Z</time>
        <extensions>
          <ns3:TrackPointExtension>
            <ns3:hr>103</ns3:hr>
          </ns3:TrackPointExtension>
        </extensions>
      </trkpt>
      <trkpt lat="44.07973752357065677642822265625" lon="-80.111030638217926025390625">
        <ele>441.600006103515625</ele>
        <time>2025-05-19T16:37:48.000Z</time>
        <extensions>
          <ns3:TrackPointExtension>
            <ns3:hr>103</ns3:hr>
          </ns3:TrackPointExtension>
        </extensions>
      </trkpt>
      <trkpt lat="44.079753868281841278076171875" lon="-80.11104295961558818817138671875">
        <ele>441.600006103515625</ele>
        <time>2025-05-19T16:37:50.000Z</time>
        <extensions>
          <ns3:TrackPointExtension>
            <ns3:hr>105</ns3:hr>
          </ns3:TrackPointExtension>
        </extensions>
      </trkpt>
      <trkpt lat="44.07984933815896511077880859375" lon="-80.111106075346469879150390625">
        <ele>441.20001220703125</ele>
        <time>2025-05-19T16:37:58.000Z</time>
        <extensions>
          <ns3:TrackPointExtension>
            <ns3:hr>105</ns3:hr>
          </ns3:TrackPointExtension>
        </extensions>
      </trkpt>
      <trkpt lat="44.07988764345645904541015625" lon="-80.11112879030406475067138671875">
        <ele>441</ele>
        <time>2025-05-19T16:38:01.000Z</time>
        <extensions>
          <ns3:TrackPointExtension>
            <ns3:hr>107</ns3:hr>
          </ns3:TrackPointExtension>
        </extensions>
      </trkpt>
      <trkpt lat="44.079933576285839080810546875" lon="-80.1111310534179210662841796875">
        <ele>440</ele>
        <time>2025-05-19T16:38:05.000Z</time>
        <extensions>
          <ns3:TrackPointExtension>
            <ns3:hr>109</ns3:hr>
          </ns3:TrackPointExtension>
        </extensions>
      </trkpt>
      <trkpt lat="44.079945981502532958984375" lon="-80.11113096959888935089111328125">
        <ele>439.79998779296875</ele>
        <time>2025-05-19T16:38:06.000Z</time>
        <extensions>
          <ns3:TrackPointExtension>
            <ns3:hr>109</ns3:hr>
          </ns3:TrackPointExtension>
        </extensions>
      </trkpt>
      <trkpt lat="44.0799682773649692535400390625" lon="-80.1111374236643314361572265625">
        <ele>439.600006103515625</ele>
        <time>2025-05-19T16:38:08.000Z</time>
        <extensions>
          <ns3:TrackPointExtension>
            <ns3:hr>106</ns3:hr>
          </ns3:TrackPointExtension>
        </extensions>
      </trkpt>
      <trkpt lat="44.08004312776029109954833984375" lon="-80.11117405258119106292724609375">
        <ele>439</ele>
        <time>2025-05-19T16:38:15.000Z</time>
        <extensions>
          <ns3:TrackPointExtension>
            <ns3:hr>106</ns3:hr>
          </ns3:TrackPointExtension>
        </extensions>
      </trkpt>
      <trkpt lat="44.080079756677150726318359375" lon="-80.111220069229602813720703125">
        <ele>439</ele>
        <time>2025-05-19T16:38:19.000Z</time>
        <extensions>
          <ns3:TrackPointExtension>
            <ns3:hr>103</ns3:hr>
          </ns3:TrackPointExtension>
        </extensions>
      </trkpt>
      <trkpt lat="44.08009123988449573516845703125" lon="-80.11122819967567920684814453125">
        <ele>438.79998779296875</ele>
        <time>2025-05-19T16:38:20.000Z</time>
        <extensions>
          <ns3:TrackPointExtension>
            <ns3:hr>102</ns3:hr>
          </ns3:TrackPointExtension>
        </extensions>
      </trkpt>
      <trkpt lat="44.08011906780302524566650390625" lon="-80.11124613694846630096435546875">
        <ele>438.600006103515625</ele>
        <time>2025-05-19T16:38:23.000Z</time>
        <extensions>
          <ns3:TrackPointExtension>
            <ns3:hr>103</ns3:hr>
          </ns3:TrackPointExtension>
        </extensions>
      </trkpt>
      <trkpt lat="44.0801955945789813995361328125" lon="-80.11124764569103717803955078125">
        <ele>438</ele>
        <time>2025-05-19T16:38:31.000Z</time>
        <extensions>
          <ns3:TrackPointExtension>
            <ns3:hr>104</ns3:hr>
          </ns3:TrackPointExtension>
        </extensions>
      </trkpt>
      <trkpt lat="44.0802147053182125091552734375" lon="-80.111240856349468231201171875">
        <ele>437.79998779296875</ele>
        <time>2025-05-19T16:38:32.000Z</time>
        <extensions>
          <ns3:TrackPointExtension>
            <ns3:hr>106</ns3:hr>
          </ns3:TrackPointExtension>
        </extensions>
      </trkpt>
      <trkpt lat="44.0802334807813167572021484375" lon="-80.11123113334178924560546875">
        <ele>437.79998779296875</ele>
        <time>2025-05-19T16:38:33.000Z</time>
        <extensions>
          <ns3:TrackPointExtension>
            <ns3:hr>104</ns3:hr>
          </ns3:TrackPointExtension>
        </extensions>
      </trkpt>
      <trkpt lat="44.080309085547924041748046875" lon="-80.11121998541057109832763671875">
        <ele>437.600006103515625</ele>
        <time>2025-05-19T16:38:37.000Z</time>
        <extensions>
          <ns3:TrackPointExtension>
            <ns3:hr>104</ns3:hr>
          </ns3:TrackPointExtension>
        </extensions>
      </trkpt>
      <trkpt lat="44.08039533533155918121337890625" lon="-80.11121814139187335968017578125">
        <ele>437.20001220703125</ele>
        <time>2025-05-19T16:38:42.000Z</time>
        <extensions>
          <ns3:TrackPointExtension>
            <ns3:hr>101</ns3:hr>
          </ns3:TrackPointExtension>
        </extensions>
      </trkpt>
      <trkpt lat="44.08043079078197479248046875" lon="-80.11121847666800022125244140625">
        <ele>437.20001220703125</ele>
        <time>2025-05-19T16:38:45.000Z</time>
        <extensions>
          <ns3:TrackPointExtension>
            <ns3:hr>104</ns3:hr>
          </ns3:TrackPointExtension>
        </extensions>
      </trkpt>
      <trkpt lat="44.080435149371623992919921875" lon="-80.11121797375380992889404296875">
        <ele>437.20001220703125</ele>
        <time>2025-05-19T16:38:46.000Z</time>
        <extensions>
          <ns3:TrackPointExtension>
            <ns3:hr>103</ns3:hr>
          </ns3:TrackPointExtension>
        </extensions>
      </trkpt>
      <trkpt lat="44.080458618700504302978515625" lon="-80.11123071424663066864013671875">
        <ele>437</ele>
        <time>2025-05-19T16:38:53.000Z</time>
        <extensions>
          <ns3:TrackPointExtension>
            <ns3:hr>98</ns3:hr>
          </ns3:TrackPointExtension>
        </extensions>
      </trkpt>
      <trkpt lat="44.08045937307178974151611328125" lon="-80.1112306304275989532470703125">
        <ele>437</ele>
        <time>2025-05-19T16:38:54.000Z</time>
        <extensions>
          <ns3:TrackPointExtension>
            <ns3:hr>101</ns3:hr>
          </ns3:TrackPointExtension>
        </extensions>
      </trkpt>
      <trkpt lat="44.0804842673242092132568359375" lon="-80.11124186217784881591796875">
        <ele>437</ele>
        <time>2025-05-19T16:39:01.000Z</time>
        <extensions>
          <ns3:TrackPointExtension>
            <ns3:hr>100</ns3:hr>
          </ns3:TrackPointExtension>
        </extensions>
      </trkpt>
      <trkpt lat="44.08058057539165019989013671875" lon="-80.11130866594612598419189453125">
        <ele>437.399993896484375</ele>
        <time>2025-05-19T16:39:16.000Z</time>
        <extensions>
          <ns3:TrackPointExtension>
            <ns3:hr>97</ns3:hr>
          </ns3:TrackPointExtension>
        </extensions>
      </trkpt>
      <trkpt lat="44.080595411360263824462890625" lon="-80.111309923231601715087890625">
        <ele>437.399993896484375</ele>
        <time>2025-05-19T16:39:17.000Z</time>
        <extensions>
          <ns3:TrackPointExtension>
            <ns3:hr>98</ns3:hr>
          </ns3:TrackPointExtension>
        </extensions>
      </trkpt>
      <trkpt lat="44.08075860701501369476318359375" lon="-80.11133632622659206390380859375">
        <ele>437.79998779296875</ele>
        <time>2025-05-19T16:39:29.000Z</time>
        <extensions>
          <ns3:TrackPointExtension>
            <ns3:hr>98</ns3:hr>
          </ns3:TrackPointExtension>
        </extensions>
      </trkpt>
      <trkpt lat="44.08082750625908374786376953125" lon="-80.111358873546123504638671875">
        <ele>437.79998779296875</ele>
        <time>2025-05-19T16:39:37.000Z</time>
        <extensions>
          <ns3:TrackPointExtension>
            <ns3:hr>93</ns3:hr>
          </ns3:TrackPointExtension>
        </extensions>
      </trkpt>
      <trkpt lat="44.08085566945374011993408203125" lon="-80.11134940199553966522216796875">
        <ele>437.79998779296875</ele>
        <time>2025-05-19T16:39:39.000Z</time>
        <extensions>
          <ns3:TrackPointExtension>
            <ns3:hr>90</ns3:hr>
          </ns3:TrackPointExtension>
        </extensions>
      </trkpt>
      <trkpt lat="44.08088743686676025390625" lon="-80.11134169064462184906005859375">
        <ele>437.79998779296875</ele>
        <time>2025-05-19T16:39:42.000Z</time>
        <extensions>
          <ns3:TrackPointExtension>
            <ns3:hr>90</ns3:hr>
          </ns3:TrackPointExtension>
        </extensions>
      </trkpt>
      <trkpt lat="44.08103453926742076873779296875" lon="-80.11134772561490535736083984375">
        <ele>437.600006103515625</ele>
        <time>2025-05-19T16:39:54.000Z</time>
        <extensions>
          <ns3:TrackPointExtension>
            <ns3:hr>92</ns3:hr>
          </ns3:TrackPointExtension>
        </extensions>
      </trkpt>
      <trkpt lat="44.08114803023636341094970703125" lon="-80.111389718949794769287109375">
        <ele>438</ele>
        <time>2025-05-19T16:40:06.000Z</time>
        <extensions>
          <ns3:TrackPointExtension>
            <ns3:hr>90</ns3:hr>
          </ns3:TrackPointExtension>
        </extensions>
      </trkpt>
      <trkpt lat="44.0812849067151546478271484375" lon="-80.11144981719553470611572265625">
        <ele>438.600006103515625</ele>
        <time>2025-05-19T16:40:20.000Z</time>
        <extensions>
          <ns3:TrackPointExtension>
            <ns3:hr>87</ns3:hr>
          </ns3:TrackPointExtension>
        </extensions>
      </trkpt>
      <trkpt lat="44.08130041323602199554443359375" lon="-80.1114592887461185455322265625">
        <ele>439</ele>
        <time>2025-05-19T16:40:21.000Z</time>
        <extensions>
          <ns3:TrackPointExtension>
            <ns3:hr>90</ns3:hr>
          </ns3:TrackPointExtension>
        </extensions>
      </trkpt>
      <trkpt lat="44.08135078847408294677734375" lon="-80.11148954741656780242919921875">
        <ele>439.600006103515625</ele>
        <time>2025-05-19T16:40:25.000Z</time>
        <extensions>
          <ns3:TrackPointExtension>
            <ns3:hr>94</ns3:hr>
          </ns3:TrackPointExtension>
        </extensions>
      </trkpt>
      <trkpt lat="44.08138674683868885040283203125" lon="-80.111511088907718658447265625">
        <ele>440</ele>
        <time>2025-05-19T16:40:28.000Z</time>
        <extensions>
          <ns3:TrackPointExtension>
            <ns3:hr>93</ns3:hr>
          </ns3:TrackPointExtension>
        </extensions>
      </trkpt>
      <trkpt lat="44.08140552230179309844970703125" lon="-80.111525170505046844482421875">
        <ele>440.399993896484375</ele>
        <time>2025-05-19T16:40:30.000Z</time>
        <extensions>
          <ns3:TrackPointExtension>
            <ns3:hr>90</ns3:hr>
          </ns3:TrackPointExtension>
        </extensions>
      </trkpt>
      <trkpt lat="44.0814327634871006011962890625" lon="-80.11153162457048892974853515625">
        <ele>440.600006103515625</ele>
        <time>2025-05-19T16:40:32.000Z</time>
        <extensions>
          <ns3:TrackPointExtension>
            <ns3:hr>93</ns3:hr>
          </ns3:TrackPointExtension>
        </extensions>
      </trkpt>
      <trkpt lat="44.081474840641021728515625" lon="-80.111531876027584075927734375">
        <ele>441</ele>
        <time>2025-05-19T16:40:35.000Z</time>
        <extensions>
          <ns3:TrackPointExtension>
            <ns3:hr>92</ns3:hr>
          </ns3:TrackPointExtension>
        </extensions>
      </trkpt>
      <trkpt lat="44.08149705268442630767822265625" lon="-80.1115273497998714447021484375">
        <ele>441.20001220703125</ele>
        <time>2025-05-19T16:40:37.000Z</time>
        <extensions>
          <ns3:TrackPointExtension>
            <ns3:hr>92</ns3:hr>
          </ns3:TrackPointExtension>
        </extensions>
      </trkpt>
      <trkpt lat="44.08154281787574291229248046875" lon="-80.11153112165629863739013671875">
        <ele>441.399993896484375</ele>
        <time>2025-05-19T16:40:42.000Z</time>
        <extensions>
          <ns3:TrackPointExtension>
            <ns3:hr>95</ns3:hr>
          </ns3:TrackPointExtension>
        </extensions>
      </trkpt>
      <trkpt lat="44.08160417340695858001708984375" lon="-80.1115260086953639984130859375">
        <ele>442.399993896484375</ele>
        <time>2025-05-19T16:40:49.000Z</time>
        <extensions>
          <ns3:TrackPointExtension>
            <ns3:hr>93</ns3:hr>
          </ns3:TrackPointExtension>
        </extensions>
      </trkpt>
      <trkpt lat="44.08164239488542079925537109375" lon="-80.11153581552207469940185546875">
        <ele>443</ele>
        <time>2025-05-19T16:40:53.000Z</time>
        <extensions>
          <ns3:TrackPointExtension>
            <ns3:hr>95</ns3:hr>
          </ns3:TrackPointExtension>
        </extensions>
      </trkpt>
      <trkpt lat="44.08167005516588687896728515625" lon="-80.11154637672007083892822265625">
        <ele>443.399993896484375</ele>
        <time>2025-05-19T16:40:56.000Z</time>
        <extensions>
          <ns3:TrackPointExtension>
            <ns3:hr>97</ns3:hr>
          </ns3:TrackPointExtension>
        </extensions>
      </trkpt>
      <trkpt lat="44.08169855363667011260986328125" lon="-80.1115630567073822021484375">
        <ele>444.399993896484375</ele>
        <time>2025-05-19T16:41:00.000Z</time>
        <extensions>
          <ns3:TrackPointExtension>
            <ns3:hr>95</ns3:hr>
          </ns3:TrackPointExtension>
        </extensions>
      </trkpt>
      <trkpt lat="44.0817283093929290771484375" lon="-80.11157487519085407257080078125">
        <ele>445.600006103515625</ele>
        <time>2025-05-19T16:41:04.000Z</time>
        <extensions>
          <ns3:TrackPointExtension>
            <ns3:hr>95</ns3:hr>
          </ns3:TrackPointExtension>
        </extensions>
      </trkpt>
      <trkpt lat="44.08176192082464694976806640625" lon="-80.11158493347465991973876953125">
        <ele>446.600006103515625</ele>
        <time>2025-05-19T16:41:08.000Z</time>
        <extensions>
          <ns3:TrackPointExtension>
            <ns3:hr>93</ns3:hr>
          </ns3:TrackPointExtension>
        </extensions>
      </trkpt>
      <trkpt lat="44.08177248202264308929443359375" lon="-80.111583173274993896484375">
        <ele>446.79998779296875</ele>
        <time>2025-05-19T16:41:09.000Z</time>
        <extensions>
          <ns3:TrackPointExtension>
            <ns3:hr>92</ns3:hr>
          </ns3:TrackPointExtension>
        </extensions>
      </trkpt>
      <trkpt lat="44.08182377927005290985107421875" lon="-80.11159549467265605926513671875">
        <ele>447.600006103515625</ele>
        <time>2025-05-19T16:41:14.000Z</time>
        <extensions>
          <ns3:TrackPointExtension>
            <ns3:hr>95</ns3:hr>
          </ns3:TrackPointExtension>
        </extensions>
      </trkpt>
      <trkpt lat="44.08183501102030277252197265625" lon="-80.11160002090036869049072265625">
        <ele>447.600006103515625</ele>
        <time>2025-05-19T16:41:15.000Z</time>
        <extensions>
          <ns3:TrackPointExtension>
            <ns3:hr>94</ns3:hr>
          </ns3:TrackPointExtension>
        </extensions>
      </trkpt>
      <trkpt lat="44.08188161440193653106689453125" lon="-80.1116161979734897613525390625">
        <ele>448.399993896484375</ele>
        <time>2025-05-19T16:41:19.000Z</time>
        <extensions>
          <ns3:TrackPointExtension>
            <ns3:hr>97</ns3:hr>
          </ns3:TrackPointExtension>
        </extensions>
      </trkpt>
      <trkpt lat="44.08190391026437282562255859375" lon="-80.1116198860108852386474609375">
        <ele>448.600006103515625</ele>
        <time>2025-05-19T16:41:21.000Z</time>
        <extensions>
          <ns3:TrackPointExtension>
            <ns3:hr>97</ns3:hr>
          </ns3:TrackPointExtension>
        </extensions>
      </trkpt>
      <trkpt lat="44.081968031823635101318359375" lon="-80.1116245798766613006591796875">
        <ele>448.79998779296875</ele>
        <time>2025-05-19T16:41:25.000Z</time>
        <extensions>
          <ns3:TrackPointExtension>
            <ns3:hr>96</ns3:hr>
          </ns3:TrackPointExtension>
        </extensions>
      </trkpt>
      <trkpt lat="44.08199309371411800384521484375" lon="-80.11162684299051761627197265625">
        <ele>448.79998779296875</ele>
        <time>2025-05-19T16:41:27.000Z</time>
        <extensions>
          <ns3:TrackPointExtension>
            <ns3:hr>93</ns3:hr>
          </ns3:TrackPointExtension>
        </extensions>
      </trkpt>
      <trkpt lat="44.0820154733955860137939453125" lon="-80.11163522489368915557861328125">
        <ele>448.79998779296875</ele>
        <time>2025-05-19T16:41:29.000Z</time>
        <extensions>
          <ns3:TrackPointExtension>
            <ns3:hr>96</ns3:hr>
          </ns3:TrackPointExtension>
        </extensions>
      </trkpt>
      <trkpt lat="44.08215553499758243560791015625" lon="-80.11162382550537586212158203125">
        <ele>448.79998779296875</ele>
        <time>2025-05-19T16:41:41.000Z</time>
        <extensions>
          <ns3:TrackPointExtension>
            <ns3:hr>97</ns3:hr>
          </ns3:TrackPointExtension>
        </extensions>
      </trkpt>
      <trkpt lat="44.082348234951496124267578125" lon="-80.11164109222590923309326171875">
        <ele>448.399993896484375</ele>
        <time>2025-05-19T16:41:54.000Z</time>
        <extensions>
          <ns3:TrackPointExtension>
            <ns3:hr>95</ns3:hr>
          </ns3:TrackPointExtension>
        </extensions>
      </trkpt>
      <trkpt lat="44.08236810006201267242431640625" lon="-80.111641176044940948486328125">
        <ele>448.399993896484375</ele>
        <time>2025-05-19T16:41:56.000Z</time>
        <extensions>
          <ns3:TrackPointExtension>
            <ns3:hr>92</ns3:hr>
          </ns3:TrackPointExtension>
        </extensions>
      </trkpt>
      <trkpt lat="44.0823792479932308197021484375" lon="-80.111643187701702117919921875">
        <ele>448.399993896484375</ele>
        <time>2025-05-19T16:41:57.000Z</time>
        <extensions>
          <ns3:TrackPointExtension>
            <ns3:hr>95</ns3:hr>
          </ns3:TrackPointExtension>
        </extensions>
      </trkpt>
      <trkpt lat="44.0824697725474834442138671875" lon="-80.111620388925075531005859375">
        <ele>448.20001220703125</ele>
        <time>2025-05-19T16:42:06.000Z</time>
        <extensions>
          <ns3:TrackPointExtension>
            <ns3:hr>97</ns3:hr>
          </ns3:TrackPointExtension>
        </extensions>
      </trkpt>
      <trkpt lat="44.082505144178867340087890625" lon="-80.1115461252629756927490234375">
        <ele>447.600006103515625</ele>
        <time>2025-05-19T16:42:12.000Z</time>
        <extensions>
          <ns3:TrackPointExtension>
            <ns3:hr>100</ns3:hr>
          </ns3:TrackPointExtension>
        </extensions>
      </trkpt>
      <trkpt lat="44.08251813612878322601318359375" lon="-80.1114790700376033782958984375">
        <ele>446.600006103515625</ele>
        <time>2025-05-19T16:42:17.000Z</time>
        <extensions>
          <ns3:TrackPointExtension>
            <ns3:hr>97</ns3:hr>
          </ns3:TrackPointExtension>
        </extensions>
      </trkpt>
      <trkpt lat="44.08251830376684665679931640625" lon="-80.111467838287353515625">
        <ele>446.399993896484375</ele>
        <time>2025-05-19T16:42:18.000Z</time>
        <extensions>
          <ns3:TrackPointExtension>
            <ns3:hr>97</ns3:hr>
          </ns3:TrackPointExtension>
        </extensions>
      </trkpt>
      <trkpt lat="44.08251578919589519500732421875" lon="-80.111432634294033050537109375">
        <ele>445.79998779296875</ele>
        <time>2025-05-19T16:42:21.000Z</time>
        <extensions>
          <ns3:TrackPointExtension>
            <ns3:hr>100</ns3:hr>
          </ns3:TrackPointExtension>
        </extensions>
      </trkpt>
      <trkpt lat="44.08250304870307445526123046875" lon="-80.11141620576381683349609375">
        <ele>445.79998779296875</ele>
        <time>2025-05-19T16:42:22.000Z</time>
        <extensions>
          <ns3:TrackPointExtension>
            <ns3:hr>94</ns3:hr>
          </ns3:TrackPointExtension>
        </extensions>
      </trkpt>
      <trkpt lat="44.082494080066680908203125" lon="-80.11139013804495334625244140625">
        <ele>445.20001220703125</ele>
        <time>2025-05-19T16:42:24.000Z</time>
        <extensions>
          <ns3:TrackPointExtension>
            <ns3:hr>93</ns3:hr>
          </ns3:TrackPointExtension>
        </extensions>
      </trkpt>
      <trkpt lat="44.08248645253479480743408203125" lon="-80.11129726655781269073486328125">
        <ele>444</ele>
        <time>2025-05-19T16:42:29.000Z</time>
        <extensions>
          <ns3:TrackPointExtension>
            <ns3:hr>91</ns3:hr>
          </ns3:TrackPointExtension>
        </extensions>
      </trkpt>
      <trkpt lat="44.082499109208583831787109375" lon="-80.111252926290035247802734375">
        <ele>443.79998779296875</ele>
        <time>2025-05-19T16:42:31.000Z</time>
        <extensions>
          <ns3:TrackPointExtension>
            <ns3:hr>91</ns3:hr>
          </ns3:TrackPointExtension>
        </extensions>
      </trkpt>
      <trkpt lat="44.08250254578888416290283203125" lon="-80.11121914722025394439697265625">
        <ele>443.399993896484375</ele>
        <time>2025-05-19T16:42:33.000Z</time>
        <extensions>
          <ns3:TrackPointExtension>
            <ns3:hr>88</ns3:hr>
          </ns3:TrackPointExtension>
        </extensions>
      </trkpt>
      <trkpt lat="44.08250925131142139434814453125" lon="-80.1112014614045619964599609375">
        <ele>443.399993896484375</ele>
        <time>2025-05-19T16:42:34.000Z</time>
        <extensions>
          <ns3:TrackPointExtension>
            <ns3:hr>91</ns3:hr>
          </ns3:TrackPointExtension>
        </extensions>
      </trkpt>
      <trkpt lat="44.08252400346100330352783203125" lon="-80.11116097681224346160888671875">
        <ele>443</ele>
        <time>2025-05-19T16:42:36.000Z</time>
        <extensions>
          <ns3:TrackPointExtension>
            <ns3:hr>90</ns3:hr>
          </ns3:TrackPointExtension>
        </extensions>
      </trkpt>
      <trkpt lat="44.08256876282393932342529296875" lon="-80.11104932986199855804443359375">
        <ele>442.399993896484375</ele>
        <time>2025-05-19T16:42:43.000Z</time>
        <extensions>
          <ns3:TrackPointExtension>
            <ns3:hr>94</ns3:hr>
          </ns3:TrackPointExtension>
        </extensions>
      </trkpt>
      <trkpt lat="44.08257965929806232452392578125" lon="-80.11102770455181598663330078125">
        <ele>442.20001220703125</ele>
        <time>2025-05-19T16:42:45.000Z</time>
        <extensions>
          <ns3:TrackPointExtension>
            <ns3:hr>91</ns3:hr>
          </ns3:TrackPointExtension>
        </extensions>
      </trkpt>
      <trkpt lat="44.08258452080190181732177734375" lon="-80.1110157184302806854248046875">
        <ele>442</ele>
        <time>2025-05-19T16:42:46.000Z</time>
        <extensions>
          <ns3:TrackPointExtension>
            <ns3:hr>92</ns3:hr>
          </ns3:TrackPointExtension>
        </extensions>
      </trkpt>
      <trkpt lat="44.082627184689044952392578125" lon="-80.110904239118099212646484375">
        <ele>440.79998779296875</ele>
        <time>2025-05-19T16:42:53.000Z</time>
        <extensions>
          <ns3:TrackPointExtension>
            <ns3:hr>94</ns3:hr>
          </ns3:TrackPointExtension>
        </extensions>
      </trkpt>
      <trkpt lat="44.0826535038650035858154296875" lon="-80.1108415424823760986328125">
        <ele>440</ele>
        <time>2025-05-19T16:42:57.000Z</time>
        <extensions>
          <ns3:TrackPointExtension>
            <ns3:hr>97</ns3:hr>
          </ns3:TrackPointExtension>
        </extensions>
      </trkpt>
      <trkpt lat="44.08266515471041202545166015625" lon="-80.11081136763095855712890625">
        <ele>439.79998779296875</ele>
        <time>2025-05-19T16:42:59.000Z</time>
        <extensions>
          <ns3:TrackPointExtension>
            <ns3:hr>95</ns3:hr>
          </ns3:TrackPointExtension>
        </extensions>
      </trkpt>
      <trkpt lat="44.0827099978923797607421875" lon="-80.1106734015047550201416015625">
        <ele>439</ele>
        <time>2025-05-19T16:43:07.000Z</time>
        <extensions>
          <ns3:TrackPointExtension>
            <ns3:hr>92</ns3:hr>
          </ns3:TrackPointExtension>
        </extensions>
      </trkpt>
      <trkpt lat="44.08271309919655323028564453125" lon="-80.11065755970776081085205078125">
        <ele>438.600006103515625</ele>
        <time>2025-05-19T16:43:08.000Z</time>
        <extensions>
          <ns3:TrackPointExtension>
            <ns3:hr>91</ns3:hr>
          </ns3:TrackPointExtension>
        </extensions>
      </trkpt>
      <trkpt lat="44.0827416814863681793212890625" lon="-80.11055848561227321624755859375">
        <ele>438.20001220703125</ele>
        <time>2025-05-19T16:43:14.000Z</time>
        <extensions>
          <ns3:TrackPointExtension>
            <ns3:hr>88</ns3:hr>
          </ns3:TrackPointExtension>
        </extensions>
      </trkpt>
      <trkpt lat="44.08275584690272808074951171875" lon="-80.1105138100683689117431640625">
        <ele>437.79998779296875</ele>
        <time>2025-05-19T16:43:17.000Z</time>
        <extensions>
          <ns3:TrackPointExtension>
            <ns3:hr>92</ns3:hr>
          </ns3:TrackPointExtension>
        </extensions>
      </trkpt>
      <trkpt lat="44.08276875503361225128173828125" lon="-80.11044650338590145111083984375">
        <ele>437.600006103515625</ele>
        <time>2025-05-19T16:43:21.000Z</time>
        <extensions>
          <ns3:TrackPointExtension>
            <ns3:hr>93</ns3:hr>
          </ns3:TrackPointExtension>
        </extensions>
      </trkpt>
      <trkpt lat="44.08280965872108936309814453125" lon="-80.1104092039167881011962890625">
        <ele>437</ele>
        <time>2025-05-19T16:43:27.000Z</time>
        <extensions>
          <ns3:TrackPointExtension>
            <ns3:hr>95</ns3:hr>
          </ns3:TrackPointExtension>
        </extensions>
      </trkpt>
      <trkpt lat="44.0828412584960460662841796875" lon="-80.11040844954550266265869140625">
        <ele>436.79998779296875</ele>
        <time>2025-05-19T16:43:34.000Z</time>
        <extensions>
          <ns3:TrackPointExtension>
            <ns3:hr>92</ns3:hr>
          </ns3:TrackPointExtension>
        </extensions>
      </trkpt>
      <trkpt lat="44.08288660459220409393310546875" lon="-80.11042471043765544891357421875">
        <ele>436.79998779296875</ele>
        <time>2025-05-19T16:43:41.000Z</time>
        <extensions>
          <ns3:TrackPointExtension>
            <ns3:hr>94</ns3:hr>
          </ns3:TrackPointExtension>
        </extensions>
      </trkpt>
      <trkpt lat="44.0829555876553058624267578125" lon="-80.110440216958522796630859375">
        <ele>436.79998779296875</ele>
        <time>2025-05-19T16:43:54.000Z</time>
        <extensions>
          <ns3:TrackPointExtension>
            <ns3:hr>94</ns3:hr>
          </ns3:TrackPointExtension>
        </extensions>
      </trkpt>
      <trkpt lat="44.08296824432909488677978515625" lon="-80.11042554862797260284423828125">
        <ele>437</ele>
        <time>2025-05-19T16:44:01.000Z</time>
        <extensions>
          <ns3:TrackPointExtension>
            <ns3:hr>99</ns3:hr>
          </ns3:TrackPointExtension>
        </extensions>
      </trkpt>
      <trkpt lat="44.08296790905296802520751953125" lon="-80.11042873375117778778076171875">
        <ele>437</ele>
        <time>2025-05-19T16:44:03.000Z</time>
        <extensions>
          <ns3:TrackPointExtension>
            <ns3:hr>102</ns3:hr>
          </ns3:TrackPointExtension>
        </extensions>
      </trkpt>
      <trkpt lat="44.082973189651966094970703125" lon="-80.11043795384466648101806640625">
        <ele>437</ele>
        <time>2025-05-19T16:44:10.000Z</time>
        <extensions>
          <ns3:TrackPointExtension>
            <ns3:hr>100</ns3:hr>
          </ns3:TrackPointExtension>
        </extensions>
      </trkpt>
      <trkpt lat="44.0829741954803466796875" lon="-80.1104343496263027191162109375">
        <ele>437</ele>
        <time>2025-05-19T16:44:16.000Z</time>
        <extensions>
          <ns3:TrackPointExtension>
            <ns3:hr>95</ns3:hr>
          </ns3:TrackPointExtension>
        </extensions>
      </trkpt>
      <trkpt lat="44.082971513271331787109375" lon="-80.1104309968650341033935546875">
        <ele>437</ele>
        <time>2025-05-19T16:44:17.000Z</time>
        <extensions>
          <ns3:TrackPointExtension>
            <ns3:hr>95</ns3:hr>
          </ns3:TrackPointExtension>
        </extensions>
      </trkpt>
      <trkpt lat="44.082966148853302001953125" lon="-80.11043183505535125732421875">
        <ele>437</ele>
        <time>2025-05-19T16:44:19.000Z</time>
        <extensions>
          <ns3:TrackPointExtension>
            <ns3:hr>91</ns3:hr>
          </ns3:TrackPointExtension>
        </extensions>
      </trkpt>
      <trkpt lat="44.0829713456332683563232421875" lon="-80.11043409816920757293701171875">
        <ele>437</ele>
        <time>2025-05-19T16:44:23.000Z</time>
        <extensions>
          <ns3:TrackPointExtension>
            <ns3:hr>89</ns3:hr>
          </ns3:TrackPointExtension>
        </extensions>
      </trkpt>
      <trkpt lat="44.0829683281481266021728515625" lon="-80.1104162447154521942138671875">
        <ele>437.399993896484375</ele>
        <time>2025-05-19T16:44:39.000Z</time>
        <extensions>
          <ns3:TrackPointExtension>
            <ns3:hr>85</ns3:hr>
          </ns3:TrackPointExtension>
        </extensions>
      </trkpt>
      <trkpt lat="44.08297025598585605621337890625" lon="-80.11041498742997646331787109375">
        <ele>437.399993896484375</ele>
        <time>2025-05-19T16:44:42.000Z</time>
        <extensions>
          <ns3:TrackPointExtension>
            <ns3:hr>86</ns3:hr>
          </ns3:TrackPointExtension>
        </extensions>
      </trkpt>
      <trkpt lat="44.0829700045287609100341796875" lon="-80.11041331104934215545654296875">
        <ele>437.399993896484375</ele>
        <time>2025-05-19T16:44:44.000Z</time>
        <extensions>
          <ns3:TrackPointExtension>
            <ns3:hr>83</ns3:hr>
          </ns3:TrackPointExtension>
        </extensions>
      </trkpt>
      <trkpt lat="44.08297008834779262542724609375" lon="-80.1104138977825641632080078125">
        <ele>437.20001220703125</ele>
        <time>2025-05-19T16:44:51.000Z</time>
        <extensions>
          <ns3:TrackPointExtension>
            <ns3:hr>86</ns3:hr>
          </ns3:TrackPointExtension>
        </extensions>
      </trkpt>
      <trkpt lat="44.0829686634242534637451171875" lon="-80.1104108802974224090576171875">
        <ele>437.20001220703125</ele>
        <time>2025-05-19T16:44:55.000Z</time>
        <extensions>
          <ns3:TrackPointExtension>
            <ns3:hr>89</ns3:hr>
          </ns3:TrackPointExtension>
        </extensions>
      </trkpt>
      <trkpt lat="44.0829683281481266021728515625" lon="-80.1104112155735492706298828125">
        <ele>437.20001220703125</ele>
        <time>2025-05-19T16:45:00.000Z</time>
        <extensions>
          <ns3:TrackPointExtension>
            <ns3:hr>91</ns3:hr>
          </ns3:TrackPointExtension>
        </extensions>
      </trkpt>
      <trkpt lat="44.082977212965488433837890625" lon="-80.11041314341127872467041015625">
        <ele>437.20001220703125</ele>
        <time>2025-05-19T16:45:14.000Z</time>
        <extensions>
          <ns3:TrackPointExtension>
            <ns3:hr>89</ns3:hr>
          </ns3:TrackPointExtension>
        </extensions>
      </trkpt>
      <trkpt lat="44.08299473114311695098876953125" lon="-80.1104231178760528564453125">
        <ele>437.20001220703125</ele>
        <time>2025-05-19T16:45:18.000Z</time>
        <extensions>
          <ns3:TrackPointExtension>
            <ns3:hr>92</ns3:hr>
          </ns3:TrackPointExtension>
        </extensions>
      </trkpt>
      <trkpt lat="44.08302524127066135406494140625" lon="-80.1104467548429965972900390625">
        <ele>437.399993896484375</ele>
        <time>2025-05-19T16:45:23.000Z</time>
        <extensions>
          <ns3:TrackPointExtension>
            <ns3:hr>95</ns3:hr>
          </ns3:TrackPointExtension>
        </extensions>
      </trkpt>
      <trkpt lat="44.0830353833734989166259765625" lon="-80.11045396327972412109375">
        <ele>437.399993896484375</ele>
        <time>2025-05-19T16:45:25.000Z</time>
        <extensions>
          <ns3:TrackPointExtension>
            <ns3:hr>98</ns3:hr>
          </ns3:TrackPointExtension>
        </extensions>
      </trkpt>
      <trkpt lat="44.0830558352172374725341796875" lon="-80.110459662973880767822265625">
        <ele>437.399993896484375</ele>
        <time>2025-05-19T16:45:27.000Z</time>
        <extensions>
          <ns3:TrackPointExtension>
            <ns3:hr>101</ns3:hr>
          </ns3:TrackPointExtension>
        </extensions>
      </trkpt>
      <trkpt lat="44.0831225551664829254150390625" lon="-80.1105201803147792816162109375">
        <ele>438.79998779296875</ele>
        <time>2025-05-19T16:45:37.000Z</time>
        <extensions>
          <ns3:TrackPointExtension>
            <ns3:hr>102</ns3:hr>
          </ns3:TrackPointExtension>
        </extensions>
      </trkpt>
      <trkpt lat="44.083173014223575592041015625" lon="-80.11053979396820068359375">
        <ele>439.79998779296875</ele>
        <time>2025-05-19T16:45:42.000Z</time>
        <extensions>
          <ns3:TrackPointExtension>
            <ns3:hr>105</ns3:hr>
          </ns3:TrackPointExtension>
        </extensions>
      </trkpt>
      <trkpt lat="44.083198495209217071533203125" lon="-80.11054255999624729156494140625">
        <ele>440</ele>
        <time>2025-05-19T16:45:44.000Z</time>
        <extensions>
          <ns3:TrackPointExtension>
            <ns3:hr>104</ns3:hr>
          </ns3:TrackPointExtension>
        </extensions>
      </trkpt>
      <trkpt lat="44.083227328956127166748046875" lon="-80.1105402968823909759521484375">
        <ele>440.600006103515625</ele>
        <time>2025-05-19T16:45:46.000Z</time>
        <extensions>
          <ns3:TrackPointExtension>
            <ns3:hr>101</ns3:hr>
          </ns3:TrackPointExtension>
        </extensions>
      </trkpt>
      <trkpt lat="44.083255492150783538818359375" lon="-80.1105446554720401763916015625">
        <ele>441.20001220703125</ele>
        <time>2025-05-19T16:45:48.000Z</time>
        <extensions>
          <ns3:TrackPointExtension>
            <ns3:hr>100</ns3:hr>
          </ns3:TrackPointExtension>
        </extensions>
      </trkpt>
      <trkpt lat="44.08326747827231884002685546875" lon="-80.1105459965765476226806640625">
        <ele>441.399993896484375</ele>
        <time>2025-05-19T16:45:49.000Z</time>
        <extensions>
          <ns3:TrackPointExtension>
            <ns3:hr>104</ns3:hr>
          </ns3:TrackPointExtension>
        </extensions>
      </trkpt>
      <trkpt lat="44.0832844935357570648193359375" lon="-80.11054540984332561492919921875">
        <ele>441.79998779296875</ele>
        <time>2025-05-19T16:45:51.000Z</time>
        <extensions>
          <ns3:TrackPointExtension>
            <ns3:hr>107</ns3:hr>
          </ns3:TrackPointExtension>
        </extensions>
      </trkpt>
      <trkpt lat="44.08330083824694156646728515625" lon="-80.11054180562496185302734375">
        <ele>442.20001220703125</ele>
        <time>2025-05-19T16:45:53.000Z</time>
        <extensions>
          <ns3:TrackPointExtension>
            <ns3:hr>108</ns3:hr>
          </ns3:TrackPointExtension>
        </extensions>
      </trkpt>
      <trkpt lat="44.0833257324993610382080078125" lon="-80.1105352677404880523681640625">
        <ele>443</ele>
        <time>2025-05-19T16:45:57.000Z</time>
        <extensions>
          <ns3:TrackPointExtension>
            <ns3:hr>112</ns3:hr>
          </ns3:TrackPointExtension>
        </extensions>
      </trkpt>
      <trkpt lat="44.08333084546029567718505859375" lon="-80.1105359382927417755126953125">
        <ele>443.399993896484375</ele>
        <time>2025-05-19T16:45:58.000Z</time>
        <extensions>
          <ns3:TrackPointExtension>
            <ns3:hr>119</ns3:hr>
          </ns3:TrackPointExtension>
        </extensions>
      </trkpt>
      <trkpt lat="44.0833351202309131622314453125" lon="-80.11053702794015407562255859375">
        <ele>443.79998779296875</ele>
        <time>2025-05-19T16:45:59.000Z</time>
        <extensions>
          <ns3:TrackPointExtension>
            <ns3:hr>124</ns3:hr>
          </ns3:TrackPointExtension>
        </extensions>
      </trkpt>
      <trkpt lat="44.0833495371043682098388671875" lon="-80.110537111759185791015625">
        <ele>444</ele>
        <time>2025-05-19T16:46:00.000Z</time>
        <extensions>
          <ns3:TrackPointExtension>
            <ns3:hr>127</ns3:hr>
          </ns3:TrackPointExtension>
        </extensions>
      </trkpt>
      <trkpt lat="44.08337317407131195068359375" lon="-80.11053870432078838348388671875">
        <ele>444.399993896484375</ele>
        <time>2025-05-19T16:46:02.000Z</time>
        <extensions>
          <ns3:TrackPointExtension>
            <ns3:hr>130</ns3:hr>
          </ns3:TrackPointExtension>
        </extensions>
      </trkpt>
      <trkpt lat="44.083380214869976043701171875" lon="-80.110544823110103607177734375">
        <ele>444.600006103515625</ele>
        <time>2025-05-19T16:46:03.000Z</time>
        <extensions>
          <ns3:TrackPointExtension>
            <ns3:hr>129</ns3:hr>
          </ns3:TrackPointExtension>
        </extensions>
      </trkpt>
      <trkpt lat="44.0834296680986881256103515625" lon="-80.1105563901364803314208984375">
        <ele>445.600006103515625</ele>
        <time>2025-05-19T16:46:08.000Z</time>
        <extensions>
          <ns3:TrackPointExtension>
            <ns3:hr>130</ns3:hr>
          </ns3:TrackPointExtension>
        </extensions>
      </trkpt>
      <trkpt lat="44.08345841802656650543212890625" lon="-80.11055915616452693939208984375">
        <ele>446.79998779296875</ele>
        <time>2025-05-19T16:46:12.000Z</time>
        <extensions>
          <ns3:TrackPointExtension>
            <ns3:hr>130</ns3:hr>
          </ns3:TrackPointExtension>
        </extensions>
      </trkpt>
      <trkpt lat="44.08348490484058856964111328125" lon="-80.11055513285100460052490234375">
        <ele>447.600006103515625</ele>
        <time>2025-05-19T16:46:17.000Z</time>
        <extensions>
          <ns3:TrackPointExtension>
            <ns3:hr>129</ns3:hr>
          </ns3:TrackPointExtension>
        </extensions>
      </trkpt>
      <trkpt lat="44.08349010162055492401123046875" lon="-80.1105563901364803314208984375">
        <ele>447.79998779296875</ele>
        <time>2025-05-19T16:46:18.000Z</time>
        <extensions>
          <ns3:TrackPointExtension>
            <ns3:hr>129</ns3:hr>
          </ns3:TrackPointExtension>
        </extensions>
      </trkpt>
      <trkpt lat="44.0835540555417537689208984375" lon="-80.11056334711611270904541015625">
        <ele>448.79998779296875</ele>
        <time>2025-05-19T16:46:24.000Z</time>
        <extensions>
          <ns3:TrackPointExtension>
            <ns3:hr>128</ns3:hr>
          </ns3:TrackPointExtension>
        </extensions>
      </trkpt>
      <trkpt lat="44.0835704840719699859619140625" lon="-80.110566951334476470947265625">
        <ele>449.20001220703125</ele>
        <time>2025-05-19T16:46:26.000Z</time>
        <extensions>
          <ns3:TrackPointExtension>
            <ns3:hr>124</ns3:hr>
          </ns3:TrackPointExtension>
        </extensions>
      </trkpt>
      <trkpt lat="44.08360811881721019744873046875" lon="-80.11056804098188877105712890625">
        <ele>449.600006103515625</ele>
        <time>2025-05-19T16:46:30.000Z</time>
        <extensions>
          <ns3:TrackPointExtension>
            <ns3:hr>127</ns3:hr>
          </ns3:TrackPointExtension>
        </extensions>
      </trkpt>
      <trkpt lat="44.08363007940351963043212890625" lon="-80.11057239957153797149658203125">
        <ele>449.79998779296875</ele>
        <time>2025-05-19T16:46:32.000Z</time>
        <extensions>
          <ns3:TrackPointExtension>
            <ns3:hr>125</ns3:hr>
          </ns3:TrackPointExtension>
        </extensions>
      </trkpt>
      <trkpt lat="44.0836405567824840545654296875" lon="-80.110575668513774871826171875">
        <ele>450</ele>
        <time>2025-05-19T16:46:33.000Z</time>
        <extensions>
          <ns3:TrackPointExtension>
            <ns3:hr>127</ns3:hr>
          </ns3:TrackPointExtension>
        </extensions>
      </trkpt>
      <trkpt lat="44.0836626850068569183349609375" lon="-80.11057642288506031036376953125">
        <ele>450.20001220703125</ele>
        <time>2025-05-19T16:46:35.000Z</time>
        <extensions>
          <ns3:TrackPointExtension>
            <ns3:hr>124</ns3:hr>
          </ns3:TrackPointExtension>
        </extensions>
      </trkpt>
      <trkpt lat="44.08370685763657093048095703125" lon="-80.1105852238833904266357421875">
        <ele>450.399993896484375</ele>
        <time>2025-05-19T16:46:39.000Z</time>
        <extensions>
          <ns3:TrackPointExtension>
            <ns3:hr>124</ns3:hr>
          </ns3:TrackPointExtension>
        </extensions>
      </trkpt>
      <trkpt lat="44.0837357752025127410888671875" lon="-80.11059452779591083526611328125">
        <ele>451</ele>
        <time>2025-05-19T16:46:42.000Z</time>
        <extensions>
          <ns3:TrackPointExtension>
            <ns3:hr>124</ns3:hr>
          </ns3:TrackPointExtension>
        </extensions>
      </trkpt>
      <trkpt lat="44.0837729908525943756103515625" lon="-80.1106086932122707366943359375">
        <ele>451.79998779296875</ele>
        <time>2025-05-19T16:46:47.000Z</time>
        <extensions>
          <ns3:TrackPointExtension>
            <ns3:hr>122</ns3:hr>
          </ns3:TrackPointExtension>
        </extensions>
      </trkpt>
      <trkpt lat="44.08378045074641704559326171875" lon="-80.11061062105000019073486328125">
        <ele>452</ele>
        <time>2025-05-19T16:46:48.000Z</time>
        <extensions>
          <ns3:TrackPointExtension>
            <ns3:hr>121</ns3:hr>
          </ns3:TrackPointExtension>
        </extensions>
      </trkpt>
      <trkpt lat="44.08388706855475902557373046875" lon="-80.11063040234148502349853515625">
        <ele>452.20001220703125</ele>
        <time>2025-05-19T16:46:59.000Z</time>
        <extensions>
          <ns3:TrackPointExtension>
            <ns3:hr>118</ns3:hr>
          </ns3:TrackPointExtension>
        </extensions>
      </trkpt>
      <trkpt lat="44.083937108516693115234375" lon="-80.110655464231967926025390625">
        <ele>452</ele>
        <time>2025-05-19T16:47:04.000Z</time>
        <extensions>
          <ns3:TrackPointExtension>
            <ns3:hr>118</ns3:hr>
          </ns3:TrackPointExtension>
        </extensions>
      </trkpt>
      <trkpt lat="44.08407180570065975189208984375" lon="-80.11064213700592517852783203125">
        <ele>451</ele>
        <time>2025-05-19T16:47:15.000Z</time>
        <extensions>
          <ns3:TrackPointExtension>
            <ns3:hr>118</ns3:hr>
          </ns3:TrackPointExtension>
        </extensions>
      </trkpt>
      <trkpt lat="44.08408471383154392242431640625" lon="-80.11063727550208568572998046875">
        <ele>451</ele>
        <time>2025-05-19T16:47:16.000Z</time>
        <extensions>
          <ns3:TrackPointExtension>
            <ns3:hr>120</ns3:hr>
          </ns3:TrackPointExtension>
        </extensions>
      </trkpt>
      <trkpt lat="44.0841414593160152435302734375" lon="-80.11065437458455562591552734375">
        <ele>450.399993896484375</ele>
        <time>2025-05-19T16:47:20.000Z</time>
        <extensions>
          <ns3:TrackPointExtension>
            <ns3:hr>123</ns3:hr>
          </ns3:TrackPointExtension>
        </extensions>
      </trkpt>
      <trkpt lat="44.084152020514011383056640625" lon="-80.11066040955483913421630859375">
        <ele>450.399993896484375</ele>
        <time>2025-05-19T16:47:21.000Z</time>
        <extensions>
          <ns3:TrackPointExtension>
            <ns3:hr>120</ns3:hr>
          </ns3:TrackPointExtension>
        </extensions>
      </trkpt>
      <trkpt lat="44.08418110571801662445068359375" lon="-80.11066527105867862701416015625">
        <ele>449.79998779296875</ele>
        <time>2025-05-19T16:47:24.000Z</time>
        <extensions>
          <ns3:TrackPointExtension>
            <ns3:hr>118</ns3:hr>
          </ns3:TrackPointExtension>
        </extensions>
      </trkpt>
      <trkpt lat="44.08420021645724773406982421875" lon="-80.110670886933803558349609375">
        <ele>449.600006103515625</ele>
        <time>2025-05-19T16:47:26.000Z</time>
        <extensions>
          <ns3:TrackPointExtension>
            <ns3:hr>120</ns3:hr>
          </ns3:TrackPointExtension>
        </extensions>
      </trkpt>
      <trkpt lat="44.08429878763854503631591796875" lon="-80.1107096113264560699462890625">
        <ele>449.600006103515625</ele>
        <time>2025-05-19T16:47:34.000Z</time>
        <extensions>
          <ns3:TrackPointExtension>
            <ns3:hr>117</ns3:hr>
          </ns3:TrackPointExtension>
        </extensions>
      </trkpt>
      <trkpt lat="44.0843463130295276641845703125" lon="-80.11072151362895965576171875">
        <ele>449.20001220703125</ele>
        <time>2025-05-19T16:47:38.000Z</time>
        <extensions>
          <ns3:TrackPointExtension>
            <ns3:hr>120</ns3:hr>
          </ns3:TrackPointExtension>
        </extensions>
      </trkpt>
      <trkpt lat="44.084367938339710235595703125" lon="-80.1107263751327991485595703125">
        <ele>449.20001220703125</ele>
        <time>2025-05-19T16:47:40.000Z</time>
        <extensions>
          <ns3:TrackPointExtension>
            <ns3:hr>122</ns3:hr>
          </ns3:TrackPointExtension>
        </extensions>
      </trkpt>
      <trkpt lat="44.08441043458878993988037109375" lon="-80.1107505150139331817626953125">
        <ele>448.79998779296875</ele>
        <time>2025-05-19T16:47:45.000Z</time>
        <extensions>
          <ns3:TrackPointExtension>
            <ns3:hr>115</ns3:hr>
          </ns3:TrackPointExtension>
        </extensions>
      </trkpt>
      <trkpt lat="44.08441613428294658660888671875" lon="-80.11075478978455066680908203125">
        <ele>448.79998779296875</ele>
        <time>2025-05-19T16:47:46.000Z</time>
        <extensions>
          <ns3:TrackPointExtension>
            <ns3:hr>115</ns3:hr>
          </ns3:TrackPointExtension>
        </extensions>
      </trkpt>
      <trkpt lat="44.0844240970909595489501953125" lon="-80.110757388174533843994140625">
        <ele>448.600006103515625</ele>
        <time>2025-05-19T16:47:47.000Z</time>
        <extensions>
          <ns3:TrackPointExtension>
            <ns3:hr>115</ns3:hr>
          </ns3:TrackPointExtension>
        </extensions>
      </trkpt>
      <trkpt lat="44.084481932222843170166015625" lon="-80.1107813604176044464111328125">
        <ele>448</ele>
        <time>2025-05-19T16:47:54.000Z</time>
        <extensions>
          <ns3:TrackPointExtension>
            <ns3:hr>112</ns3:hr>
          </ns3:TrackPointExtension>
        </extensions>
      </trkpt>
      <trkpt lat="44.08450506627559661865234375" lon="-80.11078999377787113189697265625">
        <ele>447.79998779296875</ele>
        <time>2025-05-19T16:47:56.000Z</time>
        <extensions>
          <ns3:TrackPointExtension>
            <ns3:hr>109</ns3:hr>
          </ns3:TrackPointExtension>
        </extensions>
      </trkpt>
      <trkpt lat="44.0845156274735927581787109375" lon="-80.11079125106334686279296875">
        <ele>447.600006103515625</ele>
        <time>2025-05-19T16:47:57.000Z</time>
        <extensions>
          <ns3:TrackPointExtension>
            <ns3:hr>110</ns3:hr>
          </ns3:TrackPointExtension>
        </extensions>
      </trkpt>
      <trkpt lat="44.084550328552722930908203125" lon="-80.11080273427069187164306640625">
        <ele>447</ele>
        <time>2025-05-19T16:48:00.000Z</time>
        <extensions>
          <ns3:TrackPointExtension>
            <ns3:hr>113</ns3:hr>
          </ns3:TrackPointExtension>
        </extensions>
      </trkpt>
      <trkpt lat="44.08456130884587764739990234375" lon="-80.110804326832294464111328125">
        <ele>446.600006103515625</ele>
        <time>2025-05-19T16:48:01.000Z</time>
        <extensions>
          <ns3:TrackPointExtension>
            <ns3:hr>113</ns3:hr>
          </ns3:TrackPointExtension>
        </extensions>
      </trkpt>
      <trkpt lat="44.0845722891390323638916015625" lon="-80.11080642230808734893798828125">
        <ele>446.399993896484375</ele>
        <time>2025-05-19T16:48:02.000Z</time>
        <extensions>
          <ns3:TrackPointExtension>
            <ns3:hr>112</ns3:hr>
          </ns3:TrackPointExtension>
        </extensions>
      </trkpt>
      <trkpt lat="44.084616042673587799072265625" lon="-80.1108135469257831573486328125">
        <ele>445.600006103515625</ele>
        <time>2025-05-19T16:48:08.000Z</time>
        <extensions>
          <ns3:TrackPointExtension>
            <ns3:hr>109</ns3:hr>
          </ns3:TrackPointExtension>
        </extensions>
      </trkpt>
      <trkpt lat="44.08462098799645900726318359375" lon="-80.11081145144999027252197265625">
        <ele>445.20001220703125</ele>
        <time>2025-05-19T16:48:10.000Z</time>
        <extensions>
          <ns3:TrackPointExtension>
            <ns3:hr>106</ns3:hr>
          </ns3:TrackPointExtension>
        </extensions>
      </trkpt>
      <trkpt lat="44.0846390090882778167724609375" lon="-80.1108225993812084197998046875">
        <ele>444.20001220703125</ele>
        <time>2025-05-19T16:48:14.000Z</time>
        <extensions>
          <ns3:TrackPointExtension>
            <ns3:hr>105</ns3:hr>
          </ns3:TrackPointExtension>
        </extensions>
      </trkpt>
      <trkpt lat="44.08467044122517108917236328125" lon="-80.11083818972110748291015625">
        <ele>443</ele>
        <time>2025-05-19T16:48:19.000Z</time>
        <extensions>
          <ns3:TrackPointExtension>
            <ns3:hr>104</ns3:hr>
          </ns3:TrackPointExtension>
        </extensions>
      </trkpt>
      <trkpt lat="44.0846815891563892364501953125" lon="-80.110836513340473175048828125">
        <ele>442.79998779296875</ele>
        <time>2025-05-19T16:48:20.000Z</time>
        <extensions>
          <ns3:TrackPointExtension>
            <ns3:hr>110</ns3:hr>
          </ns3:TrackPointExtension>
        </extensions>
      </trkpt>
      <trkpt lat="44.0846933238208293914794921875" lon="-80.11083575896918773651123046875">
        <ele>442.79998779296875</ele>
        <time>2025-05-19T16:48:21.000Z</time>
        <extensions>
          <ns3:TrackPointExtension>
            <ns3:hr>115</ns3:hr>
          </ns3:TrackPointExtension>
        </extensions>
      </trkpt>
      <trkpt lat="44.08470229245722293853759765625" lon="-80.11083693243563175201416015625">
        <ele>442.600006103515625</ele>
        <time>2025-05-19T16:48:22.000Z</time>
        <extensions>
          <ns3:TrackPointExtension>
            <ns3:hr>118</ns3:hr>
          </ns3:TrackPointExtension>
        </extensions>
      </trkpt>
      <trkpt lat="44.08470849506556987762451171875" lon="-80.11084011755883693695068359375">
        <ele>442.399993896484375</ele>
        <time>2025-05-19T16:48:23.000Z</time>
        <extensions>
          <ns3:TrackPointExtension>
            <ns3:hr>123</ns3:hr>
          </ns3:TrackPointExtension>
        </extensions>
      </trkpt>
      <trkpt lat="44.08471838571131229400634765625" lon="-80.1108380220830440521240234375">
        <ele>442.20001220703125</ele>
        <time>2025-05-19T16:48:24.000Z</time>
        <extensions>
          <ns3:TrackPointExtension>
            <ns3:hr>123</ns3:hr>
          </ns3:TrackPointExtension>
        </extensions>
      </trkpt>
      <trkpt lat="44.0847271867096424102783203125" lon="-80.11083978228271007537841796875">
        <ele>442</ele>
        <time>2025-05-19T16:48:25.000Z</time>
        <extensions>
          <ns3:TrackPointExtension>
            <ns3:hr>124</ns3:hr>
          </ns3:TrackPointExtension>
        </extensions>
      </trkpt>
      <trkpt lat="44.084747135639190673828125" lon="-80.1108467392623424530029296875">
        <ele>441.600006103515625</ele>
        <time>2025-05-19T16:48:28.000Z</time>
        <extensions>
          <ns3:TrackPointExtension>
            <ns3:hr>131</ns3:hr>
          </ns3:TrackPointExtension>
        </extensions>
      </trkpt>
      <trkpt lat="44.0848006121814250946044921875" lon="-80.11086232960224151611328125">
        <ele>441.600006103515625</ele>
        <time>2025-05-19T16:48:34.000Z</time>
        <extensions>
          <ns3:TrackPointExtension>
            <ns3:hr>128</ns3:hr>
          </ns3:TrackPointExtension>
        </extensions>
      </trkpt>
      <trkpt lat="44.08481888473033905029296875" lon="-80.1108656823635101318359375">
        <ele>441.600006103515625</ele>
        <time>2025-05-19T16:48:36.000Z</time>
        <extensions>
          <ns3:TrackPointExtension>
            <ns3:hr>130</ns3:hr>
          </ns3:TrackPointExtension>
        </extensions>
      </trkpt>
      <trkpt lat="44.084894992411136627197265625" lon="-80.110866017639636993408203125">
        <ele>441.79998779296875</ele>
        <time>2025-05-19T16:48:42.000Z</time>
        <extensions>
          <ns3:TrackPointExtension>
            <ns3:hr>126</ns3:hr>
          </ns3:TrackPointExtension>
        </extensions>
      </trkpt>
      <trkpt lat="44.08497168682515621185302734375" lon="-80.110919661819934844970703125">
        <ele>442</ele>
        <time>2025-05-19T16:48:50.000Z</time>
        <extensions>
          <ns3:TrackPointExtension>
            <ns3:hr>126</ns3:hr>
          </ns3:TrackPointExtension>
        </extensions>
      </trkpt>
      <trkpt lat="44.0850051306188106536865234375" lon="-80.1109382696449756622314453125">
        <ele>442.20001220703125</ele>
        <time>2025-05-19T16:48:54.000Z</time>
        <extensions>
          <ns3:TrackPointExtension>
            <ns3:hr>125</ns3:hr>
          </ns3:TrackPointExtension>
        </extensions>
      </trkpt>
      <trkpt lat="44.08502139151096343994140625" lon="-80.1109449751675128936767578125">
        <ele>442.399993896484375</ele>
        <time>2025-05-19T16:48:57.000Z</time>
        <extensions>
          <ns3:TrackPointExtension>
            <ns3:hr>122</ns3:hr>
          </ns3:TrackPointExtension>
        </extensions>
      </trkpt>
      <trkpt lat="44.0850513987243175506591796875" lon="-80.11094748973846435546875">
        <ele>443.399993896484375</ele>
        <time>2025-05-19T16:49:00.000Z</time>
        <extensions>
          <ns3:TrackPointExtension>
            <ns3:hr>120</ns3:hr>
          </ns3:TrackPointExtension>
        </extensions>
      </trkpt>
      <trkpt lat="44.085072018206119537353515625" lon="-80.1109489984810352325439453125">
        <ele>444.399993896484375</ele>
        <time>2025-05-19T16:49:04.000Z</time>
        <extensions>
          <ns3:TrackPointExtension>
            <ns3:hr>121</ns3:hr>
          </ns3:TrackPointExtension>
        </extensions>
      </trkpt>
      <trkpt lat="44.08508148975670337677001953125" lon="-80.110950171947479248046875">
        <ele>444.79998779296875</ele>
        <time>2025-05-19T16:49:05.000Z</time>
        <extensions>
          <ns3:TrackPointExtension>
            <ns3:hr>118</ns3:hr>
          </ns3:TrackPointExtension>
        </extensions>
      </trkpt>
      <trkpt lat="44.0851013548672199249267578125" lon="-80.11095645837485790252685546875">
        <ele>445.399993896484375</ele>
        <time>2025-05-19T16:49:08.000Z</time>
        <extensions>
          <ns3:TrackPointExtension>
            <ns3:hr>119</ns3:hr>
          </ns3:TrackPointExtension>
        </extensions>
      </trkpt>
      <trkpt lat="44.0851392410695552825927734375" lon="-80.11098210699856281280517578125">
        <ele>446.399993896484375</ele>
        <time>2025-05-19T16:49:14.000Z</time>
        <extensions>
          <ns3:TrackPointExtension>
            <ns3:hr>116</ns3:hr>
          </ns3:TrackPointExtension>
        </extensions>
      </trkpt>
      <trkpt lat="44.08515072427690029144287109375" lon="-80.110980682075023651123046875">
        <ele>446.79998779296875</ele>
        <time>2025-05-19T16:49:15.000Z</time>
        <extensions>
          <ns3:TrackPointExtension>
            <ns3:hr>116</ns3:hr>
          </ns3:TrackPointExtension>
        </extensions>
      </trkpt>
      <trkpt lat="44.08518911339342594146728515625" lon="-80.1109697856009006500244140625">
        <ele>447.20001220703125</ele>
        <time>2025-05-19T16:49:18.000Z</time>
        <extensions>
          <ns3:TrackPointExtension>
            <ns3:hr>115</ns3:hr>
          </ns3:TrackPointExtension>
        </extensions>
      </trkpt>
      <trkpt lat="44.0852307714521884918212890625" lon="-80.1109751500189304351806640625">
        <ele>448</ele>
        <time>2025-05-19T16:49:23.000Z</time>
        <extensions>
          <ns3:TrackPointExtension>
            <ns3:hr>112</ns3:hr>
          </ns3:TrackPointExtension>
        </extensions>
      </trkpt>
      <trkpt lat="44.08524510450661182403564453125" lon="-80.1109838671982288360595703125">
        <ele>448.399993896484375</ele>
        <time>2025-05-19T16:49:25.000Z</time>
        <extensions>
          <ns3:TrackPointExtension>
            <ns3:hr>115</ns3:hr>
          </ns3:TrackPointExtension>
        </extensions>
      </trkpt>
      <trkpt lat="44.08527142368257045745849609375" lon="-80.1110026426613330841064453125">
        <ele>449</ele>
        <time>2025-05-19T16:49:29.000Z</time>
        <extensions>
          <ns3:TrackPointExtension>
            <ns3:hr>114</ns3:hr>
          </ns3:TrackPointExtension>
        </extensions>
      </trkpt>
      <trkpt lat="44.08529690466821193695068359375" lon="-80.111006833612918853759765625">
        <ele>449.20001220703125</ele>
        <time>2025-05-19T16:49:32.000Z</time>
        <extensions>
          <ns3:TrackPointExtension>
            <ns3:hr>112</ns3:hr>
          </ns3:TrackPointExtension>
        </extensions>
      </trkpt>
      <trkpt lat="44.08538818359375" lon="-80.1110147126019001007080078125">
        <ele>450</ele>
        <time>2025-05-19T16:49:40.000Z</time>
        <extensions>
          <ns3:TrackPointExtension>
            <ns3:hr>112</ns3:hr>
          </ns3:TrackPointExtension>
        </extensions>
      </trkpt>
      <trkpt lat="44.0854540653526782989501953125" lon="-80.1110338233411312103271484375">
        <ele>450.20001220703125</ele>
        <time>2025-05-19T16:49:46.000Z</time>
        <extensions>
          <ns3:TrackPointExtension>
            <ns3:hr>111</ns3:hr>
          </ns3:TrackPointExtension>
        </extensions>
      </trkpt>
      <trkpt lat="44.08550745807588100433349609375" lon="-80.11104363016784191131591796875">
        <ele>450.399993896484375</ele>
        <time>2025-05-19T16:49:51.000Z</time>
        <extensions>
          <ns3:TrackPointExtension>
            <ns3:hr>115</ns3:hr>
          </ns3:TrackPointExtension>
        </extensions>
      </trkpt>
      <trkpt lat="44.0855519659817218780517578125" lon="-80.11105419136583805084228515625">
        <ele>450.399993896484375</ele>
        <time>2025-05-19T16:49:55.000Z</time>
        <extensions>
          <ns3:TrackPointExtension>
            <ns3:hr>119</ns3:hr>
          </ns3:TrackPointExtension>
        </extensions>
      </trkpt>
      <trkpt lat="44.08556177280843257904052734375" lon="-80.11106106452643871307373046875">
        <ele>450.399993896484375</ele>
        <time>2025-05-19T16:49:56.000Z</time>
        <extensions>
          <ns3:TrackPointExtension>
            <ns3:hr>122</ns3:hr>
          </ns3:TrackPointExtension>
        </extensions>
      </trkpt>
      <trkpt lat="44.08558356575667858123779296875" lon="-80.1110737212002277374267578125">
        <ele>450.399993896484375</ele>
        <time>2025-05-19T16:49:58.000Z</time>
        <extensions>
          <ns3:TrackPointExtension>
            <ns3:hr>125</ns3:hr>
          </ns3:TrackPointExtension>
        </extensions>
      </trkpt>
      <trkpt lat="44.08562798984348773956298828125" lon="-80.11108637787401676177978515625">
        <ele>450.399993896484375</ele>
        <time>2025-05-19T16:50:01.000Z</time>
        <extensions>
          <ns3:TrackPointExtension>
            <ns3:hr>125</ns3:hr>
          </ns3:TrackPointExtension>
        </extensions>
      </trkpt>
      <trkpt lat="44.0857417322695255279541015625" lon="-80.11110448278486728668212890625">
        <ele>450.600006103515625</ele>
        <time>2025-05-19T16:50:12.000Z</time>
        <extensions>
          <ns3:TrackPointExtension>
            <ns3:hr>122</ns3:hr>
          </ns3:TrackPointExtension>
        </extensions>
      </trkpt>
      <trkpt lat="44.0857648663222789764404296875" lon="-80.1111055724322795867919921875">
        <ele>450.79998779296875</ele>
        <time>2025-05-19T16:50:15.000Z</time>
        <extensions>
          <ns3:TrackPointExtension>
            <ns3:hr>122</ns3:hr>
          </ns3:TrackPointExtension>
        </extensions>
      </trkpt>
      <trkpt lat="44.085795544087886810302734375" lon="-80.11110532097518444061279296875">
        <ele>451.20001220703125</ele>
        <time>2025-05-19T16:50:18.000Z</time>
        <extensions>
          <ns3:TrackPointExtension>
            <ns3:hr>121</ns3:hr>
          </ns3:TrackPointExtension>
        </extensions>
      </trkpt>
      <trkpt lat="44.085900820791721343994140625" lon="-80.11115326546132564544677734375">
        <ele>451.399993896484375</ele>
        <time>2025-05-19T16:50:29.000Z</time>
        <extensions>
          <ns3:TrackPointExtension>
            <ns3:hr>121</ns3:hr>
          </ns3:TrackPointExtension>
        </extensions>
      </trkpt>
      <trkpt lat="44.0859274752438068389892578125" lon="-80.11119718663394451141357421875">
        <ele>451</ele>
        <time>2025-05-19T16:50:36.000Z</time>
        <extensions>
          <ns3:TrackPointExtension>
            <ns3:hr>118</ns3:hr>
          </ns3:TrackPointExtension>
        </extensions>
      </trkpt>
      <trkpt lat="44.08592236228287220001220703125" lon="-80.11123222298920154571533203125">
        <ele>451</ele>
        <time>2025-05-19T16:50:39.000Z</time>
        <extensions>
          <ns3:TrackPointExtension>
            <ns3:hr>118</ns3:hr>
          </ns3:TrackPointExtension>
        </extensions>
      </trkpt>
      <trkpt lat="44.08591984771192073822021484375" lon="-80.11128787882626056671142578125">
        <ele>451</ele>
        <time>2025-05-19T16:50:43.000Z</time>
        <extensions>
          <ns3:TrackPointExtension>
            <ns3:hr>117</ns3:hr>
          </ns3:TrackPointExtension>
        </extensions>
      </trkpt>
      <trkpt lat="44.08590056933462619781494140625" lon="-80.11140321381390094757080078125">
        <ele>450.79998779296875</ele>
        <time>2025-05-19T16:50:50.000Z</time>
        <extensions>
          <ns3:TrackPointExtension>
            <ns3:hr>116</ns3:hr>
          </ns3:TrackPointExtension>
        </extensions>
      </trkpt>
      <trkpt lat="44.08590710721909999847412109375" lon="-80.11158392764627933502197265625">
        <ele>450.79998779296875</ele>
        <time>2025-05-19T16:51:01.000Z</time>
        <extensions>
          <ns3:TrackPointExtension>
            <ns3:hr>115</ns3:hr>
          </ns3:TrackPointExtension>
        </extensions>
      </trkpt>
      <trkpt lat="44.08586402423679828643798828125" lon="-80.11179951019585132598876953125">
        <ele>450.20001220703125</ele>
        <time>2025-05-19T16:51:14.000Z</time>
        <extensions>
          <ns3:TrackPointExtension>
            <ns3:hr>113</ns3:hr>
          </ns3:TrackPointExtension>
        </extensions>
      </trkpt>
      <trkpt lat="44.08585648052394390106201171875" lon="-80.11185399256646633148193359375">
        <ele>450</ele>
        <time>2025-05-19T16:51:17.000Z</time>
        <extensions>
          <ns3:TrackPointExtension>
            <ns3:hr>115</ns3:hr>
          </ns3:TrackPointExtension>
        </extensions>
      </trkpt>
      <trkpt lat="44.085827060043811798095703125" lon="-80.11200838722288608551025390625">
        <ele>449.79998779296875</ele>
        <time>2025-05-19T16:51:25.000Z</time>
        <extensions>
          <ns3:TrackPointExtension>
            <ns3:hr>112</ns3:hr>
          </ns3:TrackPointExtension>
        </extensions>
      </trkpt>
      <trkpt lat="44.08581943251192569732666015625" lon="-80.11202716268599033355712890625">
        <ele>449.79998779296875</ele>
        <time>2025-05-19T16:51:26.000Z</time>
        <extensions>
          <ns3:TrackPointExtension>
            <ns3:hr>115</ns3:hr>
          </ns3:TrackPointExtension>
        </extensions>
      </trkpt>
      <trkpt lat="44.08580769784748554229736328125" lon="-80.11207359842956066131591796875">
        <ele>450</ele>
        <time>2025-05-19T16:51:28.000Z</time>
        <extensions>
          <ns3:TrackPointExtension>
            <ns3:hr>112</ns3:hr>
          </ns3:TrackPointExtension>
        </extensions>
      </trkpt>
      <trkpt lat="44.0857943706214427947998046875" lon="-80.112146772444248199462890625">
        <ele>449.79998779296875</ele>
        <time>2025-05-19T16:51:31.000Z</time>
        <extensions>
          <ns3:TrackPointExtension>
            <ns3:hr>112</ns3:hr>
          </ns3:TrackPointExtension>
        </extensions>
      </trkpt>
      <trkpt lat="44.08575673587620258331298828125" lon="-80.11230225674808025360107421875">
        <ele>450</ele>
        <time>2025-05-19T16:51:39.000Z</time>
        <extensions>
          <ns3:TrackPointExtension>
            <ns3:hr>112</ns3:hr>
          </ns3:TrackPointExtension>
        </extensions>
      </trkpt>
      <trkpt lat="44.0857085399329662322998046875" lon="-80.1124808751046657562255859375">
        <ele>450</ele>
        <time>2025-05-19T16:51:48.000Z</time>
        <extensions>
          <ns3:TrackPointExtension>
            <ns3:hr>111</ns3:hr>
          </ns3:TrackPointExtension>
        </extensions>
      </trkpt>
      <trkpt lat="44.0856485255062580108642578125" lon="-80.11264591477811336517333984375">
        <ele>450</ele>
        <time>2025-05-19T16:51:57.000Z</time>
        <extensions>
          <ns3:TrackPointExtension>
            <ns3:hr>108</ns3:hr>
          </ns3:TrackPointExtension>
        </extensions>
      </trkpt>
      <trkpt lat="44.085646010935306549072265625" lon="-80.11266469024121761322021484375">
        <ele>450.20001220703125</ele>
        <time>2025-05-19T16:51:58.000Z</time>
        <extensions>
          <ns3:TrackPointExtension>
            <ns3:hr>108</ns3:hr>
          </ns3:TrackPointExtension>
        </extensions>
      </trkpt>
      <trkpt lat="44.08560737036168575286865234375" lon="-80.1127842999994754791259765625">
        <ele>450</ele>
        <time>2025-05-19T16:52:06.000Z</time>
        <extensions>
          <ns3:TrackPointExtension>
            <ns3:hr>106</ns3:hr>
          </ns3:TrackPointExtension>
        </extensions>
      </trkpt>
      <trkpt lat="44.08557434566318988800048828125" lon="-80.1129502616822719573974609375">
        <ele>450.20001220703125</ele>
        <time>2025-05-19T16:52:14.000Z</time>
        <extensions>
          <ns3:TrackPointExtension>
            <ns3:hr>107</ns3:hr>
          </ns3:TrackPointExtension>
        </extensions>
      </trkpt>
      <trkpt lat="44.08554048277437686920166015625" lon="-80.11308764107525348663330078125">
        <ele>450.20001220703125</ele>
        <time>2025-05-19T16:52:22.000Z</time>
        <extensions>
          <ns3:TrackPointExtension>
            <ns3:hr>106</ns3:hr>
          </ns3:TrackPointExtension>
        </extensions>
      </trkpt>
      <trkpt lat="44.0855053626000881195068359375" lon="-80.1132453046739101409912109375">
        <ele>450.399993896484375</ele>
        <time>2025-05-19T16:52:30.000Z</time>
        <extensions>
          <ns3:TrackPointExtension>
            <ns3:hr>107</ns3:hr>
          </ns3:TrackPointExtension>
        </extensions>
      </trkpt>
      <trkpt lat="44.08548147417604923248291015625" lon="-80.113356448709964752197265625">
        <ele>450.600006103515625</ele>
        <time>2025-05-19T16:52:36.000Z</time>
        <extensions>
          <ns3:TrackPointExtension>
            <ns3:hr>104</ns3:hr>
          </ns3:TrackPointExtension>
        </extensions>
      </trkpt>
      <trkpt lat="44.08546437509357929229736328125" lon="-80.11340598575770854949951171875">
        <ele>450.79998779296875</ele>
        <time>2025-05-19T16:52:39.000Z</time>
        <extensions>
          <ns3:TrackPointExtension>
            <ns3:hr>105</ns3:hr>
          </ns3:TrackPointExtension>
        </extensions>
      </trkpt>
      <trkpt lat="44.0854476951062679290771484375" lon="-80.11351126246154308319091796875">
        <ele>451</ele>
        <time>2025-05-19T16:52:45.000Z</time>
        <extensions>
          <ns3:TrackPointExtension>
            <ns3:hr>102</ns3:hr>
          </ns3:TrackPointExtension>
        </extensions>
      </trkpt>
      <trkpt lat="44.085444174706935882568359375" lon="-80.1135292835533618927001953125">
        <ele>451.20001220703125</ele>
        <time>2025-05-19T16:52:46.000Z</time>
        <extensions>
          <ns3:TrackPointExtension>
            <ns3:hr>103</ns3:hr>
          </ns3:TrackPointExtension>
        </extensions>
      </trkpt>
      <trkpt lat="44.08543705008924007415771484375" lon="-80.1135644875466823577880859375">
        <ele>451.399993896484375</ele>
        <time>2025-05-19T16:52:48.000Z</time>
        <extensions>
          <ns3:TrackPointExtension>
            <ns3:hr>104</ns3:hr>
          </ns3:TrackPointExtension>
        </extensions>
      </trkpt>
      <trkpt lat="44.0854027681052684783935546875" lon="-80.11370413005352020263671875">
        <ele>451.79998779296875</ele>
        <time>2025-05-19T16:52:56.000Z</time>
        <extensions>
          <ns3:TrackPointExtension>
            <ns3:hr>103</ns3:hr>
          </ns3:TrackPointExtension>
        </extensions>
      </trkpt>
      <trkpt lat="44.08538273535668849945068359375" lon="-80.11384067125618457794189453125">
        <ele>452.20001220703125</ele>
        <time>2025-05-19T16:53:03.000Z</time>
        <extensions>
          <ns3:TrackPointExtension>
            <ns3:hr>102</ns3:hr>
          </ns3:TrackPointExtension>
        </extensions>
      </trkpt>
      <trkpt lat="44.0853803046047687530517578125" lon="-80.11385676451027393341064453125">
        <ele>452.20001220703125</ele>
        <time>2025-05-19T16:53:04.000Z</time>
        <extensions>
          <ns3:TrackPointExtension>
            <ns3:hr>102</ns3:hr>
          </ns3:TrackPointExtension>
        </extensions>
      </trkpt>
      <trkpt lat="44.08532657660543918609619140625" lon="-80.11398718692362308502197265625">
        <ele>452.79998779296875</ele>
        <time>2025-05-19T16:53:12.000Z</time>
        <extensions>
          <ns3:TrackPointExtension>
            <ns3:hr>100</ns3:hr>
          </ns3:TrackPointExtension>
        </extensions>
      </trkpt>
      <trkpt lat="44.08532045781612396240234375" lon="-80.11404368095099925994873046875">
        <ele>453</ele>
        <time>2025-05-19T16:53:16.000Z</time>
        <extensions>
          <ns3:TrackPointExtension>
            <ns3:hr>106</ns3:hr>
          </ns3:TrackPointExtension>
        </extensions>
      </trkpt>
      <trkpt lat="44.08531199209392070770263671875" lon="-80.11409799568355083465576171875">
        <ele>453.20001220703125</ele>
        <time>2025-05-19T16:53:19.000Z</time>
        <extensions>
          <ns3:TrackPointExtension>
            <ns3:hr>107</ns3:hr>
          </ns3:TrackPointExtension>
        </extensions>
      </trkpt>
      <trkpt lat="44.0853052027523517608642578125" lon="-80.11411593295633792877197265625">
        <ele>453.20001220703125</ele>
        <time>2025-05-19T16:53:20.000Z</time>
        <extensions>
          <ns3:TrackPointExtension>
            <ns3:hr>108</ns3:hr>
          </ns3:TrackPointExtension>
        </extensions>
      </trkpt>
      <trkpt lat="44.08527779392898082733154296875" lon="-80.11424300260841846466064453125">
        <ele>454</ele>
        <time>2025-05-19T16:53:28.000Z</time>
        <extensions>
          <ns3:TrackPointExtension>
            <ns3:hr>105</ns3:hr>
          </ns3:TrackPointExtension>
        </extensions>
      </trkpt>
      <trkpt lat="44.08527611754834651947021484375" lon="-80.1142588444054126739501953125">
        <ele>454</ele>
        <time>2025-05-19T16:53:29.000Z</time>
        <extensions>
          <ns3:TrackPointExtension>
            <ns3:hr>105</ns3:hr>
          </ns3:TrackPointExtension>
        </extensions>
      </trkpt>
      <trkpt lat="44.08527159132063388824462890625" lon="-80.11430653743445873260498046875">
        <ele>454</ele>
        <time>2025-05-19T16:53:32.000Z</time>
        <extensions>
          <ns3:TrackPointExtension>
            <ns3:hr>108</ns3:hr>
          </ns3:TrackPointExtension>
        </extensions>
      </trkpt>
      <trkpt lat="44.085263796150684356689453125" lon="-80.1143418252468109130859375">
        <ele>454.20001220703125</ele>
        <time>2025-05-19T16:53:34.000Z</time>
        <extensions>
          <ns3:TrackPointExtension>
            <ns3:hr>109</ns3:hr>
          </ns3:TrackPointExtension>
        </extensions>
      </trkpt>
      <trkpt lat="44.08524812199175357818603515625" lon="-80.11443628929555416107177734375">
        <ele>454.399993896484375</ele>
        <time>2025-05-19T16:53:39.000Z</time>
        <extensions>
          <ns3:TrackPointExtension>
            <ns3:hr>108</ns3:hr>
          </ns3:TrackPointExtension>
        </extensions>
      </trkpt>
      <trkpt lat="44.0852285921573638916015625" lon="-80.11458456516265869140625">
        <ele>454.600006103515625</ele>
        <time>2025-05-19T16:53:47.000Z</time>
        <extensions>
          <ns3:TrackPointExtension>
            <ns3:hr>107</ns3:hr>
          </ns3:TrackPointExtension>
        </extensions>
      </trkpt>
      <trkpt lat="44.085184000432491302490234375" lon="-80.1147356070578098297119140625">
        <ele>455</ele>
        <time>2025-05-19T16:53:56.000Z</time>
        <extensions>
          <ns3:TrackPointExtension>
            <ns3:hr>107</ns3:hr>
          </ns3:TrackPointExtension>
        </extensions>
      </trkpt>
      <trkpt lat="44.08517570234835147857666015625" lon="-80.11478531174361705780029296875">
        <ele>455.20001220703125</ele>
        <time>2025-05-19T16:53:59.000Z</time>
        <extensions>
          <ns3:TrackPointExtension>
            <ns3:hr>110</ns3:hr>
          </ns3:TrackPointExtension>
        </extensions>
      </trkpt>
      <trkpt lat="44.0851784683763980865478515625" lon="-80.11482235975563526153564453125">
        <ele>455.399993896484375</ele>
        <time>2025-05-19T16:54:02.000Z</time>
        <extensions>
          <ns3:TrackPointExtension>
            <ns3:hr>108</ns3:hr>
          </ns3:TrackPointExtension>
        </extensions>
      </trkpt>
      <trkpt lat="44.0851777978241443634033203125" lon="-80.11482663452625274658203125">
        <ele>455.399993896484375</ele>
        <time>2025-05-19T16:54:03.000Z</time>
        <extensions>
          <ns3:TrackPointExtension>
            <ns3:hr>108</ns3:hr>
          </ns3:TrackPointExtension>
        </extensions>
      </trkpt>
      <trkpt lat="44.08516547642648220062255859375" lon="-80.1149008981883525848388671875">
        <ele>456</ele>
        <time>2025-05-19T16:54:09.000Z</time>
        <extensions>
          <ns3:TrackPointExtension>
            <ns3:hr>111</ns3:hr>
          </ns3:TrackPointExtension>
        </extensions>
      </trkpt>
      <trkpt lat="44.0851603634655475616455078125" lon="-80.11493903584778308868408203125">
        <ele>456</ele>
        <time>2025-05-19T16:54:11.000Z</time>
        <extensions>
          <ns3:TrackPointExtension>
            <ns3:hr>108</ns3:hr>
          </ns3:TrackPointExtension>
        </extensions>
      </trkpt>
      <trkpt lat="44.08515558578073978424072265625" lon="-80.1149775087833404541015625">
        <ele>456.20001220703125</ele>
        <time>2025-05-19T16:54:13.000Z</time>
        <extensions>
          <ns3:TrackPointExtension>
            <ns3:hr>107</ns3:hr>
          </ns3:TrackPointExtension>
        </extensions>
      </trkpt>
      <trkpt lat="44.08511669375002384185791015625" lon="-80.11511363089084625244140625">
        <ele>456.399993896484375</ele>
        <time>2025-05-19T16:54:20.000Z</time>
        <extensions>
          <ns3:TrackPointExtension>
            <ns3:hr>107</ns3:hr>
          </ns3:TrackPointExtension>
        </extensions>
      </trkpt>
      <trkpt lat="44.085092805325984954833984375" lon="-80.1151907444000244140625">
        <ele>456.79998779296875</ele>
        <time>2025-05-19T16:54:24.000Z</time>
        <extensions>
          <ns3:TrackPointExtension>
            <ns3:hr>104</ns3:hr>
          </ns3:TrackPointExtension>
        </extensions>
      </trkpt>
      <trkpt lat="44.0850745327770709991455078125" lon="-80.11525637470185756683349609375">
        <ele>457.20001220703125</ele>
        <time>2025-05-19T16:54:28.000Z</time>
        <extensions>
          <ns3:TrackPointExtension>
            <ns3:hr>103</ns3:hr>
          </ns3:TrackPointExtension>
        </extensions>
      </trkpt>
      <trkpt lat="44.08506455831229686737060546875" lon="-80.11528587900102138519287109375">
        <ele>457.20001220703125</ele>
        <time>2025-05-19T16:54:30.000Z</time>
        <extensions>
          <ns3:TrackPointExtension>
            <ns3:hr>106</ns3:hr>
          </ns3:TrackPointExtension>
        </extensions>
      </trkpt>
      <trkpt lat="44.0850366465747356414794921875" lon="-80.115394257009029388427734375">
        <ele>457.399993896484375</ele>
        <time>2025-05-19T16:54:36.000Z</time>
        <extensions>
          <ns3:TrackPointExtension>
            <ns3:hr>107</ns3:hr>
          </ns3:TrackPointExtension>
        </extensions>
      </trkpt>
      <trkpt lat="44.08502499572932720184326171875" lon="-80.11550582014024257659912109375">
        <ele>457.600006103515625</ele>
        <time>2025-05-19T16:54:42.000Z</time>
        <extensions>
          <ns3:TrackPointExtension>
            <ns3:hr>107</ns3:hr>
          </ns3:TrackPointExtension>
        </extensions>
      </trkpt>
      <trkpt lat="44.08498727716505527496337890625" lon="-80.11569893918931484222412109375">
        <ele>458.399993896484375</ele>
        <time>2025-05-19T16:54:52.000Z</time>
        <extensions>
          <ns3:TrackPointExtension>
            <ns3:hr>110</ns3:hr>
          </ns3:TrackPointExtension>
        </extensions>
      </trkpt>
      <trkpt lat="44.08498157747089862823486328125" lon="-80.115719474852085113525390625">
        <ele>458.399993896484375</ele>
        <time>2025-05-19T16:54:53.000Z</time>
        <extensions>
          <ns3:TrackPointExtension>
            <ns3:hr>110</ns3:hr>
          </ns3:TrackPointExtension>
        </extensions>
      </trkpt>
      <trkpt lat="44.08495433628559112548828125" lon="-80.11584428139030933380126953125">
        <ele>458.399993896484375</ele>
        <time>2025-05-19T16:54:59.000Z</time>
        <extensions>
          <ns3:TrackPointExtension>
            <ns3:hr>107</ns3:hr>
          </ns3:TrackPointExtension>
        </extensions>
      </trkpt>
      <trkpt lat="44.08493380062282085418701171875" lon="-80.11591837741434574127197265625">
        <ele>458.600006103515625</ele>
        <time>2025-05-19T16:55:03.000Z</time>
        <extensions>
          <ns3:TrackPointExtension>
            <ns3:hr>108</ns3:hr>
          </ns3:TrackPointExtension>
        </extensions>
      </trkpt>
      <trkpt lat="44.08491703681647777557373046875" lon="-80.11597864329814910888671875">
        <ele>458.79998779296875</ele>
        <time>2025-05-19T16:55:06.000Z</time>
        <extensions>
          <ns3:TrackPointExtension>
            <ns3:hr>111</ns3:hr>
          </ns3:TrackPointExtension>
        </extensions>
      </trkpt>
      <trkpt lat="44.08490228466689586639404296875" lon="-80.11603874154388904571533203125">
        <ele>459</ele>
        <time>2025-05-19T16:55:09.000Z</time>
        <extensions>
          <ns3:TrackPointExtension>
            <ns3:hr>107</ns3:hr>
          </ns3:TrackPointExtension>
        </extensions>
      </trkpt>
      <trkpt lat="44.0848944894969463348388671875" lon="-80.11607662774622440338134765625">
        <ele>459</ele>
        <time>2025-05-19T16:55:11.000Z</time>
        <extensions>
          <ns3:TrackPointExtension>
            <ns3:hr>108</ns3:hr>
          </ns3:TrackPointExtension>
        </extensions>
      </trkpt>
      <trkpt lat="44.0848522447049617767333984375" lon="-80.11626387946307659149169921875">
        <ele>459.399993896484375</ele>
        <time>2025-05-19T16:55:21.000Z</time>
        <extensions>
          <ns3:TrackPointExtension>
            <ns3:hr>106</ns3:hr>
          </ns3:TrackPointExtension>
        </extensions>
      </trkpt>
      <trkpt lat="44.08483170904219150543212890625" lon="-80.11642162688076496124267578125">
        <ele>459.600006103515625</ele>
        <time>2025-05-19T16:55:29.000Z</time>
        <extensions>
          <ns3:TrackPointExtension>
            <ns3:hr>106</ns3:hr>
          </ns3:TrackPointExtension>
        </extensions>
      </trkpt>
      <trkpt lat="44.0848227404057979583740234375" lon="-80.116479210555553436279296875">
        <ele>459.600006103515625</ele>
        <time>2025-05-19T16:55:32.000Z</time>
        <extensions>
          <ns3:TrackPointExtension>
            <ns3:hr>103</ns3:hr>
          </ns3:TrackPointExtension>
        </extensions>
      </trkpt>
      <trkpt lat="44.0847986005246639251708984375" lon="-80.11659848503768444061279296875">
        <ele>459.79998779296875</ele>
        <time>2025-05-19T16:55:38.000Z</time>
        <extensions>
          <ns3:TrackPointExtension>
            <ns3:hr>107</ns3:hr>
          </ns3:TrackPointExtension>
        </extensions>
      </trkpt>
      <trkpt lat="44.08477655611932277679443359375" lon="-80.11666922830045223236083984375">
        <ele>460.20001220703125</ele>
        <time>2025-05-19T16:55:42.000Z</time>
        <extensions>
          <ns3:TrackPointExtension>
            <ns3:hr>104</ns3:hr>
          </ns3:TrackPointExtension>
        </extensions>
      </trkpt>
      <trkpt lat="44.08476415090262889862060546875" lon="-80.11672371067106723785400390625">
        <ele>460.399993896484375</ele>
        <time>2025-05-19T16:55:45.000Z</time>
        <extensions>
          <ns3:TrackPointExtension>
            <ns3:hr>104</ns3:hr>
          </ns3:TrackPointExtension>
        </extensions>
      </trkpt>
      <trkpt lat="44.084760211408138275146484375" lon="-80.11673913337290287017822265625">
        <ele>460.600006103515625</ele>
        <time>2025-05-19T16:55:46.000Z</time>
        <extensions>
          <ns3:TrackPointExtension>
            <ns3:hr>104</ns3:hr>
          </ns3:TrackPointExtension>
        </extensions>
      </trkpt>
      <trkpt lat="44.08475317060947418212890625" lon="-80.11679269373416900634765625">
        <ele>460.79998779296875</ele>
        <time>2025-05-19T16:55:49.000Z</time>
        <extensions>
          <ns3:TrackPointExtension>
            <ns3:hr>101</ns3:hr>
          </ns3:TrackPointExtension>
        </extensions>
      </trkpt>
      <trkpt lat="44.084735400974750518798828125" lon="-80.1168984733521938323974609375">
        <ele>461.20001220703125</ele>
        <time>2025-05-19T16:55:55.000Z</time>
        <extensions>
          <ns3:TrackPointExtension>
            <ns3:hr>101</ns3:hr>
          </ns3:TrackPointExtension>
        </extensions>
      </trkpt>
      <trkpt lat="44.08471737988293170928955078125" lon="-80.11699511669576168060302734375">
        <ele>461.399993896484375</ele>
        <time>2025-05-19T16:56:00.000Z</time>
        <extensions>
          <ns3:TrackPointExtension>
            <ns3:hr>100</ns3:hr>
          </ns3:TrackPointExtension>
        </extensions>
      </trkpt>
      <trkpt lat="44.0847017057240009307861328125" lon="-80.117069967091083526611328125">
        <ele>461.79998779296875</ele>
        <time>2025-05-19T16:56:04.000Z</time>
        <extensions>
          <ns3:TrackPointExtension>
            <ns3:hr>102</ns3:hr>
          </ns3:TrackPointExtension>
        </extensions>
      </trkpt>
      <trkpt lat="44.08469525165855884552001953125" lon="-80.117124952375888824462890625">
        <ele>462</ele>
        <time>2025-05-19T16:56:07.000Z</time>
        <extensions>
          <ns3:TrackPointExtension>
            <ns3:hr>105</ns3:hr>
          </ns3:TrackPointExtension>
        </extensions>
      </trkpt>
      <trkpt lat="44.0846908092498779296875" lon="-80.11714599095284938812255859375">
        <ele>462</ele>
        <time>2025-05-19T16:56:08.000Z</time>
        <extensions>
          <ns3:TrackPointExtension>
            <ns3:hr>102</ns3:hr>
          </ns3:TrackPointExtension>
        </extensions>
      </trkpt>
      <trkpt lat="44.08467010594904422760009765625" lon="-80.11721916496753692626953125">
        <ele>462.20001220703125</ele>
        <time>2025-05-19T16:56:12.000Z</time>
        <extensions>
          <ns3:TrackPointExtension>
            <ns3:hr>104</ns3:hr>
          </ns3:TrackPointExtension>
        </extensions>
      </trkpt>
      <trkpt lat="44.0846577845513820648193359375" lon="-80.11725529097020626068115234375">
        <ele>462.399993896484375</ele>
        <time>2025-05-19T16:56:14.000Z</time>
        <extensions>
          <ns3:TrackPointExtension>
            <ns3:hr>101</ns3:hr>
          </ns3:TrackPointExtension>
        </extensions>
      </trkpt>
      <trkpt lat="44.08464563079178333282470703125" lon="-80.1172887347638607025146484375">
        <ele>462.600006103515625</ele>
        <time>2025-05-19T16:56:16.000Z</time>
        <extensions>
          <ns3:TrackPointExtension>
            <ns3:hr>102</ns3:hr>
          </ns3:TrackPointExtension>
        </extensions>
      </trkpt>
      <trkpt lat="44.0846188925206661224365234375" lon="-80.11739376001060009002685546875">
        <ele>463</ele>
        <time>2025-05-19T16:56:22.000Z</time>
        <extensions>
          <ns3:TrackPointExtension>
            <ns3:hr>99</ns3:hr>
          </ns3:TrackPointExtension>
        </extensions>
      </trkpt>
      <trkpt lat="44.08461495302617549896240234375" lon="-80.11741270311176776885986328125">
        <ele>463</ele>
        <time>2025-05-19T16:56:23.000Z</time>
        <extensions>
          <ns3:TrackPointExtension>
            <ns3:hr>103</ns3:hr>
          </ns3:TrackPointExtension>
        </extensions>
      </trkpt>
      <trkpt lat="44.08457840792834758758544921875" lon="-80.11755435727536678314208984375">
        <ele>463.600006103515625</ele>
        <time>2025-05-19T16:56:31.000Z</time>
        <extensions>
          <ns3:TrackPointExtension>
            <ns3:hr>103</ns3:hr>
          </ns3:TrackPointExtension>
        </extensions>
      </trkpt>
      <trkpt lat="44.0845478139817714691162109375" lon="-80.11771730147302150726318359375">
        <ele>464.600006103515625</ele>
        <time>2025-05-19T16:56:40.000Z</time>
        <extensions>
          <ns3:TrackPointExtension>
            <ns3:hr>105</ns3:hr>
          </ns3:TrackPointExtension>
        </extensions>
      </trkpt>
      <trkpt lat="44.08454320393502712249755859375" lon="-80.11773423291742801666259765625">
        <ele>464.600006103515625</ele>
        <time>2025-05-19T16:56:41.000Z</time>
        <extensions>
          <ns3:TrackPointExtension>
            <ns3:hr>106</ns3:hr>
          </ns3:TrackPointExtension>
        </extensions>
      </trkpt>
      <trkpt lat="44.08451152034103870391845703125" lon="-80.11787152849137783050537109375">
        <ele>465</ele>
        <time>2025-05-19T16:56:49.000Z</time>
        <extensions>
          <ns3:TrackPointExtension>
            <ns3:hr>108</ns3:hr>
          </ns3:TrackPointExtension>
        </extensions>
      </trkpt>
      <trkpt lat="44.08450833521783351898193359375" lon="-80.11788829229772090911865234375">
        <ele>465</ele>
        <time>2025-05-19T16:56:50.000Z</time>
        <extensions>
          <ns3:TrackPointExtension>
            <ns3:hr>103</ns3:hr>
          </ns3:TrackPointExtension>
        </extensions>
      </trkpt>
      <trkpt lat="44.08447648398578166961669921875" lon="-80.118016116321086883544921875">
        <ele>465</ele>
        <time>2025-05-19T16:56:57.000Z</time>
        <extensions>
          <ns3:TrackPointExtension>
            <ns3:hr>103</ns3:hr>
          </ns3:TrackPointExtension>
        </extensions>
      </trkpt>
      <trkpt lat="44.08444664441049098968505859375" lon="-80.11817243881523609161376953125">
        <ele>465.600006103515625</ele>
        <time>2025-05-19T16:57:06.000Z</time>
        <extensions>
          <ns3:TrackPointExtension>
            <ns3:hr>105</ns3:hr>
          </ns3:TrackPointExtension>
        </extensions>
      </trkpt>
      <trkpt lat="44.084441363811492919921875" lon="-80.1182070560753345489501953125">
        <ele>465.600006103515625</ele>
        <time>2025-05-19T16:57:08.000Z</time>
        <extensions>
          <ns3:TrackPointExtension>
            <ns3:hr>104</ns3:hr>
          </ns3:TrackPointExtension>
        </extensions>
      </trkpt>
      <trkpt lat="44.08442518673837184906005859375" lon="-80.11832750402390956878662109375">
        <ele>465.79998779296875</ele>
        <time>2025-05-19T16:57:15.000Z</time>
        <extensions>
          <ns3:TrackPointExtension>
            <ns3:hr>103</ns3:hr>
          </ns3:TrackPointExtension>
        </extensions>
      </trkpt>
      <trkpt lat="44.08440758474171161651611328125" lon="-80.1184189505875110626220703125">
        <ele>465.79998779296875</ele>
        <time>2025-05-19T16:57:20.000Z</time>
        <extensions>
          <ns3:TrackPointExtension>
            <ns3:hr>106</ns3:hr>
          </ns3:TrackPointExtension>
        </extensions>
      </trkpt>
      <trkpt lat="44.084393084049224853515625" lon="-80.11846513487398624420166015625">
        <ele>465.79998779296875</ele>
        <time>2025-05-19T16:57:23.000Z</time>
        <extensions>
          <ns3:TrackPointExtension>
            <ns3:hr>105</ns3:hr>
          </ns3:TrackPointExtension>
        </extensions>
      </trkpt>
      <trkpt lat="44.08438059501349925994873046875" lon="-80.118500255048274993896484375">
        <ele>466</ele>
        <time>2025-05-19T16:57:25.000Z</time>
        <extensions>
          <ns3:TrackPointExtension>
            <ns3:hr>108</ns3:hr>
          </ns3:TrackPointExtension>
        </extensions>
      </trkpt>
      <trkpt lat="44.0843650884926319122314453125" lon="-80.1185689866542816162109375">
        <ele>466</ele>
        <time>2025-05-19T16:57:29.000Z</time>
        <extensions>
          <ns3:TrackPointExtension>
            <ns3:hr>105</ns3:hr>
          </ns3:TrackPointExtension>
        </extensions>
      </trkpt>
      <trkpt lat="44.0843600593507289886474609375" lon="-80.118583738803863525390625">
        <ele>466</ele>
        <time>2025-05-19T16:57:30.000Z</time>
        <extensions>
          <ns3:TrackPointExtension>
            <ns3:hr>104</ns3:hr>
          </ns3:TrackPointExtension>
        </extensions>
      </trkpt>
      <trkpt lat="44.08434622921049594879150390625" lon="-80.11867619119584560394287109375">
        <ele>466.20001220703125</ele>
        <time>2025-05-19T16:57:35.000Z</time>
        <extensions>
          <ns3:TrackPointExtension>
            <ns3:hr>107</ns3:hr>
          </ns3:TrackPointExtension>
        </extensions>
      </trkpt>
      <trkpt lat="44.08433583565056324005126953125" lon="-80.11871583759784698486328125">
        <ele>466.20001220703125</ele>
        <time>2025-05-19T16:57:37.000Z</time>
        <extensions>
          <ns3:TrackPointExtension>
            <ns3:hr>104</ns3:hr>
          </ns3:TrackPointExtension>
        </extensions>
      </trkpt>
      <trkpt lat="44.0843238495290279388427734375" lon="-80.1187719963490962982177734375">
        <ele>466.20001220703125</ele>
        <time>2025-05-19T16:57:40.000Z</time>
        <extensions>
          <ns3:TrackPointExtension>
            <ns3:hr>105</ns3:hr>
          </ns3:TrackPointExtension>
        </extensions>
      </trkpt>
      <trkpt lat="44.0843037329614162445068359375" lon="-80.118920020759105682373046875">
        <ele>466.20001220703125</ele>
        <time>2025-05-19T16:57:48.000Z</time>
        <extensions>
          <ns3:TrackPointExtension>
            <ns3:hr>106</ns3:hr>
          </ns3:TrackPointExtension>
        </extensions>
      </trkpt>
      <trkpt lat="44.0842789225280284881591796875" lon="-80.11906326748430728912353515625">
        <ele>466.600006103515625</ele>
        <time>2025-05-19T16:57:55.000Z</time>
        <extensions>
          <ns3:TrackPointExtension>
            <ns3:hr>103</ns3:hr>
          </ns3:TrackPointExtension>
        </extensions>
      </trkpt>
      <trkpt lat="44.084273390471935272216796875" lon="-80.119098387658596038818359375">
        <ele>466.600006103515625</ele>
        <time>2025-05-19T16:57:57.000Z</time>
        <extensions>
          <ns3:TrackPointExtension>
            <ns3:hr>102</ns3:hr>
          </ns3:TrackPointExtension>
        </extensions>
      </trkpt>
      <trkpt lat="44.084247909486293792724609375" lon="-80.11926342733204364776611328125">
        <ele>466.600006103515625</ele>
        <time>2025-05-19T16:58:06.000Z</time>
        <extensions>
          <ns3:TrackPointExtension>
            <ns3:hr>105</ns3:hr>
          </ns3:TrackPointExtension>
        </extensions>
      </trkpt>
      <trkpt lat="44.0842460654675960540771484375" lon="-80.1192769221961498260498046875">
        <ele>466.600006103515625</ele>
        <time>2025-05-19T16:58:07.000Z</time>
        <extensions>
          <ns3:TrackPointExtension>
            <ns3:hr>106</ns3:hr>
          </ns3:TrackPointExtension>
        </extensions>
      </trkpt>
      <trkpt lat="44.08426224254071712493896484375" lon="-80.11933517642319202423095703125">
        <ele>466.600006103515625</ele>
        <time>2025-05-19T16:58:11.000Z</time>
        <extensions>
          <ns3:TrackPointExtension>
            <ns3:hr>103</ns3:hr>
          </ns3:TrackPointExtension>
        </extensions>
      </trkpt>
      <trkpt lat="44.08428269438445568084716796875" lon="-80.11940021999180316925048828125">
        <ele>466.600006103515625</ele>
        <time>2025-05-19T16:58:15.000Z</time>
        <extensions>
          <ns3:TrackPointExtension>
            <ns3:hr>102</ns3:hr>
          </ns3:TrackPointExtension>
        </extensions>
      </trkpt>
      <trkpt lat="44.08428973518311977386474609375" lon="-80.11945654638111591339111328125">
        <ele>466.79998779296875</ele>
        <time>2025-05-19T16:58:18.000Z</time>
        <extensions>
          <ns3:TrackPointExtension>
            <ns3:hr>105</ns3:hr>
          </ns3:TrackPointExtension>
        </extensions>
      </trkpt>
      <trkpt lat="44.0842950157821178436279296875" lon="-80.1195560395717620849609375">
        <ele>467</ele>
        <time>2025-05-19T16:58:23.000Z</time>
        <extensions>
          <ns3:TrackPointExtension>
            <ns3:hr>108</ns3:hr>
          </ns3:TrackPointExtension>
        </extensions>
      </trkpt>
      <trkpt lat="44.08429610542953014373779296875" lon="-80.11957691051065921783447265625">
        <ele>467.20001220703125</ele>
        <time>2025-05-19T16:58:24.000Z</time>
        <extensions>
          <ns3:TrackPointExtension>
            <ns3:hr>106</ns3:hr>
          </ns3:TrackPointExtension>
        </extensions>
      </trkpt>
      <trkpt lat="44.084305576980113983154296875" lon="-80.11975980363786220550537109375">
        <ele>467.600006103515625</ele>
        <time>2025-05-19T16:58:33.000Z</time>
        <extensions>
          <ns3:TrackPointExtension>
            <ns3:hr>103</ns3:hr>
          </ns3:TrackPointExtension>
        </extensions>
      </trkpt>
      <trkpt lat="44.0843047387897968292236328125" lon="-80.1197784952819347381591796875">
        <ele>467.600006103515625</ele>
        <time>2025-05-19T16:58:34.000Z</time>
        <extensions>
          <ns3:TrackPointExtension>
            <ns3:hr>103</ns3:hr>
          </ns3:TrackPointExtension>
        </extensions>
      </trkpt>
      <trkpt lat="44.08430331386625766754150390625" lon="-80.1197976060211658477783203125">
        <ele>467.600006103515625</ele>
        <time>2025-05-19T16:58:35.000Z</time>
        <extensions>
          <ns3:TrackPointExtension>
            <ns3:hr>101</ns3:hr>
          </ns3:TrackPointExtension>
        </extensions>
      </trkpt>
      <trkpt lat="44.08430247567594051361083984375" lon="-80.1198737137019634246826171875">
        <ele>467.79998779296875</ele>
        <time>2025-05-19T16:58:39.000Z</time>
        <extensions>
          <ns3:TrackPointExtension>
            <ns3:hr>104</ns3:hr>
          </ns3:TrackPointExtension>
        </extensions>
      </trkpt>
      <trkpt lat="44.0843059122562408447265625" lon="-80.11989173479378223419189453125">
        <ele>468.20001220703125</ele>
        <time>2025-05-19T16:58:40.000Z</time>
        <extensions>
          <ns3:TrackPointExtension>
            <ns3:hr>101</ns3:hr>
          </ns3:TrackPointExtension>
        </extensions>
      </trkpt>
      <trkpt lat="44.084312282502651214599609375" lon="-80.1199293695390224456787109375">
        <ele>468.399993896484375</ele>
        <time>2025-05-19T16:58:42.000Z</time>
        <extensions>
          <ns3:TrackPointExtension>
            <ns3:hr>100</ns3:hr>
          </ns3:TrackPointExtension>
        </extensions>
      </trkpt>
      <trkpt lat="44.08431731164455413818359375" lon="-80.11996566317975521087646484375">
        <ele>468.600006103515625</ele>
        <time>2025-05-19T16:58:44.000Z</time>
        <extensions>
          <ns3:TrackPointExtension>
            <ns3:hr>103</ns3:hr>
          </ns3:TrackPointExtension>
        </extensions>
      </trkpt>
      <trkpt lat="44.08431957475841045379638671875" lon="-80.119984187185764312744140625">
        <ele>468.600006103515625</ele>
        <time>2025-05-19T16:58:45.000Z</time>
        <extensions>
          <ns3:TrackPointExtension>
            <ns3:hr>104</ns3:hr>
          </ns3:TrackPointExtension>
        </extensions>
      </trkpt>
      <trkpt lat="44.08432678319513797760009765625" lon="-80.120096839964389801025390625">
        <ele>469.600006103515625</ele>
        <time>2025-05-19T16:58:52.000Z</time>
        <extensions>
          <ns3:TrackPointExtension>
            <ns3:hr>104</ns3:hr>
          </ns3:TrackPointExtension>
        </extensions>
      </trkpt>
      <trkpt lat="44.08432862721383571624755859375" lon="-80.1201144419610500335693359375">
        <ele>469.79998779296875</ele>
        <time>2025-05-19T16:58:53.000Z</time>
        <extensions>
          <ns3:TrackPointExtension>
            <ns3:hr>106</ns3:hr>
          </ns3:TrackPointExtension>
        </extensions>
      </trkpt>
      <trkpt lat="44.0843335725367069244384765625" lon="-80.12014889158308506011962890625">
        <ele>469.79998779296875</ele>
        <time>2025-05-19T16:58:55.000Z</time>
        <extensions>
          <ns3:TrackPointExtension>
            <ns3:hr>103</ns3:hr>
          </ns3:TrackPointExtension>
        </extensions>
      </trkpt>
      <trkpt lat="44.08434589393436908721923828125" lon="-80.1202589459717273712158203125">
        <ele>470</ele>
        <time>2025-05-19T16:59:01.000Z</time>
        <extensions>
          <ns3:TrackPointExtension>
            <ns3:hr>102</ns3:hr>
          </ns3:TrackPointExtension>
        </extensions>
      </trkpt>
      <trkpt lat="44.08435394056141376495361328125" lon="-80.12035005725920200347900390625">
        <ele>470.399993896484375</ele>
        <time>2025-05-19T16:59:06.000Z</time>
        <extensions>
          <ns3:TrackPointExtension>
            <ns3:hr>105</ns3:hr>
          </ns3:TrackPointExtension>
        </extensions>
      </trkpt>
      <trkpt lat="44.08436249010264873504638671875" lon="-80.12039934284985065460205078125">
        <ele>470.600006103515625</ele>
        <time>2025-05-19T16:59:09.000Z</time>
        <extensions>
          <ns3:TrackPointExtension>
            <ns3:hr>105</ns3:hr>
          </ns3:TrackPointExtension>
        </extensions>
      </trkpt>
      <trkpt lat="44.0843890607357025146484375" lon="-80.12046941556036472320556640625">
        <ele>470.600006103515625</ele>
        <time>2025-05-19T16:59:13.000Z</time>
        <extensions>
          <ns3:TrackPointExtension>
            <ns3:hr>102</ns3:hr>
          </ns3:TrackPointExtension>
        </extensions>
      </trkpt>
      <trkpt lat="44.08441395498812198638916015625" lon="-80.120509229600429534912109375">
        <ele>470.600006103515625</ele>
        <time>2025-05-19T16:59:16.000Z</time>
        <extensions>
          <ns3:TrackPointExtension>
            <ns3:hr>107</ns3:hr>
          </ns3:TrackPointExtension>
        </extensions>
      </trkpt>
      <trkpt lat="44.08442200161516666412353515625" lon="-80.12052020989358425140380859375">
        <ele>470.79998779296875</ele>
        <time>2025-05-19T16:59:17.000Z</time>
        <extensions>
          <ns3:TrackPointExtension>
            <ns3:hr>107</ns3:hr>
          </ns3:TrackPointExtension>
        </extensions>
      </trkpt>
      <trkpt lat="44.08443138934671878814697265625" lon="-80.12053144164383411407470703125">
        <ele>470.79998779296875</ele>
        <time>2025-05-19T16:59:18.000Z</time>
        <extensions>
          <ns3:TrackPointExtension>
            <ns3:hr>107</ns3:hr>
          </ns3:TrackPointExtension>
        </extensions>
      </trkpt>
      <trkpt lat="44.08445519395172595977783203125" lon="-80.12054778635501861572265625">
        <ele>470.79998779296875</ele>
        <time>2025-05-19T16:59:20.000Z</time>
        <extensions>
          <ns3:TrackPointExtension>
            <ns3:hr>104</ns3:hr>
          </ns3:TrackPointExtension>
        </extensions>
      </trkpt>
      <trkpt lat="44.0845297090709209442138671875" lon="-80.12058005668222904205322265625">
        <ele>471</ele>
        <time>2025-05-19T16:59:26.000Z</time>
        <extensions>
          <ns3:TrackPointExtension>
            <ns3:hr>103</ns3:hr>
          </ns3:TrackPointExtension>
        </extensions>
      </trkpt>
      <trkpt lat="44.08458955585956573486328125" lon="-80.12059933505952358245849609375">
        <ele>470.79998779296875</ele>
        <time>2025-05-19T16:59:30.000Z</time>
        <extensions>
          <ns3:TrackPointExtension>
            <ns3:hr>100</ns3:hr>
          </ns3:TrackPointExtension>
        </extensions>
      </trkpt>
      <trkpt lat="44.0846165455877780914306640625" lon="-80.1206049509346485137939453125">
        <ele>470.79998779296875</ele>
        <time>2025-05-19T16:59:32.000Z</time>
        <extensions>
          <ns3:TrackPointExtension>
            <ns3:hr>103</ns3:hr>
          </ns3:TrackPointExtension>
        </extensions>
      </trkpt>
      <trkpt lat="44.08465904183685779571533203125" lon="-80.120619200170040130615234375">
        <ele>470.79998779296875</ele>
        <time>2025-05-19T16:59:35.000Z</time>
        <extensions>
          <ns3:TrackPointExtension>
            <ns3:hr>106</ns3:hr>
          </ns3:TrackPointExtension>
        </extensions>
      </trkpt>
      <trkpt lat="44.0847271867096424102783203125" lon="-80.12063403613865375518798828125">
        <ele>471</ele>
        <time>2025-05-19T16:59:40.000Z</time>
        <extensions>
          <ns3:TrackPointExtension>
            <ns3:hr>103</ns3:hr>
          </ns3:TrackPointExtension>
        </extensions>
      </trkpt>
      <trkpt lat="44.08474990166723728179931640625" lon="-80.12064375914633274078369140625">
        <ele>471</ele>
        <time>2025-05-19T16:59:42.000Z</time>
        <extensions>
          <ns3:TrackPointExtension>
            <ns3:hr>106</ns3:hr>
          </ns3:TrackPointExtension>
        </extensions>
      </trkpt>
      <trkpt lat="44.084772281348705291748046875" lon="-80.12065733782947063446044921875">
        <ele>471</ele>
        <time>2025-05-19T16:59:44.000Z</time>
        <extensions>
          <ns3:TrackPointExtension>
            <ns3:hr>106</ns3:hr>
          </ns3:TrackPointExtension>
        </extensions>
      </trkpt>
      <trkpt lat="44.08484662882983684539794921875" lon="-80.1206772029399871826171875">
        <ele>471</ele>
        <time>2025-05-19T16:59:50.000Z</time>
        <extensions>
          <ns3:TrackPointExtension>
            <ns3:hr>103</ns3:hr>
          </ns3:TrackPointExtension>
        </extensions>
      </trkpt>
      <trkpt lat="44.08492659218609333038330078125" lon="-80.120695643126964569091796875">
        <ele>471.20001220703125</ele>
        <time>2025-05-19T16:59:56.000Z</time>
        <extensions>
          <ns3:TrackPointExtension>
            <ns3:hr>105</ns3:hr>
          </ns3:TrackPointExtension>
        </extensions>
      </trkpt>
      <trkpt lat="44.08505517058074474334716796875" lon="-80.12072623707354068756103515625">
        <ele>471.399993896484375</ele>
        <time>2025-05-19T17:00:06.000Z</time>
        <extensions>
          <ns3:TrackPointExtension>
            <ns3:hr>108</ns3:hr>
          </ns3:TrackPointExtension>
        </extensions>
      </trkpt>
      <trkpt lat="44.08509791828691959381103515625" lon="-80.12073646299540996551513671875">
        <ele>471.600006103515625</ele>
        <time>2025-05-19T17:00:09.000Z</time>
        <extensions>
          <ns3:TrackPointExtension>
            <ns3:hr>105</ns3:hr>
          </ns3:TrackPointExtension>
        </extensions>
      </trkpt>
      <trkpt lat="44.0851647220551967620849609375" lon="-80.120753981173038482666015625">
        <ele>471.600006103515625</ele>
        <time>2025-05-19T17:00:14.000Z</time>
        <extensions>
          <ns3:TrackPointExtension>
            <ns3:hr>109</ns3:hr>
          </ns3:TrackPointExtension>
        </extensions>
      </trkpt>
      <trkpt lat="44.08517788164317607879638671875" lon="-80.12075657956302165985107421875">
        <ele>471.79998779296875</ele>
        <time>2025-05-19T17:00:15.000Z</time>
        <extensions>
          <ns3:TrackPointExtension>
            <ns3:hr>109</ns3:hr>
          </ns3:TrackPointExtension>
        </extensions>
      </trkpt>
      <trkpt lat="44.08523169346153736114501953125" lon="-80.12076630257070064544677734375">
        <ele>471.79998779296875</ele>
        <time>2025-05-19T17:00:19.000Z</time>
        <extensions>
          <ns3:TrackPointExtension>
            <ns3:hr>109</ns3:hr>
          </ns3:TrackPointExtension>
        </extensions>
      </trkpt>
      <trkpt lat="44.08529908396303653717041015625" lon="-80.1207796297967433929443359375">
        <ele>472.20001220703125</ele>
        <time>2025-05-19T17:00:24.000Z</time>
        <extensions>
          <ns3:TrackPointExtension>
            <ns3:hr>110</ns3:hr>
          </ns3:TrackPointExtension>
        </extensions>
      </trkpt>
      <trkpt lat="44.08539497293531894683837890625" lon="-80.1207952201366424560546875">
        <ele>472.20001220703125</ele>
        <time>2025-05-19T17:00:31.000Z</time>
        <extensions>
          <ns3:TrackPointExtension>
            <ns3:hr>110</ns3:hr>
          </ns3:TrackPointExtension>
        </extensions>
      </trkpt>
      <trkpt lat="44.085408635437488555908203125" lon="-80.12079882435500621795654296875">
        <ele>472.20001220703125</ele>
        <time>2025-05-19T17:00:32.000Z</time>
        <extensions>
          <ns3:TrackPointExtension>
            <ns3:hr>106</ns3:hr>
          </ns3:TrackPointExtension>
        </extensions>
      </trkpt>
      <trkpt lat="44.08549438230693340301513671875" lon="-80.12084090150892734527587890625">
        <ele>472.399993896484375</ele>
        <time>2025-05-19T17:00:38.000Z</time>
        <extensions>
          <ns3:TrackPointExtension>
            <ns3:hr>107</ns3:hr>
          </ns3:TrackPointExtension>
        </extensions>
      </trkpt>
      <trkpt lat="44.08560804091393947601318359375" lon="-80.1208896003663539886474609375">
        <ele>472.399993896484375</ele>
        <time>2025-05-19T17:00:47.000Z</time>
        <extensions>
          <ns3:TrackPointExtension>
            <ns3:hr>108</ns3:hr>
          </ns3:TrackPointExtension>
        </extensions>
      </trkpt>
      <trkpt lat="44.08567040227353572845458984375" lon="-80.1209137402474880218505859375">
        <ele>472.20001220703125</ele>
        <time>2025-05-19T17:00:52.000Z</time>
        <extensions>
          <ns3:TrackPointExtension>
            <ns3:hr>104</ns3:hr>
          </ns3:TrackPointExtension>
        </extensions>
      </trkpt>
      <trkpt lat="44.08571968786418437957763671875" lon="-80.12092941440641880035400390625">
        <ele>472.20001220703125</ele>
        <time>2025-05-19T17:00:56.000Z</time>
        <extensions>
          <ns3:TrackPointExtension>
            <ns3:hr>101</ns3:hr>
          </ns3:TrackPointExtension>
        </extensions>
      </trkpt>
      <trkpt lat="44.08573276363313198089599609375" lon="-80.12093327008187770843505859375">
        <ele>472</ele>
        <time>2025-05-19T17:00:57.000Z</time>
        <extensions>
          <ns3:TrackPointExtension>
            <ns3:hr>102</ns3:hr>
          </ns3:TrackPointExtension>
        </extensions>
      </trkpt>
      <trkpt lat="44.0858315862715244293212890625" lon="-80.1209700666368007659912109375">
        <ele>472</ele>
        <time>2025-05-19T17:01:04.000Z</time>
        <extensions>
          <ns3:TrackPointExtension>
            <ns3:hr>105</ns3:hr>
          </ns3:TrackPointExtension>
        </extensions>
      </trkpt>
      <trkpt lat="44.0858587436378002166748046875" lon="-80.12097735889256000518798828125">
        <ele>471.79998779296875</ele>
        <time>2025-05-19T17:01:06.000Z</time>
        <extensions>
          <ns3:TrackPointExtension>
            <ns3:hr>105</ns3:hr>
          </ns3:TrackPointExtension>
        </extensions>
      </trkpt>
      <trkpt lat="44.085975252091884613037109375" lon="-80.12100200168788433074951171875">
        <ele>471.399993896484375</ele>
        <time>2025-05-19T17:01:15.000Z</time>
        <extensions>
          <ns3:TrackPointExtension>
            <ns3:hr>105</ns3:hr>
          </ns3:TrackPointExtension>
        </extensions>
      </trkpt>
      <trkpt lat="44.08609201200306415557861328125" lon="-80.12101423926651477813720703125">
        <ele>471.20001220703125</ele>
        <time>2025-05-19T17:01:23.000Z</time>
        <extensions>
          <ns3:TrackPointExtension>
            <ns3:hr>103</ns3:hr>
          </ns3:TrackPointExtension>
        </extensions>
      </trkpt>
      <trkpt lat="44.08614657819271087646484375" lon="-80.12103536166250705718994140625">
        <ele>471</ele>
        <time>2025-05-19T17:01:27.000Z</time>
        <extensions>
          <ns3:TrackPointExtension>
            <ns3:hr>106</ns3:hr>
          </ns3:TrackPointExtension>
        </extensions>
      </trkpt>
      <trkpt lat="44.0861593186855316162109375" lon="-80.1210377924144268035888671875">
        <ele>471</ele>
        <time>2025-05-19T17:01:28.000Z</time>
        <extensions>
          <ns3:TrackPointExtension>
            <ns3:hr>103</ns3:hr>
          </ns3:TrackPointExtension>
        </extensions>
      </trkpt>
      <trkpt lat="44.08618991263210773468017578125" lon="-80.12103770859539508819580078125">
        <ele>471</ele>
        <time>2025-05-19T17:01:30.000Z</time>
        <extensions>
          <ns3:TrackPointExtension>
            <ns3:hr>103</ns3:hr>
          </ns3:TrackPointExtension>
        </extensions>
      </trkpt>
      <trkpt lat="44.086264930665493011474609375" lon="-80.12104156427085399627685546875">
        <ele>470.79998779296875</ele>
        <time>2025-05-19T17:01:35.000Z</time>
        <extensions>
          <ns3:TrackPointExtension>
            <ns3:hr>103</ns3:hr>
          </ns3:TrackPointExtension>
        </extensions>
      </trkpt>
      <trkpt lat="44.08629200421273708343505859375" lon="-80.12104525230824947357177734375">
        <ele>470.79998779296875</ele>
        <time>2025-05-19T17:01:37.000Z</time>
        <extensions>
          <ns3:TrackPointExtension>
            <ns3:hr>100</ns3:hr>
          </ns3:TrackPointExtension>
        </extensions>
      </trkpt>
      <trkpt lat="44.08631832338869571685791015625" lon="-80.1210545562207698822021484375">
        <ele>470.600006103515625</ele>
        <time>2025-05-19T17:01:39.000Z</time>
        <extensions>
          <ns3:TrackPointExtension>
            <ns3:hr>104</ns3:hr>
          </ns3:TrackPointExtension>
        </extensions>
      </trkpt>
      <trkpt lat="44.08644120208919048309326171875" lon="-80.1210820488631725311279296875">
        <ele>470.600006103515625</ele>
        <time>2025-05-19T17:01:48.000Z</time>
        <extensions>
          <ns3:TrackPointExtension>
            <ns3:hr>108</ns3:hr>
          </ns3:TrackPointExtension>
        </extensions>
      </trkpt>
      <trkpt lat="44.0865696966648101806640625" lon="-80.121128149330615997314453125">
        <ele>470.79998779296875</ele>
        <time>2025-05-19T17:01:58.000Z</time>
        <extensions>
          <ns3:TrackPointExtension>
            <ns3:hr>107</ns3:hr>
          </ns3:TrackPointExtension>
        </extensions>
      </trkpt>
      <trkpt lat="44.0867136977612972259521484375" lon="-80.12115756981074810028076171875">
        <ele>471.20001220703125</ele>
        <time>2025-05-19T17:02:09.000Z</time>
        <extensions>
          <ns3:TrackPointExtension>
            <ns3:hr>109</ns3:hr>
          </ns3:TrackPointExtension>
        </extensions>
      </trkpt>
      <trkpt lat="44.08676591701805591583251953125" lon="-80.12117005884647369384765625">
        <ele>471.20001220703125</ele>
        <time>2025-05-19T17:02:13.000Z</time>
        <extensions>
          <ns3:TrackPointExtension>
            <ns3:hr>105</ns3:hr>
          </ns3:TrackPointExtension>
        </extensions>
      </trkpt>
      <trkpt lat="44.0868250094354152679443359375" lon="-80.12117919512093067169189453125">
        <ele>471</ele>
        <time>2025-05-19T17:02:17.000Z</time>
        <extensions>
          <ns3:TrackPointExtension>
            <ns3:hr>103</ns3:hr>
          </ns3:TrackPointExtension>
        </extensions>
      </trkpt>
      <trkpt lat="44.0868830122053623199462890625" lon="-80.1211873255670070648193359375">
        <ele>471</ele>
        <time>2025-05-19T17:02:21.000Z</time>
        <extensions>
          <ns3:TrackPointExtension>
            <ns3:hr>100</ns3:hr>
          </ns3:TrackPointExtension>
        </extensions>
      </trkpt>
      <trkpt lat="44.0869363211095333099365234375" lon="-80.12120216153562068939208984375">
        <ele>471</ele>
        <time>2025-05-19T17:02:25.000Z</time>
        <extensions>
          <ns3:TrackPointExtension>
            <ns3:hr>98</ns3:hr>
          </ns3:TrackPointExtension>
        </extensions>
      </trkpt>
      <trkpt lat="44.08706464804708957672119140625" lon="-80.12122261337935924530029296875">
        <ele>471</ele>
        <time>2025-05-19T17:02:35.000Z</time>
        <extensions>
          <ns3:TrackPointExtension>
            <ns3:hr>99</ns3:hr>
          </ns3:TrackPointExtension>
        </extensions>
      </trkpt>
      <trkpt lat="44.08716741017997264862060546875" lon="-80.1212537102401256561279296875">
        <ele>470.79998779296875</ele>
        <time>2025-05-19T17:02:43.000Z</time>
        <extensions>
          <ns3:TrackPointExtension>
            <ns3:hr>99</ns3:hr>
          </ns3:TrackPointExtension>
        </extensions>
      </trkpt>
      <trkpt lat="44.087267406284809112548828125" lon="-80.12128463946282863616943359375">
        <ele>470</ele>
        <time>2025-05-19T17:02:51.000Z</time>
        <extensions>
          <ns3:TrackPointExtension>
            <ns3:hr>101</ns3:hr>
          </ns3:TrackPointExtension>
        </extensions>
      </trkpt>
      <trkpt lat="44.087374024093151092529296875" lon="-80.12131079100072383880615234375">
        <ele>469.79998779296875</ele>
        <time>2025-05-19T17:02:59.000Z</time>
        <extensions>
          <ns3:TrackPointExtension>
            <ns3:hr>101</ns3:hr>
          </ns3:TrackPointExtension>
        </extensions>
      </trkpt>
      <trkpt lat="44.087490029633045196533203125" lon="-80.12133375741541385650634765625">
        <ele>470.20001220703125</ele>
        <time>2025-05-19T17:03:07.000Z</time>
        <extensions>
          <ns3:TrackPointExtension>
            <ns3:hr>99</ns3:hr>
          </ns3:TrackPointExtension>
        </extensions>
      </trkpt>
      <trkpt lat="44.08763964660465717315673828125" lon="-80.1213482581079006195068359375">
        <ele>470.399993896484375</ele>
        <time>2025-05-19T17:03:17.000Z</time>
        <extensions>
          <ns3:TrackPointExtension>
            <ns3:hr>102</ns3:hr>
          </ns3:TrackPointExtension>
        </extensions>
      </trkpt>
      <trkpt lat="44.0877483598887920379638671875" lon="-80.12137315236032009124755859375">
        <ele>470.399993896484375</ele>
        <time>2025-05-19T17:03:25.000Z</time>
        <extensions>
          <ns3:TrackPointExtension>
            <ns3:hr>99</ns3:hr>
          </ns3:TrackPointExtension>
        </extensions>
      </trkpt>
      <trkpt lat="44.0877758525311946868896484375" lon="-80.1213848032057285308837890625">
        <ele>470.399993896484375</ele>
        <time>2025-05-19T17:03:27.000Z</time>
        <extensions>
          <ns3:TrackPointExtension>
            <ns3:hr>101</ns3:hr>
          </ns3:TrackPointExtension>
        </extensions>
      </trkpt>
      <trkpt lat="44.0878422372043132781982421875" lon="-80.12140835635364055633544921875">
        <ele>470.79998779296875</ele>
        <time>2025-05-19T17:03:32.000Z</time>
        <extensions>
          <ns3:TrackPointExtension>
            <ns3:hr>104</ns3:hr>
          </ns3:TrackPointExtension>
        </extensions>
      </trkpt>
      <trkpt lat="44.08785690553486347198486328125" lon="-80.1214112900197505950927734375">
        <ele>470.79998779296875</ele>
        <time>2025-05-19T17:03:33.000Z</time>
        <extensions>
          <ns3:TrackPointExtension>
            <ns3:hr>100</ns3:hr>
          </ns3:TrackPointExtension>
        </extensions>
      </trkpt>
      <trkpt lat="44.0878992341458797454833984375" lon="-80.121421515941619873046875">
        <ele>471</ele>
        <time>2025-05-19T17:03:36.000Z</time>
        <extensions>
          <ns3:TrackPointExtension>
            <ns3:hr>102</ns3:hr>
          </ns3:TrackPointExtension>
        </extensions>
      </trkpt>
      <trkpt lat="44.08802269957959651947021484375" lon="-80.12144498527050018310546875">
        <ele>471</ele>
        <time>2025-05-19T17:03:45.000Z</time>
        <extensions>
          <ns3:TrackPointExtension>
            <ns3:hr>103</ns3:hr>
          </ns3:TrackPointExtension>
        </extensions>
      </trkpt>
      <trkpt lat="44.08812898211181163787841796875" lon="-80.1214578934013843536376953125">
        <ele>470.79998779296875</ele>
        <time>2025-05-19T17:03:52.000Z</time>
        <extensions>
          <ns3:TrackPointExtension>
            <ns3:hr>102</ns3:hr>
          </ns3:TrackPointExtension>
        </extensions>
      </trkpt>
      <trkpt lat="44.08819838427007198333740234375" lon="-80.12146417982876300811767578125">
        <ele>470.600006103515625</ele>
        <time>2025-05-19T17:03:57.000Z</time>
        <extensions>
          <ns3:TrackPointExtension>
            <ns3:hr>105</ns3:hr>
          </ns3:TrackPointExtension>
        </extensions>
      </trkpt>
      <trkpt lat="44.0882371924817562103271484375" lon="-80.12147557921707630157470703125">
        <ele>470.600006103515625</ele>
        <time>2025-05-19T17:04:00.000Z</time>
        <extensions>
          <ns3:TrackPointExtension>
            <ns3:hr>105</ns3:hr>
          </ns3:TrackPointExtension>
        </extensions>
      </trkpt>
      <trkpt lat="44.08830919302999973297119140625" lon="-80.12148655951023101806640625">
        <ele>470.399993896484375</ele>
        <time>2025-05-19T17:04:05.000Z</time>
        <extensions>
          <ns3:TrackPointExtension>
            <ns3:hr>100</ns3:hr>
          </ns3:TrackPointExtension>
        </extensions>
      </trkpt>
      <trkpt lat="44.08832394517958164215087890625" lon="-80.1214872300624847412109375">
        <ele>470.399993896484375</ele>
        <time>2025-05-19T17:04:06.000Z</time>
        <extensions>
          <ns3:TrackPointExtension>
            <ns3:hr>103</ns3:hr>
          </ns3:TrackPointExtension>
        </extensions>
      </trkpt>
      <trkpt lat="44.08837591297924518585205078125" lon="-80.121499635279178619384765625">
        <ele>470.20001220703125</ele>
        <time>2025-05-19T17:04:10.000Z</time>
        <extensions>
          <ns3:TrackPointExtension>
            <ns3:hr>102</ns3:hr>
          </ns3:TrackPointExtension>
        </extensions>
      </trkpt>
      <trkpt lat="44.08848085440695285797119140625" lon="-80.1215397007763385772705078125">
        <ele>470</ele>
        <time>2025-05-19T17:04:18.000Z</time>
        <extensions>
          <ns3:TrackPointExtension>
            <ns3:hr>102</ns3:hr>
          </ns3:TrackPointExtension>
        </extensions>
      </trkpt>
      <trkpt lat="44.08857439644634723663330078125" lon="-80.12157649733126163482666015625">
        <ele>469.79998779296875</ele>
        <time>2025-05-19T17:04:26.000Z</time>
        <extensions>
          <ns3:TrackPointExtension>
            <ns3:hr>102</ns3:hr>
          </ns3:TrackPointExtension>
        </extensions>
      </trkpt>
      <trkpt lat="44.0887208282947540283203125" lon="-80.1216013915836811065673828125">
        <ele>469.79998779296875</ele>
        <time>2025-05-19T17:04:36.000Z</time>
        <extensions>
          <ns3:TrackPointExtension>
            <ns3:hr>103</ns3:hr>
          </ns3:TrackPointExtension>
        </extensions>
      </trkpt>
      <trkpt lat="44.08882853575050830841064453125" lon="-80.121619664132595062255859375">
        <ele>469.79998779296875</ele>
        <time>2025-05-19T17:04:43.000Z</time>
        <extensions>
          <ns3:TrackPointExtension>
            <ns3:hr>100</ns3:hr>
          </ns3:TrackPointExtension>
        </extensions>
      </trkpt>
      <trkpt lat="44.0888603031635284423828125" lon="-80.12162678875029087066650390625">
        <ele>469.79998779296875</ele>
        <time>2025-05-19T17:04:45.000Z</time>
        <extensions>
          <ns3:TrackPointExtension>
            <ns3:hr>99</ns3:hr>
          </ns3:TrackPointExtension>
        </extensions>
      </trkpt>
      <trkpt lat="44.08892140723764896392822265625" lon="-80.12164019979536533355712890625">
        <ele>469.79998779296875</ele>
        <time>2025-05-19T17:04:50.000Z</time>
        <extensions>
          <ns3:TrackPointExtension>
            <ns3:hr>102</ns3:hr>
          </ns3:TrackPointExtension>
        </extensions>
      </trkpt>
      <trkpt lat="44.0889560244977474212646484375" lon="-80.1216593943536281585693359375">
        <ele>469.79998779296875</ele>
        <time>2025-05-19T17:04:53.000Z</time>
        <extensions>
          <ns3:TrackPointExtension>
            <ns3:hr>103</ns3:hr>
          </ns3:TrackPointExtension>
        </extensions>
      </trkpt>
      <trkpt lat="44.08896826207637786865234375" lon="-80.12166216038167476654052734375">
        <ele>469.79998779296875</ele>
        <time>2025-05-19T17:04:54.000Z</time>
        <extensions>
          <ns3:TrackPointExtension>
            <ns3:hr>100</ns3:hr>
          </ns3:TrackPointExtension>
        </extensions>
      </trkpt>
      <trkpt lat="44.0890453755855560302734375" lon="-80.1216825284063816070556640625">
        <ele>470</ele>
        <time>2025-05-19T17:05:00.000Z</time>
        <extensions>
          <ns3:TrackPointExtension>
            <ns3:hr>99</ns3:hr>
          </ns3:TrackPointExtension>
        </extensions>
      </trkpt>
      <trkpt lat="44.0891578607261180877685546875" lon="-80.1217291317880153656005859375">
        <ele>469.79998779296875</ele>
        <time>2025-05-19T17:05:09.000Z</time>
        <extensions>
          <ns3:TrackPointExtension>
            <ns3:hr>99</ns3:hr>
          </ns3:TrackPointExtension>
        </extensions>
      </trkpt>
      <trkpt lat="44.08923874609172344207763671875" lon="-80.12175838463008403778076171875">
        <ele>469.600006103515625</ele>
        <time>2025-05-19T17:05:15.000Z</time>
        <extensions>
          <ns3:TrackPointExtension>
            <ns3:hr>100</ns3:hr>
          </ns3:TrackPointExtension>
        </extensions>
      </trkpt>
      <trkpt lat="44.0893392451107501983642578125" lon="-80.1217764057219028472900390625">
        <ele>469.399993896484375</ele>
        <time>2025-05-19T17:05:22.000Z</time>
        <extensions>
          <ns3:TrackPointExtension>
            <ns3:hr>103</ns3:hr>
          </ns3:TrackPointExtension>
        </extensions>
      </trkpt>
      <trkpt lat="44.08935290761291980743408203125" lon="-80.121781267225742340087890625">
        <ele>469.399993896484375</ele>
        <time>2025-05-19T17:05:23.000Z</time>
        <extensions>
          <ns3:TrackPointExtension>
            <ns3:hr>104</ns3:hr>
          </ns3:TrackPointExtension>
        </extensions>
      </trkpt>
      <trkpt lat="44.08940571360290050506591796875" lon="-80.1218049041926860809326171875">
        <ele>469.399993896484375</ele>
        <time>2025-05-19T17:05:27.000Z</time>
        <extensions>
          <ns3:TrackPointExtension>
            <ns3:hr>101</ns3:hr>
          </ns3:TrackPointExtension>
        </extensions>
      </trkpt>
      <trkpt lat="44.0894696675240993499755859375" lon="-80.12182208709418773651123046875">
        <ele>469</ele>
        <time>2025-05-19T17:05:32.000Z</time>
        <extensions>
          <ns3:TrackPointExtension>
            <ns3:hr>105</ns3:hr>
          </ns3:TrackPointExtension>
        </extensions>
      </trkpt>
      <trkpt lat="44.08949741162359714508056640625" lon="-80.12182678095996379852294921875">
        <ele>468.79998779296875</ele>
        <time>2025-05-19T17:05:34.000Z</time>
        <extensions>
          <ns3:TrackPointExtension>
            <ns3:hr>103</ns3:hr>
          </ns3:TrackPointExtension>
        </extensions>
      </trkpt>
      <trkpt lat="44.08960671164095401763916015625" lon="-80.121843628585338592529296875">
        <ele>468.20001220703125</ele>
        <time>2025-05-19T17:05:42.000Z</time>
        <extensions>
          <ns3:TrackPointExtension>
            <ns3:hr>104</ns3:hr>
          </ns3:TrackPointExtension>
        </extensions>
      </trkpt>
      <trkpt lat="44.0896607749164104461669921875" lon="-80.1218531839549541473388671875">
        <ele>467.79998779296875</ele>
        <time>2025-05-19T17:05:46.000Z</time>
        <extensions>
          <ns3:TrackPointExtension>
            <ns3:hr>104</ns3:hr>
          </ns3:TrackPointExtension>
        </extensions>
      </trkpt>
      <trkpt lat="44.08973746933043003082275390625" lon="-80.121869780123233795166015625">
        <ele>467.20001220703125</ele>
        <time>2025-05-19T17:05:52.000Z</time>
        <extensions>
          <ns3:TrackPointExtension>
            <ns3:hr>102</ns3:hr>
          </ns3:TrackPointExtension>
        </extensions>
      </trkpt>
      <trkpt lat="44.0898009203374385833740234375" lon="-80.1218997873365879058837890625">
        <ele>466.79998779296875</ele>
        <time>2025-05-19T17:05:57.000Z</time>
        <extensions>
          <ns3:TrackPointExtension>
            <ns3:hr>100</ns3:hr>
          </ns3:TrackPointExtension>
        </extensions>
      </trkpt>
      <trkpt lat="44.0898562408983707427978515625" lon="-80.121917389333248138427734375">
        <ele>466.600006103515625</ele>
        <time>2025-05-19T17:06:01.000Z</time>
        <extensions>
          <ns3:TrackPointExtension>
            <ns3:hr>102</ns3:hr>
          </ns3:TrackPointExtension>
        </extensions>
      </trkpt>
      <trkpt lat="44.0899653732776641845703125" lon="-80.12193155474960803985595703125">
        <ele>466.399993896484375</ele>
        <time>2025-05-19T17:06:09.000Z</time>
        <extensions>
          <ns3:TrackPointExtension>
            <ns3:hr>102</ns3:hr>
          </ns3:TrackPointExtension>
        </extensions>
      </trkpt>
      <trkpt lat="44.0901046805083751678466796875" lon="-80.12194496579468250274658203125">
        <ele>466.399993896484375</ele>
        <time>2025-05-19T17:06:19.000Z</time>
        <extensions>
          <ns3:TrackPointExtension>
            <ns3:hr>100</ns3:hr>
          </ns3:TrackPointExtension>
        </extensions>
      </trkpt>
      <trkpt lat="44.09022361971437931060791015625" lon="-80.1219592988491058349609375">
        <ele>466.399993896484375</ele>
        <time>2025-05-19T17:06:28.000Z</time>
        <extensions>
          <ns3:TrackPointExtension>
            <ns3:hr>100</ns3:hr>
          </ns3:TrackPointExtension>
        </extensions>
      </trkpt>
      <trkpt lat="44.09031808376312255859375" lon="-80.12197061441838741302490234375">
        <ele>467</ele>
        <time>2025-05-19T17:06:36.000Z</time>
        <extensions>
          <ns3:TrackPointExtension>
            <ns3:hr>96</ns3:hr>
          </ns3:TrackPointExtension>
        </extensions>
      </trkpt>
      <trkpt lat="44.090331830084323883056640625" lon="-80.12197472155094146728515625">
        <ele>467</ele>
        <time>2025-05-19T17:06:37.000Z</time>
        <extensions>
          <ns3:TrackPointExtension>
            <ns3:hr>99</ns3:hr>
          </ns3:TrackPointExtension>
        </extensions>
      </trkpt>
      <trkpt lat="44.09034289419651031494140625" lon="-80.12197815813124179840087890625">
        <ele>467</ele>
        <time>2025-05-19T17:06:38.000Z</time>
        <extensions>
          <ns3:TrackPointExtension>
            <ns3:hr>98</ns3:hr>
          </ns3:TrackPointExtension>
        </extensions>
      </trkpt>
      <trkpt lat="44.0904168225824832916259765625" lon="-80.12199576012790203094482421875">
        <ele>467.79998779296875</ele>
        <time>2025-05-19T17:06:44.000Z</time>
        <extensions>
          <ns3:TrackPointExtension>
            <ns3:hr>98</ns3:hr>
          </ns3:TrackPointExtension>
        </extensions>
      </trkpt>
      <trkpt lat="44.0904577262699604034423828125" lon="-80.1220007054507732391357421875">
        <ele>468.20001220703125</ele>
        <time>2025-05-19T17:06:47.000Z</time>
        <extensions>
          <ns3:TrackPointExtension>
            <ns3:hr>98</ns3:hr>
          </ns3:TrackPointExtension>
        </extensions>
      </trkpt>
      <trkpt lat="44.0905608236789703369140625" lon="-80.12201872654259204864501953125">
        <ele>468.600006103515625</ele>
        <time>2025-05-19T17:06:55.000Z</time>
        <extensions>
          <ns3:TrackPointExtension>
            <ns3:hr>97</ns3:hr>
          </ns3:TrackPointExtension>
        </extensions>
      </trkpt>
      <trkpt lat="44.09058672375977039337158203125" lon="-80.1220211572945117950439453125">
        <ele>469</ele>
        <time>2025-05-19T17:06:57.000Z</time>
        <extensions>
          <ns3:TrackPointExtension>
            <ns3:hr>98</ns3:hr>
          </ns3:TrackPointExtension>
        </extensions>
      </trkpt>
      <trkpt lat="44.0906370989978313446044921875" lon="-80.12203196994960308074951171875">
        <ele>469.399993896484375</ele>
        <time>2025-05-19T17:07:01.000Z</time>
        <extensions>
          <ns3:TrackPointExtension>
            <ns3:hr>103</ns3:hr>
          </ns3:TrackPointExtension>
        </extensions>
      </trkpt>
      <trkpt lat="44.09068730659782886505126953125" lon="-80.1220436207950115203857421875">
        <ele>469.79998779296875</ele>
        <time>2025-05-19T17:07:05.000Z</time>
        <extensions>
          <ns3:TrackPointExtension>
            <ns3:hr>102</ns3:hr>
          </ns3:TrackPointExtension>
        </extensions>
      </trkpt>
      <trkpt lat="44.09072376787662506103515625" lon="-80.122052170336246490478515625">
        <ele>470</ele>
        <time>2025-05-19T17:07:08.000Z</time>
        <extensions>
          <ns3:TrackPointExtension>
            <ns3:hr>100</ns3:hr>
          </ns3:TrackPointExtension>
        </extensions>
      </trkpt>
      <trkpt lat="44.09078805707395076751708984375" lon="-80.12208578176796436309814453125">
        <ele>471</ele>
        <time>2025-05-19T17:07:14.000Z</time>
        <extensions>
          <ns3:TrackPointExtension>
            <ns3:hr>101</ns3:hr>
          </ns3:TrackPointExtension>
        </extensions>
      </trkpt>
      <trkpt lat="44.09081169404089450836181640625" lon="-80.12209382839500904083251953125">
        <ele>471</ele>
        <time>2025-05-19T17:07:16.000Z</time>
        <extensions>
          <ns3:TrackPointExtension>
            <ns3:hr>100</ns3:hr>
          </ns3:TrackPointExtension>
        </extensions>
      </trkpt>
      <trkpt lat="44.09082577563822269439697265625" lon="-80.1220972649753093719482421875">
        <ele>471.20001220703125</ele>
        <time>2025-05-19T17:07:17.000Z</time>
        <extensions>
          <ns3:TrackPointExtension>
            <ns3:hr>98</ns3:hr>
          </ns3:TrackPointExtension>
        </extensions>
      </trkpt>
      <trkpt lat="44.090890400111675262451171875" lon="-80.1221210695803165435791015625">
        <ele>472</ele>
        <time>2025-05-19T17:07:22.000Z</time>
        <extensions>
          <ns3:TrackPointExtension>
            <ns3:hr>101</ns3:hr>
          </ns3:TrackPointExtension>
        </extensions>
      </trkpt>
      <trkpt lat="44.09090355969965457916259765625" lon="-80.1221254281699657440185546875">
        <ele>472.20001220703125</ele>
        <time>2025-05-19T17:07:23.000Z</time>
        <extensions>
          <ns3:TrackPointExtension>
            <ns3:hr>102</ns3:hr>
          </ns3:TrackPointExtension>
        </extensions>
      </trkpt>
      <trkpt lat="44.0909177251160144805908203125" lon="-80.12213028967380523681640625">
        <ele>472.20001220703125</ele>
        <time>2025-05-19T17:07:24.000Z</time>
        <extensions>
          <ns3:TrackPointExtension>
            <ns3:hr>105</ns3:hr>
          </ns3:TrackPointExtension>
        </extensions>
      </trkpt>
      <trkpt lat="44.090946055948734283447265625" lon="-80.12213691137731075286865234375">
        <ele>472.399993896484375</ele>
        <time>2025-05-19T17:07:26.000Z</time>
        <extensions>
          <ns3:TrackPointExtension>
            <ns3:hr>108</ns3:hr>
          </ns3:TrackPointExtension>
        </extensions>
      </trkpt>
      <trkpt lat="44.0909717045724391937255859375" lon="-80.12214344926178455352783203125">
        <ele>472.399993896484375</ele>
        <time>2025-05-19T17:07:28.000Z</time>
        <extensions>
          <ns3:TrackPointExtension>
            <ns3:hr>112</ns3:hr>
          </ns3:TrackPointExtension>
        </extensions>
      </trkpt>
      <trkpt lat="44.09098369069397449493408203125" lon="-80.12214562855660915374755859375">
        <ele>472.600006103515625</ele>
        <time>2025-05-19T17:07:29.000Z</time>
        <extensions>
          <ns3:TrackPointExtension>
            <ns3:hr>115</ns3:hr>
          </ns3:TrackPointExtension>
        </extensions>
      </trkpt>
      <trkpt lat="44.0910213254392147064208984375" lon="-80.1221592910587787628173828125">
        <ele>472.600006103515625</ele>
        <time>2025-05-19T17:07:32.000Z</time>
        <extensions>
          <ns3:TrackPointExtension>
            <ns3:hr>118</ns3:hr>
          </ns3:TrackPointExtension>
        </extensions>
      </trkpt>
      <trkpt lat="44.09107572399079799652099609375" lon="-80.1221673376858234405517578125">
        <ele>472.79998779296875</ele>
        <time>2025-05-19T17:07:36.000Z</time>
        <extensions>
          <ns3:TrackPointExtension>
            <ns3:hr>121</ns3:hr>
          </ns3:TrackPointExtension>
        </extensions>
      </trkpt>
      <trkpt lat="44.09111813642084598541259765625" lon="-80.122175551950931549072265625">
        <ele>472.79998779296875</ele>
        <time>2025-05-19T17:07:39.000Z</time>
        <extensions>
          <ns3:TrackPointExtension>
            <ns3:hr>121</ns3:hr>
          </ns3:TrackPointExtension>
        </extensions>
      </trkpt>
      <trkpt lat="44.09123749472200870513916015625" lon="-80.12221050448715686798095703125">
        <ele>472.600006103515625</ele>
        <time>2025-05-19T17:07:48.000Z</time>
        <extensions>
          <ns3:TrackPointExtension>
            <ns3:hr>121</ns3:hr>
          </ns3:TrackPointExtension>
        </extensions>
      </trkpt>
      <trkpt lat="44.0913522429764270782470703125" lon="-80.1222451217472553253173828125">
        <ele>472.399993896484375</ele>
        <time>2025-05-19T17:07:57.000Z</time>
        <extensions>
          <ns3:TrackPointExtension>
            <ns3:hr>121</ns3:hr>
          </ns3:TrackPointExtension>
        </extensions>
      </trkpt>
      <trkpt lat="44.09136557020246982574462890625" lon="-80.12224839068949222564697265625">
        <ele>472.20001220703125</ele>
        <time>2025-05-19T17:07:58.000Z</time>
        <extensions>
          <ns3:TrackPointExtension>
            <ns3:hr>118</ns3:hr>
          </ns3:TrackPointExtension>
        </extensions>
      </trkpt>
      <trkpt lat="44.09137948416173458099365234375" lon="-80.1222514919936656951904296875">
        <ele>472.20001220703125</ele>
        <time>2025-05-19T17:07:59.000Z</time>
        <extensions>
          <ns3:TrackPointExtension>
            <ns3:hr>115</ns3:hr>
          </ns3:TrackPointExtension>
        </extensions>
      </trkpt>
      <trkpt lat="44.09139289520680904388427734375" lon="-80.12225425802171230316162109375">
        <ele>472.20001220703125</ele>
        <time>2025-05-19T17:08:00.000Z</time>
        <extensions>
          <ns3:TrackPointExtension>
            <ns3:hr>115</ns3:hr>
          </ns3:TrackPointExtension>
        </extensions>
      </trkpt>
      <trkpt lat="44.09149398095905780792236328125" lon="-80.1222877018153667449951171875">
        <ele>472.399993896484375</ele>
        <time>2025-05-19T17:08:08.000Z</time>
        <extensions>
          <ns3:TrackPointExtension>
            <ns3:hr>114</ns3:hr>
          </ns3:TrackPointExtension>
        </extensions>
      </trkpt>
      <trkpt lat="44.09152063541114330291748046875" lon="-80.12229750864207744598388671875">
        <ele>472.600006103515625</ele>
        <time>2025-05-19T17:08:10.000Z</time>
        <extensions>
          <ns3:TrackPointExtension>
            <ns3:hr>111</ns3:hr>
          </ns3:TrackPointExtension>
        </extensions>
      </trkpt>
      <trkpt lat="44.0916117466986179351806640625" lon="-80.12233153916895389556884765625">
        <ele>472.79998779296875</ele>
        <time>2025-05-19T17:08:17.000Z</time>
        <extensions>
          <ns3:TrackPointExtension>
            <ns3:hr>111</ns3:hr>
          </ns3:TrackPointExtension>
        </extensions>
      </trkpt>
      <trkpt lat="44.0916476212441921234130859375" lon="-80.1223299466073513031005859375">
        <ele>473</ele>
        <time>2025-05-19T17:08:21.000Z</time>
        <extensions>
          <ns3:TrackPointExtension>
            <ns3:hr>108</ns3:hr>
          </ns3:TrackPointExtension>
        </extensions>
      </trkpt>
      <trkpt lat="44.0916538238525390625" lon="-80.1223267614841461181640625">
        <ele>473.20001220703125</ele>
        <time>2025-05-19T17:08:23.000Z</time>
        <extensions>
          <ns3:TrackPointExtension>
            <ns3:hr>109</ns3:hr>
          </ns3:TrackPointExtension>
        </extensions>
      </trkpt>
      <trkpt lat="44.09165508113801479339599609375" lon="-80.12232340872287750244140625">
        <ele>473.399993896484375</ele>
        <time>2025-05-19T17:08:24.000Z</time>
        <extensions>
          <ns3:TrackPointExtension>
            <ns3:hr>110</ns3:hr>
          </ns3:TrackPointExtension>
        </extensions>
      </trkpt>
      <trkpt lat="44.0916536562144756317138671875" lon="-80.1223141886293888092041015625">
        <ele>473.600006103515625</ele>
        <time>2025-05-19T17:08:27.000Z</time>
        <extensions>
          <ns3:TrackPointExtension>
            <ns3:hr>106</ns3:hr>
          </ns3:TrackPointExtension>
        </extensions>
      </trkpt>
      <trkpt lat="44.0916523151099681854248046875" lon="-80.12229667045176029205322265625">
        <ele>473.79998779296875</ele>
        <time>2025-05-19T17:08:32.000Z</time>
        <extensions>
          <ns3:TrackPointExtension>
            <ns3:hr>104</ns3:hr>
          </ns3:TrackPointExtension>
        </extensions>
      </trkpt>
      <trkpt lat="44.0916492976248264312744140625" lon="-80.1222900487482547760009765625">
        <ele>473.79998779296875</ele>
        <time>2025-05-19T17:08:33.000Z</time>
        <extensions>
          <ns3:TrackPointExtension>
            <ns3:hr>108</ns3:hr>
          </ns3:TrackPointExtension>
        </extensions>
      </trkpt>
      <trkpt lat="44.0916258282959461212158203125" lon="-80.1222451217472553253173828125">
        <ele>473.79998779296875</ele>
        <time>2025-05-19T17:08:38.000Z</time>
        <extensions>
          <ns3:TrackPointExtension>
            <ns3:hr>111</ns3:hr>
          </ns3:TrackPointExtension>
        </extensions>
      </trkpt>
      <trkpt lat="44.09163303673267364501953125" lon="-80.12221385724842548370361328125">
        <ele>473.600006103515625</ele>
        <time>2025-05-19T17:08:42.000Z</time>
        <extensions>
          <ns3:TrackPointExtension>
            <ns3:hr>111</ns3:hr>
          </ns3:TrackPointExtension>
        </extensions>
      </trkpt>
      <trkpt lat="44.0916777960956096649169921875" lon="-80.12221201322972774505615234375">
        <ele>473.600006103515625</ele>
        <time>2025-05-19T17:08:46.000Z</time>
        <extensions>
          <ns3:TrackPointExtension>
            <ns3:hr>114</ns3:hr>
          </ns3:TrackPointExtension>
        </extensions>
      </trkpt>
      <trkpt lat="44.0916902013123035430908203125" lon="-80.12221586890518665313720703125">
        <ele>473.600006103515625</ele>
        <time>2025-05-19T17:08:47.000Z</time>
        <extensions>
          <ns3:TrackPointExtension>
            <ns3:hr>120</ns3:hr>
          </ns3:TrackPointExtension>
        </extensions>
      </trkpt>
      <trkpt lat="44.0917007625102996826171875" lon="-80.12222022749483585357666015625">
        <ele>473.600006103515625</ele>
        <time>2025-05-19T17:08:48.000Z</time>
        <extensions>
          <ns3:TrackPointExtension>
            <ns3:hr>117</ns3:hr>
          </ns3:TrackPointExtension>
        </extensions>
      </trkpt>
      <trkpt lat="44.09172683022916316986083984375" lon="-80.12222492136061191558837890625">
        <ele>473.600006103515625</ele>
        <time>2025-05-19T17:08:50.000Z</time>
        <extensions>
          <ns3:TrackPointExtension>
            <ns3:hr>119</ns3:hr>
          </ns3:TrackPointExtension>
        </extensions>
      </trkpt>
      <trkpt lat="44.0917867608368396759033203125" lon="-80.12222944758832454681396484375">
        <ele>473.79998779296875</ele>
        <time>2025-05-19T17:08:55.000Z</time>
        <extensions>
          <ns3:TrackPointExtension>
            <ns3:hr>116</ns3:hr>
          </ns3:TrackPointExtension>
        </extensions>
      </trkpt>
      <trkpt lat="44.09182355739176273345947265625" lon="-80.1222293637692928314208984375">
        <ele>474.600006103515625</ele>
        <time>2025-05-19T17:08:58.000Z</time>
        <extensions>
          <ns3:TrackPointExtension>
            <ns3:hr>117</ns3:hr>
          </ns3:TrackPointExtension>
        </extensions>
      </trkpt>
      <trkpt lat="44.09186043776571750640869140625" lon="-80.12223145924508571624755859375">
        <ele>475.20001220703125</ele>
        <time>2025-05-19T17:09:01.000Z</time>
        <extensions>
          <ns3:TrackPointExtension>
            <ns3:hr>117</ns3:hr>
          </ns3:TrackPointExtension>
        </extensions>
      </trkpt>
      <trkpt lat="44.09188306890428066253662109375" lon="-80.1222347281873226165771484375">
        <ele>475.79998779296875</ele>
        <time>2025-05-19T17:09:03.000Z</time>
        <extensions>
          <ns3:TrackPointExtension>
            <ns3:hr>119</ns3:hr>
          </ns3:TrackPointExtension>
        </extensions>
      </trkpt>
      <trkpt lat="44.0919061191380023956298828125" lon="-80.12223967351019382476806640625">
        <ele>476.399993896484375</ele>
        <time>2025-05-19T17:09:05.000Z</time>
        <extensions>
          <ns3:TrackPointExtension>
            <ns3:hr>116</ns3:hr>
          </ns3:TrackPointExtension>
        </extensions>
      </trkpt>
      <trkpt lat="44.0919287502765655517578125" lon="-80.12224688194692134857177734375">
        <ele>476.79998779296875</ele>
        <time>2025-05-19T17:09:07.000Z</time>
        <extensions>
          <ns3:TrackPointExtension>
            <ns3:hr>115</ns3:hr>
          </ns3:TrackPointExtension>
        </extensions>
      </trkpt>
      <trkpt lat="44.09197510220110416412353515625" lon="-80.12225375510752201080322265625">
        <ele>477.399993896484375</ele>
        <time>2025-05-19T17:09:11.000Z</time>
        <extensions>
          <ns3:TrackPointExtension>
            <ns3:hr>119</ns3:hr>
          </ns3:TrackPointExtension>
        </extensions>
      </trkpt>
      <trkpt lat="44.09199337475001811981201171875" lon="-80.1222618855535984039306640625">
        <ele>477.79998779296875</ele>
        <time>2025-05-19T17:09:13.000Z</time>
        <extensions>
          <ns3:TrackPointExtension>
            <ns3:hr>116</ns3:hr>
          </ns3:TrackPointExtension>
        </extensions>
      </trkpt>
      <trkpt lat="44.092003516852855682373046875" lon="-80.12226280756294727325439453125">
        <ele>477.79998779296875</ele>
        <time>2025-05-19T17:09:14.000Z</time>
        <extensions>
          <ns3:TrackPointExtension>
            <ns3:hr>116</ns3:hr>
          </ns3:TrackPointExtension>
        </extensions>
      </trkpt>
      <trkpt lat="44.09202589653432369232177734375" lon="-80.12226515449583530426025390625">
        <ele>478</ele>
        <time>2025-05-19T17:09:16.000Z</time>
        <extensions>
          <ns3:TrackPointExtension>
            <ns3:hr>115</ns3:hr>
          </ns3:TrackPointExtension>
        </extensions>
      </trkpt>
      <trkpt lat="44.09219604916870594024658203125" lon="-80.12232181616127490997314453125">
        <ele>479</ele>
        <time>2025-05-19T17:09:30.000Z</time>
        <extensions>
          <ns3:TrackPointExtension>
            <ns3:hr>114</ns3:hr>
          </ns3:TrackPointExtension>
        </extensions>
      </trkpt>
      <trkpt lat="44.092208705842494964599609375" lon="-80.1223267614841461181640625">
        <ele>479</ele>
        <time>2025-05-19T17:09:31.000Z</time>
        <extensions>
          <ns3:TrackPointExtension>
            <ns3:hr>117</ns3:hr>
          </ns3:TrackPointExtension>
        </extensions>
      </trkpt>
      <trkpt lat="44.092232845723628997802734375" lon="-80.12234327383339405059814453125">
        <ele>479.399993896484375</ele>
        <time>2025-05-19T17:09:33.000Z</time>
        <extensions>
          <ns3:TrackPointExtension>
            <ns3:hr>113</ns3:hr>
          </ns3:TrackPointExtension>
        </extensions>
      </trkpt>
      <trkpt lat="44.092281796038150787353515625" lon="-80.1223530806601047515869140625">
        <ele>480</ele>
        <time>2025-05-19T17:09:37.000Z</time>
        <extensions>
          <ns3:TrackPointExtension>
            <ns3:hr>112</ns3:hr>
          </ns3:TrackPointExtension>
        </extensions>
      </trkpt>
      <trkpt lat="44.09234139136970043182373046875" lon="-80.12237629853188991546630859375">
        <ele>480.600006103515625</ele>
        <time>2025-05-19T17:09:42.000Z</time>
        <extensions>
          <ns3:TrackPointExtension>
            <ns3:hr>115</ns3:hr>
          </ns3:TrackPointExtension>
        </extensions>
      </trkpt>
      <trkpt lat="44.09235178492963314056396484375" lon="-80.1223802380263805389404296875">
        <ele>480.600006103515625</ele>
        <time>2025-05-19T17:09:43.000Z</time>
        <extensions>
          <ns3:TrackPointExtension>
            <ns3:hr>115</ns3:hr>
          </ns3:TrackPointExtension>
        </extensions>
      </trkpt>
      <trkpt lat="44.092386066913604736328125" lon="-80.122388117015361785888671875">
        <ele>481</ele>
        <time>2025-05-19T17:09:46.000Z</time>
        <extensions>
          <ns3:TrackPointExtension>
            <ns3:hr>117</ns3:hr>
          </ns3:TrackPointExtension>
        </extensions>
      </trkpt>
      <trkpt lat="44.092420600354671478271484375" lon="-80.12239851057529449462890625">
        <ele>481.20001220703125</ele>
        <time>2025-05-19T17:09:49.000Z</time>
        <extensions>
          <ns3:TrackPointExtension>
            <ns3:hr>120</ns3:hr>
          </ns3:TrackPointExtension>
        </extensions>
      </trkpt>
      <trkpt lat="44.09243258647620677947998046875" lon="-80.12240228243172168731689453125">
        <ele>481.20001220703125</ele>
        <time>2025-05-19T17:09:50.000Z</time>
        <extensions>
          <ns3:TrackPointExtension>
            <ns3:hr>123</ns3:hr>
          </ns3:TrackPointExtension>
        </extensions>
      </trkpt>
      <trkpt lat="44.09245555289089679718017578125" lon="-80.12240999378263950347900390625">
        <ele>481.20001220703125</ele>
        <time>2025-05-19T17:09:52.000Z</time>
        <extensions>
          <ns3:TrackPointExtension>
            <ns3:hr>126</ns3:hr>
          </ns3:TrackPointExtension>
        </extensions>
      </trkpt>
      <trkpt lat="44.09252897836267948150634765625" lon="-80.122451484203338623046875">
        <ele>481.399993896484375</ele>
        <time>2025-05-19T17:10:00.000Z</time>
        <extensions>
          <ns3:TrackPointExtension>
            <ns3:hr>126</ns3:hr>
          </ns3:TrackPointExtension>
        </extensions>
      </trkpt>
      <trkpt lat="44.0925939381122589111328125" lon="-80.1225079782307147979736328125">
        <ele>481.399993896484375</ele>
        <time>2025-05-19T17:10:06.000Z</time>
        <extensions>
          <ns3:TrackPointExtension>
            <ns3:hr>122</ns3:hr>
          </ns3:TrackPointExtension>
        </extensions>
      </trkpt>
      <trkpt lat="44.09260265529155731201171875" lon="-80.12251409702003002166748046875">
        <ele>481.399993896484375</ele>
        <time>2025-05-19T17:10:07.000Z</time>
        <extensions>
          <ns3:TrackPointExtension>
            <ns3:hr>125</ns3:hr>
          </ns3:TrackPointExtension>
        </extensions>
      </trkpt>
      <trkpt lat="44.0926340036094188690185546875" lon="-80.12252549640834331512451171875">
        <ele>481.399993896484375</ele>
        <time>2025-05-19T17:10:10.000Z</time>
        <extensions>
          <ns3:TrackPointExtension>
            <ns3:hr>124</ns3:hr>
          </ns3:TrackPointExtension>
        </extensions>
      </trkpt>
      <trkpt lat="44.09279786981642246246337890625" lon="-80.1225763745605945587158203125">
        <ele>481.600006103515625</ele>
        <time>2025-05-19T17:10:24.000Z</time>
        <extensions>
          <ns3:TrackPointExtension>
            <ns3:hr>122</ns3:hr>
          </ns3:TrackPointExtension>
        </extensions>
      </trkpt>
      <trkpt lat="44.09294974990189075469970703125" lon="-80.12261442840099334716796875">
        <ele>482</ele>
        <time>2025-05-19T17:10:36.000Z</time>
        <extensions>
          <ns3:TrackPointExtension>
            <ns3:hr>125</ns3:hr>
          </ns3:TrackPointExtension>
        </extensions>
      </trkpt>
      <trkpt lat="44.0929763205349445343017578125" lon="-80.1226182840764522552490234375">
        <ele>482</ele>
        <time>2025-05-19T17:10:38.000Z</time>
        <extensions>
          <ns3:TrackPointExtension>
            <ns3:hr>126</ns3:hr>
          </ns3:TrackPointExtension>
        </extensions>
      </trkpt>
      <trkpt lat="44.0929910726845264434814453125" lon="-80.12261887080967426300048828125">
        <ele>482.20001220703125</ele>
        <time>2025-05-19T17:10:39.000Z</time>
        <extensions>
          <ns3:TrackPointExtension>
            <ns3:hr>126</ns3:hr>
          </ns3:TrackPointExtension>
        </extensions>
      </trkpt>
      <trkpt lat="44.09312434494495391845703125" lon="-80.1226373948156833648681640625">
        <ele>482.399993896484375</ele>
        <time>2025-05-19T17:10:49.000Z</time>
        <extensions>
          <ns3:TrackPointExtension>
            <ns3:hr>123</ns3:hr>
          </ns3:TrackPointExtension>
        </extensions>
      </trkpt>
      <trkpt lat="44.09317396581172943115234375" lon="-80.1226501353085041046142578125">
        <ele>483</ele>
        <time>2025-05-19T17:10:53.000Z</time>
        <extensions>
          <ns3:TrackPointExtension>
            <ns3:hr>124</ns3:hr>
          </ns3:TrackPointExtension>
        </extensions>
      </trkpt>
      <trkpt lat="44.09321277402341365814208984375" lon="-80.122653655707836151123046875">
        <ele>483.20001220703125</ele>
        <time>2025-05-19T17:10:56.000Z</time>
        <extensions>
          <ns3:TrackPointExtension>
            <ns3:hr>123</ns3:hr>
          </ns3:TrackPointExtension>
        </extensions>
      </trkpt>
      <trkpt lat="44.09327614121139049530029296875" lon="-80.12266430072486400604248046875">
        <ele>483.399993896484375</ele>
        <time>2025-05-19T17:11:01.000Z</time>
        <extensions>
          <ns3:TrackPointExtension>
            <ns3:hr>122</ns3:hr>
          </ns3:TrackPointExtension>
        </extensions>
      </trkpt>
      <trkpt lat="44.09337772987782955169677734375" lon="-80.12270235456526279449462890625">
        <ele>484.20001220703125</ele>
        <time>2025-05-19T17:11:09.000Z</time>
        <extensions>
          <ns3:TrackPointExtension>
            <ns3:hr>121</ns3:hr>
          </ns3:TrackPointExtension>
        </extensions>
      </trkpt>
      <trkpt lat="44.093490131199359893798828125" lon="-80.12273873202502727508544921875">
        <ele>485</ele>
        <time>2025-05-19T17:11:18.000Z</time>
        <extensions>
          <ns3:TrackPointExtension>
            <ns3:hr>118</ns3:hr>
          </ns3:TrackPointExtension>
        </extensions>
      </trkpt>
      <trkpt lat="44.0935134328901767730712890625" lon="-80.12274585664272308349609375">
        <ele>485.20001220703125</ele>
        <time>2025-05-19T17:11:20.000Z</time>
        <extensions>
          <ns3:TrackPointExtension>
            <ns3:hr>118</ns3:hr>
          </ns3:TrackPointExtension>
        </extensions>
      </trkpt>
      <trkpt lat="44.093600772321224212646484375" lon="-80.1227591000497341156005859375">
        <ele>486</ele>
        <time>2025-05-19T17:11:27.000Z</time>
        <extensions>
          <ns3:TrackPointExtension>
            <ns3:hr>120</ns3:hr>
          </ns3:TrackPointExtension>
        </extensions>
      </trkpt>
      <trkpt lat="44.093625247478485107421875" lon="-80.122762620449066162109375">
        <ele>486.399993896484375</ele>
        <time>2025-05-19T17:11:29.000Z</time>
        <extensions>
          <ns3:TrackPointExtension>
            <ns3:hr>120</ns3:hr>
          </ns3:TrackPointExtension>
        </extensions>
      </trkpt>
      <trkpt lat="44.09367243759334087371826171875" lon="-80.12278114445507526397705078125">
        <ele>487.20001220703125</ele>
        <time>2025-05-19T17:11:33.000Z</time>
        <extensions>
          <ns3:TrackPointExtension>
            <ns3:hr>120</ns3:hr>
          </ns3:TrackPointExtension>
        </extensions>
      </trkpt>
      <trkpt lat="44.0937135927379131317138671875" lon="-80.122799836099147796630859375">
        <ele>487.600006103515625</ele>
        <time>2025-05-19T17:11:36.000Z</time>
        <extensions>
          <ns3:TrackPointExtension>
            <ns3:hr>120</ns3:hr>
          </ns3:TrackPointExtension>
        </extensions>
      </trkpt>
      <trkpt lat="44.09375240094959735870361328125" lon="-80.122850127518177032470703125">
        <ele>487.79998779296875</ele>
        <time>2025-05-19T17:11:41.000Z</time>
        <extensions>
          <ns3:TrackPointExtension>
            <ns3:hr>119</ns3:hr>
          </ns3:TrackPointExtension>
        </extensions>
      </trkpt>
      <trkpt lat="44.09378659911453723907470703125" lon="-80.1229260675609111785888671875">
        <ele>488</ele>
        <time>2025-05-19T17:11:47.000Z</time>
        <extensions>
          <ns3:TrackPointExtension>
            <ns3:hr>121</ns3:hr>
          </ns3:TrackPointExtension>
        </extensions>
      </trkpt>
      <trkpt lat="44.09385348670184612274169921875" lon="-80.1229505427181720733642578125">
        <ele>488.399993896484375</ele>
        <time>2025-05-19T17:11:54.000Z</time>
        <extensions>
          <ns3:TrackPointExtension>
            <ns3:hr>118</ns3:hr>
          </ns3:TrackPointExtension>
        </extensions>
      </trkpt>
      <trkpt lat="44.09386253915727138519287109375" lon="-80.12294895015656948089599609375">
        <ele>488.399993896484375</ele>
        <time>2025-05-19T17:11:55.000Z</time>
        <extensions>
          <ns3:TrackPointExtension>
            <ns3:hr>118</ns3:hr>
          </ns3:TrackPointExtension>
        </extensions>
      </trkpt>
      <trkpt lat="44.09389103762805461883544921875" lon="-80.122948028147220611572265625">
        <ele>488.600006103515625</ele>
        <time>2025-05-19T17:11:58.000Z</time>
        <extensions>
          <ns3:TrackPointExtension>
            <ns3:hr>119</ns3:hr>
          </ns3:TrackPointExtension>
        </extensions>
      </trkpt>
      <trkpt lat="44.09393780864775180816650390625" lon="-80.12293738313019275665283203125">
        <ele>489.79998779296875</ele>
        <time>2025-05-19T17:12:03.000Z</time>
        <extensions>
          <ns3:TrackPointExtension>
            <ns3:hr>120</ns3:hr>
          </ns3:TrackPointExtension>
        </extensions>
      </trkpt>
      <trkpt lat="44.093999080359935760498046875" lon="-80.12294257991015911102294921875">
        <ele>491.20001220703125</ele>
        <time>2025-05-19T17:12:09.000Z</time>
        <extensions>
          <ns3:TrackPointExtension>
            <ns3:hr>119</ns3:hr>
          </ns3:TrackPointExtension>
        </extensions>
      </trkpt>
      <trkpt lat="44.09400922246277332305908203125" lon="-80.12295263819396495819091796875">
        <ele>491.399993896484375</ele>
        <time>2025-05-19T17:12:10.000Z</time>
        <extensions>
          <ns3:TrackPointExtension>
            <ns3:hr>118</ns3:hr>
          </ns3:TrackPointExtension>
        </extensions>
      </trkpt>
      <trkpt lat="44.0940642915666103363037109375" lon="-80.122964791953563690185546875">
        <ele>492</ele>
        <time>2025-05-19T17:12:16.000Z</time>
        <extensions>
          <ns3:TrackPointExtension>
            <ns3:hr>119</ns3:hr>
          </ns3:TrackPointExtension>
        </extensions>
      </trkpt>
      <trkpt lat="44.09408390522003173828125" lon="-80.12295414693653583526611328125">
        <ele>492.399993896484375</ele>
        <time>2025-05-19T17:12:19.000Z</time>
        <extensions>
          <ns3:TrackPointExtension>
            <ns3:hr>119</ns3:hr>
          </ns3:TrackPointExtension>
        </extensions>
      </trkpt>
      <trkpt lat="44.09412371926009654998779296875" lon="-80.1229525543749332427978515625">
        <ele>493.20001220703125</ele>
        <time>2025-05-19T17:12:24.000Z</time>
        <extensions>
          <ns3:TrackPointExtension>
            <ns3:hr>118</ns3:hr>
          </ns3:TrackPointExtension>
        </extensions>
      </trkpt>
      <trkpt lat="44.0941390581429004669189453125" lon="-80.122955739498138427734375">
        <ele>493.399993896484375</ele>
        <time>2025-05-19T17:12:26.000Z</time>
        <extensions>
          <ns3:TrackPointExtension>
            <ns3:hr>120</ns3:hr>
          </ns3:TrackPointExtension>
        </extensions>
      </trkpt>
      <trkpt lat="44.0941672213375568389892578125" lon="-80.1229626126587390899658203125">
        <ele>494</ele>
        <time>2025-05-19T17:12:30.000Z</time>
        <extensions>
          <ns3:TrackPointExtension>
            <ns3:hr>117</ns3:hr>
          </ns3:TrackPointExtension>
        </extensions>
      </trkpt>
      <trkpt lat="44.094177782535552978515625" lon="-80.122964121401309967041015625">
        <ele>494</ele>
        <time>2025-05-19T17:12:31.000Z</time>
        <extensions>
          <ns3:TrackPointExtension>
            <ns3:hr>117</ns3:hr>
          </ns3:TrackPointExtension>
        </extensions>
      </trkpt>
      <trkpt lat="44.094214327633380889892578125" lon="-80.12296789325773715972900390625">
        <ele>494.399993896484375</ele>
        <time>2025-05-19T17:12:35.000Z</time>
        <extensions>
          <ns3:TrackPointExtension>
            <ns3:hr>118</ns3:hr>
          </ns3:TrackPointExtension>
        </extensions>
      </trkpt>
      <trkpt lat="44.0942274034023284912109375" lon="-80.122971497476100921630859375">
        <ele>494.600006103515625</ele>
        <time>2025-05-19T17:12:37.000Z</time>
        <extensions>
          <ns3:TrackPointExtension>
            <ns3:hr>121</ns3:hr>
          </ns3:TrackPointExtension>
        </extensions>
      </trkpt>
      <trkpt lat="44.0942396409809589385986328125" lon="-80.12296923436224460601806640625">
        <ele>495</ele>
        <time>2025-05-19T17:12:38.000Z</time>
        <extensions>
          <ns3:TrackPointExtension>
            <ns3:hr>125</ns3:hr>
          </ns3:TrackPointExtension>
        </extensions>
      </trkpt>
      <trkpt lat="44.094247184693813323974609375" lon="-80.12297275476157665252685546875">
        <ele>495.20001220703125</ele>
        <time>2025-05-19T17:12:39.000Z</time>
        <extensions>
          <ns3:TrackPointExtension>
            <ns3:hr>126</ns3:hr>
          </ns3:TrackPointExtension>
        </extensions>
      </trkpt>
      <trkpt lat="44.094254560768604278564453125" lon="-80.12297459878027439117431640625">
        <ele>495.399993896484375</ele>
        <time>2025-05-19T17:12:40.000Z</time>
        <extensions>
          <ns3:TrackPointExtension>
            <ns3:hr>130</ns3:hr>
          </ns3:TrackPointExtension>
        </extensions>
      </trkpt>
      <trkpt lat="44.0942624397575855255126953125" lon="-80.12297795154154300689697265625">
        <ele>495.79998779296875</ele>
        <time>2025-05-19T17:12:41.000Z</time>
        <extensions>
          <ns3:TrackPointExtension>
            <ns3:hr>130</ns3:hr>
          </ns3:TrackPointExtension>
        </extensions>
      </trkpt>
      <trkpt lat="44.0942781977355480194091796875" lon="-80.1229823939502239227294921875">
        <ele>496</ele>
        <time>2025-05-19T17:12:43.000Z</time>
        <extensions>
          <ns3:TrackPointExtension>
            <ns3:hr>127</ns3:hr>
          </ns3:TrackPointExtension>
        </extensions>
      </trkpt>
      <trkpt lat="44.09432052634656429290771484375" lon="-80.1229911111295223236083984375">
        <ele>496.399993896484375</ele>
        <time>2025-05-19T17:12:47.000Z</time>
        <extensions>
          <ns3:TrackPointExtension>
            <ns3:hr>127</ns3:hr>
          </ns3:TrackPointExtension>
        </extensions>
      </trkpt>
      <trkpt lat="44.094392359256744384765625" lon="-80.12301030568778514862060546875">
        <ele>496.20001220703125</ele>
        <time>2025-05-19T17:12:56.000Z</time>
        <extensions>
          <ns3:TrackPointExtension>
            <ns3:hr>125</ns3:hr>
          </ns3:TrackPointExtension>
        </extensions>
      </trkpt>
      <trkpt lat="44.0945041738450527191162109375" lon="-80.12302421964704990386962890625">
        <ele>495</ele>
        <time>2025-05-19T17:13:04.000Z</time>
        <extensions>
          <ns3:TrackPointExtension>
            <ns3:hr>122</ns3:hr>
          </ns3:TrackPointExtension>
        </extensions>
      </trkpt>
      <trkpt lat="44.09452118910849094390869140625" lon="-80.1230219565331935882568359375">
        <ele>494.79998779296875</ele>
        <time>2025-05-19T17:13:05.000Z</time>
        <extensions>
          <ns3:TrackPointExtension>
            <ns3:hr>124</ns3:hr>
          </ns3:TrackPointExtension>
        </extensions>
      </trkpt>
      <trkpt lat="44.09454365260899066925048828125" lon="-80.12302354909479618072509765625">
        <ele>494.399993896484375</ele>
        <time>2025-05-19T17:13:07.000Z</time>
        <extensions>
          <ns3:TrackPointExtension>
            <ns3:hr>123</ns3:hr>
          </ns3:TrackPointExtension>
        </extensions>
      </trkpt>
      <trkpt lat="44.09458220936357975006103515625" lon="-80.1230420731008052825927734375">
        <ele>493.399993896484375</ele>
        <time>2025-05-19T17:13:13.000Z</time>
        <extensions>
          <ns3:TrackPointExtension>
            <ns3:hr>123</ns3:hr>
          </ns3:TrackPointExtension>
        </extensions>
      </trkpt>
      <trkpt lat="44.0945895016193389892578125" lon="-80.12304433621466159820556640625">
        <ele>493.399993896484375</ele>
        <time>2025-05-19T17:13:14.000Z</time>
        <extensions>
          <ns3:TrackPointExtension>
            <ns3:hr>123</ns3:hr>
          </ns3:TrackPointExtension>
        </extensions>
      </trkpt>
      <trkpt lat="44.09466921351850032806396484375" lon="-80.12306663207709789276123046875">
        <ele>492.20001220703125</ele>
        <time>2025-05-19T17:13:22.000Z</time>
        <extensions>
          <ns3:TrackPointExtension>
            <ns3:hr>121</ns3:hr>
          </ns3:TrackPointExtension>
        </extensions>
      </trkpt>
      <trkpt lat="44.0947137214243412017822265625" lon="-80.12308783829212188720703125">
        <ele>491</ele>
        <time>2025-05-19T17:13:27.000Z</time>
        <extensions>
          <ns3:TrackPointExtension>
            <ns3:hr>120</ns3:hr>
          </ns3:TrackPointExtension>
        </extensions>
      </trkpt>
      <trkpt lat="44.0947549603879451751708984375" lon="-80.1231091283261775970458984375">
        <ele>490.20001220703125</ele>
        <time>2025-05-19T17:13:31.000Z</time>
        <extensions>
          <ns3:TrackPointExtension>
            <ns3:hr>125</ns3:hr>
          </ns3:TrackPointExtension>
        </extensions>
      </trkpt>
      <trkpt lat="44.094766192138195037841796875" lon="-80.12310887686908245086669921875">
        <ele>490</ele>
        <time>2025-05-19T17:13:32.000Z</time>
        <extensions>
          <ns3:TrackPointExtension>
            <ns3:hr>125</ns3:hr>
          </ns3:TrackPointExtension>
        </extensions>
      </trkpt>
      <trkpt lat="44.09483098424971103668212890625" lon="-80.123137123882770538330078125">
        <ele>489</ele>
        <time>2025-05-19T17:13:40.000Z</time>
        <extensions>
          <ns3:TrackPointExtension>
            <ns3:hr>125</ns3:hr>
          </ns3:TrackPointExtension>
        </extensions>
      </trkpt>
      <trkpt lat="44.094858728349208831787109375" lon="-80.12315900065004825592041015625">
        <ele>488.79998779296875</ele>
        <time>2025-05-19T17:13:43.000Z</time>
        <extensions>
          <ns3:TrackPointExtension>
            <ns3:hr>122</ns3:hr>
          </ns3:TrackPointExtension>
        </extensions>
      </trkpt>
      <trkpt lat="44.09487607888877391815185546875" lon="-80.12316964566707611083984375">
        <ele>488.20001220703125</ele>
        <time>2025-05-19T17:13:45.000Z</time>
        <extensions>
          <ns3:TrackPointExtension>
            <ns3:hr>118</ns3:hr>
          </ns3:TrackPointExtension>
        </extensions>
      </trkpt>
      <trkpt lat="44.09489586018025875091552734375" lon="-80.12317073531448841094970703125">
        <ele>488</ele>
        <time>2025-05-19T17:13:46.000Z</time>
        <extensions>
          <ns3:TrackPointExtension>
            <ns3:hr>113</ns3:hr>
          </ns3:TrackPointExtension>
        </extensions>
      </trkpt>
      <trkpt lat="44.094934165477752685546875" lon="-80.12317392043769359588623046875">
        <ele>487.600006103515625</ele>
        <time>2025-05-19T17:13:48.000Z</time>
        <extensions>
          <ns3:TrackPointExtension>
            <ns3:hr>110</ns3:hr>
          </ns3:TrackPointExtension>
        </extensions>
      </trkpt>
      <trkpt lat="44.09494824707508087158203125" lon="-80.12317744083702564239501953125">
        <ele>487.600006103515625</ele>
        <time>2025-05-19T17:13:49.000Z</time>
        <extensions>
          <ns3:TrackPointExtension>
            <ns3:hr>109</ns3:hr>
          </ns3:TrackPointExtension>
        </extensions>
      </trkpt>
      <trkpt lat="44.09499962814152240753173828125" lon="-80.1232011616230010986328125">
        <ele>487.399993896484375</ele>
        <time>2025-05-19T17:13:53.000Z</time>
        <extensions>
          <ns3:TrackPointExtension>
            <ns3:hr>110</ns3:hr>
          </ns3:TrackPointExtension>
        </extensions>
      </trkpt>
      <trkpt lat="44.09504287876188755035400390625" lon="-80.12322035618126392364501953125">
        <ele>486.79998779296875</ele>
        <time>2025-05-19T17:13:56.000Z</time>
        <extensions>
          <ns3:TrackPointExtension>
            <ns3:hr>111</ns3:hr>
          </ns3:TrackPointExtension>
        </extensions>
      </trkpt>
      <trkpt lat="44.0951170586049556732177734375" lon="-80.1232395507395267486572265625">
        <ele>486.20001220703125</ele>
        <time>2025-05-19T17:14:02.000Z</time>
        <extensions>
          <ns3:TrackPointExtension>
            <ns3:hr>108</ns3:hr>
          </ns3:TrackPointExtension>
        </extensions>
      </trkpt>
      <trkpt lat="44.095169864594936370849609375" lon="-80.12324181385338306427001953125">
        <ele>486</ele>
        <time>2025-05-19T17:14:05.000Z</time>
        <extensions>
          <ns3:TrackPointExtension>
            <ns3:hr>111</ns3:hr>
          </ns3:TrackPointExtension>
        </extensions>
      </trkpt>
      <trkpt lat="44.09521873109042644500732421875" lon="-80.12324877083301544189453125">
        <ele>485.79998779296875</ele>
        <time>2025-05-19T17:14:08.000Z</time>
        <extensions>
          <ns3:TrackPointExtension>
            <ns3:hr>112</ns3:hr>
          </ns3:TrackPointExtension>
        </extensions>
      </trkpt>
      <trkpt lat="44.09526097588241100311279296875" lon="-80.12325254268944263458251953125">
        <ele>485.399993896484375</ele>
        <time>2025-05-19T17:14:11.000Z</time>
        <extensions>
          <ns3:TrackPointExtension>
            <ns3:hr>109</ns3:hr>
          </ns3:TrackPointExtension>
        </extensions>
      </trkpt>
      <trkpt lat="44.0952934138476848602294921875" lon="-80.1232529617846012115478515625">
        <ele>485.399993896484375</ele>
        <time>2025-05-19T17:14:13.000Z</time>
        <extensions>
          <ns3:TrackPointExtension>
            <ns3:hr>109</ns3:hr>
          </ns3:TrackPointExtension>
        </extensions>
      </trkpt>
      <trkpt lat="44.095358289778232574462890625" lon="-80.1232646964490413665771484375">
        <ele>484.79998779296875</ele>
        <time>2025-05-19T17:14:18.000Z</time>
        <extensions>
          <ns3:TrackPointExtension>
            <ns3:hr>109</ns3:hr>
          </ns3:TrackPointExtension>
        </extensions>
      </trkpt>
      <trkpt lat="44.09538469277322292327880859375" lon="-80.1232737489044666290283203125">
        <ele>484.399993896484375</ele>
        <time>2025-05-19T17:14:20.000Z</time>
        <extensions>
          <ns3:TrackPointExtension>
            <ns3:hr>107</ns3:hr>
          </ns3:TrackPointExtension>
        </extensions>
      </trkpt>
      <trkpt lat="44.09546314738690853118896484375" lon="-80.12332563288509845733642578125">
        <ele>483.600006103515625</ele>
        <time>2025-05-19T17:14:27.000Z</time>
        <extensions>
          <ns3:TrackPointExtension>
            <ns3:hr>106</ns3:hr>
          </ns3:TrackPointExtension>
        </extensions>
      </trkpt>
      <trkpt lat="44.09557127393782138824462890625" lon="-80.1233381219208240509033203125">
        <ele>483.20001220703125</ele>
        <time>2025-05-19T17:14:35.000Z</time>
        <extensions>
          <ns3:TrackPointExtension>
            <ns3:hr>104</ns3:hr>
          </ns3:TrackPointExtension>
        </extensions>
      </trkpt>
      <trkpt lat="44.0956945717334747314453125" lon="-80.12337994761765003204345703125">
        <ele>483</ele>
        <time>2025-05-19T17:14:44.000Z</time>
        <extensions>
          <ns3:TrackPointExtension>
            <ns3:hr>106</ns3:hr>
          </ns3:TrackPointExtension>
        </extensions>
      </trkpt>
      <trkpt lat="44.095707647502422332763671875" lon="-80.1233823783695697784423828125">
        <ele>482.79998779296875</ele>
        <time>2025-05-19T17:14:45.000Z</time>
        <extensions>
          <ns3:TrackPointExtension>
            <ns3:hr>106</ns3:hr>
          </ns3:TrackPointExtension>
        </extensions>
      </trkpt>
      <trkpt lat="44.09575265832245349884033203125" lon="-80.123393945395946502685546875">
        <ele>482.79998779296875</ele>
        <time>2025-05-19T17:14:50.000Z</time>
        <extensions>
          <ns3:TrackPointExtension>
            <ns3:hr>103</ns3:hr>
          </ns3:TrackPointExtension>
        </extensions>
      </trkpt>
      <trkpt lat="44.09576891921460628509521484375" lon="-80.1234008185565471649169921875">
        <ele>482.79998779296875</ele>
        <time>2025-05-19T17:14:52.000Z</time>
        <extensions>
          <ns3:TrackPointExtension>
            <ns3:hr>106</ns3:hr>
          </ns3:TrackPointExtension>
        </extensions>
      </trkpt>
      <trkpt lat="44.095783419907093048095703125" lon="-80.1234076917171478271484375">
        <ele>482.600006103515625</ele>
        <time>2025-05-19T17:14:54.000Z</time>
        <extensions>
          <ns3:TrackPointExtension>
            <ns3:hr>106</ns3:hr>
          </ns3:TrackPointExtension>
        </extensions>
      </trkpt>
      <trkpt lat="44.09586128778755664825439453125" lon="-80.12345731258392333984375">
        <ele>482.399993896484375</ele>
        <time>2025-05-19T17:15:02.000Z</time>
        <extensions>
          <ns3:TrackPointExtension>
            <ns3:hr>106</ns3:hr>
          </ns3:TrackPointExtension>
        </extensions>
      </trkpt>
      <trkpt lat="44.09599053673446178436279296875" lon="-80.12348748743534088134765625">
        <ele>482.20001220703125</ele>
        <time>2025-05-19T17:15:10.000Z</time>
        <extensions>
          <ns3:TrackPointExtension>
            <ns3:hr>106</ns3:hr>
          </ns3:TrackPointExtension>
        </extensions>
      </trkpt>
      <trkpt lat="44.0961295925080776214599609375" lon="-80.12353174388408660888671875">
        <ele>481.79998779296875</ele>
        <time>2025-05-19T17:15:20.000Z</time>
        <extensions>
          <ns3:TrackPointExtension>
            <ns3:hr>106</ns3:hr>
          </ns3:TrackPointExtension>
        </extensions>
      </trkpt>
      <trkpt lat="44.09617292694747447967529296875" lon="-80.12356066145002841949462890625">
        <ele>481.600006103515625</ele>
        <time>2025-05-19T17:15:24.000Z</time>
        <extensions>
          <ns3:TrackPointExtension>
            <ns3:hr>106</ns3:hr>
          </ns3:TrackPointExtension>
        </extensions>
      </trkpt>
      <trkpt lat="44.09620226360857486724853515625" lon="-80.12356954626739025115966796875">
        <ele>481</ele>
        <time>2025-05-19T17:15:27.000Z</time>
        <extensions>
          <ns3:TrackPointExtension>
            <ns3:hr>105</ns3:hr>
          </ns3:TrackPointExtension>
        </extensions>
      </trkpt>
      <trkpt lat="44.09624936990439891815185546875" lon="-80.1235806941986083984375">
        <ele>480.600006103515625</ele>
        <time>2025-05-19T17:15:32.000Z</time>
        <extensions>
          <ns3:TrackPointExtension>
            <ns3:hr>107</ns3:hr>
          </ns3:TrackPointExtension>
        </extensions>
      </trkpt>
      <trkpt lat="44.0962948836386203765869140625" lon="-80.12360441498458385467529296875">
        <ele>480.399993896484375</ele>
        <time>2025-05-19T17:15:36.000Z</time>
        <extensions>
          <ns3:TrackPointExtension>
            <ns3:hr>106</ns3:hr>
          </ns3:TrackPointExtension>
        </extensions>
      </trkpt>
      <trkpt lat="44.09637677483260631561279296875" lon="-80.1236210949718952178955078125">
        <ele>480.20001220703125</ele>
        <time>2025-05-19T17:15:43.000Z</time>
        <extensions>
          <ns3:TrackPointExtension>
            <ns3:hr>101</ns3:hr>
          </ns3:TrackPointExtension>
        </extensions>
      </trkpt>
      <trkpt lat="44.09638457000255584716796875" lon="-80.12362235225737094879150390625">
        <ele>480.20001220703125</ele>
        <time>2025-05-19T17:15:44.000Z</time>
        <extensions>
          <ns3:TrackPointExtension>
            <ns3:hr>102</ns3:hr>
          </ns3:TrackPointExtension>
        </extensions>
      </trkpt>
      <trkpt lat="44.096488840878009796142578125" lon="-80.123628638684749603271484375">
        <ele>480</ele>
        <time>2025-05-19T17:15:53.000Z</time>
        <extensions>
          <ns3:TrackPointExtension>
            <ns3:hr>103</ns3:hr>
          </ns3:TrackPointExtension>
        </extensions>
      </trkpt>
      <trkpt lat="44.0965299122035503387451171875" lon="-80.123625285923480987548828125">
        <ele>479.600006103515625</ele>
        <time>2025-05-19T17:15:57.000Z</time>
        <extensions>
          <ns3:TrackPointExtension>
            <ns3:hr>101</ns3:hr>
          </ns3:TrackPointExtension>
        </extensions>
      </trkpt>
      <trkpt lat="44.0965386293828487396240234375" lon="-80.12362587265670299530029296875">
        <ele>479.399993896484375</ele>
        <time>2025-05-19T17:15:58.000Z</time>
        <extensions>
          <ns3:TrackPointExtension>
            <ns3:hr>105</ns3:hr>
          </ns3:TrackPointExtension>
        </extensions>
      </trkpt>
      <trkpt lat="44.09654759801924228668212890625" lon="-80.12362520210444927215576171875">
        <ele>479.399993896484375</ele>
        <time>2025-05-19T17:15:59.000Z</time>
        <extensions>
          <ns3:TrackPointExtension>
            <ns3:hr>102</ns3:hr>
          </ns3:TrackPointExtension>
        </extensions>
      </trkpt>
      <trkpt lat="44.09655966795980930328369140625" lon="-80.1236227713525295257568359375">
        <ele>479.399993896484375</ele>
        <time>2025-05-19T17:16:00.000Z</time>
        <extensions>
          <ns3:TrackPointExtension>
            <ns3:hr>105</ns3:hr>
          </ns3:TrackPointExtension>
        </extensions>
      </trkpt>
      <trkpt lat="44.0966023318469524383544921875" lon="-80.1236469112336635589599609375">
        <ele>479.20001220703125</ele>
        <time>2025-05-19T17:16:04.000Z</time>
        <extensions>
          <ns3:TrackPointExtension>
            <ns3:hr>105</ns3:hr>
          </ns3:TrackPointExtension>
        </extensions>
      </trkpt>
      <trkpt lat="44.09668003208935260772705078125" lon="-80.12366258539259433746337890625">
        <ele>478.600006103515625</ele>
        <time>2025-05-19T17:16:11.000Z</time>
        <extensions>
          <ns3:TrackPointExtension>
            <ns3:hr>103</ns3:hr>
          </ns3:TrackPointExtension>
        </extensions>
      </trkpt>
      <trkpt lat="44.0967005677521228790283203125" lon="-80.12366543523967266082763671875">
        <ele>478.399993896484375</ele>
        <time>2025-05-19T17:16:13.000Z</time>
        <extensions>
          <ns3:TrackPointExtension>
            <ns3:hr>103</ns3:hr>
          </ns3:TrackPointExtension>
        </extensions>
      </trkpt>
      <trkpt lat="44.09673786722123622894287109375" lon="-80.12367666698992252349853515625">
        <ele>478.20001220703125</ele>
        <time>2025-05-19T17:16:17.000Z</time>
        <extensions>
          <ns3:TrackPointExtension>
            <ns3:hr>100</ns3:hr>
          </ns3:TrackPointExtension>
        </extensions>
      </trkpt>
      <trkpt lat="44.09674666821956634521484375" lon="-80.1236774213612079620361328125">
        <ele>478</ele>
        <time>2025-05-19T17:16:18.000Z</time>
        <extensions>
          <ns3:TrackPointExtension>
            <ns3:hr>103</ns3:hr>
          </ns3:TrackPointExtension>
        </extensions>
      </trkpt>
      <trkpt lat="44.09678262658417224884033203125" lon="-80.12367725372314453125">
        <ele>477.600006103515625</ele>
        <time>2025-05-19T17:16:21.000Z</time>
        <extensions>
          <ns3:TrackPointExtension>
            <ns3:hr>102</ns3:hr>
          </ns3:TrackPointExtension>
        </extensions>
      </trkpt>
      <trkpt lat="44.09680911339819431304931640625" lon="-80.1236807741224765777587890625">
        <ele>477.600006103515625</ele>
        <time>2025-05-19T17:16:23.000Z</time>
        <extensions>
          <ns3:TrackPointExtension>
            <ns3:hr>104</ns3:hr>
          </ns3:TrackPointExtension>
        </extensions>
      </trkpt>
      <trkpt lat="44.09683174453675746917724609375" lon="-80.1236911676824092864990234375">
        <ele>477.20001220703125</ele>
        <time>2025-05-19T17:16:25.000Z</time>
        <extensions>
          <ns3:TrackPointExtension>
            <ns3:hr>107</ns3:hr>
          </ns3:TrackPointExtension>
        </extensions>
      </trkpt>
      <trkpt lat="44.0969015657901763916015625" lon="-80.12370650656521320343017578125">
        <ele>476.79998779296875</ele>
        <time>2025-05-19T17:16:31.000Z</time>
        <extensions>
          <ns3:TrackPointExtension>
            <ns3:hr>106</ns3:hr>
          </ns3:TrackPointExtension>
        </extensions>
      </trkpt>
      <trkpt lat="44.09694590605795383453369140625" lon="-80.12372042052447795867919921875">
        <ele>476.600006103515625</ele>
        <time>2025-05-19T17:16:34.000Z</time>
        <extensions>
          <ns3:TrackPointExtension>
            <ns3:hr>102</ns3:hr>
          </ns3:TrackPointExtension>
        </extensions>
      </trkpt>
      <trkpt lat="44.0969739854335784912109375" lon="-80.123722516000270843505859375">
        <ele>476.399993896484375</ele>
        <time>2025-05-19T17:16:36.000Z</time>
        <extensions>
          <ns3:TrackPointExtension>
            <ns3:hr>103</ns3:hr>
          </ns3:TrackPointExtension>
        </extensions>
      </trkpt>
      <trkpt lat="44.09700809977948665618896484375" lon="-80.12372595258057117462158203125">
        <ele>476.399993896484375</ele>
        <time>2025-05-19T17:16:38.000Z</time>
        <extensions>
          <ns3:TrackPointExtension>
            <ns3:hr>106</ns3:hr>
          </ns3:TrackPointExtension>
        </extensions>
      </trkpt>
      <trkpt lat="44.09703190438449382781982421875" lon="-80.1237287186086177825927734375">
        <ele>476.20001220703125</ele>
        <time>2025-05-19T17:16:40.000Z</time>
        <extensions>
          <ns3:TrackPointExtension>
            <ns3:hr>106</ns3:hr>
          </ns3:TrackPointExtension>
        </extensions>
      </trkpt>
      <trkpt lat="44.09715830348432064056396484375" lon="-80.123749338090419769287109375">
        <ele>475.600006103515625</ele>
        <time>2025-05-19T17:16:49.000Z</time>
        <extensions>
          <ns3:TrackPointExtension>
            <ns3:hr>107</ns3:hr>
          </ns3:TrackPointExtension>
        </extensions>
      </trkpt>
      <trkpt lat="44.09721613861620426177978515625" lon="-80.12376970611512660980224609375">
        <ele>475.399993896484375</ele>
        <time>2025-05-19T17:16:53.000Z</time>
        <extensions>
          <ns3:TrackPointExtension>
            <ns3:hr>108</ns3:hr>
          </ns3:TrackPointExtension>
        </extensions>
      </trkpt>
      <trkpt lat="44.09729291684925556182861328125" lon="-80.12377775274217128753662109375">
        <ele>475.20001220703125</ele>
        <time>2025-05-19T17:16:58.000Z</time>
        <extensions>
          <ns3:TrackPointExtension>
            <ns3:hr>109</ns3:hr>
          </ns3:TrackPointExtension>
        </extensions>
      </trkpt>
      <trkpt lat="44.0973882190883159637451171875" lon="-80.12379166670143604278564453125">
        <ele>475</ele>
        <time>2025-05-19T17:17:05.000Z</time>
        <extensions>
          <ns3:TrackPointExtension>
            <ns3:hr>112</ns3:hr>
          </ns3:TrackPointExtension>
        </extensions>
      </trkpt>
      <trkpt lat="44.0973982773721218109130859375" lon="-80.12379267252981662750244140625">
        <ele>474.79998779296875</ele>
        <time>2025-05-19T17:17:06.000Z</time>
        <extensions>
          <ns3:TrackPointExtension>
            <ns3:hr>112</ns3:hr>
          </ns3:TrackPointExtension>
        </extensions>
      </trkpt>
      <trkpt lat="44.09742669202387332916259765625" lon="-80.12380608357489109039306640625">
        <ele>474.79998779296875</ele>
        <time>2025-05-19T17:17:09.000Z</time>
        <extensions>
          <ns3:TrackPointExtension>
            <ns3:hr>109</ns3:hr>
          </ns3:TrackPointExtension>
        </extensions>
      </trkpt>
      <trkpt lat="44.0974737145006656646728515625" lon="-80.12381647713482379913330078125">
        <ele>474.399993896484375</ele>
        <time>2025-05-19T17:17:13.000Z</time>
        <extensions>
          <ns3:TrackPointExtension>
            <ns3:hr>109</ns3:hr>
          </ns3:TrackPointExtension>
        </extensions>
      </trkpt>
      <trkpt lat="44.09749567508697509765625" lon="-80.12381781823933124542236328125">
        <ele>474.399993896484375</ele>
        <time>2025-05-19T17:17:15.000Z</time>
        <extensions>
          <ns3:TrackPointExtension>
            <ns3:hr>109</ns3:hr>
          </ns3:TrackPointExtension>
        </extensions>
      </trkpt>
      <trkpt lat="44.09759248606860637664794921875" lon="-80.12384329922497272491455078125">
        <ele>473.79998779296875</ele>
        <time>2025-05-19T17:17:23.000Z</time>
        <extensions>
          <ns3:TrackPointExtension>
            <ns3:hr>110</ns3:hr>
          </ns3:TrackPointExtension>
        </extensions>
      </trkpt>
      <trkpt lat="44.0976041369140148162841796875" lon="-80.12384715490043163299560546875">
        <ele>473.79998779296875</ele>
        <time>2025-05-19T17:17:24.000Z</time>
        <extensions>
          <ns3:TrackPointExtension>
            <ns3:hr>107</ns3:hr>
          </ns3:TrackPointExtension>
        </extensions>
      </trkpt>
      <trkpt lat="44.097639508545398712158203125" lon="-80.12386743910610675811767578125">
        <ele>473.399993896484375</ele>
        <time>2025-05-19T17:17:28.000Z</time>
        <extensions>
          <ns3:TrackPointExtension>
            <ns3:hr>110</ns3:hr>
          </ns3:TrackPointExtension>
        </extensions>
      </trkpt>
      <trkpt lat="44.0976661629974842071533203125" lon="-80.123884789645671844482421875">
        <ele>473.20001220703125</ele>
        <time>2025-05-19T17:17:31.000Z</time>
        <extensions>
          <ns3:TrackPointExtension>
            <ns3:hr>107</ns3:hr>
          </ns3:TrackPointExtension>
        </extensions>
      </trkpt>
      <trkpt lat="44.0976825915277004241943359375" lon="-80.1238930039107799530029296875">
        <ele>473</ele>
        <time>2025-05-19T17:17:33.000Z</time>
        <extensions>
          <ns3:TrackPointExtension>
            <ns3:hr>108</ns3:hr>
          </ns3:TrackPointExtension>
        </extensions>
      </trkpt>
      <trkpt lat="44.0977687574923038482666015625" lon="-80.123927704989910125732421875">
        <ele>472.600006103515625</ele>
        <time>2025-05-19T17:17:40.000Z</time>
        <extensions>
          <ns3:TrackPointExtension>
            <ns3:hr>107</ns3:hr>
          </ns3:TrackPointExtension>
        </extensions>
      </trkpt>
      <trkpt lat="44.097814857959747314453125" lon="-80.123941116034984588623046875">
        <ele>472.399993896484375</ele>
        <time>2025-05-19T17:17:44.000Z</time>
        <extensions>
          <ns3:TrackPointExtension>
            <ns3:hr>104</ns3:hr>
          </ns3:TrackPointExtension>
        </extensions>
      </trkpt>
      <trkpt lat="44.09782667644321918487548828125" lon="-80.1239466480910778045654296875">
        <ele>472.399993896484375</ele>
        <time>2025-05-19T17:17:45.000Z</time>
        <extensions>
          <ns3:TrackPointExtension>
            <ns3:hr>105</ns3:hr>
          </ns3:TrackPointExtension>
        </extensions>
      </trkpt>
      <trkpt lat="44.09784075804054737091064453125" lon="-80.1239496655762195587158203125">
        <ele>472.399993896484375</ele>
        <time>2025-05-19T17:17:46.000Z</time>
        <extensions>
          <ns3:TrackPointExtension>
            <ns3:hr>106</ns3:hr>
          </ns3:TrackPointExtension>
        </extensions>
      </trkpt>
      <trkpt lat="44.09786221571266651153564453125" lon="-80.12395997531712055206298828125">
        <ele>472.399993896484375</ele>
        <time>2025-05-19T17:17:48.000Z</time>
        <extensions>
          <ns3:TrackPointExtension>
            <ns3:hr>109</ns3:hr>
          </ns3:TrackPointExtension>
        </extensions>
      </trkpt>
      <trkpt lat="44.097871519625186920166015625" lon="-80.123963914811611175537109375">
        <ele>472.20001220703125</ele>
        <time>2025-05-19T17:17:49.000Z</time>
        <extensions>
          <ns3:TrackPointExtension>
            <ns3:hr>108</ns3:hr>
          </ns3:TrackPointExtension>
        </extensions>
      </trkpt>
      <trkpt lat="44.097887612879276275634765625" lon="-80.12396617792546749114990234375">
        <ele>472.20001220703125</ele>
        <time>2025-05-19T17:17:50.000Z</time>
        <extensions>
          <ns3:TrackPointExtension>
            <ns3:hr>109</ns3:hr>
          </ns3:TrackPointExtension>
        </extensions>
      </trkpt>
      <trkpt lat="44.09792642109096050262451171875" lon="-80.12397028505802154541015625">
        <ele>472.20001220703125</ele>
        <time>2025-05-19T17:17:53.000Z</time>
        <extensions>
          <ns3:TrackPointExtension>
            <ns3:hr>105</ns3:hr>
          </ns3:TrackPointExtension>
        </extensions>
      </trkpt>
      <trkpt lat="44.09793949685990810394287109375" lon="-80.123969614505767822265625">
        <ele>472</ele>
        <time>2025-05-19T17:17:54.000Z</time>
        <extensions>
          <ns3:TrackPointExtension>
            <ns3:hr>105</ns3:hr>
          </ns3:TrackPointExtension>
        </extensions>
      </trkpt>
      <trkpt lat="44.098018705844879150390625" lon="-80.12398109771311283111572265625">
        <ele>471.399993896484375</ele>
        <time>2025-05-19T17:18:02.000Z</time>
        <extensions>
          <ns3:TrackPointExtension>
            <ns3:hr>108</ns3:hr>
          </ns3:TrackPointExtension>
        </extensions>
      </trkpt>
      <trkpt lat="44.09807042218744754791259765625" lon="-80.1239888928830623626708984375">
        <ele>471.399993896484375</ele>
        <time>2025-05-19T17:18:07.000Z</time>
        <extensions>
          <ns3:TrackPointExtension>
            <ns3:hr>105</ns3:hr>
          </ns3:TrackPointExtension>
        </extensions>
      </trkpt>
      <trkpt lat="44.0980912931263446807861328125" lon="-80.1239950954914093017578125">
        <ele>471.20001220703125</ele>
        <time>2025-05-19T17:18:09.000Z</time>
        <extensions>
          <ns3:TrackPointExtension>
            <ns3:hr>105</ns3:hr>
          </ns3:TrackPointExtension>
        </extensions>
      </trkpt>
      <trkpt lat="44.098106212913990020751953125" lon="-80.12401194311678409576416015625">
        <ele>471</ele>
        <time>2025-05-19T17:18:11.000Z</time>
        <extensions>
          <ns3:TrackPointExtension>
            <ns3:hr>105</ns3:hr>
          </ns3:TrackPointExtension>
        </extensions>
      </trkpt>
      <trkpt lat="44.09818626008927822113037109375" lon="-80.12402954511344432830810546875">
        <ele>470.600006103515625</ele>
        <time>2025-05-19T17:18:18.000Z</time>
        <extensions>
          <ns3:TrackPointExtension>
            <ns3:hr>104</ns3:hr>
          </ns3:TrackPointExtension>
        </extensions>
      </trkpt>
      <trkpt lat="44.0982166863977909088134765625" lon="-80.12403197586536407470703125">
        <ele>470.600006103515625</ele>
        <time>2025-05-19T17:18:21.000Z</time>
        <extensions>
          <ns3:TrackPointExtension>
            <ns3:hr>107</ns3:hr>
          </ns3:TrackPointExtension>
        </extensions>
      </trkpt>
      <trkpt lat="44.09826421178877353668212890625" lon="-80.12402635999023914337158203125">
        <ele>470.399993896484375</ele>
        <time>2025-05-19T17:18:25.000Z</time>
        <extensions>
          <ns3:TrackPointExtension>
            <ns3:hr>105</ns3:hr>
          </ns3:TrackPointExtension>
        </extensions>
      </trkpt>
      <trkpt lat="44.09828399308025836944580078125" lon="-80.12402552179992198944091796875">
        <ele>470.399993896484375</ele>
        <time>2025-05-19T17:18:26.000Z</time>
        <extensions>
          <ns3:TrackPointExtension>
            <ns3:hr>108</ns3:hr>
          </ns3:TrackPointExtension>
        </extensions>
      </trkpt>
      <trkpt lat="44.09836747683584690093994140625" lon="-80.124028958380222320556640625">
        <ele>470</ele>
        <time>2025-05-19T17:18:31.000Z</time>
        <extensions>
          <ns3:TrackPointExtension>
            <ns3:hr>108</ns3:hr>
          </ns3:TrackPointExtension>
        </extensions>
      </trkpt>
      <trkpt lat="44.09839966334402561187744140625" lon="-80.1240338198840618133544921875">
        <ele>470</ele>
        <time>2025-05-19T17:18:33.000Z</time>
        <extensions>
          <ns3:TrackPointExtension>
            <ns3:hr>108</ns3:hr>
          </ns3:TrackPointExtension>
        </extensions>
      </trkpt>
      <trkpt lat="44.0984849072992801666259765625" lon="-80.12404739856719970703125">
        <ele>470</ele>
        <time>2025-05-19T17:18:41.000Z</time>
        <extensions>
          <ns3:TrackPointExtension>
            <ns3:hr>109</ns3:hr>
          </ns3:TrackPointExtension>
        </extensions>
      </trkpt>
      <trkpt lat="44.09849756397306919097900390625" lon="-80.1240487396717071533203125">
        <ele>470</ele>
        <time>2025-05-19T17:18:42.000Z</time>
        <extensions>
          <ns3:TrackPointExtension>
            <ns3:hr>105</ns3:hr>
          </ns3:TrackPointExtension>
        </extensions>
      </trkpt>
      <trkpt lat="44.09856260754168033599853515625" lon="-80.124058462679386138916015625">
        <ele>469.79998779296875</ele>
        <time>2025-05-19T17:18:47.000Z</time>
        <extensions>
          <ns3:TrackPointExtension>
            <ns3:hr>102</ns3:hr>
          </ns3:TrackPointExtension>
        </extensions>
      </trkpt>
      <trkpt lat="44.0986042656004428863525390625" lon="-80.12406550347805023193359375">
        <ele>469.600006103515625</ele>
        <time>2025-05-19T17:18:50.000Z</time>
        <extensions>
          <ns3:TrackPointExtension>
            <ns3:hr>102</ns3:hr>
          </ns3:TrackPointExtension>
        </extensions>
      </trkpt>
      <trkpt lat="44.0986981429159641265869140625" lon="-80.124078579246997833251953125">
        <ele>469.600006103515625</ele>
        <time>2025-05-19T17:18:58.000Z</time>
        <extensions>
          <ns3:TrackPointExtension>
            <ns3:hr>104</ns3:hr>
          </ns3:TrackPointExtension>
        </extensions>
      </trkpt>
      <trkpt lat="44.098762013018131256103515625" lon="-80.124087296426296234130859375">
        <ele>469.79998779296875</ele>
        <time>2025-05-19T17:19:03.000Z</time>
        <extensions>
          <ns3:TrackPointExtension>
            <ns3:hr>107</ns3:hr>
          </ns3:TrackPointExtension>
        </extensions>
      </trkpt>
      <trkpt lat="44.09878087230026721954345703125" lon="-80.12409023009240627288818359375">
        <ele>469.79998779296875</ele>
        <time>2025-05-19T17:19:05.000Z</time>
        <extensions>
          <ns3:TrackPointExtension>
            <ns3:hr>103</ns3:hr>
          </ns3:TrackPointExtension>
        </extensions>
      </trkpt>
      <trkpt lat="44.0987923555076122283935546875" lon="-80.1240914873778820037841796875">
        <ele>469.79998779296875</ele>
        <time>2025-05-19T17:19:06.000Z</time>
        <extensions>
          <ns3:TrackPointExtension>
            <ns3:hr>104</ns3:hr>
          </ns3:TrackPointExtension>
        </extensions>
      </trkpt>
      <trkpt lat="44.0988604165613651275634765625" lon="-80.1240884698927402496337890625">
        <ele>469.79998779296875</ele>
        <time>2025-05-19T17:19:12.000Z</time>
        <extensions>
          <ns3:TrackPointExtension>
            <ns3:hr>107</ns3:hr>
          </ns3:TrackPointExtension>
        </extensions>
      </trkpt>
      <trkpt lat="44.09887122921645641326904296875" lon="-80.12408872134983539581298828125">
        <ele>469.600006103515625</ele>
        <time>2025-05-19T17:19:13.000Z</time>
        <extensions>
          <ns3:TrackPointExtension>
            <ns3:hr>104</ns3:hr>
          </ns3:TrackPointExtension>
        </extensions>
      </trkpt>
      <trkpt lat="44.0989029966294765472412109375" lon="-80.12408989481627941131591796875">
        <ele>469.600006103515625</ele>
        <time>2025-05-19T17:19:15.000Z</time>
        <extensions>
          <ns3:TrackPointExtension>
            <ns3:hr>105</ns3:hr>
          </ns3:TrackPointExtension>
        </extensions>
      </trkpt>
      <trkpt lat="44.09900248982012271881103515625" lon="-80.12411671690642833709716796875">
        <ele>469.399993896484375</ele>
        <time>2025-05-19T17:19:22.000Z</time>
        <extensions>
          <ns3:TrackPointExtension>
            <ns3:hr>109</ns3:hr>
          </ns3:TrackPointExtension>
        </extensions>
      </trkpt>
      <trkpt lat="44.09903484396636486053466796875" lon="-80.1241370849311351776123046875">
        <ele>469.399993896484375</ele>
        <time>2025-05-19T17:19:27.000Z</time>
        <extensions>
          <ns3:TrackPointExtension>
            <ns3:hr>105</ns3:hr>
          </ns3:TrackPointExtension>
        </extensions>
      </trkpt>
      <trkpt lat="44.0990391187369823455810546875" lon="-80.1241364143788814544677734375">
        <ele>469.399993896484375</ele>
        <time>2025-05-19T17:19:29.000Z</time>
        <extensions>
          <ns3:TrackPointExtension>
            <ns3:hr>106</ns3:hr>
          </ns3:TrackPointExtension>
        </extensions>
      </trkpt>
      <trkpt lat="44.09904540516436100006103515625" lon="-80.12414236553013324737548828125">
        <ele>469.20001220703125</ele>
        <time>2025-05-19T17:19:38.000Z</time>
        <extensions>
          <ns3:TrackPointExtension>
            <ns3:hr>106</ns3:hr>
          </ns3:TrackPointExtension>
        </extensions>
      </trkpt>
      <trkpt lat="44.09904758445918560028076171875" lon="-80.12414772994816303253173828125">
        <ele>469.20001220703125</ele>
        <time>2025-05-19T17:19:41.000Z</time>
        <extensions>
          <ns3:TrackPointExtension>
            <ns3:hr>103</ns3:hr>
          </ns3:TrackPointExtension>
        </extensions>
      </trkpt>
      <trkpt lat="44.099057056009769439697265625" lon="-80.12415879406034946441650390625">
        <ele>469.20001220703125</ele>
        <time>2025-05-19T17:19:43.000Z</time>
        <extensions>
          <ns3:TrackPointExtension>
            <ns3:hr>108</ns3:hr>
          </ns3:TrackPointExtension>
        </extensions>
      </trkpt>
      <trkpt lat="44.09906434826552867889404296875" lon="-80.124159716069698333740234375">
        <ele>469.20001220703125</ele>
        <time>2025-05-19T17:19:44.000Z</time>
        <extensions>
          <ns3:TrackPointExtension>
            <ns3:hr>111</ns3:hr>
          </ns3:TrackPointExtension>
        </extensions>
      </trkpt>
      <trkpt lat="44.0990699641406536102294921875" lon="-80.12416214682161808013916015625">
        <ele>469.20001220703125</ele>
        <time>2025-05-19T17:19:45.000Z</time>
        <extensions>
          <ns3:TrackPointExtension>
            <ns3:hr>115</ns3:hr>
          </ns3:TrackPointExtension>
        </extensions>
      </trkpt>
      <trkpt lat="44.09908614121377468109130859375" lon="-80.12416617013514041900634765625">
        <ele>469.20001220703125</ele>
        <time>2025-05-19T17:19:47.000Z</time>
        <extensions>
          <ns3:TrackPointExtension>
            <ns3:hr>119</ns3:hr>
          </ns3:TrackPointExtension>
        </extensions>
      </trkpt>
      <trkpt lat="44.0990934334695339202880859375" lon="-80.12416684068739414215087890625">
        <ele>469.20001220703125</ele>
        <time>2025-05-19T17:19:48.000Z</time>
        <extensions>
          <ns3:TrackPointExtension>
            <ns3:hr>122</ns3:hr>
          </ns3:TrackPointExtension>
        </extensions>
      </trkpt>
      <trkpt lat="44.09910592250525951385498046875" lon="-80.1241504959762096405029296875">
        <ele>469.20001220703125</ele>
        <time>2025-05-19T17:19:53.000Z</time>
        <extensions>
          <ns3:TrackPointExtension>
            <ns3:hr>122</ns3:hr>
          </ns3:TrackPointExtension>
        </extensions>
      </trkpt>
      <trkpt lat="44.09911279566586017608642578125" lon="-80.1241706125438213348388671875">
        <ele>469.399993896484375</ele>
        <time>2025-05-19T17:19:59.000Z</time>
        <extensions>
          <ns3:TrackPointExtension>
            <ns3:hr>119</ns3:hr>
          </ns3:TrackPointExtension>
        </extensions>
      </trkpt>
      <trkpt lat="44.0991494245827198028564453125" lon="-80.12420992366969585418701171875">
        <ele>469.79998779296875</ele>
        <time>2025-05-19T17:20:10.000Z</time>
        <extensions>
          <ns3:TrackPointExtension>
            <ns3:hr>118</ns3:hr>
          </ns3:TrackPointExtension>
        </extensions>
      </trkpt>
      <trkpt lat="44.099209606647491455078125" lon="-80.124227441847324371337890625">
        <ele>469.79998779296875</ele>
        <time>2025-05-19T17:20:16.000Z</time>
        <extensions>
          <ns3:TrackPointExtension>
            <ns3:hr>115</ns3:hr>
          </ns3:TrackPointExtension>
        </extensions>
      </trkpt>
      <trkpt lat="44.09926216118037700653076171875" lon="-80.1242467202246189117431640625">
        <ele>470</ele>
        <time>2025-05-19T17:20:21.000Z</time>
        <extensions>
          <ns3:TrackPointExtension>
            <ns3:hr>111</ns3:hr>
          </ns3:TrackPointExtension>
        </extensions>
      </trkpt>
      <trkpt lat="44.09928001463413238525390625" lon="-80.12425233609974384307861328125">
        <ele>470</ele>
        <time>2025-05-19T17:20:23.000Z</time>
        <extensions>
          <ns3:TrackPointExtension>
            <ns3:hr>106</ns3:hr>
          </ns3:TrackPointExtension>
        </extensions>
      </trkpt>
      <trkpt lat="44.09928780980408191680908203125" lon="-80.124254263937473297119140625">
        <ele>470</ele>
        <time>2025-05-19T17:20:24.000Z</time>
        <extensions>
          <ns3:TrackPointExtension>
            <ns3:hr>106</ns3:hr>
          </ns3:TrackPointExtension>
        </extensions>
      </trkpt>
      <trkpt lat="44.09933458082377910614013671875" lon="-80.12427329085767269134521484375">
        <ele>470</ele>
        <time>2025-05-19T17:20:29.000Z</time>
        <extensions>
          <ns3:TrackPointExtension>
            <ns3:hr>103</ns3:hr>
          </ns3:TrackPointExtension>
        </extensions>
      </trkpt>
      <trkpt lat="44.099354110658168792724609375" lon="-80.12429122813045978546142578125">
        <ele>470.20001220703125</ele>
        <time>2025-05-19T17:20:32.000Z</time>
        <extensions>
          <ns3:TrackPointExtension>
            <ns3:hr>106</ns3:hr>
          </ns3:TrackPointExtension>
        </extensions>
      </trkpt>
      <trkpt lat="44.09940985031425952911376953125" lon="-80.12432240881025791168212890625">
        <ele>470.399993896484375</ele>
        <time>2025-05-19T17:20:38.000Z</time>
        <extensions>
          <ns3:TrackPointExtension>
            <ns3:hr>105</ns3:hr>
          </ns3:TrackPointExtension>
        </extensions>
      </trkpt>
      <trkpt lat="44.09949869848787784576416015625" lon="-80.12433640658855438232421875">
        <ele>470.600006103515625</ele>
        <time>2025-05-19T17:20:44.000Z</time>
        <extensions>
          <ns3:TrackPointExtension>
            <ns3:hr>108</ns3:hr>
          </ns3:TrackPointExtension>
        </extensions>
      </trkpt>
      <trkpt lat="44.09959374926984310150146484375" lon="-80.1243464648723602294921875">
        <ele>470.79998779296875</ele>
        <time>2025-05-19T17:20:50.000Z</time>
        <extensions>
          <ns3:TrackPointExtension>
            <ns3:hr>111</ns3:hr>
          </ns3:TrackPointExtension>
        </extensions>
      </trkpt>
      <trkpt lat="44.0996449626982212066650390625" lon="-80.1243526674807071685791015625">
        <ele>471</ele>
        <time>2025-05-19T17:20:54.000Z</time>
        <extensions>
          <ns3:TrackPointExtension>
            <ns3:hr>109</ns3:hr>
          </ns3:TrackPointExtension>
        </extensions>
      </trkpt>
      <trkpt lat="44.09965594299137592315673828125" lon="-80.1243533380329608917236328125">
        <ele>471</ele>
        <time>2025-05-19T17:20:55.000Z</time>
        <extensions>
          <ns3:TrackPointExtension>
            <ns3:hr>108</ns3:hr>
          </ns3:TrackPointExtension>
        </extensions>
      </trkpt>
      <trkpt lat="44.0996996127068996429443359375" lon="-80.12435920536518096923828125">
        <ele>471.600006103515625</ele>
        <time>2025-05-19T17:20:59.000Z</time>
        <extensions>
          <ns3:TrackPointExtension>
            <ns3:hr>105</ns3:hr>
          </ns3:TrackPointExtension>
        </extensions>
      </trkpt>
      <trkpt lat="44.09982592798769474029541015625" lon="-80.12438946403563022613525390625">
        <ele>472.20001220703125</ele>
        <time>2025-05-19T17:21:09.000Z</time>
        <extensions>
          <ns3:TrackPointExtension>
            <ns3:hr>103</ns3:hr>
          </ns3:TrackPointExtension>
        </extensions>
      </trkpt>
      <trkpt lat="44.0999490581452846527099609375" lon="-80.12440438382327556610107421875">
        <ele>472.600006103515625</ele>
        <time>2025-05-19T17:21:19.000Z</time>
        <extensions>
          <ns3:TrackPointExtension>
            <ns3:hr>100</ns3:hr>
          </ns3:TrackPointExtension>
        </extensions>
      </trkpt>
      <trkpt lat="44.09996942616999149322509765625" lon="-80.1244086585938930511474609375">
        <ele>472.79998779296875</ele>
        <time>2025-05-19T17:21:22.000Z</time>
        <extensions>
          <ns3:TrackPointExtension>
            <ns3:hr>100</ns3:hr>
          </ns3:TrackPointExtension>
        </extensions>
      </trkpt>
      <trkpt lat="44.10001183860003948211669921875" lon="-80.1244322955608367919921875">
        <ele>473.20001220703125</ele>
        <time>2025-05-19T17:21:31.000Z</time>
        <extensions>
          <ns3:TrackPointExtension>
            <ns3:hr>100</ns3:hr>
          </ns3:TrackPointExtension>
        </extensions>
      </trkpt>
      <trkpt lat="44.1000312007963657379150390625" lon="-80.12444092892110347747802734375">
        <ele>473.20001220703125</ele>
        <time>2025-05-19T17:21:34.000Z</time>
        <extensions>
          <ns3:TrackPointExtension>
            <ns3:hr>108</ns3:hr>
          </ns3:TrackPointExtension>
        </extensions>
      </trkpt>
      <trkpt lat="44.10003103315830230712890625" lon="-80.1244465447962284088134765625">
        <ele>473.20001220703125</ele>
        <time>2025-05-19T17:21:36.000Z</time>
        <extensions>
          <ns3:TrackPointExtension>
            <ns3:hr>112</ns3:hr>
          </ns3:TrackPointExtension>
        </extensions>
      </trkpt>
      <trkpt lat="44.0999617986381053924560546875" lon="-80.12446624226868152618408203125">
        <ele>473.20001220703125</ele>
        <time>2025-05-19T17:21:49.000Z</time>
        <extensions>
          <ns3:TrackPointExtension>
            <ns3:hr>112</ns3:hr>
          </ns3:TrackPointExtension>
        </extensions>
      </trkpt>
      <trkpt lat="44.09995056688785552978515625" lon="-80.12446054257452487945556640625">
        <ele>473.399993896484375</ele>
        <time>2025-05-19T17:22:05.000Z</time>
        <extensions>
          <ns3:TrackPointExtension>
            <ns3:hr>109</ns3:hr>
          </ns3:TrackPointExtension>
        </extensions>
      </trkpt>
      <trkpt lat="44.0999557636678218841552734375" lon="-80.12446121312677860260009765625">
        <ele>473.399993896484375</ele>
        <time>2025-05-19T17:22:07.000Z</time>
        <extensions>
          <ns3:TrackPointExtension>
            <ns3:hr>110</ns3:hr>
          </ns3:TrackPointExtension>
        </extensions>
      </trkpt>
      <trkpt lat="44.09996456466615200042724609375" lon="-80.124463140964508056640625">
        <ele>473</ele>
        <time>2025-05-19T17:22:18.000Z</time>
        <extensions>
          <ns3:TrackPointExtension>
            <ns3:hr>110</ns3:hr>
          </ns3:TrackPointExtension>
        </extensions>
      </trkpt>
      <trkpt lat="44.09996473230421543121337890625" lon="-80.1244572736322879791259765625">
        <ele>473</ele>
        <time>2025-05-19T17:22:21.000Z</time>
        <extensions>
          <ns3:TrackPointExtension>
            <ns3:hr>105</ns3:hr>
          </ns3:TrackPointExtension>
        </extensions>
      </trkpt>
      <trkpt lat="44.09996087662875652313232421875" lon="-80.12445417232811450958251953125">
        <ele>473</ele>
        <time>2025-05-19T17:22:22.000Z</time>
        <extensions>
          <ns3:TrackPointExtension>
            <ns3:hr>102</ns3:hr>
          </ns3:TrackPointExtension>
        </extensions>
      </trkpt>
      <trkpt lat="44.0999554283916950225830078125" lon="-80.1244485564529895782470703125">
        <ele>473</ele>
        <time>2025-05-19T17:22:24.000Z</time>
        <extensions>
          <ns3:TrackPointExtension>
            <ns3:hr>98</ns3:hr>
          </ns3:TrackPointExtension>
        </extensions>
      </trkpt>
      <trkpt lat="44.0999752096831798553466796875" lon="-80.1243920624256134033203125">
        <ele>473.399993896484375</ele>
        <time>2025-05-19T17:22:34.000Z</time>
        <extensions>
          <ns3:TrackPointExtension>
            <ns3:hr>98</ns3:hr>
          </ns3:TrackPointExtension>
        </extensions>
      </trkpt>
      <trkpt lat="44.10000580362975597381591796875" lon="-80.1243687607347965240478515625">
        <ele>473.79998779296875</ele>
        <time>2025-05-19T17:22:52.000Z</time>
        <extensions>
          <ns3:TrackPointExtension>
            <ns3:hr>99</ns3:hr>
          </ns3:TrackPointExtension>
        </extensions>
      </trkpt>
      <trkpt lat="44.1000330448150634765625" lon="-80.12434235773980617523193359375">
        <ele>473.79998779296875</ele>
        <time>2025-05-19T17:22:56.000Z</time>
        <extensions>
          <ns3:TrackPointExtension>
            <ns3:hr>95</ns3:hr>
          </ns3:TrackPointExtension>
        </extensions>
      </trkpt>
      <trkpt lat="44.1000539995729923248291015625" lon="-80.124324671924114227294921875">
        <ele>473.600006103515625</ele>
        <time>2025-05-19T17:23:06.000Z</time>
        <extensions>
          <ns3:TrackPointExtension>
            <ns3:hr>93</ns3:hr>
          </ns3:TrackPointExtension>
        </extensions>
      </trkpt>
      <trkpt lat="44.1000580228865146636962890625" lon="-80.1243523322045803070068359375">
        <ele>473.79998779296875</ele>
        <time>2025-05-19T17:23:20.000Z</time>
        <extensions>
          <ns3:TrackPointExtension>
            <ns3:hr>98</ns3:hr>
          </ns3:TrackPointExtension>
        </extensions>
      </trkpt>
      <trkpt lat="44.1000640578567981719970703125" lon="-80.124354176223278045654296875">
        <ele>473.79998779296875</ele>
        <time>2025-05-19T17:23:23.000Z</time>
        <extensions>
          <ns3:TrackPointExtension>
            <ns3:hr>99</ns3:hr>
          </ns3:TrackPointExtension>
        </extensions>
      </trkpt>
      <trkpt lat="44.10006430931389331817626953125" lon="-80.12435442768037319183349609375">
        <ele>473.79998779296875</ele>
        <time>2025-05-19T17:23:24.000Z</time>
        <extensions>
          <ns3:TrackPointExtension>
            <ns3:hr>96</ns3:hr>
          </ns3:TrackPointExtension>
        </extensions>
      </trkpt>
      <trkpt lat="44.10004436038434505462646484375" lon="-80.124359540641307830810546875">
        <ele>474.20001220703125</ele>
        <time>2025-05-19T17:23:35.000Z</time>
        <extensions>
          <ns3:TrackPointExtension>
            <ns3:hr>97</ns3:hr>
          </ns3:TrackPointExtension>
        </extensions>
      </trkpt>
      <trkpt lat="44.10004042088985443115234375" lon="-80.124361217021942138671875">
        <ele>474.20001220703125</ele>
        <time>2025-05-19T17:23:36.000Z</time>
        <extensions>
          <ns3:TrackPointExtension>
            <ns3:hr>95</ns3:hr>
          </ns3:TrackPointExtension>
        </extensions>
      </trkpt>
      <trkpt lat="44.10000831820070743560791015625" lon="-80.1243727840483188629150390625">
        <ele>474.20001220703125</ele>
        <time>2025-05-19T17:23:47.000Z</time>
        <extensions>
          <ns3:TrackPointExtension>
            <ns3:hr>96</ns3:hr>
          </ns3:TrackPointExtension>
        </extensions>
      </trkpt>
      <trkpt lat="44.1000102460384368896484375" lon="-80.12432056479156017303466796875">
        <ele>474.399993896484375</ele>
        <time>2025-05-19T17:24:03.000Z</time>
        <extensions>
          <ns3:TrackPointExtension>
            <ns3:hr>96</ns3:hr>
          </ns3:TrackPointExtension>
        </extensions>
      </trkpt>
      <trkpt lat="44.1000343859195709228515625" lon="-80.12431201525032520294189453125">
        <ele>474.399993896484375</ele>
        <time>2025-05-19T17:24:07.000Z</time>
        <extensions>
          <ns3:TrackPointExtension>
            <ns3:hr>99</ns3:hr>
          </ns3:TrackPointExtension>
        </extensions>
      </trkpt>
      <trkpt lat="44.10001762211322784423828125" lon="-80.1243258453905582427978515625">
        <ele>474.600006103515625</ele>
        <time>2025-05-19T17:24:20.000Z</time>
        <extensions>
          <ns3:TrackPointExtension>
            <ns3:hr>101</ns3:hr>
          </ns3:TrackPointExtension>
        </extensions>
      </trkpt>
      <trkpt lat="44.0999856032431125640869140625" lon="-80.124336741864681243896484375">
        <ele>474.600006103515625</ele>
        <time>2025-05-19T17:24:28.000Z</time>
        <extensions>
          <ns3:TrackPointExtension>
            <ns3:hr>98</ns3:hr>
          </ns3:TrackPointExtension>
        </extensions>
      </trkpt>
      <trkpt lat="44.0999705158174037933349609375" lon="-80.12434051372110843658447265625">
        <ele>474.600006103515625</ele>
        <time>2025-05-19T17:24:32.000Z</time>
        <extensions>
          <ns3:TrackPointExtension>
            <ns3:hr>102</ns3:hr>
          </ns3:TrackPointExtension>
        </extensions>
      </trkpt>
      <trkpt lat="44.09996724687516689300537109375" lon="-80.12435073964297771453857421875">
        <ele>474.79998779296875</ele>
        <time>2025-05-19T17:24:37.000Z</time>
        <extensions>
          <ns3:TrackPointExtension>
            <ns3:hr>101</ns3:hr>
          </ns3:TrackPointExtension>
        </extensions>
      </trkpt>
      <trkpt lat="44.0999688394367694854736328125" lon="-80.12434487231075763702392578125">
        <ele>474.79998779296875</ele>
        <time>2025-05-19T17:24:39.000Z</time>
        <extensions>
          <ns3:TrackPointExtension>
            <ns3:hr>97</ns3:hr>
          </ns3:TrackPointExtension>
        </extensions>
      </trkpt>
      <trkpt lat="44.09996942616999149322509765625" lon="-80.12433866970241069793701171875">
        <ele>474.79998779296875</ele>
        <time>2025-05-19T17:24:41.000Z</time>
        <extensions>
          <ns3:TrackPointExtension>
            <ns3:hr>93</ns3:hr>
          </ns3:TrackPointExtension>
        </extensions>
      </trkpt>
      <trkpt lat="44.0999463759362697601318359375" lon="-80.12433665804564952850341796875">
        <ele>474.79998779296875</ele>
        <time>2025-05-19T17:24:45.000Z</time>
        <extensions>
          <ns3:TrackPointExtension>
            <ns3:hr>90</ns3:hr>
          </ns3:TrackPointExtension>
        </extensions>
      </trkpt>
      <trkpt lat="44.0999190509319305419921875" lon="-80.1243416033685207366943359375">
        <ele>475</ele>
        <time>2025-05-19T17:24:47.000Z</time>
        <extensions>
          <ns3:TrackPointExtension>
            <ns3:hr>94</ns3:hr>
          </ns3:TrackPointExtension>
        </extensions>
      </trkpt>
      <trkpt lat="44.09990228712558746337890625" lon="-80.12434638105332851409912109375">
        <ele>475</ele>
        <time>2025-05-19T17:24:49.000Z</time>
        <extensions>
          <ns3:TrackPointExtension>
            <ns3:hr>96</ns3:hr>
          </ns3:TrackPointExtension>
        </extensions>
      </trkpt>
      <trkpt lat="44.09994914196431636810302734375" lon="-80.12435258366167545318603515625">
        <ele>475.20001220703125</ele>
        <time>2025-05-19T17:25:07.000Z</time>
        <extensions>
          <ns3:TrackPointExtension>
            <ns3:hr>95</ns3:hr>
          </ns3:TrackPointExtension>
        </extensions>
      </trkpt>
      <trkpt lat="44.09996137954294681549072265625" lon="-80.1243545114994049072265625">
        <ele>475.20001220703125</ele>
        <time>2025-05-19T17:25:08.000Z</time>
        <extensions>
          <ns3:TrackPointExtension>
            <ns3:hr>94</ns3:hr>
          </ns3:TrackPointExtension>
        </extensions>
      </trkpt>
      <trkpt lat="44.09997629933059215545654296875" lon="-80.1243625581264495849609375">
        <ele>475.20001220703125</ele>
        <time>2025-05-19T17:25:18.000Z</time>
        <extensions>
          <ns3:TrackPointExtension>
            <ns3:hr>98</ns3:hr>
          </ns3:TrackPointExtension>
        </extensions>
      </trkpt>
      <trkpt lat="44.099976383149623870849609375" lon="-80.124363563954830169677734375">
        <ele>476</ele>
        <time>2025-05-19T17:25:22.000Z</time>
        <extensions>
          <ns3:TrackPointExtension>
            <ns3:hr>99</ns3:hr>
          </ns3:TrackPointExtension>
        </extensions>
      </trkpt>
      <trkpt lat="44.0999775566160678863525390625" lon="-80.12436616234481334686279296875">
        <ele>476</ele>
        <time>2025-05-19T17:25:28.000Z</time>
        <extensions>
          <ns3:TrackPointExtension>
            <ns3:hr>102</ns3:hr>
          </ns3:TrackPointExtension>
        </extensions>
      </trkpt>
      <trkpt lat="44.09998183138668537139892578125" lon="-80.1243640668690204620361328125">
        <ele>476</ele>
        <time>2025-05-19T17:25:32.000Z</time>
        <extensions>
          <ns3:TrackPointExtension>
            <ns3:hr>108</ns3:hr>
          </ns3:TrackPointExtension>
        </extensions>
      </trkpt>
      <trkpt lat="44.09998736344277858734130859375" lon="-80.12436247430741786956787109375">
        <ele>476</ele>
        <time>2025-05-19T17:25:35.000Z</time>
        <extensions>
          <ns3:TrackPointExtension>
            <ns3:hr>111</ns3:hr>
          </ns3:TrackPointExtension>
        </extensions>
      </trkpt>
      <trkpt lat="44.0999862737953662872314453125" lon="-80.12436498887836933135986328125">
        <ele>476</ele>
        <time>2025-05-19T17:25:37.000Z</time>
        <extensions>
          <ns3:TrackPointExtension>
            <ns3:hr>114</ns3:hr>
          </ns3:TrackPointExtension>
        </extensions>
      </trkpt>
      <trkpt lat="44.0999859385192394256591796875" lon="-80.12436498887836933135986328125">
        <ele>476</ele>
        <time>2025-05-19T17:25:38.000Z</time>
        <extensions>
          <ns3:TrackPointExtension>
            <ns3:hr>117</ns3:hr>
          </ns3:TrackPointExtension>
        </extensions>
      </trkpt>
      <trkpt lat="44.0999896265566349029541015625" lon="-80.124360881745815277099609375">
        <ele>476</ele>
        <time>2025-05-19T17:25:41.000Z</time>
        <extensions>
          <ns3:TrackPointExtension>
            <ns3:hr>117</ns3:hr>
          </ns3:TrackPointExtension>
        </extensions>
      </trkpt>
      <trkpt lat="44.100006558001041412353515625" lon="-80.124350823462009429931640625">
        <ele>476</ele>
        <time>2025-05-19T17:25:45.000Z</time>
        <extensions>
          <ns3:TrackPointExtension>
            <ns3:hr>114</ns3:hr>
          </ns3:TrackPointExtension>
        </extensions>
      </trkpt>
      <trkpt lat="44.10000697709619998931884765625" lon="-80.12435115873813629150390625">
        <ele>476</ele>
        <time>2025-05-19T17:25:49.000Z</time>
        <extensions>
          <ns3:TrackPointExtension>
            <ns3:hr>111</ns3:hr>
          </ns3:TrackPointExtension>
        </extensions>
      </trkpt>
      <trkpt lat="44.10001091659069061279296875" lon="-80.12435375712811946868896484375">
        <ele>476</ele>
        <time>2025-05-19T17:25:57.000Z</time>
        <extensions>
          <ns3:TrackPointExtension>
            <ns3:hr>106</ns3:hr>
          </ns3:TrackPointExtension>
        </extensions>
      </trkpt>
      <trkpt lat="44.100008569657802581787109375" lon="-80.12435115873813629150390625">
        <ele>476</ele>
        <time>2025-05-19T17:25:59.000Z</time>
        <extensions>
          <ns3:TrackPointExtension>
            <ns3:hr>107</ns3:hr>
          </ns3:TrackPointExtension>
        </extensions>
      </trkpt>
      <trkpt lat="44.10000689327716827392578125" lon="-80.12435249984264373779296875">
        <ele>476</ele>
        <time>2025-05-19T17:26:01.000Z</time>
        <extensions>
          <ns3:TrackPointExtension>
            <ns3:hr>104</ns3:hr>
          </ns3:TrackPointExtension>
        </extensions>
      </trkpt>
      <trkpt lat="44.099975042045116424560546875" lon="-80.12437018565833568572998046875">
        <ele>476</ele>
        <time>2025-05-19T17:26:10.000Z</time>
        <extensions>
          <ns3:TrackPointExtension>
            <ns3:hr>101</ns3:hr>
          </ns3:TrackPointExtension>
        </extensions>
      </trkpt>
      <trkpt lat="44.09998065792024135589599609375" lon="-80.12437135912477970123291015625">
        <ele>476</ele>
        <time>2025-05-19T17:26:16.000Z</time>
        <extensions>
          <ns3:TrackPointExtension>
            <ns3:hr>98</ns3:hr>
          </ns3:TrackPointExtension>
        </extensions>
      </trkpt>
      <trkpt lat="44.0999919734895229339599609375" lon="-80.12436448596417903900146484375">
        <ele>476</ele>
        <time>2025-05-19T17:26:19.000Z</time>
        <extensions>
          <ns3:TrackPointExtension>
            <ns3:hr>101</ns3:hr>
          </ns3:TrackPointExtension>
        </extensions>
      </trkpt>
      <trkpt lat="44.09999021328985691070556640625" lon="-80.12435845099389553070068359375">
        <ele>476</ele>
        <time>2025-05-19T17:26:22.000Z</time>
        <extensions>
          <ns3:TrackPointExtension>
            <ns3:hr>104</ns3:hr>
          </ns3:TrackPointExtension>
        </extensions>
      </trkpt>
      <trkpt lat="44.0999980084598064422607421875" lon="-80.1243523322045803070068359375">
        <ele>476</ele>
        <time>2025-05-19T17:26:34.000Z</time>
        <extensions>
          <ns3:TrackPointExtension>
            <ns3:hr>103</ns3:hr>
          </ns3:TrackPointExtension>
        </extensions>
      </trkpt>
      <trkpt lat="44.099999181926250457763671875" lon="-80.12434621341526508331298828125">
        <ele>476</ele>
        <time>2025-05-19T17:26:46.000Z</time>
        <extensions>
          <ns3:TrackPointExtension>
            <ns3:hr>106</ns3:hr>
          </ns3:TrackPointExtension>
        </extensions>
      </trkpt>
      <trkpt lat="44.0999996848404407501220703125" lon="-80.12434386648237705230712890625">
        <ele>476</ele>
        <time>2025-05-19T17:26:47.000Z</time>
        <extensions>
          <ns3:TrackPointExtension>
            <ns3:hr>102</ns3:hr>
          </ns3:TrackPointExtension>
        </extensions>
      </trkpt>
      <trkpt lat="44.09999976865947246551513671875" lon="-80.124350823462009429931640625">
        <ele>476</ele>
        <time>2025-05-19T17:26:51.000Z</time>
        <extensions>
          <ns3:TrackPointExtension>
            <ns3:hr>98</ns3:hr>
          </ns3:TrackPointExtension>
        </extensions>
      </trkpt>
      <trkpt lat="44.09999356605112552642822265625" lon="-80.12435241602361202239990234375">
        <ele>476</ele>
        <time>2025-05-19T17:26:52.000Z</time>
        <extensions>
          <ns3:TrackPointExtension>
            <ns3:hr>100</ns3:hr>
          </ns3:TrackPointExtension>
        </extensions>
      </trkpt>
      <trkpt lat="44.099946208298206329345703125" lon="-80.12438560836017131805419921875">
        <ele>476</ele>
        <time>2025-05-19T17:27:08.000Z</time>
        <extensions>
          <ns3:TrackPointExtension>
            <ns3:hr>100</ns3:hr>
          </ns3:TrackPointExtension>
        </extensions>
      </trkpt>
      <trkpt lat="44.09996607340872287750244140625" lon="-80.1243627257645130157470703125">
        <ele>476</ele>
        <time>2025-05-19T17:27:16.000Z</time>
        <extensions>
          <ns3:TrackPointExtension>
            <ns3:hr>96</ns3:hr>
          </ns3:TrackPointExtension>
        </extensions>
      </trkpt>
      <trkpt lat="44.09996205009520053863525390625" lon="-80.12435995973646640777587890625">
        <ele>476</ele>
        <time>2025-05-19T17:27:17.000Z</time>
        <extensions>
          <ns3:TrackPointExtension>
            <ns3:hr>99</ns3:hr>
          </ns3:TrackPointExtension>
        </extensions>
      </trkpt>
      <trkpt lat="44.09995333291590213775634765625" lon="-80.12435945682227611541748046875">
        <ele>476</ele>
        <time>2025-05-19T17:27:20.000Z</time>
        <extensions>
          <ns3:TrackPointExtension>
            <ns3:hr>97</ns3:hr>
          </ns3:TrackPointExtension>
        </extensions>
      </trkpt>
      <trkpt lat="44.09994981251657009124755859375" lon="-80.124346800148487091064453125">
        <ele>476</ele>
        <time>2025-05-19T17:27:28.000Z</time>
        <extensions>
          <ns3:TrackPointExtension>
            <ns3:hr>94</ns3:hr>
          </ns3:TrackPointExtension>
        </extensions>
      </trkpt>
      <trkpt lat="44.09995936788618564605712890625" lon="-80.12434185482561588287353515625">
        <ele>476</ele>
        <time>2025-05-19T17:27:37.000Z</time>
        <extensions>
          <ns3:TrackPointExtension>
            <ns3:hr>96</ns3:hr>
          </ns3:TrackPointExtension>
        </extensions>
      </trkpt>
      <trkpt lat="44.10006883554160594940185546875" lon="-80.1242842711508274078369140625">
        <ele>476</ele>
        <time>2025-05-19T17:27:48.000Z</time>
        <extensions>
          <ns3:TrackPointExtension>
            <ns3:hr>92</ns3:hr>
          </ns3:TrackPointExtension>
        </extensions>
      </trkpt>
      <trkpt lat="44.1000902093946933746337890625" lon="-80.12427831999957561492919921875">
        <ele>476</ele>
        <time>2025-05-19T17:27:52.000Z</time>
        <extensions>
          <ns3:TrackPointExtension>
            <ns3:hr>95</ns3:hr>
          </ns3:TrackPointExtension>
        </extensions>
      </trkpt>
      <trkpt lat="44.10008979029953479766845703125" lon="-80.1242718659341335296630859375">
        <ele>476</ele>
        <time>2025-05-19T17:27:53.000Z</time>
        <extensions>
          <ns3:TrackPointExtension>
            <ns3:hr>96</ns3:hr>
          </ns3:TrackPointExtension>
        </extensions>
      </trkpt>
      <trkpt lat="44.1000493057072162628173828125" lon="-80.12430153787136077880859375">
        <ele>476</ele>
        <time>2025-05-19T17:28:06.000Z</time>
        <extensions>
          <ns3:TrackPointExtension>
            <ns3:hr>99</ns3:hr>
          </ns3:TrackPointExtension>
        </extensions>
      </trkpt>
      <trkpt lat="44.10003639757633209228515625" lon="-80.1243080757558345794677734375">
        <ele>476</ele>
        <time>2025-05-19T17:28:10.000Z</time>
        <extensions>
          <ns3:TrackPointExtension>
            <ns3:hr>99</ns3:hr>
          </ns3:TrackPointExtension>
        </extensions>
      </trkpt>
      <trkpt lat="44.10002675838768482208251953125" lon="-80.1243278570473194122314453125">
        <ele>476</ele>
        <time>2025-05-19T17:28:17.000Z</time>
        <extensions>
          <ns3:TrackPointExtension>
            <ns3:hr>96</ns3:hr>
          </ns3:TrackPointExtension>
        </extensions>
      </trkpt>
      <trkpt lat="44.09999758936464786529541015625" lon="-80.12435853481292724609375">
        <ele>476</ele>
        <time>2025-05-19T17:28:26.000Z</time>
        <extensions>
          <ns3:TrackPointExtension>
            <ns3:hr>97</ns3:hr>
          </ns3:TrackPointExtension>
        </extensions>
      </trkpt>
      <trkpt lat="44.0999876148998737335205078125" lon="-80.124351494014263153076171875">
        <ele>476</ele>
        <time>2025-05-19T17:28:41.000Z</time>
        <extensions>
          <ns3:TrackPointExtension>
            <ns3:hr>94</ns3:hr>
          </ns3:TrackPointExtension>
        </extensions>
      </trkpt>
      <trkpt lat="44.09997981972992420196533203125" lon="-80.1243486441671848297119140625">
        <ele>476</ele>
        <time>2025-05-19T17:28:45.000Z</time>
        <extensions>
          <ns3:TrackPointExtension>
            <ns3:hr>91</ns3:hr>
          </ns3:TrackPointExtension>
        </extensions>
      </trkpt>
      <trkpt lat="44.099978394806385040283203125" lon="-80.12435249984264373779296875">
        <ele>476</ele>
        <time>2025-05-19T17:28:46.000Z</time>
        <extensions>
          <ns3:TrackPointExtension>
            <ns3:hr>91</ns3:hr>
          </ns3:TrackPointExtension>
        </extensions>
      </trkpt>
      <trkpt lat="44.09999884665012359619140625" lon="-80.12439549900591373443603515625">
        <ele>476</ele>
        <time>2025-05-19T17:28:57.000Z</time>
        <extensions>
          <ns3:TrackPointExtension>
            <ns3:hr>88</ns3:hr>
          </ns3:TrackPointExtension>
        </extensions>
      </trkpt>
      <trkpt lat="44.09999976865947246551513671875" lon="-80.124388039112091064453125">
        <ele>476</ele>
        <time>2025-05-19T17:29:01.000Z</time>
        <extensions>
          <ns3:TrackPointExtension>
            <ns3:hr>90</ns3:hr>
          </ns3:TrackPointExtension>
        </extensions>
      </trkpt>
      <trkpt lat="44.10001049749553203582763671875" lon="-80.12439751066267490386962890625">
        <ele>476</ele>
        <time>2025-05-19T17:29:05.000Z</time>
        <extensions>
          <ns3:TrackPointExtension>
            <ns3:hr>93</ns3:hr>
          </ns3:TrackPointExtension>
        </extensions>
      </trkpt>
      <trkpt lat="44.10002441145479679107666015625" lon="-80.12440388090908527374267578125">
        <ele>476</ele>
        <time>2025-05-19T17:29:08.000Z</time>
        <extensions>
          <ns3:TrackPointExtension>
            <ns3:hr>96</ns3:hr>
          </ns3:TrackPointExtension>
        </extensions>
      </trkpt>
      <trkpt lat="44.10005123354494571685791015625" lon="-80.12441243045032024383544921875">
        <ele>476</ele>
        <time>2025-05-19T17:29:16.000Z</time>
        <extensions>
          <ns3:TrackPointExtension>
            <ns3:hr>101</ns3:hr>
          </ns3:TrackPointExtension>
        </extensions>
      </trkpt>
      <trkpt lat="44.10004444420337677001953125" lon="-80.1244156993925571441650390625">
        <ele>476</ele>
        <time>2025-05-19T17:29:17.000Z</time>
        <extensions>
          <ns3:TrackPointExtension>
            <ns3:hr>98</ns3:hr>
          </ns3:TrackPointExtension>
        </extensions>
      </trkpt>
      <trkpt lat="44.100041426718235015869140625" lon="-80.12441444210708141326904296875">
        <ele>476</ele>
        <time>2025-05-19T17:29:18.000Z</time>
        <extensions>
          <ns3:TrackPointExtension>
            <ns3:hr>99</ns3:hr>
          </ns3:TrackPointExtension>
        </extensions>
      </trkpt>
      <trkpt lat="44.10000144504010677337646484375" lon="-80.12443874962627887725830078125">
        <ele>476</ele>
        <time>2025-05-19T17:29:29.000Z</time>
        <extensions>
          <ns3:TrackPointExtension>
            <ns3:hr>96</ns3:hr>
          </ns3:TrackPointExtension>
        </extensions>
      </trkpt>
      <trkpt lat="44.09999239258468151092529296875" lon="-80.12443405576050281524658203125">
        <ele>476</ele>
        <time>2025-05-19T17:29:36.000Z</time>
        <extensions>
          <ns3:TrackPointExtension>
            <ns3:hr>98</ns3:hr>
          </ns3:TrackPointExtension>
        </extensions>
      </trkpt>
      <trkpt lat="44.100024998188018798828125" lon="-80.124409161508083343505859375">
        <ele>476</ele>
        <time>2025-05-19T17:29:50.000Z</time>
        <extensions>
          <ns3:TrackPointExtension>
            <ns3:hr>96</ns3:hr>
          </ns3:TrackPointExtension>
        </extensions>
      </trkpt>
      <trkpt lat="44.10002030432224273681640625" lon="-80.12441913597285747528076171875">
        <ele>476</ele>
        <time>2025-05-19T17:30:02.000Z</time>
        <extensions>
          <ns3:TrackPointExtension>
            <ns3:hr>91</ns3:hr>
          </ns3:TrackPointExtension>
        </extensions>
      </trkpt>
      <trkpt lat="44.10002072341740131378173828125" lon="-80.12441779486835002899169921875">
        <ele>476</ele>
        <time>2025-05-19T17:30:03.000Z</time>
        <extensions>
          <ns3:TrackPointExtension>
            <ns3:hr>93</ns3:hr>
          </ns3:TrackPointExtension>
        </extensions>
      </trkpt>
      <trkpt lat="44.1000238247215747833251953125" lon="-80.12440740130841732025146484375">
        <ele>476</ele>
        <time>2025-05-19T17:30:05.000Z</time>
        <extensions>
          <ns3:TrackPointExtension>
            <ns3:hr>96</ns3:hr>
          </ns3:TrackPointExtension>
        </extensions>
      </trkpt>
      <trkpt lat="44.1000298596918582916259765625" lon="-80.12442148290574550628662109375">
        <ele>476</ele>
        <time>2025-05-19T17:30:12.000Z</time>
        <extensions>
          <ns3:TrackPointExtension>
            <ns3:hr>99</ns3:hr>
          </ns3:TrackPointExtension>
        </extensions>
      </trkpt>
      <trkpt lat="44.10002055577933788299560546875" lon="-80.124446712434291839599609375">
        <ele>476</ele>
        <time>2025-05-19T17:30:20.000Z</time>
        <extensions>
          <ns3:TrackPointExtension>
            <ns3:hr>102</ns3:hr>
          </ns3:TrackPointExtension>
        </extensions>
      </trkpt>
      <trkpt lat="44.1000312007963657379150390625" lon="-80.12447479180991649627685546875">
        <ele>476</ele>
        <time>2025-05-19T17:30:27.000Z</time>
        <extensions>
          <ns3:TrackPointExtension>
            <ns3:hr>100</ns3:hr>
          </ns3:TrackPointExtension>
        </extensions>
      </trkpt>
      <trkpt lat="44.1000271774828433990478515625" lon="-80.1244753785431385040283203125">
        <ele>476</ele>
        <time>2025-05-19T17:30:39.000Z</time>
        <extensions>
          <ns3:TrackPointExtension>
            <ns3:hr>100</ns3:hr>
          </ns3:TrackPointExtension>
        </extensions>
      </trkpt>
      <trkpt lat="44.10002675838768482208251953125" lon="-80.1244725286960601806640625">
        <ele>476</ele>
        <time>2025-05-19T17:30:42.000Z</time>
        <extensions>
          <ns3:TrackPointExtension>
            <ns3:hr>103</ns3:hr>
          </ns3:TrackPointExtension>
        </extensions>
      </trkpt>
      <trkpt lat="44.1000419296324253082275390625" lon="-80.12445098720490932464599609375">
        <ele>476</ele>
        <time>2025-05-19T17:30:45.000Z</time>
        <extensions>
          <ns3:TrackPointExtension>
            <ns3:hr>106</ns3:hr>
          </ns3:TrackPointExtension>
        </extensions>
      </trkpt>
      <trkpt lat="44.1000451147556304931640625" lon="-80.12443874962627887725830078125">
        <ele>476</ele>
        <time>2025-05-19T17:30:50.000Z</time>
        <extensions>
          <ns3:TrackPointExtension>
            <ns3:hr>109</ns3:hr>
          </ns3:TrackPointExtension>
        </extensions>
      </trkpt>
      <trkpt lat="44.10005039535462856292724609375" lon="-80.12443673796951770782470703125">
        <ele>476</ele>
        <time>2025-05-19T17:30:53.000Z</time>
        <extensions>
          <ns3:TrackPointExtension>
            <ns3:hr>102</ns3:hr>
          </ns3:TrackPointExtension>
        </extensions>
      </trkpt>
      <trkpt lat="44.1000503115355968475341796875" lon="-80.124437995254993438720703125">
        <ele>476</ele>
        <time>2025-05-19T17:30:54.000Z</time>
        <extensions>
          <ns3:TrackPointExtension>
            <ns3:hr>103</ns3:hr>
          </ns3:TrackPointExtension>
        </extensions>
      </trkpt>
      <trkpt lat="44.1000545024871826171875" lon="-80.12443841435015201568603515625">
        <ele>476</ele>
        <time>2025-05-19T17:30:56.000Z</time>
        <extensions>
          <ns3:TrackPointExtension>
            <ns3:hr>99</ns3:hr>
          </ns3:TrackPointExtension>
        </extensions>
      </trkpt>
      <trkpt lat="44.10003237426280975341796875" lon="-80.12442751787602901458740234375">
        <ele>476</ele>
        <time>2025-05-19T17:31:11.000Z</time>
        <extensions>
          <ns3:TrackPointExtension>
            <ns3:hr>101</ns3:hr>
          </ns3:TrackPointExtension>
        </extensions>
      </trkpt>
      <trkpt lat="44.1000157780945301055908203125" lon="-80.1244099996984004974365234375">
        <ele>476</ele>
        <time>2025-05-19T17:31:26.000Z</time>
        <extensions>
          <ns3:TrackPointExtension>
            <ns3:hr>97</ns3:hr>
          </ns3:TrackPointExtension>
        </extensions>
      </trkpt>
      <trkpt lat="44.1000167839229106903076171875" lon="-80.12441276572644710540771484375">
        <ele>476</ele>
        <time>2025-05-19T17:31:27.000Z</time>
        <extensions>
          <ns3:TrackPointExtension>
            <ns3:hr>101</ns3:hr>
          </ns3:TrackPointExtension>
        </extensions>
      </trkpt>
      <trkpt lat="44.100010581314563751220703125" lon="-80.12440136633813381195068359375">
        <ele>476</ele>
        <time>2025-05-19T17:31:40.000Z</time>
        <extensions>
          <ns3:TrackPointExtension>
            <ns3:hr>101</ns3:hr>
          </ns3:TrackPointExtension>
        </extensions>
      </trkpt>
      <trkpt lat="44.100012592971324920654296875" lon="-80.1244012825191020965576171875">
        <ele>476</ele>
        <time>2025-05-19T17:31:47.000Z</time>
        <extensions>
          <ns3:TrackPointExtension>
            <ns3:hr>98</ns3:hr>
          </ns3:TrackPointExtension>
        </extensions>
      </trkpt>
      <trkpt lat="44.10001452080905437469482421875" lon="-80.12440145015716552734375">
        <ele>476</ele>
        <time>2025-05-19T17:31:50.000Z</time>
        <extensions>
          <ns3:TrackPointExtension>
            <ns3:hr>97</ns3:hr>
          </ns3:TrackPointExtension>
        </extensions>
      </trkpt>
      <trkpt lat="44.1000047139823436737060546875" lon="-80.1243952475488185882568359375">
        <ele>476</ele>
        <time>2025-05-19T17:32:02.000Z</time>
        <extensions>
          <ns3:TrackPointExtension>
            <ns3:hr>94</ns3:hr>
          </ns3:TrackPointExtension>
        </extensions>
      </trkpt>
      <trkpt lat="44.10000580362975597381591796875" lon="-80.12439533136785030364990234375">
        <ele>476</ele>
        <time>2025-05-19T17:32:06.000Z</time>
        <extensions>
          <ns3:TrackPointExtension>
            <ns3:hr>98</ns3:hr>
          </ns3:TrackPointExtension>
        </extensions>
      </trkpt>
      <trkpt lat="44.10000622272491455078125" lon="-80.124393738806247711181640625">
        <ele>476</ele>
        <time>2025-05-19T17:32:07.000Z</time>
        <extensions>
          <ns3:TrackPointExtension>
            <ns3:hr>93</ns3:hr>
          </ns3:TrackPointExtension>
        </extensions>
      </trkpt>
      <trkpt lat="44.1000137664377689361572265625" lon="-80.12438460253179073333740234375">
        <ele>476</ele>
        <time>2025-05-19T17:32:17.000Z</time>
        <extensions>
          <ns3:TrackPointExtension>
            <ns3:hr>96</ns3:hr>
          </ns3:TrackPointExtension>
        </extensions>
      </trkpt>
      <trkpt lat="44.10001971758902072906494140625" lon="-80.1243778131902217864990234375">
        <ele>476</ele>
        <time>2025-05-19T17:32:20.000Z</time>
        <extensions>
          <ns3:TrackPointExtension>
            <ns3:hr>93</ns3:hr>
          </ns3:TrackPointExtension>
        </extensions>
      </trkpt>
      <trkpt lat="44.1000124253332614898681640625" lon="-80.1243932358920574188232421875">
        <ele>476</ele>
        <time>2025-05-19T17:32:26.000Z</time>
        <extensions>
          <ns3:TrackPointExtension>
            <ns3:hr>93</ns3:hr>
          </ns3:TrackPointExtension>
        </extensions>
      </trkpt>
      <trkpt lat="44.1000127606093883514404296875" lon="-80.12440069578588008880615234375">
        <ele>476</ele>
        <time>2025-05-19T17:32:30.000Z</time>
        <extensions>
          <ns3:TrackPointExtension>
            <ns3:hr>89</ns3:hr>
          </ns3:TrackPointExtension>
        </extensions>
      </trkpt>
      <trkpt lat="44.09999054856598377227783203125" lon="-80.12442131526768207550048828125">
        <ele>476</ele>
        <time>2025-05-19T17:32:37.000Z</time>
        <extensions>
          <ns3:TrackPointExtension>
            <ns3:hr>86</ns3:hr>
          </ns3:TrackPointExtension>
        </extensions>
      </trkpt>
      <trkpt lat="44.099989123642444610595703125" lon="-80.12443640269339084625244140625">
        <ele>476</ele>
        <time>2025-05-19T17:32:45.000Z</time>
        <extensions>
          <ns3:TrackPointExtension>
            <ns3:hr>84</ns3:hr>
          </ns3:TrackPointExtension>
        </extensions>
      </trkpt>
      <trkpt lat="44.099991805851459503173828125" lon="-80.124431960284709930419921875">
        <ele>476</ele>
        <time>2025-05-19T17:32:47.000Z</time>
        <extensions>
          <ns3:TrackPointExtension>
            <ns3:hr>88</ns3:hr>
          </ns3:TrackPointExtension>
        </extensions>
      </trkpt>
      <trkpt lat="44.10001267679035663604736328125" lon="-80.12442450039088726043701171875">
        <ele>476</ele>
        <time>2025-05-19T17:32:53.000Z</time>
        <extensions>
          <ns3:TrackPointExtension>
            <ns3:hr>91</ns3:hr>
          </ns3:TrackPointExtension>
        </extensions>
      </trkpt>
      <trkpt lat="44.10000999458134174346923828125" lon="-80.12443036772310733795166015625">
        <ele>476</ele>
        <time>2025-05-19T17:32:57.000Z</time>
        <extensions>
          <ns3:TrackPointExtension>
            <ns3:hr>91</ns3:hr>
          </ns3:TrackPointExtension>
        </extensions>
      </trkpt>
      <trkpt lat="44.1000174544751644134521484375" lon="-80.12443254701793193817138671875">
        <ele>476</ele>
        <time>2025-05-19T17:33:08.000Z</time>
        <extensions>
          <ns3:TrackPointExtension>
            <ns3:hr>88</ns3:hr>
          </ns3:TrackPointExtension>
        </extensions>
      </trkpt>
      <trkpt lat="44.10004151053726673126220703125" lon="-80.1244411803781986236572265625">
        <ele>476</ele>
        <time>2025-05-19T17:33:15.000Z</time>
        <extensions>
          <ns3:TrackPointExtension>
            <ns3:hr>88</ns3:hr>
          </ns3:TrackPointExtension>
        </extensions>
      </trkpt>
      <trkpt lat="44.100156091153621673583984375" lon="-80.12447579763829708099365234375">
        <ele>476</ele>
        <time>2025-05-19T17:33:28.000Z</time>
        <extensions>
          <ns3:TrackPointExtension>
            <ns3:hr>90</ns3:hr>
          </ns3:TrackPointExtension>
        </extensions>
      </trkpt>
      <trkpt lat="44.10027637146413326263427734375" lon="-80.12451301328837871551513671875">
        <ele>476</ele>
        <time>2025-05-19T17:33:39.000Z</time>
        <extensions>
          <ns3:TrackPointExtension>
            <ns3:hr>93</ns3:hr>
          </ns3:TrackPointExtension>
        </extensions>
      </trkpt>
      <trkpt lat="44.10029212944209575653076171875" lon="-80.12452022172510623931884765625">
        <ele>476</ele>
        <time>2025-05-19T17:33:41.000Z</time>
        <extensions>
          <ns3:TrackPointExtension>
            <ns3:hr>90</ns3:hr>
          </ns3:TrackPointExtension>
        </extensions>
      </trkpt>
      <trkpt lat="44.10029699094593524932861328125" lon="-80.12452122755348682403564453125">
        <ele>476</ele>
        <time>2025-05-19T17:33:42.000Z</time>
        <extensions>
          <ns3:TrackPointExtension>
            <ns3:hr>92</ns3:hr>
          </ns3:TrackPointExtension>
        </extensions>
      </trkpt>
      <trkpt lat="44.10044535063207149505615234375" lon="-80.12457487173378467559814453125">
        <ele>476</ele>
        <time>2025-05-19T17:33:58.000Z</time>
        <extensions>
          <ns3:TrackPointExtension>
            <ns3:hr>95</ns3:hr>
          </ns3:TrackPointExtension>
        </extensions>
      </trkpt>
      <trkpt lat="44.10049505531787872314453125" lon="-80.1245833374559879302978515625">
        <ele>476</ele>
        <time>2025-05-19T17:34:03.000Z</time>
        <extensions>
          <ns3:TrackPointExtension>
            <ns3:hr>98</ns3:hr>
          </ns3:TrackPointExtension>
        </extensions>
      </trkpt>
      <trkpt lat="44.10056613385677337646484375" lon="-80.1245892047882080078125">
        <ele>476</ele>
        <time>2025-05-19T17:34:09.000Z</time>
        <extensions>
          <ns3:TrackPointExtension>
            <ns3:hr>100</ns3:hr>
          </ns3:TrackPointExtension>
        </extensions>
      </trkpt>
      <trkpt lat="44.10065674223005771636962890625" lon="-80.12459716759622097015380859375">
        <ele>476</ele>
        <time>2025-05-19T17:34:17.000Z</time>
        <extensions>
          <ns3:TrackPointExtension>
            <ns3:hr>99</ns3:hr>
          </ns3:TrackPointExtension>
        </extensions>
      </trkpt>
      <trkpt lat="44.10079990513622760772705078125" lon="-80.124608986079692840576171875">
        <ele>476</ele>
        <time>2025-05-19T17:34:27.000Z</time>
        <extensions>
          <ns3:TrackPointExtension>
            <ns3:hr>96</ns3:hr>
          </ns3:TrackPointExtension>
        </extensions>
      </trkpt>
      <trkpt lat="44.10081063397228717803955078125" lon="-80.12460554949939250946044921875">
        <ele>478.79998779296875</ele>
        <time>2025-05-19T17:34:28.000Z</time>
        <extensions>
          <ns3:TrackPointExtension>
            <ns3:hr>95</ns3:hr>
          </ns3:TrackPointExtension>
        </extensions>
      </trkpt>
      <trkpt lat="44.10084013827145099639892578125" lon="-80.1246024481952190399169921875">
        <ele>478.79998779296875</ele>
        <time>2025-05-19T17:34:31.000Z</time>
        <extensions>
          <ns3:TrackPointExtension>
            <ns3:hr>94</ns3:hr>
          </ns3:TrackPointExtension>
        </extensions>
      </trkpt>
      <trkpt lat="44.10092194564640522003173828125" lon="-80.12461778707802295684814453125">
        <ele>477.600006103515625</ele>
        <time>2025-05-19T17:34:38.000Z</time>
        <extensions>
          <ns3:TrackPointExtension>
            <ns3:hr>95</ns3:hr>
          </ns3:TrackPointExtension>
        </extensions>
      </trkpt>
      <trkpt lat="44.10098296590149402618408203125" lon="-80.12462474405765533447265625">
        <ele>476.399993896484375</ele>
        <time>2025-05-19T17:34:44.000Z</time>
        <extensions>
          <ns3:TrackPointExtension>
            <ns3:hr>95</ns3:hr>
          </ns3:TrackPointExtension>
        </extensions>
      </trkpt>
      <trkpt lat="44.1011148132383823394775390625" lon="-80.12465558946132659912109375">
        <ele>475.20001220703125</ele>
        <time>2025-05-19T17:34:58.000Z</time>
        <extensions>
          <ns3:TrackPointExtension>
            <ns3:hr>97</ns3:hr>
          </ns3:TrackPointExtension>
        </extensions>
      </trkpt>
      <trkpt lat="44.1011728160083293914794921875" lon="-80.12465299107134342193603515625">
        <ele>474.399993896484375</ele>
        <time>2025-05-19T17:35:02.000Z</time>
        <extensions>
          <ns3:TrackPointExtension>
            <ns3:hr>96</ns3:hr>
          </ns3:TrackPointExtension>
        </extensions>
      </trkpt>
      <trkpt lat="44.10124314017593860626220703125" lon="-80.12465634383261203765869140625">
        <ele>474</ele>
        <time>2025-05-19T17:35:07.000Z</time>
        <extensions>
          <ns3:TrackPointExtension>
            <ns3:hr>94</ns3:hr>
          </ns3:TrackPointExtension>
        </extensions>
      </trkpt>
      <trkpt lat="44.10125638358294963836669921875" lon="-80.1246567629277706146240234375">
        <ele>474</ele>
        <time>2025-05-19T17:35:08.000Z</time>
        <extensions>
          <ns3:TrackPointExtension>
            <ns3:hr>97</ns3:hr>
          </ns3:TrackPointExtension>
        </extensions>
      </trkpt>
      <trkpt lat="44.10128991119563579559326171875" lon="-80.12465584091842174530029296875">
        <ele>473.399993896484375</ele>
        <time>2025-05-19T17:35:11.000Z</time>
        <extensions>
          <ns3:TrackPointExtension>
            <ns3:hr>94</ns3:hr>
          </ns3:TrackPointExtension>
        </extensions>
      </trkpt>
      <trkpt lat="44.10134942270815372467041015625" lon="-80.1246503926813602447509765625">
        <ele>473</ele>
        <time>2025-05-19T17:35:15.000Z</time>
        <extensions>
          <ns3:TrackPointExtension>
            <ns3:hr>95</ns3:hr>
          </ns3:TrackPointExtension>
        </extensions>
      </trkpt>
      <trkpt lat="44.10136115737259387969970703125" lon="-80.1246497221291065216064453125">
        <ele>473</ele>
        <time>2025-05-19T17:35:16.000Z</time>
        <extensions>
          <ns3:TrackPointExtension>
            <ns3:hr>95</ns3:hr>
          </ns3:TrackPointExtension>
        </extensions>
      </trkpt>
      <trkpt lat="44.10138915292918682098388671875" lon="-80.1246602833271026611328125">
        <ele>472.79998779296875</ele>
        <time>2025-05-19T17:35:19.000Z</time>
        <extensions>
          <ns3:TrackPointExtension>
            <ns3:hr>92</ns3:hr>
          </ns3:TrackPointExtension>
        </extensions>
      </trkpt>
      <trkpt lat="44.10142242908477783203125" lon="-80.12465894222259521484375">
        <ele>472.600006103515625</ele>
        <time>2025-05-19T17:35:22.000Z</time>
        <extensions>
          <ns3:TrackPointExtension>
            <ns3:hr>97</ns3:hr>
          </ns3:TrackPointExtension>
        </extensions>
      </trkpt>
      <trkpt lat="44.101451598107814788818359375" lon="-80.12466589920222759246826171875">
        <ele>472.399993896484375</ele>
        <time>2025-05-19T17:35:24.000Z</time>
        <extensions>
          <ns3:TrackPointExtension>
            <ns3:hr>100</ns3:hr>
          </ns3:TrackPointExtension>
        </extensions>
      </trkpt>
      <trkpt lat="44.10151672549545764923095703125" lon="-80.12467302381992340087890625">
        <ele>472</ele>
        <time>2025-05-19T17:35:29.000Z</time>
        <extensions>
          <ns3:TrackPointExtension>
            <ns3:hr>99</ns3:hr>
          </ns3:TrackPointExtension>
        </extensions>
      </trkpt>
      <trkpt lat="44.1015310585498809814453125" lon="-80.1246762089431285858154296875">
        <ele>471.79998779296875</ele>
        <time>2025-05-19T17:35:30.000Z</time>
        <extensions>
          <ns3:TrackPointExtension>
            <ns3:hr>95</ns3:hr>
          </ns3:TrackPointExtension>
        </extensions>
      </trkpt>
      <trkpt lat="44.10155025310814380645751953125" lon="-80.124677382409572601318359375">
        <ele>471.79998779296875</ele>
        <time>2025-05-19T17:35:31.000Z</time>
        <extensions>
          <ns3:TrackPointExtension>
            <ns3:hr>94</ns3:hr>
          </ns3:TrackPointExtension>
        </extensions>
      </trkpt>
      <trkpt lat="44.10157389007508754730224609375" lon="-80.12468107044696807861328125">
        <ele>471.600006103515625</ele>
        <time>2025-05-19T17:35:33.000Z</time>
        <extensions>
          <ns3:TrackPointExtension>
            <ns3:hr>91</ns3:hr>
          </ns3:TrackPointExtension>
        </extensions>
      </trkpt>
      <trkpt lat="44.10165150649845600128173828125" lon="-80.12467511929571628570556640625">
        <ele>470.79998779296875</ele>
        <time>2025-05-19T17:35:40.000Z</time>
        <extensions>
          <ns3:TrackPointExtension>
            <ns3:hr>89</ns3:hr>
          </ns3:TrackPointExtension>
        </extensions>
      </trkpt>
      <trkpt lat="44.10169894807040691375732421875" lon="-80.12468299828469753265380859375">
        <ele>470.399993896484375</ele>
        <time>2025-05-19T17:35:45.000Z</time>
        <extensions>
          <ns3:TrackPointExtension>
            <ns3:hr>87</ns3:hr>
          </ns3:TrackPointExtension>
        </extensions>
      </trkpt>
      <trkpt lat="44.10175896249711513519287109375" lon="-80.124705545604228973388671875">
        <ele>469.79998779296875</ele>
        <time>2025-05-19T17:35:51.000Z</time>
        <extensions>
          <ns3:TrackPointExtension>
            <ns3:hr>88</ns3:hr>
          </ns3:TrackPointExtension>
        </extensions>
      </trkpt>
      <trkpt lat="44.10181780345737934112548828125" lon="-80.12472054921090602874755859375">
        <ele>468.600006103515625</ele>
        <time>2025-05-19T17:35:57.000Z</time>
        <extensions>
          <ns3:TrackPointExtension>
            <ns3:hr>90</ns3:hr>
          </ns3:TrackPointExtension>
        </extensions>
      </trkpt>
      <trkpt lat="44.1018383391201496124267578125" lon="-80.1247273385524749755859375">
        <ele>468.20001220703125</ele>
        <time>2025-05-19T17:35:59.000Z</time>
        <extensions>
          <ns3:TrackPointExtension>
            <ns3:hr>87</ns3:hr>
          </ns3:TrackPointExtension>
        </extensions>
      </trkpt>
      <trkpt lat="44.10185652785003185272216796875" lon="-80.1247380673885345458984375">
        <ele>467.600006103515625</ele>
        <time>2025-05-19T17:36:01.000Z</time>
        <extensions>
          <ns3:TrackPointExtension>
            <ns3:hr>87</ns3:hr>
          </ns3:TrackPointExtension>
        </extensions>
      </trkpt>
      <trkpt lat="44.10186524502933025360107421875" lon="-80.1247439347207546234130859375">
        <ele>467.399993896484375</ele>
        <time>2025-05-19T17:36:02.000Z</time>
        <extensions>
          <ns3:TrackPointExtension>
            <ns3:hr>87</ns3:hr>
          </ns3:TrackPointExtension>
        </extensions>
      </trkpt>
      <trkpt lat="44.101885445415973663330078125" lon="-80.12475575320422649383544921875">
        <ele>467</ele>
        <time>2025-05-19T17:36:04.000Z</time>
        <extensions>
          <ns3:TrackPointExtension>
            <ns3:hr>93</ns3:hr>
          </ns3:TrackPointExtension>
        </extensions>
      </trkpt>
      <trkpt lat="44.10189407877624034881591796875" lon="-80.12476162053644657135009765625">
        <ele>467</ele>
        <time>2025-05-19T17:36:05.000Z</time>
        <extensions>
          <ns3:TrackPointExtension>
            <ns3:hr>97</ns3:hr>
          </ns3:TrackPointExtension>
        </extensions>
      </trkpt>
      <trkpt lat="44.10191218368709087371826171875" lon="-80.1247680746018886566162109375">
        <ele>466.79998779296875</ele>
        <time>2025-05-19T17:36:07.000Z</time>
        <extensions>
          <ns3:TrackPointExtension>
            <ns3:hr>100</ns3:hr>
          </ns3:TrackPointExtension>
        </extensions>
      </trkpt>
      <trkpt lat="44.10194805823266506195068359375" lon="-80.124779976904392242431640625">
        <ele>466.399993896484375</ele>
        <time>2025-05-19T17:36:10.000Z</time>
        <extensions>
          <ns3:TrackPointExtension>
            <ns3:hr>103</ns3:hr>
          </ns3:TrackPointExtension>
        </extensions>
      </trkpt>
      <trkpt lat="44.10198963247239589691162109375" lon="-80.124791376292705535888671875">
        <ele>465.399993896484375</ele>
        <time>2025-05-19T17:36:15.000Z</time>
        <extensions>
          <ns3:TrackPointExtension>
            <ns3:hr>106</ns3:hr>
          </ns3:TrackPointExtension>
        </extensions>
      </trkpt>
      <trkpt lat="44.10199985839426517486572265625" lon="-80.12479146011173725128173828125">
        <ele>465.399993896484375</ele>
        <time>2025-05-19T17:36:16.000Z</time>
        <extensions>
          <ns3:TrackPointExtension>
            <ns3:hr>106</ns3:hr>
          </ns3:TrackPointExtension>
        </extensions>
      </trkpt>
      <trkpt lat="44.1020113416016101837158203125" lon="-80.12479313649237155914306640625">
        <ele>465.399993896484375</ele>
        <time>2025-05-19T17:36:17.000Z</time>
        <extensions>
          <ns3:TrackPointExtension>
            <ns3:hr>106</ns3:hr>
          </ns3:TrackPointExtension>
        </extensions>
      </trkpt>
      <trkpt lat="44.102083258330821990966796875" lon="-80.1248185336589813232421875">
        <ele>464.20001220703125</ele>
        <time>2025-05-19T17:36:24.000Z</time>
        <extensions>
          <ns3:TrackPointExtension>
            <ns3:hr>107</ns3:hr>
          </ns3:TrackPointExtension>
        </extensions>
      </trkpt>
      <trkpt lat="44.1021380759775638580322265625" lon="-80.12483035214245319366455078125">
        <ele>463.399993896484375</ele>
        <time>2025-05-19T17:36:29.000Z</time>
        <extensions>
          <ns3:TrackPointExtension>
            <ns3:hr>102</ns3:hr>
          </ns3:TrackPointExtension>
        </extensions>
      </trkpt>
      <trkpt lat="44.10215207375586032867431640625" lon="-80.12483789585530757904052734375">
        <ele>463.20001220703125</ele>
        <time>2025-05-19T17:36:30.000Z</time>
        <extensions>
          <ns3:TrackPointExtension>
            <ns3:hr>106</ns3:hr>
          </ns3:TrackPointExtension>
        </extensions>
      </trkpt>
      <trkpt lat="44.10218023695051670074462890625" lon="-80.12485113926231861114501953125">
        <ele>462.79998779296875</ele>
        <time>2025-05-19T17:36:32.000Z</time>
        <extensions>
          <ns3:TrackPointExtension>
            <ns3:hr>106</ns3:hr>
          </ns3:TrackPointExtension>
        </extensions>
      </trkpt>
      <trkpt lat="44.1022068075835704803466796875" lon="-80.12485734187066555023193359375">
        <ele>462.600006103515625</ele>
        <time>2025-05-19T17:36:34.000Z</time>
        <extensions>
          <ns3:TrackPointExtension>
            <ns3:hr>103</ns3:hr>
          </ns3:TrackPointExtension>
        </extensions>
      </trkpt>
      <trkpt lat="44.102233462035655975341796875" lon="-80.124864466488361358642578125">
        <ele>462.399993896484375</ele>
        <time>2025-05-19T17:36:36.000Z</time>
        <extensions>
          <ns3:TrackPointExtension>
            <ns3:hr>104</ns3:hr>
          </ns3:TrackPointExtension>
        </extensions>
      </trkpt>
      <trkpt lat="44.1023060493171215057373046875" lon="-80.124872513115406036376953125">
        <ele>461.79998779296875</ele>
        <time>2025-05-19T17:36:41.000Z</time>
        <extensions>
          <ns3:TrackPointExtension>
            <ns3:hr>102</ns3:hr>
          </ns3:TrackPointExtension>
        </extensions>
      </trkpt>
      <trkpt lat="44.102395735681056976318359375" lon="-80.124917440116405487060546875">
        <ele>461.399993896484375</ele>
        <time>2025-05-19T17:36:46.000Z</time>
        <extensions>
          <ns3:TrackPointExtension>
            <ns3:hr>105</ns3:hr>
          </ns3:TrackPointExtension>
        </extensions>
      </trkpt>
      <trkpt lat="44.10243638791143894195556640625" lon="-80.1249390654265880584716796875">
        <ele>461.20001220703125</ele>
        <time>2025-05-19T17:36:49.000Z</time>
        <extensions>
          <ns3:TrackPointExtension>
            <ns3:hr>105</ns3:hr>
          </ns3:TrackPointExtension>
        </extensions>
      </trkpt>
      <trkpt lat="44.10249489359557628631591796875" lon="-80.1249575056135654449462890625">
        <ele>461</ele>
        <time>2025-05-19T17:36:53.000Z</time>
        <extensions>
          <ns3:TrackPointExtension>
            <ns3:hr>102</ns3:hr>
          </ns3:TrackPointExtension>
        </extensions>
      </trkpt>
      <trkpt lat="44.1025199554860591888427734375" lon="-80.124963708221912384033203125">
        <ele>460.79998779296875</ele>
        <time>2025-05-19T17:36:55.000Z</time>
        <extensions>
          <ns3:TrackPointExtension>
            <ns3:hr>102</ns3:hr>
          </ns3:TrackPointExtension>
        </extensions>
      </trkpt>
      <trkpt lat="44.1026282496750354766845703125" lon="-80.12500067241489887237548828125">
        <ele>460.20001220703125</ele>
        <time>2025-05-19T17:37:04.000Z</time>
        <extensions>
          <ns3:TrackPointExtension>
            <ns3:hr>106</ns3:hr>
          </ns3:TrackPointExtension>
        </extensions>
      </trkpt>
      <trkpt lat="44.10272807814180850982666015625" lon="-80.12501374818384647369384765625">
        <ele>459.79998779296875</ele>
        <time>2025-05-19T17:37:11.000Z</time>
        <extensions>
          <ns3:TrackPointExtension>
            <ns3:hr>106</ns3:hr>
          </ns3:TrackPointExtension>
        </extensions>
      </trkpt>
      <trkpt lat="44.10275775007903575897216796875" lon="-80.1250054500997066497802734375">
        <ele>459.399993896484375</ele>
        <time>2025-05-19T17:37:16.000Z</time>
        <extensions>
          <ns3:TrackPointExtension>
            <ns3:hr>103</ns3:hr>
          </ns3:TrackPointExtension>
        </extensions>
      </trkpt>
      <trkpt lat="44.10276998765766620635986328125" lon="-80.12500234879553318023681640625">
        <ele>459.20001220703125</ele>
        <time>2025-05-19T17:37:18.000Z</time>
        <extensions>
          <ns3:TrackPointExtension>
            <ns3:hr>104</ns3:hr>
          </ns3:TrackPointExtension>
        </extensions>
      </trkpt>
      <trkpt lat="44.10283260047435760498046875" lon="-80.1250228844583034515380859375">
        <ele>459</ele>
        <time>2025-05-19T17:37:33.000Z</time>
        <extensions>
          <ns3:TrackPointExtension>
            <ns3:hr>101</ns3:hr>
          </ns3:TrackPointExtension>
        </extensions>
      </trkpt>
      <trkpt lat="44.10284944809973239898681640625" lon="-80.12500989250838756561279296875">
        <ele>459</ele>
        <time>2025-05-19T17:37:40.000Z</time>
        <extensions>
          <ns3:TrackPointExtension>
            <ns3:hr>104</ns3:hr>
          </ns3:TrackPointExtension>
        </extensions>
      </trkpt>
      <trkpt lat="44.10286688245832920074462890625" lon="-80.1250195316970348358154296875">
        <ele>458.79998779296875</ele>
        <time>2025-05-19T17:37:44.000Z</time>
        <extensions>
          <ns3:TrackPointExtension>
            <ns3:hr>101</ns3:hr>
          </ns3:TrackPointExtension>
        </extensions>
      </trkpt>
      <trkpt lat="44.102863110601902008056640625" lon="-80.125013329088687896728515625">
        <ele>458.79998779296875</ele>
        <time>2025-05-19T17:37:50.000Z</time>
        <extensions>
          <ns3:TrackPointExtension>
            <ns3:hr>101</ns3:hr>
          </ns3:TrackPointExtension>
        </extensions>
      </trkpt>
      <trkpt lat="44.10286738537251949310302734375" lon="-80.12502062134444713592529296875">
        <ele>458.79998779296875</ele>
        <time>2025-05-19T17:37:53.000Z</time>
        <extensions>
          <ns3:TrackPointExtension>
            <ns3:hr>98</ns3:hr>
          </ns3:TrackPointExtension>
        </extensions>
      </trkpt>
      <trkpt lat="44.10285984165966510772705078125" lon="-80.125040821731090545654296875">
        <ele>458.79998779296875</ele>
        <time>2025-05-19T17:37:59.000Z</time>
        <extensions>
          <ns3:TrackPointExtension>
            <ns3:hr>94</ns3:hr>
          </ns3:TrackPointExtension>
        </extensions>
      </trkpt>
      <trkpt lat="44.1028951294720172882080078125" lon="-80.12504777871072292327880859375">
        <ele>458.79998779296875</ele>
        <time>2025-05-19T17:38:05.000Z</time>
        <extensions>
          <ns3:TrackPointExtension>
            <ns3:hr>99</ns3:hr>
          </ns3:TrackPointExtension>
        </extensions>
      </trkpt>
      <trkpt lat="44.10290426574647426605224609375" lon="-80.12504585087299346923828125">
        <ele>458.79998779296875</ele>
        <time>2025-05-19T17:38:06.000Z</time>
        <extensions>
          <ns3:TrackPointExtension>
            <ns3:hr>99</ns3:hr>
          </ns3:TrackPointExtension>
        </extensions>
      </trkpt>
      <trkpt lat="44.10291130654513835906982421875" lon="-80.12504342012107372283935546875">
        <ele>458.79998779296875</ele>
        <time>2025-05-19T17:38:07.000Z</time>
        <extensions>
          <ns3:TrackPointExtension>
            <ns3:hr>96</ns3:hr>
          </ns3:TrackPointExtension>
        </extensions>
      </trkpt>
      <trkpt lat="44.1030480153858661651611328125" lon="-80.12504073791205883026123046875">
        <ele>458.20001220703125</ele>
        <time>2025-05-19T17:38:22.000Z</time>
        <extensions>
          <ns3:TrackPointExtension>
            <ns3:hr>98</ns3:hr>
          </ns3:TrackPointExtension>
        </extensions>
      </trkpt>
      <trkpt lat="44.103082381188869476318359375" lon="-80.12505079619586467742919921875">
        <ele>458.20001220703125</ele>
        <time>2025-05-19T17:38:25.000Z</time>
        <extensions>
          <ns3:TrackPointExtension>
            <ns3:hr>93</ns3:hr>
          </ns3:TrackPointExtension>
        </extensions>
      </trkpt>
      <trkpt lat="44.10309419967234134674072265625" lon="-80.12505180202424526214599609375">
        <ele>458.20001220703125</ele>
        <time>2025-05-19T17:38:26.000Z</time>
        <extensions>
          <ns3:TrackPointExtension>
            <ns3:hr>90</ns3:hr>
          </ns3:TrackPointExtension>
        </extensions>
      </trkpt>
      <trkpt lat="44.10310618579387664794921875" lon="-80.1250564120709896087646484375">
        <ele>458.20001220703125</ele>
        <time>2025-05-19T17:38:27.000Z</time>
        <extensions>
          <ns3:TrackPointExtension>
            <ns3:hr>90</ns3:hr>
          </ns3:TrackPointExtension>
        </extensions>
      </trkpt>
      <trkpt lat="44.10312286578118801116943359375" lon="-80.1250580884516239166259765625">
        <ele>458</ele>
        <time>2025-05-19T17:38:29.000Z</time>
        <extensions>
          <ns3:TrackPointExtension>
            <ns3:hr>86</ns3:hr>
          </ns3:TrackPointExtension>
        </extensions>
      </trkpt>
      <trkpt lat="44.10318187437951564788818359375" lon="-80.1250671409070491790771484375">
        <ele>457.79998779296875</ele>
        <time>2025-05-19T17:38:34.000Z</time>
        <extensions>
          <ns3:TrackPointExtension>
            <ns3:hr>86</ns3:hr>
          </ns3:TrackPointExtension>
        </extensions>
      </trkpt>
      <trkpt lat="44.10323048941791057586669921875" lon="-80.12506730854511260986328125">
        <ele>457.399993896484375</ele>
        <time>2025-05-19T17:38:38.000Z</time>
        <extensions>
          <ns3:TrackPointExtension>
            <ns3:hr>86</ns3:hr>
          </ns3:TrackPointExtension>
        </extensions>
      </trkpt>
      <trkpt lat="44.10326778888702392578125" lon="-80.12507393024861812591552734375">
        <ele>457.20001220703125</ele>
        <time>2025-05-19T17:38:42.000Z</time>
        <extensions>
          <ns3:TrackPointExtension>
            <ns3:hr>85</ns3:hr>
          </ns3:TrackPointExtension>
        </extensions>
      </trkpt>
      <trkpt lat="44.10327357240021228790283203125" lon="-80.12508348561823368072509765625">
        <ele>456.79998779296875</ele>
        <time>2025-05-19T17:38:49.000Z</time>
        <extensions>
          <ns3:TrackPointExtension>
            <ns3:hr>85</ns3:hr>
          </ns3:TrackPointExtension>
        </extensions>
      </trkpt>
      <trkpt lat="44.10327541641891002655029296875" lon="-80.12508608400821685791015625">
        <ele>456.79998779296875</ele>
        <time>2025-05-19T17:38:51.000Z</time>
        <extensions>
          <ns3:TrackPointExtension>
            <ns3:hr>86</ns3:hr>
          </ns3:TrackPointExtension>
        </extensions>
      </trkpt>
      <trkpt lat="44.1032806970179080963134765625" lon="-80.12509253807365894317626953125">
        <ele>456.79998779296875</ele>
        <time>2025-05-19T17:38:53.000Z</time>
        <extensions>
          <ns3:TrackPointExtension>
            <ns3:hr>91</ns3:hr>
          </ns3:TrackPointExtension>
        </extensions>
      </trkpt>
      <trkpt lat="44.10328991711139678955078125" lon="-80.1251016743481159210205078125">
        <ele>456.600006103515625</ele>
        <time>2025-05-19T17:38:54.000Z</time>
        <extensions>
          <ns3:TrackPointExtension>
            <ns3:hr>94</ns3:hr>
          </ns3:TrackPointExtension>
        </extensions>
      </trkpt>
      <trkpt lat="44.1034007258713245391845703125" lon="-80.12513126246631145477294921875">
        <ele>456.399993896484375</ele>
        <time>2025-05-19T17:39:04.000Z</time>
        <extensions>
          <ns3:TrackPointExtension>
            <ns3:hr>100</ns3:hr>
          </ns3:TrackPointExtension>
        </extensions>
      </trkpt>
      <trkpt lat="44.10341539420187473297119140625" lon="-80.1251305080950260162353515625">
        <ele>456.399993896484375</ele>
        <time>2025-05-19T17:39:05.000Z</time>
        <extensions>
          <ns3:TrackPointExtension>
            <ns3:hr>103</ns3:hr>
          </ns3:TrackPointExtension>
        </extensions>
      </trkpt>
      <trkpt lat="44.1034305654466152191162109375" lon="-80.1251281611621379852294921875">
        <ele>456.20001220703125</ele>
        <time>2025-05-19T17:39:06.000Z</time>
        <extensions>
          <ns3:TrackPointExtension>
            <ns3:hr>103</ns3:hr>
          </ns3:TrackPointExtension>
        </extensions>
      </trkpt>
      <trkpt lat="44.10347230732440948486328125" lon="-80.1251227967441082000732421875">
        <ele>455.79998779296875</ele>
        <time>2025-05-19T17:39:10.000Z</time>
        <extensions>
          <ns3:TrackPointExtension>
            <ns3:hr>106</ns3:hr>
          </ns3:TrackPointExtension>
        </extensions>
      </trkpt>
      <trkpt lat="44.10355268977582454681396484375" lon="-80.12515154667198657989501953125">
        <ele>455.20001220703125</ele>
        <time>2025-05-19T17:39:17.000Z</time>
        <extensions>
          <ns3:TrackPointExtension>
            <ns3:hr>103</ns3:hr>
          </ns3:TrackPointExtension>
        </extensions>
      </trkpt>
      <trkpt lat="44.1035643406212329864501953125" lon="-80.12515582144260406494140625">
        <ele>455.20001220703125</ele>
        <time>2025-05-19T17:39:18.000Z</time>
        <extensions>
          <ns3:TrackPointExtension>
            <ns3:hr>102</ns3:hr>
          </ns3:TrackPointExtension>
        </extensions>
      </trkpt>
      <trkpt lat="44.1036008857190608978271484375" lon="-80.12517048977315425872802734375">
        <ele>455</ele>
        <time>2025-05-19T17:39:21.000Z</time>
        <extensions>
          <ns3:TrackPointExtension>
            <ns3:hr>105</ns3:hr>
          </ns3:TrackPointExtension>
        </extensions>
      </trkpt>
      <trkpt lat="44.1036535240709781646728515625" lon="-80.125204436480998992919921875">
        <ele>454.79998779296875</ele>
        <time>2025-05-19T17:39:26.000Z</time>
        <extensions>
          <ns3:TrackPointExtension>
            <ns3:hr>104</ns3:hr>
          </ns3:TrackPointExtension>
        </extensions>
      </trkpt>
      <trkpt lat="44.10377665422856807708740234375" lon="-80.12525430880486965179443359375">
        <ele>454.20001220703125</ele>
        <time>2025-05-19T17:39:35.000Z</time>
        <extensions>
          <ns3:TrackPointExtension>
            <ns3:hr>104</ns3:hr>
          </ns3:TrackPointExtension>
        </extensions>
      </trkpt>
      <trkpt lat="44.10382174886763095855712890625" lon="-80.125272832810878753662109375">
        <ele>453.600006103515625</ele>
        <time>2025-05-19T17:39:39.000Z</time>
        <extensions>
          <ns3:TrackPointExtension>
            <ns3:hr>103</ns3:hr>
          </ns3:TrackPointExtension>
        </extensions>
      </trkpt>
      <trkpt lat="44.103889055550098419189453125" lon="-80.12528833933174610137939453125">
        <ele>453</ele>
        <time>2025-05-19T17:39:45.000Z</time>
        <extensions>
          <ns3:TrackPointExtension>
            <ns3:hr>99</ns3:hr>
          </ns3:TrackPointExtension>
        </extensions>
      </trkpt>
      <trkpt lat="44.10392601974308490753173828125" lon="-80.12531080283224582672119140625">
        <ele>452.79998779296875</ele>
        <time>2025-05-19T17:39:49.000Z</time>
        <extensions>
          <ns3:TrackPointExtension>
            <ns3:hr>102</ns3:hr>
          </ns3:TrackPointExtension>
        </extensions>
      </trkpt>
      <trkpt lat="44.1039425320923328399658203125" lon="-80.12533108703792095184326171875">
        <ele>452.600006103515625</ele>
        <time>2025-05-19T17:39:51.000Z</time>
        <extensions>
          <ns3:TrackPointExtension>
            <ns3:hr>101</ns3:hr>
          </ns3:TrackPointExtension>
        </extensions>
      </trkpt>
      <trkpt lat="44.1039505787193775177001953125" lon="-80.125343911349773406982421875">
        <ele>452.600006103515625</ele>
        <time>2025-05-19T17:39:52.000Z</time>
        <extensions>
          <ns3:TrackPointExtension>
            <ns3:hr>101</ns3:hr>
          </ns3:TrackPointExtension>
        </extensions>
      </trkpt>
      <trkpt lat="44.10399265587329864501953125" lon="-80.12539722025394439697265625">
        <ele>452.399993896484375</ele>
        <time>2025-05-19T17:39:57.000Z</time>
        <extensions>
          <ns3:TrackPointExtension>
            <ns3:hr>104</ns3:hr>
          </ns3:TrackPointExtension>
        </extensions>
      </trkpt>
      <trkpt lat="44.10401537083089351654052734375" lon="-80.1254211924970149993896484375">
        <ele>452.20001220703125</ele>
        <time>2025-05-19T17:39:59.000Z</time>
        <extensions>
          <ns3:TrackPointExtension>
            <ns3:hr>101</ns3:hr>
          </ns3:TrackPointExtension>
        </extensions>
      </trkpt>
      <trkpt lat="44.10404152236878871917724609375" lon="-80.1254483498632907867431640625">
        <ele>452.20001220703125</ele>
        <time>2025-05-19T17:40:02.000Z</time>
        <extensions>
          <ns3:TrackPointExtension>
            <ns3:hr>104</ns3:hr>
          </ns3:TrackPointExtension>
        </extensions>
      </trkpt>
      <trkpt lat="44.10405811853706836700439453125" lon="-80.12546603567898273468017578125">
        <ele>452</ele>
        <time>2025-05-19T17:40:04.000Z</time>
        <extensions>
          <ns3:TrackPointExtension>
            <ns3:hr>107</ns3:hr>
          </ns3:TrackPointExtension>
        </extensions>
      </trkpt>
      <trkpt lat="44.1040722839534282684326171875" lon="-80.125488750636577606201171875">
        <ele>452</ele>
        <time>2025-05-19T17:40:06.000Z</time>
        <extensions>
          <ns3:TrackPointExtension>
            <ns3:hr>106</ns3:hr>
          </ns3:TrackPointExtension>
        </extensions>
      </trkpt>
      <trkpt lat="44.10412316210567951202392578125" lon="-80.125530995428562164306640625">
        <ele>451.600006103515625</ele>
        <time>2025-05-19T17:40:10.000Z</time>
        <extensions>
          <ns3:TrackPointExtension>
            <ns3:hr>104</ns3:hr>
          </ns3:TrackPointExtension>
        </extensions>
      </trkpt>
      <trkpt lat="44.10422475077211856842041015625" lon="-80.1256471686065196990966796875">
        <ele>450.600006103515625</ele>
        <time>2025-05-19T17:40:19.000Z</time>
        <extensions>
          <ns3:TrackPointExtension>
            <ns3:hr>105</ns3:hr>
          </ns3:TrackPointExtension>
        </extensions>
      </trkpt>
      <trkpt lat="44.1042996011674404144287109375" lon="-80.1257115416228771209716796875">
        <ele>449.399993896484375</ele>
        <time>2025-05-19T17:40:25.000Z</time>
        <extensions>
          <ns3:TrackPointExtension>
            <ns3:hr>103</ns3:hr>
          </ns3:TrackPointExtension>
        </extensions>
      </trkpt>
      <trkpt lat="44.10434461198747158050537109375" lon="-80.12574582360684871673583984375">
        <ele>449</ele>
        <time>2025-05-19T17:40:29.000Z</time>
        <extensions>
          <ns3:TrackPointExtension>
            <ns3:hr>108</ns3:hr>
          </ns3:TrackPointExtension>
        </extensions>
      </trkpt>
      <trkpt lat="44.10436372272670269012451171875" lon="-80.12576342560350894927978515625">
        <ele>448.600006103515625</ele>
        <time>2025-05-19T17:40:31.000Z</time>
        <extensions>
          <ns3:TrackPointExtension>
            <ns3:hr>112</ns3:hr>
          </ns3:TrackPointExtension>
        </extensions>
      </trkpt>
      <trkpt lat="44.10437352955341339111328125" lon="-80.12577096931636333465576171875">
        <ele>448.20001220703125</ele>
        <time>2025-05-19T17:40:32.000Z</time>
        <extensions>
          <ns3:TrackPointExtension>
            <ns3:hr>111</ns3:hr>
          </ns3:TrackPointExtension>
        </extensions>
      </trkpt>
      <trkpt lat="44.10441820509731769561767578125" lon="-80.12580818496644496917724609375">
        <ele>447.399993896484375</ele>
        <time>2025-05-19T17:40:36.000Z</time>
        <extensions>
          <ns3:TrackPointExtension>
            <ns3:hr>110</ns3:hr>
          </ns3:TrackPointExtension>
        </extensions>
      </trkpt>
      <trkpt lat="44.10444167442619800567626953125" lon="-80.1258258707821369171142578125">
        <ele>447.20001220703125</ele>
        <time>2025-05-19T17:40:38.000Z</time>
        <extensions>
          <ns3:TrackPointExtension>
            <ns3:hr>111</ns3:hr>
          </ns3:TrackPointExtension>
        </extensions>
      </trkpt>
      <trkpt lat="44.104496575891971588134765625" lon="-80.12585076503455638885498046875">
        <ele>446.399993896484375</ele>
        <time>2025-05-19T17:40:43.000Z</time>
        <extensions>
          <ns3:TrackPointExtension>
            <ns3:hr>107</ns3:hr>
          </ns3:TrackPointExtension>
        </extensions>
      </trkpt>
      <trkpt lat="44.1045136749744415283203125" lon="-80.12585713528096675872802734375">
        <ele>446</ele>
        <time>2025-05-19T17:40:45.000Z</time>
        <extensions>
          <ns3:TrackPointExtension>
            <ns3:hr>104</ns3:hr>
          </ns3:TrackPointExtension>
        </extensions>
      </trkpt>
      <trkpt lat="44.10452314652502536773681640625" lon="-80.1258619129657745361328125">
        <ele>445.79998779296875</ele>
        <time>2025-05-19T17:40:46.000Z</time>
        <extensions>
          <ns3:TrackPointExtension>
            <ns3:hr>101</ns3:hr>
          </ns3:TrackPointExtension>
        </extensions>
      </trkpt>
      <trkpt lat="44.10455415956676006317138671875" lon="-80.1258815266191959381103515625">
        <ele>444.79998779296875</ele>
        <time>2025-05-19T17:40:50.000Z</time>
        <extensions>
          <ns3:TrackPointExtension>
            <ns3:hr>100</ns3:hr>
          </ns3:TrackPointExtension>
        </extensions>
      </trkpt>
      <trkpt lat="44.10456690005958080291748046875" lon="-80.1258949376642704010009765625">
        <ele>444.399993896484375</ele>
        <time>2025-05-19T17:40:52.000Z</time>
        <extensions>
          <ns3:TrackPointExtension>
            <ns3:hr>99</ns3:hr>
          </ns3:TrackPointExtension>
        </extensions>
      </trkpt>
      <trkpt lat="44.10459590144455432891845703125" lon="-80.12591145001351833343505859375">
        <ele>443.600006103515625</ele>
        <time>2025-05-19T17:40:55.000Z</time>
        <extensions>
          <ns3:TrackPointExtension>
            <ns3:hr>101</ns3:hr>
          </ns3:TrackPointExtension>
        </extensions>
      </trkpt>
      <trkpt lat="44.104676954448223114013671875" lon="-80.12591916136443614959716796875">
        <ele>442.399993896484375</ele>
        <time>2025-05-19T17:41:04.000Z</time>
        <extensions>
          <ns3:TrackPointExtension>
            <ns3:hr>98</ns3:hr>
          </ns3:TrackPointExtension>
        </extensions>
      </trkpt>
      <trkpt lat="44.1046958975493907928466796875" lon="-80.125909857451915740966796875">
        <ele>442</ele>
        <time>2025-05-19T17:41:06.000Z</time>
        <extensions>
          <ns3:TrackPointExtension>
            <ns3:hr>101</ns3:hr>
          </ns3:TrackPointExtension>
        </extensions>
      </trkpt>
      <trkpt lat="44.10471961833536624908447265625" lon="-80.12590776197612285614013671875">
        <ele>441.399993896484375</ele>
        <time>2025-05-19T17:41:08.000Z</time>
        <extensions>
          <ns3:TrackPointExtension>
            <ns3:hr>101</ns3:hr>
          </ns3:TrackPointExtension>
        </extensions>
      </trkpt>
      <trkpt lat="44.10472883842885494232177734375" lon="-80.1259060017764568328857421875">
        <ele>441.20001220703125</ele>
        <time>2025-05-19T17:41:09.000Z</time>
        <extensions>
          <ns3:TrackPointExtension>
            <ns3:hr>105</ns3:hr>
          </ns3:TrackPointExtension>
        </extensions>
      </trkpt>
      <trkpt lat="44.104741327464580535888671875" lon="-80.12590625323355197906494140625">
        <ele>441</ele>
        <time>2025-05-19T17:41:10.000Z</time>
        <extensions>
          <ns3:TrackPointExtension>
            <ns3:hr>105</ns3:hr>
          </ns3:TrackPointExtension>
        </extensions>
      </trkpt>
      <trkpt lat="44.1047968156635761260986328125" lon="-80.1259060017764568328857421875">
        <ele>440.20001220703125</ele>
        <time>2025-05-19T17:41:14.000Z</time>
        <extensions>
          <ns3:TrackPointExtension>
            <ns3:hr>107</ns3:hr>
          </ns3:TrackPointExtension>
        </extensions>
      </trkpt>
      <trkpt lat="44.10485289059579372406005859375" lon="-80.12590072117745876312255859375">
        <ele>439.20001220703125</ele>
        <time>2025-05-19T17:41:19.000Z</time>
        <extensions>
          <ns3:TrackPointExtension>
            <ns3:hr>107</ns3:hr>
          </ns3:TrackPointExtension>
        </extensions>
      </trkpt>
      <trkpt lat="44.1048865020275115966796875" lon="-80.1259049959480762481689453125">
        <ele>438</ele>
        <time>2025-05-19T17:41:23.000Z</time>
        <extensions>
          <ns3:TrackPointExtension>
            <ns3:hr>110</ns3:hr>
          </ns3:TrackPointExtension>
        </extensions>
      </trkpt>
      <trkpt lat="44.10490603186190128326416015625" lon="-80.12590725906193256378173828125">
        <ele>437.399993896484375</ele>
        <time>2025-05-19T17:41:25.000Z</time>
        <extensions>
          <ns3:TrackPointExtension>
            <ns3:hr>107</ns3:hr>
          </ns3:TrackPointExtension>
        </extensions>
      </trkpt>
      <trkpt lat="44.104922376573085784912109375" lon="-80.12590818107128143310546875">
        <ele>437</ele>
        <time>2025-05-19T17:41:27.000Z</time>
        <extensions>
          <ns3:TrackPointExtension>
            <ns3:hr>104</ns3:hr>
          </ns3:TrackPointExtension>
        </extensions>
      </trkpt>
      <trkpt lat="44.1049309261143207550048828125" lon="-80.12590776197612285614013671875">
        <ele>436.79998779296875</ele>
        <time>2025-05-19T17:41:28.000Z</time>
        <extensions>
          <ns3:TrackPointExtension>
            <ns3:hr>102</ns3:hr>
          </ns3:TrackPointExtension>
        </extensions>
      </trkpt>
      <trkpt lat="44.104940481483936309814453125" lon="-80.12590658850967884063720703125">
        <ele>436.600006103515625</ele>
        <time>2025-05-19T17:41:29.000Z</time>
        <extensions>
          <ns3:TrackPointExtension>
            <ns3:hr>99</ns3:hr>
          </ns3:TrackPointExtension>
        </extensions>
      </trkpt>
      <trkpt lat="44.10497727803885936737060546875" lon="-80.125896446406841278076171875">
        <ele>435.79998779296875</ele>
        <time>2025-05-19T17:41:32.000Z</time>
        <extensions>
          <ns3:TrackPointExtension>
            <ns3:hr>96</ns3:hr>
          </ns3:TrackPointExtension>
        </extensions>
      </trkpt>
      <trkpt lat="44.10499102436006069183349609375" lon="-80.12589334510266780853271484375">
        <ele>435.600006103515625</ele>
        <time>2025-05-19T17:41:33.000Z</time>
        <extensions>
          <ns3:TrackPointExtension>
            <ns3:hr>96</ns3:hr>
          </ns3:TrackPointExtension>
        </extensions>
      </trkpt>
      <trkpt lat="44.10506159998476505279541015625" lon="-80.1258640922605991363525390625">
        <ele>434.79998779296875</ele>
        <time>2025-05-19T17:41:39.000Z</time>
        <extensions>
          <ns3:TrackPointExtension>
            <ns3:hr>93</ns3:hr>
          </ns3:TrackPointExtension>
        </extensions>
      </trkpt>
      <trkpt lat="44.10507082007825374603271484375" lon="-80.1258640922605991363525390625">
        <ele>434.20001220703125</ele>
        <time>2025-05-19T17:41:40.000Z</time>
        <extensions>
          <ns3:TrackPointExtension>
            <ns3:hr>96</ns3:hr>
          </ns3:TrackPointExtension>
        </extensions>
      </trkpt>
      <trkpt lat="44.1050814650952816009521484375" lon="-80.1258634217083454132080078125">
        <ele>434</ele>
        <time>2025-05-19T17:41:41.000Z</time>
        <extensions>
          <ns3:TrackPointExtension>
            <ns3:hr>97</ns3:hr>
          </ns3:TrackPointExtension>
        </extensions>
      </trkpt>
      <trkpt lat="44.10510937683284282684326171875" lon="-80.125850848853588104248046875">
        <ele>433.20001220703125</ele>
        <time>2025-05-19T17:41:44.000Z</time>
        <extensions>
          <ns3:TrackPointExtension>
            <ns3:hr>100</ns3:hr>
          </ns3:TrackPointExtension>
        </extensions>
      </trkpt>
      <trkpt lat="44.105151034891605377197265625" lon="-80.12583450414240360260009765625">
        <ele>432.79998779296875</ele>
        <time>2025-05-19T17:41:48.000Z</time>
        <extensions>
          <ns3:TrackPointExtension>
            <ns3:hr>95</ns3:hr>
          </ns3:TrackPointExtension>
        </extensions>
      </trkpt>
      <trkpt lat="44.1051708161830902099609375" lon="-80.12583349831402301788330078125">
        <ele>432.20001220703125</ele>
        <time>2025-05-19T17:41:50.000Z</time>
        <extensions>
          <ns3:TrackPointExtension>
            <ns3:hr>92</ns3:hr>
          </ns3:TrackPointExtension>
        </extensions>
      </trkpt>
      <trkpt lat="44.1052003204822540283203125" lon="-80.12582503259181976318359375">
        <ele>431.600006103515625</ele>
        <time>2025-05-19T17:41:53.000Z</time>
        <extensions>
          <ns3:TrackPointExtension>
            <ns3:hr>89</ns3:hr>
          </ns3:TrackPointExtension>
        </extensions>
      </trkpt>
      <trkpt lat="44.10522353835403919219970703125" lon="-80.1258262060582637786865234375">
        <ele>431</ele>
        <time>2025-05-19T17:41:56.000Z</time>
        <extensions>
          <ns3:TrackPointExtension>
            <ns3:hr>87</ns3:hr>
          </ns3:TrackPointExtension>
        </extensions>
      </trkpt>
      <trkpt lat="44.105248264968395233154296875" lon="-80.1258215121924877166748046875">
        <ele>430.399993896484375</ele>
        <time>2025-05-19T17:41:59.000Z</time>
        <extensions>
          <ns3:TrackPointExtension>
            <ns3:hr>86</ns3:hr>
          </ns3:TrackPointExtension>
        </extensions>
      </trkpt>
      <trkpt lat="44.10527634434401988983154296875" lon="-80.1258007250726222991943359375">
        <ele>429.79998779296875</ele>
        <time>2025-05-19T17:42:02.000Z</time>
        <extensions>
          <ns3:TrackPointExtension>
            <ns3:hr>87</ns3:hr>
          </ns3:TrackPointExtension>
        </extensions>
      </trkpt>
      <trkpt lat="44.1053067706525325775146484375" lon="-80.125780440866947174072265625">
        <ele>429.399993896484375</ele>
        <time>2025-05-19T17:42:06.000Z</time>
        <extensions>
          <ns3:TrackPointExtension>
            <ns3:hr>91</ns3:hr>
          </ns3:TrackPointExtension>
        </extensions>
      </trkpt>
      <trkpt lat="44.1053164936602115631103515625" lon="-80.12578169815242290496826171875">
        <ele>429</ele>
        <time>2025-05-19T17:42:07.000Z</time>
        <extensions>
          <ns3:TrackPointExtension>
            <ns3:hr>88</ns3:hr>
          </ns3:TrackPointExtension>
        </extensions>
      </trkpt>
      <trkpt lat="44.105328731238842010498046875" lon="-80.1257841289043426513671875">
        <ele>428.79998779296875</ele>
        <time>2025-05-19T17:42:08.000Z</time>
        <extensions>
          <ns3:TrackPointExtension>
            <ns3:hr>91</ns3:hr>
          </ns3:TrackPointExtension>
        </extensions>
      </trkpt>
      <trkpt lat="44.1053516976535320281982421875" lon="-80.12578790076076984405517578125">
        <ele>428.399993896484375</ele>
        <time>2025-05-19T17:42:10.000Z</time>
        <extensions>
          <ns3:TrackPointExtension>
            <ns3:hr>94</ns3:hr>
          </ns3:TrackPointExtension>
        </extensions>
      </trkpt>
      <trkpt lat="44.105379693210124969482421875" lon="-80.12578790076076984405517578125">
        <ele>427.79998779296875</ele>
        <time>2025-05-19T17:42:13.000Z</time>
        <extensions>
          <ns3:TrackPointExtension>
            <ns3:hr>92</ns3:hr>
          </ns3:TrackPointExtension>
        </extensions>
      </trkpt>
      <trkpt lat="44.10539184696972370147705078125" lon="-80.125781111419200897216796875">
        <ele>427.600006103515625</ele>
        <time>2025-05-19T17:42:14.000Z</time>
        <extensions>
          <ns3:TrackPointExtension>
            <ns3:hr>93</ns3:hr>
          </ns3:TrackPointExtension>
        </extensions>
      </trkpt>
      <trkpt lat="44.10545068792998790740966796875" lon="-80.12577499262988567352294921875">
        <ele>426.399993896484375</ele>
        <time>2025-05-19T17:42:20.000Z</time>
        <extensions>
          <ns3:TrackPointExtension>
            <ns3:hr>89</ns3:hr>
          </ns3:TrackPointExtension>
        </extensions>
      </trkpt>
      <trkpt lat="44.105474241077899932861328125" lon="-80.12578404508531093597412109375">
        <ele>425.600006103515625</ele>
        <time>2025-05-19T17:42:24.000Z</time>
        <extensions>
          <ns3:TrackPointExtension>
            <ns3:hr>92</ns3:hr>
          </ns3:TrackPointExtension>
        </extensions>
      </trkpt>
      <trkpt lat="44.10549066960811614990234375" lon="-80.1257759146392345428466796875">
        <ele>425.399993896484375</ele>
        <time>2025-05-19T17:42:27.000Z</time>
        <extensions>
          <ns3:TrackPointExtension>
            <ns3:hr>92</ns3:hr>
          </ns3:TrackPointExtension>
        </extensions>
      </trkpt>
      <trkpt lat="44.105517156422138214111328125" lon="-80.12578572146594524383544921875">
        <ele>425.399993896484375</ele>
        <time>2025-05-19T17:42:30.000Z</time>
        <extensions>
          <ns3:TrackPointExtension>
            <ns3:hr>98</ns3:hr>
          </ns3:TrackPointExtension>
        </extensions>
      </trkpt>
      <trkpt lat="44.10558161325752735137939453125" lon="-80.12580365873873233795166015625">
        <ele>425.399993896484375</ele>
        <time>2025-05-19T17:42:43.000Z</time>
        <extensions>
          <ns3:TrackPointExtension>
            <ns3:hr>99</ns3:hr>
          </ns3:TrackPointExtension>
        </extensions>
      </trkpt>
      <trkpt lat="44.105556719005107879638671875" lon="-80.125770382583141326904296875">
        <ele>425.399993896484375</ele>
        <time>2025-05-19T17:42:56.000Z</time>
        <extensions>
          <ns3:TrackPointExtension>
            <ns3:hr>96</ns3:hr>
          </ns3:TrackPointExtension>
        </extensions>
      </trkpt>
      <trkpt lat="44.105554707348346710205078125" lon="-80.1257598213851451873779296875">
        <ele>425.399993896484375</ele>
        <time>2025-05-19T17:42:59.000Z</time>
        <extensions>
          <ns3:TrackPointExtension>
            <ns3:hr>96</ns3:hr>
          </ns3:TrackPointExtension>
        </extensions>
      </trkpt>
      <trkpt lat="44.1055599041283130645751953125" lon="-80.12575068511068820953369140625">
        <ele>425.20001220703125</ele>
        <time>2025-05-19T17:43:02.000Z</time>
        <extensions>
          <ns3:TrackPointExtension>
            <ns3:hr>99</ns3:hr>
          </ns3:TrackPointExtension>
        </extensions>
      </trkpt>
      <trkpt lat="44.1055810265243053436279296875" lon="-80.12575085274875164031982421875">
        <ele>424.79998779296875</ele>
        <time>2025-05-19T17:43:08.000Z</time>
        <extensions>
          <ns3:TrackPointExtension>
            <ns3:hr>102</ns3:hr>
          </ns3:TrackPointExtension>
        </extensions>
      </trkpt>
      <trkpt lat="44.10559066571295261383056640625" lon="-80.12574247084558010101318359375">
        <ele>424.399993896484375</ele>
        <time>2025-05-19T17:43:11.000Z</time>
        <extensions>
          <ns3:TrackPointExtension>
            <ns3:hr>102</ns3:hr>
          </ns3:TrackPointExtension>
        </extensions>
      </trkpt>
      <trkpt lat="44.1056259535253047943115234375" lon="-80.12572956271469593048095703125">
        <ele>423.79998779296875</ele>
        <time>2025-05-19T17:43:16.000Z</time>
        <extensions>
          <ns3:TrackPointExtension>
            <ns3:hr>104</ns3:hr>
          </ns3:TrackPointExtension>
        </extensions>
      </trkpt>
      <trkpt lat="44.1056455671787261962890625" lon="-80.1257266290485858917236328125">
        <ele>423.600006103515625</ele>
        <time>2025-05-19T17:43:18.000Z</time>
        <extensions>
          <ns3:TrackPointExtension>
            <ns3:hr>107</ns3:hr>
          </ns3:TrackPointExtension>
        </extensions>
      </trkpt>
      <trkpt lat="44.10566006787121295928955078125" lon="-80.12573442421853542327880859375">
        <ele>423.399993896484375</ele>
        <time>2025-05-19T17:43:20.000Z</time>
        <extensions>
          <ns3:TrackPointExtension>
            <ns3:hr>106</ns3:hr>
          </ns3:TrackPointExtension>
        </extensions>
      </trkpt>
      <trkpt lat="44.10572578199207782745361328125" lon="-80.12575705535709857940673828125">
        <ele>422.20001220703125</ele>
        <time>2025-05-19T17:43:27.000Z</time>
        <extensions>
          <ns3:TrackPointExtension>
            <ns3:hr>103</ns3:hr>
          </ns3:TrackPointExtension>
        </extensions>
      </trkpt>
      <trkpt lat="44.1057557053864002227783203125" lon="-80.12576946057379245758056640625">
        <ele>421.79998779296875</ele>
        <time>2025-05-19T17:43:29.000Z</time>
        <extensions>
          <ns3:TrackPointExtension>
            <ns3:hr>102</ns3:hr>
          </ns3:TrackPointExtension>
        </extensions>
      </trkpt>
      <trkpt lat="44.105804823338985443115234375" lon="-80.12577407062053680419921875">
        <ele>421.20001220703125</ele>
        <time>2025-05-19T17:43:32.000Z</time>
        <extensions>
          <ns3:TrackPointExtension>
            <ns3:hr>102</ns3:hr>
          </ns3:TrackPointExtension>
        </extensions>
      </trkpt>
      <trkpt lat="44.10591521300375461578369140625" lon="-80.12579276226460933685302734375">
        <ele>420.20001220703125</ele>
        <time>2025-05-19T17:43:41.000Z</time>
        <extensions>
          <ns3:TrackPointExtension>
            <ns3:hr>103</ns3:hr>
          </ns3:TrackPointExtension>
        </extensions>
      </trkpt>
      <trkpt lat="44.10593315027654170989990234375" lon="-80.12580047361552715301513671875">
        <ele>420</ele>
        <time>2025-05-19T17:43:43.000Z</time>
        <extensions>
          <ns3:TrackPointExtension>
            <ns3:hr>102</ns3:hr>
          </ns3:TrackPointExtension>
        </extensions>
      </trkpt>
      <trkpt lat="44.10598930902779102325439453125" lon="-80.12581572867929935455322265625">
        <ele>419.399993896484375</ele>
        <time>2025-05-19T17:43:49.000Z</time>
        <extensions>
          <ns3:TrackPointExtension>
            <ns3:hr>105</ns3:hr>
          </ns3:TrackPointExtension>
        </extensions>
      </trkpt>
      <trkpt lat="44.1059969365596771240234375" lon="-80.12581623159348964691162109375">
        <ele>419.20001220703125</ele>
        <time>2025-05-19T17:43:50.000Z</time>
        <extensions>
          <ns3:TrackPointExtension>
            <ns3:hr>105</ns3:hr>
          </ns3:TrackPointExtension>
        </extensions>
      </trkpt>
      <trkpt lat="44.106016717851161956787109375" lon="-80.1258181594312191009521484375">
        <ele>419</ele>
        <time>2025-05-19T17:43:52.000Z</time>
        <extensions>
          <ns3:TrackPointExtension>
            <ns3:hr>102</ns3:hr>
          </ns3:TrackPointExtension>
        </extensions>
      </trkpt>
      <trkpt lat="44.10604446195065975189208984375" lon="-80.12582662515342235565185546875">
        <ele>418.600006103515625</ele>
        <time>2025-05-19T17:43:54.000Z</time>
        <extensions>
          <ns3:TrackPointExtension>
            <ns3:hr>105</ns3:hr>
          </ns3:TrackPointExtension>
        </extensions>
      </trkpt>
      <trkpt lat="44.106067679822444915771484375" lon="-80.1258312352001667022705078125">
        <ele>418.20001220703125</ele>
        <time>2025-05-19T17:43:56.000Z</time>
        <extensions>
          <ns3:TrackPointExtension>
            <ns3:hr>104</ns3:hr>
          </ns3:TrackPointExtension>
        </extensions>
      </trkpt>
      <trkpt lat="44.10610464401543140411376953125" lon="-80.1258315704762935638427734375">
        <ele>417.20001220703125</ele>
        <time>2025-05-19T17:44:00.000Z</time>
        <extensions>
          <ns3:TrackPointExtension>
            <ns3:hr>102</ns3:hr>
          </ns3:TrackPointExtension>
        </extensions>
      </trkpt>
      <trkpt lat="44.10611302591860294342041015625" lon="-80.12583450414240360260009765625">
        <ele>417</ele>
        <time>2025-05-19T17:44:01.000Z</time>
        <extensions>
          <ns3:TrackPointExtension>
            <ns3:hr>102</ns3:hr>
          </ns3:TrackPointExtension>
        </extensions>
      </trkpt>
      <trkpt lat="44.10619609057903289794921875" lon="-80.12584422715008258819580078125">
        <ele>415.79998779296875</ele>
        <time>2025-05-19T17:44:08.000Z</time>
        <extensions>
          <ns3:TrackPointExtension>
            <ns3:hr>103</ns3:hr>
          </ns3:TrackPointExtension>
        </extensions>
      </trkpt>
      <trkpt lat="44.10625375807285308837890625" lon="-80.12587473727762699127197265625">
        <ele>414.600006103515625</ele>
        <time>2025-05-19T17:44:15.000Z</time>
        <extensions>
          <ns3:TrackPointExtension>
            <ns3:hr>105</ns3:hr>
          </ns3:TrackPointExtension>
        </extensions>
      </trkpt>
      <trkpt lat="44.1062582843005657196044921875" lon="-80.125883705914020538330078125">
        <ele>414.399993896484375</ele>
        <time>2025-05-19T17:44:16.000Z</time>
        <extensions>
          <ns3:TrackPointExtension>
            <ns3:hr>104</ns3:hr>
          </ns3:TrackPointExtension>
        </extensions>
      </trkpt>
      <trkpt lat="44.1063052229583263397216796875" lon="-80.12589602731168270111083984375">
        <ele>413.399993896484375</ele>
        <time>2025-05-19T17:44:23.000Z</time>
        <extensions>
          <ns3:TrackPointExtension>
            <ns3:hr>102</ns3:hr>
          </ns3:TrackPointExtension>
        </extensions>
      </trkpt>
      <trkpt lat="44.106355346739292144775390625" lon="-80.12590373866260051727294921875">
        <ele>413</ele>
        <time>2025-05-19T17:44:30.000Z</time>
        <extensions>
          <ns3:TrackPointExtension>
            <ns3:hr>102</ns3:hr>
          </ns3:TrackPointExtension>
        </extensions>
      </trkpt>
      <trkpt lat="44.10640203393995761871337890625" lon="-80.1259316504001617431640625">
        <ele>412.399993896484375</ele>
        <time>2025-05-19T17:44:35.000Z</time>
        <extensions>
          <ns3:TrackPointExtension>
            <ns3:hr>103</ns3:hr>
          </ns3:TrackPointExtension>
        </extensions>
      </trkpt>
      <trkpt lat="44.1064339689910411834716796875" lon="-80.12599803507328033447265625">
        <ele>411.600006103515625</ele>
        <time>2025-05-19T17:44:45.000Z</time>
        <extensions>
          <ns3:TrackPointExtension>
            <ns3:hr>104</ns3:hr>
          </ns3:TrackPointExtension>
        </extensions>
      </trkpt>
      <trkpt lat="44.10644763149321079254150390625" lon="-80.1259908266365528106689453125">
        <ele>411.399993896484375</ele>
        <time>2025-05-19T17:44:47.000Z</time>
        <extensions>
          <ns3:TrackPointExtension>
            <ns3:hr>102</ns3:hr>
          </ns3:TrackPointExtension>
        </extensions>
      </trkpt>
      <trkpt lat="44.106478728353977203369140625" lon="-80.12597984634339809417724609375">
        <ele>410.20001220703125</ele>
        <time>2025-05-19T17:44:52.000Z</time>
        <extensions>
          <ns3:TrackPointExtension>
            <ns3:hr>103</ns3:hr>
          </ns3:TrackPointExtension>
        </extensions>
      </trkpt>
      <trkpt lat="44.10651217214763164520263671875" lon="-80.12597699649631977081298828125">
        <ele>409.20001220703125</ele>
        <time>2025-05-19T17:44:56.000Z</time>
        <extensions>
          <ns3:TrackPointExtension>
            <ns3:hr>104</ns3:hr>
          </ns3:TrackPointExtension>
        </extensions>
      </trkpt>
      <trkpt lat="44.1065191291272640228271484375" lon="-80.12597791850566864013671875">
        <ele>409.20001220703125</ele>
        <time>2025-05-19T17:44:57.000Z</time>
        <extensions>
          <ns3:TrackPointExtension>
            <ns3:hr>105</ns3:hr>
          </ns3:TrackPointExtension>
        </extensions>
      </trkpt>
      <trkpt lat="44.10652474500238895416259765625" lon="-80.125981271266937255859375">
        <ele>409</ele>
        <time>2025-05-19T17:44:58.000Z</time>
        <extensions>
          <ns3:TrackPointExtension>
            <ns3:hr>102</ns3:hr>
          </ns3:TrackPointExtension>
        </extensions>
      </trkpt>
      <trkpt lat="44.10654871724545955657958984375" lon="-80.125985629856586456298828125">
        <ele>407.79998779296875</ele>
        <time>2025-05-19T17:45:03.000Z</time>
        <extensions>
          <ns3:TrackPointExtension>
            <ns3:hr>102</ns3:hr>
          </ns3:TrackPointExtension>
        </extensions>
      </trkpt>
      <trkpt lat="44.106591045856475830078125" lon="-80.12597833760082721710205078125">
        <ele>406.600006103515625</ele>
        <time>2025-05-19T17:45:09.000Z</time>
        <extensions>
          <ns3:TrackPointExtension>
            <ns3:hr>103</ns3:hr>
          </ns3:TrackPointExtension>
        </extensions>
      </trkpt>
      <trkpt lat="44.10665877163410186767578125" lon="-80.125958807766437530517578125">
        <ele>406</ele>
        <time>2025-05-19T17:45:17.000Z</time>
        <extensions>
          <ns3:TrackPointExtension>
            <ns3:hr>107</ns3:hr>
          </ns3:TrackPointExtension>
        </extensions>
      </trkpt>
      <trkpt lat="44.106660448014736175537109375" lon="-80.12595252133905887603759765625">
        <ele>406</ele>
        <time>2025-05-19T17:45:18.000Z</time>
        <extensions>
          <ns3:TrackPointExtension>
            <ns3:hr>110</ns3:hr>
          </ns3:TrackPointExtension>
        </extensions>
      </trkpt>
      <trkpt lat="44.10666623152792453765869140625" lon="-80.125950090587139129638671875">
        <ele>405.79998779296875</ele>
        <time>2025-05-19T17:45:19.000Z</time>
        <extensions>
          <ns3:TrackPointExtension>
            <ns3:hr>115</ns3:hr>
          </ns3:TrackPointExtension>
        </extensions>
      </trkpt>
      <trkpt lat="44.10667863674461841583251953125" lon="-80.12595118023455142974853515625">
        <ele>405.79998779296875</ele>
        <time>2025-05-19T17:45:20.000Z</time>
        <extensions>
          <ns3:TrackPointExtension>
            <ns3:hr>119</ns3:hr>
          </ns3:TrackPointExtension>
        </extensions>
      </trkpt>
      <trkpt lat="44.10668266005814075469970703125" lon="-80.12595537118613719940185546875">
        <ele>405.600006103515625</ele>
        <time>2025-05-19T17:45:21.000Z</time>
        <extensions>
          <ns3:TrackPointExtension>
            <ns3:hr>121</ns3:hr>
          </ns3:TrackPointExtension>
        </extensions>
      </trkpt>
      <trkpt lat="44.10668534226715564727783203125" lon="-80.125956125557422637939453125">
        <ele>405.399993896484375</ele>
        <time>2025-05-19T17:45:22.000Z</time>
        <extensions>
          <ns3:TrackPointExtension>
            <ns3:hr>124</ns3:hr>
          </ns3:TrackPointExtension>
        </extensions>
      </trkpt>
      <trkpt lat="44.1066917963325977325439453125" lon="-80.125959478318691253662109375">
        <ele>405</ele>
        <time>2025-05-19T17:45:24.000Z</time>
        <extensions>
          <ns3:TrackPointExtension>
            <ns3:hr>125</ns3:hr>
          </ns3:TrackPointExtension>
        </extensions>
      </trkpt>
      <trkpt lat="44.10670168697834014892578125" lon="-80.1259445585310459136962890625">
        <ele>404.79998779296875</ele>
        <time>2025-05-19T17:45:27.000Z</time>
        <extensions>
          <ns3:TrackPointExtension>
            <ns3:hr>122</ns3:hr>
          </ns3:TrackPointExtension>
        </extensions>
      </trkpt>
      <trkpt lat="44.1067102365195751190185546875" lon="-80.12593877501785755157470703125">
        <ele>404.600006103515625</ele>
        <time>2025-05-19T17:45:29.000Z</time>
        <extensions>
          <ns3:TrackPointExtension>
            <ns3:hr>122</ns3:hr>
          </ns3:TrackPointExtension>
        </extensions>
      </trkpt>
      <trkpt lat="44.10672624595463275909423828125" lon="-80.12594531290233135223388671875">
        <ele>404</ele>
        <time>2025-05-19T17:45:38.000Z</time>
        <extensions>
          <ns3:TrackPointExtension>
            <ns3:hr>122</ns3:hr>
          </ns3:TrackPointExtension>
        </extensions>
      </trkpt>
      <trkpt lat="44.10676664672791957855224609375" lon="-80.12594648636877536773681640625">
        <ele>403.600006103515625</ele>
        <time>2025-05-19T17:45:42.000Z</time>
        <extensions>
          <ns3:TrackPointExtension>
            <ns3:hr>118</ns3:hr>
          </ns3:TrackPointExtension>
        </extensions>
      </trkpt>
      <trkpt lat="44.10679380409419536590576171875" lon="-80.12595050968229770660400390625">
        <ele>403.600006103515625</ele>
        <time>2025-05-19T17:45:44.000Z</time>
        <extensions>
          <ns3:TrackPointExtension>
            <ns3:hr>115</ns3:hr>
          </ns3:TrackPointExtension>
        </extensions>
      </trkpt>
      <trkpt lat="44.10680369473993778228759765625" lon="-80.125954784452915191650390625">
        <ele>403.600006103515625</ele>
        <time>2025-05-19T17:45:45.000Z</time>
        <extensions>
          <ns3:TrackPointExtension>
            <ns3:hr>115</ns3:hr>
          </ns3:TrackPointExtension>
        </extensions>
      </trkpt>
      <trkpt lat="44.1068386472761631011962890625" lon="-80.12597464956343173980712890625">
        <ele>403.20001220703125</ele>
        <time>2025-05-19T17:45:49.000Z</time>
        <extensions>
          <ns3:TrackPointExtension>
            <ns3:hr>112</ns3:hr>
          </ns3:TrackPointExtension>
        </extensions>
      </trkpt>
      <trkpt lat="44.10684862174093723297119140625" lon="-80.1259767450392246246337890625">
        <ele>403.20001220703125</ele>
        <time>2025-05-19T17:45:50.000Z</time>
        <extensions>
          <ns3:TrackPointExtension>
            <ns3:hr>110</ns3:hr>
          </ns3:TrackPointExtension>
        </extensions>
      </trkpt>
      <trkpt lat="44.106874354183673858642578125" lon="-80.12598688714206218719482421875">
        <ele>403</ele>
        <time>2025-05-19T17:45:53.000Z</time>
        <extensions>
          <ns3:TrackPointExtension>
            <ns3:hr>107</ns3:hr>
          </ns3:TrackPointExtension>
        </extensions>
      </trkpt>
      <trkpt lat="44.10692674107849597930908203125" lon="-80.12599728070199489593505859375">
        <ele>402.399993896484375</ele>
        <time>2025-05-19T17:45:58.000Z</time>
        <extensions>
          <ns3:TrackPointExtension>
            <ns3:hr>108</ns3:hr>
          </ns3:TrackPointExtension>
        </extensions>
      </trkpt>
      <trkpt lat="44.10695725120604038238525390625" lon="-80.1259982027113437652587890625">
        <ele>402.20001220703125</ele>
        <time>2025-05-19T17:46:01.000Z</time>
        <extensions>
          <ns3:TrackPointExtension>
            <ns3:hr>105</ns3:hr>
          </ns3:TrackPointExtension>
        </extensions>
      </trkpt>
      <trkpt lat="44.107005111873149871826171875" lon="-80.12600465677678585052490234375">
        <ele>402</ele>
        <time>2025-05-19T17:46:04.000Z</time>
        <extensions>
          <ns3:TrackPointExtension>
            <ns3:hr>108</ns3:hr>
          </ns3:TrackPointExtension>
        </extensions>
      </trkpt>
      <trkpt lat="44.10701558925211429595947265625" lon="-80.126005746424198150634765625">
        <ele>401.79998779296875</ele>
        <time>2025-05-19T17:46:05.000Z</time>
        <extensions>
          <ns3:TrackPointExtension>
            <ns3:hr>105</ns3:hr>
          </ns3:TrackPointExtension>
        </extensions>
      </trkpt>
      <trkpt lat="44.10703654401004314422607421875" lon="-80.12601287104189395904541015625">
        <ele>401.600006103515625</ele>
        <time>2025-05-19T17:46:07.000Z</time>
        <extensions>
          <ns3:TrackPointExtension>
            <ns3:hr>107</ns3:hr>
          </ns3:TrackPointExtension>
        </extensions>
      </trkpt>
      <trkpt lat="44.10706906579434871673583984375" lon="-80.12601706199347972869873046875">
        <ele>401.399993896484375</ele>
        <time>2025-05-19T17:46:10.000Z</time>
        <extensions>
          <ns3:TrackPointExtension>
            <ns3:hr>107</ns3:hr>
          </ns3:TrackPointExtension>
        </extensions>
      </trkpt>
      <trkpt lat="44.1071095503866672515869140625" lon="-80.1260173134505748748779296875">
        <ele>401</ele>
        <time>2025-05-19T17:46:13.000Z</time>
        <extensions>
          <ns3:TrackPointExtension>
            <ns3:hr>104</ns3:hr>
          </ns3:TrackPointExtension>
        </extensions>
      </trkpt>
      <trkpt lat="44.1071447543799877166748046875" lon="-80.1260263659060001373291015625">
        <ele>400.79998779296875</ele>
        <time>2025-05-19T17:46:16.000Z</time>
        <extensions>
          <ns3:TrackPointExtension>
            <ns3:hr>100</ns3:hr>
          </ns3:TrackPointExtension>
        </extensions>
      </trkpt>
      <trkpt lat="44.10717735998332500457763671875" lon="-80.126037262380123138427734375">
        <ele>400.79998779296875</ele>
        <time>2025-05-19T17:46:19.000Z</time>
        <extensions>
          <ns3:TrackPointExtension>
            <ns3:hr>103</ns3:hr>
          </ns3:TrackPointExtension>
        </extensions>
      </trkpt>
      <trkpt lat="44.1072097979485988616943359375" lon="-80.1260441355407238006591796875">
        <ele>400.79998779296875</ele>
        <time>2025-05-19T17:46:22.000Z</time>
        <extensions>
          <ns3:TrackPointExtension>
            <ns3:hr>101</ns3:hr>
          </ns3:TrackPointExtension>
        </extensions>
      </trkpt>
      <trkpt lat="44.10739059560000896453857421875" lon="-80.12608746998012065887451171875">
        <ele>400.399993896484375</ele>
        <time>2025-05-19T17:46:34.000Z</time>
        <extensions>
          <ns3:TrackPointExtension>
            <ns3:hr>103</ns3:hr>
          </ns3:TrackPointExtension>
        </extensions>
      </trkpt>
      <trkpt lat="44.1074082814157009124755859375" lon="-80.12609132565557956695556640625">
        <ele>400.20001220703125</ele>
        <time>2025-05-19T17:46:35.000Z</time>
        <extensions>
          <ns3:TrackPointExtension>
            <ns3:hr>103</ns3:hr>
          </ns3:TrackPointExtension>
        </extensions>
      </trkpt>
      <trkpt lat="44.1075142286717891693115234375" lon="-80.1261235959827899932861328125">
        <ele>400</ele>
        <time>2025-05-19T17:46:42.000Z</time>
        <extensions>
          <ns3:TrackPointExtension>
            <ns3:hr>100</ns3:hr>
          </ns3:TrackPointExtension>
        </extensions>
      </trkpt>
      <trkpt lat="44.10757382400333881378173828125" lon="-80.12613893486559391021728515625">
        <ele>399.79998779296875</ele>
        <time>2025-05-19T17:46:47.000Z</time>
        <extensions>
          <ns3:TrackPointExtension>
            <ns3:hr>97</ns3:hr>
          </ns3:TrackPointExtension>
        </extensions>
      </trkpt>
      <trkpt lat="44.1076486743986606597900390625" lon="-80.1261596381664276123046875">
        <ele>399.79998779296875</ele>
        <time>2025-05-19T17:46:52.000Z</time>
        <extensions>
          <ns3:TrackPointExtension>
            <ns3:hr>95</ns3:hr>
          </ns3:TrackPointExtension>
        </extensions>
      </trkpt>
      <trkpt lat="44.1077127121388912200927734375" lon="-80.126186124980449676513671875">
        <ele>399.600006103515625</ele>
        <time>2025-05-19T17:46:57.000Z</time>
        <extensions>
          <ns3:TrackPointExtension>
            <ns3:hr>98</ns3:hr>
          </ns3:TrackPointExtension>
        </extensions>
      </trkpt>
      <trkpt lat="44.10775872878730297088623046875" lon="-80.12620967812836170196533203125">
        <ele>399.399993896484375</ele>
        <time>2025-05-19T17:47:01.000Z</time>
        <extensions>
          <ns3:TrackPointExtension>
            <ns3:hr>95</ns3:hr>
          </ns3:TrackPointExtension>
        </extensions>
      </trkpt>
      <trkpt lat="44.107768870890140533447265625" lon="-80.12621470727026462554931640625">
        <ele>399.20001220703125</ele>
        <time>2025-05-19T17:47:02.000Z</time>
        <extensions>
          <ns3:TrackPointExtension>
            <ns3:hr>95</ns3:hr>
          </ns3:TrackPointExtension>
        </extensions>
      </trkpt>
      <trkpt lat="44.1078018955886363983154296875" lon="-80.12621772475540637969970703125">
        <ele>399.20001220703125</ele>
        <time>2025-05-19T17:47:05.000Z</time>
        <extensions>
          <ns3:TrackPointExtension>
            <ns3:hr>98</ns3:hr>
          </ns3:TrackPointExtension>
        </extensions>
      </trkpt>
      <trkpt lat="44.10781287588179111480712890625" lon="-80.12621856294572353363037109375">
        <ele>399.20001220703125</ele>
        <time>2025-05-19T17:47:06.000Z</time>
        <extensions>
          <ns3:TrackPointExtension>
            <ns3:hr>95</ns3:hr>
          </ns3:TrackPointExtension>
        </extensions>
      </trkpt>
      <trkpt lat="44.107824862003326416015625" lon="-80.1262198202311992645263671875">
        <ele>399.20001220703125</ele>
        <time>2025-05-19T17:47:07.000Z</time>
        <extensions>
          <ns3:TrackPointExtension>
            <ns3:hr>96</ns3:hr>
          </ns3:TrackPointExtension>
        </extensions>
      </trkpt>
      <trkpt lat="44.10786601714789867401123046875" lon="-80.12622241862118244171142578125">
        <ele>399.20001220703125</ele>
        <time>2025-05-19T17:47:10.000Z</time>
        <extensions>
          <ns3:TrackPointExtension>
            <ns3:hr>93</ns3:hr>
          </ns3:TrackPointExtension>
        </extensions>
      </trkpt>
      <trkpt lat="44.1079200804233551025390625" lon="-80.12623272836208343505859375">
        <ele>399.20001220703125</ele>
        <time>2025-05-19T17:47:15.000Z</time>
        <extensions>
          <ns3:TrackPointExtension>
            <ns3:hr>96</ns3:hr>
          </ns3:TrackPointExtension>
        </extensions>
      </trkpt>
      <trkpt lat="44.1079581342637538909912109375" lon="-80.126241110265254974365234375">
        <ele>398.79998779296875</ele>
        <time>2025-05-19T17:47:18.000Z</time>
        <extensions>
          <ns3:TrackPointExtension>
            <ns3:hr>91</ns3:hr>
          </ns3:TrackPointExtension>
        </extensions>
      </trkpt>
      <trkpt lat="44.107973389327526092529296875" lon="-80.126242451369762420654296875">
        <ele>398.79998779296875</ele>
        <time>2025-05-19T17:47:19.000Z</time>
        <extensions>
          <ns3:TrackPointExtension>
            <ns3:hr>94</ns3:hr>
          </ns3:TrackPointExtension>
        </extensions>
      </trkpt>
      <trkpt lat="44.10800666548311710357666015625" lon="-80.12624672614037990570068359375">
        <ele>398.399993896484375</ele>
        <time>2025-05-19T17:47:22.000Z</time>
        <extensions>
          <ns3:TrackPointExtension>
            <ns3:hr>94</ns3:hr>
          </ns3:TrackPointExtension>
        </extensions>
      </trkpt>
      <trkpt lat="44.1080302186310291290283203125" lon="-80.126249827444553375244140625">
        <ele>398.20001220703125</ele>
        <time>2025-05-19T17:47:24.000Z</time>
        <extensions>
          <ns3:TrackPointExtension>
            <ns3:hr>97</ns3:hr>
          </ns3:TrackPointExtension>
        </extensions>
      </trkpt>
      <trkpt lat="44.108128957450389862060546875" lon="-80.12626080773770809173583984375">
        <ele>398</ele>
        <time>2025-05-19T17:47:32.000Z</time>
        <extensions>
          <ns3:TrackPointExtension>
            <ns3:hr>100</ns3:hr>
          </ns3:TrackPointExtension>
        </extensions>
      </trkpt>
      <trkpt lat="44.10814714618027210235595703125" lon="-80.1262640766799449920654296875">
        <ele>397.79998779296875</ele>
        <time>2025-05-19T17:47:33.000Z</time>
        <extensions>
          <ns3:TrackPointExtension>
            <ns3:hr>96</ns3:hr>
          </ns3:TrackPointExtension>
        </extensions>
      </trkpt>
      <trkpt lat="44.10820598714053630828857421875" lon="-80.126267932355403900146484375">
        <ele>397.79998779296875</ele>
        <time>2025-05-19T17:47:37.000Z</time>
        <extensions>
          <ns3:TrackPointExtension>
            <ns3:hr>96</ns3:hr>
          </ns3:TrackPointExtension>
        </extensions>
      </trkpt>
      <trkpt lat="44.108318053185939788818359375" lon="-80.126291401684284210205078125">
        <ele>397.20001220703125</ele>
        <time>2025-05-19T17:47:47.000Z</time>
        <extensions>
          <ns3:TrackPointExtension>
            <ns3:hr>96</ns3:hr>
          </ns3:TrackPointExtension>
        </extensions>
      </trkpt>
      <trkpt lat="44.10835786722600460052490234375" lon="-80.1262959279119968414306640625">
        <ele>397.20001220703125</ele>
        <time>2025-05-19T17:47:51.000Z</time>
        <extensions>
          <ns3:TrackPointExtension>
            <ns3:hr>95</ns3:hr>
          </ns3:TrackPointExtension>
        </extensions>
      </trkpt>
      <trkpt lat="44.1084030456840991973876953125" lon="-80.1263193972408771514892578125">
        <ele>396.79998779296875</ele>
        <time>2025-05-19T17:47:56.000Z</time>
        <extensions>
          <ns3:TrackPointExtension>
            <ns3:hr>99</ns3:hr>
          </ns3:TrackPointExtension>
        </extensions>
      </trkpt>
      <trkpt lat="44.10844973288476467132568359375" lon="-80.12632551603019237518310546875">
        <ele>396.79998779296875</ele>
        <time>2025-05-19T17:47:59.000Z</time>
        <extensions>
          <ns3:TrackPointExtension>
            <ns3:hr>96</ns3:hr>
          </ns3:TrackPointExtension>
        </extensions>
      </trkpt>
      <trkpt lat="44.1084791533648967742919921875" lon="-80.126327611505985260009765625">
        <ele>396.79998779296875</ele>
        <time>2025-05-19T17:48:02.000Z</time>
        <extensions>
          <ns3:TrackPointExtension>
            <ns3:hr>99</ns3:hr>
          </ns3:TrackPointExtension>
        </extensions>
      </trkpt>
      <trkpt lat="44.10850346088409423828125" lon="-80.12632333673536777496337890625">
        <ele>396.79998779296875</ele>
        <time>2025-05-19T17:48:04.000Z</time>
        <extensions>
          <ns3:TrackPointExtension>
            <ns3:hr>96</ns3:hr>
          </ns3:TrackPointExtension>
        </extensions>
      </trkpt>
      <trkpt lat="44.10853355191648006439208984375" lon="-80.12633188627660274505615234375">
        <ele>396.79998779296875</ele>
        <time>2025-05-19T17:48:07.000Z</time>
        <extensions>
          <ns3:TrackPointExtension>
            <ns3:hr>96</ns3:hr>
          </ns3:TrackPointExtension>
        </extensions>
      </trkpt>
      <trkpt lat="44.10862809978425502777099609375" lon="-80.12639827094972133636474609375">
        <ele>396.399993896484375</ele>
        <time>2025-05-19T17:48:19.000Z</time>
        <extensions>
          <ns3:TrackPointExtension>
            <ns3:hr>97</ns3:hr>
          </ns3:TrackPointExtension>
        </extensions>
      </trkpt>
      <trkpt lat="44.1088033653795719146728515625" lon="-80.126417465507984161376953125">
        <ele>396.20001220703125</ele>
        <time>2025-05-19T17:48:36.000Z</time>
        <extensions>
          <ns3:TrackPointExtension>
            <ns3:hr>101</ns3:hr>
          </ns3:TrackPointExtension>
        </extensions>
      </trkpt>
      <trkpt lat="44.10881417803466320037841796875" lon="-80.126412101089954376220703125">
        <ele>396.20001220703125</ele>
        <time>2025-05-19T17:48:37.000Z</time>
        <extensions>
          <ns3:TrackPointExtension>
            <ns3:hr>106</ns3:hr>
          </ns3:TrackPointExtension>
        </extensions>
      </trkpt>
      <trkpt lat="44.1088228113949298858642578125" lon="-80.126406066119670867919921875">
        <ele>396.20001220703125</ele>
        <time>2025-05-19T17:48:38.000Z</time>
        <extensions>
          <ns3:TrackPointExtension>
            <ns3:hr>107</ns3:hr>
          </ns3:TrackPointExtension>
        </extensions>
      </trkpt>
      <trkpt lat="44.10883211530745029449462890625" lon="-80.1263898052275180816650390625">
        <ele>396.20001220703125</ele>
        <time>2025-05-19T17:48:40.000Z</time>
        <extensions>
          <ns3:TrackPointExtension>
            <ns3:hr>114</ns3:hr>
          </ns3:TrackPointExtension>
        </extensions>
      </trkpt>
      <trkpt lat="44.10883940756320953369140625" lon="-80.12638092041015625">
        <ele>396</ele>
        <time>2025-05-19T17:48:41.000Z</time>
        <extensions>
          <ns3:TrackPointExtension>
            <ns3:hr>114</ns3:hr>
          </ns3:TrackPointExtension>
        </extensions>
      </trkpt>
      <trkpt lat="44.10894795320928096771240234375" lon="-80.1263163797557353973388671875">
        <ele>395.399993896484375</ele>
        <time>2025-05-19T17:48:51.000Z</time>
        <extensions>
          <ns3:TrackPointExtension>
            <ns3:hr>111</ns3:hr>
          </ns3:TrackPointExtension>
        </extensions>
      </trkpt>
      <trkpt lat="44.1089562512934207916259765625" lon="-80.12631227262318134307861328125">
        <ele>395.399993896484375</ele>
        <time>2025-05-19T17:48:52.000Z</time>
        <extensions>
          <ns3:TrackPointExtension>
            <ns3:hr>110</ns3:hr>
          </ns3:TrackPointExtension>
        </extensions>
      </trkpt>
      <trkpt lat="44.10901266150176525115966796875" lon="-80.1263136975467205047607421875">
        <ele>395.399993896484375</ele>
        <time>2025-05-19T17:49:04.000Z</time>
        <extensions>
          <ns3:TrackPointExtension>
            <ns3:hr>108</ns3:hr>
          </ns3:TrackPointExtension>
        </extensions>
      </trkpt>
      <trkpt lat="44.10904568620026111602783203125" lon="-80.1263284496963024139404296875">
        <ele>395.399993896484375</ele>
        <time>2025-05-19T17:49:09.000Z</time>
        <extensions>
          <ns3:TrackPointExtension>
            <ns3:hr>105</ns3:hr>
          </ns3:TrackPointExtension>
        </extensions>
      </trkpt>
      <trkpt lat="44.10906882025301456451416015625" lon="-80.12634538114070892333984375">
        <ele>395.399993896484375</ele>
        <time>2025-05-19T17:49:12.000Z</time>
        <extensions>
          <ns3:TrackPointExtension>
            <ns3:hr>112</ns3:hr>
          </ns3:TrackPointExtension>
        </extensions>
      </trkpt>
      <trkpt lat="44.10907703451812267303466796875" lon="-80.12634965591132640838623046875">
        <ele>395.399993896484375</ele>
        <time>2025-05-19T17:49:13.000Z</time>
        <extensions>
          <ns3:TrackPointExtension>
            <ns3:hr>112</ns3:hr>
          </ns3:TrackPointExtension>
        </extensions>
      </trkpt>
      <trkpt lat="44.10914442501962184906005859375" lon="-80.12639441527426242828369140625">
        <ele>395.399993896484375</ele>
        <time>2025-05-19T17:49:20.000Z</time>
        <extensions>
          <ns3:TrackPointExtension>
            <ns3:hr>113</ns3:hr>
          </ns3:TrackPointExtension>
        </extensions>
      </trkpt>
      <trkpt lat="44.1091554053127765655517578125" lon="-80.12640162371098995208740234375">
        <ele>395.399993896484375</ele>
        <time>2025-05-19T17:49:21.000Z</time>
        <extensions>
          <ns3:TrackPointExtension>
            <ns3:hr>109</ns3:hr>
          </ns3:TrackPointExtension>
        </extensions>
      </trkpt>
      <trkpt lat="44.10926663316786289215087890625" lon="-80.12644202448427677154541015625">
        <ele>395.20001220703125</ele>
        <time>2025-05-19T17:49:34.000Z</time>
        <extensions>
          <ns3:TrackPointExtension>
            <ns3:hr>110</ns3:hr>
          </ns3:TrackPointExtension>
        </extensions>
      </trkpt>
      <trkpt lat="44.10927099175751209259033203125" lon="-80.126440264284610748291015625">
        <ele>395.20001220703125</ele>
        <time>2025-05-19T17:49:35.000Z</time>
        <extensions>
          <ns3:TrackPointExtension>
            <ns3:hr>110</ns3:hr>
          </ns3:TrackPointExtension>
        </extensions>
      </trkpt>
      <trkpt lat="44.10926914773881435394287109375" lon="-80.1264917291700839996337890625">
        <ele>394.600006103515625</ele>
        <time>2025-05-19T17:49:47.000Z</time>
        <extensions>
          <ns3:TrackPointExtension>
            <ns3:hr>112</ns3:hr>
          </ns3:TrackPointExtension>
        </extensions>
      </trkpt>
      <trkpt lat="44.10927216522395610809326171875" lon="-80.126537494361400604248046875">
        <ele>394.600006103515625</ele>
        <time>2025-05-19T17:50:02.000Z</time>
        <extensions>
          <ns3:TrackPointExtension>
            <ns3:hr>108</ns3:hr>
          </ns3:TrackPointExtension>
        </extensions>
      </trkpt>
      <trkpt lat="44.10927266813814640045166015625" lon="-80.126536823809146881103515625">
        <ele>394.600006103515625</ele>
        <time>2025-05-19T17:50:03.000Z</time>
        <extensions>
          <ns3:TrackPointExtension>
            <ns3:hr>106</ns3:hr>
          </ns3:TrackPointExtension>
        </extensions>
      </trkpt>
      <trkpt lat="44.10927367396652698516845703125" lon="-80.12653707526624202728271484375">
        <ele>394.79998779296875</ele>
        <time>2025-05-19T17:50:05.000Z</time>
        <extensions>
          <ns3:TrackPointExtension>
            <ns3:hr>109</ns3:hr>
          </ns3:TrackPointExtension>
        </extensions>
      </trkpt>
      <trkpt lat="44.109297730028629302978515625" lon="-80.1264989376068115234375">
        <ele>394.79998779296875</ele>
        <time>2025-05-19T17:50:14.000Z</time>
        <extensions>
          <ns3:TrackPointExtension>
            <ns3:hr>105</ns3:hr>
          </ns3:TrackPointExtension>
        </extensions>
      </trkpt>
      <trkpt lat="44.1093086265027523040771484375" lon="-80.12648024596273899078369140625">
        <ele>394.79998779296875</ele>
        <time>2025-05-19T17:50:16.000Z</time>
        <extensions>
          <ns3:TrackPointExtension>
            <ns3:hr>105</ns3:hr>
          </ns3:TrackPointExtension>
        </extensions>
      </trkpt>
      <trkpt lat="44.10932765342295169830322265625" lon="-80.1262691058218479156494140625">
        <ele>394.600006103515625</ele>
        <time>2025-05-19T17:50:31.000Z</time>
        <extensions>
          <ns3:TrackPointExtension>
            <ns3:hr>104</ns3:hr>
          </ns3:TrackPointExtension>
        </extensions>
      </trkpt>
      <trkpt lat="44.109351374208927154541015625" lon="-80.12625879608094692230224609375">
        <ele>394.399993896484375</ele>
        <time>2025-05-19T17:50:33.000Z</time>
        <extensions>
          <ns3:TrackPointExtension>
            <ns3:hr>109</ns3:hr>
          </ns3:TrackPointExtension>
        </extensions>
      </trkpt>
      <trkpt lat="44.109362103044986724853515625" lon="-80.1262496598064899444580078125">
        <ele>394.399993896484375</ele>
        <time>2025-05-19T17:50:34.000Z</time>
        <extensions>
          <ns3:TrackPointExtension>
            <ns3:hr>116</ns3:hr>
          </ns3:TrackPointExtension>
        </extensions>
      </trkpt>
      <trkpt lat="44.10936855711042881011962890625" lon="-80.12624035589396953582763671875">
        <ele>394.399993896484375</ele>
        <time>2025-05-19T17:50:35.000Z</time>
        <extensions>
          <ns3:TrackPointExtension>
            <ns3:hr>119</ns3:hr>
          </ns3:TrackPointExtension>
        </extensions>
      </trkpt>
      <trkpt lat="44.10937249660491943359375" lon="-80.12623348273336887359619140625">
        <ele>394.399993896484375</ele>
        <time>2025-05-19T17:50:36.000Z</time>
        <extensions>
          <ns3:TrackPointExtension>
            <ns3:hr>123</ns3:hr>
          </ns3:TrackPointExtension>
        </extensions>
      </trkpt>
      <trkpt lat="44.109375514090061187744140625" lon="-80.126227699220180511474609375">
        <ele>394.399993896484375</ele>
        <time>2025-05-19T17:50:37.000Z</time>
        <extensions>
          <ns3:TrackPointExtension>
            <ns3:hr>122</ns3:hr>
          </ns3:TrackPointExtension>
        </extensions>
      </trkpt>
      <trkpt lat="44.1093921102583408355712890625" lon="-80.12622057460248470306396484375">
        <ele>394.20001220703125</ele>
        <time>2025-05-19T17:50:40.000Z</time>
        <extensions>
          <ns3:TrackPointExtension>
            <ns3:hr>118</ns3:hr>
          </ns3:TrackPointExtension>
        </extensions>
      </trkpt>
      <trkpt lat="44.1094169206917285919189453125" lon="-80.1262204907834529876708984375">
        <ele>394.20001220703125</ele>
        <time>2025-05-19T17:50:43.000Z</time>
        <extensions>
          <ns3:TrackPointExtension>
            <ns3:hr>114</ns3:hr>
          </ns3:TrackPointExtension>
        </extensions>
      </trkpt>
      <trkpt lat="44.10948221571743488311767578125" lon="-80.1262288726866245269775390625">
        <ele>394</ele>
        <time>2025-05-19T17:50:51.000Z</time>
        <extensions>
          <ns3:TrackPointExtension>
            <ns3:hr>111</ns3:hr>
          </ns3:TrackPointExtension>
        </extensions>
      </trkpt>
      <trkpt lat="44.10950191318988800048828125" lon="-80.1262567006051540374755859375">
        <ele>394</ele>
        <time>2025-05-19T17:50:58.000Z</time>
        <extensions>
          <ns3:TrackPointExtension>
            <ns3:hr>110</ns3:hr>
          </ns3:TrackPointExtension>
        </extensions>
      </trkpt>
      <trkpt lat="44.10953083075582981109619140625" lon="-80.12628327123820781707763671875">
        <ele>393.79998779296875</ele>
        <time>2025-05-19T17:51:03.000Z</time>
        <extensions>
          <ns3:TrackPointExtension>
            <ns3:hr>107</ns3:hr>
          </ns3:TrackPointExtension>
        </extensions>
      </trkpt>
      <trkpt lat="44.10959688015282154083251953125" lon="-80.1263261027634143829345703125">
        <ele>393.399993896484375</ele>
        <time>2025-05-19T17:51:12.000Z</time>
        <extensions>
          <ns3:TrackPointExtension>
            <ns3:hr>108</ns3:hr>
          </ns3:TrackPointExtension>
        </extensions>
      </trkpt>
      <trkpt lat="44.10962395370006561279296875" lon="-80.126345045864582061767578125">
        <ele>393.399993896484375</ele>
        <time>2025-05-19T17:51:15.000Z</time>
        <extensions>
          <ns3:TrackPointExtension>
            <ns3:hr>105</ns3:hr>
          </ns3:TrackPointExtension>
        </extensions>
      </trkpt>
      <trkpt lat="44.10975513048470020294189453125" lon="-80.1263447105884552001953125">
        <ele>393.600006103515625</ele>
        <time>2025-05-19T17:51:25.000Z</time>
        <extensions>
          <ns3:TrackPointExtension>
            <ns3:hr>104</ns3:hr>
          </ns3:TrackPointExtension>
        </extensions>
      </trkpt>
      <trkpt lat="44.10986208356916904449462890625" lon="-80.12635451741516590118408203125">
        <ele>394</ele>
        <time>2025-05-19T17:51:37.000Z</time>
        <extensions>
          <ns3:TrackPointExtension>
            <ns3:hr>107</ns3:hr>
          </ns3:TrackPointExtension>
        </extensions>
      </trkpt>
      <trkpt lat="44.10989041440188884735107421875" lon="-80.12636373750865459442138671875">
        <ele>394</ele>
        <time>2025-05-19T17:51:40.000Z</time>
        <extensions>
          <ns3:TrackPointExtension>
            <ns3:hr>110</ns3:hr>
          </ns3:TrackPointExtension>
        </extensions>
      </trkpt>
      <trkpt lat="44.10989795811474323272705078125" lon="-80.12636792846024036407470703125">
        <ele>394</ele>
        <time>2025-05-19T17:51:41.000Z</time>
        <extensions>
          <ns3:TrackPointExtension>
            <ns3:hr>112</ns3:hr>
          </ns3:TrackPointExtension>
        </extensions>
      </trkpt>
      <trkpt lat="44.10995378158986568450927734375" lon="-80.12636524625122547149658203125">
        <ele>394</ele>
        <time>2025-05-19T17:51:48.000Z</time>
        <extensions>
          <ns3:TrackPointExtension>
            <ns3:hr>115</ns3:hr>
          </ns3:TrackPointExtension>
        </extensions>
      </trkpt>
      <trkpt lat="44.110006503760814666748046875" lon="-80.1264075748622417449951171875">
        <ele>394</ele>
        <time>2025-05-19T17:51:57.000Z</time>
        <extensions>
          <ns3:TrackPointExtension>
            <ns3:hr>112</ns3:hr>
          </ns3:TrackPointExtension>
        </extensions>
      </trkpt>
      <trkpt lat="44.1100019775331020355224609375" lon="-80.12641419656574726104736328125">
        <ele>394</ele>
        <time>2025-05-19T17:51:58.000Z</time>
        <extensions>
          <ns3:TrackPointExtension>
            <ns3:hr>112</ns3:hr>
          </ns3:TrackPointExtension>
        </extensions>
      </trkpt>
      <trkpt lat="44.11000658757984638214111328125" lon="-80.1264384202659130096435546875">
        <ele>394</ele>
        <time>2025-05-19T17:52:09.000Z</time>
        <extensions>
          <ns3:TrackPointExtension>
            <ns3:hr>111</ns3:hr>
          </ns3:TrackPointExtension>
        </extensions>
      </trkpt>
      <trkpt lat="44.11003299057483673095703125" lon="-80.12647412717342376708984375">
        <ele>394</ele>
        <time>2025-05-19T17:52:15.000Z</time>
        <extensions>
          <ns3:TrackPointExtension>
            <ns3:hr>108</ns3:hr>
          </ns3:TrackPointExtension>
        </extensions>
      </trkpt>
      <trkpt lat="44.110072888433933258056640625" lon="-80.1264850236475467681884765625">
        <ele>393.79998779296875</ele>
        <time>2025-05-19T17:52:23.000Z</time>
        <extensions>
          <ns3:TrackPointExtension>
            <ns3:hr>105</ns3:hr>
          </ns3:TrackPointExtension>
        </extensions>
      </trkpt>
      <trkpt lat="44.11011270247399806976318359375" lon="-80.1265440322458744049072265625">
        <ele>394.20001220703125</ele>
        <time>2025-05-19T17:52:38.000Z</time>
        <extensions>
          <ns3:TrackPointExtension>
            <ns3:hr>105</ns3:hr>
          </ns3:TrackPointExtension>
        </extensions>
      </trkpt>
      <trkpt lat="44.11019149236381053924560546875" lon="-80.12654730118811130523681640625">
        <ele>394.79998779296875</ele>
        <time>2025-05-19T17:52:54.000Z</time>
        <extensions>
          <ns3:TrackPointExtension>
            <ns3:hr>104</ns3:hr>
          </ns3:TrackPointExtension>
        </extensions>
      </trkpt>
      <trkpt lat="44.110217057168483734130859375" lon="-80.12656087987124919891357421875">
        <ele>395.20001220703125</ele>
        <time>2025-05-19T17:53:00.000Z</time>
        <extensions>
          <ns3:TrackPointExtension>
            <ns3:hr>103</ns3:hr>
          </ns3:TrackPointExtension>
        </extensions>
      </trkpt>
      <trkpt lat="44.110222421586513519287109375" lon="-80.1265728659927845001220703125">
        <ele>395.399993896484375</ele>
        <time>2025-05-19T17:53:02.000Z</time>
        <extensions>
          <ns3:TrackPointExtension>
            <ns3:hr>106</ns3:hr>
          </ns3:TrackPointExtension>
        </extensions>
      </trkpt>
      <trkpt lat="44.11024622619152069091796875" lon="-80.1266043819487094879150390625">
        <ele>395.600006103515625</ele>
        <time>2025-05-19T17:53:07.000Z</time>
        <extensions>
          <ns3:TrackPointExtension>
            <ns3:hr>103</ns3:hr>
          </ns3:TrackPointExtension>
        </extensions>
      </trkpt>
      <trkpt lat="44.11025150679051876068115234375" lon="-80.12664184905588626861572265625">
        <ele>395.600006103515625</ele>
        <time>2025-05-19T17:53:12.000Z</time>
        <extensions>
          <ns3:TrackPointExtension>
            <ns3:hr>100</ns3:hr>
          </ns3:TrackPointExtension>
        </extensions>
      </trkpt>
      <trkpt lat="44.1102946735918521881103515625" lon="-80.1267317868769168853759765625">
        <ele>396</ele>
        <time>2025-05-19T17:53:22.000Z</time>
        <extensions>
          <ns3:TrackPointExtension>
            <ns3:hr>104</ns3:hr>
          </ns3:TrackPointExtension>
        </extensions>
      </trkpt>
      <trkpt lat="44.11029945127665996551513671875" lon="-80.12674058787524700164794921875">
        <ele>396.20001220703125</ele>
        <time>2025-05-19T17:53:24.000Z</time>
        <extensions>
          <ns3:TrackPointExtension>
            <ns3:hr>105</ns3:hr>
          </ns3:TrackPointExtension>
        </extensions>
      </trkpt>
      <trkpt lat="44.11030657589435577392578125" lon="-80.12674695812165737152099609375">
        <ele>396.399993896484375</ele>
        <time>2025-05-19T17:53:26.000Z</time>
        <extensions>
          <ns3:TrackPointExtension>
            <ns3:hr>106</ns3:hr>
          </ns3:TrackPointExtension>
        </extensions>
      </trkpt>
      <trkpt lat="44.11032409407198429107666015625" lon="-80.12675567530095577239990234375">
        <ele>396.399993896484375</ele>
        <time>2025-05-19T17:53:30.000Z</time>
        <extensions>
          <ns3:TrackPointExtension>
            <ns3:hr>102</ns3:hr>
          </ns3:TrackPointExtension>
        </extensions>
      </trkpt>
      <trkpt lat="44.1103486530482769012451171875" lon="-80.126779563724994659423828125">
        <ele>396.399993896484375</ele>
        <time>2025-05-19T17:53:34.000Z</time>
        <extensions>
          <ns3:TrackPointExtension>
            <ns3:hr>105</ns3:hr>
          </ns3:TrackPointExtension>
        </extensions>
      </trkpt>
      <trkpt lat="44.11041713319718837738037109375" lon="-80.12680412270128726959228515625">
        <ele>396.600006103515625</ele>
        <time>2025-05-19T17:53:41.000Z</time>
        <extensions>
          <ns3:TrackPointExtension>
            <ns3:hr>104</ns3:hr>
          </ns3:TrackPointExtension>
        </extensions>
      </trkpt>
      <trkpt lat="44.11044948734343051910400390625" lon="-80.126818455755710601806640625">
        <ele>396.600006103515625</ele>
        <time>2025-05-19T17:53:44.000Z</time>
        <extensions>
          <ns3:TrackPointExtension>
            <ns3:hr>109</ns3:hr>
          </ns3:TrackPointExtension>
        </extensions>
      </trkpt>
      <trkpt lat="44.11045887507498264312744140625" lon="-80.1268221437931060791015625">
        <ele>396.600006103515625</ele>
        <time>2025-05-19T17:53:45.000Z</time>
        <extensions>
          <ns3:TrackPointExtension>
            <ns3:hr>109</ns3:hr>
          </ns3:TrackPointExtension>
        </extensions>
      </trkpt>
      <trkpt lat="44.11045946180820465087890625" lon="-80.12684703804552555084228515625">
        <ele>396.79998779296875</ele>
        <time>2025-05-19T17:53:53.000Z</time>
        <extensions>
          <ns3:TrackPointExtension>
            <ns3:hr>107</ns3:hr>
          </ns3:TrackPointExtension>
        </extensions>
      </trkpt>
      <trkpt lat="44.11047798581421375274658203125" lon="-80.126874111592769622802734375">
        <ele>396.79998779296875</ele>
        <time>2025-05-19T17:53:58.000Z</time>
        <extensions>
          <ns3:TrackPointExtension>
            <ns3:hr>110</ns3:hr>
          </ns3:TrackPointExtension>
        </extensions>
      </trkpt>
      <trkpt lat="44.110488630831241607666015625" lon="-80.12688676826655864715576171875">
        <ele>396.79998779296875</ele>
        <time>2025-05-19T17:54:00.000Z</time>
        <extensions>
          <ns3:TrackPointExtension>
            <ns3:hr>107</ns3:hr>
          </ns3:TrackPointExtension>
        </extensions>
      </trkpt>
      <trkpt lat="44.11049843765795230865478515625" lon="-80.12689121067523956298828125">
        <ele>397</ele>
        <time>2025-05-19T17:54:02.000Z</time>
        <extensions>
          <ns3:TrackPointExtension>
            <ns3:hr>104</ns3:hr>
          </ns3:TrackPointExtension>
        </extensions>
      </trkpt>
      <trkpt lat="44.11051654256880283355712890625" lon="-80.1268964074552059173583984375">
        <ele>397.20001220703125</ele>
        <time>2025-05-19T17:54:08.000Z</time>
        <extensions>
          <ns3:TrackPointExtension>
            <ns3:hr>106</ns3:hr>
          </ns3:TrackPointExtension>
        </extensions>
      </trkpt>
      <trkpt lat="44.1105203144252300262451171875" lon="-80.1268987543880939483642578125">
        <ele>397.399993896484375</ele>
        <time>2025-05-19T17:54:09.000Z</time>
        <extensions>
          <ns3:TrackPointExtension>
            <ns3:hr>106</ns3:hr>
          </ns3:TrackPointExtension>
        </extensions>
      </trkpt>
      <trkpt lat="44.11057102493941783905029296875" lon="-80.12693689204752445220947265625">
        <ele>397.399993896484375</ele>
        <time>2025-05-19T17:54:25.000Z</time>
        <extensions>
          <ns3:TrackPointExtension>
            <ns3:hr>109</ns3:hr>
          </ns3:TrackPointExtension>
        </extensions>
      </trkpt>
      <trkpt lat="44.11057412624359130859375" lon="-80.12694175355136394500732421875">
        <ele>397.399993896484375</ele>
        <time>2025-05-19T17:54:26.000Z</time>
        <extensions>
          <ns3:TrackPointExtension>
            <ns3:hr>110</ns3:hr>
          </ns3:TrackPointExtension>
        </extensions>
      </trkpt>
      <trkpt lat="44.110612012445926666259765625" lon="-80.1269564218819141387939453125">
        <ele>397.20001220703125</ele>
        <time>2025-05-19T17:54:38.000Z</time>
        <extensions>
          <ns3:TrackPointExtension>
            <ns3:hr>107</ns3:hr>
          </ns3:TrackPointExtension>
        </extensions>
      </trkpt>
      <trkpt lat="44.11062500439584255218505859375" lon="-80.12695650570094585418701171875">
        <ele>397.399993896484375</ele>
        <time>2025-05-19T17:54:43.000Z</time>
        <extensions>
          <ns3:TrackPointExtension>
            <ns3:hr>109</ns3:hr>
          </ns3:TrackPointExtension>
        </extensions>
      </trkpt>
      <trkpt lat="44.11062668077647686004638671875" lon="-80.12695499695837497711181640625">
        <ele>397.600006103515625</ele>
        <time>2025-05-19T17:54:48.000Z</time>
        <extensions>
          <ns3:TrackPointExtension>
            <ns3:hr>106</ns3:hr>
          </ns3:TrackPointExtension>
        </extensions>
      </trkpt>
      <trkpt lat="44.11063606850802898406982421875" lon="-80.12696363031864166259765625">
        <ele>397.600006103515625</ele>
        <time>2025-05-19T17:54:58.000Z</time>
        <extensions>
          <ns3:TrackPointExtension>
            <ns3:hr>106</ns3:hr>
          </ns3:TrackPointExtension>
        </extensions>
      </trkpt>
      <trkpt lat="44.11066926084458827972412109375" lon="-80.12694887816905975341796875">
        <ele>397.79998779296875</ele>
        <time>2025-05-19T17:55:07.000Z</time>
        <extensions>
          <ns3:TrackPointExtension>
            <ns3:hr>110</ns3:hr>
          </ns3:TrackPointExtension>
        </extensions>
      </trkpt>
      <trkpt lat="44.11067428998649120330810546875" lon="-80.1269497163593769073486328125">
        <ele>397.79998779296875</ele>
        <time>2025-05-19T17:55:08.000Z</time>
        <extensions>
          <ns3:TrackPointExtension>
            <ns3:hr>113</ns3:hr>
          </ns3:TrackPointExtension>
        </extensions>
      </trkpt>
      <trkpt lat="44.1106825880706310272216796875" lon="-80.12695063836872577667236328125">
        <ele>397.600006103515625</ele>
        <time>2025-05-19T17:55:10.000Z</time>
        <extensions>
          <ns3:TrackPointExtension>
            <ns3:hr>116</ns3:hr>
          </ns3:TrackPointExtension>
        </extensions>
      </trkpt>
      <trkpt lat="44.1107600368559360504150390625" lon="-80.1269466988742351531982421875">
        <ele>398.20001220703125</ele>
        <time>2025-05-19T17:55:21.000Z</time>
        <extensions>
          <ns3:TrackPointExtension>
            <ns3:hr>113</ns3:hr>
          </ns3:TrackPointExtension>
        </extensions>
      </trkpt>
      <trkpt lat="44.1107721067965030670166015625" lon="-80.12694544158875942230224609375">
        <ele>398.399993896484375</ele>
        <time>2025-05-19T17:55:22.000Z</time>
        <extensions>
          <ns3:TrackPointExtension>
            <ns3:hr>114</ns3:hr>
          </ns3:TrackPointExtension>
        </extensions>
      </trkpt>
      <trkpt lat="44.11082650534808635711669921875" lon="-80.12696958146989345550537109375">
        <ele>398.79998779296875</ele>
        <time>2025-05-19T17:55:28.000Z</time>
        <extensions>
          <ns3:TrackPointExtension>
            <ns3:hr>119</ns3:hr>
          </ns3:TrackPointExtension>
        </extensions>
      </trkpt>
      <trkpt lat="44.11085701547563076019287109375" lon="-80.1269808970391750335693359375">
        <ele>399.20001220703125</ele>
        <time>2025-05-19T17:55:34.000Z</time>
        <extensions>
          <ns3:TrackPointExtension>
            <ns3:hr>116</ns3:hr>
          </ns3:TrackPointExtension>
        </extensions>
      </trkpt>
      <trkpt lat="44.1108636371791362762451171875" lon="-80.12698366306722164154052734375">
        <ele>399.20001220703125</ele>
        <time>2025-05-19T17:55:35.000Z</time>
        <extensions>
          <ns3:TrackPointExtension>
            <ns3:hr>118</ns3:hr>
          </ns3:TrackPointExtension>
        </extensions>
      </trkpt>
      <trkpt lat="44.11087143234908580780029296875" lon="-80.12698911130428314208984375">
        <ele>399.399993896484375</ele>
        <time>2025-05-19T17:55:37.000Z</time>
        <extensions>
          <ns3:TrackPointExtension>
            <ns3:hr>118</ns3:hr>
          </ns3:TrackPointExtension>
        </extensions>
      </trkpt>
      <trkpt lat="44.110927842557430267333984375" lon="-80.1269777119159698486328125">
        <ele>400.20001220703125</ele>
        <time>2025-05-19T17:55:48.000Z</time>
        <extensions>
          <ns3:TrackPointExtension>
            <ns3:hr>118</ns3:hr>
          </ns3:TrackPointExtension>
        </extensions>
      </trkpt>
      <trkpt lat="44.11095625720918178558349609375" lon="-80.12696069665253162384033203125">
        <ele>400.600006103515625</ele>
        <time>2025-05-19T17:55:53.000Z</time>
        <extensions>
          <ns3:TrackPointExtension>
            <ns3:hr>117</ns3:hr>
          </ns3:TrackPointExtension>
        </extensions>
      </trkpt>
      <trkpt lat="44.11101325415074825286865234375" lon="-80.12694351375102996826171875">
        <ele>401.600006103515625</ele>
        <time>2025-05-19T17:56:00.000Z</time>
        <extensions>
          <ns3:TrackPointExtension>
            <ns3:hr>116</ns3:hr>
          </ns3:TrackPointExtension>
        </extensions>
      </trkpt>
      <trkpt lat="44.11104284226894378662109375" lon="-80.1269356347620487213134765625">
        <ele>402</ele>
        <time>2025-05-19T17:56:04.000Z</time>
        <extensions>
          <ns3:TrackPointExtension>
            <ns3:hr>119</ns3:hr>
          </ns3:TrackPointExtension>
        </extensions>
      </trkpt>
      <trkpt lat="44.11104979924857616424560546875" lon="-80.12693253345787525177001953125">
        <ele>402.20001220703125</ele>
        <time>2025-05-19T17:56:05.000Z</time>
        <extensions>
          <ns3:TrackPointExtension>
            <ns3:hr>120</ns3:hr>
          </ns3:TrackPointExtension>
        </extensions>
      </trkpt>
      <trkpt lat="44.11106321029365062713623046875" lon="-80.12693412601947784423828125">
        <ele>402.600006103515625</ele>
        <time>2025-05-19T17:56:07.000Z</time>
        <extensions>
          <ns3:TrackPointExtension>
            <ns3:hr>121</ns3:hr>
          </ns3:TrackPointExtension>
        </extensions>
      </trkpt>
      <trkpt lat="44.11107108928263187408447265625" lon="-80.126934461295604705810546875">
        <ele>402.79998779296875</ele>
        <time>2025-05-19T17:56:08.000Z</time>
        <extensions>
          <ns3:TrackPointExtension>
            <ns3:hr>125</ns3:hr>
          </ns3:TrackPointExtension>
        </extensions>
      </trkpt>
      <trkpt lat="44.1110755316913127899169921875" lon="-80.12693680822849273681640625">
        <ele>403</ele>
        <time>2025-05-19T17:56:09.000Z</time>
        <extensions>
          <ns3:TrackPointExtension>
            <ns3:hr>125</ns3:hr>
          </ns3:TrackPointExtension>
        </extensions>
      </trkpt>
      <trkpt lat="44.11109573207795619964599609375" lon="-80.12693990953266620635986328125">
        <ele>403.79998779296875</ele>
        <time>2025-05-19T17:56:17.000Z</time>
        <extensions>
          <ns3:TrackPointExtension>
            <ns3:hr>126</ns3:hr>
          </ns3:TrackPointExtension>
        </extensions>
      </trkpt>
      <trkpt lat="44.1111030243337154388427734375" lon="-80.1269480399787425994873046875">
        <ele>403.79998779296875</ele>
        <time>2025-05-19T17:56:19.000Z</time>
        <extensions>
          <ns3:TrackPointExtension>
            <ns3:hr>123</ns3:hr>
          </ns3:TrackPointExtension>
        </extensions>
      </trkpt>
      <trkpt lat="44.11119597963988780975341796875" lon="-80.126952566206455230712890625">
        <ele>404.79998779296875</ele>
        <time>2025-05-19T17:56:32.000Z</time>
        <extensions>
          <ns3:TrackPointExtension>
            <ns3:hr>123</ns3:hr>
          </ns3:TrackPointExtension>
        </extensions>
      </trkpt>
      <trkpt lat="44.1112026013433933258056640625" lon="-80.1269508898258209228515625">
        <ele>404.79998779296875</ele>
        <time>2025-05-19T17:56:33.000Z</time>
        <extensions>
          <ns3:TrackPointExtension>
            <ns3:hr>124</ns3:hr>
          </ns3:TrackPointExtension>
        </extensions>
      </trkpt>
      <trkpt lat="44.11120989359915256500244140625" lon="-80.126949883997440338134765625">
        <ele>405</ele>
        <time>2025-05-19T17:56:34.000Z</time>
        <extensions>
          <ns3:TrackPointExtension>
            <ns3:hr>128</ns3:hr>
          </ns3:TrackPointExtension>
        </extensions>
      </trkpt>
      <trkpt lat="44.11128281615674495697021484375" lon="-80.12695021927356719970703125">
        <ele>406.20001220703125</ele>
        <time>2025-05-19T17:56:46.000Z</time>
        <extensions>
          <ns3:TrackPointExtension>
            <ns3:hr>127</ns3:hr>
          </ns3:TrackPointExtension>
        </extensions>
      </trkpt>
      <trkpt lat="44.1112991608679294586181640625" lon="-80.12695021927356719970703125">
        <ele>406.600006103515625</ele>
        <time>2025-05-19T17:56:49.000Z</time>
        <extensions>
          <ns3:TrackPointExtension>
            <ns3:hr>125</ns3:hr>
          </ns3:TrackPointExtension>
        </extensions>
      </trkpt>
      <trkpt lat="44.1113082133233547210693359375" lon="-80.12697226367890834808349609375">
        <ele>407.20001220703125</ele>
        <time>2025-05-19T17:56:55.000Z</time>
        <extensions>
          <ns3:TrackPointExtension>
            <ns3:hr>129</ns3:hr>
          </ns3:TrackPointExtension>
        </extensions>
      </trkpt>
      <trkpt lat="44.1113085485994815826416015625" lon="-80.1269651390612125396728515625">
        <ele>407.600006103515625</ele>
        <time>2025-05-19T17:56:59.000Z</time>
        <extensions>
          <ns3:TrackPointExtension>
            <ns3:hr>130</ns3:hr>
          </ns3:TrackPointExtension>
        </extensions>
      </trkpt>
      <trkpt lat="44.11135490052402019500732421875" lon="-80.12695918790996074676513671875">
        <ele>407.79998779296875</ele>
        <time>2025-05-19T17:57:07.000Z</time>
        <extensions>
          <ns3:TrackPointExtension>
            <ns3:hr>127</ns3:hr>
          </ns3:TrackPointExtension>
        </extensions>
      </trkpt>
      <trkpt lat="44.111381806433200836181640625" lon="-80.126954577863216400146484375">
        <ele>407.79998779296875</ele>
        <time>2025-05-19T17:57:12.000Z</time>
        <extensions>
          <ns3:TrackPointExtension>
            <ns3:hr>126</ns3:hr>
          </ns3:TrackPointExtension>
        </extensions>
      </trkpt>
      <trkpt lat="44.11140787415206432342529296875" lon="-80.126983411610126495361328125">
        <ele>407.399993896484375</ele>
        <time>2025-05-19T17:57:20.000Z</time>
        <extensions>
          <ns3:TrackPointExtension>
            <ns3:hr>122</ns3:hr>
          </ns3:TrackPointExtension>
        </extensions>
      </trkpt>
      <trkpt lat="44.1114118136465549468994140625" lon="-80.12699757702648639678955078125">
        <ele>407.399993896484375</ele>
        <time>2025-05-19T17:57:22.000Z</time>
        <extensions>
          <ns3:TrackPointExtension>
            <ns3:hr>118</ns3:hr>
          </ns3:TrackPointExtension>
        </extensions>
      </trkpt>
      <trkpt lat="44.11141072399914264678955078125" lon="-80.12700730003416538238525390625">
        <ele>407.399993896484375</ele>
        <time>2025-05-19T17:57:23.000Z</time>
        <extensions>
          <ns3:TrackPointExtension>
            <ns3:hr>116</ns3:hr>
          </ns3:TrackPointExtension>
        </extensions>
      </trkpt>
      <trkpt lat="44.11140066571533679962158203125" lon="-80.12704250402748584747314453125">
        <ele>407.399993896484375</ele>
        <time>2025-05-19T17:57:26.000Z</time>
        <extensions>
          <ns3:TrackPointExtension>
            <ns3:hr>113</ns3:hr>
          </ns3:TrackPointExtension>
        </extensions>
      </trkpt>
      <trkpt lat="44.11135255359113216400146484375" lon="-80.1271119900047779083251953125">
        <ele>408</ele>
        <time>2025-05-19T17:57:34.000Z</time>
        <extensions>
          <ns3:TrackPointExtension>
            <ns3:hr>112</ns3:hr>
          </ns3:TrackPointExtension>
        </extensions>
      </trkpt>
      <trkpt lat="44.1113464348018169403076171875" lon="-80.1271176896989345550537109375">
        <ele>408.20001220703125</ele>
        <time>2025-05-19T17:57:35.000Z</time>
        <extensions>
          <ns3:TrackPointExtension>
            <ns3:hr>112</ns3:hr>
          </ns3:TrackPointExtension>
        </extensions>
      </trkpt>
      <trkpt lat="44.11125876009464263916015625" lon="-80.12712146155536174774169921875">
        <ele>408.600006103515625</ele>
        <time>2025-05-19T17:57:43.000Z</time>
        <extensions>
          <ns3:TrackPointExtension>
            <ns3:hr>109</ns3:hr>
          </ns3:TrackPointExtension>
        </extensions>
      </trkpt>
      <trkpt lat="44.11122514866292476654052734375" lon="-80.1271378062665462493896484375">
        <ele>408.600006103515625</ele>
        <time>2025-05-19T17:57:46.000Z</time>
        <extensions>
          <ns3:TrackPointExtension>
            <ns3:hr>109</ns3:hr>
          </ns3:TrackPointExtension>
        </extensions>
      </trkpt>
      <trkpt lat="44.11119044758379459381103515625" lon="-80.12718851678073406219482421875">
        <ele>408.20001220703125</ele>
        <time>2025-05-19T17:57:51.000Z</time>
        <extensions>
          <ns3:TrackPointExtension>
            <ns3:hr>106</ns3:hr>
          </ns3:TrackPointExtension>
        </extensions>
      </trkpt>
      <trkpt lat="44.1111861728131771087646484375" lon="-80.12722020037472248077392578125">
        <ele>408.20001220703125</ele>
        <time>2025-05-19T17:57:53.000Z</time>
        <extensions>
          <ns3:TrackPointExtension>
            <ns3:hr>109</ns3:hr>
          </ns3:TrackPointExtension>
        </extensions>
      </trkpt>
      <trkpt lat="44.111175276339054107666015625" lon="-80.12727602384984493255615234375">
        <ele>408.399993896484375</ele>
        <time>2025-05-19T17:57:58.000Z</time>
        <extensions>
          <ns3:TrackPointExtension>
            <ns3:hr>109</ns3:hr>
          </ns3:TrackPointExtension>
        </extensions>
      </trkpt>
      <trkpt lat="44.1111741028726100921630859375" lon="-80.1272859983146190643310546875">
        <ele>408.399993896484375</ele>
        <time>2025-05-19T17:57:59.000Z</time>
        <extensions>
          <ns3:TrackPointExtension>
            <ns3:hr>113</ns3:hr>
          </ns3:TrackPointExtension>
        </extensions>
      </trkpt>
      <trkpt lat="44.11117251031100749969482421875" lon="-80.12729764916002750396728515625">
        <ele>408.399993896484375</ele>
        <time>2025-05-19T17:58:00.000Z</time>
        <extensions>
          <ns3:TrackPointExtension>
            <ns3:hr>110</ns3:hr>
          </ns3:TrackPointExtension>
        </extensions>
      </trkpt>
      <trkpt lat="44.1111754439771175384521484375" lon="-80.1273450069129467010498046875">
        <ele>408.600006103515625</ele>
        <time>2025-05-19T17:58:04.000Z</time>
        <extensions>
          <ns3:TrackPointExtension>
            <ns3:hr>107</ns3:hr>
          </ns3:TrackPointExtension>
        </extensions>
      </trkpt>
      <trkpt lat="44.1111224703490734100341796875" lon="-80.1274335198104381561279296875">
        <ele>409</ele>
        <time>2025-05-19T17:58:12.000Z</time>
        <extensions>
          <ns3:TrackPointExtension>
            <ns3:hr>106</ns3:hr>
          </ns3:TrackPointExtension>
        </extensions>
      </trkpt>
      <trkpt lat="44.11108215339481830596923828125" lon="-80.12746713124215602874755859375">
        <ele>409.20001220703125</ele>
        <time>2025-05-19T17:58:18.000Z</time>
        <extensions>
          <ns3:TrackPointExtension>
            <ns3:hr>103</ns3:hr>
          </ns3:TrackPointExtension>
        </extensions>
      </trkpt>
      <trkpt lat="44.11102515645325183868408203125" lon="-80.1274873316287994384765625">
        <ele>409.20001220703125</ele>
        <time>2025-05-19T17:58:24.000Z</time>
        <extensions>
          <ns3:TrackPointExtension>
            <ns3:hr>100</ns3:hr>
          </ns3:TrackPointExtension>
        </extensions>
      </trkpt>
      <trkpt lat="44.11100353114306926727294921875" lon="-80.12749730609357357025146484375">
        <ele>409.20001220703125</ele>
        <time>2025-05-19T17:58:26.000Z</time>
        <extensions>
          <ns3:TrackPointExtension>
            <ns3:hr>102</ns3:hr>
          </ns3:TrackPointExtension>
        </extensions>
      </trkpt>
      <trkpt lat="44.110864140093326568603515625" lon="-80.12756721116602420806884765625">
        <ele>409.20001220703125</ele>
        <time>2025-05-19T17:58:40.000Z</time>
        <extensions>
          <ns3:TrackPointExtension>
            <ns3:hr>100</ns3:hr>
          </ns3:TrackPointExtension>
        </extensions>
      </trkpt>
      <trkpt lat="44.11077152006328105926513671875" lon="-80.12760006822645664215087890625">
        <ele>408.79998779296875</ele>
        <time>2025-05-19T17:58:48.000Z</time>
        <extensions>
          <ns3:TrackPointExtension>
            <ns3:hr>104</ns3:hr>
          </ns3:TrackPointExtension>
        </extensions>
      </trkpt>
      <trkpt lat="44.1107590310275554656982421875" lon="-80.1276142336428165435791015625">
        <ele>408.79998779296875</ele>
        <time>2025-05-19T17:58:49.000Z</time>
        <extensions>
          <ns3:TrackPointExtension>
            <ns3:hr>101</ns3:hr>
          </ns3:TrackPointExtension>
        </extensions>
      </trkpt>
      <trkpt lat="44.11069147288799285888671875" lon="-80.12765857391059398651123046875">
        <ele>408.399993896484375</ele>
        <time>2025-05-19T17:58:54.000Z</time>
        <extensions>
          <ns3:TrackPointExtension>
            <ns3:hr>97</ns3:hr>
          </ns3:TrackPointExtension>
        </extensions>
      </trkpt>
      <trkpt lat="44.1106567718088626861572265625" lon="-80.12768472544848918914794921875">
        <ele>408.20001220703125</ele>
        <time>2025-05-19T17:58:57.000Z</time>
        <extensions>
          <ns3:TrackPointExtension>
            <ns3:hr>100</ns3:hr>
          </ns3:TrackPointExtension>
        </extensions>
      </trkpt>
      <trkpt lat="44.110579155385494232177734375" lon="-80.1277570612728595733642578125">
        <ele>407.600006103515625</ele>
        <time>2025-05-19T17:59:08.000Z</time>
        <extensions>
          <ns3:TrackPointExtension>
            <ns3:hr>99</ns3:hr>
          </ns3:TrackPointExtension>
        </extensions>
      </trkpt>
      <trkpt lat="44.1105276905000209808349609375" lon="-80.12783040292561054229736328125">
        <ele>407.20001220703125</ele>
        <time>2025-05-19T17:59:19.000Z</time>
        <extensions>
          <ns3:TrackPointExtension>
            <ns3:hr>100</ns3:hr>
          </ns3:TrackPointExtension>
        </extensions>
      </trkpt>
      <trkpt lat="44.11052173934876918792724609375" lon="-80.12784314341843128204345703125">
        <ele>407.20001220703125</ele>
        <time>2025-05-19T17:59:23.000Z</time>
        <extensions>
          <ns3:TrackPointExtension>
            <ns3:hr>96</ns3:hr>
          </ns3:TrackPointExtension>
        </extensions>
      </trkpt>
      <trkpt lat="44.1105209849774837493896484375" lon="-80.12785001657903194427490234375">
        <ele>407.20001220703125</ele>
        <time>2025-05-19T17:59:24.000Z</time>
        <extensions>
          <ns3:TrackPointExtension>
            <ns3:hr>97</ns3:hr>
          </ns3:TrackPointExtension>
        </extensions>
      </trkpt>
      <trkpt lat="44.1105260141193866729736328125" lon="-80.12787516228854656219482421875">
        <ele>407.399993896484375</ele>
        <time>2025-05-19T17:59:26.000Z</time>
        <extensions>
          <ns3:TrackPointExtension>
            <ns3:hr>101</ns3:hr>
          </ns3:TrackPointExtension>
        </extensions>
      </trkpt>
      <trkpt lat="44.11053297109901905059814453125" lon="-80.1278915069997310638427734375">
        <ele>407.399993896484375</ele>
        <time>2025-05-19T17:59:28.000Z</time>
        <extensions>
          <ns3:TrackPointExtension>
            <ns3:hr>108</ns3:hr>
          </ns3:TrackPointExtension>
        </extensions>
      </trkpt>
      <trkpt lat="44.110535569489002227783203125" lon="-80.12791656889021396636962890625">
        <ele>407.79998779296875</ele>
        <time>2025-05-19T17:59:30.000Z</time>
        <extensions>
          <ns3:TrackPointExtension>
            <ns3:hr>111</ns3:hr>
          </ns3:TrackPointExtension>
        </extensions>
      </trkpt>
      <trkpt lat="44.11053179763257503509521484375" lon="-80.12795981951057910919189453125">
        <ele>408.20001220703125</ele>
        <time>2025-05-19T17:59:34.000Z</time>
        <extensions>
          <ns3:TrackPointExtension>
            <ns3:hr>111</ns3:hr>
          </ns3:TrackPointExtension>
        </extensions>
      </trkpt>
      <trkpt lat="44.11052760668098926544189453125" lon="-80.12799669988453388214111328125">
        <ele>408.600006103515625</ele>
        <time>2025-05-19T17:59:36.000Z</time>
        <extensions>
          <ns3:TrackPointExtension>
            <ns3:hr>110</ns3:hr>
          </ns3:TrackPointExtension>
        </extensions>
      </trkpt>
      <trkpt lat="44.11051453091204166412353515625" lon="-80.12803944759070873260498046875">
        <ele>409.399993896484375</ele>
        <time>2025-05-19T17:59:39.000Z</time>
        <extensions>
          <ns3:TrackPointExtension>
            <ns3:hr>110</ns3:hr>
          </ns3:TrackPointExtension>
        </extensions>
      </trkpt>
      <trkpt lat="44.1104904748499393463134765625" lon="-80.1280889846384525299072265625">
        <ele>410.399993896484375</ele>
        <time>2025-05-19T17:59:43.000Z</time>
        <extensions>
          <ns3:TrackPointExtension>
            <ns3:hr>110</ns3:hr>
          </ns3:TrackPointExtension>
        </extensions>
      </trkpt>
      <trkpt lat="44.11047957837581634521484375" lon="-80.12813835404813289642333984375">
        <ele>411.600006103515625</ele>
        <time>2025-05-19T17:59:48.000Z</time>
        <extensions>
          <ns3:TrackPointExtension>
            <ns3:hr>110</ns3:hr>
          </ns3:TrackPointExtension>
        </extensions>
      </trkpt>
      <trkpt lat="44.1104867868125438690185546875" lon="-80.1281610690057277679443359375">
        <ele>411.600006103515625</ele>
        <time>2025-05-19T17:59:50.000Z</time>
        <extensions>
          <ns3:TrackPointExtension>
            <ns3:hr>111</ns3:hr>
          </ns3:TrackPointExtension>
        </extensions>
      </trkpt>
      <trkpt lat="44.1104757227003574371337890625" lon="-80.12821228243410587310791015625">
        <ele>412.600006103515625</ele>
        <time>2025-05-19T17:59:54.000Z</time>
        <extensions>
          <ns3:TrackPointExtension>
            <ns3:hr>109</ns3:hr>
          </ns3:TrackPointExtension>
        </extensions>
      </trkpt>
      <trkpt lat="44.11045141518115997314453125" lon="-80.128311105072498321533203125">
        <ele>413.600006103515625</ele>
        <time>2025-05-19T18:00:04.000Z</time>
        <extensions>
          <ns3:TrackPointExtension>
            <ns3:hr>108</ns3:hr>
          </ns3:TrackPointExtension>
        </extensions>
      </trkpt>
      <trkpt lat="44.11045619286596775054931640625" lon="-80.1283488236367702484130859375">
        <ele>414.79998779296875</ele>
        <time>2025-05-19T18:00:08.000Z</time>
        <extensions>
          <ns3:TrackPointExtension>
            <ns3:hr>107</ns3:hr>
          </ns3:TrackPointExtension>
        </extensions>
      </trkpt>
      <trkpt lat="44.110458791255950927734375" lon="-80.12835703790187835693359375">
        <ele>415</ele>
        <time>2025-05-19T18:00:09.000Z</time>
        <extensions>
          <ns3:TrackPointExtension>
            <ns3:hr>110</ns3:hr>
          </ns3:TrackPointExtension>
        </extensions>
      </trkpt>
      <trkpt lat="44.1104601323604583740234375" lon="-80.128364749252796173095703125">
        <ele>415</ele>
        <time>2025-05-19T18:00:10.000Z</time>
        <extensions>
          <ns3:TrackPointExtension>
            <ns3:hr>107</ns3:hr>
          </ns3:TrackPointExtension>
        </extensions>
      </trkpt>
      <trkpt lat="44.11047144792973995208740234375" lon="-80.128376819193363189697265625">
        <ele>415.399993896484375</ele>
        <time>2025-05-19T18:00:12.000Z</time>
        <extensions>
          <ns3:TrackPointExtension>
            <ns3:hr>104</ns3:hr>
          </ns3:TrackPointExtension>
        </extensions>
      </trkpt>
      <trkpt lat="44.11049433052539825439453125" lon="-80.12840607203543186187744140625">
        <ele>415.79998779296875</ele>
        <time>2025-05-19T18:00:15.000Z</time>
        <extensions>
          <ns3:TrackPointExtension>
            <ns3:hr>102</ns3:hr>
          </ns3:TrackPointExtension>
        </extensions>
      </trkpt>
      <trkpt lat="44.11055811680853366851806640625" lon="-80.1284648291766643524169921875">
        <ele>416.399993896484375</ele>
        <time>2025-05-19T18:00:21.000Z</time>
        <extensions>
          <ns3:TrackPointExtension>
            <ns3:hr>99</ns3:hr>
          </ns3:TrackPointExtension>
        </extensions>
      </trkpt>
      <trkpt lat="44.1105736233294010162353515625" lon="-80.1284732110798358917236328125">
        <ele>416.399993896484375</ele>
        <time>2025-05-19T18:00:22.000Z</time>
        <extensions>
          <ns3:TrackPointExtension>
            <ns3:hr>102</ns3:hr>
          </ns3:TrackPointExtension>
        </extensions>
      </trkpt>
      <trkpt lat="44.11058778874576091766357421875" lon="-80.12850187718868255615234375">
        <ele>416.79998779296875</ele>
        <time>2025-05-19T18:00:24.000Z</time>
        <extensions>
          <ns3:TrackPointExtension>
            <ns3:hr>105</ns3:hr>
          </ns3:TrackPointExtension>
        </extensions>
      </trkpt>
      <trkpt lat="44.11059181205928325653076171875" lon="-80.128518976271152496337890625">
        <ele>417</ele>
        <time>2025-05-19T18:00:25.000Z</time>
        <extensions>
          <ns3:TrackPointExtension>
            <ns3:hr>106</ns3:hr>
          </ns3:TrackPointExtension>
        </extensions>
      </trkpt>
      <trkpt lat="44.11061746068298816680908203125" lon="-80.12857823632657527923583984375">
        <ele>417.399993896484375</ele>
        <time>2025-05-19T18:00:28.000Z</time>
        <extensions>
          <ns3:TrackPointExtension>
            <ns3:hr>102</ns3:hr>
          </ns3:TrackPointExtension>
        </extensions>
      </trkpt>
      <trkpt lat="44.11063271574676036834716796875" lon="-80.12864981777966022491455078125">
        <ele>417.79998779296875</ele>
        <time>2025-05-19T18:00:33.000Z</time>
        <extensions>
          <ns3:TrackPointExtension>
            <ns3:hr>101</ns3:hr>
          </ns3:TrackPointExtension>
        </extensions>
      </trkpt>
      <trkpt lat="44.110646545886993408203125" lon="-80.12872458435595035552978515625">
        <ele>418</ele>
        <time>2025-05-19T18:00:40.000Z</time>
        <extensions>
          <ns3:TrackPointExtension>
            <ns3:hr>105</ns3:hr>
          </ns3:TrackPointExtension>
        </extensions>
      </trkpt>
      <trkpt lat="44.11065769381821155548095703125" lon="-80.128732882440090179443359375">
        <ele>418</ele>
        <time>2025-05-19T18:00:41.000Z</time>
        <extensions>
          <ns3:TrackPointExtension>
            <ns3:hr>104</ns3:hr>
          </ns3:TrackPointExtension>
        </extensions>
      </trkpt>
      <trkpt lat="44.1106886230409145355224609375" lon="-80.12883958406746387481689453125">
        <ele>418.399993896484375</ele>
        <time>2025-05-19T18:00:49.000Z</time>
        <extensions>
          <ns3:TrackPointExtension>
            <ns3:hr>106</ns3:hr>
          </ns3:TrackPointExtension>
        </extensions>
      </trkpt>
      <trkpt lat="44.11070890724658966064453125" lon="-80.1289781369268894195556640625">
        <ele>418.600006103515625</ele>
        <time>2025-05-19T18:00:58.000Z</time>
        <extensions>
          <ns3:TrackPointExtension>
            <ns3:hr>103</ns3:hr>
          </ns3:TrackPointExtension>
        </extensions>
      </trkpt>
      <trkpt lat="44.11073044873774051666259765625" lon="-80.12907679192721843719482421875">
        <ele>419</ele>
        <time>2025-05-19T18:01:05.000Z</time>
        <extensions>
          <ns3:TrackPointExtension>
            <ns3:hr>100</ns3:hr>
          </ns3:TrackPointExtension>
        </extensions>
      </trkpt>
      <trkpt lat="44.11073296330869197845458984375" lon="-80.12909070588648319244384765625">
        <ele>419</ele>
        <time>2025-05-19T18:01:06.000Z</time>
        <extensions>
          <ns3:TrackPointExtension>
            <ns3:hr>102</ns3:hr>
          </ns3:TrackPointExtension>
        </extensions>
      </trkpt>
      <trkpt lat="44.110705889761447906494140625" lon="-80.12929740361869335174560546875">
        <ele>419.600006103515625</ele>
        <time>2025-05-19T18:01:19.000Z</time>
        <extensions>
          <ns3:TrackPointExtension>
            <ns3:hr>102</ns3:hr>
          </ns3:TrackPointExtension>
        </extensions>
      </trkpt>
      <trkpt lat="44.1107057221233844757080078125" lon="-80.1293144188821315765380859375">
        <ele>419.600006103515625</ele>
        <time>2025-05-19T18:01:20.000Z</time>
        <extensions>
          <ns3:TrackPointExtension>
            <ns3:hr>99</ns3:hr>
          </ns3:TrackPointExtension>
        </extensions>
      </trkpt>
      <trkpt lat="44.110706560313701629638671875" lon="-80.12937317602336406707763671875">
        <ele>419.79998779296875</ele>
        <time>2025-05-19T18:01:23.000Z</time>
        <extensions>
          <ns3:TrackPointExtension>
            <ns3:hr>96</ns3:hr>
          </ns3:TrackPointExtension>
        </extensions>
      </trkpt>
      <trkpt lat="44.11070882342755794525146484375" lon="-80.12942631728947162628173828125">
        <ele>420</ele>
        <time>2025-05-19T18:01:27.000Z</time>
        <extensions>
          <ns3:TrackPointExtension>
            <ns3:hr>98</ns3:hr>
          </ns3:TrackPointExtension>
        </extensions>
      </trkpt>
      <trkpt lat="44.110726676881313323974609375" lon="-80.12950980104506015777587890625">
        <ele>421</ele>
        <time>2025-05-19T18:01:33.000Z</time>
        <extensions>
          <ns3:TrackPointExtension>
            <ns3:hr>95</ns3:hr>
          </ns3:TrackPointExtension>
        </extensions>
      </trkpt>
      <trkpt lat="44.11072139628231525421142578125" lon="-80.12954785488545894622802734375">
        <ele>421.20001220703125</ele>
        <time>2025-05-19T18:01:35.000Z</time>
        <extensions>
          <ns3:TrackPointExtension>
            <ns3:hr>96</ns3:hr>
          </ns3:TrackPointExtension>
        </extensions>
      </trkpt>
      <trkpt lat="44.11072726361453533172607421875" lon="-80.12958012521266937255859375">
        <ele>421.20001220703125</ele>
        <time>2025-05-19T18:01:37.000Z</time>
        <extensions>
          <ns3:TrackPointExtension>
            <ns3:hr>99</ns3:hr>
          </ns3:TrackPointExtension>
        </extensions>
      </trkpt>
      <trkpt lat="44.11075375042855739593505859375" lon="-80.12973837554454803466796875">
        <ele>421.79998779296875</ele>
        <time>2025-05-19T18:01:47.000Z</time>
        <extensions>
          <ns3:TrackPointExtension>
            <ns3:hr>102</ns3:hr>
          </ns3:TrackPointExtension>
        </extensions>
      </trkpt>
      <trkpt lat="44.1107660718262195587158203125" lon="-80.12982378713786602020263671875">
        <ele>422.20001220703125</ele>
        <time>2025-05-19T18:01:52.000Z</time>
        <extensions>
          <ns3:TrackPointExtension>
            <ns3:hr>101</ns3:hr>
          </ns3:TrackPointExtension>
        </extensions>
      </trkpt>
      <trkpt lat="44.1107580251991748809814453125" lon="-80.12988598085939884185791015625">
        <ele>422.79998779296875</ele>
        <time>2025-05-19T18:01:56.000Z</time>
        <extensions>
          <ns3:TrackPointExtension>
            <ns3:hr>98</ns3:hr>
          </ns3:TrackPointExtension>
        </extensions>
      </trkpt>
      <trkpt lat="44.11075760610401630401611328125" lon="-80.12990207411348819732666015625">
        <ele>422.79998779296875</ele>
        <time>2025-05-19T18:01:57.000Z</time>
        <extensions>
          <ns3:TrackPointExtension>
            <ns3:hr>102</ns3:hr>
          </ns3:TrackPointExtension>
        </extensions>
      </trkpt>
      <trkpt lat="44.11075945012271404266357421875" lon="-80.12993174605071544647216796875">
        <ele>423</ele>
        <time>2025-05-19T18:01:59.000Z</time>
        <extensions>
          <ns3:TrackPointExtension>
            <ns3:hr>105</ns3:hr>
          </ns3:TrackPointExtension>
        </extensions>
      </trkpt>
      <trkpt lat="44.1107647307217121124267578125" lon="-80.129964016377925872802734375">
        <ele>423.20001220703125</ele>
        <time>2025-05-19T18:02:01.000Z</time>
        <extensions>
          <ns3:TrackPointExtension>
            <ns3:hr>108</ns3:hr>
          </ns3:TrackPointExtension>
        </extensions>
      </trkpt>
      <trkpt lat="44.11077470518648624420166015625" lon="-80.1300215162336826324462890625">
        <ele>423.600006103515625</ele>
        <time>2025-05-19T18:02:05.000Z</time>
        <extensions>
          <ns3:TrackPointExtension>
            <ns3:hr>113</ns3:hr>
          </ns3:TrackPointExtension>
        </extensions>
      </trkpt>
      <trkpt lat="44.11077906377613544464111328125" lon="-80.1300459913909435272216796875">
        <ele>423.79998779296875</ele>
        <time>2025-05-19T18:02:07.000Z</time>
        <extensions>
          <ns3:TrackPointExtension>
            <ns3:hr>115</ns3:hr>
          </ns3:TrackPointExtension>
        </extensions>
      </trkpt>
      <trkpt lat="44.11078359000384807586669921875" lon="-80.13005931861698627471923828125">
        <ele>423.79998779296875</ele>
        <time>2025-05-19T18:02:08.000Z</time>
        <extensions>
          <ns3:TrackPointExtension>
            <ns3:hr>118</ns3:hr>
          </ns3:TrackPointExtension>
        </extensions>
      </trkpt>
      <trkpt lat="44.1107865236699581146240234375" lon="-80.1300731487572193145751953125">
        <ele>424</ele>
        <time>2025-05-19T18:02:09.000Z</time>
        <extensions>
          <ns3:TrackPointExtension>
            <ns3:hr>123</ns3:hr>
          </ns3:TrackPointExtension>
        </extensions>
      </trkpt>
      <trkpt lat="44.110789038240909576416015625" lon="-80.13009913265705108642578125">
        <ele>424.20001220703125</ele>
        <time>2025-05-19T18:02:11.000Z</time>
        <extensions>
          <ns3:TrackPointExtension>
            <ns3:hr>126</ns3:hr>
          </ns3:TrackPointExtension>
        </extensions>
      </trkpt>
      <trkpt lat="44.1107922233641147613525390625" lon="-80.13012327253818511962890625">
        <ele>424.399993896484375</ele>
        <time>2025-05-19T18:02:13.000Z</time>
        <extensions>
          <ns3:TrackPointExtension>
            <ns3:hr>126</ns3:hr>
          </ns3:TrackPointExtension>
        </extensions>
      </trkpt>
      <trkpt lat="44.1108086518943309783935546875" lon="-80.13018303550779819488525390625">
        <ele>425.399993896484375</ele>
        <time>2025-05-19T18:02:17.000Z</time>
        <extensions>
          <ns3:TrackPointExtension>
            <ns3:hr>125</ns3:hr>
          </ns3:TrackPointExtension>
        </extensions>
      </trkpt>
      <trkpt lat="44.11080806516110897064208984375" lon="-80.130247659981250762939453125">
        <ele>426.399993896484375</ele>
        <time>2025-05-19T18:02:22.000Z</time>
        <extensions>
          <ns3:TrackPointExtension>
            <ns3:hr>123</ns3:hr>
          </ns3:TrackPointExtension>
        </extensions>
      </trkpt>
      <trkpt lat="44.110818207263946533203125" lon="-80.1302682794630527496337890625">
        <ele>427</ele>
        <time>2025-05-19T18:02:24.000Z</time>
        <extensions>
          <ns3:TrackPointExtension>
            <ns3:hr>121</ns3:hr>
          </ns3:TrackPointExtension>
        </extensions>
      </trkpt>
      <trkpt lat="44.11083438433706760406494140625" lon="-80.13031278736889362335205078125">
        <ele>427.79998779296875</ele>
        <time>2025-05-19T18:02:27.000Z</time>
        <extensions>
          <ns3:TrackPointExtension>
            <ns3:hr>123</ns3:hr>
          </ns3:TrackPointExtension>
        </extensions>
      </trkpt>
      <trkpt lat="44.11086321808397769927978515625" lon="-80.1303708739578723907470703125">
        <ele>428.79998779296875</ele>
        <time>2025-05-19T18:02:32.000Z</time>
        <extensions>
          <ns3:TrackPointExtension>
            <ns3:hr>121</ns3:hr>
          </ns3:TrackPointExtension>
        </extensions>
      </trkpt>
      <trkpt lat="44.11089372821152210235595703125" lon="-80.1304256916046142578125">
        <ele>429.79998779296875</ele>
        <time>2025-05-19T18:02:36.000Z</time>
        <extensions>
          <ns3:TrackPointExtension>
            <ns3:hr>121</ns3:hr>
          </ns3:TrackPointExtension>
        </extensions>
      </trkpt>
      <trkpt lat="44.1109296865761280059814453125" lon="-80.13046802021563053131103515625">
        <ele>431</ele>
        <time>2025-05-19T18:02:40.000Z</time>
        <extensions>
          <ns3:TrackPointExtension>
            <ns3:hr>123</ns3:hr>
          </ns3:TrackPointExtension>
        </extensions>
      </trkpt>
      <trkpt lat="44.11093915812671184539794921875" lon="-80.1304805092513561248779296875">
        <ele>431</ele>
        <time>2025-05-19T18:02:41.000Z</time>
        <extensions>
          <ns3:TrackPointExtension>
            <ns3:hr>122</ns3:hr>
          </ns3:TrackPointExtension>
        </extensions>
      </trkpt>
      <trkpt lat="44.110987186431884765625" lon="-80.130539350211620330810546875">
        <ele>432</ele>
        <time>2025-05-19T18:02:46.000Z</time>
        <extensions>
          <ns3:TrackPointExtension>
            <ns3:hr>123</ns3:hr>
          </ns3:TrackPointExtension>
        </extensions>
      </trkpt>
      <trkpt lat="44.11102482117712497711181640625" lon="-80.1305911503732204437255859375">
        <ele>433</ele>
        <time>2025-05-19T18:02:51.000Z</time>
        <extensions>
          <ns3:TrackPointExtension>
            <ns3:hr>120</ns3:hr>
          </ns3:TrackPointExtension>
        </extensions>
      </trkpt>
      <trkpt lat="44.111049883067607879638671875" lon="-80.1306558586657047271728515625">
        <ele>434.20001220703125</ele>
        <time>2025-05-19T18:02:56.000Z</time>
        <extensions>
          <ns3:TrackPointExtension>
            <ns3:hr>122</ns3:hr>
          </ns3:TrackPointExtension>
        </extensions>
      </trkpt>
      <trkpt lat="44.11105432547628879547119140625" lon="-80.1306669227778911590576171875">
        <ele>434.399993896484375</ele>
        <time>2025-05-19T18:02:57.000Z</time>
        <extensions>
          <ns3:TrackPointExtension>
            <ns3:hr>121</ns3:hr>
          </ns3:TrackPointExtension>
        </extensions>
      </trkpt>
      <trkpt lat="44.11109120585024356842041015625" lon="-80.13071469962596893310546875">
        <ele>435.399993896484375</ele>
        <time>2025-05-19T18:03:04.000Z</time>
        <extensions>
          <ns3:TrackPointExtension>
            <ns3:hr>122</ns3:hr>
          </ns3:TrackPointExtension>
        </extensions>
      </trkpt>
      <trkpt lat="44.11114585585892200469970703125" lon="-80.13077010400593280792236328125">
        <ele>436.20001220703125</ele>
        <time>2025-05-19T18:03:12.000Z</time>
        <extensions>
          <ns3:TrackPointExtension>
            <ns3:hr>119</ns3:hr>
          </ns3:TrackPointExtension>
        </extensions>
      </trkpt>
      <trkpt lat="44.1111466102302074432373046875" lon="-80.13077563606202602386474609375">
        <ele>436.399993896484375</ele>
        <time>2025-05-19T18:03:13.000Z</time>
        <extensions>
          <ns3:TrackPointExtension>
            <ns3:hr>120</ns3:hr>
          </ns3:TrackPointExtension>
        </extensions>
      </trkpt>
      <trkpt lat="44.11114753223955631256103515625" lon="-80.13081637211143970489501953125">
        <ele>437.399993896484375</ele>
        <time>2025-05-19T18:03:21.000Z</time>
        <extensions>
          <ns3:TrackPointExtension>
            <ns3:hr>120</ns3:hr>
          </ns3:TrackPointExtension>
        </extensions>
      </trkpt>
      <trkpt lat="44.111151136457920074462890625" lon="-80.13082173652946949005126953125">
        <ele>437.399993896484375</ele>
        <time>2025-05-19T18:03:24.000Z</time>
        <extensions>
          <ns3:TrackPointExtension>
            <ns3:hr>118</ns3:hr>
          </ns3:TrackPointExtension>
        </extensions>
      </trkpt>
      <trkpt lat="44.1111798025667667388916015625" lon="-80.1308456249535083770751953125">
        <ele>437.79998779296875</ele>
        <time>2025-05-19T18:03:39.000Z</time>
        <extensions>
          <ns3:TrackPointExtension>
            <ns3:hr>117</ns3:hr>
          </ns3:TrackPointExtension>
        </extensions>
      </trkpt>
      <trkpt lat="44.1111777909100055694580078125" lon="-80.1308345608413219451904296875">
        <ele>437.600006103515625</ele>
        <time>2025-05-19T18:03:57.000Z</time>
        <extensions>
          <ns3:TrackPointExtension>
            <ns3:hr>114</ns3:hr>
          </ns3:TrackPointExtension>
        </extensions>
      </trkpt>
      <trkpt lat="44.1111771203577518463134765625" lon="-80.13083162717521190643310546875">
        <ele>437.600006103515625</ele>
        <time>2025-05-19T18:04:00.000Z</time>
        <extensions>
          <ns3:TrackPointExtension>
            <ns3:hr>115</ns3:hr>
          </ns3:TrackPointExtension>
        </extensions>
      </trkpt>
      <trkpt lat="44.11117804236710071563720703125" lon="-80.13082911260426044464111328125">
        <ele>437.600006103515625</ele>
        <time>2025-05-19T18:04:02.000Z</time>
        <extensions>
          <ns3:TrackPointExtension>
            <ns3:hr>119</ns3:hr>
          </ns3:TrackPointExtension>
        </extensions>
      </trkpt>
      <trkpt lat="44.11117753945291042327880859375" lon="-80.13082760386168956756591796875">
        <ele>437.600006103515625</ele>
        <time>2025-05-19T18:04:04.000Z</time>
        <extensions>
          <ns3:TrackPointExtension>
            <ns3:hr>122</ns3:hr>
          </ns3:TrackPointExtension>
        </extensions>
      </trkpt>
      <trkpt lat="44.11118365824222564697265625" lon="-80.13082467019557952880859375">
        <ele>437.600006103515625</ele>
        <time>2025-05-19T18:04:07.000Z</time>
        <extensions>
          <ns3:TrackPointExtension>
            <ns3:hr>125</ns3:hr>
          </ns3:TrackPointExtension>
        </extensions>
      </trkpt>
      <trkpt lat="44.11117401905357837677001953125" lon="-80.130814276635646820068359375">
        <ele>437.600006103515625</ele>
        <time>2025-05-19T18:04:19.000Z</time>
        <extensions>
          <ns3:TrackPointExtension>
            <ns3:hr>124</ns3:hr>
          </ns3:TrackPointExtension>
        </extensions>
      </trkpt>
      <trkpt lat="44.1111670620739459991455078125" lon="-80.1308137737214565277099609375">
        <ele>437.600006103515625</ele>
        <time>2025-05-19T18:04:21.000Z</time>
        <extensions>
          <ns3:TrackPointExtension>
            <ns3:hr>121</ns3:hr>
          </ns3:TrackPointExtension>
        </extensions>
      </trkpt>
      <trkpt lat="44.1111735999584197998046875" lon="-80.13080723583698272705078125">
        <ele>437.79998779296875</ele>
        <time>2025-05-19T18:04:25.000Z</time>
        <extensions>
          <ns3:TrackPointExtension>
            <ns3:hr>118</ns3:hr>
          </ns3:TrackPointExtension>
        </extensions>
      </trkpt>
      <trkpt lat="44.11117854528129100799560546875" lon="-80.13080279342830181121826171875">
        <ele>437.79998779296875</ele>
        <time>2025-05-19T18:04:27.000Z</time>
        <extensions>
          <ns3:TrackPointExtension>
            <ns3:hr>115</ns3:hr>
          </ns3:TrackPointExtension>
        </extensions>
      </trkpt>
      <trkpt lat="44.1111789643764495849609375" lon="-80.1308023743331432342529296875">
        <ele>437.79998779296875</ele>
        <time>2025-05-19T18:04:29.000Z</time>
        <extensions>
          <ns3:TrackPointExtension>
            <ns3:hr>112</ns3:hr>
          </ns3:TrackPointExtension>
        </extensions>
      </trkpt>
      <trkpt lat="44.11118256859481334686279296875" lon="-80.13081553392112255096435546875">
        <ele>438</ele>
        <time>2025-05-19T18:04:34.000Z</time>
        <extensions>
          <ns3:TrackPointExtension>
            <ns3:hr>111</ns3:hr>
          </ns3:TrackPointExtension>
        </extensions>
      </trkpt>
      <trkpt lat="44.1111824847757816314697265625" lon="-80.13081570155918598175048828125">
        <ele>438</ele>
        <time>2025-05-19T18:04:37.000Z</time>
        <extensions>
          <ns3:TrackPointExtension>
            <ns3:hr>108</ns3:hr>
          </ns3:TrackPointExtension>
        </extensions>
      </trkpt>
      <trkpt lat="44.1111942194402217864990234375" lon="-80.130803547799587249755859375">
        <ele>437.79998779296875</ele>
        <time>2025-05-19T18:04:55.000Z</time>
        <extensions>
          <ns3:TrackPointExtension>
            <ns3:hr>108</ns3:hr>
          </ns3:TrackPointExtension>
        </extensions>
      </trkpt>
      <trkpt lat="44.1111888550221920013427734375" lon="-80.1308010332286357879638671875">
        <ele>437.79998779296875</ele>
        <time>2025-05-19T18:05:05.000Z</time>
        <extensions>
          <ns3:TrackPointExtension>
            <ns3:hr>111</ns3:hr>
          </ns3:TrackPointExtension>
        </extensions>
      </trkpt>
      <trkpt lat="44.11120721139013767242431640625" lon="-80.13081519864499568939208984375">
        <ele>438</ele>
        <time>2025-05-19T18:05:12.000Z</time>
        <extensions>
          <ns3:TrackPointExtension>
            <ns3:hr>110</ns3:hr>
          </ns3:TrackPointExtension>
        </extensions>
      </trkpt>
      <trkpt lat="44.11126588471233844757080078125" lon="-80.130865909159183502197265625">
        <ele>438.399993896484375</ele>
        <time>2025-05-19T18:05:22.000Z</time>
        <extensions>
          <ns3:TrackPointExtension>
            <ns3:hr>111</ns3:hr>
          </ns3:TrackPointExtension>
        </extensions>
      </trkpt>
      <trkpt lat="44.1112753562629222869873046875" lon="-80.1308667473495006561279296875">
        <ele>438.600006103515625</ele>
        <time>2025-05-19T18:05:23.000Z</time>
        <extensions>
          <ns3:TrackPointExtension>
            <ns3:hr>108</ns3:hr>
          </ns3:TrackPointExtension>
        </extensions>
      </trkpt>
      <trkpt lat="44.11127912811934947967529296875" lon="-80.130871273577213287353515625">
        <ele>438.79998779296875</ele>
        <time>2025-05-19T18:05:25.000Z</time>
        <extensions>
          <ns3:TrackPointExtension>
            <ns3:hr>111</ns3:hr>
          </ns3:TrackPointExtension>
        </extensions>
      </trkpt>
      <trkpt lat="44.11128751002252101898193359375" lon="-80.13087403960525989532470703125">
        <ele>439</ele>
        <time>2025-05-19T18:05:26.000Z</time>
        <extensions>
          <ns3:TrackPointExtension>
            <ns3:hr>109</ns3:hr>
          </ns3:TrackPointExtension>
        </extensions>
      </trkpt>
      <trkpt lat="44.1113035194575786590576171875" lon="-80.1308763027191162109375">
        <ele>439.600006103515625</ele>
        <time>2025-05-19T18:05:28.000Z</time>
        <extensions>
          <ns3:TrackPointExtension>
            <ns3:hr>108</ns3:hr>
          </ns3:TrackPointExtension>
        </extensions>
      </trkpt>
      <trkpt lat="44.11133897490799427032470703125" lon="-80.1308959163725376129150390625">
        <ele>440.79998779296875</ele>
        <time>2025-05-19T18:05:33.000Z</time>
        <extensions>
          <ns3:TrackPointExtension>
            <ns3:hr>110</ns3:hr>
          </ns3:TrackPointExtension>
        </extensions>
      </trkpt>
      <trkpt lat="44.1113692335784435272216796875" lon="-80.130912177264690399169921875">
        <ele>441.79998779296875</ele>
        <time>2025-05-19T18:05:37.000Z</time>
        <extensions>
          <ns3:TrackPointExtension>
            <ns3:hr>111</ns3:hr>
          </ns3:TrackPointExtension>
        </extensions>
      </trkpt>
      <trkpt lat="44.1114004142582416534423828125" lon="-80.130917541682720184326171875">
        <ele>442.79998779296875</ele>
        <time>2025-05-19T18:05:40.000Z</time>
        <extensions>
          <ns3:TrackPointExtension>
            <ns3:hr>111</ns3:hr>
          </ns3:TrackPointExtension>
        </extensions>
      </trkpt>
      <trkpt lat="44.11141240037977695465087890625" lon="-80.13092298991978168487548828125">
        <ele>443</ele>
        <time>2025-05-19T18:05:41.000Z</time>
        <extensions>
          <ns3:TrackPointExtension>
            <ns3:hr>110</ns3:hr>
          </ns3:TrackPointExtension>
        </extensions>
      </trkpt>
      <trkpt lat="44.111458249390125274658203125" lon="-80.13094847090542316436767578125">
        <ele>444.20001220703125</ele>
        <time>2025-05-19T18:05:46.000Z</time>
        <extensions>
          <ns3:TrackPointExtension>
            <ns3:hr>110</ns3:hr>
          </ns3:TrackPointExtension>
        </extensions>
      </trkpt>
      <trkpt lat="44.11147945560514926910400390625" lon="-80.13098216615617275238037109375">
        <ele>445.20001220703125</ele>
        <time>2025-05-19T18:05:50.000Z</time>
        <extensions>
          <ns3:TrackPointExtension>
            <ns3:hr>114</ns3:hr>
          </ns3:TrackPointExtension>
        </extensions>
      </trkpt>
      <trkpt lat="44.11148247309029102325439453125" lon="-80.13098635710775852203369140625">
        <ele>445.600006103515625</ele>
        <time>2025-05-19T18:05:51.000Z</time>
        <extensions>
          <ns3:TrackPointExtension>
            <ns3:hr>118</ns3:hr>
          </ns3:TrackPointExtension>
        </extensions>
      </trkpt>
      <trkpt lat="44.11149152554571628570556640625" lon="-80.13100228272378444671630859375">
        <ele>446.20001220703125</ele>
        <time>2025-05-19T18:05:53.000Z</time>
        <extensions>
          <ns3:TrackPointExtension>
            <ns3:hr>118</ns3:hr>
          </ns3:TrackPointExtension>
        </extensions>
      </trkpt>
      <trkpt lat="44.11149504594504833221435546875" lon="-80.13100982643663883209228515625">
        <ele>446.20001220703125</ele>
        <time>2025-05-19T18:05:54.000Z</time>
        <extensions>
          <ns3:TrackPointExtension>
            <ns3:hr>120</ns3:hr>
          </ns3:TrackPointExtension>
        </extensions>
      </trkpt>
      <trkpt lat="44.11150543950498104095458984375" lon="-80.13103798963129520416259765625">
        <ele>446.600006103515625</ele>
        <time>2025-05-19T18:05:58.000Z</time>
        <extensions>
          <ns3:TrackPointExtension>
            <ns3:hr>123</ns3:hr>
          </ns3:TrackPointExtension>
        </extensions>
      </trkpt>
      <trkpt lat="44.1115056909620761871337890625" lon="-80.1310501433908939361572265625">
        <ele>447</ele>
        <time>2025-05-19T18:06:00.000Z</time>
        <extensions>
          <ns3:TrackPointExtension>
            <ns3:hr>128</ns3:hr>
          </ns3:TrackPointExtension>
        </extensions>
      </trkpt>
      <trkpt lat="44.1115061938762664794921875" lon="-80.1310605369508266448974609375">
        <ele>447.20001220703125</ele>
        <time>2025-05-19T18:06:01.000Z</time>
        <extensions>
          <ns3:TrackPointExtension>
            <ns3:hr>132</ns3:hr>
          </ns3:TrackPointExtension>
        </extensions>
      </trkpt>
      <trkpt lat="44.11150577478110790252685546875" lon="-80.13107118196785449981689453125">
        <ele>447.20001220703125</ele>
        <time>2025-05-19T18:06:02.000Z</time>
        <extensions>
          <ns3:TrackPointExtension>
            <ns3:hr>135</ns3:hr>
          </ns3:TrackPointExtension>
        </extensions>
      </trkpt>
      <trkpt lat="44.11151113919913768768310546875" lon="-80.13112113811075687408447265625">
        <ele>448</ele>
        <time>2025-05-19T18:06:07.000Z</time>
        <extensions>
          <ns3:TrackPointExtension>
            <ns3:hr>137</ns3:hr>
          </ns3:TrackPointExtension>
        </extensions>
      </trkpt>
      <trkpt lat="44.1115154139697551727294921875" lon="-80.131144858896732330322265625">
        <ele>448.399993896484375</ele>
        <time>2025-05-19T18:06:10.000Z</time>
        <extensions>
          <ns3:TrackPointExtension>
            <ns3:hr>135</ns3:hr>
          </ns3:TrackPointExtension>
        </extensions>
      </trkpt>
      <trkpt lat="44.1115321777760982513427734375" lon="-80.1311996765434741973876953125">
        <ele>449.600006103515625</ele>
        <time>2025-05-19T18:06:17.000Z</time>
        <extensions>
          <ns3:TrackPointExtension>
            <ns3:hr>134</ns3:hr>
          </ns3:TrackPointExtension>
        </extensions>
      </trkpt>
      <trkpt lat="44.1115677170455455780029296875" lon="-80.131232030689716339111328125">
        <ele>450</ele>
        <time>2025-05-19T18:06:22.000Z</time>
        <extensions>
          <ns3:TrackPointExtension>
            <ns3:hr>133</ns3:hr>
          </ns3:TrackPointExtension>
        </extensions>
      </trkpt>
      <trkpt lat="44.11165178753435611724853515625" lon="-80.13127318583428859710693359375">
        <ele>450.20001220703125</ele>
        <time>2025-05-19T18:06:30.000Z</time>
        <extensions>
          <ns3:TrackPointExtension>
            <ns3:hr>130</ns3:hr>
          </ns3:TrackPointExtension>
        </extensions>
      </trkpt>
      <trkpt lat="44.11167592741549015045166015625" lon="-80.1313014328479766845703125">
        <ele>450.600006103515625</ele>
        <time>2025-05-19T18:06:33.000Z</time>
        <extensions>
          <ns3:TrackPointExtension>
            <ns3:hr>131</ns3:hr>
          </ns3:TrackPointExtension>
        </extensions>
      </trkpt>
      <trkpt lat="44.11168497987091541290283203125" lon="-80.13131040148437023162841796875">
        <ele>450.79998779296875</ele>
        <time>2025-05-19T18:06:34.000Z</time>
        <extensions>
          <ns3:TrackPointExtension>
            <ns3:hr>133</ns3:hr>
          </ns3:TrackPointExtension>
        </extensions>
      </trkpt>
      <trkpt lat="44.11172471009194850921630859375" lon="-80.13135650195181369781494140625">
        <ele>451.20001220703125</ele>
        <time>2025-05-19T18:06:39.000Z</time>
        <extensions>
          <ns3:TrackPointExtension>
            <ns3:hr>138</ns3:hr>
          </ns3:TrackPointExtension>
        </extensions>
      </trkpt>
      <trkpt lat="44.11173795349895954132080078125" lon="-80.131378881633281707763671875">
        <ele>451.399993896484375</ele>
        <time>2025-05-19T18:06:41.000Z</time>
        <extensions>
          <ns3:TrackPointExtension>
            <ns3:hr>142</ns3:hr>
          </ns3:TrackPointExtension>
        </extensions>
      </trkpt>
      <trkpt lat="44.111760668456554412841796875" lon="-80.13140746392309665679931640625">
        <ele>451.600006103515625</ele>
        <time>2025-05-19T18:06:44.000Z</time>
        <extensions>
          <ns3:TrackPointExtension>
            <ns3:hr>142</ns3:hr>
          </ns3:TrackPointExtension>
        </extensions>
      </trkpt>
      <trkpt lat="44.11182227544486522674560546875" lon="-80.13145725242793560028076171875">
        <ele>452.20001220703125</ele>
        <time>2025-05-19T18:06:49.000Z</time>
        <extensions>
          <ns3:TrackPointExtension>
            <ns3:hr>144</ns3:hr>
          </ns3:TrackPointExtension>
        </extensions>
      </trkpt>
      <trkpt lat="44.111867286264896392822265625" lon="-80.1314891874790191650390625">
        <ele>452.399993896484375</ele>
        <time>2025-05-19T18:06:53.000Z</time>
        <extensions>
          <ns3:TrackPointExtension>
            <ns3:hr>141</ns3:hr>
          </ns3:TrackPointExtension>
        </extensions>
      </trkpt>
      <trkpt lat="44.11193241365253925323486328125" lon="-80.1315252296626567840576171875">
        <ele>452.600006103515625</ele>
        <time>2025-05-19T18:06:58.000Z</time>
        <extensions>
          <ns3:TrackPointExtension>
            <ns3:hr>138</ns3:hr>
          </ns3:TrackPointExtension>
        </extensions>
      </trkpt>
      <trkpt lat="44.11194465123116970062255859375" lon="-80.1315242238342761993408203125">
        <ele>452.600006103515625</ele>
        <time>2025-05-19T18:06:59.000Z</time>
        <extensions>
          <ns3:TrackPointExtension>
            <ns3:hr>139</ns3:hr>
          </ns3:TrackPointExtension>
        </extensions>
      </trkpt>
      <trkpt lat="44.11195387132465839385986328125" lon="-80.13152698986232280731201171875">
        <ele>452.600006103515625</ele>
        <time>2025-05-19T18:07:00.000Z</time>
        <extensions>
          <ns3:TrackPointExtension>
            <ns3:hr>137</ns3:hr>
          </ns3:TrackPointExtension>
        </extensions>
      </trkpt>
      <trkpt lat="44.112028218805789947509765625" lon="-80.13152900151908397674560546875">
        <ele>453.79998779296875</ele>
        <time>2025-05-19T18:07:06.000Z</time>
        <extensions>
          <ns3:TrackPointExtension>
            <ns3:hr>138</ns3:hr>
          </ns3:TrackPointExtension>
        </extensions>
      </trkpt>
      <trkpt lat="44.11209301091730594635009765625" lon="-80.1315047778189182281494140625">
        <ele>454.79998779296875</ele>
        <time>2025-05-19T18:07:13.000Z</time>
        <extensions>
          <ns3:TrackPointExtension>
            <ns3:hr>140</ns3:hr>
          </ns3:TrackPointExtension>
        </extensions>
      </trkpt>
      <trkpt lat="44.1121070086956024169921875" lon="-80.131504274904727935791015625">
        <ele>455</ele>
        <time>2025-05-19T18:07:14.000Z</time>
        <extensions>
          <ns3:TrackPointExtension>
            <ns3:hr>140</ns3:hr>
          </ns3:TrackPointExtension>
        </extensions>
      </trkpt>
      <trkpt lat="44.112172387540340423583984375" lon="-80.13149865902960300445556640625">
        <ele>456</ele>
        <time>2025-05-19T18:07:20.000Z</time>
        <extensions>
          <ns3:TrackPointExtension>
            <ns3:hr>142</ns3:hr>
          </ns3:TrackPointExtension>
        </extensions>
      </trkpt>
      <trkpt lat="44.1121936775743961334228515625" lon="-80.13150737620890140533447265625">
        <ele>457</ele>
        <time>2025-05-19T18:07:24.000Z</time>
        <extensions>
          <ns3:TrackPointExtension>
            <ns3:hr>142</ns3:hr>
          </ns3:TrackPointExtension>
        </extensions>
      </trkpt>
      <trkpt lat="44.1121963597834110260009765625" lon="-80.13151693157851696014404296875">
        <ele>457.600006103515625</ele>
        <time>2025-05-19T18:07:27.000Z</time>
        <extensions>
          <ns3:TrackPointExtension>
            <ns3:hr>139</ns3:hr>
          </ns3:TrackPointExtension>
        </extensions>
      </trkpt>
      <trkpt lat="44.11219879053533077239990234375" lon="-80.13152011670172214508056640625">
        <ele>457.79998779296875</ele>
        <time>2025-05-19T18:07:28.000Z</time>
        <extensions>
          <ns3:TrackPointExtension>
            <ns3:hr>142</ns3:hr>
          </ns3:TrackPointExtension>
        </extensions>
      </trkpt>
      <trkpt lat="44.1121966950595378875732421875" lon="-80.13151944614946842193603515625">
        <ele>457.79998779296875</ele>
        <time>2025-05-19T18:07:29.000Z</time>
        <extensions>
          <ns3:TrackPointExtension>
            <ns3:hr>138</ns3:hr>
          </ns3:TrackPointExtension>
        </extensions>
      </trkpt>
      <trkpt lat="44.112226702272891998291015625" lon="-80.13152338564395904541015625">
        <ele>457.79998779296875</ele>
        <time>2025-05-19T18:07:39.000Z</time>
        <extensions>
          <ns3:TrackPointExtension>
            <ns3:hr>135</ns3:hr>
          </ns3:TrackPointExtension>
        </extensions>
      </trkpt>
      <trkpt lat="44.11224271170794963836669921875" lon="-80.13151575811207294464111328125">
        <ele>457.79998779296875</ele>
        <time>2025-05-19T18:07:41.000Z</time>
        <extensions>
          <ns3:TrackPointExtension>
            <ns3:hr>135</ns3:hr>
          </ns3:TrackPointExtension>
        </extensions>
      </trkpt>
      <trkpt lat="44.11228470504283905029296875" lon="-80.13149430043995380401611328125">
        <ele>457.79998779296875</ele>
        <time>2025-05-19T18:07:46.000Z</time>
        <extensions>
          <ns3:TrackPointExtension>
            <ns3:hr>140</ns3:hr>
          </ns3:TrackPointExtension>
        </extensions>
      </trkpt>
      <trkpt lat="44.1123001277446746826171875" lon="-80.13149044476449489593505859375">
        <ele>457.79998779296875</ele>
        <time>2025-05-19T18:07:48.000Z</time>
        <extensions>
          <ns3:TrackPointExtension>
            <ns3:hr>143</ns3:hr>
          </ns3:TrackPointExtension>
        </extensions>
      </trkpt>
      <trkpt lat="44.11231965757906436920166015625" lon="-80.1314839906990528106689453125">
        <ele>457.79998779296875</ele>
        <time>2025-05-19T18:07:50.000Z</time>
        <extensions>
          <ns3:TrackPointExtension>
            <ns3:hr>148</ns3:hr>
          </ns3:TrackPointExtension>
        </extensions>
      </trkpt>
      <trkpt lat="44.11232669837772846221923828125" lon="-80.13148390688002109527587890625">
        <ele>458</ele>
        <time>2025-05-19T18:07:51.000Z</time>
        <extensions>
          <ns3:TrackPointExtension>
            <ns3:hr>148</ns3:hr>
          </ns3:TrackPointExtension>
        </extensions>
      </trkpt>
      <trkpt lat="44.11233407445251941680908203125" lon="-80.131483487784862518310546875">
        <ele>458</ele>
        <time>2025-05-19T18:07:52.000Z</time>
        <extensions>
          <ns3:TrackPointExtension>
            <ns3:hr>146</ns3:hr>
          </ns3:TrackPointExtension>
        </extensions>
      </trkpt>
      <trkpt lat="44.1123670153319835662841796875" lon="-80.1314759440720081329345703125">
        <ele>459</ele>
        <time>2025-05-19T18:07:56.000Z</time>
        <extensions>
          <ns3:TrackPointExtension>
            <ns3:hr>146</ns3:hr>
          </ns3:TrackPointExtension>
        </extensions>
      </trkpt>
      <trkpt lat="44.11238051019608974456787109375" lon="-80.1314739324152469635009765625">
        <ele>459.399993896484375</ele>
        <time>2025-05-19T18:07:57.000Z</time>
        <extensions>
          <ns3:TrackPointExtension>
            <ns3:hr>145</ns3:hr>
          </ns3:TrackPointExtension>
        </extensions>
      </trkpt>
      <trkpt lat="44.11242258735001087188720703125" lon="-80.13146345503628253936767578125">
        <ele>460</ele>
        <time>2025-05-19T18:08:01.000Z</time>
        <extensions>
          <ns3:TrackPointExtension>
            <ns3:hr>141</ns3:hr>
          </ns3:TrackPointExtension>
        </extensions>
      </trkpt>
      <trkpt lat="44.11244857124984264373779296875" lon="-80.13145926408469676971435546875">
        <ele>460.399993896484375</ele>
        <time>2025-05-19T18:08:03.000Z</time>
        <extensions>
          <ns3:TrackPointExtension>
            <ns3:hr>138</ns3:hr>
          </ns3:TrackPointExtension>
        </extensions>
      </trkpt>
      <trkpt lat="44.112513363361358642578125" lon="-80.13140260241925716400146484375">
        <ele>461.399993896484375</ele>
        <time>2025-05-19T18:08:10.000Z</time>
        <extensions>
          <ns3:TrackPointExtension>
            <ns3:hr>136</ns3:hr>
          </ns3:TrackPointExtension>
        </extensions>
      </trkpt>
      <trkpt lat="44.11252249963581562042236328125" lon="-80.13139204122126102447509765625">
        <ele>461.399993896484375</ele>
        <time>2025-05-19T18:08:11.000Z</time>
        <extensions>
          <ns3:TrackPointExtension>
            <ns3:hr>135</ns3:hr>
          </ns3:TrackPointExtension>
        </extensions>
      </trkpt>
      <trkpt lat="44.1125567816197872161865234375" lon="-80.131350047886371612548828125">
        <ele>462.600006103515625</ele>
        <time>2025-05-19T18:08:16.000Z</time>
        <extensions>
          <ns3:TrackPointExtension>
            <ns3:hr>132</ns3:hr>
          </ns3:TrackPointExtension>
        </extensions>
      </trkpt>
      <trkpt lat="44.1125913150608539581298828125" lon="-80.13134711422026157379150390625">
        <ele>463.600006103515625</ele>
        <time>2025-05-19T18:08:21.000Z</time>
        <extensions>
          <ns3:TrackPointExtension>
            <ns3:hr>132</ns3:hr>
          </ns3:TrackPointExtension>
        </extensions>
      </trkpt>
      <trkpt lat="44.11259961314499378204345703125" lon="-80.13134577311575412750244140625">
        <ele>463.600006103515625</ele>
        <time>2025-05-19T18:08:22.000Z</time>
        <extensions>
          <ns3:TrackPointExtension>
            <ns3:hr>132</ns3:hr>
          </ns3:TrackPointExtension>
        </extensions>
      </trkpt>
      <trkpt lat="44.11264873109757900238037109375" lon="-80.13136488385498523712158203125">
        <ele>464.20001220703125</ele>
        <time>2025-05-19T18:08:27.000Z</time>
        <extensions>
          <ns3:TrackPointExtension>
            <ns3:hr>132</ns3:hr>
          </ns3:TrackPointExtension>
        </extensions>
      </trkpt>
      <trkpt lat="44.11267940886318683624267578125" lon="-80.13137628324329853057861328125">
        <ele>464.600006103515625</ele>
        <time>2025-05-19T18:08:30.000Z</time>
        <extensions>
          <ns3:TrackPointExtension>
            <ns3:hr>135</ns3:hr>
          </ns3:TrackPointExtension>
        </extensions>
      </trkpt>
      <trkpt lat="44.1126895509660243988037109375" lon="-80.131380893290042877197265625">
        <ele>464.79998779296875</ele>
        <time>2025-05-19T18:08:31.000Z</time>
        <extensions>
          <ns3:TrackPointExtension>
            <ns3:hr>136</ns3:hr>
          </ns3:TrackPointExtension>
        </extensions>
      </trkpt>
      <trkpt lat="44.1127096675336360931396484375" lon="-80.13139019720256328582763671875">
        <ele>464.79998779296875</ele>
        <time>2025-05-19T18:08:33.000Z</time>
        <extensions>
          <ns3:TrackPointExtension>
            <ns3:hr>131</ns3:hr>
          </ns3:TrackPointExtension>
        </extensions>
      </trkpt>
      <trkpt lat="44.11271964199841022491455078125" lon="-80.13139237649738788604736328125">
        <ele>465</ele>
        <time>2025-05-19T18:08:34.000Z</time>
        <extensions>
          <ns3:TrackPointExtension>
            <ns3:hr>130</ns3:hr>
          </ns3:TrackPointExtension>
        </extensions>
      </trkpt>
      <trkpt lat="44.11277881823480129241943359375" lon="-80.13142137788236141204833984375">
        <ele>465.20001220703125</ele>
        <time>2025-05-19T18:08:39.000Z</time>
        <extensions>
          <ns3:TrackPointExtension>
            <ns3:hr>127</ns3:hr>
          </ns3:TrackPointExtension>
        </extensions>
      </trkpt>
      <trkpt lat="44.11281108856201171875" lon="-80.13142674230039119720458984375">
        <ele>465.79998779296875</ele>
        <time>2025-05-19T18:08:42.000Z</time>
        <extensions>
          <ns3:TrackPointExtension>
            <ns3:hr>128</ns3:hr>
          </ns3:TrackPointExtension>
        </extensions>
      </trkpt>
      <trkpt lat="44.1128218173980712890625" lon="-80.13143026269972324371337890625">
        <ele>466</ele>
        <time>2025-05-19T18:08:43.000Z</time>
        <extensions>
          <ns3:TrackPointExtension>
            <ns3:hr>128</ns3:hr>
          </ns3:TrackPointExtension>
        </extensions>
      </trkpt>
      <trkpt lat="44.1128647327423095703125" lon="-80.1314444281160831451416015625">
        <ele>466.399993896484375</ele>
        <time>2025-05-19T18:08:47.000Z</time>
        <extensions>
          <ns3:TrackPointExtension>
            <ns3:hr>126</ns3:hr>
          </ns3:TrackPointExtension>
        </extensions>
      </trkpt>
      <trkpt lat="44.11289147101342678070068359375" lon="-80.13143395073711872100830078125">
        <ele>467</ele>
        <time>2025-05-19T18:08:50.000Z</time>
        <extensions>
          <ns3:TrackPointExtension>
            <ns3:hr>129</ns3:hr>
          </ns3:TrackPointExtension>
        </extensions>
      </trkpt>
      <trkpt lat="44.11290588788688182830810546875" lon="-80.131431184709072113037109375">
        <ele>467.20001220703125</ele>
        <time>2025-05-19T18:08:51.000Z</time>
        <extensions>
          <ns3:TrackPointExtension>
            <ns3:hr>130</ns3:hr>
          </ns3:TrackPointExtension>
        </extensions>
      </trkpt>
      <trkpt lat="44.1129155270755290985107421875" lon="-80.13143026269972324371337890625">
        <ele>467.399993896484375</ele>
        <time>2025-05-19T18:08:52.000Z</time>
        <extensions>
          <ns3:TrackPointExtension>
            <ns3:hr>136</ns3:hr>
          </ns3:TrackPointExtension>
        </extensions>
      </trkpt>
      <trkpt lat="44.1129252500832080841064453125" lon="-80.13142758049070835113525390625">
        <ele>467.600006103515625</ele>
        <time>2025-05-19T18:08:53.000Z</time>
        <extensions>
          <ns3:TrackPointExtension>
            <ns3:hr>136</ns3:hr>
          </ns3:TrackPointExtension>
        </extensions>
      </trkpt>
      <trkpt lat="44.11296070553362369537353515625" lon="-80.131423473358154296875">
        <ele>468</ele>
        <time>2025-05-19T18:08:56.000Z</time>
        <extensions>
          <ns3:TrackPointExtension>
            <ns3:hr>138</ns3:hr>
          </ns3:TrackPointExtension>
        </extensions>
      </trkpt>
      <trkpt lat="44.11296003498136997222900390625" lon="-80.13142053969204425811767578125">
        <ele>468.20001220703125</ele>
        <time>2025-05-19T18:08:57.000Z</time>
        <extensions>
          <ns3:TrackPointExtension>
            <ns3:hr>138</ns3:hr>
          </ns3:TrackPointExtension>
        </extensions>
      </trkpt>
      <trkpt lat="44.11299322731792926788330078125" lon="-80.13143780641257762908935546875">
        <ele>468.399993896484375</ele>
        <time>2025-05-19T18:09:02.000Z</time>
        <extensions>
          <ns3:TrackPointExtension>
            <ns3:hr>135</ns3:hr>
          </ns3:TrackPointExtension>
        </extensions>
      </trkpt>
      <trkpt lat="44.11300127394497394561767578125" lon="-80.13143847696483135223388671875">
        <ele>468.399993896484375</ele>
        <time>2025-05-19T18:09:03.000Z</time>
        <extensions>
          <ns3:TrackPointExtension>
            <ns3:hr>131</ns3:hr>
          </ns3:TrackPointExtension>
        </extensions>
      </trkpt>
      <trkpt lat="44.113050810992717742919921875" lon="-80.13142858631908893585205078125">
        <ele>468.79998779296875</ele>
        <time>2025-05-19T18:09:07.000Z</time>
        <extensions>
          <ns3:TrackPointExtension>
            <ns3:hr>129</ns3:hr>
          </ns3:TrackPointExtension>
        </extensions>
      </trkpt>
      <trkpt lat="44.1130918823182582855224609375" lon="-80.131418444216251373291015625">
        <ele>469</ele>
        <time>2025-05-19T18:09:10.000Z</time>
        <extensions>
          <ns3:TrackPointExtension>
            <ns3:hr>136</ns3:hr>
          </ns3:TrackPointExtension>
        </extensions>
      </trkpt>
      <trkpt lat="44.11310403607785701751708984375" lon="-80.131416432559490203857421875">
        <ele>469.20001220703125</ele>
        <time>2025-05-19T18:09:11.000Z</time>
        <extensions>
          <ns3:TrackPointExtension>
            <ns3:hr>137</ns3:hr>
          </ns3:TrackPointExtension>
        </extensions>
      </trkpt>
      <trkpt lat="44.1131827421486377716064453125" lon="-80.13136488385498523712158203125">
        <ele>470</ele>
        <time>2025-05-19T18:09:18.000Z</time>
        <extensions>
          <ns3:TrackPointExtension>
            <ns3:hr>140</ns3:hr>
          </ns3:TrackPointExtension>
        </extensions>
      </trkpt>
      <trkpt lat="44.11319305188953876495361328125" lon="-80.13135817833244800567626953125">
        <ele>470.20001220703125</ele>
        <time>2025-05-19T18:09:19.000Z</time>
        <extensions>
          <ns3:TrackPointExtension>
            <ns3:hr>140</ns3:hr>
          </ns3:TrackPointExtension>
        </extensions>
      </trkpt>
      <trkpt lat="44.11331467330455780029296875" lon="-80.1313414983451366424560546875">
        <ele>471</ele>
        <time>2025-05-19T18:09:29.000Z</time>
        <extensions>
          <ns3:TrackPointExtension>
            <ns3:hr>136</ns3:hr>
          </ns3:TrackPointExtension>
        </extensions>
      </trkpt>
      <trkpt lat="44.113338477909564971923828125" lon="-80.131345354020595550537109375">
        <ele>471.20001220703125</ele>
        <time>2025-05-19T18:09:31.000Z</time>
        <extensions>
          <ns3:TrackPointExtension>
            <ns3:hr>137</ns3:hr>
          </ns3:TrackPointExtension>
        </extensions>
      </trkpt>
      <trkpt lat="44.11334627307951450347900390625" lon="-80.13134929351508617401123046875">
        <ele>471.399993896484375</ele>
        <time>2025-05-19T18:09:32.000Z</time>
        <extensions>
          <ns3:TrackPointExtension>
            <ns3:hr>139</ns3:hr>
          </ns3:TrackPointExtension>
        </extensions>
      </trkpt>
      <trkpt lat="44.11338063888251781463623046875" lon="-80.13137443922460079193115234375">
        <ele>472.399993896484375</ele>
        <time>2025-05-19T18:09:36.000Z</time>
        <extensions>
          <ns3:TrackPointExtension>
            <ns3:hr>140</ns3:hr>
          </ns3:TrackPointExtension>
        </extensions>
      </trkpt>
      <trkpt lat="44.113387763500213623046875" lon="-80.1313887722790241241455078125">
        <ele>472.399993896484375</ele>
        <time>2025-05-19T18:09:37.000Z</time>
        <extensions>
          <ns3:TrackPointExtension>
            <ns3:hr>137</ns3:hr>
          </ns3:TrackPointExtension>
        </extensions>
      </trkpt>
      <trkpt lat="44.113392792642116546630859375" lon="-80.13145255856215953826904296875">
        <ele>473</ele>
        <time>2025-05-19T18:09:42.000Z</time>
        <extensions>
          <ns3:TrackPointExtension>
            <ns3:hr>137</ns3:hr>
          </ns3:TrackPointExtension>
        </extensions>
      </trkpt>
      <trkpt lat="44.11338047124445438385009765625" lon="-80.131495557725429534912109375">
        <ele>473.20001220703125</ele>
        <time>2025-05-19T18:09:45.000Z</time>
        <extensions>
          <ns3:TrackPointExtension>
            <ns3:hr>139</ns3:hr>
          </ns3:TrackPointExtension>
        </extensions>
      </trkpt>
      <trkpt lat="44.11337904632091522216796875" lon="-80.13151089660823345184326171875">
        <ele>473.399993896484375</ele>
        <time>2025-05-19T18:09:46.000Z</time>
        <extensions>
          <ns3:TrackPointExtension>
            <ns3:hr>139</ns3:hr>
          </ns3:TrackPointExtension>
        </extensions>
      </trkpt>
      <trkpt lat="44.113347530364990234375" lon="-80.1315993256866931915283203125">
        <ele>474.20001220703125</ele>
        <time>2025-05-19T18:09:53.000Z</time>
        <extensions>
          <ns3:TrackPointExtension>
            <ns3:hr>138</ns3:hr>
          </ns3:TrackPointExtension>
        </extensions>
      </trkpt>
      <trkpt lat="44.11333302967250347137451171875" lon="-80.13162069953978061676025390625">
        <ele>474.399993896484375</ele>
        <time>2025-05-19T18:09:55.000Z</time>
        <extensions>
          <ns3:TrackPointExtension>
            <ns3:hr>138</ns3:hr>
          </ns3:TrackPointExtension>
        </extensions>
      </trkpt>
      <trkpt lat="44.113328754901885986328125" lon="-80.13169546611607074737548828125">
        <ele>475</ele>
        <time>2025-05-19T18:10:00.000Z</time>
        <extensions>
          <ns3:TrackPointExtension>
            <ns3:hr>135</ns3:hr>
          </ns3:TrackPointExtension>
        </extensions>
      </trkpt>
      <trkpt lat="44.11332079209387302398681640625" lon="-80.13174173422157764434814453125">
        <ele>475.79998779296875</ele>
        <time>2025-05-19T18:10:03.000Z</time>
        <extensions>
          <ns3:TrackPointExtension>
            <ns3:hr>137</ns3:hr>
          </ns3:TrackPointExtension>
        </extensions>
      </trkpt>
      <trkpt lat="44.11331676878035068511962890625" lon="-80.13177207671105861663818359375">
        <ele>476.20001220703125</ele>
        <time>2025-05-19T18:10:05.000Z</time>
        <extensions>
          <ns3:TrackPointExtension>
            <ns3:hr>136</ns3:hr>
          </ns3:TrackPointExtension>
        </extensions>
      </trkpt>
      <trkpt lat="44.11330528557300567626953125" lon="-80.13179336674511432647705078125">
        <ele>477</ele>
        <time>2025-05-19T18:10:08.000Z</time>
        <extensions>
          <ns3:TrackPointExtension>
            <ns3:hr>135</ns3:hr>
          </ns3:TrackPointExtension>
        </extensions>
      </trkpt>
      <trkpt lat="44.11330000497400760650634765625" lon="-80.1317944563925266265869140625">
        <ele>477.399993896484375</ele>
        <time>2025-05-19T18:10:10.000Z</time>
        <extensions>
          <ns3:TrackPointExtension>
            <ns3:hr>138</ns3:hr>
          </ns3:TrackPointExtension>
        </extensions>
      </trkpt>
      <trkpt lat="44.11329497583210468292236328125" lon="-80.13179638423025608062744140625">
        <ele>477.600006103515625</ele>
        <time>2025-05-19T18:10:12.000Z</time>
        <extensions>
          <ns3:TrackPointExtension>
            <ns3:hr>141</ns3:hr>
          </ns3:TrackPointExtension>
        </extensions>
      </trkpt>
      <trkpt lat="44.113290868699550628662109375" lon="-80.131797306239604949951171875">
        <ele>477.79998779296875</ele>
        <time>2025-05-19T18:10:14.000Z</time>
        <extensions>
          <ns3:TrackPointExtension>
            <ns3:hr>140</ns3:hr>
          </ns3:TrackPointExtension>
        </extensions>
      </trkpt>
      <trkpt lat="44.1132860071957111358642578125" lon="-80.13179521076381206512451171875">
        <ele>478</ele>
        <time>2025-05-19T18:10:17.000Z</time>
        <extensions>
          <ns3:TrackPointExtension>
            <ns3:hr>139</ns3:hr>
          </ns3:TrackPointExtension>
        </extensions>
      </trkpt>
      <trkpt lat="44.11328726448118686676025390625" lon="-80.13184969313442707061767578125">
        <ele>478</ele>
        <time>2025-05-19T18:10:24.000Z</time>
        <extensions>
          <ns3:TrackPointExtension>
            <ns3:hr>142</ns3:hr>
          </ns3:TrackPointExtension>
        </extensions>
      </trkpt>
      <trkpt lat="44.11327100358903408050537109375" lon="-80.13201850466430187225341796875">
        <ele>479</ele>
        <time>2025-05-19T18:10:37.000Z</time>
        <extensions>
          <ns3:TrackPointExtension>
            <ns3:hr>142</ns3:hr>
          </ns3:TrackPointExtension>
        </extensions>
      </trkpt>
      <trkpt lat="44.11327150650322437286376953125" lon="-80.13202940113842487335205078125">
        <ele>479.20001220703125</ele>
        <time>2025-05-19T18:10:38.000Z</time>
        <extensions>
          <ns3:TrackPointExtension>
            <ns3:hr>140</ns3:hr>
          </ns3:TrackPointExtension>
        </extensions>
      </trkpt>
      <trkpt lat="44.11327133886516094207763671875" lon="-80.13204281218349933624267578125">
        <ele>479.399993896484375</ele>
        <time>2025-05-19T18:10:39.000Z</time>
        <extensions>
          <ns3:TrackPointExtension>
            <ns3:hr>136</ns3:hr>
          </ns3:TrackPointExtension>
        </extensions>
      </trkpt>
      <trkpt lat="44.11327251233160495758056640625" lon="-80.1320546306669712066650390625">
        <ele>479.600006103515625</ele>
        <time>2025-05-19T18:10:40.000Z</time>
        <extensions>
          <ns3:TrackPointExtension>
            <ns3:hr>137</ns3:hr>
          </ns3:TrackPointExtension>
        </extensions>
      </trkpt>
      <trkpt lat="44.1132752783596515655517578125" lon="-80.1320972107350826263427734375">
        <ele>480</ele>
        <time>2025-05-19T18:10:43.000Z</time>
        <extensions>
          <ns3:TrackPointExtension>
            <ns3:hr>137</ns3:hr>
          </ns3:TrackPointExtension>
        </extensions>
      </trkpt>
      <trkpt lat="44.1132709197700023651123046875" lon="-80.13215412385761737823486328125">
        <ele>481</ele>
        <time>2025-05-19T18:10:47.000Z</time>
        <extensions>
          <ns3:TrackPointExtension>
            <ns3:hr>135</ns3:hr>
          </ns3:TrackPointExtension>
        </extensions>
      </trkpt>
      <trkpt lat="44.11327234469354152679443359375" lon="-80.132194943726062774658203125">
        <ele>481.79998779296875</ele>
        <time>2025-05-19T18:10:50.000Z</time>
        <extensions>
          <ns3:TrackPointExtension>
            <ns3:hr>141</ns3:hr>
          </ns3:TrackPointExtension>
        </extensions>
      </trkpt>
      <trkpt lat="44.11327418871223926544189453125" lon="-80.13221179135143756866455078125">
        <ele>482</ele>
        <time>2025-05-19T18:10:51.000Z</time>
        <extensions>
          <ns3:TrackPointExtension>
            <ns3:hr>140</ns3:hr>
          </ns3:TrackPointExtension>
        </extensions>
      </trkpt>
      <trkpt lat="44.11327603273093700408935546875" lon="-80.1322289742529392242431640625">
        <ele>482.20001220703125</ele>
        <time>2025-05-19T18:10:52.000Z</time>
        <extensions>
          <ns3:TrackPointExtension>
            <ns3:hr>140</ns3:hr>
          </ns3:TrackPointExtension>
        </extensions>
      </trkpt>
      <trkpt lat="44.11328039132058620452880859375" lon="-80.13234942220151424407958984375">
        <ele>483.399993896484375</ele>
        <time>2025-05-19T18:10:59.000Z</time>
        <extensions>
          <ns3:TrackPointExtension>
            <ns3:hr>141</ns3:hr>
          </ns3:TrackPointExtension>
        </extensions>
      </trkpt>
      <trkpt lat="44.11329380236566066741943359375" lon="-80.13240172527730464935302734375">
        <ele>483.79998779296875</ele>
        <time>2025-05-19T18:11:02.000Z</time>
        <extensions>
          <ns3:TrackPointExtension>
            <ns3:hr>137</ns3:hr>
          </ns3:TrackPointExtension>
        </extensions>
      </trkpt>
      <trkpt lat="44.11330151371657848358154296875" lon="-80.132437013089656829833984375">
        <ele>484.20001220703125</ele>
        <time>2025-05-19T18:11:04.000Z</time>
        <extensions>
          <ns3:TrackPointExtension>
            <ns3:hr>140</ns3:hr>
          </ns3:TrackPointExtension>
        </extensions>
      </trkpt>
      <trkpt lat="44.113308303058147430419921875" lon="-80.13246995396912097930908203125">
        <ele>484.20001220703125</ele>
        <time>2025-05-19T18:11:06.000Z</time>
        <extensions>
          <ns3:TrackPointExtension>
            <ns3:hr>143</ns3:hr>
          </ns3:TrackPointExtension>
        </extensions>
      </trkpt>
      <trkpt lat="44.1133111529052257537841796875" lon="-80.13248655013740062713623046875">
        <ele>484.399993896484375</ele>
        <time>2025-05-19T18:11:07.000Z</time>
        <extensions>
          <ns3:TrackPointExtension>
            <ns3:hr>143</ns3:hr>
          </ns3:TrackPointExtension>
        </extensions>
      </trkpt>
      <trkpt lat="44.11331794224679470062255859375" lon="-80.13257036916911602020263671875">
        <ele>484.600006103515625</ele>
        <time>2025-05-19T18:11:12.000Z</time>
        <extensions>
          <ns3:TrackPointExtension>
            <ns3:hr>140</ns3:hr>
          </ns3:TrackPointExtension>
        </extensions>
      </trkpt>
      <trkpt lat="44.11333638243377208709716796875" lon="-80.132650919258594512939453125">
        <ele>485</ele>
        <time>2025-05-19T18:11:17.000Z</time>
        <extensions>
          <ns3:TrackPointExtension>
            <ns3:hr>137</ns3:hr>
          </ns3:TrackPointExtension>
        </extensions>
      </trkpt>
      <trkpt lat="44.11334417760372161865234375" lon="-80.13268218375742435455322265625">
        <ele>485</ele>
        <time>2025-05-19T18:11:19.000Z</time>
        <extensions>
          <ns3:TrackPointExtension>
            <ns3:hr>138</ns3:hr>
          </ns3:TrackPointExtension>
        </extensions>
      </trkpt>
      <trkpt lat="44.113379381597042083740234375" lon="-80.13279684819281101226806640625">
        <ele>485.399993896484375</ele>
        <time>2025-05-19T18:11:26.000Z</time>
        <extensions>
          <ns3:TrackPointExtension>
            <ns3:hr>141</ns3:hr>
          </ns3:TrackPointExtension>
        </extensions>
      </trkpt>
      <trkpt lat="44.11338265053927898406982421875" lon="-80.1328113488852977752685546875">
        <ele>485.399993896484375</ele>
        <time>2025-05-19T18:11:27.000Z</time>
        <extensions>
          <ns3:TrackPointExtension>
            <ns3:hr>141</ns3:hr>
          </ns3:TrackPointExtension>
        </extensions>
      </trkpt>
      <trkpt lat="44.1133912838995456695556640625" lon="-80.13285719789564609527587890625">
        <ele>485.79998779296875</ele>
        <time>2025-05-19T18:11:30.000Z</time>
        <extensions>
          <ns3:TrackPointExtension>
            <ns3:hr>141</ns3:hr>
          </ns3:TrackPointExtension>
        </extensions>
      </trkpt>
      <trkpt lat="44.113403521478176116943359375" lon="-80.1329638995230197906494140625">
        <ele>486.399993896484375</ele>
        <time>2025-05-19T18:11:37.000Z</time>
        <extensions>
          <ns3:TrackPointExtension>
            <ns3:hr>139</ns3:hr>
          </ns3:TrackPointExtension>
        </extensions>
      </trkpt>
      <trkpt lat="44.11340578459203243255615234375" lon="-80.1329954154789447784423828125">
        <ele>486.600006103515625</ele>
        <time>2025-05-19T18:11:39.000Z</time>
        <extensions>
          <ns3:TrackPointExtension>
            <ns3:hr>138</ns3:hr>
          </ns3:TrackPointExtension>
        </extensions>
      </trkpt>
      <trkpt lat="44.113409556448459625244140625" lon="-80.13311536051332950592041015625">
        <ele>487.600006103515625</ele>
        <time>2025-05-19T18:11:47.000Z</time>
        <extensions>
          <ns3:TrackPointExtension>
            <ns3:hr>138</ns3:hr>
          </ns3:TrackPointExtension>
        </extensions>
      </trkpt>
      <trkpt lat="44.11341165192425251007080078125" lon="-80.1331285201013088226318359375">
        <ele>487.79998779296875</ele>
        <time>2025-05-19T18:11:48.000Z</time>
        <extensions>
          <ns3:TrackPointExtension>
            <ns3:hr>141</ns3:hr>
          </ns3:TrackPointExtension>
        </extensions>
      </trkpt>
      <trkpt lat="44.11341550759971141815185546875" lon="-80.13320320285856723785400390625">
        <ele>488.600006103515625</ele>
        <time>2025-05-19T18:11:53.000Z</time>
        <extensions>
          <ns3:TrackPointExtension>
            <ns3:hr>140</ns3:hr>
          </ns3:TrackPointExtension>
        </extensions>
      </trkpt>
      <trkpt lat="44.11341584287583827972412109375" lon="-80.13322784565389156341552734375">
        <ele>488.79998779296875</ele>
        <time>2025-05-19T18:11:55.000Z</time>
        <extensions>
          <ns3:TrackPointExtension>
            <ns3:hr>142</ns3:hr>
          </ns3:TrackPointExtension>
        </extensions>
      </trkpt>
      <trkpt lat="44.11341785453259944915771484375" lon="-80.1332649774849414825439453125">
        <ele>489</ele>
        <time>2025-05-19T18:11:58.000Z</time>
        <extensions>
          <ns3:TrackPointExtension>
            <ns3:hr>139</ns3:hr>
          </ns3:TrackPointExtension>
        </extensions>
      </trkpt>
      <trkpt lat="44.11342196166515350341796875" lon="-80.1332894526422023773193359375">
        <ele>489.79998779296875</ele>
        <time>2025-05-19T18:12:00.000Z</time>
        <extensions>
          <ns3:TrackPointExtension>
            <ns3:hr>139</ns3:hr>
          </ns3:TrackPointExtension>
        </extensions>
      </trkpt>
      <trkpt lat="44.1134288348257541656494140625" lon="-80.13331820257008075714111328125">
        <ele>490.600006103515625</ele>
        <time>2025-05-19T18:12:03.000Z</time>
        <extensions>
          <ns3:TrackPointExtension>
            <ns3:hr>139</ns3:hr>
          </ns3:TrackPointExtension>
        </extensions>
      </trkpt>
      <trkpt lat="44.1134318523108959197998046875" lon="-80.13332809321582317352294921875">
        <ele>490.79998779296875</ele>
        <time>2025-05-19T18:12:04.000Z</time>
        <extensions>
          <ns3:TrackPointExtension>
            <ns3:hr>139</ns3:hr>
          </ns3:TrackPointExtension>
        </extensions>
      </trkpt>
      <trkpt lat="44.1134620271623134613037109375" lon="-80.1333793066442012786865234375">
        <ele>491.79998779296875</ele>
        <time>2025-05-19T18:12:09.000Z</time>
        <extensions>
          <ns3:TrackPointExtension>
            <ns3:hr>135</ns3:hr>
          </ns3:TrackPointExtension>
        </extensions>
      </trkpt>
      <trkpt lat="44.11347367800772190093994140625" lon="-80.1333903707563877105712890625">
        <ele>491.79998779296875</ele>
        <time>2025-05-19T18:12:10.000Z</time>
        <extensions>
          <ns3:TrackPointExtension>
            <ns3:hr>135</ns3:hr>
          </ns3:TrackPointExtension>
        </extensions>
      </trkpt>
      <trkpt lat="44.1134989075362682342529296875" lon="-80.1334453560411930084228515625">
        <ele>492.79998779296875</ele>
        <time>2025-05-19T18:12:14.000Z</time>
        <extensions>
          <ns3:TrackPointExtension>
            <ns3:hr>134</ns3:hr>
          </ns3:TrackPointExtension>
        </extensions>
      </trkpt>
      <trkpt lat="44.11351122893393039703369140625" lon="-80.1334909535944461822509765625">
        <ele>493.20001220703125</ele>
        <time>2025-05-19T18:12:17.000Z</time>
        <extensions>
          <ns3:TrackPointExtension>
            <ns3:hr>137</ns3:hr>
          </ns3:TrackPointExtension>
        </extensions>
      </trkpt>
      <trkpt lat="44.11357291974127292633056640625" lon="-80.1335492916405200958251953125">
        <ele>493.79998779296875</ele>
        <time>2025-05-19T18:12:23.000Z</time>
        <extensions>
          <ns3:TrackPointExtension>
            <ns3:hr>135</ns3:hr>
          </ns3:TrackPointExtension>
        </extensions>
      </trkpt>
      <trkpt lat="44.11358063109219074249267578125" lon="-80.1335593499243259429931640625">
        <ele>494</ele>
        <time>2025-05-19T18:12:24.000Z</time>
        <extensions>
          <ns3:TrackPointExtension>
            <ns3:hr>135</ns3:hr>
          </ns3:TrackPointExtension>
        </extensions>
      </trkpt>
      <trkpt lat="44.11361114121973514556884765625" lon="-80.1336083002388477325439453125">
        <ele>494</ele>
        <time>2025-05-19T18:12:28.000Z</time>
        <extensions>
          <ns3:TrackPointExtension>
            <ns3:hr>138</ns3:hr>
          </ns3:TrackPointExtension>
        </extensions>
      </trkpt>
      <trkpt lat="44.11361583508551120758056640625" lon="-80.13362330384552478790283203125">
        <ele>494</ele>
        <time>2025-05-19T18:12:29.000Z</time>
        <extensions>
          <ns3:TrackPointExtension>
            <ns3:hr>141</ns3:hr>
          </ns3:TrackPointExtension>
        </extensions>
      </trkpt>
      <trkpt lat="44.11363980732858180999755859375" lon="-80.1336663030087947845458984375">
        <ele>494.20001220703125</ele>
        <time>2025-05-19T18:12:32.000Z</time>
        <extensions>
          <ns3:TrackPointExtension>
            <ns3:hr>144</ns3:hr>
          </ns3:TrackPointExtension>
        </extensions>
      </trkpt>
      <trkpt lat="44.1137232072651386260986328125" lon="-80.1337393932044506072998046875">
        <ele>494.20001220703125</ele>
        <time>2025-05-19T18:12:40.000Z</time>
        <extensions>
          <ns3:TrackPointExtension>
            <ns3:hr>144</ns3:hr>
          </ns3:TrackPointExtension>
        </extensions>
      </trkpt>
      <trkpt lat="44.11378112621605396270751953125" lon="-80.13379127718508243560791015625">
        <ele>494.20001220703125</ele>
        <time>2025-05-19T18:12:45.000Z</time>
        <extensions>
          <ns3:TrackPointExtension>
            <ns3:hr>141</ns3:hr>
          </ns3:TrackPointExtension>
        </extensions>
      </trkpt>
      <trkpt lat="44.1138358600437641143798828125" lon="-80.13383922167122364044189453125">
        <ele>494.399993896484375</ele>
        <time>2025-05-19T18:12:50.000Z</time>
        <extensions>
          <ns3:TrackPointExtension>
            <ns3:hr>139</ns3:hr>
          </ns3:TrackPointExtension>
        </extensions>
      </trkpt>
      <trkpt lat="44.11395211704075336456298828125" lon="-80.13387895189225673675537109375">
        <ele>494.399993896484375</ele>
        <time>2025-05-19T18:12:59.000Z</time>
        <extensions>
          <ns3:TrackPointExtension>
            <ns3:hr>137</ns3:hr>
          </ns3:TrackPointExtension>
        </extensions>
      </trkpt>
      <trkpt lat="44.1140759177505970001220703125" lon="-80.1338916085660457611083984375">
        <ele>494.399993896484375</ele>
        <time>2025-05-19T18:13:08.000Z</time>
        <extensions>
          <ns3:TrackPointExtension>
            <ns3:hr>136</ns3:hr>
          </ns3:TrackPointExtension>
        </extensions>
      </trkpt>
      <trkpt lat="44.114161916077136993408203125" lon="-80.1338302530348300933837890625">
        <ele>494.600006103515625</ele>
        <time>2025-05-19T18:13:16.000Z</time>
        <extensions>
          <ns3:TrackPointExtension>
            <ns3:hr>134</ns3:hr>
          </ns3:TrackPointExtension>
        </extensions>
      </trkpt>
      <trkpt lat="44.11424363963305950164794921875" lon="-80.13376177288591861724853515625">
        <ele>494.399993896484375</ele>
        <time>2025-05-19T18:13:24.000Z</time>
        <extensions>
          <ns3:TrackPointExtension>
            <ns3:hr>133</ns3:hr>
          </ns3:TrackPointExtension>
        </extensions>
      </trkpt>
      <trkpt lat="44.11430315114557743072509765625" lon="-80.13370678760111331939697265625">
        <ele>494.20001220703125</ele>
        <time>2025-05-19T18:13:32.000Z</time>
        <extensions>
          <ns3:TrackPointExtension>
            <ns3:hr>130</ns3:hr>
          </ns3:TrackPointExtension>
        </extensions>
      </trkpt>
      <trkpt lat="44.11431522108614444732666015625" lon="-80.13370578177273273468017578125">
        <ele>494.20001220703125</ele>
        <time>2025-05-19T18:13:33.000Z</time>
        <extensions>
          <ns3:TrackPointExtension>
            <ns3:hr>129</ns3:hr>
          </ns3:TrackPointExtension>
        </extensions>
      </trkpt>
      <trkpt lat="44.1143882274627685546875" lon="-80.1336552388966083526611328125">
        <ele>494</ele>
        <time>2025-05-19T18:13:41.000Z</time>
        <extensions>
          <ns3:TrackPointExtension>
            <ns3:hr>128</ns3:hr>
          </ns3:TrackPointExtension>
        </extensions>
      </trkpt>
      <trkpt lat="44.114475063979625701904296875" lon="-80.1335663907229900360107421875">
        <ele>493.399993896484375</ele>
        <time>2025-05-19T18:13:49.000Z</time>
        <extensions>
          <ns3:TrackPointExtension>
            <ns3:hr>127</ns3:hr>
          </ns3:TrackPointExtension>
        </extensions>
      </trkpt>
      <trkpt lat="44.114491827785968780517578125" lon="-80.1335043646395206451416015625">
        <ele>492.79998779296875</ele>
        <time>2025-05-19T18:13:52.000Z</time>
        <extensions>
          <ns3:TrackPointExtension>
            <ns3:hr>127</ns3:hr>
          </ns3:TrackPointExtension>
        </extensions>
      </trkpt>
      <trkpt lat="44.1145169734954833984375" lon="-80.13342984952032566070556640625">
        <ele>492.20001220703125</ele>
        <time>2025-05-19T18:13:57.000Z</time>
        <extensions>
          <ns3:TrackPointExtension>
            <ns3:hr>124</ns3:hr>
          </ns3:TrackPointExtension>
        </extensions>
      </trkpt>
      <trkpt lat="44.114567600190639495849609375" lon="-80.13337184675037860870361328125">
        <ele>491.600006103515625</ele>
        <time>2025-05-19T18:14:02.000Z</time>
        <extensions>
          <ns3:TrackPointExtension>
            <ns3:hr>125</ns3:hr>
          </ns3:TrackPointExtension>
        </extensions>
      </trkpt>
      <trkpt lat="44.11457707174122333526611328125" lon="-80.1333585195243358612060546875">
        <ele>491.600006103515625</ele>
        <time>2025-05-19T18:14:03.000Z</time>
        <extensions>
          <ns3:TrackPointExtension>
            <ns3:hr>125</ns3:hr>
          </ns3:TrackPointExtension>
        </extensions>
      </trkpt>
      <trkpt lat="44.11465309560298919677734375" lon="-80.13329272158443927764892578125">
        <ele>491</ele>
        <time>2025-05-19T18:14:10.000Z</time>
        <extensions>
          <ns3:TrackPointExtension>
            <ns3:hr>125</ns3:hr>
          </ns3:TrackPointExtension>
        </extensions>
      </trkpt>
      <trkpt lat="44.11468033678829669952392578125" lon="-80.133257769048213958740234375">
        <ele>490.600006103515625</ele>
        <time>2025-05-19T18:14:13.000Z</time>
        <extensions>
          <ns3:TrackPointExtension>
            <ns3:hr>124</ns3:hr>
          </ns3:TrackPointExtension>
        </extensions>
      </trkpt>
      <trkpt lat="44.1147230006754398345947265625" lon="-80.13318476267158985137939453125">
        <ele>490</ele>
        <time>2025-05-19T18:14:19.000Z</time>
        <extensions>
          <ns3:TrackPointExtension>
            <ns3:hr>124</ns3:hr>
          </ns3:TrackPointExtension>
        </extensions>
      </trkpt>
      <trkpt lat="44.11474303342401981353759765625" lon="-80.13313539326190948486328125">
        <ele>489.79998779296875</ele>
        <time>2025-05-19T18:14:23.000Z</time>
        <extensions>
          <ns3:TrackPointExtension>
            <ns3:hr>127</ns3:hr>
          </ns3:TrackPointExtension>
        </extensions>
      </trkpt>
      <trkpt lat="44.1147635690867900848388671875" lon="-80.13307311572134494781494140625">
        <ele>489.79998779296875</ele>
        <time>2025-05-19T18:14:27.000Z</time>
        <extensions>
          <ns3:TrackPointExtension>
            <ns3:hr>124</ns3:hr>
          </ns3:TrackPointExtension>
        </extensions>
      </trkpt>
      <trkpt lat="44.1147838532924652099609375" lon="-80.1330410130321979522705078125">
        <ele>489.600006103515625</ele>
        <time>2025-05-19T18:14:29.000Z</time>
        <extensions>
          <ns3:TrackPointExtension>
            <ns3:hr>124</ns3:hr>
          </ns3:TrackPointExtension>
        </extensions>
      </trkpt>
      <trkpt lat="44.11484462209045886993408203125" lon="-80.13296817429363727569580078125">
        <ele>489</ele>
        <time>2025-05-19T18:14:35.000Z</time>
        <extensions>
          <ns3:TrackPointExtension>
            <ns3:hr>124</ns3:hr>
          </ns3:TrackPointExtension>
        </extensions>
      </trkpt>
      <trkpt lat="44.11488711833953857421875" lon="-80.13286088593304157257080078125">
        <ele>488.600006103515625</ele>
        <time>2025-05-19T18:14:42.000Z</time>
        <extensions>
          <ns3:TrackPointExtension>
            <ns3:hr>123</ns3:hr>
          </ns3:TrackPointExtension>
        </extensions>
      </trkpt>
      <trkpt lat="44.1148876212537288665771484375" lon="-80.132844708859920501708984375">
        <ele>488.600006103515625</ele>
        <time>2025-05-19T18:14:43.000Z</time>
        <extensions>
          <ns3:TrackPointExtension>
            <ns3:hr>124</ns3:hr>
          </ns3:TrackPointExtension>
        </extensions>
      </trkpt>
      <trkpt lat="44.11493665538728237152099609375" lon="-80.13275451958179473876953125">
        <ele>488</ele>
        <time>2025-05-19T18:14:50.000Z</time>
        <extensions>
          <ns3:TrackPointExtension>
            <ns3:hr>124</ns3:hr>
          </ns3:TrackPointExtension>
        </extensions>
      </trkpt>
      <trkpt lat="44.11494721658527851104736328125" lon="-80.13273951597511768341064453125">
        <ele>488</ele>
        <time>2025-05-19T18:14:51.000Z</time>
        <extensions>
          <ns3:TrackPointExtension>
            <ns3:hr>125</ns3:hr>
          </ns3:TrackPointExtension>
        </extensions>
      </trkpt>
      <trkpt lat="44.1149677522480487823486328125" lon="-80.1326779089868068695068359375">
        <ele>487.79998779296875</ele>
        <time>2025-05-19T18:14:54.000Z</time>
        <extensions>
          <ns3:TrackPointExtension>
            <ns3:hr>122</ns3:hr>
          </ns3:TrackPointExtension>
        </extensions>
      </trkpt>
      <trkpt lat="44.11497286520898342132568359375" lon="-80.13266064226627349853515625">
        <ele>487.600006103515625</ele>
        <time>2025-05-19T18:14:55.000Z</time>
        <extensions>
          <ns3:TrackPointExtension>
            <ns3:hr>121</ns3:hr>
          </ns3:TrackPointExtension>
        </extensions>
      </trkpt>
      <trkpt lat="44.1149841807782649993896484375" lon="-80.1326058246195316314697265625">
        <ele>487.399993896484375</ele>
        <time>2025-05-19T18:14:58.000Z</time>
        <extensions>
          <ns3:TrackPointExtension>
            <ns3:hr>122</ns3:hr>
          </ns3:TrackPointExtension>
        </extensions>
      </trkpt>
      <trkpt lat="44.11498107947409152984619140625" lon="-80.13258730061352252960205078125">
        <ele>487.20001220703125</ele>
        <time>2025-05-19T18:14:59.000Z</time>
        <extensions>
          <ns3:TrackPointExtension>
            <ns3:hr>122</ns3:hr>
          </ns3:TrackPointExtension>
        </extensions>
      </trkpt>
      <trkpt lat="44.1149660758674144744873046875" lon="-80.1325099356472492218017578125">
        <ele>486.399993896484375</ele>
        <time>2025-05-19T18:15:03.000Z</time>
        <extensions>
          <ns3:TrackPointExtension>
            <ns3:hr>123</ns3:hr>
          </ns3:TrackPointExtension>
        </extensions>
      </trkpt>
      <trkpt lat="44.11496045999228954315185546875" lon="-80.1324878074228763580322265625">
        <ele>486.20001220703125</ele>
        <time>2025-05-19T18:15:04.000Z</time>
        <extensions>
          <ns3:TrackPointExtension>
            <ns3:hr>123</ns3:hr>
          </ns3:TrackPointExtension>
        </extensions>
      </trkpt>
      <trkpt lat="44.11495408974587917327880859375" lon="-80.1323982886970043182373046875">
        <ele>485.79998779296875</ele>
        <time>2025-05-19T18:15:09.000Z</time>
        <extensions>
          <ns3:TrackPointExtension>
            <ns3:hr>120</ns3:hr>
          </ns3:TrackPointExtension>
        </extensions>
      </trkpt>
      <trkpt lat="44.11497764289379119873046875" lon="-80.13237071223556995391845703125">
        <ele>485.79998779296875</ele>
        <time>2025-05-19T18:15:11.000Z</time>
        <extensions>
          <ns3:TrackPointExtension>
            <ns3:hr>119</ns3:hr>
          </ns3:TrackPointExtension>
        </extensions>
      </trkpt>
      <trkpt lat="44.11502659320831298828125" lon="-80.132241547107696533203125">
        <ele>485.399993896484375</ele>
        <time>2025-05-19T18:15:20.000Z</time>
        <extensions>
          <ns3:TrackPointExtension>
            <ns3:hr>120</ns3:hr>
          </ns3:TrackPointExtension>
        </extensions>
      </trkpt>
      <trkpt lat="44.11503321491181850433349609375" lon="-80.132230818271636962890625">
        <ele>485.399993896484375</ele>
        <time>2025-05-19T18:15:21.000Z</time>
        <extensions>
          <ns3:TrackPointExtension>
            <ns3:hr>121</ns3:hr>
          </ns3:TrackPointExtension>
        </extensions>
      </trkpt>
      <trkpt lat="44.11504126153886318206787109375" lon="-80.13221916742622852325439453125">
        <ele>485.399993896484375</ele>
        <time>2025-05-19T18:15:22.000Z</time>
        <extensions>
          <ns3:TrackPointExtension>
            <ns3:hr>120</ns3:hr>
          </ns3:TrackPointExtension>
        </extensions>
      </trkpt>
      <trkpt lat="44.1150842607021331787109375" lon="-80.132156051695346832275390625">
        <ele>485</ele>
        <time>2025-05-19T18:15:27.000Z</time>
        <extensions>
          <ns3:TrackPointExtension>
            <ns3:hr>120</ns3:hr>
          </ns3:TrackPointExtension>
        </extensions>
      </trkpt>
      <trkpt lat="44.1150958277285099029541015625" lon="-80.13210819102823734283447265625">
        <ele>484.600006103515625</ele>
        <time>2025-05-19T18:15:30.000Z</time>
        <extensions>
          <ns3:TrackPointExtension>
            <ns3:hr>120</ns3:hr>
          </ns3:TrackPointExtension>
        </extensions>
      </trkpt>
      <trkpt lat="44.1150938160717487335205078125" lon="-80.13208287768065929412841796875">
        <ele>484.399993896484375</ele>
        <time>2025-05-19T18:15:31.000Z</time>
        <extensions>
          <ns3:TrackPointExtension>
            <ns3:hr>120</ns3:hr>
          </ns3:TrackPointExtension>
        </extensions>
      </trkpt>
      <trkpt lat="44.11509968340396881103515625" lon="-80.13202738948166370391845703125">
        <ele>484</ele>
        <time>2025-05-19T18:15:34.000Z</time>
        <extensions>
          <ns3:TrackPointExtension>
            <ns3:hr>120</ns3:hr>
          </ns3:TrackPointExtension>
        </extensions>
      </trkpt>
      <trkpt lat="44.11511502228677272796630859375" lon="-80.13193971477448940277099609375">
        <ele>483.20001220703125</ele>
        <time>2025-05-19T18:15:40.000Z</time>
        <extensions>
          <ns3:TrackPointExtension>
            <ns3:hr>120</ns3:hr>
          </ns3:TrackPointExtension>
        </extensions>
      </trkpt>
      <trkpt lat="44.11512558348476886749267578125" lon="-80.13187869451940059661865234375">
        <ele>482.79998779296875</ele>
        <time>2025-05-19T18:15:44.000Z</time>
        <extensions>
          <ns3:TrackPointExtension>
            <ns3:hr>120</ns3:hr>
          </ns3:TrackPointExtension>
        </extensions>
      </trkpt>
      <trkpt lat="44.11514402367174625396728515625" lon="-80.131763778626918792724609375">
        <ele>482.20001220703125</ele>
        <time>2025-05-19T18:15:50.000Z</time>
        <extensions>
          <ns3:TrackPointExtension>
            <ns3:hr>119</ns3:hr>
          </ns3:TrackPointExtension>
        </extensions>
      </trkpt>
      <trkpt lat="44.11515726707875728607177734375" lon="-80.13170485384762287139892578125">
        <ele>482.20001220703125</ele>
        <time>2025-05-19T18:15:53.000Z</time>
        <extensions>
          <ns3:TrackPointExtension>
            <ns3:hr>118</ns3:hr>
          </ns3:TrackPointExtension>
        </extensions>
      </trkpt>
      <trkpt lat="44.11520303227007389068603515625" lon="-80.13155196793377399444580078125">
        <ele>481.79998779296875</ele>
        <time>2025-05-19T18:16:02.000Z</time>
        <extensions>
          <ns3:TrackPointExtension>
            <ns3:hr>116</ns3:hr>
          </ns3:TrackPointExtension>
        </extensions>
      </trkpt>
      <trkpt lat="44.11525391042232513427734375" lon="-80.13140670955181121826171875">
        <ele>482</ele>
        <time>2025-05-19T18:16:10.000Z</time>
        <extensions>
          <ns3:TrackPointExtension>
            <ns3:hr>119</ns3:hr>
          </ns3:TrackPointExtension>
        </extensions>
      </trkpt>
      <trkpt lat="44.11525215022265911102294921875" lon="-80.13126061297953128814697265625">
        <ele>482.399993896484375</ele>
        <time>2025-05-19T18:16:18.000Z</time>
        <extensions>
          <ns3:TrackPointExtension>
            <ns3:hr>121</ns3:hr>
          </ns3:TrackPointExtension>
        </extensions>
      </trkpt>
      <trkpt lat="44.115264974534511566162109375" lon="-80.13112868182361125946044921875">
        <ele>482.600006103515625</ele>
        <time>2025-05-19T18:16:25.000Z</time>
        <extensions>
          <ns3:TrackPointExtension>
            <ns3:hr>119</ns3:hr>
          </ns3:TrackPointExtension>
        </extensions>
      </trkpt>
      <trkpt lat="44.11526908166706562042236328125" lon="-80.13111040927469730377197265625">
        <ele>482.600006103515625</ele>
        <time>2025-05-19T18:16:26.000Z</time>
        <extensions>
          <ns3:TrackPointExtension>
            <ns3:hr>122</ns3:hr>
          </ns3:TrackPointExtension>
        </extensions>
      </trkpt>
      <trkpt lat="44.11527243442833423614501953125" lon="-80.131090544164180755615234375">
        <ele>482.399993896484375</ele>
        <time>2025-05-19T18:16:27.000Z</time>
        <extensions>
          <ns3:TrackPointExtension>
            <ns3:hr>119</ns3:hr>
          </ns3:TrackPointExtension>
        </extensions>
      </trkpt>
      <trkpt lat="44.11529959179461002349853515625" lon="-80.130959786474704742431640625">
        <ele>482.399993896484375</ele>
        <time>2025-05-19T18:16:34.000Z</time>
        <extensions>
          <ns3:TrackPointExtension>
            <ns3:hr>119</ns3:hr>
          </ns3:TrackPointExtension>
        </extensions>
      </trkpt>
      <trkpt lat="44.1153415851294994354248046875" lon="-80.13088124804198741912841796875">
        <ele>482</ele>
        <time>2025-05-19T18:16:39.000Z</time>
        <extensions>
          <ns3:TrackPointExtension>
            <ns3:hr>122</ns3:hr>
          </ns3:TrackPointExtension>
        </extensions>
      </trkpt>
      <trkpt lat="44.1153663955628871917724609375" lon="-80.13083883561193943023681640625">
        <ele>481.600006103515625</ele>
        <time>2025-05-19T18:16:42.000Z</time>
        <extensions>
          <ns3:TrackPointExtension>
            <ns3:hr>119</ns3:hr>
          </ns3:TrackPointExtension>
        </extensions>
      </trkpt>
      <trkpt lat="44.1153798066079616546630859375" lon="-80.13077236711978912353515625">
        <ele>481.20001220703125</ele>
        <time>2025-05-19T18:16:46.000Z</time>
        <extensions>
          <ns3:TrackPointExtension>
            <ns3:hr>120</ns3:hr>
          </ns3:TrackPointExtension>
        </extensions>
      </trkpt>
      <trkpt lat="44.115387685596942901611328125" lon="-80.13074043206870555877685546875">
        <ele>480.79998779296875</ele>
        <time>2025-05-19T18:16:49.000Z</time>
        <extensions>
          <ns3:TrackPointExtension>
            <ns3:hr>120</ns3:hr>
          </ns3:TrackPointExtension>
        </extensions>
      </trkpt>
      <trkpt lat="44.11538676358759403228759765625" lon="-80.13064387254416942596435546875">
        <ele>480</ele>
        <time>2025-05-19T18:16:55.000Z</time>
        <extensions>
          <ns3:TrackPointExtension>
            <ns3:hr>120</ns3:hr>
          </ns3:TrackPointExtension>
        </extensions>
      </trkpt>
      <trkpt lat="44.11538709886372089385986328125" lon="-80.13062886893749237060546875">
        <ele>479.79998779296875</ele>
        <time>2025-05-19T18:16:56.000Z</time>
        <extensions>
          <ns3:TrackPointExtension>
            <ns3:hr>120</ns3:hr>
          </ns3:TrackPointExtension>
        </extensions>
      </trkpt>
      <trkpt lat="44.1153938882052898406982421875" lon="-80.1305844448506832122802734375">
        <ele>478.79998779296875</ele>
        <time>2025-05-19T18:16:59.000Z</time>
        <extensions>
          <ns3:TrackPointExtension>
            <ns3:hr>120</ns3:hr>
          </ns3:TrackPointExtension>
        </extensions>
      </trkpt>
      <trkpt lat="44.11541744135320186614990234375" lon="-80.13053230941295623779296875">
        <ele>477.79998779296875</ele>
        <time>2025-05-19T18:17:03.000Z</time>
        <extensions>
          <ns3:TrackPointExtension>
            <ns3:hr>120</ns3:hr>
          </ns3:TrackPointExtension>
        </extensions>
      </trkpt>
      <trkpt lat="44.11542498506605625152587890625" lon="-80.130517221987247467041015625">
        <ele>477.600006103515625</ele>
        <time>2025-05-19T18:17:04.000Z</time>
        <extensions>
          <ns3:TrackPointExtension>
            <ns3:hr>120</ns3:hr>
          </ns3:TrackPointExtension>
        </extensions>
      </trkpt>
      <trkpt lat="44.11544074304401874542236328125" lon="-80.13046667911112308502197265625">
        <ele>476.600006103515625</ele>
        <time>2025-05-19T18:17:07.000Z</time>
        <extensions>
          <ns3:TrackPointExtension>
            <ns3:hr>120</ns3:hr>
          </ns3:TrackPointExtension>
        </extensions>
      </trkpt>
      <trkpt lat="44.115475527942180633544921875" lon="-80.1303950138390064239501953125">
        <ele>476</ele>
        <time>2025-05-19T18:17:12.000Z</time>
        <extensions>
          <ns3:TrackPointExtension>
            <ns3:hr>119</ns3:hr>
          </ns3:TrackPointExtension>
        </extensions>
      </trkpt>
      <trkpt lat="44.11548634059727191925048828125" lon="-80.13032586313784122467041015625">
        <ele>475.399993896484375</ele>
        <time>2025-05-19T18:17:16.000Z</time>
        <extensions>
          <ns3:TrackPointExtension>
            <ns3:hr>119</ns3:hr>
          </ns3:TrackPointExtension>
        </extensions>
      </trkpt>
      <trkpt lat="44.1154931299388408660888671875" lon="-80.13028412126004695892333984375">
        <ele>475.20001220703125</ele>
        <time>2025-05-19T18:17:18.000Z</time>
        <extensions>
          <ns3:TrackPointExtension>
            <ns3:hr>119</ns3:hr>
          </ns3:TrackPointExtension>
        </extensions>
      </trkpt>
      <trkpt lat="44.11555138416588306427001953125" lon="-80.13012805022299289703369140625">
        <ele>474.79998779296875</ele>
        <time>2025-05-19T18:17:26.000Z</time>
        <extensions>
          <ns3:TrackPointExtension>
            <ns3:hr>118</ns3:hr>
          </ns3:TrackPointExtension>
        </extensions>
      </trkpt>
      <trkpt lat="44.1155799664556980133056640625" lon="-80.12999310158193111419677734375">
        <ele>474.600006103515625</ele>
        <time>2025-05-19T18:17:35.000Z</time>
        <extensions>
          <ns3:TrackPointExtension>
            <ns3:hr>118</ns3:hr>
          </ns3:TrackPointExtension>
        </extensions>
      </trkpt>
      <trkpt lat="44.1155900247395038604736328125" lon="-80.12996443547308444976806640625">
        <ele>474.399993896484375</ele>
        <time>2025-05-19T18:17:37.000Z</time>
        <extensions>
          <ns3:TrackPointExtension>
            <ns3:hr>117</ns3:hr>
          </ns3:TrackPointExtension>
        </extensions>
      </trkpt>
      <trkpt lat="44.115616343915462493896484375" lon="-80.12986418791115283966064453125">
        <ele>473.399993896484375</ele>
        <time>2025-05-19T18:17:45.000Z</time>
        <extensions>
          <ns3:TrackPointExtension>
            <ns3:hr>117</ns3:hr>
          </ns3:TrackPointExtension>
        </extensions>
      </trkpt>
      <trkpt lat="44.11561609245836734771728515625" lon="-80.12984943576157093048095703125">
        <ele>473</ele>
        <time>2025-05-19T18:17:46.000Z</time>
        <extensions>
          <ns3:TrackPointExtension>
            <ns3:hr>117</ns3:hr>
          </ns3:TrackPointExtension>
        </extensions>
      </trkpt>
      <trkpt lat="44.11562078632414340972900390625" lon="-80.12977768667042255401611328125">
        <ele>472.20001220703125</ele>
        <time>2025-05-19T18:17:51.000Z</time>
        <extensions>
          <ns3:TrackPointExtension>
            <ns3:hr>117</ns3:hr>
          </ns3:TrackPointExtension>
        </extensions>
      </trkpt>
      <trkpt lat="44.11562179215252399444580078125" lon="-80.129741393029689788818359375">
        <ele>471.600006103515625</ele>
        <time>2025-05-19T18:17:54.000Z</time>
        <extensions>
          <ns3:TrackPointExtension>
            <ns3:hr>117</ns3:hr>
          </ns3:TrackPointExtension>
        </extensions>
      </trkpt>
      <trkpt lat="44.11561978049576282501220703125" lon="-80.12971029616892337799072265625">
        <ele>471</ele>
        <time>2025-05-19T18:17:57.000Z</time>
        <extensions>
          <ns3:TrackPointExtension>
            <ns3:hr>117</ns3:hr>
          </ns3:TrackPointExtension>
        </extensions>
      </trkpt>
      <trkpt lat="44.1156222112476825714111328125" lon="-80.1296248845756053924560546875">
        <ele>469.79998779296875</ele>
        <time>2025-05-19T18:18:03.000Z</time>
        <extensions>
          <ns3:TrackPointExtension>
            <ns3:hr>116</ns3:hr>
          </ns3:TrackPointExtension>
        </extensions>
      </trkpt>
      <trkpt lat="44.11562849767506122589111328125" lon="-80.12959764339029788970947265625">
        <ele>469.600006103515625</ele>
        <time>2025-05-19T18:18:05.000Z</time>
        <extensions>
          <ns3:TrackPointExtension>
            <ns3:hr>112</ns3:hr>
          </ns3:TrackPointExtension>
        </extensions>
      </trkpt>
      <trkpt lat="44.1156346164643764495849609375" lon="-80.12956914491951465606689453125">
        <ele>469.399993896484375</ele>
        <time>2025-05-19T18:18:07.000Z</time>
        <extensions>
          <ns3:TrackPointExtension>
            <ns3:hr>110</ns3:hr>
          </ns3:TrackPointExtension>
        </extensions>
      </trkpt>
      <trkpt lat="44.11565087735652923583984375" lon="-80.1295226253569126129150390625">
        <ele>468.79998779296875</ele>
        <time>2025-05-19T18:18:10.000Z</time>
        <extensions>
          <ns3:TrackPointExtension>
            <ns3:hr>111</ns3:hr>
          </ns3:TrackPointExtension>
        </extensions>
      </trkpt>
      <trkpt lat="44.115659259259700775146484375" lon="-80.1293764449656009674072265625">
        <ele>467.600006103515625</ele>
        <time>2025-05-19T18:18:19.000Z</time>
        <extensions>
          <ns3:TrackPointExtension>
            <ns3:hr>110</ns3:hr>
          </ns3:TrackPointExtension>
        </extensions>
      </trkpt>
      <trkpt lat="44.1156641207635402679443359375" lon="-80.1293573342263698577880859375">
        <ele>467.600006103515625</ele>
        <time>2025-05-19T18:18:20.000Z</time>
        <extensions>
          <ns3:TrackPointExtension>
            <ns3:hr>111</ns3:hr>
          </ns3:TrackPointExtension>
        </extensions>
      </trkpt>
      <trkpt lat="44.11567627452313899993896484375" lon="-80.12926203198730945587158203125">
        <ele>466.600006103515625</ele>
        <time>2025-05-19T18:18:25.000Z</time>
        <extensions>
          <ns3:TrackPointExtension>
            <ns3:hr>111</ns3:hr>
          </ns3:TrackPointExtension>
        </extensions>
      </trkpt>
      <trkpt lat="44.11568448878824710845947265625" lon="-80.12912339530885219573974609375">
        <ele>465.600006103515625</ele>
        <time>2025-05-19T18:18:33.000Z</time>
        <extensions>
          <ns3:TrackPointExtension>
            <ns3:hr>114</ns3:hr>
          </ns3:TrackPointExtension>
        </extensions>
      </trkpt>
      <trkpt lat="44.1156942956149578094482421875" lon="-80.1290706731379032135009765625">
        <ele>465.20001220703125</ele>
        <time>2025-05-19T18:18:36.000Z</time>
        <extensions>
          <ns3:TrackPointExtension>
            <ns3:hr>113</ns3:hr>
          </ns3:TrackPointExtension>
        </extensions>
      </trkpt>
      <trkpt lat="44.11571550182998180389404296875" lon="-80.12903320603072643280029296875">
        <ele>465.20001220703125</ele>
        <time>2025-05-19T18:18:38.000Z</time>
        <extensions>
          <ns3:TrackPointExtension>
            <ns3:hr>116</ns3:hr>
          </ns3:TrackPointExtension>
        </extensions>
      </trkpt>
      <trkpt lat="44.115758836269378662109375" lon="-80.12891896069049835205078125">
        <ele>465.20001220703125</ele>
        <time>2025-05-19T18:18:45.000Z</time>
        <extensions>
          <ns3:TrackPointExtension>
            <ns3:hr>112</ns3:hr>
          </ns3:TrackPointExtension>
        </extensions>
      </trkpt>
      <trkpt lat="44.115764535963535308837890625" lon="-80.128887109458446502685546875">
        <ele>465.20001220703125</ele>
        <time>2025-05-19T18:18:47.000Z</time>
        <extensions>
          <ns3:TrackPointExtension>
            <ns3:hr>115</ns3:hr>
          </ns3:TrackPointExtension>
        </extensions>
      </trkpt>
      <trkpt lat="44.115769565105438232421875" lon="-80.12887143529951572418212890625">
        <ele>465.20001220703125</ele>
        <time>2025-05-19T18:18:48.000Z</time>
        <extensions>
          <ns3:TrackPointExtension>
            <ns3:hr>113</ns3:hr>
          </ns3:TrackPointExtension>
        </extensions>
      </trkpt>
      <trkpt lat="44.115793369710445404052734375" lon="-80.12878744862973690032958984375">
        <ele>465</ele>
        <time>2025-05-19T18:18:54.000Z</time>
        <extensions>
          <ns3:TrackPointExtension>
            <ns3:hr>117</ns3:hr>
          </ns3:TrackPointExtension>
        </extensions>
      </trkpt>
      <trkpt lat="44.1158361174166202545166015625" lon="-80.12857832014560699462890625">
        <ele>464.79998779296875</ele>
        <time>2025-05-19T18:19:05.000Z</time>
        <extensions>
          <ns3:TrackPointExtension>
            <ns3:hr>118</ns3:hr>
          </ns3:TrackPointExtension>
        </extensions>
      </trkpt>
      <trkpt lat="44.115857742726802825927734375" lon="-80.1284792460501194000244140625">
        <ele>464.600006103515625</ele>
        <time>2025-05-19T18:19:10.000Z</time>
        <extensions>
          <ns3:TrackPointExtension>
            <ns3:hr>117</ns3:hr>
          </ns3:TrackPointExtension>
        </extensions>
      </trkpt>
      <trkpt lat="44.115903340280055999755859375" lon="-80.12837086804211139678955078125">
        <ele>463.399993896484375</ele>
        <time>2025-05-19T18:19:18.000Z</time>
        <extensions>
          <ns3:TrackPointExtension>
            <ns3:hr>118</ns3:hr>
          </ns3:TrackPointExtension>
        </extensions>
      </trkpt>
      <trkpt lat="44.11590476520359516143798828125" lon="-80.12831001542508602142333984375">
        <ele>463.20001220703125</ele>
        <time>2025-05-19T18:19:22.000Z</time>
        <extensions>
          <ns3:TrackPointExtension>
            <ns3:hr>118</ns3:hr>
          </ns3:TrackPointExtension>
        </extensions>
      </trkpt>
      <trkpt lat="44.115896634757518768310546875" lon="-80.12825419194996356964111328125">
        <ele>463</ele>
        <time>2025-05-19T18:19:28.000Z</time>
        <extensions>
          <ns3:TrackPointExtension>
            <ns3:hr>115</ns3:hr>
          </ns3:TrackPointExtension>
        </extensions>
      </trkpt>
      <trkpt lat="44.115906022489070892333984375" lon="-80.12821513228118419647216796875">
        <ele>462.600006103515625</ele>
        <time>2025-05-19T18:19:32.000Z</time>
        <extensions>
          <ns3:TrackPointExtension>
            <ns3:hr>116</ns3:hr>
          </ns3:TrackPointExtension>
        </extensions>
      </trkpt>
      <trkpt lat="44.1159264743328094482421875" lon="-80.12817909009754657745361328125">
        <ele>462.399993896484375</ele>
        <time>2025-05-19T18:19:35.000Z</time>
        <extensions>
          <ns3:TrackPointExtension>
            <ns3:hr>118</ns3:hr>
          </ns3:TrackPointExtension>
        </extensions>
      </trkpt>
      <trkpt lat="44.115982465445995330810546875" lon="-80.12810298241674900054931640625">
        <ele>461.399993896484375</ele>
        <time>2025-05-19T18:19:43.000Z</time>
        <extensions>
          <ns3:TrackPointExtension>
            <ns3:hr>116</ns3:hr>
          </ns3:TrackPointExtension>
        </extensions>
      </trkpt>
      <trkpt lat="44.11600652150809764862060546875" lon="-80.12808420695364475250244140625">
        <ele>461.20001220703125</ele>
        <time>2025-05-19T18:19:50.000Z</time>
        <extensions>
          <ns3:TrackPointExtension>
            <ns3:hr>113</ns3:hr>
          </ns3:TrackPointExtension>
        </extensions>
      </trkpt>
      <trkpt lat="44.1160248778760433197021484375" lon="-80.12808571569621562957763671875">
        <ele>461.20001220703125</ele>
        <time>2025-05-19T18:19:53.000Z</time>
        <extensions>
          <ns3:TrackPointExtension>
            <ns3:hr>110</ns3:hr>
          </ns3:TrackPointExtension>
        </extensions>
      </trkpt>
      <trkpt lat="44.11603082902729511260986328125" lon="-80.12808588333427906036376953125">
        <ele>461.20001220703125</ele>
        <time>2025-05-19T18:19:54.000Z</time>
        <extensions>
          <ns3:TrackPointExtension>
            <ns3:hr>108</ns3:hr>
          </ns3:TrackPointExtension>
        </extensions>
      </trkpt>
      <trkpt lat="44.11605144850909709930419921875" lon="-80.128081105649471282958984375">
        <ele>461</ele>
        <time>2025-05-19T18:19:58.000Z</time>
        <extensions>
          <ns3:TrackPointExtension>
            <ns3:hr>105</ns3:hr>
          </ns3:TrackPointExtension>
        </extensions>
      </trkpt>
      <trkpt lat="44.11609704606235027313232421875" lon="-80.128079764544963836669921875">
        <ele>461</ele>
        <time>2025-05-19T18:20:02.000Z</time>
        <extensions>
          <ns3:TrackPointExtension>
            <ns3:hr>108</ns3:hr>
          </ns3:TrackPointExtension>
        </extensions>
      </trkpt>
      <trkpt lat="44.11615421064198017120361328125" lon="-80.1280896551907062530517578125">
        <ele>460.79998779296875</ele>
        <time>2025-05-19T18:20:07.000Z</time>
        <extensions>
          <ns3:TrackPointExtension>
            <ns3:hr>107</ns3:hr>
          </ns3:TrackPointExtension>
        </extensions>
      </trkpt>
      <trkpt lat="44.116167537868022918701171875" lon="-80.12809426523745059967041015625">
        <ele>460.600006103515625</ele>
        <time>2025-05-19T18:20:08.000Z</time>
        <extensions>
          <ns3:TrackPointExtension>
            <ns3:hr>108</ns3:hr>
          </ns3:TrackPointExtension>
        </extensions>
      </trkpt>
      <trkpt lat="44.11621020175516605377197265625" lon="-80.128102563321590423583984375">
        <ele>460.399993896484375</ele>
        <time>2025-05-19T18:20:12.000Z</time>
        <extensions>
          <ns3:TrackPointExtension>
            <ns3:hr>110</ns3:hr>
          </ns3:TrackPointExtension>
        </extensions>
      </trkpt>
      <trkpt lat="44.1162226907908916473388671875" lon="-80.1281074248254299163818359375">
        <ele>460.399993896484375</ele>
        <time>2025-05-19T18:20:13.000Z</time>
        <extensions>
          <ns3:TrackPointExtension>
            <ns3:hr>114</ns3:hr>
          </ns3:TrackPointExtension>
        </extensions>
      </trkpt>
      <trkpt lat="44.1162357665598392486572265625" lon="-80.12810801155865192413330078125">
        <ele>460.399993896484375</ele>
        <time>2025-05-19T18:20:14.000Z</time>
        <extensions>
          <ns3:TrackPointExtension>
            <ns3:hr>110</ns3:hr>
          </ns3:TrackPointExtension>
        </extensions>
      </trkpt>
      <trkpt lat="44.11627926863729953765869140625" lon="-80.128115303814411163330078125">
        <ele>460.20001220703125</ele>
        <time>2025-05-19T18:20:17.000Z</time>
        <extensions>
          <ns3:TrackPointExtension>
            <ns3:hr>113</ns3:hr>
          </ns3:TrackPointExtension>
        </extensions>
      </trkpt>
      <trkpt lat="44.116349928081035614013671875" lon="-80.12813986279070377349853515625">
        <ele>459.79998779296875</ele>
        <time>2025-05-19T18:20:22.000Z</time>
        <extensions>
          <ns3:TrackPointExtension>
            <ns3:hr>115</ns3:hr>
          </ns3:TrackPointExtension>
        </extensions>
      </trkpt>
      <trkpt lat="44.1164758242666721343994140625" lon="-80.1281868852674961090087890625">
        <ele>459.399993896484375</ele>
        <time>2025-05-19T18:20:31.000Z</time>
        <extensions>
          <ns3:TrackPointExtension>
            <ns3:hr>116</ns3:hr>
          </ns3:TrackPointExtension>
        </extensions>
      </trkpt>
      <trkpt lat="44.11657531745731830596923828125" lon="-80.12822468765079975128173828125">
        <ele>459</ele>
        <time>2025-05-19T18:20:39.000Z</time>
        <extensions>
          <ns3:TrackPointExtension>
            <ns3:hr>115</ns3:hr>
          </ns3:TrackPointExtension>
        </extensions>
      </trkpt>
      <trkpt lat="44.1167148761451244354248046875" lon="-80.12829040177166461944580078125">
        <ele>459</ele>
        <time>2025-05-19T18:20:52.000Z</time>
        <extensions>
          <ns3:TrackPointExtension>
            <ns3:hr>114</ns3:hr>
          </ns3:TrackPointExtension>
        </extensions>
      </trkpt>
      <trkpt lat="44.1168288700282573699951171875" lon="-80.1283391006290912628173828125">
        <ele>459.600006103515625</ele>
        <time>2025-05-19T18:21:05.000Z</time>
        <extensions>
          <ns3:TrackPointExtension>
            <ns3:hr>115</ns3:hr>
          </ns3:TrackPointExtension>
        </extensions>
      </trkpt>
      <trkpt lat="44.11684043705463409423828125" lon="-80.12834236957132816314697265625">
        <ele>460.20001220703125</ele>
        <time>2025-05-19T18:21:09.000Z</time>
        <extensions>
          <ns3:TrackPointExtension>
            <ns3:hr>115</ns3:hr>
          </ns3:TrackPointExtension>
        </extensions>
      </trkpt>
    </trkseg>
  </trk>
</gpx>
