<?xml version="1.0" encoding="UTF-8"?>
<gpx creator="Garmin Connect" version="1.1"
  xsi:schemaLocation="http://www.topografix.com/GPX/1/1 http://www.topografix.com/GPX/11.xsd"
  xmlns:ns3="http://www.garmin.com/xmlschemas/TrackPointExtension/v1"
  xmlns="http://www.topografix.com/GPX/1/1"
  xmlns:xsi="http://www.w3.org/2001/XMLSchema-instance" xmlns:ns2="http://www.garmin.com/xmlschemas/GpxExtensions/v3">
  <metadata>
    <link href="connect.garmin.com">
      <text>Garmin Connect</text>
    </link>
    <time>2026-10-05T14:30:23.000Z</time>
  </metadata>
  <trk>
    <name>Clearview Walking</name>
    <type>walking</type>
    <trkseg>
      <trkpt lat="44.34271462261676788330078125" lon="-80.21050865761935710906982421875">
        <ele>495.20001220703125</ele>
        <time>2026-10-05T14:30:23.000Z</time>
        <extensions>
          <ns3:TrackPointExtension/>
        </extensions>
      </trkpt>
      <trkpt lat="44.34270791709423065185546875" lon="-80.21051586605608463287353515625">
        <ele>494</ele>
        <time>2026-10-05T14:30:26.000Z</time>
        <extensions>
          <ns3:TrackPointExtension/>
        </extensions>
      </trkpt>
      <trkpt lat="44.34270749799907207489013671875" lon="-80.2105213142931461334228515625">
        <ele>494</ele>
        <time>2026-10-05T14:30:37.000Z</time>
        <extensions>
          <ns3:TrackPointExtension/>
        </extensions>
      </trkpt>
      <trkpt lat="44.3426938354969024658203125" lon="-80.21052575670182704925537109375">
        <ele>494</ele>
        <time>2026-10-05T14:30:52.000Z</time>
        <extensions>
          <ns3:TrackPointExtension/>
        </extensions>
      </trkpt>
      <trkpt lat="44.342614710330963134765625" lon="-80.210474543273448944091796875">
        <ele>494</ele>
        <time>2026-10-05T14:31:01.000Z</time>
        <extensions>
          <ns3:TrackPointExtension/>
        </extensions>
      </trkpt>
      <trkpt lat="44.3425307236611843109130859375" lon="-80.21045970730483531951904296875">
        <ele>493</ele>
        <time>2026-10-05T14:31:14.000Z</time>
        <extensions>
          <ns3:TrackPointExtension/>
        </extensions>
      </trkpt>
      <trkpt lat="44.3425277061760425567626953125" lon="-80.21046817302703857421875">
        <ele>493</ele>
        <time>2026-10-05T14:31:16.000Z</time>
        <extensions>
          <ns3:TrackPointExtension/>
        </extensions>
      </trkpt>
      <trkpt lat="44.34245168231427669525146484375" lon="-80.210420228540897369384765625">
        <ele>492.600006103515625</ele>
        <time>2026-10-05T14:31:28.000Z</time>
        <extensions>
          <ns3:TrackPointExtension/>
        </extensions>
      </trkpt>
      <trkpt lat="44.34238580055534839630126953125" lon="-80.21040388382971286773681640625">
        <ele>491.79998779296875</ele>
        <time>2026-10-05T14:31:39.000Z</time>
        <extensions>
          <ns3:TrackPointExtension/>
        </extensions>
      </trkpt>
      <trkpt lat="44.34237222187221050262451171875" lon="-80.21039550192654132843017578125">
        <ele>491.20001220703125</ele>
        <time>2026-10-05T14:31:41.000Z</time>
        <extensions>
          <ns3:TrackPointExtension/>
        </extensions>
      </trkpt>
      <trkpt lat="44.342189244925975799560546875" lon="-80.21031620912253856658935546875">
        <ele>490.79998779296875</ele>
        <time>2026-10-05T14:31:57.000Z</time>
        <extensions>
          <ns3:TrackPointExtension/>
        </extensions>
      </trkpt>
      <trkpt lat="44.34217222966253757476806640625" lon="-80.21030732430517673492431640625">
        <ele>490.79998779296875</ele>
        <time>2026-10-05T14:31:59.000Z</time>
        <extensions>
          <ns3:TrackPointExtension/>
        </extensions>
      </trkpt>
      <trkpt lat="44.34212193824350833892822265625" lon="-80.21028754301369190216064453125">
        <ele>490.79998779296875</ele>
        <time>2026-10-05T14:32:03.000Z</time>
        <extensions>
          <ns3:TrackPointExtension/>
        </extensions>
      </trkpt>
      <trkpt lat="44.34195430018007755279541015625" lon="-80.21021068096160888671875">
        <ele>490.600006103515625</ele>
        <time>2026-10-05T14:32:17.000Z</time>
        <extensions>
          <ns3:TrackPointExtension/>
        </extensions>
      </trkpt>
      <trkpt lat="44.341768808662891387939453125" lon="-80.21014697849750518798828125">
        <ele>490.600006103515625</ele>
        <time>2026-10-05T14:32:30.000Z</time>
        <extensions>
          <ns3:TrackPointExtension/>
        </extensions>
      </trkpt>
      <trkpt lat="44.34175346978008747100830078125" lon="-80.2101427875459194183349609375">
        <ele>490.600006103515625</ele>
        <time>2026-10-05T14:32:31.000Z</time>
        <extensions>
          <ns3:TrackPointExtension/>
        </extensions>
      </trkpt>
      <trkpt lat="44.34157962910830974578857421875" lon="-80.210040695965290069580078125">
        <ele>490.600006103515625</ele>
        <time>2026-10-05T14:32:43.000Z</time>
        <extensions>
          <ns3:TrackPointExtension/>
        </extensions>
      </trkpt>
      <trkpt lat="44.34155196882784366607666015625" lon="-80.2100157178938388824462890625">
        <ele>490.79998779296875</ele>
        <time>2026-10-05T14:32:45.000Z</time>
        <extensions>
          <ns3:TrackPointExtension/>
        </extensions>
      </trkpt>
      <trkpt lat="44.34140696190297603607177734375" lon="-80.2099080942571163177490234375">
        <ele>490.399993896484375</ele>
        <time>2026-10-05T14:32:59.000Z</time>
        <extensions>
          <ns3:TrackPointExtension/>
        </extensions>
      </trkpt>
      <trkpt lat="44.341343007981777191162109375" lon="-80.2098554559051990509033203125">
        <ele>489.79998779296875</ele>
        <time>2026-10-05T14:33:04.000Z</time>
        <extensions>
          <ns3:TrackPointExtension/>
        </extensions>
      </trkpt>
      <trkpt lat="44.3411731906235218048095703125" lon="-80.209734924137592315673828125">
        <ele>489.399993896484375</ele>
        <time>2026-10-05T14:33:14.000Z</time>
        <extensions>
          <ns3:TrackPointExtension/>
        </extensions>
      </trkpt>
      <trkpt lat="44.34113681316375732421875" lon="-80.209716819226741790771484375">
        <ele>489.20001220703125</ele>
        <time>2026-10-05T14:33:16.000Z</time>
        <extensions>
          <ns3:TrackPointExtension/>
        </extensions>
      </trkpt>
      <trkpt lat="44.34097789227962493896484375" lon="-80.20956988446414470672607421875">
        <ele>489.20001220703125</ele>
        <time>2026-10-05T14:33:30.000Z</time>
        <extensions>
          <ns3:TrackPointExtension/>
        </extensions>
      </trkpt>
      <trkpt lat="44.34094478376209735870361328125" lon="-80.20954607985913753509521484375">
        <ele>489.20001220703125</ele>
        <time>2026-10-05T14:33:33.000Z</time>
        <extensions>
          <ns3:TrackPointExtension/>
        </extensions>
      </trkpt>
      <trkpt lat="44.340887367725372314453125" lon="-80.20949780009686946868896484375">
        <ele>488.79998779296875</ele>
        <time>2026-10-05T14:33:40.000Z</time>
        <extensions>
          <ns3:TrackPointExtension/>
        </extensions>
      </trkpt>
      <trkpt lat="44.34078904800117015838623046875" lon="-80.20942839793860912322998046875">
        <ele>488.399993896484375</ele>
        <time>2026-10-05T14:33:47.000Z</time>
        <extensions>
          <ns3:TrackPointExtension/>
        </extensions>
      </trkpt>
      <trkpt lat="44.3406297080218791961669921875" lon="-80.209302417933940887451171875">
        <ele>488.399993896484375</ele>
        <time>2026-10-05T14:33:59.000Z</time>
        <extensions>
          <ns3:TrackPointExtension/>
        </extensions>
      </trkpt>
      <trkpt lat="44.34055787511169910430908203125" lon="-80.2092482708394527435302734375">
        <ele>488.399993896484375</ele>
        <time>2026-10-05T14:34:05.000Z</time>
        <extensions>
          <ns3:TrackPointExtension/>
        </extensions>
      </trkpt>
      <trkpt lat="44.34038470499217510223388671875" lon="-80.2091874182224273681640625">
        <ele>488.399993896484375</ele>
        <time>2026-10-05T14:34:18.000Z</time>
        <extensions>
          <ns3:TrackPointExtension/>
        </extensions>
      </trkpt>
      <trkpt lat="44.3402149714529514312744140625" lon="-80.20911843515932559967041015625">
        <ele>488.399993896484375</ele>
        <time>2026-10-05T14:34:32.000Z</time>
        <extensions>
          <ns3:TrackPointExtension/>
        </extensions>
      </trkpt>
      <trkpt lat="44.340083710849285125732421875" lon="-80.20901282317936420440673828125">
        <ele>487.79998779296875</ele>
        <time>2026-10-05T14:34:40.000Z</time>
        <extensions>
          <ns3:TrackPointExtension/>
        </extensions>
      </trkpt>
      <trkpt lat="44.33998413383960723876953125" lon="-80.20891525782644748687744140625">
        <ele>487.600006103515625</ele>
        <time>2026-10-05T14:34:47.000Z</time>
        <extensions>
          <ns3:TrackPointExtension/>
        </extensions>
      </trkpt>
      <trkpt lat="44.33984926901757717132568359375" lon="-80.20873320288956165313720703125">
        <ele>487.79998779296875</ele>
        <time>2026-10-05T14:34:59.000Z</time>
        <extensions>
          <ns3:TrackPointExtension/>
        </extensions>
      </trkpt>
      <trkpt lat="44.3398317508399486541748046875" lon="-80.20869799889624118804931640625">
        <ele>487.79998779296875</ele>
        <time>2026-10-05T14:35:01.000Z</time>
        <extensions>
          <ns3:TrackPointExtension/>
        </extensions>
      </trkpt>
      <trkpt lat="44.339789338409900665283203125" lon="-80.20857310853898525238037109375">
        <ele>487.600006103515625</ele>
        <time>2026-10-05T14:35:09.000Z</time>
        <extensions>
          <ns3:TrackPointExtension/>
        </extensions>
      </trkpt>
      <trkpt lat="44.33973996900022029876708984375" lon="-80.20846389234066009521484375">
        <ele>487.600006103515625</ele>
        <time>2026-10-05T14:35:17.000Z</time>
        <extensions>
          <ns3:TrackPointExtension/>
        </extensions>
      </trkpt>
      <trkpt lat="44.33965279720723628997802734375" lon="-80.2083346433937549591064453125">
        <ele>488</ele>
        <time>2026-10-05T14:35:26.000Z</time>
        <extensions>
          <ns3:TrackPointExtension/>
        </extensions>
      </trkpt>
      <trkpt lat="44.339594207704067230224609375" lon="-80.20825199782848358154296875">
        <ele>488</ele>
        <time>2026-10-05T14:35:33.000Z</time>
        <extensions>
          <ns3:TrackPointExtension/>
        </extensions>
      </trkpt>
      <trkpt lat="44.33956847526133060455322265625" lon="-80.20823380909860134124755859375">
        <ele>488</ele>
        <time>2026-10-05T14:35:35.000Z</time>
        <extensions>
          <ns3:TrackPointExtension/>
        </extensions>
      </trkpt>
      <trkpt lat="44.339501671493053436279296875" lon="-80.20820396952331066131591796875">
        <ele>488.20001220703125</ele>
        <time>2026-10-05T14:35:43.000Z</time>
        <extensions>
          <ns3:TrackPointExtension/>
        </extensions>
      </trkpt>
      <trkpt lat="44.33943419717252254486083984375" lon="-80.2081827633082866668701171875">
        <ele>488.79998779296875</ele>
        <time>2026-10-05T14:35:49.000Z</time>
        <extensions>
          <ns3:TrackPointExtension/>
        </extensions>
      </trkpt>
      <trkpt lat="44.3393791280686855316162109375" lon="-80.208187289535999298095703125">
        <ele>489.20001220703125</ele>
        <time>2026-10-05T14:35:53.000Z</time>
        <extensions>
          <ns3:TrackPointExtension/>
        </extensions>
      </trkpt>
      <trkpt lat="44.33925264514982700347900390625" lon="-80.20817480050027370452880859375">
        <ele>489.79998779296875</ele>
        <time>2026-10-05T14:36:02.000Z</time>
        <extensions>
          <ns3:TrackPointExtension/>
        </extensions>
      </trkpt>
      <trkpt lat="44.339222721755504608154296875" lon="-80.208175890147686004638671875">
        <ele>489.79998779296875</ele>
        <time>2026-10-05T14:36:04.000Z</time>
        <extensions>
          <ns3:TrackPointExtension/>
        </extensions>
      </trkpt>
      <trkpt lat="44.33919682167470455169677734375" lon="-80.20817731507122516632080078125">
        <ele>490</ele>
        <time>2026-10-05T14:36:06.000Z</time>
        <extensions>
          <ns3:TrackPointExtension/>
        </extensions>
      </trkpt>
      <trkpt lat="44.33911752887070178985595703125" lon="-80.20816625095903873443603515625">
        <ele>490.399993896484375</ele>
        <time>2026-10-05T14:36:11.000Z</time>
        <extensions>
          <ns3:TrackPointExtension/>
        </extensions>
      </trkpt>
      <trkpt lat="44.3389865197241306304931640625" lon="-80.20811897702515125274658203125">
        <ele>491</ele>
        <time>2026-10-05T14:36:18.000Z</time>
        <extensions>
          <ns3:TrackPointExtension/>
        </extensions>
      </trkpt>
      <trkpt lat="44.33895927853882312774658203125" lon="-80.20809718407690525054931640625">
        <ele>491.20001220703125</ele>
        <time>2026-10-05T14:36:20.000Z</time>
        <extensions>
          <ns3:TrackPointExtension/>
        </extensions>
      </trkpt>
      <trkpt lat="44.33890328742563724517822265625" lon="-80.20808092318475246429443359375">
        <ele>492</ele>
        <time>2026-10-05T14:36:24.000Z</time>
        <extensions>
          <ns3:TrackPointExtension/>
        </extensions>
      </trkpt>
      <trkpt lat="44.338840506970882415771484375" lon="-80.20806700922548770904541015625">
        <ele>492.399993896484375</ele>
        <time>2026-10-05T14:36:28.000Z</time>
        <extensions>
          <ns3:TrackPointExtension/>
        </extensions>
      </trkpt>
      <trkpt lat="44.33882500045001506805419921875" lon="-80.2080701105296611785888671875">
        <ele>492.399993896484375</ele>
        <time>2026-10-05T14:36:29.000Z</time>
        <extensions>
          <ns3:TrackPointExtension/>
        </extensions>
      </trkpt>
      <trkpt lat="44.33870983310043811798095703125" lon="-80.20808947272598743438720703125">
        <ele>492.600006103515625</ele>
        <time>2026-10-05T14:36:37.000Z</time>
        <extensions>
          <ns3:TrackPointExtension/>
        </extensions>
      </trkpt>
      <trkpt lat="44.33859533630311489105224609375" lon="-80.2081338129937648773193359375">
        <ele>493</ele>
        <time>2026-10-05T14:36:46.000Z</time>
        <extensions>
          <ns3:TrackPointExtension/>
        </extensions>
      </trkpt>
      <trkpt lat="44.33854957111179828643798828125" lon="-80.20815652795135974884033203125">
        <ele>493</ele>
        <time>2026-10-05T14:36:49.000Z</time>
        <extensions>
          <ns3:TrackPointExtension/>
        </extensions>
      </trkpt>
      <trkpt lat="44.33844856917858123779296875" lon="-80.20820505917072296142578125">
        <ele>493</ele>
        <time>2026-10-05T14:36:55.000Z</time>
        <extensions>
          <ns3:TrackPointExtension/>
        </extensions>
      </trkpt>
      <trkpt lat="44.33833918534219264984130859375" lon="-80.208284519612789154052734375">
        <ele>493.600006103515625</ele>
        <time>2026-10-05T14:37:03.000Z</time>
        <extensions>
          <ns3:TrackPointExtension/>
        </extensions>
      </trkpt>
      <trkpt lat="44.33828135021030902862548828125" lon="-80.20834612660109996795654296875">
        <ele>494.20001220703125</ele>
        <time>2026-10-05T14:37:08.000Z</time>
        <extensions>
          <ns3:TrackPointExtension/>
        </extensions>
      </trkpt>
      <trkpt lat="44.3382123671472072601318359375" lon="-80.208368003368377685546875">
        <ele>494.79998779296875</ele>
        <time>2026-10-05T14:37:13.000Z</time>
        <extensions>
          <ns3:TrackPointExtension/>
        </extensions>
      </trkpt>
      <trkpt lat="44.3381607346236705780029296875" lon="-80.2083621360361576080322265625">
        <ele>495.399993896484375</ele>
        <time>2026-10-05T14:37:16.000Z</time>
        <extensions>
          <ns3:TrackPointExtension/>
        </extensions>
      </trkpt>
      <trkpt lat="44.3381080962717533111572265625" lon="-80.20835258066654205322265625">
        <ele>495.600006103515625</ele>
        <time>2026-10-05T14:37:20.000Z</time>
        <extensions>
          <ns3:TrackPointExtension/>
        </extensions>
      </trkpt>
      <trkpt lat="44.3380209244787693023681640625" lon="-80.20832215435802936553955078125">
        <ele>496.399993896484375</ele>
        <time>2026-10-05T14:37:27.000Z</time>
        <extensions>
          <ns3:TrackPointExtension/>
        </extensions>
      </trkpt>
      <trkpt lat="44.33799603022634983062744140625" lon="-80.20830706693232059478759765625">
        <ele>497</ele>
        <time>2026-10-05T14:37:30.000Z</time>
        <extensions>
          <ns3:TrackPointExtension/>
        </extensions>
      </trkpt>
      <trkpt lat="44.33795060031116008758544921875" lon="-80.20827253349125385284423828125">
        <ele>497.600006103515625</ele>
        <time>2026-10-05T14:37:35.000Z</time>
        <extensions>
          <ns3:TrackPointExtension/>
        </extensions>
      </trkpt>
      <trkpt lat="44.33793987147510051727294921875" lon="-80.20826029591262340545654296875">
        <ele>497.79998779296875</ele>
        <time>2026-10-05T14:37:38.000Z</time>
        <extensions>
          <ns3:TrackPointExtension/>
        </extensions>
      </trkpt>
      <trkpt lat="44.33790097944438457489013671875" lon="-80.2082558535039424896240234375">
        <ele>498.20001220703125</ele>
        <time>2026-10-05T14:37:48.000Z</time>
        <extensions>
          <ns3:TrackPointExtension/>
        </extensions>
      </trkpt>
      <trkpt lat="44.337838701903820037841796875" lon="-80.208246298134326934814453125">
        <ele>498.20001220703125</ele>
        <time>2026-10-05T14:37:59.000Z</time>
        <extensions>
          <ns3:TrackPointExtension/>
        </extensions>
      </trkpt>
      <trkpt lat="44.33781414292752742767333984375" lon="-80.20837177522480487823486328125">
        <ele>498.20001220703125</ele>
        <time>2026-10-05T14:38:09.000Z</time>
        <extensions>
          <ns3:TrackPointExtension/>
        </extensions>
      </trkpt>
      <trkpt lat="44.3378050066530704498291015625" lon="-80.20845509134232997894287109375">
        <ele>498.600006103515625</ele>
        <time>2026-10-05T14:38:15.000Z</time>
        <extensions>
          <ns3:TrackPointExtension/>
        </extensions>
      </trkpt>
      <trkpt lat="44.33780810795724391937255859375" lon="-80.20854310132563114166259765625">
        <ele>499.20001220703125</ele>
        <time>2026-10-05T14:38:24.000Z</time>
        <extensions>
          <ns3:TrackPointExtension/>
        </extensions>
      </trkpt>
      <trkpt lat="44.3377912603318691253662109375" lon="-80.208576880395412445068359375">
        <ele>499.399993896484375</ele>
        <time>2026-10-05T14:38:42.000Z</time>
        <extensions>
          <ns3:TrackPointExtension/>
        </extensions>
      </trkpt>
      <trkpt lat="44.33778363279998302459716796875" lon="-80.2086233161389827728271484375">
        <ele>499.399993896484375</ele>
        <time>2026-10-05T14:38:59.000Z</time>
        <extensions>
          <ns3:TrackPointExtension/>
        </extensions>
      </trkpt>
      <trkpt lat="44.33782386593520641326904296875" lon="-80.2087067998945713043212890625">
        <ele>499.399993896484375</ele>
        <time>2026-10-05T14:39:08.000Z</time>
        <extensions>
          <ns3:TrackPointExtension/>
        </extensions>
      </trkpt>
      <trkpt lat="44.33784917928278446197509765625" lon="-80.2088127471506595611572265625">
        <ele>499.399993896484375</ele>
        <time>2026-10-05T14:39:16.000Z</time>
        <extensions>
          <ns3:TrackPointExtension/>
        </extensions>
      </trkpt>
      <trkpt lat="44.3378495983779430389404296875" lon="-80.2088870108127593994140625">
        <ele>499.399993896484375</ele>
        <time>2026-10-05T14:39:22.000Z</time>
        <extensions>
          <ns3:TrackPointExtension/>
        </extensions>
      </trkpt>
      <trkpt lat="44.33782688342034816741943359375" lon="-80.20903478376567363739013671875">
        <ele>499.600006103515625</ele>
        <time>2026-10-05T14:39:33.000Z</time>
        <extensions>
          <ns3:TrackPointExtension/>
        </extensions>
      </trkpt>
      <trkpt lat="44.337808527052402496337890625" lon="-80.20907401107251644134521484375">
        <ele>499.600006103515625</ele>
        <time>2026-10-05T14:39:36.000Z</time>
        <extensions>
          <ns3:TrackPointExtension/>
        </extensions>
      </trkpt>
      <trkpt lat="44.3378041684627532958984375" lon="-80.20908775739371776580810546875">
        <ele>499.600006103515625</ele>
        <time>2026-10-05T14:39:37.000Z</time>
        <extensions>
          <ns3:TrackPointExtension/>
        </extensions>
      </trkpt>
      <trkpt lat="44.33776351623237133026123046875" lon="-80.20927802659571170806884765625">
        <ele>498.79998779296875</ele>
        <time>2026-10-05T14:39:50.000Z</time>
        <extensions>
          <ns3:TrackPointExtension/>
        </extensions>
      </trkpt>
      <trkpt lat="44.33775764890015125274658203125" lon="-80.20929009653627872467041015625">
        <ele>498.600006103515625</ele>
        <time>2026-10-05T14:39:51.000Z</time>
        <extensions>
          <ns3:TrackPointExtension/>
        </extensions>
      </trkpt>
      <trkpt lat="44.33774038217961788177490234375" lon="-80.20941339433193206787109375">
        <ele>497.600006103515625</ele>
        <time>2026-10-05T14:39:58.000Z</time>
        <extensions>
          <ns3:TrackPointExtension/>
        </extensions>
      </trkpt>
      <trkpt lat="44.33774105273187160491943359375" lon="-80.20946393720805644989013671875">
        <ele>497.399993896484375</ele>
        <time>2026-10-05T14:40:01.000Z</time>
        <extensions>
          <ns3:TrackPointExtension/>
        </extensions>
      </trkpt>
      <trkpt lat="44.33765723370015621185302734375" lon="-80.20967281423509120941162109375">
        <ele>497.399993896484375</ele>
        <time>2026-10-05T14:40:15.000Z</time>
        <extensions>
          <ns3:TrackPointExtension/>
        </extensions>
      </trkpt>
      <trkpt lat="44.337570481002330780029296875" lon="-80.209851600229740142822265625">
        <ele>497.399993896484375</ele>
        <time>2026-10-05T14:40:29.000Z</time>
        <extensions>
          <ns3:TrackPointExtension/>
        </extensions>
      </trkpt>
      <trkpt lat="44.33749973773956298828125" lon="-80.20995377562940120697021484375">
        <ele>496.79998779296875</ele>
        <time>2026-10-05T14:40:41.000Z</time>
        <extensions>
          <ns3:TrackPointExtension/>
        </extensions>
      </trkpt>
      <trkpt lat="44.33738297782838344573974609375" lon="-80.21004949696362018585205078125">
        <ele>496.600006103515625</ele>
        <time>2026-10-05T14:40:52.000Z</time>
        <extensions>
          <ns3:TrackPointExtension/>
        </extensions>
      </trkpt>
      <trkpt lat="44.3373282440006732940673828125" lon="-80.210084617137908935546875">
        <ele>496.600006103515625</ele>
        <time>2026-10-05T14:40:56.000Z</time>
        <extensions>
          <ns3:TrackPointExtension/>
        </extensions>
      </trkpt>
      <trkpt lat="44.33717946521937847137451171875" lon="-80.21009266376495361328125">
        <ele>497.20001220703125</ele>
        <time>2026-10-05T14:41:09.000Z</time>
        <extensions>
          <ns3:TrackPointExtension/>
        </extensions>
      </trkpt>
      <trkpt lat="44.33700411580502986907958984375" lon="-80.21004974842071533203125">
        <ele>498.20001220703125</ele>
        <time>2026-10-05T14:41:23.000Z</time>
        <extensions>
          <ns3:TrackPointExtension/>
        </extensions>
      </trkpt>
      <trkpt lat="44.33692247606813907623291015625" lon="-80.210002474486827850341796875">
        <ele>498.600006103515625</ele>
        <time>2026-10-05T14:41:30.000Z</time>
        <extensions>
          <ns3:TrackPointExtension/>
        </extensions>
      </trkpt>
      <trkpt lat="44.33685273863375186920166015625" lon="-80.2099878899753093719482421875">
        <ele>498.79998779296875</ele>
        <time>2026-10-05T14:41:36.000Z</time>
        <extensions>
          <ns3:TrackPointExtension/>
        </extensions>
      </trkpt>
      <trkpt lat="44.3367280997335910797119140625" lon="-80.20998931489884853363037109375">
        <ele>499.600006103515625</ele>
        <time>2026-10-05T14:41:45.000Z</time>
        <extensions>
          <ns3:TrackPointExtension/>
        </extensions>
      </trkpt>
      <trkpt lat="44.33667118661105632781982421875" lon="-80.20996249280869960784912109375">
        <ele>500</ele>
        <time>2026-10-05T14:41:50.000Z</time>
        <extensions>
          <ns3:TrackPointExtension/>
        </extensions>
      </trkpt>
      <trkpt lat="44.336606897413730621337890625" lon="-80.209962241351604461669921875">
        <ele>500.600006103515625</ele>
        <time>2026-10-05T14:41:56.000Z</time>
        <extensions>
          <ns3:TrackPointExtension/>
        </extensions>
      </trkpt>
      <trkpt lat="44.33655895292758941650390625" lon="-80.20998327992856502532958984375">
        <ele>501.600006103515625</ele>
        <time>2026-10-05T14:42:01.000Z</time>
        <extensions>
          <ns3:TrackPointExtension/>
        </extensions>
      </trkpt>
      <trkpt lat="44.3365386687219142913818359375" lon="-80.2099893987178802490234375">
        <ele>501.79998779296875</ele>
        <time>2026-10-05T14:42:03.000Z</time>
        <extensions>
          <ns3:TrackPointExtension/>
        </extensions>
      </trkpt>
      <trkpt lat="44.336489550769329071044921875" lon="-80.21000624634325504302978515625">
        <ele>502.79998779296875</ele>
        <time>2026-10-05T14:42:09.000Z</time>
        <extensions>
          <ns3:TrackPointExtension/>
        </extensions>
      </trkpt>
      <trkpt lat="44.33644336648285388946533203125" lon="-80.210027955472469329833984375">
        <ele>503.79998779296875</ele>
        <time>2026-10-05T14:42:15.000Z</time>
        <extensions>
          <ns3:TrackPointExtension/>
        </extensions>
      </trkpt>
      <trkpt lat="44.336434900760650634765625" lon="-80.21002787165343761444091796875">
        <ele>504</ele>
        <time>2026-10-05T14:42:16.000Z</time>
        <extensions>
          <ns3:TrackPointExtension/>
        </extensions>
      </trkpt>
      <trkpt lat="44.33636172674596309661865234375" lon="-80.21001479588449001312255859375">
        <ele>504.79998779296875</ele>
        <time>2026-10-05T14:42:22.000Z</time>
        <extensions>
          <ns3:TrackPointExtension/>
        </extensions>
      </trkpt>
      <trkpt lat="44.3363046459853649139404296875" lon="-80.2100230939686298370361328125">
        <ele>505.20001220703125</ele>
        <time>2026-10-05T14:42:27.000Z</time>
        <extensions>
          <ns3:TrackPointExtension/>
        </extensions>
      </trkpt>
      <trkpt lat="44.3362603895366191864013671875" lon="-80.210031308233737945556640625">
        <ele>506</ele>
        <time>2026-10-05T14:42:33.000Z</time>
        <extensions>
          <ns3:TrackPointExtension/>
        </extensions>
      </trkpt>
      <trkpt lat="44.336185790598392486572265625" lon="-80.21005536429584026336669921875">
        <ele>506.600006103515625</ele>
        <time>2026-10-05T14:42:41.000Z</time>
        <extensions>
          <ns3:TrackPointExtension/>
        </extensions>
      </trkpt>
      <trkpt lat="44.3361438810825347900390625" lon="-80.21006894297897815704345703125">
        <ele>507</ele>
        <time>2026-10-05T14:42:45.000Z</time>
        <extensions>
          <ns3:TrackPointExtension/>
        </extensions>
      </trkpt>
      <trkpt lat="44.33607389219105243682861328125" lon="-80.2100941725075244903564453125">
        <ele>508</ele>
        <time>2026-10-05T14:42:53.000Z</time>
        <extensions>
          <ns3:TrackPointExtension/>
        </extensions>
      </trkpt>
      <trkpt lat="44.336065091192722320556640625" lon="-80.21009325049817562103271484375">
        <ele>508</ele>
        <time>2026-10-05T14:42:54.000Z</time>
        <extensions>
          <ns3:TrackPointExtension/>
        </extensions>
      </trkpt>
      <trkpt lat="44.3359546177089214324951171875" lon="-80.2101367525756359100341796875">
        <ele>508.600006103515625</ele>
        <time>2026-10-05T14:43:06.000Z</time>
        <extensions>
          <ns3:TrackPointExtension/>
        </extensions>
      </trkpt>
      <trkpt lat="44.33580416254699230194091796875" lon="-80.21020556800067424774169921875">
        <ele>508.600006103515625</ele>
        <time>2026-10-05T14:43:20.000Z</time>
        <extensions>
          <ns3:TrackPointExtension/>
        </extensions>
      </trkpt>
      <trkpt lat="44.3357323296368122100830078125" lon="-80.21028603427112102508544921875">
        <ele>508.600006103515625</ele>
        <time>2026-10-05T14:43:30.000Z</time>
        <extensions>
          <ns3:TrackPointExtension/>
        </extensions>
      </trkpt>
      <trkpt lat="44.3357081897556781768798828125" lon="-80.21028838120400905609130859375">
        <ele>508.600006103515625</ele>
        <time>2026-10-05T14:43:43.000Z</time>
        <extensions>
          <ns3:TrackPointExtension/>
        </extensions>
      </trkpt>
      <trkpt lat="44.3356247060000896453857421875" lon="-80.21024043671786785125732421875">
        <ele>508.399993896484375</ele>
        <time>2026-10-05T14:43:58.000Z</time>
        <extensions>
          <ns3:TrackPointExtension/>
        </extensions>
      </trkpt>
      <trkpt lat="44.3356079421937465667724609375" lon="-80.21023373119533061981201171875">
        <ele>508.399993896484375</ele>
        <time>2026-10-05T14:44:12.000Z</time>
        <extensions>
          <ns3:TrackPointExtension/>
        </extensions>
      </trkpt>
      <trkpt lat="44.33555622585117816925048828125" lon="-80.21024496294558048248291015625">
        <ele>508.399993896484375</ele>
        <time>2026-10-05T14:44:28.000Z</time>
        <extensions>
          <ns3:TrackPointExtension/>
        </extensions>
      </trkpt>
      <trkpt lat="44.3354089558124542236328125" lon="-80.2103246748447418212890625">
        <ele>508.20001220703125</ele>
        <time>2026-10-05T14:44:41.000Z</time>
        <extensions>
          <ns3:TrackPointExtension/>
        </extensions>
      </trkpt>
      <trkpt lat="44.33529638685286045074462890625" lon="-80.2103737927973270416259765625">
        <ele>507.600006103515625</ele>
        <time>2026-10-05T14:44:57.000Z</time>
        <extensions>
          <ns3:TrackPointExtension/>
        </extensions>
      </trkpt>
      <trkpt lat="44.3352555669844150543212890625" lon="-80.21035376004874706268310546875">
        <ele>507.399993896484375</ele>
        <time>2026-10-05T14:45:09.000Z</time>
        <extensions>
          <ns3:TrackPointExtension/>
        </extensions>
      </trkpt>
      <trkpt lat="44.335165210068225860595703125" lon="-80.21044545806944370269775390625">
        <ele>507</ele>
        <time>2026-10-05T14:45:17.000Z</time>
        <extensions>
          <ns3:TrackPointExtension/>
        </extensions>
      </trkpt>
      <trkpt lat="44.3351355381309986114501953125" lon="-80.21050580777227878570556640625">
        <ele>506.79998779296875</ele>
        <time>2026-10-05T14:45:21.000Z</time>
        <extensions>
          <ns3:TrackPointExtension/>
        </extensions>
      </trkpt>
      <trkpt lat="44.33511768467724323272705078125" lon="-80.21060588769614696502685546875">
        <ele>506</ele>
        <time>2026-10-05T14:45:27.000Z</time>
        <extensions>
          <ns3:TrackPointExtension/>
        </extensions>
      </trkpt>
      <trkpt lat="44.33512908406555652618408203125" lon="-80.210696496069431304931640625">
        <ele>505</ele>
        <time>2026-10-05T14:45:34.000Z</time>
        <extensions>
          <ns3:TrackPointExtension/>
        </extensions>
      </trkpt>
      <trkpt lat="44.33516009710729122161865234375" lon="-80.21083605475723743438720703125">
        <ele>503.399993896484375</ele>
        <time>2026-10-05T14:45:44.000Z</time>
        <extensions>
          <ns3:TrackPointExtension/>
        </extensions>
      </trkpt>
      <trkpt lat="44.3351895175874233245849609375" lon="-80.2108968235552310943603515625">
        <ele>502.79998779296875</ele>
        <time>2026-10-05T14:45:48.000Z</time>
        <extensions>
          <ns3:TrackPointExtension/>
        </extensions>
      </trkpt>
      <trkpt lat="44.33523369021713733673095703125" lon="-80.2109642140567302703857421875">
        <ele>502.399993896484375</ele>
        <time>2026-10-05T14:45:53.000Z</time>
        <extensions>
          <ns3:TrackPointExtension/>
        </extensions>
      </trkpt>
      <trkpt lat="44.335308372974395751953125" lon="-80.21105515770614147186279296875">
        <ele>501.600006103515625</ele>
        <time>2026-10-05T14:46:02.000Z</time>
        <extensions>
          <ns3:TrackPointExtension/>
        </extensions>
      </trkpt>
      <trkpt lat="44.335361681878566741943359375" lon="-80.21109656430780887603759765625">
        <ele>501.20001220703125</ele>
        <time>2026-10-05T14:46:06.000Z</time>
        <extensions>
          <ns3:TrackPointExtension/>
        </extensions>
      </trkpt>
      <trkpt lat="44.33544374071061611175537109375" lon="-80.21117736585438251495361328125">
        <ele>500.399993896484375</ele>
        <time>2026-10-05T14:46:15.000Z</time>
        <extensions>
          <ns3:TrackPointExtension/>
        </extensions>
      </trkpt>
      <trkpt lat="44.3354473449289798736572265625" lon="-80.21123603917658329010009765625">
        <ele>500</ele>
        <time>2026-10-05T14:46:19.000Z</time>
        <extensions>
          <ns3:TrackPointExtension/>
        </extensions>
      </trkpt>
      <trkpt lat="44.33544273488223552703857421875" lon="-80.21131415851414203643798828125">
        <ele>498.79998779296875</ele>
        <time>2026-10-05T14:46:24.000Z</time>
        <extensions>
          <ns3:TrackPointExtension/>
        </extensions>
      </trkpt>
      <trkpt lat="44.3354384601116180419921875" lon="-80.21133595146238803863525390625">
        <ele>498.79998779296875</ele>
        <time>2026-10-05T14:46:25.000Z</time>
        <extensions>
          <ns3:TrackPointExtension/>
        </extensions>
      </trkpt>
      <trkpt lat="44.33542194776237010955810546875" lon="-80.2113880030810832977294921875">
        <ele>498.600006103515625</ele>
        <time>2026-10-05T14:46:28.000Z</time>
        <extensions>
          <ns3:TrackPointExtension/>
        </extensions>
      </trkpt>
      <trkpt lat="44.33538640849292278289794921875" lon="-80.21146335639059543609619140625">
        <ele>498</ele>
        <time>2026-10-05T14:46:35.000Z</time>
        <extensions>
          <ns3:TrackPointExtension/>
        </extensions>
      </trkpt>
      <trkpt lat="44.33537115342915058135986328125" lon="-80.21148514933884143829345703125">
        <ele>498</ele>
        <time>2026-10-05T14:46:36.000Z</time>
        <extensions>
          <ns3:TrackPointExtension/>
        </extensions>
      </trkpt>
      <trkpt lat="44.3353645317256450653076171875" lon="-80.2115670405328273773193359375">
        <ele>497.79998779296875</ele>
        <time>2026-10-05T14:46:41.000Z</time>
        <extensions>
          <ns3:TrackPointExtension/>
        </extensions>
      </trkpt>
      <trkpt lat="44.33536461554467678070068359375" lon="-80.211619175970554351806640625">
        <ele>497</ele>
        <time>2026-10-05T14:46:45.000Z</time>
        <extensions>
          <ns3:TrackPointExtension/>
        </extensions>
      </trkpt>
      <trkpt lat="44.33534525334835052490234375" lon="-80.2116773463785648345947265625">
        <ele>496.600006103515625</ele>
        <time>2026-10-05T14:46:51.000Z</time>
        <extensions>
          <ns3:TrackPointExtension/>
        </extensions>
      </trkpt>
      <trkpt lat="44.33531549759209156036376953125" lon="-80.2117846347391605377197265625">
        <ele>495.600006103515625</ele>
        <time>2026-10-05T14:47:01.000Z</time>
        <extensions>
          <ns3:TrackPointExtension/>
        </extensions>
      </trkpt>
      <trkpt lat="44.33531834743916988372802734375" lon="-80.21179209463298320770263671875">
        <ele>495.600006103515625</ele>
        <time>2026-10-05T14:47:02.000Z</time>
        <extensions>
          <ns3:TrackPointExtension/>
        </extensions>
      </trkpt>
      <trkpt lat="44.33532086201012134552001953125" lon="-80.211824364960193634033203125">
        <ele>494.600006103515625</ele>
        <time>2026-10-05T14:47:07.000Z</time>
        <extensions>
          <ns3:TrackPointExtension/>
        </extensions>
      </trkpt>
      <trkpt lat="44.33533745817840099334716796875" lon="-80.211834423243999481201171875">
        <ele>493.399993896484375</ele>
        <time>2026-10-05T14:47:12.000Z</time>
        <extensions>
          <ns3:TrackPointExtension/>
        </extensions>
      </trkpt>
      <trkpt lat="44.33537282980978488922119140625" lon="-80.211884044110774993896484375">
        <ele>492.399993896484375</ele>
        <time>2026-10-05T14:47:23.000Z</time>
        <extensions>
          <ns3:TrackPointExtension/>
        </extensions>
      </trkpt>
      <trkpt lat="44.33539219200611114501953125" lon="-80.21190206520259380340576171875">
        <ele>491.20001220703125</ele>
        <time>2026-10-05T14:47:27.000Z</time>
        <extensions>
          <ns3:TrackPointExtension/>
        </extensions>
      </trkpt>
      <trkpt lat="44.33540501631796360015869140625" lon="-80.21191656589508056640625">
        <ele>490.399993896484375</ele>
        <time>2026-10-05T14:47:29.000Z</time>
        <extensions>
          <ns3:TrackPointExtension/>
        </extensions>
      </trkpt>
      <trkpt lat="44.3354198522865772247314453125" lon="-80.21193324588239192962646484375">
        <ele>490</ele>
        <time>2026-10-05T14:47:32.000Z</time>
        <extensions>
          <ns3:TrackPointExtension/>
        </extensions>
      </trkpt>
      <trkpt lat="44.33547106571495532989501953125" lon="-80.21198295056819915771484375">
        <ele>488.79998779296875</ele>
        <time>2026-10-05T14:47:41.000Z</time>
        <extensions>
          <ns3:TrackPointExtension/>
        </extensions>
      </trkpt>
      <trkpt lat="44.33548129163682460784912109375" lon="-80.21199828945100307464599609375">
        <ele>488.399993896484375</ele>
        <time>2026-10-05T14:47:43.000Z</time>
        <extensions>
          <ns3:TrackPointExtension/>
        </extensions>
      </trkpt>
      <trkpt lat="44.3355100415647029876708984375" lon="-80.21206467412412166595458984375">
        <ele>487.600006103515625</ele>
        <time>2026-10-05T14:47:49.000Z</time>
        <extensions>
          <ns3:TrackPointExtension/>
        </extensions>
      </trkpt>
      <trkpt lat="44.3355589918792247772216796875" lon="-80.21211362443864345550537109375">
        <ele>486.399993896484375</ele>
        <time>2026-10-05T14:47:54.000Z</time>
        <extensions>
          <ns3:TrackPointExtension/>
        </extensions>
      </trkpt>
      <trkpt lat="44.3355710618197917938232421875" lon="-80.21213960833847522735595703125">
        <ele>485.20001220703125</ele>
        <time>2026-10-05T14:47:58.000Z</time>
        <extensions>
          <ns3:TrackPointExtension/>
        </extensions>
      </trkpt>
      <trkpt lat="44.3355589918792247772216796875" lon="-80.21214656531810760498046875">
        <ele>484.20001220703125</ele>
        <time>2026-10-05T14:48:03.000Z</time>
        <extensions>
          <ns3:TrackPointExtension/>
        </extensions>
      </trkpt>
      <trkpt lat="44.3355529569089412689208984375" lon="-80.212158299982547760009765625">
        <ele>483</ele>
        <time>2026-10-05T14:48:07.000Z</time>
        <extensions>
          <ns3:TrackPointExtension/>
        </extensions>
      </trkpt>
      <trkpt lat="44.33553879149258136749267578125" lon="-80.21217766217887401580810546875">
        <ele>481.600006103515625</ele>
        <time>2026-10-05T14:48:10.000Z</time>
        <extensions>
          <ns3:TrackPointExtension/>
        </extensions>
      </trkpt>
      <trkpt lat="44.33549956418573856353759765625" lon="-80.2122385986149311065673828125">
        <ele>480.600006103515625</ele>
        <time>2026-10-05T14:48:17.000Z</time>
        <extensions>
          <ns3:TrackPointExtension/>
        </extensions>
      </trkpt>
      <trkpt lat="44.335453547537326812744140625" lon="-80.2122784964740276336669921875">
        <ele>479.600006103515625</ele>
        <time>2026-10-05T14:48:25.000Z</time>
        <extensions>
          <ns3:TrackPointExtension/>
        </extensions>
      </trkpt>
      <trkpt lat="44.3354411423206329345703125" lon="-80.21229274570941925048828125">
        <ele>479.399993896484375</ele>
        <time>2026-10-05T14:48:26.000Z</time>
        <extensions>
          <ns3:TrackPointExtension/>
        </extensions>
      </trkpt>
      <trkpt lat="44.335415661334991455078125" lon="-80.2123229205608367919921875">
        <ele>478.399993896484375</ele>
        <time>2026-10-05T14:48:29.000Z</time>
        <extensions>
          <ns3:TrackPointExtension/>
        </extensions>
      </trkpt>
      <trkpt lat="44.33537341654300689697265625" lon="-80.21237731911242008209228515625">
        <ele>477.20001220703125</ele>
        <time>2026-10-05T14:48:34.000Z</time>
        <extensions>
          <ns3:TrackPointExtension/>
        </extensions>
      </trkpt>
      <trkpt lat="44.335323460400104522705078125" lon="-80.212445966899394989013671875">
        <ele>476.399993896484375</ele>
        <time>2026-10-05T14:48:41.000Z</time>
        <extensions>
          <ns3:TrackPointExtension/>
        </extensions>
      </trkpt>
      <trkpt lat="44.335305690765380859375" lon="-80.21247639320790767669677734375">
        <ele>476</ele>
        <time>2026-10-05T14:48:44.000Z</time>
        <extensions>
          <ns3:TrackPointExtension/>
        </extensions>
      </trkpt>
      <trkpt lat="44.3352398090064525604248046875" lon="-80.212572701275348663330078125">
        <ele>475.20001220703125</ele>
        <time>2026-10-05T14:48:56.000Z</time>
        <extensions>
          <ns3:TrackPointExtension/>
        </extensions>
      </trkpt>
      <trkpt lat="44.3351997435092926025390625" lon="-80.21258887834846973419189453125">
        <ele>475</ele>
        <time>2026-10-05T14:49:02.000Z</time>
        <extensions>
          <ns3:TrackPointExtension/>
        </extensions>
      </trkpt>
      <trkpt lat="44.3350983224809169769287109375" lon="-80.21259156055748462677001953125">
        <ele>475</ele>
        <time>2026-10-05T14:49:13.000Z</time>
        <extensions>
          <ns3:TrackPointExtension/>
        </extensions>
      </trkpt>
      <trkpt lat="44.3349394015967845916748046875" lon="-80.212644450366497039794921875">
        <ele>475</ele>
        <time>2026-10-05T14:49:29.000Z</time>
        <extensions>
          <ns3:TrackPointExtension/>
        </extensions>
      </trkpt>
      <trkpt lat="44.33480839245021343231201171875" lon="-80.2127123437821865081787109375">
        <ele>474</ele>
        <time>2026-10-05T14:49:42.000Z</time>
        <extensions>
          <ns3:TrackPointExtension/>
        </extensions>
      </trkpt>
      <trkpt lat="44.33478894643485546112060546875" lon="-80.21273070015013217926025390625">
        <ele>473.600006103515625</ele>
        <time>2026-10-05T14:49:45.000Z</time>
        <extensions>
          <ns3:TrackPointExtension/>
        </extensions>
      </trkpt>
      <trkpt lat="44.33460756205022335052490234375" lon="-80.21277009509503841400146484375">
        <ele>473</ele>
        <time>2026-10-05T14:49:59.000Z</time>
        <extensions>
          <ns3:TrackPointExtension/>
        </extensions>
      </trkpt>
      <trkpt lat="44.33457537554204463958740234375" lon="-80.2127753756940364837646484375">
        <ele>472.600006103515625</ele>
        <time>2026-10-05T14:50:02.000Z</time>
        <extensions>
          <ns3:TrackPointExtension/>
        </extensions>
      </trkpt>
      <trkpt lat="44.33452676050364971160888671875" lon="-80.21276749670505523681640625">
        <ele>472</ele>
        <time>2026-10-05T14:50:09.000Z</time>
        <extensions>
          <ns3:TrackPointExtension/>
        </extensions>
      </trkpt>
      <trkpt lat="44.33447613380849361419677734375" lon="-80.212753079831600189208984375">
        <ele>471.20001220703125</ele>
        <time>2026-10-05T14:50:18.000Z</time>
        <extensions>
          <ns3:TrackPointExtension/>
        </extensions>
      </trkpt>
      <trkpt lat="44.33442525565624237060546875" lon="-80.21273975260555744171142578125">
        <ele>470.79998779296875</ele>
        <time>2026-10-05T14:50:22.000Z</time>
        <extensions>
          <ns3:TrackPointExtension/>
        </extensions>
      </trkpt>
      <trkpt lat="44.3343204818665981292724609375" lon="-80.2126677520573139190673828125">
        <ele>470.20001220703125</ele>
        <time>2026-10-05T14:50:30.000Z</time>
        <extensions>
          <ns3:TrackPointExtension/>
        </extensions>
      </trkpt>
      <trkpt lat="44.33422987349331378936767578125" lon="-80.21264067851006984710693359375">
        <ele>469.79998779296875</ele>
        <time>2026-10-05T14:50:38.000Z</time>
        <extensions>
          <ns3:TrackPointExtension/>
        </extensions>
      </trkpt>
      <trkpt lat="44.3341260217130184173583984375" lon="-80.2125819213688373565673828125">
        <ele>469.600006103515625</ele>
        <time>2026-10-05T14:50:46.000Z</time>
        <extensions>
          <ns3:TrackPointExtension/>
        </extensions>
      </trkpt>
      <trkpt lat="44.3340864591300487518310546875" lon="-80.21254755556583404541015625">
        <ele>469.399993896484375</ele>
        <time>2026-10-05T14:50:49.000Z</time>
        <extensions>
          <ns3:TrackPointExtension/>
        </extensions>
      </trkpt>
      <trkpt lat="44.33394975028932094573974609375" lon="-80.2125343121588230133056640625">
        <ele>469.399993896484375</ele>
        <time>2026-10-05T14:50:58.000Z</time>
        <extensions>
          <ns3:TrackPointExtension/>
        </extensions>
      </trkpt>
      <trkpt lat="44.3339295499026775360107421875" lon="-80.212532468140125274658203125">
        <ele>469.399993896484375</ele>
        <time>2026-10-05T14:50:59.000Z</time>
        <extensions>
          <ns3:TrackPointExtension/>
        </extensions>
      </trkpt>
      <trkpt lat="44.33378957211971282958984375" lon="-80.21255115978419780731201171875">
        <ele>469.600006103515625</ele>
        <time>2026-10-05T14:51:15.000Z</time>
        <extensions>
          <ns3:TrackPointExtension/>
        </extensions>
      </trkpt>
      <trkpt lat="44.333697371184825897216796875" lon="-80.21262877620756626129150390625">
        <ele>470.79998779296875</ele>
        <time>2026-10-05T14:51:26.000Z</time>
        <extensions>
          <ns3:TrackPointExtension/>
        </extensions>
      </trkpt>
      <trkpt lat="44.333696700632572174072265625" lon="-80.21266582421958446502685546875">
        <ele>471.20001220703125</ele>
        <time>2026-10-05T14:51:29.000Z</time>
        <extensions>
          <ns3:TrackPointExtension/>
        </extensions>
      </trkpt>
      <trkpt lat="44.3336754105985164642333984375" lon="-80.21282508037984371185302734375">
        <ele>472</ele>
        <time>2026-10-05T14:51:40.000Z</time>
        <extensions>
          <ns3:TrackPointExtension/>
        </extensions>
      </trkpt>
      <trkpt lat="44.33367163874208927154541015625" lon="-80.21287905983626842498779296875">
        <ele>472</ele>
        <time>2026-10-05T14:51:44.000Z</time>
        <extensions>
          <ns3:TrackPointExtension/>
        </extensions>
      </trkpt>
      <trkpt lat="44.3336750753223896026611328125" lon="-80.213098414242267608642578125">
        <ele>473</ele>
        <time>2026-10-05T14:52:01.000Z</time>
        <extensions>
          <ns3:TrackPointExtension/>
        </extensions>
      </trkpt>
      <trkpt lat="44.333675242960453033447265625" lon="-80.21310537122189998626708984375">
        <ele>473</ele>
        <time>2026-10-05T14:52:02.000Z</time>
        <extensions>
          <ns3:TrackPointExtension/>
        </extensions>
      </trkpt>
      <trkpt lat="44.3336831219494342803955078125" lon="-80.21313152275979518890380859375">
        <ele>473.20001220703125</ele>
        <time>2026-10-05T14:52:15.000Z</time>
        <extensions>
          <ns3:TrackPointExtension/>
        </extensions>
      </trkpt>
      <trkpt lat="44.33361212722957134246826171875" lon="-80.2131173573434352874755859375">
        <ele>473.20001220703125</ele>
        <time>2026-10-05T14:52:27.000Z</time>
        <extensions>
          <ns3:TrackPointExtension/>
        </extensions>
      </trkpt>
      <trkpt lat="44.333565272390842437744140625" lon="-80.2130928821861743927001953125">
        <ele>474</ele>
        <time>2026-10-05T14:52:34.000Z</time>
        <extensions>
          <ns3:TrackPointExtension/>
        </extensions>
      </trkpt>
      <trkpt lat="44.33353417553007602691650390625" lon="-80.2131009288132190704345703125">
        <ele>475.20001220703125</ele>
        <time>2026-10-05T14:52:41.000Z</time>
        <extensions>
          <ns3:TrackPointExtension/>
        </extensions>
      </trkpt>
      <trkpt lat="44.33353166095912456512451171875" lon="-80.21310050971806049346923828125">
        <ele>475.399993896484375</ele>
        <time>2026-10-05T14:52:42.000Z</time>
        <extensions>
          <ns3:TrackPointExtension/>
        </extensions>
      </trkpt>
      <trkpt lat="44.33354188688099384307861328125" lon="-80.213025994598865509033203125">
        <ele>475.600006103515625</ele>
        <time>2026-10-05T14:52:57.000Z</time>
        <extensions>
          <ns3:TrackPointExtension/>
        </extensions>
      </trkpt>
      <trkpt lat="44.33347416110336780548095703125" lon="-80.21301166154444217681884765625">
        <ele>475.399993896484375</ele>
        <time>2026-10-05T14:53:11.000Z</time>
        <extensions>
          <ns3:TrackPointExtension/>
        </extensions>
      </trkpt>
      <trkpt lat="44.33348874561488628387451171875" lon="-80.213041417300701141357421875">
        <ele>475.600006103515625</ele>
        <time>2026-10-05T14:53:27.000Z</time>
        <extensions>
          <ns3:TrackPointExtension/>
        </extensions>
      </trkpt>
      <trkpt lat="44.33346762321889400482177734375" lon="-80.21304116584360599517822265625">
        <ele>475.399993896484375</ele>
        <time>2026-10-05T14:53:45.000Z</time>
        <extensions>
          <ns3:TrackPointExtension/>
        </extensions>
      </trkpt>
      <trkpt lat="44.33346997015178203582763671875" lon="-80.21304099820554256439208984375">
        <ele>475.79998779296875</ele>
        <time>2026-10-05T14:54:02.000Z</time>
        <extensions>
          <ns3:TrackPointExtension/>
        </extensions>
      </trkpt>
      <trkpt lat="44.33341079391539096832275390625" lon="-80.213013924658298492431640625">
        <ele>476.20001220703125</ele>
        <time>2026-10-05T14:54:14.000Z</time>
        <extensions>
          <ns3:TrackPointExtension/>
        </extensions>
      </trkpt>
      <trkpt lat="44.33339168317615985870361328125" lon="-80.2129936404526233673095703125">
        <ele>476.20001220703125</ele>
        <time>2026-10-05T14:54:18.000Z</time>
        <extensions>
          <ns3:TrackPointExtension/>
        </extensions>
      </trkpt>
      <trkpt lat="44.3332928605377674102783203125" lon="-80.21293471567332744598388671875">
        <ele>477</ele>
        <time>2026-10-05T14:54:28.000Z</time>
        <extensions>
          <ns3:TrackPointExtension/>
        </extensions>
      </trkpt>
      <trkpt lat="44.333249442279338836669921875" lon="-80.21289833821356296539306640625">
        <ele>477.399993896484375</ele>
        <time>2026-10-05T14:54:33.000Z</time>
        <extensions>
          <ns3:TrackPointExtension/>
        </extensions>
      </trkpt>
      <trkpt lat="44.3332274816930294036865234375" lon="-80.21286581642925739288330078125">
        <ele>478</ele>
        <time>2026-10-05T14:54:36.000Z</time>
        <extensions>
          <ns3:TrackPointExtension/>
        </extensions>
      </trkpt>
      <trkpt lat="44.33319420553743839263916015625" lon="-80.212824158370494842529296875">
        <ele>478.20001220703125</ele>
        <time>2026-10-05T14:54:42.000Z</time>
        <extensions>
          <ns3:TrackPointExtension/>
        </extensions>
      </trkpt>
      <trkpt lat="44.3331258930265903472900390625" lon="-80.21278954111039638519287109375">
        <ele>478.600006103515625</ele>
        <time>2026-10-05T14:54:49.000Z</time>
        <extensions>
          <ns3:TrackPointExtension/>
        </extensions>
      </trkpt>
      <trkpt lat="44.3330658785998821258544921875" lon="-80.21276439540088176727294921875">
        <ele>479</ele>
        <time>2026-10-05T14:54:56.000Z</time>
        <extensions>
          <ns3:TrackPointExtension/>
        </extensions>
      </trkpt>
      <trkpt lat="44.33302908204495906829833984375" lon="-80.21272030659019947052001953125">
        <ele>480</ele>
        <time>2026-10-05T14:55:00.000Z</time>
        <extensions>
          <ns3:TrackPointExtension/>
        </extensions>
      </trkpt>
      <trkpt lat="44.332976527512073516845703125" lon="-80.212686695158481597900390625">
        <ele>481</ele>
        <time>2026-10-05T14:55:06.000Z</time>
        <extensions>
          <ns3:TrackPointExtension/>
        </extensions>
      </trkpt>
      <trkpt lat="44.3329414911568164825439453125" lon="-80.21267923526465892791748046875">
        <ele>481.600006103515625</ele>
        <time>2026-10-05T14:55:09.000Z</time>
        <extensions>
          <ns3:TrackPointExtension/>
        </extensions>
      </trkpt>
      <trkpt lat="44.3328989110887050628662109375" lon="-80.21269013173878192901611328125">
        <ele>482.20001220703125</ele>
        <time>2026-10-05T14:55:12.000Z</time>
        <extensions>
          <ns3:TrackPointExtension/>
        </extensions>
      </trkpt>
      <trkpt lat="44.3328849971294403076171875" lon="-80.212692059576511383056640625">
        <ele>482.20001220703125</ele>
        <time>2026-10-05T14:55:13.000Z</time>
        <extensions>
          <ns3:TrackPointExtension/>
        </extensions>
      </trkpt>
      <trkpt lat="44.33279589749872684478759765625" lon="-80.21269432269036769866943359375">
        <ele>483.20001220703125</ele>
        <time>2026-10-05T14:55:20.000Z</time>
        <extensions>
          <ns3:TrackPointExtension/>
        </extensions>
      </trkpt>
      <trkpt lat="44.332775361835956573486328125" lon="-80.21270169876515865325927734375">
        <ele>483.399993896484375</ele>
        <time>2026-10-05T14:55:21.000Z</time>
        <extensions>
          <ns3:TrackPointExtension/>
        </extensions>
      </trkpt>
      <trkpt lat="44.33269313536584377288818359375" lon="-80.2127037942409515380859375">
        <ele>484.399993896484375</ele>
        <time>2026-10-05T14:55:27.000Z</time>
        <extensions>
          <ns3:TrackPointExtension/>
        </extensions>
      </trkpt>
      <trkpt lat="44.332574196159839630126953125" lon="-80.2127063088119029998779296875">
        <ele>484.79998779296875</ele>
        <time>2026-10-05T14:55:37.000Z</time>
        <extensions>
          <ns3:TrackPointExtension/>
        </extensions>
      </trkpt>
      <trkpt lat="44.33255349285900592803955078125" lon="-80.21270823664963245391845703125">
        <ele>485</ele>
        <time>2026-10-05T14:55:38.000Z</time>
        <extensions>
          <ns3:TrackPointExtension/>
        </extensions>
      </trkpt>
      <trkpt lat="44.332372359931468963623046875" lon="-80.21272650919854640960693359375">
        <ele>484.79998779296875</ele>
        <time>2026-10-05T14:55:50.000Z</time>
        <extensions>
          <ns3:TrackPointExtension/>
        </extensions>
      </trkpt>
      <trkpt lat="44.3321857787668704986572265625" lon="-80.21274335682392120361328125">
        <ele>483.600006103515625</ele>
        <time>2026-10-05T14:56:04.000Z</time>
        <extensions>
          <ns3:TrackPointExtension/>
        </extensions>
      </trkpt>
      <trkpt lat="44.3321753852069377899169921875" lon="-80.21274469792842864990234375">
        <ele>483.600006103515625</ele>
        <time>2026-10-05T14:56:05.000Z</time>
        <extensions>
          <ns3:TrackPointExtension/>
        </extensions>
      </trkpt>
      <trkpt lat="44.33213842101395130157470703125" lon="-80.21275517530739307403564453125">
        <ele>483.20001220703125</ele>
        <time>2026-10-05T14:56:08.000Z</time>
        <extensions>
          <ns3:TrackPointExtension/>
        </extensions>
      </trkpt>
      <trkpt lat="44.33203968219459056854248046875" lon="-80.21277696825563907623291015625">
        <ele>482.20001220703125</ele>
        <time>2026-10-05T14:56:17.000Z</time>
        <extensions>
          <ns3:TrackPointExtension/>
        </extensions>
      </trkpt>
      <trkpt lat="44.332018978893756866455078125" lon="-80.21277646534144878387451171875">
        <ele>482</ele>
        <time>2026-10-05T14:56:19.000Z</time>
        <extensions>
          <ns3:TrackPointExtension/>
        </extensions>
      </trkpt>
      <trkpt lat="44.33194823563098907470703125" lon="-80.21276959218084812164306640625">
        <ele>481</ele>
        <time>2026-10-05T14:56:26.000Z</time>
        <extensions>
          <ns3:TrackPointExtension/>
        </extensions>
      </trkpt>
      <trkpt lat="44.3318759836256504058837890625" lon="-80.212743021547794342041015625">
        <ele>480.399993896484375</ele>
        <time>2026-10-05T14:56:34.000Z</time>
        <extensions>
          <ns3:TrackPointExtension/>
        </extensions>
      </trkpt>
      <trkpt lat="44.331853352487087249755859375" lon="-80.2127354778349399566650390625">
        <ele>480</ele>
        <time>2026-10-05T14:56:37.000Z</time>
        <extensions>
          <ns3:TrackPointExtension/>
        </extensions>
      </trkpt>
      <trkpt lat="44.33176961727440357208251953125" lon="-80.212702788412570953369140625">
        <ele>479</ele>
        <time>2026-10-05T14:56:45.000Z</time>
        <extensions>
          <ns3:TrackPointExtension/>
        </extensions>
      </trkpt>
      <trkpt lat="44.33175905607640743255615234375" lon="-80.21269516088068485260009765625">
        <ele>478.600006103515625</ele>
        <time>2026-10-05T14:56:46.000Z</time>
        <extensions>
          <ns3:TrackPointExtension/>
        </extensions>
      </trkpt>
      <trkpt lat="44.331705830991268157958984375" lon="-80.2126581966876983642578125">
        <ele>477.600006103515625</ele>
        <time>2026-10-05T14:56:51.000Z</time>
        <extensions>
          <ns3:TrackPointExtension/>
        </extensions>
      </trkpt>
      <trkpt lat="44.33169786818325519561767578125" lon="-80.21265291608870029449462890625">
        <ele>477.600006103515625</ele>
        <time>2026-10-05T14:56:52.000Z</time>
        <extensions>
          <ns3:TrackPointExtension/>
        </extensions>
      </trkpt>
      <trkpt lat="44.3316191621124744415283203125" lon="-80.21261150948703289031982421875">
        <ele>476.600006103515625</ele>
        <time>2026-10-05T14:57:00.000Z</time>
        <extensions>
          <ns3:TrackPointExtension/>
        </extensions>
      </trkpt>
      <trkpt lat="44.33155705220997333526611328125" lon="-80.2126099169254302978515625">
        <ele>475.20001220703125</ele>
        <time>2026-10-05T14:57:05.000Z</time>
        <extensions>
          <ns3:TrackPointExtension/>
        </extensions>
      </trkpt>
      <trkpt lat="44.33153475634753704071044921875" lon="-80.212619639933109283447265625">
        <ele>474.600006103515625</ele>
        <time>2026-10-05T14:57:07.000Z</time>
        <extensions>
          <ns3:TrackPointExtension/>
        </extensions>
      </trkpt>
      <trkpt lat="44.331493936479091644287109375" lon="-80.212620310485363006591796875">
        <ele>474</ele>
        <time>2026-10-05T14:57:11.000Z</time>
        <extensions>
          <ns3:TrackPointExtension/>
        </extensions>
      </trkpt>
      <trkpt lat="44.33137784712016582489013671875" lon="-80.2126214839518070220947265625">
        <ele>472.79998779296875</ele>
        <time>2026-10-05T14:57:22.000Z</time>
        <extensions>
          <ns3:TrackPointExtension/>
        </extensions>
      </trkpt>
      <trkpt lat="44.33135739527642726898193359375" lon="-80.21261997520923614501953125">
        <ele>472.600006103515625</ele>
        <time>2026-10-05T14:57:24.000Z</time>
        <extensions>
          <ns3:TrackPointExtension/>
        </extensions>
      </trkpt>
      <trkpt lat="44.33131330646574497222900390625" lon="-80.2126177959144115447998046875">
        <ele>471.79998779296875</ele>
        <time>2026-10-05T14:57:28.000Z</time>
        <extensions>
          <ns3:TrackPointExtension/>
        </extensions>
      </trkpt>
      <trkpt lat="44.331253208220005035400390625" lon="-80.21259373985230922698974609375">
        <ele>470.79998779296875</ele>
        <time>2026-10-05T14:57:34.000Z</time>
        <extensions>
          <ns3:TrackPointExtension/>
        </extensions>
      </trkpt>
      <trkpt lat="44.33121339417994022369384765625" lon="-80.2125750482082366943359375">
        <ele>470.20001220703125</ele>
        <time>2026-10-05T14:57:38.000Z</time>
        <extensions>
          <ns3:TrackPointExtension/>
        </extensions>
      </trkpt>
      <trkpt lat="44.33114600367844104766845703125" lon="-80.2125482261180877685546875">
        <ele>469.79998779296875</ele>
        <time>2026-10-05T14:57:43.000Z</time>
        <extensions>
          <ns3:TrackPointExtension/>
        </extensions>
      </trkpt>
      <trkpt lat="44.33100502006709575653076171875" lon="-80.21252601407468318939208984375">
        <ele>469.399993896484375</ele>
        <time>2026-10-05T14:57:52.000Z</time>
        <extensions>
          <ns3:TrackPointExtension/>
        </extensions>
      </trkpt>
      <trkpt lat="44.3308902718126773834228515625" lon="-80.212505646049976348876953125">
        <ele>468.600006103515625</ele>
        <time>2026-10-05T14:58:01.000Z</time>
        <extensions>
          <ns3:TrackPointExtension/>
        </extensions>
      </trkpt>
      <trkpt lat="44.33083034120500087738037109375" lon="-80.2124972641468048095703125">
        <ele>467.600006103515625</ele>
        <time>2026-10-05T14:58:07.000Z</time>
        <extensions>
          <ns3:TrackPointExtension/>
        </extensions>
      </trkpt>
      <trkpt lat="44.330818690359592437744140625" lon="-80.2124924026429653167724609375">
        <ele>467.399993896484375</ele>
        <time>2026-10-05T14:58:08.000Z</time>
        <extensions>
          <ns3:TrackPointExtension/>
        </extensions>
      </trkpt>
      <trkpt lat="44.33073076419532299041748046875" lon="-80.21245426498353481292724609375">
        <ele>466.600006103515625</ele>
        <time>2026-10-05T14:58:15.000Z</time>
        <extensions>
          <ns3:TrackPointExtension/>
        </extensions>
      </trkpt>
      <trkpt lat="44.33064677752554416656494140625" lon="-80.21239642985165119171142578125">
        <ele>465.79998779296875</ele>
        <time>2026-10-05T14:58:24.000Z</time>
        <extensions>
          <ns3:TrackPointExtension/>
        </extensions>
      </trkpt>
      <trkpt lat="44.33061509393155574798583984375" lon="-80.21237966604530811309814453125">
        <ele>465.600006103515625</ele>
        <time>2026-10-05T14:58:27.000Z</time>
        <extensions>
          <ns3:TrackPointExtension/>
        </extensions>
      </trkpt>
      <trkpt lat="44.33051836676895618438720703125" lon="-80.21233976818621158599853515625">
        <ele>464.399993896484375</ele>
        <time>2026-10-05T14:58:37.000Z</time>
        <extensions>
          <ns3:TrackPointExtension/>
        </extensions>
      </trkpt>
      <trkpt lat="44.3304936401546001434326171875" lon="-80.21233289502561092376708984375">
        <ele>463.600006103515625</ele>
        <time>2026-10-05T14:58:39.000Z</time>
        <extensions>
          <ns3:TrackPointExtension/>
        </extensions>
      </trkpt>
      <trkpt lat="44.3304718472063541412353515625" lon="-80.212326943874359130859375">
        <ele>463.399993896484375</ele>
        <time>2026-10-05T14:58:41.000Z</time>
        <extensions>
          <ns3:TrackPointExtension/>
        </extensions>
      </trkpt>
      <trkpt lat="44.33034150861203670501708984375" lon="-80.2123180590569972991943359375">
        <ele>462.20001220703125</ele>
        <time>2026-10-05T14:58:52.000Z</time>
        <extensions>
          <ns3:TrackPointExtension/>
        </extensions>
      </trkpt>
      <trkpt lat="44.33030479587614536285400390625" lon="-80.2123110182583332061767578125">
        <ele>461.79998779296875</ele>
        <time>2026-10-05T14:58:55.000Z</time>
        <extensions>
          <ns3:TrackPointExtension/>
        </extensions>
      </trkpt>
      <trkpt lat="44.33020655997097492218017578125" lon="-80.21231076680123805999755859375">
        <ele>461</ele>
        <time>2026-10-05T14:59:04.000Z</time>
        <extensions>
          <ns3:TrackPointExtension/>
        </extensions>
      </trkpt>
      <trkpt lat="44.330122657120227813720703125" lon="-80.21229299716651439666748046875">
        <ele>460.399993896484375</ele>
        <time>2026-10-05T14:59:11.000Z</time>
        <extensions>
          <ns3:TrackPointExtension/>
        </extensions>
      </trkpt>
      <trkpt lat="44.33002852834761142730712890625" lon="-80.2122397720813751220703125">
        <ele>460</ele>
        <time>2026-10-05T14:59:19.000Z</time>
        <extensions>
          <ns3:TrackPointExtension/>
        </extensions>
      </trkpt>
      <trkpt lat="44.32990900240838527679443359375" lon="-80.212205909192562103271484375">
        <ele>459.600006103515625</ele>
        <time>2026-10-05T14:59:26.000Z</time>
        <extensions>
          <ns3:TrackPointExtension/>
        </extensions>
      </trkpt>
      <trkpt lat="44.32971521280705928802490234375" lon="-80.21218948066234588623046875">
        <ele>459</ele>
        <time>2026-10-05T14:59:37.000Z</time>
        <extensions>
          <ns3:TrackPointExtension/>
        </extensions>
      </trkpt>
      <trkpt lat="44.3297010473906993865966796875" lon="-80.21218872629106044769287109375">
        <ele>459</ele>
        <time>2026-10-05T14:59:38.000Z</time>
        <extensions>
          <ns3:TrackPointExtension/>
        </extensions>
      </trkpt>
      <trkpt lat="44.32966223917901515960693359375" lon="-80.2121795900166034698486328125">
        <ele>459</ele>
        <time>2026-10-05T14:59:41.000Z</time>
        <extensions>
          <ns3:TrackPointExtension/>
        </extensions>
      </trkpt>
      <trkpt lat="44.32950901798903942108154296875" lon="-80.2121303044259548187255859375">
        <ele>458.399993896484375</ele>
        <time>2026-10-05T14:59:55.000Z</time>
        <extensions>
          <ns3:TrackPointExtension/>
        </extensions>
      </trkpt>
      <trkpt lat="44.3293292261660099029541015625" lon="-80.2120853774249553680419921875">
        <ele>458.20001220703125</ele>
        <time>2026-10-05T15:00:07.000Z</time>
        <extensions>
          <ns3:TrackPointExtension/>
        </extensions>
      </trkpt>
      <trkpt lat="44.32914172299206256866455078125" lon="-80.21209468133747577667236328125">
        <ele>458.20001220703125</ele>
        <time>2026-10-05T15:00:17.000Z</time>
        <extensions>
          <ns3:TrackPointExtension/>
        </extensions>
      </trkpt>
      <trkpt lat="44.32912898249924182891845703125" lon="-80.2120937593281269073486328125">
        <ele>458.20001220703125</ele>
        <time>2026-10-05T15:00:18.000Z</time>
        <extensions>
          <ns3:TrackPointExtension/>
        </extensions>
      </trkpt>
      <trkpt lat="44.32896905578672885894775390625" lon="-80.21208462305366992950439453125">
        <ele>458.399993896484375</ele>
        <time>2026-10-05T15:00:30.000Z</time>
        <extensions>
          <ns3:TrackPointExtension/>
        </extensions>
      </trkpt>
      <trkpt lat="44.3288645334541797637939453125" lon="-80.21203257143497467041015625">
        <ele>458</ele>
        <time>2026-10-05T15:00:38.000Z</time>
        <extensions>
          <ns3:TrackPointExtension/>
        </extensions>
      </trkpt>
      <trkpt lat="44.32883293367922306060791015625" lon="-80.21203835494816303253173828125">
        <ele>457.79998779296875</ele>
        <time>2026-10-05T15:00:40.000Z</time>
        <extensions>
          <ns3:TrackPointExtension/>
        </extensions>
      </trkpt>
      <trkpt lat="44.32867786847054958343505859375" lon="-80.21204061806201934814453125">
        <ele>457.20001220703125</ele>
        <time>2026-10-05T15:00:54.000Z</time>
        <extensions>
          <ns3:TrackPointExtension/>
        </extensions>
      </trkpt>
      <trkpt lat="44.3284984119236469268798828125" lon="-80.21206400357186794281005859375">
        <ele>457.399993896484375</ele>
        <time>2026-10-05T15:01:07.000Z</time>
        <extensions>
          <ns3:TrackPointExtension/>
        </extensions>
      </trkpt>
      <trkpt lat="44.32846899144351482391357421875" lon="-80.2120582200586795806884765625">
        <ele>457.399993896484375</ele>
        <time>2026-10-05T15:01:09.000Z</time>
        <extensions>
          <ns3:TrackPointExtension/>
        </extensions>
      </trkpt>
      <trkpt lat="44.3282995931804180145263671875" lon="-80.21197414956986904144287109375">
        <ele>457.600006103515625</ele>
        <time>2026-10-05T15:01:25.000Z</time>
        <extensions>
          <ns3:TrackPointExtension/>
        </extensions>
      </trkpt>
      <trkpt lat="44.3281845934689044952392578125" lon="-80.21191229112446308135986328125">
        <ele>458</ele>
        <time>2026-10-05T15:01:39.000Z</time>
        <extensions>
          <ns3:TrackPointExtension/>
        </extensions>
      </trkpt>
      <trkpt lat="44.32799734175205230712890625" lon="-80.21187574602663516998291015625">
        <ele>459</ele>
        <time>2026-10-05T15:01:54.000Z</time>
        <extensions>
          <ns3:TrackPointExtension/>
        </extensions>
      </trkpt>
      <trkpt lat="44.32796758599579334259033203125" lon="-80.21186803467571735382080078125">
        <ele>459</ele>
        <time>2026-10-05T15:01:56.000Z</time>
        <extensions>
          <ns3:TrackPointExtension/>
        </extensions>
      </trkpt>
      <trkpt lat="44.3277752213180065155029296875" lon="-80.21181824617087841033935546875">
        <ele>459.600006103515625</ele>
        <time>2026-10-05T15:02:08.000Z</time>
        <extensions>
          <ns3:TrackPointExtension/>
        </extensions>
      </trkpt>
      <trkpt lat="44.32769400067627429962158203125" lon="-80.21178538911044597625732421875">
        <ele>459.79998779296875</ele>
        <time>2026-10-05T15:02:12.000Z</time>
        <extensions>
          <ns3:TrackPointExtension/>
        </extensions>
      </trkpt>
      <trkpt lat="44.327669106423854827880859375" lon="-80.211768038570880889892578125">
        <ele>460</ele>
        <time>2026-10-05T15:02:14.000Z</time>
        <extensions>
          <ns3:TrackPointExtension/>
        </extensions>
      </trkpt>
      <trkpt lat="44.32750373147428035736083984375" lon="-80.2117296494543552398681640625">
        <ele>460</ele>
        <time>2026-10-05T15:02:24.000Z</time>
        <extensions>
          <ns3:TrackPointExtension/>
        </extensions>
      </trkpt>
      <trkpt lat="44.32731580920517444610595703125" lon="-80.21169788204133510589599609375">
        <ele>460</ele>
        <time>2026-10-05T15:02:38.000Z</time>
        <extensions>
          <ns3:TrackPointExtension/>
        </extensions>
      </trkpt>
      <trkpt lat="44.3272657692432403564453125" lon="-80.21169201470911502838134765625">
        <ele>460</ele>
        <time>2026-10-05T15:02:41.000Z</time>
        <extensions>
          <ns3:TrackPointExtension/>
        </extensions>
      </trkpt>
      <trkpt lat="44.3270833790302276611328125" lon="-80.211660079658031463623046875">
        <ele>459.600006103515625</ele>
        <time>2026-10-05T15:02:53.000Z</time>
        <extensions>
          <ns3:TrackPointExtension/>
        </extensions>
      </trkpt>
      <trkpt lat="44.32696410454809665679931640625" lon="-80.21161674521863460540771484375">
        <ele>459.399993896484375</ele>
        <time>2026-10-05T15:03:02.000Z</time>
        <extensions>
          <ns3:TrackPointExtension/>
        </extensions>
      </trkpt>
      <trkpt lat="44.32686419226229190826416015625" lon="-80.21160970441997051239013671875">
        <ele>459.20001220703125</ele>
        <time>2026-10-05T15:03:10.000Z</time>
        <extensions>
          <ns3:TrackPointExtension/>
        </extensions>
      </trkpt>
      <trkpt lat="44.3268186785280704498291015625" lon="-80.21160517819225788116455078125">
        <ele>459</ele>
        <time>2026-10-05T15:03:14.000Z</time>
        <extensions>
          <ns3:TrackPointExtension/>
        </extensions>
      </trkpt>
      <trkpt lat="44.32675908319652080535888671875" lon="-80.21159109659492969512939453125">
        <ele>458.600006103515625</ele>
        <time>2026-10-05T15:03:20.000Z</time>
        <extensions>
          <ns3:TrackPointExtension/>
        </extensions>
      </trkpt>
      <trkpt lat="44.32663804851472377777099609375" lon="-80.21156729198992252349853515625">
        <ele>458.600006103515625</ele>
        <time>2026-10-05T15:03:28.000Z</time>
        <extensions>
          <ns3:TrackPointExtension/>
        </extensions>
      </trkpt>
      <trkpt lat="44.3265088833868503570556640625" lon="-80.21153636276721954345703125">
        <ele>458.20001220703125</ele>
        <time>2026-10-05T15:03:37.000Z</time>
        <extensions>
          <ns3:TrackPointExtension/>
        </extensions>
      </trkpt>
      <trkpt lat="44.32642565108835697174072265625" lon="-80.2115160785615444183349609375">
        <ele>458</ele>
        <time>2026-10-05T15:03:43.000Z</time>
        <extensions>
          <ns3:TrackPointExtension/>
        </extensions>
      </trkpt>
      <trkpt lat="44.32635708712041378021240234375" lon="-80.2114959619939327239990234375">
        <ele>457.79998779296875</ele>
        <time>2026-10-05T15:03:48.000Z</time>
        <extensions>
          <ns3:TrackPointExtension/>
        </extensions>
      </trkpt>
      <trkpt lat="44.32622582651674747467041015625" lon="-80.21147190593183040618896484375">
        <ele>457.399993896484375</ele>
        <time>2026-10-05T15:03:57.000Z</time>
        <extensions>
          <ns3:TrackPointExtension/>
        </extensions>
      </trkpt>
      <trkpt lat="44.32616061531007289886474609375" lon="-80.211446844041347503662109375">
        <ele>457</ele>
        <time>2026-10-05T15:04:03.000Z</time>
        <extensions>
          <ns3:TrackPointExtension/>
        </extensions>
      </trkpt>
      <trkpt lat="44.32612692005932331085205078125" lon="-80.21144106052815914154052734375">
        <ele>456.79998779296875</ele>
        <time>2026-10-05T15:04:06.000Z</time>
        <extensions>
          <ns3:TrackPointExtension/>
        </extensions>
      </trkpt>
      <trkpt lat="44.32601912878453731536865234375" lon="-80.211415328085422515869140625">
        <ele>456.600006103515625</ele>
        <time>2026-10-05T15:04:14.000Z</time>
        <extensions>
          <ns3:TrackPointExtension/>
        </extensions>
      </trkpt>
      <trkpt lat="44.32593564502894878387451171875" lon="-80.2114163339138031005859375">
        <ele>456.20001220703125</ele>
        <time>2026-10-05T15:04:22.000Z</time>
        <extensions>
          <ns3:TrackPointExtension/>
        </extensions>
      </trkpt>
      <trkpt lat="44.32590949349105358123779296875" lon="-80.211407281458377838134765625">
        <ele>455.79998779296875</ele>
        <time>2026-10-05T15:04:24.000Z</time>
        <extensions>
          <ns3:TrackPointExtension/>
        </extensions>
      </trkpt>
      <trkpt lat="44.32587563060224056243896484375" lon="-80.2113913558423519134521484375">
        <ele>455.399993896484375</ele>
        <time>2026-10-05T15:04:29.000Z</time>
        <extensions>
          <ns3:TrackPointExtension/>
        </extensions>
      </trkpt>
      <trkpt lat="44.325835816562175750732421875" lon="-80.21139512769877910614013671875">
        <ele>455</ele>
        <time>2026-10-05T15:04:37.000Z</time>
        <extensions>
          <ns3:TrackPointExtension/>
        </extensions>
      </trkpt>
      <trkpt lat="44.32579332031309604644775390625" lon="-80.21138305775821208953857421875">
        <ele>454.79998779296875</ele>
        <time>2026-10-05T15:04:47.000Z</time>
        <extensions>
          <ns3:TrackPointExtension/>
        </extensions>
      </trkpt>
      <trkpt lat="44.325789548456668853759765625" lon="-80.211370401084423065185546875">
        <ele>454.79998779296875</ele>
        <time>2026-10-05T15:04:49.000Z</time>
        <extensions>
          <ns3:TrackPointExtension/>
        </extensions>
      </trkpt>
      <trkpt lat="44.32576566003262996673583984375" lon="-80.21136009134352207183837890625">
        <ele>454.79998779296875</ele>
        <time>2026-10-05T15:04:58.000Z</time>
        <extensions>
          <ns3:TrackPointExtension/>
        </extensions>
      </trkpt>
      <trkpt lat="44.32573179714381694793701171875" lon="-80.2113692276179790496826171875">
        <ele>455</ele>
        <time>2026-10-05T15:05:09.000Z</time>
        <extensions>
          <ns3:TrackPointExtension/>
        </extensions>
      </trkpt>
      <trkpt lat="44.32562098838388919830322265625" lon="-80.2113839797675609588623046875">
        <ele>455</ele>
        <time>2026-10-05T15:05:18.000Z</time>
        <extensions>
          <ns3:TrackPointExtension/>
        </extensions>
      </trkpt>
      <trkpt lat="44.3254648335278034210205078125" lon="-80.2114211954176425933837890625">
        <ele>454.399993896484375</ele>
        <time>2026-10-05T15:05:31.000Z</time>
        <extensions>
          <ns3:TrackPointExtension/>
        </extensions>
      </trkpt>
      <trkpt lat="44.32531354017555713653564453125" lon="-80.2113755978643894195556640625">
        <ele>453.79998779296875</ele>
        <time>2026-10-05T15:05:42.000Z</time>
        <extensions>
          <ns3:TrackPointExtension/>
        </extensions>
      </trkpt>
      <trkpt lat="44.32518445886671543121337890625" lon="-80.2113219536840915679931640625">
        <ele>453.79998779296875</ele>
        <time>2026-10-05T15:05:51.000Z</time>
        <extensions>
          <ns3:TrackPointExtension/>
        </extensions>
      </trkpt>
      <trkpt lat="44.3250745721161365509033203125" lon="-80.21128867752850055694580078125">
        <ele>454</ele>
        <time>2026-10-05T15:05:59.000Z</time>
        <extensions>
          <ns3:TrackPointExtension/>
        </extensions>
      </trkpt>
      <trkpt lat="44.32491682469844818115234375" lon="-80.211259759962558746337890625">
        <ele>453.79998779296875</ele>
        <time>2026-10-05T15:06:10.000Z</time>
        <extensions>
          <ns3:TrackPointExtension/>
        </extensions>
      </trkpt>
      <trkpt lat="44.32482521049678325653076171875" lon="-80.2112391404807567596435546875">
        <ele>454</ele>
        <time>2026-10-05T15:06:17.000Z</time>
        <extensions>
          <ns3:TrackPointExtension/>
        </extensions>
      </trkpt>
      <trkpt lat="44.32468540035188198089599609375" lon="-80.21120100282132625579833984375">
        <ele>454.399993896484375</ele>
        <time>2026-10-05T15:06:27.000Z</time>
        <extensions>
          <ns3:TrackPointExtension/>
        </extensions>
      </trkpt>
      <trkpt lat="44.32461784221231937408447265625" lon="-80.21119262091815471649169921875">
        <ele>454.79998779296875</ele>
        <time>2026-10-05T15:06:32.000Z</time>
        <extensions>
          <ns3:TrackPointExtension/>
        </extensions>
      </trkpt>
      <trkpt lat="44.3245823867619037628173828125" lon="-80.2111856639385223388671875">
        <ele>455</ele>
        <time>2026-10-05T15:06:35.000Z</time>
        <extensions>
          <ns3:TrackPointExtension/>
        </extensions>
      </trkpt>
      <trkpt lat="44.324471913278102874755859375" lon="-80.21117401309311389923095703125">
        <ele>455.399993896484375</ele>
        <time>2026-10-05T15:06:44.000Z</time>
        <extensions>
          <ns3:TrackPointExtension/>
        </extensions>
      </trkpt>
      <trkpt lat="44.32439102791249752044677734375" lon="-80.2111695706844329833984375">
        <ele>455.79998779296875</ele>
        <time>2026-10-05T15:06:50.000Z</time>
        <extensions>
          <ns3:TrackPointExtension/>
        </extensions>
      </trkpt>
      <trkpt lat="44.32437828741967678070068359375" lon="-80.211168564856052398681640625">
        <ele>456</ele>
        <time>2026-10-05T15:06:51.000Z</time>
        <extensions>
          <ns3:TrackPointExtension/>
        </extensions>
      </trkpt>
      <trkpt lat="44.324303604662418365478515625" lon="-80.2111512981355190277099609375">
        <ele>456.79998779296875</ele>
        <time>2026-10-05T15:06:57.000Z</time>
        <extensions>
          <ns3:TrackPointExtension/>
        </extensions>
      </trkpt>
      <trkpt lat="44.3242444284260272979736328125" lon="-80.2111274935305118560791015625">
        <ele>457.399993896484375</ele>
        <time>2026-10-05T15:07:02.000Z</time>
        <extensions>
          <ns3:TrackPointExtension/>
        </extensions>
      </trkpt>
      <trkpt lat="44.3241860903799533843994140625" lon="-80.211123637855052947998046875">
        <ele>458</ele>
        <time>2026-10-05T15:07:06.000Z</time>
        <extensions>
          <ns3:TrackPointExtension/>
        </extensions>
      </trkpt>
      <trkpt lat="44.32412247173488140106201171875" lon="-80.2111120708286762237548828125">
        <ele>458.20001220703125</ele>
        <time>2026-10-05T15:07:11.000Z</time>
        <extensions>
          <ns3:TrackPointExtension/>
        </extensions>
      </trkpt>
      <trkpt lat="44.3240221403539180755615234375" lon="-80.2110958099365234375">
        <ele>458.600006103515625</ele>
        <time>2026-10-05T15:07:19.000Z</time>
        <extensions>
          <ns3:TrackPointExtension/>
        </extensions>
      </trkpt>
      <trkpt lat="44.3239986710250377655029296875" lon="-80.211088098585605621337890625">
        <ele>459.399993896484375</ele>
        <time>2026-10-05T15:07:21.000Z</time>
        <extensions>
          <ns3:TrackPointExtension/>
        </extensions>
      </trkpt>
      <trkpt lat="44.32394159026443958282470703125" lon="-80.211067982017993927001953125">
        <ele>460.399993896484375</ele>
        <time>2026-10-05T15:07:27.000Z</time>
        <extensions>
          <ns3:TrackPointExtension/>
        </extensions>
      </trkpt>
      <trkpt lat="44.3239158578217029571533203125" lon="-80.211059935390949249267578125">
        <ele>460.79998779296875</ele>
        <time>2026-10-05T15:07:29.000Z</time>
        <extensions>
          <ns3:TrackPointExtension/>
        </extensions>
      </trkpt>
      <trkpt lat="44.3238638900220394134521484375" lon="-80.2110564149916172027587890625">
        <ele>461.399993896484375</ele>
        <time>2026-10-05T15:07:33.000Z</time>
        <extensions>
          <ns3:TrackPointExtension/>
        </extensions>
      </trkpt>
      <trkpt lat="44.3238226510584354400634765625" lon="-80.21104794926941394805908203125">
        <ele>461.79998779296875</ele>
        <time>2026-10-05T15:07:37.000Z</time>
        <extensions>
          <ns3:TrackPointExtension/>
        </extensions>
      </trkpt>
      <trkpt lat="44.32371293194591999053955078125" lon="-80.211016349494457244873046875">
        <ele>462.79998779296875</ele>
        <time>2026-10-05T15:07:46.000Z</time>
        <extensions>
          <ns3:TrackPointExtension/>
        </extensions>
      </trkpt>
      <trkpt lat="44.32364889420568943023681640625" lon="-80.21099128760397434234619140625">
        <ele>463.600006103515625</ele>
        <time>2026-10-05T15:07:53.000Z</time>
        <extensions>
          <ns3:TrackPointExtension/>
        </extensions>
      </trkpt>
      <trkpt lat="44.32361888699233531951904296875" lon="-80.210984162986278533935546875">
        <ele>463.79998779296875</ele>
        <time>2026-10-05T15:07:56.000Z</time>
        <extensions>
          <ns3:TrackPointExtension/>
        </extensions>
      </trkpt>
      <trkpt lat="44.32357395999133586883544921875" lon="-80.21097066812217235565185546875">
        <ele>464.20001220703125</ele>
        <time>2026-10-05T15:08:00.000Z</time>
        <extensions>
          <ns3:TrackPointExtension/>
        </extensions>
      </trkpt>
      <trkpt lat="44.32350606657564640045166015625" lon="-80.2109558321535587310791015625">
        <ele>464.79998779296875</ele>
        <time>2026-10-05T15:08:06.000Z</time>
        <extensions>
          <ns3:TrackPointExtension/>
        </extensions>
      </trkpt>
      <trkpt lat="44.32348452508449554443359375" lon="-80.210951976478099822998046875">
        <ele>466.20001220703125</ele>
        <time>2026-10-05T15:08:08.000Z</time>
        <extensions>
          <ns3:TrackPointExtension/>
        </extensions>
      </trkpt>
      <trkpt lat="44.32344102300703525543212890625" lon="-80.21094250492751598358154296875">
        <ele>467.399993896484375</ele>
        <time>2026-10-05T15:08:12.000Z</time>
        <extensions>
          <ns3:TrackPointExtension/>
        </extensions>
      </trkpt>
      <trkpt lat="44.32338930666446685791015625" lon="-80.21094015799462795257568359375">
        <ele>468</ele>
        <time>2026-10-05T15:08:16.000Z</time>
        <extensions>
          <ns3:TrackPointExtension/>
        </extensions>
      </trkpt>
      <trkpt lat="44.3233685195446014404296875" lon="-80.21093663759529590606689453125">
        <ele>468.600006103515625</ele>
        <time>2026-10-05T15:08:18.000Z</time>
        <extensions>
          <ns3:TrackPointExtension/>
        </extensions>
      </trkpt>
      <trkpt lat="44.32333876378834247589111328125" lon="-80.210928507149219512939453125">
        <ele>469.79998779296875</ele>
        <time>2026-10-05T15:08:21.000Z</time>
        <extensions>
          <ns3:TrackPointExtension/>
        </extensions>
      </trkpt>
      <trkpt lat="44.323316551744937896728515625" lon="-80.2109216339886188507080078125">
        <ele>470.20001220703125</ele>
        <time>2026-10-05T15:08:23.000Z</time>
        <extensions>
          <ns3:TrackPointExtension/>
        </extensions>
      </trkpt>
      <trkpt lat="44.32323566637933254241943359375" lon="-80.21090738475322723388671875">
        <ele>470.79998779296875</ele>
        <time>2026-10-05T15:08:31.000Z</time>
        <extensions>
          <ns3:TrackPointExtension/>
        </extensions>
      </trkpt>
      <trkpt lat="44.32313072495162487030029296875" lon="-80.210886262357234954833984375">
        <ele>471.79998779296875</ele>
        <time>2026-10-05T15:08:40.000Z</time>
        <extensions>
          <ns3:TrackPointExtension/>
        </extensions>
      </trkpt>
      <trkpt lat="44.32311848737299442291259765625" lon="-80.21088601090013980865478515625">
        <ele>472</ele>
        <time>2026-10-05T15:08:41.000Z</time>
        <extensions>
          <ns3:TrackPointExtension/>
        </extensions>
      </trkpt>
      <trkpt lat="44.3230686150491237640380859375" lon="-80.2108773775398731231689453125">
        <ele>473</ele>
        <time>2026-10-05T15:08:45.000Z</time>
        <extensions>
          <ns3:TrackPointExtension/>
        </extensions>
      </trkpt>
      <trkpt lat="44.3230132944881916046142578125" lon="-80.21086287684738636016845703125">
        <ele>473.600006103515625</ele>
        <time>2026-10-05T15:08:49.000Z</time>
        <extensions>
          <ns3:TrackPointExtension/>
        </extensions>
      </trkpt>
      <trkpt lat="44.32294850237667560577392578125" lon="-80.2108542434871196746826171875">
        <ele>474.20001220703125</ele>
        <time>2026-10-05T15:08:54.000Z</time>
        <extensions>
          <ns3:TrackPointExtension/>
        </extensions>
      </trkpt>
      <trkpt lat="44.32290810160338878631591796875" lon="-80.21084175445139408111572265625">
        <ele>474.79998779296875</ele>
        <time>2026-10-05T15:08:58.000Z</time>
        <extensions>
          <ns3:TrackPointExtension/>
        </extensions>
      </trkpt>
      <trkpt lat="44.32287407107651233673095703125" lon="-80.21084259264171123504638671875">
        <ele>475.20001220703125</ele>
        <time>2026-10-05T15:09:01.000Z</time>
        <extensions>
          <ns3:TrackPointExtension/>
        </extensions>
      </trkpt>
      <trkpt lat="44.3228134699165821075439453125" lon="-80.2108297683298587799072265625">
        <ele>475.79998779296875</ele>
        <time>2026-10-05T15:09:06.000Z</time>
        <extensions>
          <ns3:TrackPointExtension/>
        </extensions>
      </trkpt>
      <trkpt lat="44.32277617044746875762939453125" lon="-80.2108289301395416259765625">
        <ele>476.399993896484375</ele>
        <time>2026-10-05T15:09:09.000Z</time>
        <extensions>
          <ns3:TrackPointExtension/>
        </extensions>
      </trkpt>
      <trkpt lat="44.32275739498436450958251953125" lon="-80.2108267508447170257568359375">
        <ele>477.399993896484375</ele>
        <time>2026-10-05T15:09:11.000Z</time>
        <extensions>
          <ns3:TrackPointExtension/>
        </extensions>
      </trkpt>
      <trkpt lat="44.32272017933428287506103515625" lon="-80.2108193747699260711669921875">
        <ele>478</ele>
        <time>2026-10-05T15:09:14.000Z</time>
        <extensions>
          <ns3:TrackPointExtension/>
        </extensions>
      </trkpt>
      <trkpt lat="44.3226656131446361541748046875" lon="-80.210800431668758392333984375">
        <ele>478.399993896484375</ele>
        <time>2026-10-05T15:09:18.000Z</time>
        <extensions>
          <ns3:TrackPointExtension/>
        </extensions>
      </trkpt>
      <trkpt lat="44.32259813882410526275634765625" lon="-80.21078802645206451416015625">
        <ele>478.600006103515625</ele>
        <time>2026-10-05T15:09:23.000Z</time>
        <extensions>
          <ns3:TrackPointExtension/>
        </extensions>
      </trkpt>
      <trkpt lat="44.3224755115807056427001953125" lon="-80.21077000536024570465087890625">
        <ele>479.600006103515625</ele>
        <time>2026-10-05T15:09:33.000Z</time>
        <extensions>
          <ns3:TrackPointExtension/>
        </extensions>
      </trkpt>
      <trkpt lat="44.322385489940643310546875" lon="-80.2107436023652553558349609375">
        <ele>480</ele>
        <time>2026-10-05T15:09:41.000Z</time>
        <extensions>
          <ns3:TrackPointExtension/>
        </extensions>
      </trkpt>
      <trkpt lat="44.3222709931433200836181640625" lon="-80.2107174508273601531982421875">
        <ele>479.399993896484375</ele>
        <time>2026-10-05T15:09:50.000Z</time>
        <extensions>
          <ns3:TrackPointExtension/>
        </extensions>
      </trkpt>
      <trkpt lat="44.32214870117604732513427734375" lon="-80.21065349690616130828857421875">
        <ele>479.20001220703125</ele>
        <time>2026-10-05T15:09:58.000Z</time>
        <extensions>
          <ns3:TrackPointExtension/>
        </extensions>
      </trkpt>
      <trkpt lat="44.3220362998545169830322265625" lon="-80.21058526821434497833251953125">
        <ele>479.399993896484375</ele>
        <time>2026-10-05T15:10:06.000Z</time>
        <extensions>
          <ns3:TrackPointExtension/>
        </extensions>
      </trkpt>
      <trkpt lat="44.321911744773387908935546875" lon="-80.21053858101367950439453125">
        <ele>479.79998779296875</ele>
        <time>2026-10-05T15:10:14.000Z</time>
        <extensions>
          <ns3:TrackPointExtension/>
        </extensions>
      </trkpt>
      <trkpt lat="44.32180537842214107513427734375" lon="-80.21049072034657001495361328125">
        <ele>480</ele>
        <time>2026-10-05T15:10:21.000Z</time>
        <extensions>
          <ns3:TrackPointExtension/>
        </extensions>
      </trkpt>
      <trkpt lat="44.3217073939740657806396484375" lon="-80.21044964902102947235107421875">
        <ele>480.600006103515625</ele>
        <time>2026-10-05T15:10:28.000Z</time>
        <extensions>
          <ns3:TrackPointExtension/>
        </extensions>
      </trkpt>
      <trkpt lat="44.3216063082218170166015625" lon="-80.21043841727077960968017578125">
        <ele>481</ele>
        <time>2026-10-05T15:10:36.000Z</time>
        <extensions>
          <ns3:TrackPointExtension/>
        </extensions>
      </trkpt>
      <trkpt lat="44.321498014032840728759765625" lon="-80.210414193570613861083984375">
        <ele>480.600006103515625</ele>
        <time>2026-10-05T15:10:45.000Z</time>
        <extensions>
          <ns3:TrackPointExtension/>
        </extensions>
      </trkpt>
      <trkpt lat="44.32140354998409748077392578125" lon="-80.21039064042270183563232421875">
        <ele>481</ele>
        <time>2026-10-05T15:10:52.000Z</time>
        <extensions>
          <ns3:TrackPointExtension/>
        </extensions>
      </trkpt>
      <trkpt lat="44.3212946690618991851806640625" lon="-80.210384689271450042724609375">
        <ele>481.600006103515625</ele>
        <time>2026-10-05T15:11:00.000Z</time>
        <extensions>
          <ns3:TrackPointExtension/>
        </extensions>
      </trkpt>
      <trkpt lat="44.32120271958410739898681640625" lon="-80.210361219942569732666015625">
        <ele>481.600006103515625</ele>
        <time>2026-10-05T15:11:07.000Z</time>
        <extensions>
          <ns3:TrackPointExtension/>
        </extensions>
      </trkpt>
      <trkpt lat="44.32110272347927093505859375" lon="-80.21032668650150299072265625">
        <ele>480.600006103515625</ele>
        <time>2026-10-05T15:11:15.000Z</time>
        <extensions>
          <ns3:TrackPointExtension/>
        </extensions>
      </trkpt>
      <trkpt lat="44.321002475917339324951171875" lon="-80.210313610732555389404296875">
        <ele>480.20001220703125</ele>
        <time>2026-10-05T15:11:22.000Z</time>
        <extensions>
          <ns3:TrackPointExtension/>
        </extensions>
      </trkpt>
      <trkpt lat="44.320858307182788848876953125" lon="-80.21029374562203884124755859375">
        <ele>480.20001220703125</ele>
        <time>2026-10-05T15:11:32.000Z</time>
        <extensions>
          <ns3:TrackPointExtension/>
        </extensions>
      </trkpt>
      <trkpt lat="44.3207384459674358367919921875" lon="-80.21027505397796630859375">
        <ele>480.600006103515625</ele>
        <time>2026-10-05T15:11:41.000Z</time>
        <extensions>
          <ns3:TrackPointExtension/>
        </extensions>
      </trkpt>
      <trkpt lat="44.32063199579715728759765625" lon="-80.21025854162871837615966796875">
        <ele>480.20001220703125</ele>
        <time>2026-10-05T15:11:49.000Z</time>
        <extensions>
          <ns3:TrackPointExtension/>
        </extensions>
      </trkpt>
      <trkpt lat="44.32050836272537708282470703125" lon="-80.21022551693022251129150390625">
        <ele>479.79998779296875</ele>
        <time>2026-10-05T15:11:59.000Z</time>
        <extensions>
          <ns3:TrackPointExtension/>
        </extensions>
      </trkpt>
      <trkpt lat="44.3203993141651153564453125" lon="-80.2102215774357318878173828125">
        <ele>479.79998779296875</ele>
        <time>2026-10-05T15:12:06.000Z</time>
        <extensions>
          <ns3:TrackPointExtension/>
        </extensions>
      </trkpt>
      <trkpt lat="44.32030208408832550048828125" lon="-80.2101964317262172698974609375">
        <ele>480</ele>
        <time>2026-10-05T15:12:13.000Z</time>
        <extensions>
          <ns3:TrackPointExtension/>
        </extensions>
      </trkpt>
      <trkpt lat="44.32023771107196807861328125" lon="-80.21014722995460033416748046875">
        <ele>479.79998779296875</ele>
        <time>2026-10-05T15:12:20.000Z</time>
        <extensions>
          <ns3:TrackPointExtension/>
        </extensions>
      </trkpt>
      <trkpt lat="44.32025514543056488037109375" lon="-80.210074894130229949951171875">
        <ele>479.600006103515625</ele>
        <time>2026-10-05T15:12:27.000Z</time>
        <extensions>
          <ns3:TrackPointExtension/>
        </extensions>
      </trkpt>
      <trkpt lat="44.32025355286896228790283203125" lon="-80.2100489102303981781005859375">
        <ele>479.20001220703125</ele>
        <time>2026-10-05T15:12:29.000Z</time>
        <extensions>
          <ns3:TrackPointExtension/>
        </extensions>
      </trkpt>
      <trkpt lat="44.320258162915706634521484375" lon="-80.209950171411037445068359375">
        <ele>478.399993896484375</ele>
        <time>2026-10-05T15:12:37.000Z</time>
        <extensions>
          <ns3:TrackPointExtension/>
        </extensions>
      </trkpt>
      <trkpt lat="44.3202613480389118194580078125" lon="-80.20985453389585018157958984375">
        <ele>478.20001220703125</ele>
        <time>2026-10-05T15:12:44.000Z</time>
        <extensions>
          <ns3:TrackPointExtension/>
        </extensions>
      </trkpt>
      <trkpt lat="44.3202958814799785614013671875" lon="-80.20968555472791194915771484375">
        <ele>477.399993896484375</ele>
        <time>2026-10-05T15:12:55.000Z</time>
        <extensions>
          <ns3:TrackPointExtension/>
        </extensions>
      </trkpt>
      <trkpt lat="44.32030342519283294677734375" lon="-80.20963425748050212860107421875">
        <ele>477</ele>
        <time>2026-10-05T15:12:58.000Z</time>
        <extensions>
          <ns3:TrackPointExtension/>
        </extensions>
      </trkpt>
      <trkpt lat="44.320342652499675750732421875" lon="-80.20943661220371723175048828125">
        <ele>476.600006103515625</ele>
        <time>2026-10-05T15:13:10.000Z</time>
        <extensions>
          <ns3:TrackPointExtension/>
        </extensions>
      </trkpt>
      <trkpt lat="44.32037073187530040740966796875" lon="-80.2093322575092315673828125">
        <ele>476.399993896484375</ele>
        <time>2026-10-05T15:13:17.000Z</time>
        <extensions>
          <ns3:TrackPointExtension/>
        </extensions>
      </trkpt>
      <trkpt lat="44.320388250052928924560546875" lon="-80.209208540618419647216796875">
        <ele>476</ele>
        <time>2026-10-05T15:13:24.000Z</time>
        <extensions>
          <ns3:TrackPointExtension/>
        </extensions>
      </trkpt>
      <trkpt lat="44.320435188710689544677734375" lon="-80.20901617594063282012939453125">
        <ele>475.399993896484375</ele>
        <time>2026-10-05T15:13:34.000Z</time>
        <extensions>
          <ns3:TrackPointExtension/>
        </extensions>
      </trkpt>
      <trkpt lat="44.3204779364168643951416015625" lon="-80.20882808603346347808837890625">
        <ele>475.600006103515625</ele>
        <time>2026-10-05T15:13:44.000Z</time>
        <extensions>
          <ns3:TrackPointExtension/>
        </extensions>
      </trkpt>
      <trkpt lat="44.32052277959883213043212890625" lon="-80.2086756192147731781005859375">
        <ele>476</ele>
        <time>2026-10-05T15:13:53.000Z</time>
        <extensions>
          <ns3:TrackPointExtension/>
        </extensions>
      </trkpt>
      <trkpt lat="44.3205704726278781890869140625" lon="-80.208515860140323638916015625">
        <ele>476.600006103515625</ele>
        <time>2026-10-05T15:14:02.000Z</time>
        <extensions>
          <ns3:TrackPointExtension/>
        </extensions>
      </trkpt>
      <trkpt lat="44.3205835483968257904052734375" lon="-80.20835316739976406097412109375">
        <ele>477.20001220703125</ele>
        <time>2026-10-05T15:14:10.000Z</time>
        <extensions>
          <ns3:TrackPointExtension/>
        </extensions>
      </trkpt>
      <trkpt lat="44.32060374878346920013427734375" lon="-80.2082325518131256103515625">
        <ele>477.20001220703125</ele>
        <time>2026-10-05T15:14:18.000Z</time>
        <extensions>
          <ns3:TrackPointExtension/>
        </extensions>
      </trkpt>
      <trkpt lat="44.3206455744802951812744140625" lon="-80.20809215493500232696533203125">
        <ele>477</ele>
        <time>2026-10-05T15:14:27.000Z</time>
        <extensions>
          <ns3:TrackPointExtension/>
        </extensions>
      </trkpt>
      <trkpt lat="44.32070307433605194091796875" lon="-80.2079259417951107025146484375">
        <ele>476.79998779296875</ele>
        <time>2026-10-05T15:14:36.000Z</time>
        <extensions>
          <ns3:TrackPointExtension/>
        </extensions>
      </trkpt>
      <trkpt lat="44.32072989642620086669921875" lon="-80.20778437145054340362548828125">
        <ele>476.20001220703125</ele>
        <time>2026-10-05T15:14:44.000Z</time>
        <extensions>
          <ns3:TrackPointExtension/>
        </extensions>
      </trkpt>
      <trkpt lat="44.320749677717685699462890625" lon="-80.20767775364220142364501953125">
        <ele>475.600006103515625</ele>
        <time>2026-10-05T15:14:51.000Z</time>
        <extensions>
          <ns3:TrackPointExtension/>
        </extensions>
      </trkpt>
      <trkpt lat="44.32076920755207538604736328125" lon="-80.20757365040481090545654296875">
        <ele>475.399993896484375</ele>
        <time>2026-10-05T15:14:57.000Z</time>
        <extensions>
          <ns3:TrackPointExtension/>
        </extensions>
      </trkpt>
      <trkpt lat="44.32078345678746700286865234375" lon="-80.207519419491291046142578125">
        <ele>475.399993896484375</ele>
        <time>2026-10-05T15:15:00.000Z</time>
        <extensions>
          <ns3:TrackPointExtension/>
        </extensions>
      </trkpt>
      <trkpt lat="44.32080290280282497406005859375" lon="-80.207435600459575653076171875">
        <ele>474.79998779296875</ele>
        <time>2026-10-05T15:15:05.000Z</time>
        <extensions>
          <ns3:TrackPointExtension/>
        </extensions>
      </trkpt>
      <trkpt lat="44.320828132331371307373046875" lon="-80.20729805342853069305419921875">
        <ele>474.20001220703125</ele>
        <time>2026-10-05T15:15:12.000Z</time>
        <extensions>
          <ns3:TrackPointExtension/>
        </extensions>
      </trkpt>
      <trkpt lat="44.320827461779117584228515625" lon="-80.20725899375975131988525390625">
        <ele>474</ele>
        <time>2026-10-05T15:15:14.000Z</time>
        <extensions>
          <ns3:TrackPointExtension/>
        </extensions>
      </trkpt>
      <trkpt lat="44.32083978317677974700927734375" lon="-80.2071481011807918548583984375">
        <ele>473.600006103515625</ele>
        <time>2026-10-05T15:15:21.000Z</time>
        <extensions>
          <ns3:TrackPointExtension/>
        </extensions>
      </trkpt>
      <trkpt lat="44.32086668908596038818359375" lon="-80.2070035971701145172119140625">
        <ele>473.600006103515625</ele>
        <time>2026-10-05T15:15:29.000Z</time>
        <extensions>
          <ns3:TrackPointExtension/>
        </extensions>
      </trkpt>
      <trkpt lat="44.32089962996542453765869140625" lon="-80.20685247145593166351318359375">
        <ele>473.399993896484375</ele>
        <time>2026-10-05T15:15:38.000Z</time>
        <extensions>
          <ns3:TrackPointExtension/>
        </extensions>
      </trkpt>
      <trkpt lat="44.3209223449230194091796875" lon="-80.2067105658352375030517578125">
        <ele>473.600006103515625</ele>
        <time>2026-10-05T15:15:46.000Z</time>
        <extensions>
          <ns3:TrackPointExtension/>
        </extensions>
      </trkpt>
      <trkpt lat="44.32094472460448741912841796875" lon="-80.20658542402088642120361328125">
        <ele>473.20001220703125</ele>
        <time>2026-10-05T15:15:54.000Z</time>
        <extensions>
          <ns3:TrackPointExtension/>
        </extensions>
      </trkpt>
      <trkpt lat="44.32097221724689006805419921875" lon="-80.2065157704055309295654296875">
        <ele>473.20001220703125</ele>
        <time>2026-10-05T15:15:58.000Z</time>
        <extensions>
          <ns3:TrackPointExtension/>
        </extensions>
      </trkpt>
      <trkpt lat="44.32100675068795680999755859375" lon="-80.2064086496829986572265625">
        <ele>473</ele>
        <time>2026-10-05T15:16:04.000Z</time>
        <extensions>
          <ns3:TrackPointExtension/>
        </extensions>
      </trkpt>
      <trkpt lat="44.3210505880415439605712890625" lon="-80.20624327473342418670654296875">
        <ele>473</ele>
        <time>2026-10-05T15:16:13.000Z</time>
        <extensions>
          <ns3:TrackPointExtension/>
        </extensions>
      </trkpt>
      <trkpt lat="44.3210743926465511322021484375" lon="-80.2060854434967041015625">
        <ele>473.20001220703125</ele>
        <time>2026-10-05T15:16:22.000Z</time>
        <extensions>
          <ns3:TrackPointExtension/>
        </extensions>
      </trkpt>
      <trkpt lat="44.32109978981316089630126953125" lon="-80.2059434540569782257080078125">
        <ele>473.79998779296875</ele>
        <time>2026-10-05T15:16:31.000Z</time>
        <extensions>
          <ns3:TrackPointExtension/>
        </extensions>
      </trkpt>
      <trkpt lat="44.3211173079907894134521484375" lon="-80.20584899000823497772216796875">
        <ele>473.79998779296875</ele>
        <time>2026-10-05T15:16:38.000Z</time>
        <extensions>
          <ns3:TrackPointExtension/>
        </extensions>
      </trkpt>
      <trkpt lat="44.32115963660180568695068359375" lon="-80.20573130808770656585693359375">
        <ele>473.79998779296875</ele>
        <time>2026-10-05T15:16:45.000Z</time>
        <extensions>
          <ns3:TrackPointExtension/>
        </extensions>
      </trkpt>
      <trkpt lat="44.32117237709462642669677734375" lon="-80.20561848767101764678955078125">
        <ele>474.20001220703125</ele>
        <time>2026-10-05T15:16:52.000Z</time>
        <extensions>
          <ns3:TrackPointExtension/>
        </extensions>
      </trkpt>
      <trkpt lat="44.32120825164020061492919921875" lon="-80.205446742475032806396484375">
        <ele>474.600006103515625</ele>
        <time>2026-10-05T15:17:02.000Z</time>
        <extensions>
          <ns3:TrackPointExtension/>
        </extensions>
      </trkpt>
      <trkpt lat="44.32122283615171909332275390625" lon="-80.205423273146152496337890625">
        <ele>474.79998779296875</ele>
        <time>2026-10-05T15:17:08.000Z</time>
        <extensions>
          <ns3:TrackPointExtension/>
        </extensions>
      </trkpt>
      <trkpt lat="44.321255274116992950439453125" lon="-80.20530634559690952301025390625">
        <ele>475.20001220703125</ele>
        <time>2026-10-05T15:17:16.000Z</time>
        <extensions>
          <ns3:TrackPointExtension/>
        </extensions>
      </trkpt>
      <trkpt lat="44.3212631531059741973876953125" lon="-80.2052507735788822174072265625">
        <ele>475.399993896484375</ele>
        <time>2026-10-05T15:17:19.000Z</time>
        <extensions>
          <ns3:TrackPointExtension/>
        </extensions>
      </trkpt>
      <trkpt lat="44.321326352655887603759765625" lon="-80.205052457749843597412109375">
        <ele>475.600006103515625</ele>
        <time>2026-10-05T15:17:30.000Z</time>
        <extensions>
          <ns3:TrackPointExtension/>
        </extensions>
      </trkpt>
      <trkpt lat="44.32136599905788898468017578125" lon="-80.204886496067047119140625">
        <ele>475.600006103515625</ele>
        <time>2026-10-05T15:17:42.000Z</time>
        <extensions>
          <ns3:TrackPointExtension/>
        </extensions>
      </trkpt>
      <trkpt lat="44.32139910757541656494140625" lon="-80.20473369397222995758056640625">
        <ele>475.399993896484375</ele>
        <time>2026-10-05T15:17:52.000Z</time>
        <extensions>
          <ns3:TrackPointExtension/>
        </extensions>
      </trkpt>
      <trkpt lat="44.32143053971230983734130859375" lon="-80.2045346237719058990478515625">
        <ele>475.399993896484375</ele>
        <time>2026-10-05T15:18:04.000Z</time>
        <extensions>
          <ns3:TrackPointExtension/>
        </extensions>
      </trkpt>
      <trkpt lat="44.32148518972098827362060546875" lon="-80.2042781375348567962646484375">
        <ele>475</ele>
        <time>2026-10-05T15:18:19.000Z</time>
        <extensions>
          <ns3:TrackPointExtension/>
        </extensions>
      </trkpt>
      <trkpt lat="44.32152961380779743194580078125" lon="-80.20404520444571971893310546875">
        <ele>474.600006103515625</ele>
        <time>2026-10-05T15:18:32.000Z</time>
        <extensions>
          <ns3:TrackPointExtension/>
        </extensions>
      </trkpt>
      <trkpt lat="44.3215474672615528106689453125" lon="-80.20392559468746185302734375">
        <ele>474.399993896484375</ele>
        <time>2026-10-05T15:18:40.000Z</time>
        <extensions>
          <ns3:TrackPointExtension/>
        </extensions>
      </trkpt>
      <trkpt lat="44.32156942784786224365234375" lon="-80.20383842289447784423828125">
        <ele>474.20001220703125</ele>
        <time>2026-10-05T15:18:45.000Z</time>
        <extensions>
          <ns3:TrackPointExtension/>
        </extensions>
      </trkpt>
      <trkpt lat="44.32157454080879688262939453125" lon="-80.20377807319164276123046875">
        <ele>474.20001220703125</ele>
        <time>2026-10-05T15:18:48.000Z</time>
        <extensions>
          <ns3:TrackPointExtension/>
        </extensions>
      </trkpt>
      <trkpt lat="44.32160287164151668548583984375" lon="-80.20366516895592212677001953125">
        <ele>474.20001220703125</ele>
        <time>2026-10-05T15:18:54.000Z</time>
        <extensions>
          <ns3:TrackPointExtension/>
        </extensions>
      </trkpt>
      <trkpt lat="44.3216242454946041107177734375" lon="-80.20348160527646541595458984375">
        <ele>474.20001220703125</ele>
        <time>2026-10-05T15:19:04.000Z</time>
        <extensions>
          <ns3:TrackPointExtension/>
        </extensions>
      </trkpt>
      <trkpt lat="44.32164846919476985931396484375" lon="-80.20335738547146320343017578125">
        <ele>474.79998779296875</ele>
        <time>2026-10-05T15:19:11.000Z</time>
        <extensions>
          <ns3:TrackPointExtension/>
        </extensions>
      </trkpt>
      <trkpt lat="44.321665652096271514892578125" lon="-80.20323760807514190673828125">
        <ele>475</ele>
        <time>2026-10-05T15:19:18.000Z</time>
        <extensions>
          <ns3:TrackPointExtension/>
        </extensions>
      </trkpt>
      <trkpt lat="44.321693815290927886962890625" lon="-80.20310140214860439300537109375">
        <ele>475.20001220703125</ele>
        <time>2026-10-05T15:19:26.000Z</time>
        <extensions>
          <ns3:TrackPointExtension/>
        </extensions>
      </trkpt>
      <trkpt lat="44.32172960601747035980224609375" lon="-80.20296779461205005645751953125">
        <ele>475.79998779296875</ele>
        <time>2026-10-05T15:19:34.000Z</time>
        <extensions>
          <ns3:TrackPointExtension/>
        </extensions>
      </trkpt>
      <trkpt lat="44.32177302427589893341064453125" lon="-80.20281742326915264129638671875">
        <ele>476</ele>
        <time>2026-10-05T15:19:43.000Z</time>
        <extensions>
          <ns3:TrackPointExtension/>
        </extensions>
      </trkpt>
      <trkpt lat="44.32180881500244140625" lon="-80.2027083747088909149169921875">
        <ele>475.20001220703125</ele>
        <time>2026-10-05T15:19:50.000Z</time>
        <extensions>
          <ns3:TrackPointExtension/>
        </extensions>
      </trkpt>
      <trkpt lat="44.32183018885552883148193359375" lon="-80.20261189900338649749755859375">
        <ele>474.20001220703125</ele>
        <time>2026-10-05T15:19:56.000Z</time>
        <extensions>
          <ns3:TrackPointExtension/>
        </extensions>
      </trkpt>
      <trkpt lat="44.3218396604061126708984375" lon="-80.2025813050568103790283203125">
        <ele>473.20001220703125</ele>
        <time>2026-10-05T15:19:58.000Z</time>
        <extensions>
          <ns3:TrackPointExtension/>
        </extensions>
      </trkpt>
      <trkpt lat="44.3218451924622058868408203125" lon="-80.2025677263736724853515625">
        <ele>473</ele>
        <time>2026-10-05T15:19:59.000Z</time>
        <extensions>
          <ns3:TrackPointExtension/>
        </extensions>
      </trkpt>
      <trkpt lat="44.3218700028955936431884765625" lon="-80.202458761632442474365234375">
        <ele>472.600006103515625</ele>
        <time>2026-10-05T15:20:05.000Z</time>
        <extensions>
          <ns3:TrackPointExtension/>
        </extensions>
      </trkpt>
      <trkpt lat="44.32189020328223705291748046875" lon="-80.202370584011077880859375">
        <ele>472.20001220703125</ele>
        <time>2026-10-05T15:20:10.000Z</time>
        <extensions>
          <ns3:TrackPointExtension/>
        </extensions>
      </trkpt>
      <trkpt lat="44.3218961544334888458251953125" lon="-80.20232104696333408355712890625">
        <ele>471.79998779296875</ele>
        <time>2026-10-05T15:20:13.000Z</time>
        <extensions>
          <ns3:TrackPointExtension/>
        </extensions>
      </trkpt>
      <trkpt lat="44.321903027594089508056640625" lon="-80.20225130952894687652587890625">
        <ele>471</ele>
        <time>2026-10-05T15:20:17.000Z</time>
        <extensions>
          <ns3:TrackPointExtension/>
        </extensions>
      </trkpt>
      <trkpt lat="44.32191736064851284027099609375" lon="-80.20219917409121990203857421875">
        <ele>470.399993896484375</ele>
        <time>2026-10-05T15:20:20.000Z</time>
        <extensions>
          <ns3:TrackPointExtension/>
        </extensions>
      </trkpt>
      <trkpt lat="44.32192976586520671844482421875" lon="-80.20213061012327671051025390625">
        <ele>470</ele>
        <time>2026-10-05T15:20:24.000Z</time>
        <extensions>
          <ns3:TrackPointExtension/>
        </extensions>
      </trkpt>
      <trkpt lat="44.32194552384316921234130859375" lon="-80.20205098204314708709716796875">
        <ele>469.20001220703125</ele>
        <time>2026-10-05T15:20:29.000Z</time>
        <extensions>
          <ns3:TrackPointExtension/>
        </extensions>
      </trkpt>
      <trkpt lat="44.32197712361812591552734375" lon="-80.20194612443447113037109375">
        <ele>468.79998779296875</ele>
        <time>2026-10-05T15:20:35.000Z</time>
        <extensions>
          <ns3:TrackPointExtension/>
        </extensions>
      </trkpt>
      <trkpt lat="44.32198123075067996978759765625" lon="-80.20193137228488922119140625">
        <ele>468.600006103515625</ele>
        <time>2026-10-05T15:20:36.000Z</time>
        <extensions>
          <ns3:TrackPointExtension/>
        </extensions>
      </trkpt>
      <trkpt lat="44.3220166862010955810546875" lon="-80.2018426917493343353271484375">
        <ele>467.79998779296875</ele>
        <time>2026-10-05T15:20:42.000Z</time>
        <extensions>
          <ns3:TrackPointExtension/>
        </extensions>
      </trkpt>
      <trkpt lat="44.3220547400414943695068359375" lon="-80.201713778078556060791015625">
        <ele>467.399993896484375</ele>
        <time>2026-10-05T15:20:50.000Z</time>
        <extensions>
          <ns3:TrackPointExtension/>
        </extensions>
      </trkpt>
      <trkpt lat="44.322087764739990234375" lon="-80.20158444531261920928955078125">
        <ele>466.79998779296875</ele>
        <time>2026-10-05T15:20:58.000Z</time>
        <extensions>
          <ns3:TrackPointExtension/>
        </extensions>
      </trkpt>
      <trkpt lat="44.32208751328289508819580078125" lon="-80.201533734798431396484375">
        <ele>466.600006103515625</ele>
        <time>2026-10-05T15:21:01.000Z</time>
        <extensions>
          <ns3:TrackPointExtension/>
        </extensions>
      </trkpt>
      <trkpt lat="44.3220882676541805267333984375" lon="-80.20147095434367656707763671875">
        <ele>466.399993896484375</ele>
        <time>2026-10-05T15:21:05.000Z</time>
        <extensions>
          <ns3:TrackPointExtension/>
        </extensions>
      </trkpt>
      <trkpt lat="44.32209312915802001953125" lon="-80.201393254101276397705078125">
        <ele>465.79998779296875</ele>
        <time>2026-10-05T15:21:11.000Z</time>
        <extensions>
          <ns3:TrackPointExtension/>
        </extensions>
      </trkpt>
      <trkpt lat="44.32209136895835399627685546875" lon="-80.20138193853199481964111328125">
        <ele>465.399993896484375</ele>
        <time>2026-10-05T15:21:15.000Z</time>
        <extensions>
          <ns3:TrackPointExtension/>
        </extensions>
      </trkpt>
      <trkpt lat="44.32210762985050678253173828125" lon="-80.2013625763356685638427734375">
        <ele>465</ele>
        <time>2026-10-05T15:21:23.000Z</time>
        <extensions>
          <ns3:TrackPointExtension/>
        </extensions>
      </trkpt>
      <trkpt lat="44.32206572033464908599853515625" lon="-80.201300717890262603759765625">
        <ele>465</ele>
        <time>2026-10-05T15:21:30.000Z</time>
        <extensions>
          <ns3:TrackPointExtension/>
        </extensions>
      </trkpt>
      <trkpt lat="44.32198776863515377044677734375" lon="-80.20128638483583927154541015625">
        <ele>466</ele>
        <time>2026-10-05T15:21:41.000Z</time>
        <extensions>
          <ns3:TrackPointExtension/>
        </extensions>
      </trkpt>
      <trkpt lat="44.32197402231395244598388671875" lon="-80.20127867348492145538330078125">
        <ele>466.399993896484375</ele>
        <time>2026-10-05T15:21:47.000Z</time>
        <extensions>
          <ns3:TrackPointExtension/>
        </extensions>
      </trkpt>
      <trkpt lat="44.32197469286620616912841796875" lon="-80.20127448253333568572998046875">
        <ele>466.600006103515625</ele>
        <time>2026-10-05T15:21:53.000Z</time>
        <extensions>
          <ns3:TrackPointExtension/>
        </extensions>
      </trkpt>
      <trkpt lat="44.32197150774300098419189453125" lon="-80.20127146504819393157958984375">
        <ele>466.79998779296875</ele>
        <time>2026-10-05T15:22:11.000Z</time>
        <extensions>
          <ns3:TrackPointExtension/>
        </extensions>
      </trkpt>
      <trkpt lat="44.32198491878807544708251953125" lon="-80.20127900876104831695556640625">
        <ele>467</ele>
        <time>2026-10-05T15:22:38.000Z</time>
        <extensions>
          <ns3:TrackPointExtension/>
        </extensions>
      </trkpt>
      <trkpt lat="44.32210293598473072052001953125" lon="-80.20129359327256679534912109375">
        <ele>466.399993896484375</ele>
        <time>2026-10-05T15:22:51.000Z</time>
        <extensions>
          <ns3:TrackPointExtension/>
        </extensions>
      </trkpt>
      <trkpt lat="44.32209824211895465850830078125" lon="-80.20132594741880893707275390625">
        <ele>466.20001220703125</ele>
        <time>2026-10-05T15:23:00.000Z</time>
        <extensions>
          <ns3:TrackPointExtension/>
        </extensions>
      </trkpt>
      <trkpt lat="44.32210494764149188995361328125" lon="-80.2013246901333332061767578125">
        <ele>466</ele>
        <time>2026-10-05T15:23:15.000Z</time>
        <extensions>
          <ns3:TrackPointExtension/>
        </extensions>
      </trkpt>
      <trkpt lat="44.32210545055568218231201171875" lon="-80.20132251083850860595703125">
        <ele>465.399993896484375</ele>
        <time>2026-10-05T15:23:20.000Z</time>
        <extensions>
          <ns3:TrackPointExtension/>
        </extensions>
      </trkpt>
      <trkpt lat="44.32210913859307765960693359375" lon="-80.20130868069827556610107421875">
        <ele>465.399993896484375</ele>
        <time>2026-10-05T15:23:30.000Z</time>
        <extensions>
          <ns3:TrackPointExtension/>
        </extensions>
      </trkpt>
      <trkpt lat="44.32211366482079029083251953125" lon="-80.20134824328124523162841796875">
        <ele>465.600006103515625</ele>
        <time>2026-10-05T15:23:44.000Z</time>
        <extensions>
          <ns3:TrackPointExtension/>
        </extensions>
      </trkpt>
      <trkpt lat="44.3221020139753818511962890625" lon="-80.2013649232685565948486328125">
        <ele>466</ele>
        <time>2026-10-05T15:23:52.000Z</time>
        <extensions>
          <ns3:TrackPointExtension/>
        </extensions>
      </trkpt>
      <trkpt lat="44.3221033550798892974853515625" lon="-80.20137154497206211090087890625">
        <ele>466.20001220703125</ele>
        <time>2026-10-05T15:24:07.000Z</time>
        <extensions>
          <ns3:TrackPointExtension/>
        </extensions>
      </trkpt>
      <trkpt lat="44.3221030198037624359130859375" lon="-80.20137741230428218841552734375">
        <ele>466.399993896484375</ele>
        <time>2026-10-05T15:24:12.000Z</time>
        <extensions>
          <ns3:TrackPointExtension/>
        </extensions>
      </trkpt>
      <trkpt lat="44.32210327126085758209228515625" lon="-80.201376490294933319091796875">
        <ele>466.79998779296875</ele>
        <time>2026-10-05T15:24:22.000Z</time>
        <extensions>
          <ns3:TrackPointExtension/>
        </extensions>
      </trkpt>
      <trkpt lat="44.3221023492515087127685546875" lon="-80.20137087441980838775634765625">
        <ele>467.399993896484375</ele>
        <time>2026-10-05T15:24:34.000Z</time>
        <extensions>
          <ns3:TrackPointExtension/>
        </extensions>
      </trkpt>
      <trkpt lat="44.3221020139753818511962890625" lon="-80.20137137733399868011474609375">
        <ele>467.79998779296875</ele>
        <time>2026-10-05T15:24:35.000Z</time>
        <extensions>
          <ns3:TrackPointExtension/>
        </extensions>
      </trkpt>
      <trkpt lat="44.322108216583728790283203125" lon="-80.20137389190495014190673828125">
        <ele>468.399993896484375</ele>
        <time>2026-10-05T15:24:51.000Z</time>
        <extensions>
          <ns3:TrackPointExtension/>
        </extensions>
      </trkpt>
      <trkpt lat="44.3221132457256317138671875" lon="-80.2013793401420116424560546875">
        <ele>467.79998779296875</ele>
        <time>2026-10-05T15:25:04.000Z</time>
        <extensions>
          <ns3:TrackPointExtension/>
        </extensions>
      </trkpt>
      <trkpt lat="44.32211902923882007598876953125" lon="-80.20137473009526729583740234375">
        <ele>468.20001220703125</ele>
        <time>2026-10-05T15:25:21.000Z</time>
        <extensions>
          <ns3:TrackPointExtension/>
        </extensions>
      </trkpt>
      <trkpt lat="44.32212707586586475372314453125" lon="-80.20136768929660320281982421875">
        <ele>467.79998779296875</ele>
        <time>2026-10-05T15:25:40.000Z</time>
        <extensions>
          <ns3:TrackPointExtension/>
        </extensions>
      </trkpt>
      <trkpt lat="44.32213361375033855438232421875" lon="-80.20138822495937347412109375">
        <ele>468</ele>
        <time>2026-10-05T15:25:54.000Z</time>
        <extensions>
          <ns3:TrackPointExtension/>
        </extensions>
      </trkpt>
      <trkpt lat="44.32213093154132366180419921875" lon="-80.20138286054134368896484375">
        <ele>468.20001220703125</ele>
        <time>2026-10-05T15:26:09.000Z</time>
        <extensions>
          <ns3:TrackPointExtension/>
        </extensions>
      </trkpt>
      <trkpt lat="44.32213135063648223876953125" lon="-80.2013830281794071197509765625">
        <ele>468.399993896484375</ele>
        <time>2026-10-05T15:26:19.000Z</time>
        <extensions>
          <ns3:TrackPointExtension/>
        </extensions>
      </trkpt>
      <trkpt lat="44.322137720882892608642578125" lon="-80.20138554275035858154296875">
        <ele>468.600006103515625</ele>
        <time>2026-10-05T15:26:24.000Z</time>
        <extensions>
          <ns3:TrackPointExtension/>
        </extensions>
      </trkpt>
      <trkpt lat="44.3221412412822246551513671875" lon="-80.2013816870748996734619140625">
        <ele>468.79998779296875</ele>
        <time>2026-10-05T15:26:31.000Z</time>
        <extensions>
          <ns3:TrackPointExtension/>
        </extensions>
      </trkpt>
      <trkpt lat="44.32214207947254180908203125" lon="-80.20137858577072620391845703125">
        <ele>468.79998779296875</ele>
        <time>2026-10-05T15:26:47.000Z</time>
        <extensions>
          <ns3:TrackPointExtension/>
        </extensions>
      </trkpt>
      <trkpt lat="44.322133362293243408203125" lon="-80.2013759873807430267333984375">
        <ele>468.20001220703125</ele>
        <time>2026-10-05T15:27:02.000Z</time>
        <extensions>
          <ns3:TrackPointExtension/>
        </extensions>
      </trkpt>
      <trkpt lat="44.32212196290493011474609375" lon="-80.201375819742679595947265625">
        <ele>468.20001220703125</ele>
        <time>2026-10-05T15:27:16.000Z</time>
        <extensions>
          <ns3:TrackPointExtension/>
        </extensions>
      </trkpt>
      <trkpt lat="44.32212196290493011474609375" lon="-80.20137657411396503448486328125">
        <ele>467.399993896484375</ele>
        <time>2026-10-05T15:27:20.000Z</time>
        <extensions>
          <ns3:TrackPointExtension/>
        </extensions>
      </trkpt>
      <trkpt lat="44.3221194483339786529541015625" lon="-80.20137741230428218841552734375">
        <ele>466.399993896484375</ele>
        <time>2026-10-05T15:27:24.000Z</time>
        <extensions>
          <ns3:TrackPointExtension/>
        </extensions>
      </trkpt>
      <trkpt lat="44.32212305255234241485595703125" lon="-80.20137523300945758819580078125">
        <ele>465.600006103515625</ele>
        <time>2026-10-05T15:27:29.000Z</time>
        <extensions>
          <ns3:TrackPointExtension/>
        </extensions>
      </trkpt>
      <trkpt lat="44.32212053798139095306396484375" lon="-80.20137556828558444976806640625">
        <ele>466</ele>
        <time>2026-10-05T15:27:43.000Z</time>
        <extensions>
          <ns3:TrackPointExtension/>
        </extensions>
      </trkpt>
      <trkpt lat="44.32211366482079029083251953125" lon="-80.2013733051717281341552734375">
        <ele>466.399993896484375</ele>
        <time>2026-10-05T15:27:59.000Z</time>
        <extensions>
          <ns3:TrackPointExtension/>
        </extensions>
      </trkpt>
      <trkpt lat="44.3221204541623592376708984375" lon="-80.20136768929660320281982421875">
        <ele>466.79998779296875</ele>
        <time>2026-10-05T15:28:11.000Z</time>
        <extensions>
          <ns3:TrackPointExtension/>
        </extensions>
      </trkpt>
      <trkpt lat="44.3221191130578517913818359375" lon="-80.2013672702014446258544921875">
        <ele>467.399993896484375</ele>
        <time>2026-10-05T15:28:27.000Z</time>
        <extensions>
          <ns3:TrackPointExtension/>
        </extensions>
      </trkpt>
      <trkpt lat="44.322118945419788360595703125" lon="-80.20136735402047634124755859375">
        <ele>467.399993896484375</ele>
        <time>2026-10-05T15:28:28.000Z</time>
        <extensions>
          <ns3:TrackPointExtension/>
        </extensions>
      </trkpt>
      <trkpt lat="44.3221194483339786529541015625" lon="-80.20136299543082714080810546875">
        <ele>467.600006103515625</ele>
        <time>2026-10-05T15:28:41.000Z</time>
        <extensions>
          <ns3:TrackPointExtension/>
        </extensions>
      </trkpt>
      <trkpt lat="44.32211249135434627532958984375" lon="-80.2013699524104595184326171875">
        <ele>467.600006103515625</ele>
        <time>2026-10-05T15:28:55.000Z</time>
        <extensions>
          <ns3:TrackPointExtension/>
        </extensions>
      </trkpt>
      <trkpt lat="44.32212305255234241485595703125" lon="-80.20136685110628604888916015625">
        <ele>467.399993896484375</ele>
        <time>2026-10-05T15:29:10.000Z</time>
        <extensions>
          <ns3:TrackPointExtension/>
        </extensions>
      </trkpt>
      <trkpt lat="44.3221221305429935455322265625" lon="-80.20137020386755466461181640625">
        <ele>467.399993896484375</ele>
        <time>2026-10-05T15:29:20.000Z</time>
        <extensions>
          <ns3:TrackPointExtension/>
        </extensions>
      </trkpt>
      <trkpt lat="44.32212120853364467620849609375" lon="-80.20136115141212940216064453125">
        <ele>467.20001220703125</ele>
        <time>2026-10-05T15:29:35.000Z</time>
        <extensions>
          <ns3:TrackPointExtension/>
        </extensions>
      </trkpt>
      <trkpt lat="44.32211098261177539825439453125" lon="-80.20135193131864070892333984375">
        <ele>467.600006103515625</ele>
        <time>2026-10-05T15:29:50.000Z</time>
        <extensions>
          <ns3:TrackPointExtension/>
        </extensions>
      </trkpt>
      <trkpt lat="44.32206169702112674713134765625" lon="-80.20128118805587291717529296875">
        <ele>466.600006103515625</ele>
        <time>2026-10-05T15:29:57.000Z</time>
        <extensions>
          <ns3:TrackPointExtension/>
        </extensions>
      </trkpt>
      <trkpt lat="44.32194887660443782806396484375" lon="-80.20114858634769916534423828125">
        <ele>467.600006103515625</ele>
        <time>2026-10-05T15:30:09.000Z</time>
        <extensions>
          <ns3:TrackPointExtension/>
        </extensions>
      </trkpt>
      <trkpt lat="44.32185709476470947265625" lon="-80.201153196394443511962890625">
        <ele>467.79998779296875</ele>
        <time>2026-10-05T15:30:16.000Z</time>
        <extensions>
          <ns3:TrackPointExtension/>
        </extensions>
      </trkpt>
      <trkpt lat="44.32178132236003875732421875" lon="-80.20111774094402790069580078125">
        <ele>468.20001220703125</ele>
        <time>2026-10-05T15:30:23.000Z</time>
        <extensions>
          <ns3:TrackPointExtension/>
        </extensions>
      </trkpt>
      <trkpt lat="44.321770258247852325439453125" lon="-80.20111086778342723846435546875">
        <ele>468.20001220703125</ele>
        <time>2026-10-05T15:30:24.000Z</time>
        <extensions>
          <ns3:TrackPointExtension/>
        </extensions>
      </trkpt>
      <trkpt lat="44.3217117525637149810791015625" lon="-80.201082117855548858642578125">
        <ele>468.399993896484375</ele>
        <time>2026-10-05T15:30:30.000Z</time>
        <extensions>
          <ns3:TrackPointExtension/>
        </extensions>
      </trkpt>
      <trkpt lat="44.32161033153533935546875" lon="-80.20103878341615200042724609375">
        <ele>469.20001220703125</ele>
        <time>2026-10-05T15:30:41.000Z</time>
        <extensions>
          <ns3:TrackPointExtension/>
        </extensions>
      </trkpt>
      <trkpt lat="44.32155593298375606536865234375" lon="-80.20101531408727169036865234375">
        <ele>468.399993896484375</ele>
        <time>2026-10-05T15:30:49.000Z</time>
        <extensions>
          <ns3:TrackPointExtension/>
        </extensions>
      </trkpt>
      <trkpt lat="44.3215186335146427154541015625" lon="-80.20098715089261531829833984375">
        <ele>467.79998779296875</ele>
        <time>2026-10-05T15:30:56.000Z</time>
        <extensions>
          <ns3:TrackPointExtension/>
        </extensions>
      </trkpt>
      <trkpt lat="44.32149256579577922821044921875" lon="-80.20095563493669033050537109375">
        <ele>467.399993896484375</ele>
        <time>2026-10-05T15:30:59.000Z</time>
        <extensions>
          <ns3:TrackPointExtension/>
        </extensions>
      </trkpt>
      <trkpt lat="44.32148669846355915069580078125" lon="-80.2009394578635692596435546875">
        <ele>467.20001220703125</ele>
        <time>2026-10-05T15:31:00.000Z</time>
        <extensions>
          <ns3:TrackPointExtension/>
        </extensions>
      </trkpt>
      <trkpt lat="44.32142953388392925262451171875" lon="-80.200852118432521820068359375">
        <ele>466.399993896484375</ele>
        <time>2026-10-05T15:31:06.000Z</time>
        <extensions>
          <ns3:TrackPointExtension/>
        </extensions>
      </trkpt>
      <trkpt lat="44.3214200623333454132080078125" lon="-80.2008412219583988189697265625">
        <ele>466.399993896484375</ele>
        <time>2026-10-05T15:31:07.000Z</time>
        <extensions>
          <ns3:TrackPointExtension/>
        </extensions>
      </trkpt>
      <trkpt lat="44.32129810564219951629638671875" lon="-80.20067601464688777923583984375">
        <ele>465.79998779296875</ele>
        <time>2026-10-05T15:31:21.000Z</time>
        <extensions>
          <ns3:TrackPointExtension/>
        </extensions>
      </trkpt>
      <trkpt lat="44.32123817503452301025390625" lon="-80.20048541016876697540283203125">
        <ele>466.79998779296875</ele>
        <time>2026-10-05T15:31:32.000Z</time>
        <extensions>
          <ns3:TrackPointExtension/>
        </extensions>
      </trkpt>
      <trkpt lat="44.32122115977108478546142578125" lon="-80.20036269910633563995361328125">
        <ele>466.600006103515625</ele>
        <time>2026-10-05T15:31:40.000Z</time>
        <extensions>
          <ns3:TrackPointExtension/>
        </extensions>
      </trkpt>
      <trkpt lat="44.3212058208882808685302734375" lon="-80.20025691948831081390380859375">
        <ele>465.79998779296875</ele>
        <time>2026-10-05T15:31:47.000Z</time>
        <extensions>
          <ns3:TrackPointExtension/>
        </extensions>
      </trkpt>
      <trkpt lat="44.321196265518665313720703125" lon="-80.2002100646495819091796875">
        <ele>465.600006103515625</ele>
        <time>2026-10-05T15:31:50.000Z</time>
        <extensions>
          <ns3:TrackPointExtension/>
        </extensions>
      </trkpt>
      <trkpt lat="44.32120540179312229156494140625" lon="-80.2001456916332244873046875">
        <ele>465.399993896484375</ele>
        <time>2026-10-05T15:31:54.000Z</time>
        <extensions>
          <ns3:TrackPointExtension/>
        </extensions>
      </trkpt>
      <trkpt lat="44.32120825164020061492919921875" lon="-80.2001066319644451141357421875">
        <ele>465.20001220703125</ele>
        <time>2026-10-05T15:31:56.000Z</time>
        <extensions>
          <ns3:TrackPointExtension/>
        </extensions>
      </trkpt>
      <trkpt lat="44.321210682392120361328125" lon="-80.19997201859951019287109375">
        <ele>464.79998779296875</ele>
        <time>2026-10-05T15:32:04.000Z</time>
        <extensions>
          <ns3:TrackPointExtension/>
        </extensions>
      </trkpt>
      <trkpt lat="44.32121462188661098480224609375" lon="-80.19984620623290538787841796875">
        <ele>464.399993896484375</ele>
        <time>2026-10-05T15:32:11.000Z</time>
        <extensions>
          <ns3:TrackPointExtension/>
        </extensions>
      </trkpt>
      <trkpt lat="44.32121797464787960052490234375" lon="-80.19982541911303997039794921875">
        <ele>464.20001220703125</ele>
        <time>2026-10-05T15:32:12.000Z</time>
        <extensions>
          <ns3:TrackPointExtension/>
        </extensions>
      </trkpt>
      <trkpt lat="44.32122987695038318634033203125" lon="-80.19970505498349666595458984375">
        <ele>463.20001220703125</ele>
        <time>2026-10-05T15:32:19.000Z</time>
        <extensions>
          <ns3:TrackPointExtension/>
        </extensions>
      </trkpt>
      <trkpt lat="44.32123239152133464813232421875" lon="-80.19969097338616847991943359375">
        <ele>463.20001220703125</ele>
        <time>2026-10-05T15:32:20.000Z</time>
        <extensions>
          <ns3:TrackPointExtension/>
        </extensions>
      </trkpt>
      <trkpt lat="44.32124597020447254180908203125" lon="-80.1995916478335857391357421875">
        <ele>462.20001220703125</ele>
        <time>2026-10-05T15:32:27.000Z</time>
        <extensions>
          <ns3:TrackPointExtension/>
        </extensions>
      </trkpt>
      <trkpt lat="44.32125032879412174224853515625" lon="-80.19957714714109897613525390625">
        <ele>462</ele>
        <time>2026-10-05T15:32:28.000Z</time>
        <extensions>
          <ns3:TrackPointExtension/>
        </extensions>
      </trkpt>
      <trkpt lat="44.32125988416373729705810546875" lon="-80.19952165894210338592529296875">
        <ele>461.79998779296875</ele>
        <time>2026-10-05T15:32:32.000Z</time>
        <extensions>
          <ns3:TrackPointExtension/>
        </extensions>
      </trkpt>
      <trkpt lat="44.32127966545522212982177734375" lon="-80.19948712550103664398193359375">
        <ele>461.79998779296875</ele>
        <time>2026-10-05T15:32:35.000Z</time>
        <extensions>
          <ns3:TrackPointExtension/>
        </extensions>
      </trkpt>
      <trkpt lat="44.3213416077196598052978515625" lon="-80.19941772334277629852294921875">
        <ele>461.399993896484375</ele>
        <time>2026-10-05T15:32:44.000Z</time>
        <extensions>
          <ns3:TrackPointExtension/>
        </extensions>
      </trkpt>
      <trkpt lat="44.3214183859527111053466796875" lon="-80.19937162287533283233642578125">
        <ele>461</ele>
        <time>2026-10-05T15:32:53.000Z</time>
        <extensions>
          <ns3:TrackPointExtension/>
        </extensions>
      </trkpt>
      <trkpt lat="44.32149373926222324371337890625" lon="-80.19934706389904022216796875">
        <ele>460.20001220703125</ele>
        <time>2026-10-05T15:33:00.000Z</time>
        <extensions>
          <ns3:TrackPointExtension/>
        </extensions>
      </trkpt>
      <trkpt lat="44.32150228880345821380615234375" lon="-80.1993465609848499298095703125">
        <ele>459.79998779296875</ele>
        <time>2026-10-05T15:33:01.000Z</time>
        <extensions>
          <ns3:TrackPointExtension/>
        </extensions>
      </trkpt>
      <trkpt lat="44.32157755829393863677978515625" lon="-80.19933239556849002838134765625">
        <ele>458.600006103515625</ele>
        <time>2026-10-05T15:33:10.000Z</time>
        <extensions>
          <ns3:TrackPointExtension/>
        </extensions>
      </trkpt>
      <trkpt lat="44.32161242701113224029541015625" lon="-80.19932317547500133514404296875">
        <ele>457.600006103515625</ele>
        <time>2026-10-05T15:33:15.000Z</time>
        <extensions>
          <ns3:TrackPointExtension/>
        </extensions>
      </trkpt>
      <trkpt lat="44.32164075784385204315185546875" lon="-80.199303813278675079345703125">
        <ele>456.600006103515625</ele>
        <time>2026-10-05T15:33:19.000Z</time>
        <extensions>
          <ns3:TrackPointExtension/>
        </extensions>
      </trkpt>
      <trkpt lat="44.3216567672789096832275390625" lon="-80.19929618574678897857666015625">
        <ele>456.600006103515625</ele>
        <time>2026-10-05T15:33:21.000Z</time>
        <extensions>
          <ns3:TrackPointExtension/>
        </extensions>
      </trkpt>
      <trkpt lat="44.32176514528691768646240234375" lon="-80.19925997592508792877197265625">
        <ele>456</ele>
        <time>2026-10-05T15:33:29.000Z</time>
        <extensions>
          <ns3:TrackPointExtension/>
        </extensions>
      </trkpt>
      <trkpt lat="44.321854412555694580078125" lon="-80.19926399923861026763916015625">
        <ele>456</ele>
        <time>2026-10-05T15:33:37.000Z</time>
        <extensions>
          <ns3:TrackPointExtension/>
        </extensions>
      </trkpt>
      <trkpt lat="44.32191501371562480926513671875" lon="-80.199246816337108612060546875">
        <ele>455.20001220703125</ele>
        <time>2026-10-05T15:33:42.000Z</time>
        <extensions>
          <ns3:TrackPointExtension/>
        </extensions>
      </trkpt>
      <trkpt lat="44.32193982414901256561279296875" lon="-80.19923709332942962646484375">
        <ele>454</ele>
        <time>2026-10-05T15:33:45.000Z</time>
        <extensions>
          <ns3:TrackPointExtension/>
        </extensions>
      </trkpt>
      <trkpt lat="44.3219496309757232666015625" lon="-80.19923315383493900299072265625">
        <ele>453.79998779296875</ele>
        <time>2026-10-05T15:33:46.000Z</time>
        <extensions>
          <ns3:TrackPointExtension/>
        </extensions>
      </trkpt>
      <trkpt lat="44.321968741714954376220703125" lon="-80.1992228440940380096435546875">
        <ele>452.79998779296875</ele>
        <time>2026-10-05T15:33:48.000Z</time>
        <extensions>
          <ns3:TrackPointExtension/>
        </extensions>
      </trkpt>
      <trkpt lat="44.32201735675334930419921875" lon="-80.19921823404729366302490234375">
        <ele>451.600006103515625</ele>
        <time>2026-10-05T15:33:52.000Z</time>
        <extensions>
          <ns3:TrackPointExtension/>
        </extensions>
      </trkpt>
      <trkpt lat="44.32205264456570148468017578125" lon="-80.1992057450115680694580078125">
        <ele>450.79998779296875</ele>
        <time>2026-10-05T15:33:55.000Z</time>
        <extensions>
          <ns3:TrackPointExtension/>
        </extensions>
      </trkpt>
      <trkpt lat="44.32206991128623485565185546875" lon="-80.19919090904295444488525390625">
        <ele>450.600006103515625</ele>
        <time>2026-10-05T15:33:57.000Z</time>
        <extensions>
          <ns3:TrackPointExtension/>
        </extensions>
      </trkpt>
      <trkpt lat="44.32208348996937274932861328125" lon="-80.19918076694011688232421875">
        <ele>450.600006103515625</ele>
        <time>2026-10-05T15:33:58.000Z</time>
        <extensions>
          <ns3:TrackPointExtension/>
        </extensions>
      </trkpt>
      <trkpt lat="44.322142414748668670654296875" lon="-80.1991125382483005523681640625">
        <ele>450</ele>
        <time>2026-10-05T15:34:04.000Z</time>
        <extensions>
          <ns3:TrackPointExtension/>
        </extensions>
      </trkpt>
      <trkpt lat="44.32222296483814716339111328125" lon="-80.19901572726666927337646484375">
        <ele>449.399993896484375</ele>
        <time>2026-10-05T15:34:13.000Z</time>
        <extensions>
          <ns3:TrackPointExtension/>
        </extensions>
      </trkpt>
      <trkpt lat="44.3222331069409847259521484375" lon="-80.19899837672710418701171875">
        <ele>449.20001220703125</ele>
        <time>2026-10-05T15:34:14.000Z</time>
        <extensions>
          <ns3:TrackPointExtension/>
        </extensions>
      </trkpt>
      <trkpt lat="44.32225867174565792083740234375" lon="-80.19895755685865879058837890625">
        <ele>448.399993896484375</ele>
        <time>2026-10-05T15:34:17.000Z</time>
        <extensions>
          <ns3:TrackPointExtension/>
        </extensions>
      </trkpt>
      <trkpt lat="44.32227660901844501495361328125" lon="-80.19891028292477130889892578125">
        <ele>447.399993896484375</ele>
        <time>2026-10-05T15:34:20.000Z</time>
        <extensions>
          <ns3:TrackPointExtension/>
        </extensions>
      </trkpt>
      <trkpt lat="44.32229823432862758636474609375" lon="-80.19887901842594146728515625">
        <ele>447</ele>
        <time>2026-10-05T15:34:22.000Z</time>
        <extensions>
          <ns3:TrackPointExtension/>
        </extensions>
      </trkpt>
      <trkpt lat="44.32226990349590778350830078125" lon="-80.19878514111042022705078125">
        <ele>447</ele>
        <time>2026-10-05T15:34:29.000Z</time>
        <extensions>
          <ns3:TrackPointExtension/>
        </extensions>
      </trkpt>
      <trkpt lat="44.32226973585784435272216796875" lon="-80.19867709837853908538818359375">
        <ele>448.600006103515625</ele>
        <time>2026-10-05T15:34:37.000Z</time>
        <extensions>
          <ns3:TrackPointExtension/>
        </extensions>
      </trkpt>
      <trkpt lat="44.322267808020114898681640625" lon="-80.19863636232912540435791015625">
        <ele>449.399993896484375</ele>
        <time>2026-10-05T15:34:40.000Z</time>
        <extensions>
          <ns3:TrackPointExtension/>
        </extensions>
      </trkpt>
      <trkpt lat="44.32226655073463916778564453125" lon="-80.1985985599458217620849609375">
        <ele>449.600006103515625</ele>
        <time>2026-10-05T15:34:42.000Z</time>
        <extensions>
          <ns3:TrackPointExtension/>
        </extensions>
      </trkpt>
      <trkpt lat="44.3222646228969097137451171875" lon="-80.19856251776218414306640625">
        <ele>450.20001220703125</ele>
        <time>2026-10-05T15:34:44.000Z</time>
        <extensions>
          <ns3:TrackPointExtension/>
        </extensions>
      </trkpt>
      <trkpt lat="44.322265125811100006103515625" lon="-80.1985194347798824310302734375">
        <ele>450.79998779296875</ele>
        <time>2026-10-05T15:34:47.000Z</time>
        <extensions>
          <ns3:TrackPointExtension/>
        </extensions>
      </trkpt>
      <trkpt lat="44.32228633202612400054931640625" lon="-80.19841440953314304351806640625">
        <ele>451.79998779296875</ele>
        <time>2026-10-05T15:34:52.000Z</time>
        <extensions>
          <ns3:TrackPointExtension/>
        </extensions>
      </trkpt>
      <trkpt lat="44.3222743459045886993408203125" lon="-80.1982869207859039306640625">
        <ele>452.79998779296875</ele>
        <time>2026-10-05T15:35:00.000Z</time>
        <extensions>
          <ns3:TrackPointExtension/>
        </extensions>
      </trkpt>
      <trkpt lat="44.32229186408221721649169921875" lon="-80.1981854997575283050537109375">
        <ele>452.600006103515625</ele>
        <time>2026-10-05T15:35:08.000Z</time>
        <extensions>
          <ns3:TrackPointExtension/>
        </extensions>
      </trkpt>
      <trkpt lat="44.322273172438144683837890625" lon="-80.1981137506663799285888671875">
        <ele>452</ele>
        <time>2026-10-05T15:35:14.000Z</time>
        <extensions>
          <ns3:TrackPointExtension/>
        </extensions>
      </trkpt>
      <trkpt lat="44.3222589232027530670166015625" lon="-80.19808801822364330291748046875">
        <ele>451.600006103515625</ele>
        <time>2026-10-05T15:35:16.000Z</time>
        <extensions>
          <ns3:TrackPointExtension/>
        </extensions>
      </trkpt>
      <trkpt lat="44.322240650653839111328125" lon="-80.19802716560661792755126953125">
        <ele>450.600006103515625</ele>
        <time>2026-10-05T15:35:21.000Z</time>
        <extensions>
          <ns3:TrackPointExtension/>
        </extensions>
      </trkpt>
      <trkpt lat="44.32223268784582614898681640625" lon="-80.19797016866505146026611328125">
        <ele>449.399993896484375</ele>
        <time>2026-10-05T15:35:25.000Z</time>
        <extensions>
          <ns3:TrackPointExtension/>
        </extensions>
      </trkpt>
      <trkpt lat="44.32223595678806304931640625" lon="-80.19787226803600788116455078125">
        <ele>448</ele>
        <time>2026-10-05T15:35:31.000Z</time>
        <extensions>
          <ns3:TrackPointExtension/>
        </extensions>
      </trkpt>
      <trkpt lat="44.3222431652247905731201171875" lon="-80.19782884977757930755615234375">
        <ele>447.600006103515625</ele>
        <time>2026-10-05T15:35:34.000Z</time>
        <extensions>
          <ns3:TrackPointExtension/>
        </extensions>
      </trkpt>
      <trkpt lat="44.3222527205944061279296875" lon="-80.1977499760687351226806640625">
        <ele>447</ele>
        <time>2026-10-05T15:35:40.000Z</time>
        <extensions>
          <ns3:TrackPointExtension/>
        </extensions>
      </trkpt>
      <trkpt lat="44.322263114154338836669921875" lon="-80.19770965911448001861572265625">
        <ele>446.600006103515625</ele>
        <time>2026-10-05T15:35:43.000Z</time>
        <extensions>
          <ns3:TrackPointExtension/>
        </extensions>
      </trkpt>
      <trkpt lat="44.322287924587726593017578125" lon="-80.19765048287808895111083984375">
        <ele>445.79998779296875</ele>
        <time>2026-10-05T15:35:47.000Z</time>
        <extensions>
          <ns3:TrackPointExtension/>
        </extensions>
      </trkpt>
      <trkpt lat="44.32230158708989620208740234375" lon="-80.19758443348109722137451171875">
        <ele>444.79998779296875</ele>
        <time>2026-10-05T15:35:51.000Z</time>
        <extensions>
          <ns3:TrackPointExtension/>
        </extensions>
      </trkpt>
      <trkpt lat="44.3223090469837188720703125" lon="-80.1975638978183269500732421875">
        <ele>444.79998779296875</ele>
        <time>2026-10-05T15:35:52.000Z</time>
        <extensions>
          <ns3:TrackPointExtension/>
        </extensions>
      </trkpt>
      <trkpt lat="44.322352297604084014892578125" lon="-80.1974525861442089080810546875">
        <ele>444</ele>
        <time>2026-10-05T15:36:00.000Z</time>
        <extensions>
          <ns3:TrackPointExtension/>
        </extensions>
      </trkpt>
      <trkpt lat="44.3223752640187740325927734375" lon="-80.19732727669179439544677734375">
        <ele>443.79998779296875</ele>
        <time>2026-10-05T15:36:07.000Z</time>
        <extensions>
          <ns3:TrackPointExtension/>
        </extensions>
      </trkpt>
      <trkpt lat="44.32240552268922328948974609375" lon="-80.19720925949513912200927734375">
        <ele>443.79998779296875</ele>
        <time>2026-10-05T15:36:14.000Z</time>
        <extensions>
          <ns3:TrackPointExtension/>
        </extensions>
      </trkpt>
      <trkpt lat="44.3224178440868854522705078125" lon="-80.1971622370183467864990234375">
        <ele>443.79998779296875</ele>
        <time>2026-10-05T15:36:17.000Z</time>
        <extensions>
          <ns3:TrackPointExtension/>
        </extensions>
      </trkpt>
      <trkpt lat="44.322431422770023345947265625" lon="-80.19709375686943531036376953125">
        <ele>443.600006103515625</ele>
        <time>2026-10-05T15:36:21.000Z</time>
        <extensions>
          <ns3:TrackPointExtension/>
        </extensions>
      </trkpt>
      <trkpt lat="44.3224584124982357025146484375" lon="-80.1969647593796253204345703125">
        <ele>443.20001220703125</ele>
        <time>2026-10-05T15:36:29.000Z</time>
        <extensions>
          <ns3:TrackPointExtension/>
        </extensions>
      </trkpt>
      <trkpt lat="44.32244919240474700927734375" lon="-80.19684565253555774688720703125">
        <ele>443</ele>
        <time>2026-10-05T15:36:36.000Z</time>
        <extensions>
          <ns3:TrackPointExtension/>
        </extensions>
      </trkpt>
      <trkpt lat="44.3224728293716907501220703125" lon="-80.1967133022844791412353515625">
        <ele>443.399993896484375</ele>
        <time>2026-10-05T15:36:44.000Z</time>
        <extensions>
          <ns3:TrackPointExtension/>
        </extensions>
      </trkpt>
      <trkpt lat="44.32249210774898529052734375" lon="-80.196578018367290496826171875">
        <ele>443.600006103515625</ele>
        <time>2026-10-05T15:36:52.000Z</time>
        <extensions>
          <ns3:TrackPointExtension/>
        </extensions>
      </trkpt>
      <trkpt lat="44.32248498313128948211669921875" lon="-80.19653703086078166961669921875">
        <ele>443.399993896484375</ele>
        <time>2026-10-05T15:36:54.000Z</time>
        <extensions>
          <ns3:TrackPointExtension/>
        </extensions>
      </trkpt>
      <trkpt lat="44.32246067561209201812744140625" lon="-80.19647634588181972503662109375">
        <ele>443.20001220703125</ele>
        <time>2026-10-05T15:36:58.000Z</time>
        <extensions>
          <ns3:TrackPointExtension/>
        </extensions>
      </trkpt>
      <trkpt lat="44.3224403075873851776123046875" lon="-80.19630937837064266204833984375">
        <ele>443.399993896484375</ele>
        <time>2026-10-05T15:37:08.000Z</time>
        <extensions>
          <ns3:TrackPointExtension/>
        </extensions>
      </trkpt>
      <trkpt lat="44.32243670336902141571044921875" lon="-80.19617409445345401763916015625">
        <ele>444</ele>
        <time>2026-10-05T15:37:15.000Z</time>
        <extensions>
          <ns3:TrackPointExtension/>
        </extensions>
      </trkpt>
      <trkpt lat="44.3224295787513256072998046875" lon="-80.19603562541306018829345703125">
        <ele>444</ele>
        <time>2026-10-05T15:37:23.000Z</time>
        <extensions>
          <ns3:TrackPointExtension/>
        </extensions>
      </trkpt>
      <trkpt lat="44.32243485935032367706298828125" lon="-80.195929594337940216064453125">
        <ele>444</ele>
        <time>2026-10-05T15:37:29.000Z</time>
        <extensions>
          <ns3:TrackPointExtension/>
        </extensions>
      </trkpt>
      <trkpt lat="44.32243502698838710784912109375" lon="-80.19590847194194793701171875">
        <ele>444</ele>
        <time>2026-10-05T15:37:30.000Z</time>
        <extensions>
          <ns3:TrackPointExtension/>
        </extensions>
      </trkpt>
      <trkpt lat="44.32239177636802196502685546875" lon="-80.1958140917122364044189453125">
        <ele>443.79998779296875</ele>
        <time>2026-10-05T15:37:36.000Z</time>
        <extensions>
          <ns3:TrackPointExtension/>
        </extensions>
      </trkpt>
      <trkpt lat="44.32232086546719074249267578125" lon="-80.195817612111568450927734375">
        <ele>443.79998779296875</ele>
        <time>2026-10-05T15:37:42.000Z</time>
        <extensions>
          <ns3:TrackPointExtension/>
        </extensions>
      </trkpt>
      <trkpt lat="44.3222294189035892486572265625" lon="-80.19583605229854583740234375">
        <ele>444</ele>
        <time>2026-10-05T15:37:50.000Z</time>
        <extensions>
          <ns3:TrackPointExtension/>
        </extensions>
      </trkpt>
      <trkpt lat="44.32213311083614826202392578125" lon="-80.19584007561206817626953125">
        <ele>444.600006103515625</ele>
        <time>2026-10-05T15:37:58.000Z</time>
        <extensions>
          <ns3:TrackPointExtension/>
        </extensions>
      </trkpt>
      <trkpt lat="44.32209053076803684234619140625" lon="-80.1958516426384449005126953125">
        <ele>444.79998779296875</ele>
        <time>2026-10-05T15:38:01.000Z</time>
        <extensions>
          <ns3:TrackPointExtension/>
        </extensions>
      </trkpt>
      <trkpt lat="44.32202917523682117462158203125" lon="-80.19584870897233486175537109375">
        <ele>445</ele>
        <time>2026-10-05T15:38:06.000Z</time>
        <extensions>
          <ns3:TrackPointExtension/>
        </extensions>
      </trkpt>
      <trkpt lat="44.321935214102268218994140625" lon="-80.195826329290866851806640625">
        <ele>445.79998779296875</ele>
        <time>2026-10-05T15:38:14.000Z</time>
        <extensions>
          <ns3:TrackPointExtension/>
        </extensions>
      </trkpt>
      <trkpt lat="44.32192104868590831756591796875" lon="-80.19581920467317104339599609375">
        <ele>446</ele>
        <time>2026-10-05T15:38:15.000Z</time>
        <extensions>
          <ns3:TrackPointExtension/>
        </extensions>
      </trkpt>
      <trkpt lat="44.32185399346053600311279296875" lon="-80.1957872696220874786376953125">
        <ele>446.600006103515625</ele>
        <time>2026-10-05T15:38:21.000Z</time>
        <extensions>
          <ns3:TrackPointExtension/>
        </extensions>
      </trkpt>
      <trkpt lat="44.3218140117824077606201171875" lon="-80.19575198180973529815673828125">
        <ele>446.79998779296875</ele>
        <time>2026-10-05T15:38:25.000Z</time>
        <extensions>
          <ns3:TrackPointExtension/>
        </extensions>
      </trkpt>
      <trkpt lat="44.32179766707122325897216796875" lon="-80.1957104913890361785888671875">
        <ele>447</ele>
        <time>2026-10-05T15:38:28.000Z</time>
        <extensions>
          <ns3:TrackPointExtension/>
        </extensions>
      </trkpt>
      <trkpt lat="44.32179196737706661224365234375" lon="-80.195633210241794586181640625">
        <ele>447.79998779296875</ele>
        <time>2026-10-05T15:38:33.000Z</time>
        <extensions>
          <ns3:TrackPointExtension/>
        </extensions>
      </trkpt>
      <trkpt lat="44.3217764608561992645263671875" lon="-80.19560982473194599151611328125">
        <ele>448</ele>
        <time>2026-10-05T15:38:35.000Z</time>
        <extensions>
          <ns3:TrackPointExtension/>
        </extensions>
      </trkpt>
      <trkpt lat="44.32176765985786914825439453125" lon="-80.19560337066650390625">
        <ele>448</ele>
        <time>2026-10-05T15:38:36.000Z</time>
        <extensions>
          <ns3:TrackPointExtension/>
        </extensions>
      </trkpt>
      <trkpt lat="44.3217003531754016876220703125" lon="-80.19559524022042751312255859375">
        <ele>448.20001220703125</ele>
        <time>2026-10-05T15:38:42.000Z</time>
        <extensions>
          <ns3:TrackPointExtension/>
        </extensions>
      </trkpt>
      <trkpt lat="44.321634136140346527099609375" lon="-80.19559792242944240570068359375">
        <ele>448.399993896484375</ele>
        <time>2026-10-05T15:38:49.000Z</time>
        <extensions>
          <ns3:TrackPointExtension/>
        </extensions>
      </trkpt>
      <trkpt lat="44.321572445333003997802734375" lon="-80.1956035383045673370361328125">
        <ele>448.79998779296875</ele>
        <time>2026-10-05T15:38:55.000Z</time>
        <extensions>
          <ns3:TrackPointExtension/>
        </extensions>
      </trkpt>
      <trkpt lat="44.3215471319854259490966796875" lon="-80.1956085674464702606201171875">
        <ele>449.20001220703125</ele>
        <time>2026-10-05T15:38:57.000Z</time>
        <extensions>
          <ns3:TrackPointExtension/>
        </extensions>
      </trkpt>
      <trkpt lat="44.32147664017975330352783203125" lon="-80.195627175271511077880859375">
        <ele>450</ele>
        <time>2026-10-05T15:39:03.000Z</time>
        <extensions>
          <ns3:TrackPointExtension/>
        </extensions>
      </trkpt>
      <trkpt lat="44.32144730351865291595458984375" lon="-80.19563128240406513214111328125">
        <ele>450.20001220703125</ele>
        <time>2026-10-05T15:39:05.000Z</time>
        <extensions>
          <ns3:TrackPointExtension/>
        </extensions>
      </trkpt>
      <trkpt lat="44.321434982120990753173828125" lon="-80.1956327073276042938232421875">
        <ele>450.399993896484375</ele>
        <time>2026-10-05T15:39:06.000Z</time>
        <extensions>
          <ns3:TrackPointExtension/>
        </extensions>
      </trkpt>
      <trkpt lat="44.32140086777508258819580078125" lon="-80.19564921967685222625732421875">
        <ele>450.79998779296875</ele>
        <time>2026-10-05T15:39:09.000Z</time>
        <extensions>
          <ns3:TrackPointExtension/>
        </extensions>
      </trkpt>
      <trkpt lat="44.3213476426899433135986328125" lon="-80.19565911032259464263916015625">
        <ele>451.399993896484375</ele>
        <time>2026-10-05T15:39:13.000Z</time>
        <extensions>
          <ns3:TrackPointExtension/>
        </extensions>
      </trkpt>
      <trkpt lat="44.3213007040321826934814453125" lon="-80.1956851780414581298828125">
        <ele>451.79998779296875</ele>
        <time>2026-10-05T15:39:17.000Z</time>
        <extensions>
          <ns3:TrackPointExtension/>
        </extensions>
      </trkpt>
      <trkpt lat="44.32123683393001556396484375" lon="-80.19572214223444461822509765625">
        <ele>452.399993896484375</ele>
        <time>2026-10-05T15:39:22.000Z</time>
        <extensions>
          <ns3:TrackPointExtension/>
        </extensions>
      </trkpt>
      <trkpt lat="44.32121579535305500030517578125" lon="-80.19573722966015338897705078125">
        <ele>453</ele>
        <time>2026-10-05T15:39:24.000Z</time>
        <extensions>
          <ns3:TrackPointExtension/>
        </extensions>
      </trkpt>
      <trkpt lat="44.3211342394351959228515625" lon="-80.19580386579036712646484375">
        <ele>453.399993896484375</ele>
        <time>2026-10-05T15:39:32.000Z</time>
        <extensions>
          <ns3:TrackPointExtension/>
        </extensions>
      </trkpt>
      <trkpt lat="44.3211243487894535064697265625" lon="-80.1958124153316020965576171875">
        <ele>453.600006103515625</ele>
        <time>2026-10-05T15:39:33.000Z</time>
        <extensions>
          <ns3:TrackPointExtension/>
        </extensions>
      </trkpt>
      <trkpt lat="44.32106911204755306243896484375" lon="-80.19585206173360347747802734375">
        <ele>454.399993896484375</ele>
        <time>2026-10-05T15:39:39.000Z</time>
        <extensions>
          <ns3:TrackPointExtension/>
        </extensions>
      </trkpt>
      <trkpt lat="44.3210338242352008819580078125" lon="-80.19587167538702487945556640625">
        <ele>454.600006103515625</ele>
        <time>2026-10-05T15:39:42.000Z</time>
        <extensions>
          <ns3:TrackPointExtension/>
        </extensions>
      </trkpt>
      <trkpt lat="44.32092511095106601715087890625" lon="-80.1959238946437835693359375">
        <ele>455.20001220703125</ele>
        <time>2026-10-05T15:39:51.000Z</time>
        <extensions>
          <ns3:TrackPointExtension/>
        </extensions>
      </trkpt>
      <trkpt lat="44.32089040987193584442138671875" lon="-80.19594560377299785614013671875">
        <ele>455.79998779296875</ele>
        <time>2026-10-05T15:39:54.000Z</time>
        <extensions>
          <ns3:TrackPointExtension/>
        </extensions>
      </trkpt>
      <trkpt lat="44.3207927606999874114990234375" lon="-80.19597644917666912078857421875">
        <ele>456.79998779296875</ele>
        <time>2026-10-05T15:40:02.000Z</time>
        <extensions>
          <ns3:TrackPointExtension/>
        </extensions>
      </trkpt>
      <trkpt lat="44.320781193673610687255859375" lon="-80.19597661681473255157470703125">
        <ele>456.79998779296875</ele>
        <time>2026-10-05T15:40:03.000Z</time>
        <extensions>
          <ns3:TrackPointExtension/>
        </extensions>
      </trkpt>
      <trkpt lat="44.32069377042353153228759765625" lon="-80.19598382525146007537841796875">
        <ele>457.79998779296875</ele>
        <time>2026-10-05T15:40:10.000Z</time>
        <extensions>
          <ns3:TrackPointExtension/>
        </extensions>
      </trkpt>
      <trkpt lat="44.320648424327373504638671875" lon="-80.19598868675529956817626953125">
        <ele>458.20001220703125</ele>
        <time>2026-10-05T15:40:14.000Z</time>
        <extensions>
          <ns3:TrackPointExtension/>
        </extensions>
      </trkpt>
      <trkpt lat="44.32058396749198436737060546875" lon="-80.19598298706114292144775390625">
        <ele>458.79998779296875</ele>
        <time>2026-10-05T15:40:20.000Z</time>
        <extensions>
          <ns3:TrackPointExtension/>
        </extensions>
      </trkpt>
      <trkpt lat="44.32047919370234012603759765625" lon="-80.19594669342041015625">
        <ele>459.20001220703125</ele>
        <time>2026-10-05T15:40:31.000Z</time>
        <extensions>
          <ns3:TrackPointExtension/>
        </extensions>
      </trkpt>
      <trkpt lat="44.320353381335735321044921875" lon="-80.1959089748561382293701171875">
        <ele>460</ele>
        <time>2026-10-05T15:40:43.000Z</time>
        <extensions>
          <ns3:TrackPointExtension/>
        </extensions>
      </trkpt>
      <trkpt lat="44.320329241454601287841796875" lon="-80.19590067677199840545654296875">
        <ele>460.399993896484375</ele>
        <time>2026-10-05T15:40:46.000Z</time>
        <extensions>
          <ns3:TrackPointExtension/>
        </extensions>
      </trkpt>
      <trkpt lat="44.32027383707463741302490234375" lon="-80.19588701426982879638671875">
        <ele>461</ele>
        <time>2026-10-05T15:40:51.000Z</time>
        <extensions>
          <ns3:TrackPointExtension/>
        </extensions>
      </trkpt>
      <trkpt lat="44.3201979808509349822998046875" lon="-80.1958395726978778839111328125">
        <ele>462.20001220703125</ele>
        <time>2026-10-05T15:41:00.000Z</time>
        <extensions>
          <ns3:TrackPointExtension/>
        </extensions>
      </trkpt>
      <trkpt lat="44.320093207061290740966796875" lon="-80.1958251558244228363037109375">
        <ele>463.399993896484375</ele>
        <time>2026-10-05T15:41:10.000Z</time>
        <extensions>
          <ns3:TrackPointExtension/>
        </extensions>
      </trkpt>
      <trkpt lat="44.320046938955783843994140625" lon="-80.19582121632993221282958984375">
        <ele>463.79998779296875</ele>
        <time>2026-10-05T15:41:14.000Z</time>
        <extensions>
          <ns3:TrackPointExtension/>
        </extensions>
      </trkpt>
      <trkpt lat="44.31998164393007755279541015625" lon="-80.195771344006061553955078125">
        <ele>464.399993896484375</ele>
        <time>2026-10-05T15:41:19.000Z</time>
        <extensions>
          <ns3:TrackPointExtension/>
        </extensions>
      </trkpt>
      <trkpt lat="44.31993939913809299468994140625" lon="-80.19573538564145565032958984375">
        <ele>465.399993896484375</ele>
        <time>2026-10-05T15:41:23.000Z</time>
        <extensions>
          <ns3:TrackPointExtension/>
        </extensions>
      </trkpt>
      <trkpt lat="44.31992012076079845428466796875" lon="-80.19569816999137401580810546875">
        <ele>466.20001220703125</ele>
        <time>2026-10-05T15:41:27.000Z</time>
        <extensions>
          <ns3:TrackPointExtension/>
        </extensions>
      </trkpt>
      <trkpt lat="44.31992112658917903900146484375" lon="-80.19568392075598239898681640625">
        <ele>466.600006103515625</ele>
        <time>2026-10-05T15:41:28.000Z</time>
        <extensions>
          <ns3:TrackPointExtension/>
        </extensions>
      </trkpt>
      <trkpt lat="44.3199046142399311065673828125" lon="-80.19563966430723667144775390625">
        <ele>467.600006103515625</ele>
        <time>2026-10-05T15:41:33.000Z</time>
        <extensions>
          <ns3:TrackPointExtension/>
        </extensions>
      </trkpt>
      <trkpt lat="44.3198945559561252593994140625" lon="-80.19561619497835636138916015625">
        <ele>468.79998779296875</ele>
        <time>2026-10-05T15:41:37.000Z</time>
        <extensions>
          <ns3:TrackPointExtension/>
        </extensions>
      </trkpt>
      <trkpt lat="44.31988843716681003570556640625" lon="-80.19560337066650390625">
        <ele>469</ele>
        <time>2026-10-05T15:41:39.000Z</time>
        <extensions>
          <ns3:TrackPointExtension/>
        </extensions>
      </trkpt>
      <trkpt lat="44.31986932642757892608642578125" lon="-80.19553908146917819976806640625">
        <ele>470</ele>
        <time>2026-10-05T15:41:45.000Z</time>
        <extensions>
          <ns3:TrackPointExtension/>
        </extensions>
      </trkpt>
      <trkpt lat="44.31985759176313877105712890625" lon="-80.1954922266304492950439453125">
        <ele>471</ele>
        <time>2026-10-05T15:41:49.000Z</time>
        <extensions>
          <ns3:TrackPointExtension/>
        </extensions>
      </trkpt>
      <trkpt lat="44.31985390372574329376220703125" lon="-80.1954536698758602142333984375">
        <ele>471.600006103515625</ele>
        <time>2026-10-05T15:41:52.000Z</time>
        <extensions>
          <ns3:TrackPointExtension/>
        </extensions>
      </trkpt>
      <trkpt lat="44.3198513053357601165771484375" lon="-80.1954322122037410736083984375">
        <ele>472</ele>
        <time>2026-10-05T15:41:54.000Z</time>
        <extensions>
          <ns3:TrackPointExtension/>
        </extensions>
      </trkpt>
      <trkpt lat="44.31983512826263904571533203125" lon="-80.19536624662578105926513671875">
        <ele>473</ele>
        <time>2026-10-05T15:42:00.000Z</time>
        <extensions>
          <ns3:TrackPointExtension/>
        </extensions>
      </trkpt>
      <trkpt lat="44.31981467641890048980712890625" lon="-80.195303298532962799072265625">
        <ele>474.20001220703125</ele>
        <time>2026-10-05T15:42:06.000Z</time>
        <extensions>
          <ns3:TrackPointExtension/>
        </extensions>
      </trkpt>
      <trkpt lat="44.31981392204761505126953125" lon="-80.19527949392795562744140625">
        <ele>474.399993896484375</ele>
        <time>2026-10-05T15:42:08.000Z</time>
        <extensions>
          <ns3:TrackPointExtension/>
        </extensions>
      </trkpt>
      <trkpt lat="44.31981316767632961273193359375" lon="-80.195229537785053253173828125">
        <ele>475.20001220703125</ele>
        <time>2026-10-05T15:42:12.000Z</time>
        <extensions>
          <ns3:TrackPointExtension/>
        </extensions>
      </trkpt>
      <trkpt lat="44.31979036889970302581787109375" lon="-80.1951230876147747039794921875">
        <ele>476.20001220703125</ele>
        <time>2026-10-05T15:42:20.000Z</time>
        <extensions>
          <ns3:TrackPointExtension/>
        </extensions>
      </trkpt>
      <trkpt lat="44.31979246437549591064453125" lon="-80.195088721811771392822265625">
        <ele>476.600006103515625</ele>
        <time>2026-10-05T15:42:22.000Z</time>
        <extensions>
          <ns3:TrackPointExtension/>
        </extensions>
      </trkpt>
      <trkpt lat="44.31977637112140655517578125" lon="-80.1949859596788883209228515625">
        <ele>477.399993896484375</ele>
        <time>2026-10-05T15:42:29.000Z</time>
        <extensions>
          <ns3:TrackPointExtension/>
        </extensions>
      </trkpt>
      <trkpt lat="44.3197502195835113525390625" lon="-80.19488629885017871856689453125">
        <ele>478.20001220703125</ele>
        <time>2026-10-05T15:42:36.000Z</time>
        <extensions>
          <ns3:TrackPointExtension/>
        </extensions>
      </trkpt>
      <trkpt lat="44.31974460370838642120361328125" lon="-80.19485645927488803863525390625">
        <ele>478.399993896484375</ele>
        <time>2026-10-05T15:42:38.000Z</time>
        <extensions>
          <ns3:TrackPointExtension/>
        </extensions>
      </trkpt>
      <trkpt lat="44.31973739527165889739990234375" lon="-80.1947053335607051849365234375">
        <ele>479.399993896484375</ele>
        <time>2026-10-05T15:42:49.000Z</time>
        <extensions>
          <ns3:TrackPointExtension/>
        </extensions>
      </trkpt>
      <trkpt lat="44.3197339586913585662841796875" lon="-80.19464540295302867889404296875">
        <ele>479.399993896484375</ele>
        <time>2026-10-05T15:42:53.000Z</time>
        <extensions>
          <ns3:TrackPointExtension/>
        </extensions>
      </trkpt>
      <trkpt lat="44.31972549296915531158447265625" lon="-80.19452721811830997467041015625">
        <ele>479.600006103515625</ele>
        <time>2026-10-05T15:43:00.000Z</time>
        <extensions>
          <ns3:TrackPointExtension/>
        </extensions>
      </trkpt>
      <trkpt lat="44.31967302225530147552490234375" lon="-80.19437835551798343658447265625">
        <ele>480.20001220703125</ele>
        <time>2026-10-05T15:43:11.000Z</time>
        <extensions>
          <ns3:TrackPointExtension/>
        </extensions>
      </trkpt>
      <trkpt lat="44.31962155736982822418212890625" lon="-80.19426352344453334808349609375">
        <ele>480.399993896484375</ele>
        <time>2026-10-05T15:43:19.000Z</time>
        <extensions>
          <ns3:TrackPointExtension/>
        </extensions>
      </trkpt>
      <trkpt lat="44.3196094036102294921875" lon="-80.19424147903919219970703125">
        <ele>480.399993896484375</ele>
        <time>2026-10-05T15:43:21.000Z</time>
        <extensions>
          <ns3:TrackPointExtension/>
        </extensions>
      </trkpt>
      <trkpt lat="44.31958752684295177459716796875" lon="-80.1942193508148193359375">
        <ele>480.600006103515625</ele>
        <time>2026-10-05T15:43:24.000Z</time>
        <extensions>
          <ns3:TrackPointExtension/>
        </extensions>
      </trkpt>
      <trkpt lat="44.31951980106532573699951171875" lon="-80.1942104659974575042724609375">
        <ele>481</ele>
        <time>2026-10-05T15:43:31.000Z</time>
        <extensions>
          <ns3:TrackPointExtension/>
        </extensions>
      </trkpt>
      <trkpt lat="44.3194778077304363250732421875" lon="-80.1942153275012969970703125">
        <ele>481</ele>
        <time>2026-10-05T15:43:35.000Z</time>
        <extensions>
          <ns3:TrackPointExtension/>
        </extensions>
      </trkpt>
      <trkpt lat="44.3194214813411235809326171875" lon="-80.19419210962951183319091796875">
        <ele>481.399993896484375</ele>
        <time>2026-10-05T15:43:40.000Z</time>
        <extensions>
          <ns3:TrackPointExtension/>
        </extensions>
      </trkpt>
      <trkpt lat="44.31936557404696941375732421875" lon="-80.19415254704654216766357421875">
        <ele>481.399993896484375</ele>
        <time>2026-10-05T15:43:46.000Z</time>
        <extensions>
          <ns3:TrackPointExtension/>
        </extensions>
      </trkpt>
      <trkpt lat="44.31923682801425457000732421875" lon="-80.194098986685276031494140625">
        <ele>481</ele>
        <time>2026-10-05T15:43:59.000Z</time>
        <extensions>
          <ns3:TrackPointExtension/>
        </extensions>
      </trkpt>
      <trkpt lat="44.3190969340503215789794921875" lon="-80.19403168000280857086181640625">
        <ele>481.399993896484375</ele>
        <time>2026-10-05T15:44:11.000Z</time>
        <extensions>
          <ns3:TrackPointExtension/>
        </extensions>
      </trkpt>
      <trkpt lat="44.3190345726907253265380859375" lon="-80.19401676021516323089599609375">
        <ele>482</ele>
        <time>2026-10-05T15:44:16.000Z</time>
        <extensions>
          <ns3:TrackPointExtension/>
        </extensions>
      </trkpt>
      <trkpt lat="44.3188639171421527862548828125" lon="-80.19394266419112682342529296875">
        <ele>482.20001220703125</ele>
        <time>2026-10-05T15:44:31.000Z</time>
        <extensions>
          <ns3:TrackPointExtension/>
        </extensions>
      </trkpt>
      <trkpt lat="44.3187150545418262481689453125" lon="-80.19387192092835903167724609375">
        <ele>482.399993896484375</ele>
        <time>2026-10-05T15:44:46.000Z</time>
        <extensions>
          <ns3:TrackPointExtension/>
        </extensions>
      </trkpt>
      <trkpt lat="44.3186087720096111297607421875" lon="-80.19381769001483917236328125">
        <ele>482.600006103515625</ele>
        <time>2026-10-05T15:44:55.000Z</time>
        <extensions>
          <ns3:TrackPointExtension/>
        </extensions>
      </trkpt>
      <trkpt lat="44.31850039400160312652587890625" lon="-80.1937829889357089996337890625">
        <ele>482.79998779296875</ele>
        <time>2026-10-05T15:45:03.000Z</time>
        <extensions>
          <ns3:TrackPointExtension/>
        </extensions>
      </trkpt>
      <trkpt lat="44.318348430097103118896484375" lon="-80.19369162619113922119140625">
        <ele>483.600006103515625</ele>
        <time>2026-10-05T15:45:12.000Z</time>
        <extensions>
          <ns3:TrackPointExtension/>
        </extensions>
      </trkpt>
      <trkpt lat="44.318284727632999420166015625" lon="-80.19365382380783557891845703125">
        <ele>483.600006103515625</ele>
        <time>2026-10-05T15:45:17.000Z</time>
        <extensions>
          <ns3:TrackPointExtension/>
        </extensions>
      </trkpt>
      <trkpt lat="44.31816637516021728515625" lon="-80.19351434893906116485595703125">
        <ele>483.399993896484375</ele>
        <time>2026-10-05T15:45:29.000Z</time>
        <extensions>
          <ns3:TrackPointExtension/>
        </extensions>
      </trkpt>
      <trkpt lat="44.31805699132382869720458984375" lon="-80.1933762989938259124755859375">
        <ele>483.600006103515625</ele>
        <time>2026-10-05T15:45:44.000Z</time>
        <extensions>
          <ns3:TrackPointExtension/>
        </extensions>
      </trkpt>
      <trkpt lat="44.31796588003635406494140625" lon="-80.19326515495777130126953125">
        <ele>483.79998779296875</ele>
        <time>2026-10-05T15:45:57.000Z</time>
        <extensions>
          <ns3:TrackPointExtension/>
        </extensions>
      </trkpt>
      <trkpt lat="44.31782246567308902740478515625" lon="-80.1931654103100299835205078125">
        <ele>483</ele>
        <time>2026-10-05T15:46:14.000Z</time>
        <extensions>
          <ns3:TrackPointExtension/>
        </extensions>
      </trkpt>
      <trkpt lat="44.317714758217334747314453125" lon="-80.19315811805427074432373046875">
        <ele>483</ele>
        <time>2026-10-05T15:46:23.000Z</time>
        <extensions>
          <ns3:TrackPointExtension/>
        </extensions>
      </trkpt>
      <trkpt lat="44.31766304187476634979248046875" lon="-80.1931412704288959503173828125">
        <ele>483</ele>
        <time>2026-10-05T15:46:27.000Z</time>
        <extensions>
          <ns3:TrackPointExtension/>
        </extensions>
      </trkpt>
      <trkpt lat="44.31758324615657329559326171875" lon="-80.19311151467263698577880859375">
        <ele>482.600006103515625</ele>
        <time>2026-10-05T15:46:34.000Z</time>
        <extensions>
          <ns3:TrackPointExtension/>
        </extensions>
      </trkpt>
      <trkpt lat="44.3175000138580799102783203125" lon="-80.193077065050601959228515625">
        <ele>482.20001220703125</ele>
        <time>2026-10-05T15:46:41.000Z</time>
        <extensions>
          <ns3:TrackPointExtension/>
        </extensions>
      </trkpt>
      <trkpt lat="44.317374788224697113037109375" lon="-80.19305602647364139556884765625">
        <ele>481.79998779296875</ele>
        <time>2026-10-05T15:46:50.000Z</time>
        <extensions>
          <ns3:TrackPointExtension/>
        </extensions>
      </trkpt>
      <trkpt lat="44.31720815598964691162109375" lon="-80.193092487752437591552734375">
        <ele>482.600006103515625</ele>
        <time>2026-10-05T15:47:05.000Z</time>
        <extensions>
          <ns3:TrackPointExtension/>
        </extensions>
      </trkpt>
      <trkpt lat="44.3170711956918239593505859375" lon="-80.19310346804559230804443359375">
        <ele>482.399993896484375</ele>
        <time>2026-10-05T15:47:18.000Z</time>
        <extensions>
          <ns3:TrackPointExtension/>
        </extensions>
      </trkpt>
      <trkpt lat="44.3169401027262210845947265625" lon="-80.1930681802332401275634765625">
        <ele>482</ele>
        <time>2026-10-05T15:47:31.000Z</time>
        <extensions>
          <ns3:TrackPointExtension/>
        </extensions>
      </trkpt>
      <trkpt lat="44.31686156429350376129150390625" lon="-80.19308167509734630584716796875">
        <ele>481.600006103515625</ele>
        <time>2026-10-05T15:47:38.000Z</time>
        <extensions>
          <ns3:TrackPointExtension/>
        </extensions>
      </trkpt>
      <trkpt lat="44.3167691119015216827392578125" lon="-80.19310128875076770782470703125">
        <ele>481.20001220703125</ele>
        <time>2026-10-05T15:47:45.000Z</time>
        <extensions>
          <ns3:TrackPointExtension/>
        </extensions>
      </trkpt>
      <trkpt lat="44.31660273112356662750244140625" lon="-80.19314177334308624267578125">
        <ele>481.79998779296875</ele>
        <time>2026-10-05T15:48:00.000Z</time>
        <extensions>
          <ns3:TrackPointExtension/>
        </extensions>
      </trkpt>
      <trkpt lat="44.31643023155629634857177734375" lon="-80.1931768096983432769775390625">
        <ele>481.600006103515625</ele>
        <time>2026-10-05T15:48:16.000Z</time>
        <extensions>
          <ns3:TrackPointExtension/>
        </extensions>
      </trkpt>
      <trkpt lat="44.31636535562574863433837890625" lon="-80.1932229101657867431640625">
        <ele>481.79998779296875</ele>
        <time>2026-10-05T15:48:23.000Z</time>
        <extensions>
          <ns3:TrackPointExtension/>
        </extensions>
      </trkpt>
      <trkpt lat="44.3163223564624786376953125" lon="-80.1932980120182037353515625">
        <ele>482.20001220703125</ele>
        <time>2026-10-05T15:48:29.000Z</time>
        <extensions>
          <ns3:TrackPointExtension/>
        </extensions>
      </trkpt>
      <trkpt lat="44.31632529012858867645263671875" lon="-80.1933451183140277862548828125">
        <ele>482.600006103515625</ele>
        <time>2026-10-05T15:48:33.000Z</time>
        <extensions>
          <ns3:TrackPointExtension/>
        </extensions>
      </trkpt>
      <trkpt lat="44.31633786298334598541259765625" lon="-80.193397589027881622314453125">
        <ele>483.79998779296875</ele>
        <time>2026-10-05T15:48:37.000Z</time>
        <extensions>
          <ns3:TrackPointExtension/>
        </extensions>
      </trkpt>
      <trkpt lat="44.3163409642875194549560546875" lon="-80.1934282667934894561767578125">
        <ele>484</ele>
        <time>2026-10-05T15:48:39.000Z</time>
        <extensions>
          <ns3:TrackPointExtension/>
        </extensions>
      </trkpt>
      <trkpt lat="44.31632596068084239959716796875" lon="-80.1934902928769588470458984375">
        <ele>484.20001220703125</ele>
        <time>2026-10-05T15:48:43.000Z</time>
        <extensions>
          <ns3:TrackPointExtension/>
        </extensions>
      </trkpt>
      <trkpt lat="44.316343478858470916748046875" lon="-80.1935566775500774383544921875">
        <ele>484.20001220703125</ele>
        <time>2026-10-05T15:48:48.000Z</time>
        <extensions>
          <ns3:TrackPointExtension/>
        </extensions>
      </trkpt>
      <trkpt lat="44.31637742556631565093994140625" lon="-80.1936225593090057373046875">
        <ele>484.79998779296875</ele>
        <time>2026-10-05T15:48:53.000Z</time>
        <extensions>
          <ns3:TrackPointExtension/>
        </extensions>
      </trkpt>
      <trkpt lat="44.316386394202709197998046875" lon="-80.19363370724022388458251953125">
        <ele>484.79998779296875</ele>
        <time>2026-10-05T15:48:54.000Z</time>
        <extensions>
          <ns3:TrackPointExtension/>
        </extensions>
      </trkpt>
      <trkpt lat="44.31644598953425884246826171875" lon="-80.1937098987400531768798828125">
        <ele>485.20001220703125</ele>
        <time>2026-10-05T15:49:01.000Z</time>
        <extensions>
          <ns3:TrackPointExtension/>
        </extensions>
      </trkpt>
      <trkpt lat="44.3164794333279132843017578125" lon="-80.19376429729163646697998046875">
        <ele>485.79998779296875</ele>
        <time>2026-10-05T15:49:05.000Z</time>
        <extensions>
          <ns3:TrackPointExtension/>
        </extensions>
      </trkpt>
      <trkpt lat="44.31656333617866039276123046875" lon="-80.1938849128782749176025390625">
        <ele>486.399993896484375</ele>
        <time>2026-10-05T15:49:16.000Z</time>
        <extensions>
          <ns3:TrackPointExtension/>
        </extensions>
      </trkpt>
      <trkpt lat="44.31658320128917694091796875" lon="-80.19396546296775341033935546875">
        <ele>486.79998779296875</ele>
        <time>2026-10-05T15:49:22.000Z</time>
        <extensions>
          <ns3:TrackPointExtension/>
        </extensions>
      </trkpt>
      <trkpt lat="44.3166158907115459442138671875" lon="-80.19403897225856781005859375">
        <ele>487</ele>
        <time>2026-10-05T15:49:28.000Z</time>
        <extensions>
          <ns3:TrackPointExtension/>
        </extensions>
      </trkpt>
      <trkpt lat="44.31671471334993839263916015625" lon="-80.19416947849094867706298828125">
        <ele>487.399993896484375</ele>
        <time>2026-10-05T15:49:41.000Z</time>
        <extensions>
          <ns3:TrackPointExtension/>
        </extensions>
      </trkpt>
      <trkpt lat="44.31675083935260772705078125" lon="-80.19431884400546550750732421875">
        <ele>487.399993896484375</ele>
        <time>2026-10-05T15:49:55.000Z</time>
        <extensions>
          <ns3:TrackPointExtension/>
        </extensions>
      </trkpt>
      <trkpt lat="44.31683423928916454315185546875" lon="-80.19447105936706066131591796875">
        <ele>486</ele>
        <time>2026-10-05T15:50:09.000Z</time>
        <extensions>
          <ns3:TrackPointExtension/>
        </extensions>
      </trkpt>
      <trkpt lat="44.316934905946254730224609375" lon="-80.19459762610495090484619140625">
        <ele>486</ele>
        <time>2026-10-05T15:50:22.000Z</time>
        <extensions>
          <ns3:TrackPointExtension/>
        </extensions>
      </trkpt>
      <trkpt lat="44.3169736303389072418212890625" lon="-80.1947358436882495880126953125">
        <ele>486</ele>
        <time>2026-10-05T15:50:33.000Z</time>
        <extensions>
          <ns3:TrackPointExtension/>
        </extensions>
      </trkpt>
      <trkpt lat="44.31699626147747039794921875" lon="-80.19478839822113513946533203125">
        <ele>485.79998779296875</ele>
        <time>2026-10-05T15:50:38.000Z</time>
        <extensions>
          <ns3:TrackPointExtension/>
        </extensions>
      </trkpt>
      <trkpt lat="44.31700103916227817535400390625" lon="-80.194901637732982635498046875">
        <ele>484.79998779296875</ele>
        <time>2026-10-05T15:50:46.000Z</time>
        <extensions>
          <ns3:TrackPointExtension/>
        </extensions>
      </trkpt>
      <trkpt lat="44.31700388900935649871826171875" lon="-80.19494145177304744720458984375">
        <ele>484.79998779296875</ele>
        <time>2026-10-05T15:50:48.000Z</time>
        <extensions>
          <ns3:TrackPointExtension/>
        </extensions>
      </trkpt>
      <trkpt lat="44.31700238026678562164306640625" lon="-80.195106156170368194580078125">
        <ele>484.399993896484375</ele>
        <time>2026-10-05T15:50:59.000Z</time>
        <extensions>
          <ns3:TrackPointExtension/>
        </extensions>
      </trkpt>
      <trkpt lat="44.31704479269683361053466796875" lon="-80.1952407695353031158447265625">
        <ele>484</ele>
        <time>2026-10-05T15:51:11.000Z</time>
        <extensions>
          <ns3:TrackPointExtension/>
        </extensions>
      </trkpt>
      <trkpt lat="44.31705719791352748870849609375" lon="-80.1953906379640102386474609375">
        <ele>484.399993896484375</ele>
        <time>2026-10-05T15:51:23.000Z</time>
        <extensions>
          <ns3:TrackPointExtension/>
        </extensions>
      </trkpt>
      <trkpt lat="44.31710422039031982421875" lon="-80.19551091827452182769775390625">
        <ele>484.20001220703125</ele>
        <time>2026-10-05T15:51:34.000Z</time>
        <extensions>
          <ns3:TrackPointExtension/>
        </extensions>
      </trkpt>
      <trkpt lat="44.3171040527522563934326171875" lon="-80.195612423121929168701171875">
        <ele>483.79998779296875</ele>
        <time>2026-10-05T15:51:46.000Z</time>
        <extensions>
          <ns3:TrackPointExtension/>
        </extensions>
      </trkpt>
      <trkpt lat="44.31710195727646350860595703125" lon="-80.195622146129608154296875">
        <ele>483.600006103515625</ele>
        <time>2026-10-05T15:51:47.000Z</time>
        <extensions>
          <ns3:TrackPointExtension/>
        </extensions>
      </trkpt>
      <trkpt lat="44.31705736555159091949462890625" lon="-80.19569079391658306121826171875">
        <ele>482.600006103515625</ele>
        <time>2026-10-05T15:51:55.000Z</time>
        <extensions>
          <ns3:TrackPointExtension/>
        </extensions>
      </trkpt>
      <trkpt lat="44.31703741662204265594482421875" lon="-80.19572717137634754180908203125">
        <ele>482.600006103515625</ele>
        <time>2026-10-05T15:51:59.000Z</time>
        <extensions>
          <ns3:TrackPointExtension/>
        </extensions>
      </trkpt>
      <trkpt lat="44.31696432642638683319091796875" lon="-80.1958318613469600677490234375">
        <ele>483.600006103515625</ele>
        <time>2026-10-05T15:52:10.000Z</time>
        <extensions>
          <ns3:TrackPointExtension/>
        </extensions>
      </trkpt>
      <trkpt lat="44.3169317208230495452880859375" lon="-80.19584652967751026153564453125">
        <ele>483.79998779296875</ele>
        <time>2026-10-05T15:52:13.000Z</time>
        <extensions>
          <ns3:TrackPointExtension/>
        </extensions>
      </trkpt>
      <trkpt lat="44.31690095923840999603271484375" lon="-80.19586731679737567901611328125">
        <ele>484</ele>
        <time>2026-10-05T15:52:16.000Z</time>
        <extensions>
          <ns3:TrackPointExtension/>
        </extensions>
      </trkpt>
      <trkpt lat="44.31684463284909725189208984375" lon="-80.19591777585446834564208984375">
        <ele>484.79998779296875</ele>
        <time>2026-10-05T15:52:23.000Z</time>
        <extensions>
          <ns3:TrackPointExtension/>
        </extensions>
      </trkpt>
      <trkpt lat="44.31683775968849658966064453125" lon="-80.1959217153489589691162109375">
        <ele>484.79998779296875</ele>
        <time>2026-10-05T15:52:24.000Z</time>
        <extensions>
          <ns3:TrackPointExtension/>
        </extensions>
      </trkpt>
      <trkpt lat="44.31673248298466205596923828125" lon="-80.19597309641540050506591796875">
        <ele>485.600006103515625</ele>
        <time>2026-10-05T15:52:36.000Z</time>
        <extensions>
          <ns3:TrackPointExtension/>
        </extensions>
      </trkpt>
      <trkpt lat="44.3166482448577880859375" lon="-80.19596454687416553497314453125">
        <ele>485.79998779296875</ele>
        <time>2026-10-05T15:52:44.000Z</time>
        <extensions>
          <ns3:TrackPointExtension/>
        </extensions>
      </trkpt>
      <trkpt lat="44.31663592346012592315673828125" lon="-80.19595784135162830352783203125">
        <ele>486</ele>
        <time>2026-10-05T15:52:45.000Z</time>
        <extensions>
          <ns3:TrackPointExtension/>
        </extensions>
      </trkpt>
      <trkpt lat="44.31660273112356662750244140625" lon="-80.1959399878978729248046875">
        <ele>486.20001220703125</ele>
        <time>2026-10-05T15:52:48.000Z</time>
        <extensions>
          <ns3:TrackPointExtension/>
        </extensions>
      </trkpt>
      <trkpt lat="44.316541962325572967529296875" lon="-80.1958514750003814697265625">
        <ele>487</ele>
        <time>2026-10-05T15:52:58.000Z</time>
        <extensions>
          <ns3:TrackPointExtension/>
        </extensions>
      </trkpt>
      <trkpt lat="44.31653819046914577484130859375" lon="-80.195843763649463653564453125">
        <ele>487</ele>
        <time>2026-10-05T15:52:59.000Z</time>
        <extensions>
          <ns3:TrackPointExtension/>
        </extensions>
      </trkpt>
      <trkpt lat="44.31645420379936695098876953125" lon="-80.19578400067985057830810546875">
        <ele>487</ele>
        <time>2026-10-05T15:53:11.000Z</time>
        <extensions>
          <ns3:TrackPointExtension/>
        </extensions>
      </trkpt>
      <trkpt lat="44.31633752770721912384033203125" lon="-80.1957322843372821807861328125">
        <ele>486.79998779296875</ele>
        <time>2026-10-05T15:53:24.000Z</time>
        <extensions>
          <ns3:TrackPointExtension/>
        </extensions>
      </trkpt>
      <trkpt lat="44.31625370867550373077392578125" lon="-80.1956424303352832794189453125">
        <ele>487</ele>
        <time>2026-10-05T15:53:35.000Z</time>
        <extensions>
          <ns3:TrackPointExtension/>
        </extensions>
      </trkpt>
      <trkpt lat="44.3161703087389469146728515625" lon="-80.1955706812441349029541015625">
        <ele>487.79998779296875</ele>
        <time>2026-10-05T15:53:46.000Z</time>
        <extensions>
          <ns3:TrackPointExtension/>
        </extensions>
      </trkpt>
      <trkpt lat="44.31615429930388927459716796875" lon="-80.19555115140974521636962890625">
        <ele>488</ele>
        <time>2026-10-05T15:53:49.000Z</time>
        <extensions>
          <ns3:TrackPointExtension/>
        </extensions>
      </trkpt>
      <trkpt lat="44.31611121632158756256103515625" lon="-80.1954808272421360015869140625">
        <ele>488.20001220703125</ele>
        <time>2026-10-05T15:54:00.000Z</time>
        <extensions>
          <ns3:TrackPointExtension/>
        </extensions>
      </trkpt>
      <trkpt lat="44.31604131124913692474365234375" lon="-80.19538669846951961517333984375">
        <ele>488.399993896484375</ele>
        <time>2026-10-05T15:54:14.000Z</time>
        <extensions>
          <ns3:TrackPointExtension/>
        </extensions>
      </trkpt>
      <trkpt lat="44.31595556437969207763671875" lon="-80.1953011192381381988525390625">
        <ele>487.79998779296875</ele>
        <time>2026-10-05T15:54:26.000Z</time>
        <extensions>
          <ns3:TrackPointExtension/>
        </extensions>
      </trkpt>
      <trkpt lat="44.31584827601909637451171875" lon="-80.19526205956935882568359375">
        <ele>487.79998779296875</ele>
        <time>2026-10-05T15:54:38.000Z</time>
        <extensions>
          <ns3:TrackPointExtension/>
        </extensions>
      </trkpt>
      <trkpt lat="44.31572397239506244659423828125" lon="-80.19516625441610813140869140625">
        <ele>488.20001220703125</ele>
        <time>2026-10-05T15:54:53.000Z</time>
        <extensions>
          <ns3:TrackPointExtension/>
        </extensions>
      </trkpt>
      <trkpt lat="44.3156786262989044189453125" lon="-80.195096433162689208984375">
        <ele>487.79998779296875</ele>
        <time>2026-10-05T15:55:07.000Z</time>
        <extensions>
          <ns3:TrackPointExtension/>
        </extensions>
      </trkpt>
      <trkpt lat="44.3156771175563335418701171875" lon="-80.1950738020241260528564453125">
        <ele>488</ele>
        <time>2026-10-05T15:55:21.000Z</time>
        <extensions>
          <ns3:TrackPointExtension/>
        </extensions>
      </trkpt>
      <trkpt lat="44.31568206287920475006103515625" lon="-80.19507656805217266082763671875">
        <ele>488.399993896484375</ele>
        <time>2026-10-05T15:55:39.000Z</time>
        <extensions>
          <ns3:TrackPointExtension/>
        </extensions>
      </trkpt>
      <trkpt lat="44.31567133404314517974853515625" lon="-80.195004902780055999755859375">
        <ele>488.20001220703125</ele>
        <time>2026-10-05T15:55:52.000Z</time>
        <extensions>
          <ns3:TrackPointExtension/>
        </extensions>
      </trkpt>
      <trkpt lat="44.31562640704214572906494140625" lon="-80.19490809179842472076416015625">
        <ele>487.600006103515625</ele>
        <time>2026-10-05T15:56:03.000Z</time>
        <extensions>
          <ns3:TrackPointExtension/>
        </extensions>
      </trkpt>
      <trkpt lat="44.31553336791694164276123046875" lon="-80.1947006396949291229248046875">
        <ele>487</ele>
        <time>2026-10-05T15:56:20.000Z</time>
        <extensions>
          <ns3:TrackPointExtension/>
        </extensions>
      </trkpt>
      <trkpt lat="44.315513335168361663818359375" lon="-80.194678008556365966796875">
        <ele>486.79998779296875</ele>
        <time>2026-10-05T15:56:22.000Z</time>
        <extensions>
          <ns3:TrackPointExtension/>
        </extensions>
      </trkpt>
      <trkpt lat="44.3154353834688663482666015625" lon="-80.194507353007793426513671875">
        <ele>486.600006103515625</ele>
        <time>2026-10-05T15:56:33.000Z</time>
        <extensions>
          <ns3:TrackPointExtension/>
        </extensions>
      </trkpt>
      <trkpt lat="44.315424822270870208740234375" lon="-80.1944109611213207244873046875">
        <ele>486.20001220703125</ele>
        <time>2026-10-05T15:56:43.000Z</time>
        <extensions>
          <ns3:TrackPointExtension/>
        </extensions>
      </trkpt>
      <trkpt lat="44.31543664075434207916259765625" lon="-80.1943992264568805694580078125">
        <ele>485.79998779296875</ele>
        <time>2026-10-05T15:56:45.000Z</time>
        <extensions>
          <ns3:TrackPointExtension/>
        </extensions>
      </trkpt>
      <trkpt lat="44.315449297428131103515625" lon="-80.194321610033512115478515625">
        <ele>485.399993896484375</ele>
        <time>2026-10-05T15:56:53.000Z</time>
        <extensions>
          <ns3:TrackPointExtension/>
        </extensions>
      </trkpt>
      <trkpt lat="44.31538115255534648895263671875" lon="-80.194267965853214263916015625">
        <ele>485.79998779296875</ele>
        <time>2026-10-05T15:57:02.000Z</time>
        <extensions>
          <ns3:TrackPointExtension/>
        </extensions>
      </trkpt>
      <trkpt lat="44.31534460745751857757568359375" lon="-80.19422798417508602142333984375">
        <ele>486</ele>
        <time>2026-10-05T15:57:06.000Z</time>
        <extensions>
          <ns3:TrackPointExtension/>
        </extensions>
      </trkpt>
      <trkpt lat="44.315286688506603240966796875" lon="-80.19411130808293819427490234375">
        <ele>485.79998779296875</ele>
        <time>2026-10-05T15:57:17.000Z</time>
        <extensions>
          <ns3:TrackPointExtension/>
        </extensions>
      </trkpt>
      <trkpt lat="44.31518375873565673828125" lon="-80.19401013851165771484375">
        <ele>485</ele>
        <time>2026-10-05T15:57:29.000Z</time>
        <extensions>
          <ns3:TrackPointExtension/>
        </extensions>
      </trkpt>
      <trkpt lat="44.31515467353165149688720703125" lon="-80.19400100223720073699951171875">
        <ele>484.79998779296875</ele>
        <time>2026-10-05T15:57:34.000Z</time>
        <extensions>
          <ns3:TrackPointExtension/>
        </extensions>
      </trkpt>
      <trkpt lat="44.31512768380343914031982421875" lon="-80.194007791578769683837890625">
        <ele>484.600006103515625</ele>
        <time>2026-10-05T15:57:42.000Z</time>
        <extensions>
          <ns3:TrackPointExtension/>
        </extensions>
      </trkpt>
      <trkpt lat="44.3150612153112888336181640625" lon="-80.19394584931433200836181640625">
        <ele>484.399993896484375</ele>
        <time>2026-10-05T15:57:55.000Z</time>
        <extensions>
          <ns3:TrackPointExtension/>
        </extensions>
      </trkpt>
      <trkpt lat="44.31499625556170940399169921875" lon="-80.1937566697597503662109375">
        <ele>484.20001220703125</ele>
        <time>2026-10-05T15:58:08.000Z</time>
        <extensions>
          <ns3:TrackPointExtension/>
        </extensions>
      </trkpt>
      <trkpt lat="44.3149951659142971038818359375" lon="-80.193710066378116607666015625">
        <ele>484.20001220703125</ele>
        <time>2026-10-05T15:58:11.000Z</time>
        <extensions>
          <ns3:TrackPointExtension/>
        </extensions>
      </trkpt>
      <trkpt lat="44.31495510041713714599609375" lon="-80.19359330646693706512451171875">
        <ele>484.399993896484375</ele>
        <time>2026-10-05T15:58:20.000Z</time>
        <extensions>
          <ns3:TrackPointExtension/>
        </extensions>
      </trkpt>
      <trkpt lat="44.31485661305487155914306640625" lon="-80.19355743192136287689208984375">
        <ele>485</ele>
        <time>2026-10-05T15:58:30.000Z</time>
        <extensions>
          <ns3:TrackPointExtension/>
        </extensions>
      </trkpt>
      <trkpt lat="44.314846806228160858154296875" lon="-80.1935556717216968536376953125">
        <ele>485.20001220703125</ele>
        <time>2026-10-05T15:58:31.000Z</time>
        <extensions>
          <ns3:TrackPointExtension/>
        </extensions>
      </trkpt>
      <trkpt lat="44.31465930305421352386474609375" lon="-80.19357436336576938629150390625">
        <ele>485</ele>
        <time>2026-10-05T15:58:46.000Z</time>
        <extensions>
          <ns3:TrackPointExtension/>
        </extensions>
      </trkpt>
      <trkpt lat="44.3144976161420345306396484375" lon="-80.1936347968876361846923828125">
        <ele>484</ele>
        <time>2026-10-05T15:59:01.000Z</time>
        <extensions>
          <ns3:TrackPointExtension/>
        </extensions>
      </trkpt>
      <trkpt lat="44.3144352547824382781982421875" lon="-80.193655751645565032958984375">
        <ele>483.79998779296875</ele>
        <time>2026-10-05T15:59:07.000Z</time>
        <extensions>
          <ns3:TrackPointExtension/>
        </extensions>
      </trkpt>
      <trkpt lat="44.31435453705489635467529296875" lon="-80.1937176100909709930419921875">
        <ele>483.399993896484375</ele>
        <time>2026-10-05T15:59:14.000Z</time>
        <extensions>
          <ns3:TrackPointExtension/>
        </extensions>
      </trkpt>
      <trkpt lat="44.3142049200832843780517578125" lon="-80.19377284683287143707275390625">
        <ele>482.79998779296875</ele>
        <time>2026-10-05T15:59:27.000Z</time>
        <extensions>
          <ns3:TrackPointExtension/>
        </extensions>
      </trkpt>
      <trkpt lat="44.31418153457343578338623046875" lon="-80.1937725953757762908935546875">
        <ele>482.79998779296875</ele>
        <time>2026-10-05T15:59:29.000Z</time>
        <extensions>
          <ns3:TrackPointExtension/>
        </extensions>
      </trkpt>
      <trkpt lat="44.314066953957080841064453125" lon="-80.19378139637410640716552734375">
        <ele>482.600006103515625</ele>
        <time>2026-10-05T15:59:41.000Z</time>
        <extensions>
          <ns3:TrackPointExtension/>
        </extensions>
      </trkpt>
      <trkpt lat="44.31395673193037509918212890625" lon="-80.193836800754070281982421875">
        <ele>482.600006103515625</ele>
        <time>2026-10-05T15:59:55.000Z</time>
        <extensions>
          <ns3:TrackPointExtension/>
        </extensions>
      </trkpt>
      <trkpt lat="44.31387945078313350677490234375" lon="-80.193859599530696868896484375">
        <ele>482.79998779296875</ele>
        <time>2026-10-05T16:00:02.000Z</time>
        <extensions>
          <ns3:TrackPointExtension/>
        </extensions>
      </trkpt>
      <trkpt lat="44.31382362730801105499267578125" lon="-80.1938953064382076263427734375">
        <ele>483</ele>
        <time>2026-10-05T16:00:08.000Z</time>
        <extensions>
          <ns3:TrackPointExtension/>
        </extensions>
      </trkpt>
      <trkpt lat="44.31367292068898677825927734375" lon="-80.19392573274672031402587890625">
        <ele>483.399993896484375</ele>
        <time>2026-10-05T16:00:20.000Z</time>
        <extensions>
          <ns3:TrackPointExtension/>
        </extensions>
      </trkpt>
      <trkpt lat="44.3135139159858226776123046875" lon="-80.19395976327359676361083984375">
        <ele>483.600006103515625</ele>
        <time>2026-10-05T16:00:34.000Z</time>
        <extensions>
          <ns3:TrackPointExtension/>
        </extensions>
      </trkpt>
      <trkpt lat="44.31345012970268726348876953125" lon="-80.19396093674004077911376953125">
        <ele>483.79998779296875</ele>
        <time>2026-10-05T16:00:39.000Z</time>
        <extensions>
          <ns3:TrackPointExtension/>
        </extensions>
      </trkpt>
      <trkpt lat="44.3133201263844966888427734375" lon="-80.19394509494304656982421875">
        <ele>483.79998779296875</ele>
        <time>2026-10-05T16:00:48.000Z</time>
        <extensions>
          <ns3:TrackPointExtension/>
        </extensions>
      </trkpt>
      <trkpt lat="44.3132195435464382171630859375" lon="-80.19384694285690784454345703125">
        <ele>484</ele>
        <time>2026-10-05T16:00:58.000Z</time>
        <extensions>
          <ns3:TrackPointExtension/>
        </extensions>
      </trkpt>
      <trkpt lat="44.313179142773151397705078125" lon="-80.19381894730031490325927734375">
        <ele>484</ele>
        <time>2026-10-05T16:01:03.000Z</time>
        <extensions>
          <ns3:TrackPointExtension/>
        </extensions>
      </trkpt>
      <trkpt lat="44.3131363950669765472412109375" lon="-80.19381903111934661865234375">
        <ele>484</ele>
        <time>2026-10-05T16:01:07.000Z</time>
        <extensions>
          <ns3:TrackPointExtension/>
        </extensions>
      </trkpt>
      <trkpt lat="44.313010163605213165283203125" lon="-80.19384023733437061309814453125">
        <ele>483.600006103515625</ele>
        <time>2026-10-05T16:01:18.000Z</time>
        <extensions>
          <ns3:TrackPointExtension/>
        </extensions>
      </trkpt>
      <trkpt lat="44.31287144310772418975830078125" lon="-80.1938373036682605743408203125">
        <ele>483.399993896484375</ele>
        <time>2026-10-05T16:01:32.000Z</time>
        <extensions>
          <ns3:TrackPointExtension/>
        </extensions>
      </trkpt>
      <trkpt lat="44.3127469718456268310546875" lon="-80.1938316039741039276123046875">
        <ele>484</ele>
        <time>2026-10-05T16:01:46.000Z</time>
        <extensions>
          <ns3:TrackPointExtension/>
        </extensions>
      </trkpt>
      <trkpt lat="44.31264027021825313568115234375" lon="-80.193795897066593170166015625">
        <ele>484</ele>
        <time>2026-10-05T16:01:57.000Z</time>
        <extensions>
          <ns3:TrackPointExtension/>
        </extensions>
      </trkpt>
      <trkpt lat="44.31252443231642246246337890625" lon="-80.19376999698579311370849609375">
        <ele>483.399993896484375</ele>
        <time>2026-10-05T16:02:09.000Z</time>
        <extensions>
          <ns3:TrackPointExtension/>
        </extensions>
      </trkpt>
      <trkpt lat="44.31243357248604297637939453125" lon="-80.1938017643988132476806640625">
        <ele>483.20001220703125</ele>
        <time>2026-10-05T16:02:21.000Z</time>
        <extensions>
          <ns3:TrackPointExtension/>
        </extensions>
      </trkpt>
      <trkpt lat="44.3124116957187652587890625" lon="-80.1937880180776119232177734375">
        <ele>483.600006103515625</ele>
        <time>2026-10-05T16:02:31.000Z</time>
        <extensions>
          <ns3:TrackPointExtension/>
        </extensions>
      </trkpt>
      <trkpt lat="44.31237104348838329315185546875" lon="-80.19378743134438991546630859375">
        <ele>483.600006103515625</ele>
        <time>2026-10-05T16:02:43.000Z</time>
        <extensions>
          <ns3:TrackPointExtension/>
        </extensions>
      </trkpt>
      <trkpt lat="44.31230013258755207061767578125" lon="-80.19381475634872913360595703125">
        <ele>482.79998779296875</ele>
        <time>2026-10-05T16:02:55.000Z</time>
        <extensions>
          <ns3:TrackPointExtension/>
        </extensions>
      </trkpt>
      <trkpt lat="44.31229359470307826995849609375" lon="-80.19382196478545665740966796875">
        <ele>482.79998779296875</ele>
        <time>2026-10-05T16:02:56.000Z</time>
        <extensions>
          <ns3:TrackPointExtension/>
        </extensions>
      </trkpt>
      <trkpt lat="44.31224875152111053466796875" lon="-80.19392388872802257537841796875">
        <ele>483.79998779296875</ele>
        <time>2026-10-05T16:03:07.000Z</time>
        <extensions>
          <ns3:TrackPointExtension/>
        </extensions>
      </trkpt>
      <trkpt lat="44.31223265826702117919921875" lon="-80.1939583383500576019287109375">
        <ele>484.399993896484375</ele>
        <time>2026-10-05T16:03:10.000Z</time>
        <extensions>
          <ns3:TrackPointExtension/>
        </extensions>
      </trkpt>
      <trkpt lat="44.31221648119390010833740234375" lon="-80.1940049417316913604736328125">
        <ele>484.79998779296875</ele>
        <time>2026-10-05T16:03:14.000Z</time>
        <extensions>
          <ns3:TrackPointExtension/>
        </extensions>
      </trkpt>
      <trkpt lat="44.31219435296952724456787109375" lon="-80.19409001804888248443603515625">
        <ele>486</ele>
        <time>2026-10-05T16:03:21.000Z</time>
        <extensions>
          <ns3:TrackPointExtension/>
        </extensions>
      </trkpt>
      <trkpt lat="44.31218546815216541290283203125" lon="-80.19414684735238552093505859375">
        <ele>486.600006103515625</ele>
        <time>2026-10-05T16:03:25.000Z</time>
        <extensions>
          <ns3:TrackPointExtension/>
        </extensions>
      </trkpt>
      <trkpt lat="44.3121795170009136199951171875" lon="-80.19416243769228458404541015625">
        <ele>486.600006103515625</ele>
        <time>2026-10-05T16:03:26.000Z</time>
        <extensions>
          <ns3:TrackPointExtension/>
        </extensions>
      </trkpt>
      <trkpt lat="44.31217230856418609619140625" lon="-80.19420870579779148101806640625">
        <ele>487</ele>
        <time>2026-10-05T16:03:29.000Z</time>
        <extensions>
          <ns3:TrackPointExtension/>
        </extensions>
      </trkpt>
      <trkpt lat="44.31214456446468830108642578125" lon="-80.19433359615504741668701171875">
        <ele>488.20001220703125</ele>
        <time>2026-10-05T16:03:37.000Z</time>
        <extensions>
          <ns3:TrackPointExtension/>
        </extensions>
      </trkpt>
      <trkpt lat="44.31213048286736011505126953125" lon="-80.194432921707630157470703125">
        <ele>489.20001220703125</ele>
        <time>2026-10-05T16:03:47.000Z</time>
        <extensions>
          <ns3:TrackPointExtension/>
        </extensions>
      </trkpt>
      <trkpt lat="44.3121300637722015380859375" lon="-80.19443317316472530364990234375">
        <ele>489.20001220703125</ele>
        <time>2026-10-05T16:03:48.000Z</time>
        <extensions>
          <ns3:TrackPointExtension/>
        </extensions>
      </trkpt>
      <trkpt lat="44.312146492302417755126953125" lon="-80.194375254213809967041015625">
        <ele>489.600006103515625</ele>
        <time>2026-10-05T16:03:56.000Z</time>
        <extensions>
          <ns3:TrackPointExtension/>
        </extensions>
      </trkpt>
      <trkpt lat="44.31213031522929668426513671875" lon="-80.19439998082816600799560546875">
        <ele>489.79998779296875</ele>
        <time>2026-10-05T16:04:03.000Z</time>
        <extensions>
          <ns3:TrackPointExtension/>
        </extensions>
      </trkpt>
      <trkpt lat="44.31211221031844615936279296875" lon="-80.19441707991063594818115234375">
        <ele>490</ele>
        <time>2026-10-05T16:04:15.000Z</time>
        <extensions>
          <ns3:TrackPointExtension/>
        </extensions>
      </trkpt>
      <trkpt lat="44.31211506016552448272705078125" lon="-80.1944099552929401397705078125">
        <ele>490.20001220703125</ele>
        <time>2026-10-05T16:04:28.000Z</time>
        <extensions>
          <ns3:TrackPointExtension/>
        </extensions>
      </trkpt>
      <trkpt lat="44.312118329107761383056640625" lon="-80.1944084465503692626953125">
        <ele>490.20001220703125</ele>
        <time>2026-10-05T16:04:33.000Z</time>
        <extensions>
          <ns3:TrackPointExtension/>
        </extensions>
      </trkpt>
      <trkpt lat="44.3121215142309665679931640625" lon="-80.19440836273133754730224609375">
        <ele>490.20001220703125</ele>
        <time>2026-10-05T16:04:43.000Z</time>
        <extensions>
          <ns3:TrackPointExtension/>
        </extensions>
      </trkpt>
      <trkpt lat="44.312121011316776275634765625" lon="-80.19441020675003528594970703125">
        <ele>490.20001220703125</ele>
        <time>2026-10-05T16:04:48.000Z</time>
        <extensions>
          <ns3:TrackPointExtension/>
        </extensions>
      </trkpt>
      <trkpt lat="44.31212528608739376068115234375" lon="-80.1944139786064624786376953125">
        <ele>490.399993896484375</ele>
        <time>2026-10-05T16:04:56.000Z</time>
        <extensions>
          <ns3:TrackPointExtension/>
        </extensions>
      </trkpt>
      <trkpt lat="44.312123693525791168212890625" lon="-80.19441992975771427154541015625">
        <ele>491.399993896484375</ele>
        <time>2026-10-05T16:05:14.000Z</time>
        <extensions>
          <ns3:TrackPointExtension/>
        </extensions>
      </trkpt>
      <trkpt lat="44.31212159804999828338623046875" lon="-80.1944196783006191253662109375">
        <ele>491.600006103515625</ele>
        <time>2026-10-05T16:05:32.000Z</time>
        <extensions>
          <ns3:TrackPointExtension/>
        </extensions>
      </trkpt>
      <trkpt lat="44.3121208436787128448486328125" lon="-80.19442009739577770233154296875">
        <ele>492</ele>
        <time>2026-10-05T16:05:49.000Z</time>
        <extensions>
          <ns3:TrackPointExtension/>
        </extensions>
      </trkpt>
      <trkpt lat="44.312116988003253936767578125" lon="-80.19442261196672916412353515625">
        <ele>492.399993896484375</ele>
        <time>2026-10-05T16:05:57.000Z</time>
        <extensions>
          <ns3:TrackPointExtension/>
        </extensions>
      </trkpt>
      <trkpt lat="44.31211388669908046722412109375" lon="-80.1944191753864288330078125">
        <ele>492.600006103515625</ele>
        <time>2026-10-05T16:06:07.000Z</time>
        <extensions>
          <ns3:TrackPointExtension/>
        </extensions>
      </trkpt>
      <trkpt lat="44.3121131323277950286865234375" lon="-80.19442210905253887176513671875">
        <ele>493.399993896484375</ele>
        <time>2026-10-05T16:06:22.000Z</time>
        <extensions>
          <ns3:TrackPointExtension/>
        </extensions>
      </trkpt>
      <trkpt lat="44.3121141381561756134033203125" lon="-80.19442386925220489501953125">
        <ele>493.399993896484375</ele>
        <time>2026-10-05T16:06:26.000Z</time>
        <extensions>
          <ns3:TrackPointExtension/>
        </extensions>
      </trkpt>
      <trkpt lat="44.31211355142295360565185546875" lon="-80.19441691227257251739501953125">
        <ele>494.20001220703125</ele>
        <time>2026-10-05T16:06:43.000Z</time>
        <extensions>
          <ns3:TrackPointExtension/>
        </extensions>
      </trkpt>
      <trkpt lat="44.31211288087069988250732421875" lon="-80.1944136433303356170654296875">
        <ele>494.399993896484375</ele>
        <time>2026-10-05T16:06:45.000Z</time>
        <extensions>
          <ns3:TrackPointExtension/>
        </extensions>
      </trkpt>
      <trkpt lat="44.31210047565400600433349609375" lon="-80.19441490061581134796142578125">
        <ele>494.600006103515625</ele>
        <time>2026-10-05T16:06:56.000Z</time>
        <extensions>
          <ns3:TrackPointExtension/>
        </extensions>
      </trkpt>
      <trkpt lat="44.31208220310509204864501953125" lon="-80.19442160613834857940673828125">
        <ele>494.600006103515625</ele>
        <time>2026-10-05T16:07:08.000Z</time>
        <extensions>
          <ns3:TrackPointExtension/>
        </extensions>
      </trkpt>
      <trkpt lat="44.3120457418262958526611328125" lon="-80.19440936855971813201904296875">
        <ele>494.79998779296875</ele>
        <time>2026-10-05T16:07:18.000Z</time>
        <extensions>
          <ns3:TrackPointExtension/>
        </extensions>
      </trkpt>
      <trkpt lat="44.31193384341895580291748046875" lon="-80.194428898394107818603515625">
        <ele>494.79998779296875</ele>
        <time>2026-10-05T16:07:29.000Z</time>
        <extensions>
          <ns3:TrackPointExtension/>
        </extensions>
      </trkpt>
      <trkpt lat="44.31175388395786285400390625" lon="-80.19441976211965084075927734375">
        <ele>495.20001220703125</ele>
        <time>2026-10-05T16:07:43.000Z</time>
        <extensions>
          <ns3:TrackPointExtension/>
        </extensions>
      </trkpt>
      <trkpt lat="44.31157677434384822845458984375" lon="-80.1943680457770824432373046875">
        <ele>495.20001220703125</ele>
        <time>2026-10-05T16:07:56.000Z</time>
        <extensions>
          <ns3:TrackPointExtension/>
        </extensions>
      </trkpt>
      <trkpt lat="44.31150619871914386749267578125" lon="-80.19434030167758464813232421875">
        <ele>495.399993896484375</ele>
        <time>2026-10-05T16:08:01.000Z</time>
        <extensions>
          <ns3:TrackPointExtension/>
        </extensions>
      </trkpt>
      <trkpt lat="44.31148029863834381103515625" lon="-80.19433745183050632476806640625">
        <ele>495.600006103515625</ele>
        <time>2026-10-05T16:08:03.000Z</time>
        <extensions>
          <ns3:TrackPointExtension/>
        </extensions>
      </trkpt>
      <trkpt lat="44.31139186955988407135009765625" lon="-80.19434164278209209442138671875">
        <ele>496.399993896484375</ele>
        <time>2026-10-05T16:08:10.000Z</time>
        <extensions>
          <ns3:TrackPointExtension/>
        </extensions>
      </trkpt>
      <trkpt lat="44.3113835714757442474365234375" lon="-80.19434214569628238677978515625">
        <ele>496.600006103515625</ele>
        <time>2026-10-05T16:08:11.000Z</time>
        <extensions>
          <ns3:TrackPointExtension/>
        </extensions>
      </trkpt>
      <trkpt lat="44.3112974055111408233642578125" lon="-80.19433678127825260162353515625">
        <ele>496.79998779296875</ele>
        <time>2026-10-05T16:08:19.000Z</time>
        <extensions>
          <ns3:TrackPointExtension/>
        </extensions>
      </trkpt>
      <trkpt lat="44.31121400557458400726318359375" lon="-80.19431331194937229156494140625">
        <ele>496.79998779296875</ele>
        <time>2026-10-05T16:08:26.000Z</time>
        <extensions>
          <ns3:TrackPointExtension/>
        </extensions>
      </trkpt>
      <trkpt lat="44.3111076392233371734619140625" lon="-80.19428414292633533477783203125">
        <ele>496.399993896484375</ele>
        <time>2026-10-05T16:08:35.000Z</time>
        <extensions>
          <ns3:TrackPointExtension/>
        </extensions>
      </trkpt>
      <trkpt lat="44.3110278435051441192626953125" lon="-80.19425547681748867034912109375">
        <ele>496</ele>
        <time>2026-10-05T16:08:42.000Z</time>
        <extensions>
          <ns3:TrackPointExtension/>
        </extensions>
      </trkpt>
      <trkpt lat="44.31094394065439701080322265625" lon="-80.19423837773501873016357421875">
        <ele>495.79998779296875</ele>
        <time>2026-10-05T16:08:49.000Z</time>
        <extensions>
          <ns3:TrackPointExtension/>
        </extensions>
      </trkpt>
      <trkpt lat="44.31086313910782337188720703125" lon="-80.19420753233134746551513671875">
        <ele>495.79998779296875</ele>
        <time>2026-10-05T16:08:57.000Z</time>
        <extensions>
          <ns3:TrackPointExtension/>
        </extensions>
      </trkpt>
      <trkpt lat="44.31078719906508922576904296875" lon="-80.19418942742049694061279296875">
        <ele>495.399993896484375</ele>
        <time>2026-10-05T16:09:04.000Z</time>
        <extensions>
          <ns3:TrackPointExtension/>
        </extensions>
      </trkpt>
      <trkpt lat="44.31068024598062038421630859375" lon="-80.19417266361415386199951171875">
        <ele>494.600006103515625</ele>
        <time>2026-10-05T16:09:13.000Z</time>
        <extensions>
          <ns3:TrackPointExtension/>
        </extensions>
      </trkpt>
      <trkpt lat="44.31059181690216064453125" lon="-80.19414517097175121307373046875">
        <ele>494.600006103515625</ele>
        <time>2026-10-05T16:09:22.000Z</time>
        <extensions>
          <ns3:TrackPointExtension/>
        </extensions>
      </trkpt>
      <trkpt lat="44.3104850314557552337646484375" lon="-80.1941390521824359893798828125">
        <ele>494.600006103515625</ele>
        <time>2026-10-05T16:09:31.000Z</time>
        <extensions>
          <ns3:TrackPointExtension/>
        </extensions>
      </trkpt>
      <trkpt lat="44.31047271005809307098388671875" lon="-80.19413561560213565826416015625">
        <ele>494.399993896484375</ele>
        <time>2026-10-05T16:09:39.000Z</time>
        <extensions>
          <ns3:TrackPointExtension/>
        </extensions>
      </trkpt>
      <trkpt lat="44.310452677309513092041015625" lon="-80.194131173193454742431640625">
        <ele>494.399993896484375</ele>
        <time>2026-10-05T16:09:55.000Z</time>
        <extensions>
          <ns3:TrackPointExtension/>
        </extensions>
      </trkpt>
      <trkpt lat="44.31033407337963581085205078125" lon="-80.19408197142183780670166015625">
        <ele>494.600006103515625</ele>
        <time>2026-10-05T16:10:07.000Z</time>
        <extensions>
          <ns3:TrackPointExtension/>
        </extensions>
      </trkpt>
      <trkpt lat="44.3102721311151981353759765625" lon="-80.1940505392849445343017578125">
        <ele>494.399993896484375</ele>
        <time>2026-10-05T16:10:13.000Z</time>
        <extensions>
          <ns3:TrackPointExtension/>
        </extensions>
      </trkpt>
      <trkpt lat="44.3101933412253856658935546875" lon="-80.19400653429329395294189453125">
        <ele>494.20001220703125</ele>
        <time>2026-10-05T16:10:20.000Z</time>
        <extensions>
          <ns3:TrackPointExtension/>
        </extensions>
      </trkpt>
      <trkpt lat="44.3100344203412532806396484375" lon="-80.19395858980715274810791015625">
        <ele>494</ele>
        <time>2026-10-05T16:10:33.000Z</time>
        <extensions>
          <ns3:TrackPointExtension/>
        </extensions>
      </trkpt>
      <trkpt lat="44.3098885752260684967041015625" lon="-80.1938701607286930084228515625">
        <ele>493.79998779296875</ele>
        <time>2026-10-05T16:10:45.000Z</time>
        <extensions>
          <ns3:TrackPointExtension/>
        </extensions>
      </trkpt>
      <trkpt lat="44.30980500765144824981689453125" lon="-80.193853564560413360595703125">
        <ele>493.399993896484375</ele>
        <time>2026-10-05T16:10:54.000Z</time>
        <extensions>
          <ns3:TrackPointExtension/>
        </extensions>
      </trkpt>
      <trkpt lat="44.30979587137699127197265625" lon="-80.19384627230465412139892578125">
        <ele>493.20001220703125</ele>
        <time>2026-10-05T16:10:55.000Z</time>
        <extensions>
          <ns3:TrackPointExtension/>
        </extensions>
      </trkpt>
      <trkpt lat="44.3097729049623012542724609375" lon="-80.19381978549063205718994140625">
        <ele>493.20001220703125</ele>
        <time>2026-10-05T16:10:58.000Z</time>
        <extensions>
          <ns3:TrackPointExtension/>
        </extensions>
      </trkpt>
      <trkpt lat="44.30972479283809661865234375" lon="-80.1937430910766124725341796875">
        <ele>492.399993896484375</ele>
        <time>2026-10-05T16:11:06.000Z</time>
        <extensions>
          <ns3:TrackPointExtension/>
        </extensions>
      </trkpt>
      <trkpt lat="44.30971674621105194091796875" lon="-80.19373680464923381805419921875">
        <ele>492.20001220703125</ele>
        <time>2026-10-05T16:11:07.000Z</time>
        <extensions>
          <ns3:TrackPointExtension/>
        </extensions>
      </trkpt>
      <trkpt lat="44.3096656166017055511474609375" lon="-80.19373429007828235626220703125">
        <ele>491.600006103515625</ele>
        <time>2026-10-05T16:11:15.000Z</time>
        <extensions>
          <ns3:TrackPointExtension/>
        </extensions>
      </trkpt>
      <trkpt lat="44.30961440317332744598388671875" lon="-80.19374124705791473388671875">
        <ele>491.20001220703125</ele>
        <time>2026-10-05T16:11:22.000Z</time>
        <extensions>
          <ns3:TrackPointExtension/>
        </extensions>
      </trkpt>
      <trkpt lat="44.3095727451145648956298828125" lon="-80.1937259919941425323486328125">
        <ele>491.20001220703125</ele>
        <time>2026-10-05T16:11:27.000Z</time>
        <extensions>
          <ns3:TrackPointExtension/>
        </extensions>
      </trkpt>
      <trkpt lat="44.309538714587688446044921875" lon="-80.19368735142052173614501953125">
        <ele>491</ele>
        <time>2026-10-05T16:11:32.000Z</time>
        <extensions>
          <ns3:TrackPointExtension/>
        </extensions>
      </trkpt>
      <trkpt lat="44.30950342677533626556396484375" lon="-80.19367544911801815032958984375">
        <ele>491</ele>
        <time>2026-10-05T16:11:36.000Z</time>
        <extensions>
          <ns3:TrackPointExtension/>
        </extensions>
      </trkpt>
      <trkpt lat="44.3094091303646564483642578125" lon="-80.1936612837016582489013671875">
        <ele>491</ele>
        <time>2026-10-05T16:11:48.000Z</time>
        <extensions>
          <ns3:TrackPointExtension/>
        </extensions>
      </trkpt>
      <trkpt lat="44.3093377165496349334716796875" lon="-80.19364359788596630096435546875">
        <ele>491.20001220703125</ele>
        <time>2026-10-05T16:11:58.000Z</time>
        <extensions>
          <ns3:TrackPointExtension/>
        </extensions>
      </trkpt>
      <trkpt lat="44.30921592749655246734619140625" lon="-80.193623565137386322021484375">
        <ele>491.600006103515625</ele>
        <time>2026-10-05T16:12:10.000Z</time>
        <extensions>
          <ns3:TrackPointExtension/>
        </extensions>
      </trkpt>
      <trkpt lat="44.30914585478603839874267578125" lon="-80.1936037838459014892578125">
        <ele>492</ele>
        <time>2026-10-05T16:12:19.000Z</time>
        <extensions>
          <ns3:TrackPointExtension/>
        </extensions>
      </trkpt>
      <trkpt lat="44.30908449925482273101806640625" lon="-80.1935970783233642578125">
        <ele>492</ele>
        <time>2026-10-05T16:12:26.000Z</time>
        <extensions>
          <ns3:TrackPointExtension/>
        </extensions>
      </trkpt>
      <trkpt lat="44.30906287394464015960693359375" lon="-80.1936016045510768890380859375">
        <ele>492</ele>
        <time>2026-10-05T16:12:29.000Z</time>
        <extensions>
          <ns3:TrackPointExtension/>
        </extensions>
      </trkpt>
      <trkpt lat="44.30899313651025295257568359375" lon="-80.193577297031879425048828125">
        <ele>492.20001220703125</ele>
        <time>2026-10-05T16:12:38.000Z</time>
        <extensions>
          <ns3:TrackPointExtension/>
        </extensions>
      </trkpt>
      <trkpt lat="44.30897570215165615081787109375" lon="-80.1935727708041667938232421875">
        <ele>492.20001220703125</ele>
        <time>2026-10-05T16:12:40.000Z</time>
        <extensions>
          <ns3:TrackPointExtension/>
        </extensions>
      </trkpt>
      <trkpt lat="44.30894200690090656280517578125" lon="-80.1935596950352191925048828125">
        <ele>492.600006103515625</ele>
        <time>2026-10-05T16:12:44.000Z</time>
        <extensions>
          <ns3:TrackPointExtension/>
        </extensions>
      </trkpt>
      <trkpt lat="44.30890403687953948974609375" lon="-80.1935394108295440673828125">
        <ele>492.79998779296875</ele>
        <time>2026-10-05T16:12:49.000Z</time>
        <extensions>
          <ns3:TrackPointExtension/>
        </extensions>
      </trkpt>
      <trkpt lat="44.3087952397763729095458984375" lon="-80.1935130916535854339599609375">
        <ele>492.399993896484375</ele>
        <time>2026-10-05T16:13:00.000Z</time>
        <extensions>
          <ns3:TrackPointExtension/>
        </extensions>
      </trkpt>
      <trkpt lat="44.30874335579574108123779296875" lon="-80.193504206836223602294921875">
        <ele>492.600006103515625</ele>
        <time>2026-10-05T16:13:11.000Z</time>
        <extensions>
          <ns3:TrackPointExtension/>
        </extensions>
      </trkpt>
      <trkpt lat="44.30874117650091648101806640625" lon="-80.19349356181919574737548828125">
        <ele>493</ele>
        <time>2026-10-05T16:13:26.000Z</time>
        <extensions>
          <ns3:TrackPointExtension/>
        </extensions>
      </trkpt>
      <trkpt lat="44.3086735345423221588134765625" lon="-80.1934980042278766632080078125">
        <ele>493.20001220703125</ele>
        <time>2026-10-05T16:13:34.000Z</time>
        <extensions>
          <ns3:TrackPointExtension/>
        </extensions>
      </trkpt>
      <trkpt lat="44.308656267821788787841796875" lon="-80.1934991776943206787109375">
        <ele>493.20001220703125</ele>
        <time>2026-10-05T16:13:36.000Z</time>
        <extensions>
          <ns3:TrackPointExtension/>
        </extensions>
      </trkpt>
      <trkpt lat="44.3085424415767192840576171875" lon="-80.19348509609699249267578125">
        <ele>493.79998779296875</ele>
        <time>2026-10-05T16:13:47.000Z</time>
        <extensions>
          <ns3:TrackPointExtension/>
        </extensions>
      </trkpt>
      <trkpt lat="44.30846809409558773040771484375" lon="-80.1934897899627685546875">
        <ele>494.399993896484375</ele>
        <time>2026-10-05T16:13:55.000Z</time>
        <extensions>
          <ns3:TrackPointExtension/>
        </extensions>
      </trkpt>
      <trkpt lat="44.3084287829697132110595703125" lon="-80.1934892870485782623291015625">
        <ele>495</ele>
        <time>2026-10-05T16:13:59.000Z</time>
        <extensions>
          <ns3:TrackPointExtension/>
        </extensions>
      </trkpt>
      <trkpt lat="44.308404140174388885498046875" lon="-80.19347847439348697662353515625">
        <ele>495.399993896484375</ele>
        <time>2026-10-05T16:14:02.000Z</time>
        <extensions>
          <ns3:TrackPointExtension/>
        </extensions>
      </trkpt>
      <trkpt lat="44.30834270082414150238037109375" lon="-80.1934383250772953033447265625">
        <ele>496</ele>
        <time>2026-10-05T16:14:10.000Z</time>
        <extensions>
          <ns3:TrackPointExtension/>
        </extensions>
      </trkpt>
      <trkpt lat="44.308230467140674591064453125" lon="-80.1933783106505870819091796875">
        <ele>496.20001220703125</ele>
        <time>2026-10-05T16:14:23.000Z</time>
        <extensions>
          <ns3:TrackPointExtension/>
        </extensions>
      </trkpt>
      <trkpt lat="44.308127202093601226806640625" lon="-80.193336568772792816162109375">
        <ele>496.399993896484375</ele>
        <time>2026-10-05T16:14:34.000Z</time>
        <extensions>
          <ns3:TrackPointExtension/>
        </extensions>
      </trkpt>
      <trkpt lat="44.30802770890295505523681640625" lon="-80.19325979053974151611328125">
        <ele>496.20001220703125</ele>
        <time>2026-10-05T16:14:45.000Z</time>
        <extensions>
          <ns3:TrackPointExtension/>
        </extensions>
      </trkpt>
      <trkpt lat="44.3078940175473690032958984375" lon="-80.19318871200084686279296875">
        <ele>496.20001220703125</ele>
        <time>2026-10-05T16:14:57.000Z</time>
        <extensions>
          <ns3:TrackPointExtension/>
        </extensions>
      </trkpt>
      <trkpt lat="44.30781145580112934112548828125" lon="-80.193075723946094512939453125">
        <ele>496</ele>
        <time>2026-10-05T16:15:06.000Z</time>
        <extensions>
          <ns3:TrackPointExtension/>
        </extensions>
      </trkpt>
      <trkpt lat="44.30773518048226833343505859375" lon="-80.1929957605898380279541015625">
        <ele>495.399993896484375</ele>
        <time>2026-10-05T16:15:14.000Z</time>
        <extensions>
          <ns3:TrackPointExtension/>
        </extensions>
      </trkpt>
      <trkpt lat="44.30765974335372447967529296875" lon="-80.192959047853946685791015625">
        <ele>495</ele>
        <time>2026-10-05T16:15:21.000Z</time>
        <extensions>
          <ns3:TrackPointExtension/>
        </extensions>
      </trkpt>
      <trkpt lat="44.3075714819133281707763671875" lon="-80.1929139532148838043212890625">
        <ele>495</ele>
        <time>2026-10-05T16:15:29.000Z</time>
        <extensions>
          <ns3:TrackPointExtension/>
        </extensions>
      </trkpt>
      <trkpt lat="44.3074816279113292694091796875" lon="-80.19285737536847591400146484375">
        <ele>495.20001220703125</ele>
        <time>2026-10-05T16:15:37.000Z</time>
        <extensions>
          <ns3:TrackPointExtension/>
        </extensions>
      </trkpt>
      <trkpt lat="44.30741398595273494720458984375" lon="-80.1927825249731540679931640625">
        <ele>495</ele>
        <time>2026-10-05T16:15:44.000Z</time>
        <extensions>
          <ns3:TrackPointExtension/>
        </extensions>
      </trkpt>
      <trkpt lat="44.3073418177664279937744140625" lon="-80.19269845448434352874755859375">
        <ele>495</ele>
        <time>2026-10-05T16:15:52.000Z</time>
        <extensions>
          <ns3:TrackPointExtension/>
        </extensions>
      </trkpt>
      <trkpt lat="44.30727635510265827178955078125" lon="-80.19261346198618412017822265625">
        <ele>494.600006103515625</ele>
        <time>2026-10-05T16:16:00.000Z</time>
        <extensions>
          <ns3:TrackPointExtension/>
        </extensions>
      </trkpt>
      <trkpt lat="44.3072677217423915863037109375" lon="-80.19260357134044170379638671875">
        <ele>494.399993896484375</ele>
        <time>2026-10-05T16:16:01.000Z</time>
        <extensions>
          <ns3:TrackPointExtension/>
        </extensions>
      </trkpt>
      <trkpt lat="44.3072053603827953338623046875" lon="-80.19253299571573734283447265625">
        <ele>494.20001220703125</ele>
        <time>2026-10-05T16:16:07.000Z</time>
        <extensions>
          <ns3:TrackPointExtension/>
        </extensions>
      </trkpt>
      <trkpt lat="44.3071369640529155731201171875" lon="-80.19246728159487247467041015625">
        <ele>494.20001220703125</ele>
        <time>2026-10-05T16:16:14.000Z</time>
        <extensions>
          <ns3:TrackPointExtension/>
        </extensions>
      </trkpt>
      <trkpt lat="44.30706395767629146575927734375" lon="-80.1924482546746730804443359375">
        <ele>494.399993896484375</ele>
        <time>2026-10-05T16:16:20.000Z</time>
        <extensions>
          <ns3:TrackPointExtension/>
        </extensions>
      </trkpt>
      <trkpt lat="44.3070062063634395599365234375" lon="-80.1924375258386135101318359375">
        <ele>494.600006103515625</ele>
        <time>2026-10-05T16:16:27.000Z</time>
        <extensions>
          <ns3:TrackPointExtension/>
        </extensions>
      </trkpt>
      <trkpt lat="44.306890033185482025146484375" lon="-80.19245755858719348907470703125">
        <ele>494.79998779296875</ele>
        <time>2026-10-05T16:16:37.000Z</time>
        <extensions>
          <ns3:TrackPointExtension/>
        </extensions>
      </trkpt>
      <trkpt lat="44.30683764629065990447998046875" lon="-80.192471556365489959716796875">
        <ele>495</ele>
        <time>2026-10-05T16:16:41.000Z</time>
        <extensions>
          <ns3:TrackPointExtension/>
        </extensions>
      </trkpt>
      <trkpt lat="44.30681099183857440948486328125" lon="-80.19248404540121555328369140625">
        <ele>495</ele>
        <time>2026-10-05T16:16:43.000Z</time>
        <extensions>
          <ns3:TrackPointExtension/>
        </extensions>
      </trkpt>
      <trkpt lat="44.30671258829534053802490234375" lon="-80.19253500737249851226806640625">
        <ele>495</ele>
        <time>2026-10-05T16:16:52.000Z</time>
        <extensions>
          <ns3:TrackPointExtension/>
        </extensions>
      </trkpt>
      <trkpt lat="44.30664385668933391571044921875" lon="-80.192552693188190460205078125">
        <ele>495.20001220703125</ele>
        <time>2026-10-05T16:16:59.000Z</time>
        <extensions>
          <ns3:TrackPointExtension/>
        </extensions>
      </trkpt>
      <trkpt lat="44.30660932324826717376708984375" lon="-80.192539952695369720458984375">
        <ele>495</ele>
        <time>2026-10-05T16:17:07.000Z</time>
        <extensions>
          <ns3:TrackPointExtension/>
        </extensions>
      </trkpt>
      <trkpt lat="44.30649340152740478515625" lon="-80.19255311228334903717041015625">
        <ele>494.79998779296875</ele>
        <time>2026-10-05T16:17:20.000Z</time>
        <extensions>
          <ns3:TrackPointExtension/>
        </extensions>
      </trkpt>
      <trkpt lat="44.30636624805629253387451171875" lon="-80.192572139203548431396484375">
        <ele>494.20001220703125</ele>
        <time>2026-10-05T16:17:33.000Z</time>
        <extensions>
          <ns3:TrackPointExtension/>
        </extensions>
      </trkpt>
      <trkpt lat="44.30631302297115325927734375" lon="-80.19260239787399768829345703125">
        <ele>494</ele>
        <time>2026-10-05T16:17:43.000Z</time>
        <extensions>
          <ns3:TrackPointExtension/>
        </extensions>
      </trkpt>
      <trkpt lat="44.3062545172870159149169921875" lon="-80.19259326159954071044921875">
        <ele>493.79998779296875</ele>
        <time>2026-10-05T16:17:53.000Z</time>
        <extensions>
          <ns3:TrackPointExtension/>
        </extensions>
      </trkpt>
      <trkpt lat="44.30613867938518524169921875" lon="-80.1925562135875225067138671875">
        <ele>493.399993896484375</ele>
        <time>2026-10-05T16:18:05.000Z</time>
        <extensions>
          <ns3:TrackPointExtension/>
        </extensions>
      </trkpt>
      <trkpt lat="44.3061043135821819305419921875" lon="-80.1925407908856868743896484375">
        <ele>493.20001220703125</ele>
        <time>2026-10-05T16:18:08.000Z</time>
        <extensions>
          <ns3:TrackPointExtension/>
        </extensions>
      </trkpt>
      <trkpt lat="44.3060146272182464599609375" lon="-80.192529894411563873291015625">
        <ele>492.20001220703125</ele>
        <time>2026-10-05T16:18:17.000Z</time>
        <extensions>
          <ns3:TrackPointExtension/>
        </extensions>
      </trkpt>
      <trkpt lat="44.30598017759621143341064453125" lon="-80.192516483366489410400390625">
        <ele>491.79998779296875</ele>
        <time>2026-10-05T16:18:20.000Z</time>
        <extensions>
          <ns3:TrackPointExtension/>
        </extensions>
      </trkpt>
      <trkpt lat="44.30595905520021915435791015625" lon="-80.1925055868923664093017578125">
        <ele>491.20001220703125</ele>
        <time>2026-10-05T16:18:23.000Z</time>
        <extensions>
          <ns3:TrackPointExtension/>
        </extensions>
      </trkpt>
      <trkpt lat="44.30592720396816730499267578125" lon="-80.19251547753810882568359375">
        <ele>490.399993896484375</ele>
        <time>2026-10-05T16:18:30.000Z</time>
        <extensions>
          <ns3:TrackPointExtension/>
        </extensions>
      </trkpt>
      <trkpt lat="44.30589199997484683990478515625" lon="-80.1925257034599781036376953125">
        <ele>490.20001220703125</ele>
        <time>2026-10-05T16:18:33.000Z</time>
        <extensions>
          <ns3:TrackPointExtension/>
        </extensions>
      </trkpt>
      <trkpt lat="44.30581622757017612457275390625" lon="-80.19253701902925968170166015625">
        <ele>490</ele>
        <time>2026-10-05T16:18:41.000Z</time>
        <extensions>
          <ns3:TrackPointExtension/>
        </extensions>
      </trkpt>
      <trkpt lat="44.30564423091709613800048828125" lon="-80.1925094425678253173828125">
        <ele>489.399993896484375</ele>
        <time>2026-10-05T16:18:55.000Z</time>
        <extensions>
          <ns3:TrackPointExtension/>
        </extensions>
      </trkpt>
      <trkpt lat="44.30555806495249271392822265625" lon="-80.19248119555413722991943359375">
        <ele>489.20001220703125</ele>
        <time>2026-10-05T16:19:03.000Z</time>
        <extensions>
          <ns3:TrackPointExtension/>
        </extensions>
      </trkpt>
      <trkpt lat="44.30550173856317996978759765625" lon="-80.19245781004428863525390625">
        <ele>488.79998779296875</ele>
        <time>2026-10-05T16:19:08.000Z</time>
        <extensions>
          <ns3:TrackPointExtension/>
        </extensions>
      </trkpt>
      <trkpt lat="44.3054106272757053375244140625" lon="-80.19239620305597782135009765625">
        <ele>488</ele>
        <time>2026-10-05T16:19:16.000Z</time>
        <extensions>
          <ns3:TrackPointExtension/>
        </extensions>
      </trkpt>
      <trkpt lat="44.3053529597818851470947265625" lon="-80.19238404929637908935546875">
        <ele>487.79998779296875</ele>
        <time>2026-10-05T16:19:21.000Z</time>
        <extensions>
          <ns3:TrackPointExtension/>
        </extensions>
      </trkpt>
      <trkpt lat="44.30521893315017223358154296875" lon="-80.1924197562038898468017578125">
        <ele>487</ele>
        <time>2026-10-05T16:19:32.000Z</time>
        <extensions>
          <ns3:TrackPointExtension/>
        </extensions>
      </trkpt>
      <trkpt lat="44.3050548993051052093505859375" lon="-80.19244439899921417236328125">
        <ele>487</ele>
        <time>2026-10-05T16:19:45.000Z</time>
        <extensions>
          <ns3:TrackPointExtension/>
        </extensions>
      </trkpt>
      <trkpt lat="44.30493847467005252838134765625" lon="-80.19251924939453601837158203125">
        <ele>487.399993896484375</ele>
        <time>2026-10-05T16:19:56.000Z</time>
        <extensions>
          <ns3:TrackPointExtension/>
        </extensions>
      </trkpt>
      <trkpt lat="44.3048336170613765716552734375" lon="-80.1926033198833465576171875">
        <ele>487.20001220703125</ele>
        <time>2026-10-05T16:20:07.000Z</time>
        <extensions>
          <ns3:TrackPointExtension/>
        </extensions>
      </trkpt>
      <trkpt lat="44.3046985007822513580322265625" lon="-80.1927347481250762939453125">
        <ele>487</ele>
        <time>2026-10-05T16:20:21.000Z</time>
        <extensions>
          <ns3:TrackPointExtension/>
        </extensions>
      </trkpt>
      <trkpt lat="44.30462398566305637359619140625" lon="-80.19283323548734188079833984375">
        <ele>486.600006103515625</ele>
        <time>2026-10-05T16:20:34.000Z</time>
        <extensions>
          <ns3:TrackPointExtension/>
        </extensions>
      </trkpt>
      <trkpt lat="44.30461426265537738800048828125" lon="-80.19285016693174839019775390625">
        <ele>486.79998779296875</ele>
        <time>2026-10-05T16:20:46.000Z</time>
        <extensions>
          <ns3:TrackPointExtension/>
        </extensions>
      </trkpt>
      <trkpt lat="44.30461158044636249542236328125" lon="-80.19285653717815876007080078125">
        <ele>486.79998779296875</ele>
        <time>2026-10-05T16:20:58.000Z</time>
        <extensions>
          <ns3:TrackPointExtension/>
        </extensions>
      </trkpt>
      <trkpt lat="44.3046193756163120269775390625" lon="-80.192867852747440338134765625">
        <ele>486.600006103515625</ele>
        <time>2026-10-05T16:21:12.000Z</time>
        <extensions>
          <ns3:TrackPointExtension/>
        </extensions>
      </trkpt>
      <trkpt lat="44.30463504977524280548095703125" lon="-80.19285134039819240570068359375">
        <ele>486.600006103515625</ele>
        <time>2026-10-05T16:21:28.000Z</time>
        <extensions>
          <ns3:TrackPointExtension/>
        </extensions>
      </trkpt>
      <trkpt lat="44.3046250753104686737060546875" lon="-80.19284270703792572021484375">
        <ele>486.79998779296875</ele>
        <time>2026-10-05T16:21:43.000Z</time>
        <extensions>
          <ns3:TrackPointExtension/>
        </extensions>
      </trkpt>
      <trkpt lat="44.30463186465203762054443359375" lon="-80.1928608119487762451171875">
        <ele>487.399993896484375</ele>
        <time>2026-10-05T16:21:57.000Z</time>
        <extensions>
          <ns3:TrackPointExtension/>
        </extensions>
      </trkpt>
      <trkpt lat="44.3046277575194835662841796875" lon="-80.1928468979895114898681640625">
        <ele>488</ele>
        <time>2026-10-05T16:22:12.000Z</time>
        <extensions>
          <ns3:TrackPointExtension/>
        </extensions>
      </trkpt>
      <trkpt lat="44.30462750606238842010498046875" lon="-80.19283910281956195831298828125">
        <ele>488</ele>
        <time>2026-10-05T16:22:16.000Z</time>
        <extensions>
          <ns3:TrackPointExtension/>
        </extensions>
      </trkpt>
      <trkpt lat="44.30462130345404148101806640625" lon="-80.19283692352473735809326171875">
        <ele>488.600006103515625</ele>
        <time>2026-10-05T16:22:27.000Z</time>
        <extensions>
          <ns3:TrackPointExtension/>
        </extensions>
      </trkpt>
      <trkpt lat="44.3046225607395172119140625" lon="-80.19284245558083057403564453125">
        <ele>489.20001220703125</ele>
        <time>2026-10-05T16:22:33.000Z</time>
        <extensions>
          <ns3:TrackPointExtension/>
        </extensions>
      </trkpt>
      <trkpt lat="44.304618202149868011474609375" lon="-80.1928474009037017822265625">
        <ele>489.79998779296875</ele>
        <time>2026-10-05T16:22:45.000Z</time>
        <extensions>
          <ns3:TrackPointExtension/>
        </extensions>
      </trkpt>
      <trkpt lat="44.30462063290178775787353515625" lon="-80.1928502507507801055908203125">
        <ele>490.20001220703125</ele>
        <time>2026-10-05T16:22:51.000Z</time>
        <extensions>
          <ns3:TrackPointExtension/>
        </extensions>
      </trkpt>
      <trkpt lat="44.3046156875789165496826171875" lon="-80.1928653381764888763427734375">
        <ele>490.399993896484375</ele>
        <time>2026-10-05T16:23:00.000Z</time>
        <extensions>
          <ns3:TrackPointExtension/>
        </extensions>
      </trkpt>
      <trkpt lat="44.3046046234667301177978515625" lon="-80.1928546093404293060302734375">
        <ele>490.399993896484375</ele>
        <time>2026-10-05T16:23:09.000Z</time>
        <extensions>
          <ns3:TrackPointExtension/>
        </extensions>
      </trkpt>
      <trkpt lat="44.3046203814446926116943359375" lon="-80.19285771064460277557373046875">
        <ele>490.79998779296875</ele>
        <time>2026-10-05T16:23:27.000Z</time>
        <extensions>
          <ns3:TrackPointExtension/>
        </extensions>
      </trkpt>
      <trkpt lat="44.3046170286834239959716796875" lon="-80.19286944530904293060302734375">
        <ele>491.20001220703125</ele>
        <time>2026-10-05T16:23:35.000Z</time>
        <extensions>
          <ns3:TrackPointExtension/>
        </extensions>
      </trkpt>
      <trkpt lat="44.3046096526086330413818359375" lon="-80.19286911003291606903076171875">
        <ele>491.600006103515625</ele>
        <time>2026-10-05T16:23:40.000Z</time>
        <extensions>
          <ns3:TrackPointExtension/>
        </extensions>
      </trkpt>
      <trkpt lat="44.304612837731838226318359375" lon="-80.1928650029003620147705078125">
        <ele>492</ele>
        <time>2026-10-05T16:23:53.000Z</time>
        <extensions>
          <ns3:TrackPointExtension/>
        </extensions>
      </trkpt>
      <trkpt lat="44.30462532676756381988525390625" lon="-80.1928311400115489959716796875">
        <ele>492.20001220703125</ele>
        <time>2026-10-05T16:24:09.000Z</time>
        <extensions>
          <ns3:TrackPointExtension/>
        </extensions>
      </trkpt>
      <trkpt lat="44.30464829318225383758544921875" lon="-80.19282602705061435699462890625">
        <ele>492</ele>
        <time>2026-10-05T16:24:24.000Z</time>
        <extensions>
          <ns3:TrackPointExtension/>
        </extensions>
      </trkpt>
      <trkpt lat="44.30465080775320529937744140625" lon="-80.1928177289664745330810546875">
        <ele>492.20001220703125</ele>
        <time>2026-10-05T16:24:34.000Z</time>
        <extensions>
          <ns3:TrackPointExtension/>
        </extensions>
      </trkpt>
      <trkpt lat="44.30465047247707843780517578125" lon="-80.19281395711004734039306640625">
        <ele>492.399993896484375</ele>
        <time>2026-10-05T16:24:42.000Z</time>
        <extensions>
          <ns3:TrackPointExtension/>
        </extensions>
      </trkpt>
      <trkpt lat="44.30463655851781368255615234375" lon="-80.1927828602492809295654296875">
        <ele>492.399993896484375</ele>
        <time>2026-10-05T16:24:58.000Z</time>
        <extensions>
          <ns3:TrackPointExtension/>
        </extensions>
      </trkpt>
      <trkpt lat="44.3046277575194835662841796875" lon="-80.1927959360182285308837890625">
        <ele>492.79998779296875</ele>
        <time>2026-10-05T16:25:17.000Z</time>
        <extensions>
          <ns3:TrackPointExtension/>
        </extensions>
      </trkpt>
      <trkpt lat="44.30463085882365703582763671875" lon="-80.19281999208033084869384765625">
        <ele>492.79998779296875</ele>
        <time>2026-10-05T16:25:29.000Z</time>
        <extensions>
          <ns3:TrackPointExtension/>
        </extensions>
      </trkpt>
      <trkpt lat="44.3046230636537075042724609375" lon="-80.19282518886029720306396484375">
        <ele>492.79998779296875</ele>
        <time>2026-10-05T16:25:45.000Z</time>
        <extensions>
          <ns3:TrackPointExtension/>
        </extensions>
      </trkpt>
      <trkpt lat="44.3046287633478641510009765625" lon="-80.192790739238262176513671875">
        <ele>492.79998779296875</ele>
        <time>2026-10-05T16:26:08.000Z</time>
        <extensions>
          <ns3:TrackPointExtension/>
        </extensions>
      </trkpt>
      <trkpt lat="44.30465030483901500701904296875" lon="-80.19284932874143123626708984375">
        <ele>492.79998779296875</ele>
        <time>2026-10-05T16:26:24.000Z</time>
        <extensions>
          <ns3:TrackPointExtension/>
        </extensions>
      </trkpt>
      <trkpt lat="44.3046529032289981842041015625" lon="-80.19286952912807464599609375">
        <ele>492.79998779296875</ele>
        <time>2026-10-05T16:26:40.000Z</time>
        <extensions>
          <ns3:TrackPointExtension/>
        </extensions>
      </trkpt>
      <trkpt lat="44.30465131066739559173583984375" lon="-80.19285720773041248321533203125">
        <ele>492.79998779296875</ele>
        <time>2026-10-05T16:26:59.000Z</time>
        <extensions>
          <ns3:TrackPointExtension/>
        </extensions>
      </trkpt>
      <trkpt lat="44.30464745499193668365478515625" lon="-80.192850418388843536376953125">
        <ele>492.79998779296875</ele>
        <time>2026-10-05T16:27:12.000Z</time>
        <extensions>
          <ns3:TrackPointExtension/>
        </extensions>
      </trkpt>
      <trkpt lat="44.30464963428676128387451171875" lon="-80.192837677896022796630859375">
        <ele>492.79998779296875</ele>
        <time>2026-10-05T16:27:26.000Z</time>
        <extensions>
          <ns3:TrackPointExtension/>
        </extensions>
      </trkpt>
      <trkpt lat="44.3046498857438564300537109375" lon="-80.19284664653241634368896484375">
        <ele>496.20001220703125</ele>
        <time>2026-10-05T16:27:29.000Z</time>
        <extensions>
          <ns3:TrackPointExtension/>
        </extensions>
      </trkpt>
      <trkpt lat="44.30463320575654506683349609375" lon="-80.1928562857210636138916015625">
        <ele>495.399993896484375</ele>
        <time>2026-10-05T16:27:43.000Z</time>
        <extensions>
          <ns3:TrackPointExtension/>
        </extensions>
      </trkpt>
      <trkpt lat="44.30464577861130237579345703125" lon="-80.1928603090345859527587890625">
        <ele>495.79998779296875</ele>
        <time>2026-10-05T16:27:59.000Z</time>
        <extensions>
          <ns3:TrackPointExtension/>
        </extensions>
      </trkpt>
      <trkpt lat="44.30465399287641048431396484375" lon="-80.19285217858850955963134765625">
        <ele>495.79998779296875</ele>
        <time>2026-10-05T16:28:14.000Z</time>
        <extensions>
          <ns3:TrackPointExtension/>
        </extensions>
      </trkpt>
      <trkpt lat="44.304654411971569061279296875" lon="-80.19287246279418468475341796875">
        <ele>495.79998779296875</ele>
        <time>2026-10-05T16:28:32.000Z</time>
        <extensions>
          <ns3:TrackPointExtension/>
        </extensions>
      </trkpt>
      <trkpt lat="44.30465432815253734588623046875" lon="-80.1928901486098766326904296875">
        <ele>495.79998779296875</ele>
        <time>2026-10-05T16:28:50.000Z</time>
        <extensions>
          <ns3:TrackPointExtension/>
        </extensions>
      </trkpt>
      <trkpt lat="44.304647706449031829833984375" lon="-80.19289744086563587188720703125">
        <ele>495.79998779296875</ele>
        <time>2026-10-05T16:29:12.000Z</time>
        <extensions>
          <ns3:TrackPointExtension/>
        </extensions>
      </trkpt>
      <trkpt lat="44.30464795790612697601318359375" lon="-80.1928750611841678619384765625">
        <ele>495.79998779296875</ele>
        <time>2026-10-05T16:29:29.000Z</time>
        <extensions>
          <ns3:TrackPointExtension/>
        </extensions>
      </trkpt>
      <trkpt lat="44.304645024240016937255859375" lon="-80.19285284914076328277587890625">
        <ele>495.79998779296875</ele>
        <time>2026-10-05T16:29:44.000Z</time>
        <extensions>
          <ns3:TrackPointExtension/>
        </extensions>
      </trkpt>
      <trkpt lat="44.30465416051447391510009765625" lon="-80.19284069538116455078125">
        <ele>495.79998779296875</ele>
        <time>2026-10-05T16:30:00.000Z</time>
        <extensions>
          <ns3:TrackPointExtension/>
        </extensions>
      </trkpt>
      <trkpt lat="44.304656088352203369140625" lon="-80.19288738258183002471923828125">
        <ele>495.79998779296875</ele>
        <time>2026-10-05T16:30:17.000Z</time>
        <extensions>
          <ns3:TrackPointExtension/>
        </extensions>
      </trkpt>
      <trkpt lat="44.304632954299449920654296875" lon="-80.19282527267932891845703125">
        <ele>495.79998779296875</ele>
        <time>2026-10-05T16:30:30.000Z</time>
        <extensions>
          <ns3:TrackPointExtension/>
        </extensions>
      </trkpt>
      <trkpt lat="44.3046347983181476593017578125" lon="-80.1928244344890117645263671875">
        <ele>495.79998779296875</ele>
        <time>2026-10-05T16:30:48.000Z</time>
        <extensions>
          <ns3:TrackPointExtension/>
        </extensions>
      </trkpt>
      <trkpt lat="44.304636977612972259521484375" lon="-80.192832984030246734619140625">
        <ele>495.79998779296875</ele>
        <time>2026-10-05T16:31:09.000Z</time>
        <extensions>
          <ns3:TrackPointExtension/>
        </extensions>
      </trkpt>
      <trkpt lat="44.30463387630879878997802734375" lon="-80.19282988272607326507568359375">
        <ele>495.79998779296875</ele>
        <time>2026-10-05T16:31:25.000Z</time>
        <extensions>
          <ns3:TrackPointExtension/>
        </extensions>
      </trkpt>
      <trkpt lat="44.3046547472476959228515625" lon="-80.1928596384823322296142578125">
        <ele>495.79998779296875</ele>
        <time>2026-10-05T16:31:42.000Z</time>
        <extensions>
          <ns3:TrackPointExtension/>
        </extensions>
      </trkpt>
      <trkpt lat="44.3046525679528713226318359375" lon="-80.192868523299694061279296875">
        <ele>495.79998779296875</ele>
        <time>2026-10-05T16:32:01.000Z</time>
        <extensions>
          <ns3:TrackPointExtension/>
        </extensions>
      </trkpt>
      <trkpt lat="44.3046498857438564300537109375" lon="-80.19287782721221446990966796875">
        <ele>495.79998779296875</ele>
        <time>2026-10-05T16:32:17.000Z</time>
        <extensions>
          <ns3:TrackPointExtension/>
        </extensions>
      </trkpt>
      <trkpt lat="44.30465131066739559173583984375" lon="-80.19288989715278148651123046875">
        <ele>495.79998779296875</ele>
        <time>2026-10-05T16:32:32.000Z</time>
        <extensions>
          <ns3:TrackPointExtension/>
        </extensions>
      </trkpt>
      <trkpt lat="44.304656423628330230712890625" lon="-80.19288721494376659393310546875">
        <ele>495.79998779296875</ele>
        <time>2026-10-05T16:32:44.000Z</time>
        <extensions>
          <ns3:TrackPointExtension/>
        </extensions>
      </trkpt>
      <trkpt lat="44.3046609498560428619384765625" lon="-80.19289542920887470245361328125">
        <ele>495.79998779296875</ele>
        <time>2026-10-05T16:33:02.000Z</time>
        <extensions>
          <ns3:TrackPointExtension/>
        </extensions>
      </trkpt>
      <trkpt lat="44.30465080775320529937744140625" lon="-80.19291118718683719635009765625">
        <ele>495.79998779296875</ele>
        <time>2026-10-05T16:33:18.000Z</time>
        <extensions>
          <ns3:TrackPointExtension/>
        </extensions>
      </trkpt>
      <trkpt lat="44.304634630680084228515625" lon="-80.19289207644760608673095703125">
        <ele>495.79998779296875</ele>
        <time>2026-10-05T16:33:33.000Z</time>
        <extensions>
          <ns3:TrackPointExtension/>
        </extensions>
      </trkpt>
      <trkpt lat="44.304627589881420135498046875" lon="-80.1928908191621303558349609375">
        <ele>495.79998779296875</ele>
        <time>2026-10-05T16:33:48.000Z</time>
        <extensions>
          <ns3:TrackPointExtension/>
        </extensions>
      </trkpt>
      <trkpt lat="44.3046413362026214599609375" lon="-80.192891322076320648193359375">
        <ele>495.79998779296875</ele>
        <time>2026-10-05T16:34:06.000Z</time>
        <extensions>
          <ns3:TrackPointExtension/>
        </extensions>
      </trkpt>
      <trkpt lat="44.304656423628330230712890625" lon="-80.1928985305130481719970703125">
        <ele>495.79998779296875</ele>
        <time>2026-10-05T16:34:25.000Z</time>
        <extensions>
          <ns3:TrackPointExtension/>
        </extensions>
      </trkpt>
      <trkpt lat="44.30463521741330623626708984375" lon="-80.1928787492215633392333984375">
        <ele>495.79998779296875</ele>
        <time>2026-10-05T16:34:43.000Z</time>
        <extensions>
          <ns3:TrackPointExtension/>
        </extensions>
      </trkpt>
      <trkpt lat="44.30463588796555995941162109375" lon="-80.19283809699118137359619140625">
        <ele>495.79998779296875</ele>
        <time>2026-10-05T16:34:58.000Z</time>
        <extensions>
          <ns3:TrackPointExtension/>
        </extensions>
      </trkpt>
      <trkpt lat="44.3046378158032894134521484375" lon="-80.19284295849502086639404296875">
        <ele>495.79998779296875</ele>
        <time>2026-10-05T16:35:15.000Z</time>
        <extensions>
          <ns3:TrackPointExtension/>
        </extensions>
      </trkpt>
      <trkpt lat="44.3046244047582149505615234375" lon="-80.1928472332656383514404296875">
        <ele>495.79998779296875</ele>
        <time>2026-10-05T16:35:34.000Z</time>
        <extensions>
          <ns3:TrackPointExtension/>
        </extensions>
      </trkpt>
      <trkpt lat="44.30462147109210491180419921875" lon="-80.1928532682359218597412109375">
        <ele>493</ele>
        <time>2026-10-05T16:35:37.000Z</time>
        <extensions>
          <ns3:TrackPointExtension/>
        </extensions>
      </trkpt>
      <trkpt lat="44.30456430651247501373291015625" lon="-80.192897357046604156494140625">
        <ele>492.600006103515625</ele>
        <time>2026-10-05T16:35:45.000Z</time>
        <extensions>
          <ns3:TrackPointExtension/>
        </extensions>
      </trkpt>
      <trkpt lat="44.30444461293518543243408203125" lon="-80.1930564455687999725341796875">
        <ele>492.600006103515625</ele>
        <time>2026-10-05T16:35:58.000Z</time>
        <extensions>
          <ns3:TrackPointExtension/>
        </extensions>
      </trkpt>
      <trkpt lat="44.30432743392884731292724609375" lon="-80.19319835118949413299560546875">
        <ele>493</ele>
        <time>2026-10-05T16:36:11.000Z</time>
        <extensions>
          <ns3:TrackPointExtension/>
        </extensions>
      </trkpt>
      <trkpt lat="44.3041932396590709686279296875" lon="-80.193272866308689117431640625">
        <ele>493.600006103515625</ele>
        <time>2026-10-05T16:36:24.000Z</time>
        <extensions>
          <ns3:TrackPointExtension/>
        </extensions>
      </trkpt>
      <trkpt lat="44.304062314331531524658203125" lon="-80.19335442222654819488525390625">
        <ele>493.399993896484375</ele>
        <time>2026-10-05T16:36:36.000Z</time>
        <extensions>
          <ns3:TrackPointExtension/>
        </extensions>
      </trkpt>
      <trkpt lat="44.3039117753505706787109375" lon="-80.19347277469933032989501953125">
        <ele>493.20001220703125</ele>
        <time>2026-10-05T16:36:51.000Z</time>
        <extensions>
          <ns3:TrackPointExtension/>
        </extensions>
      </trkpt>
      <trkpt lat="44.3037865497171878814697265625" lon="-80.19366220571100711822509765625">
        <ele>493.20001220703125</ele>
        <time>2026-10-05T16:37:06.000Z</time>
        <extensions>
          <ns3:TrackPointExtension/>
        </extensions>
      </trkpt>
      <trkpt lat="44.3037349171936511993408203125" lon="-80.1938285864889621734619140625">
        <ele>493.399993896484375</ele>
        <time>2026-10-05T16:37:18.000Z</time>
        <extensions>
          <ns3:TrackPointExtension/>
        </extensions>
      </trkpt>
      <trkpt lat="44.30367280729115009307861328125" lon="-80.19403402693569660186767578125">
        <ele>494</ele>
        <time>2026-10-05T16:37:33.000Z</time>
        <extensions>
          <ns3:TrackPointExtension/>
        </extensions>
      </trkpt>
      <trkpt lat="44.30366593413054943084716796875" lon="-80.19404810853302478790283203125">
        <ele>494.20001220703125</ele>
        <time>2026-10-05T16:37:34.000Z</time>
        <extensions>
          <ns3:TrackPointExtension/>
        </extensions>
      </trkpt>
      <trkpt lat="44.3036008067429065704345703125" lon="-80.19414952956140041351318359375">
        <ele>495.20001220703125</ele>
        <time>2026-10-05T16:37:42.000Z</time>
        <extensions>
          <ns3:TrackPointExtension/>
        </extensions>
      </trkpt>
      <trkpt lat="44.30355277843773365020751953125" lon="-80.19420937635004520416259765625">
        <ele>495.600006103515625</ele>
        <time>2026-10-05T16:37:47.000Z</time>
        <extensions>
          <ns3:TrackPointExtension/>
        </extensions>
      </trkpt>
      <trkpt lat="44.303459487855434417724609375" lon="-80.19431800581514835357666015625">
        <ele>496.20001220703125</ele>
        <time>2026-10-05T16:37:58.000Z</time>
        <extensions>
          <ns3:TrackPointExtension/>
        </extensions>
      </trkpt>
      <trkpt lat="44.30343207903206348419189453125" lon="-80.19438103772699832916259765625">
        <ele>496.20001220703125</ele>
        <time>2026-10-05T16:38:03.000Z</time>
        <extensions>
          <ns3:TrackPointExtension/>
        </extensions>
      </trkpt>
      <trkpt lat="44.30331054143607616424560546875" lon="-80.19456359557807445526123046875">
        <ele>496</ele>
        <time>2026-10-05T16:38:18.000Z</time>
        <extensions>
          <ns3:TrackPointExtension/>
        </extensions>
      </trkpt>
      <trkpt lat="44.30324667133390903472900390625" lon="-80.19470340572297573089599609375">
        <ele>495.20001220703125</ele>
        <time>2026-10-05T16:38:30.000Z</time>
        <extensions>
          <ns3:TrackPointExtension/>
        </extensions>
      </trkpt>
      <trkpt lat="44.30320291779935359954833984375" lon="-80.194774568080902099609375">
        <ele>495</ele>
        <time>2026-10-05T16:38:35.000Z</time>
        <extensions>
          <ns3:TrackPointExtension/>
        </extensions>
      </trkpt>
      <trkpt lat="44.3031406402587890625" lon="-80.19491680897772312164306640625">
        <ele>494.600006103515625</ele>
        <time>2026-10-05T16:38:45.000Z</time>
        <extensions>
          <ns3:TrackPointExtension/>
        </extensions>
      </trkpt>
      <trkpt lat="44.3030241318047046661376953125" lon="-80.19511898048222064971923828125">
        <ele>494.20001220703125</ele>
        <time>2026-10-05T16:38:59.000Z</time>
        <extensions>
          <ns3:TrackPointExtension/>
        </extensions>
      </trkpt>
      <trkpt lat="44.30298934690654277801513671875" lon="-80.1951717026531696319580078125">
        <ele>494</ele>
        <time>2026-10-05T16:39:03.000Z</time>
        <extensions>
          <ns3:TrackPointExtension/>
        </extensions>
      </trkpt>
      <trkpt lat="44.30290401913225650787353515625" lon="-80.19532618112862110137939453125">
        <ele>494</ele>
        <time>2026-10-05T16:39:15.000Z</time>
        <extensions>
          <ns3:TrackPointExtension/>
        </extensions>
      </trkpt>
      <trkpt lat="44.3027679808437824249267578125" lon="-80.1954965852200984954833984375">
        <ele>494.399993896484375</ele>
        <time>2026-10-05T16:39:30.000Z</time>
        <extensions>
          <ns3:TrackPointExtension/>
        </extensions>
      </trkpt>
      <trkpt lat="44.30275775492191314697265625" lon="-80.19550605677068233489990234375">
        <ele>494.399993896484375</ele>
        <time>2026-10-05T16:39:31.000Z</time>
        <extensions>
          <ns3:TrackPointExtension/>
        </extensions>
      </trkpt>
      <trkpt lat="44.30260864086449146270751953125" lon="-80.195623822510242462158203125">
        <ele>494.20001220703125</ele>
        <time>2026-10-05T16:39:45.000Z</time>
        <extensions>
          <ns3:TrackPointExtension/>
        </extensions>
      </trkpt>
      <trkpt lat="44.30245625786483287811279296875" lon="-80.19576941616833209991455078125">
        <ele>494.20001220703125</ele>
        <time>2026-10-05T16:40:00.000Z</time>
        <extensions>
          <ns3:TrackPointExtension/>
        </extensions>
      </trkpt>
      <trkpt lat="44.30244670249521732330322265625" lon="-80.1957817375659942626953125">
        <ele>494.20001220703125</ele>
        <time>2026-10-05T16:40:01.000Z</time>
        <extensions>
          <ns3:TrackPointExtension/>
        </extensions>
      </trkpt>
      <trkpt lat="44.30229716934263706207275390625" lon="-80.19594577141106128692626953125">
        <ele>494.399993896484375</ele>
        <time>2026-10-05T16:40:16.000Z</time>
        <extensions>
          <ns3:TrackPointExtension/>
        </extensions>
      </trkpt>
      <trkpt lat="44.30226431228220462799072265625" lon="-80.19597728736698627471923828125">
        <ele>494.399993896484375</ele>
        <time>2026-10-05T16:40:19.000Z</time>
        <extensions>
          <ns3:TrackPointExtension/>
        </extensions>
      </trkpt>
      <trkpt lat="44.3021115101873874664306640625" lon="-80.1961386390030384063720703125">
        <ele>494</ele>
        <time>2026-10-05T16:40:33.000Z</time>
        <extensions>
          <ns3:TrackPointExtension/>
        </extensions>
      </trkpt>
      <trkpt lat="44.3020840175449848175048828125" lon="-80.1961795426905155181884765625">
        <ele>493.79998779296875</ele>
        <time>2026-10-05T16:40:36.000Z</time>
        <extensions>
          <ns3:TrackPointExtension/>
        </extensions>
      </trkpt>
      <trkpt lat="44.3019552715122699737548828125" lon="-80.19635983742773532867431640625">
        <ele>493.399993896484375</ele>
        <time>2026-10-05T16:40:49.000Z</time>
        <extensions>
          <ns3:TrackPointExtension/>
        </extensions>
      </trkpt>
      <trkpt lat="44.30193490348756313323974609375" lon="-80.19638598896563053131103515625">
        <ele>493.399993896484375</ele>
        <time>2026-10-05T16:40:51.000Z</time>
        <extensions>
          <ns3:TrackPointExtension/>
        </extensions>
      </trkpt>
      <trkpt lat="44.30179391987621784210205078125" lon="-80.19655647687613964080810546875">
        <ele>493</ele>
        <time>2026-10-05T16:41:06.000Z</time>
        <extensions>
          <ns3:TrackPointExtension/>
        </extensions>
      </trkpt>
      <trkpt lat="44.30178553797304630279541015625" lon="-80.196568630635738372802734375">
        <ele>493</ele>
        <time>2026-10-05T16:41:07.000Z</time>
        <extensions>
          <ns3:TrackPointExtension/>
        </extensions>
      </trkpt>
      <trkpt lat="44.3016548641026020050048828125" lon="-80.19673593342304229736328125">
        <ele>493</ele>
        <time>2026-10-05T16:41:22.000Z</time>
        <extensions>
          <ns3:TrackPointExtension/>
        </extensions>
      </trkpt>
      <trkpt lat="44.3015398643910884857177734375" lon="-80.196932740509510040283203125">
        <ele>492.399993896484375</ele>
        <time>2026-10-05T16:41:37.000Z</time>
        <extensions>
          <ns3:TrackPointExtension/>
        </extensions>
      </trkpt>
      <trkpt lat="44.3015026487410068511962890625" lon="-80.1969875581562519073486328125">
        <ele>492</ele>
        <time>2026-10-05T16:41:41.000Z</time>
        <extensions>
          <ns3:TrackPointExtension/>
        </extensions>
      </trkpt>
      <trkpt lat="44.30147389881312847137451171875" lon="-80.19713633693754673004150390625">
        <ele>491.399993896484375</ele>
        <time>2026-10-05T16:41:50.000Z</time>
        <extensions>
          <ns3:TrackPointExtension/>
        </extensions>
      </trkpt>
      <trkpt lat="44.30136702954769134521484375" lon="-80.197316296398639678955078125">
        <ele>491.20001220703125</ele>
        <time>2026-10-05T16:42:02.000Z</time>
        <extensions>
          <ns3:TrackPointExtension/>
        </extensions>
      </trkpt>
      <trkpt lat="44.30129888467490673065185546875" lon="-80.19742014817893505096435546875">
        <ele>491</ele>
        <time>2026-10-05T16:42:10.000Z</time>
        <extensions>
          <ns3:TrackPointExtension/>
        </extensions>
      </trkpt>
      <trkpt lat="44.30122395046055316925048828125" lon="-80.1975305378437042236328125">
        <ele>490.399993896484375</ele>
        <time>2026-10-05T16:42:18.000Z</time>
        <extensions>
          <ns3:TrackPointExtension/>
        </extensions>
      </trkpt>
      <trkpt lat="44.30114298127591609954833984375" lon="-80.19768652506172657012939453125">
        <ele>490</ele>
        <time>2026-10-05T16:42:29.000Z</time>
        <extensions>
          <ns3:TrackPointExtension/>
        </extensions>
      </trkpt>
      <trkpt lat="44.3011227808892726898193359375" lon="-80.197731368243694305419921875">
        <ele>489.79998779296875</ele>
        <time>2026-10-05T16:42:32.000Z</time>
        <extensions>
          <ns3:TrackPointExtension/>
        </extensions>
      </trkpt>
      <trkpt lat="44.30103586055338382720947265625" lon="-80.197896659374237060546875">
        <ele>489.79998779296875</ele>
        <time>2026-10-05T16:42:46.000Z</time>
        <extensions>
          <ns3:TrackPointExtension/>
        </extensions>
      </trkpt>
      <trkpt lat="44.300913400948047637939453125" lon="-80.198041498661041259765625">
        <ele>489.20001220703125</ele>
        <time>2026-10-05T16:43:02.000Z</time>
        <extensions>
          <ns3:TrackPointExtension/>
        </extensions>
      </trkpt>
      <trkpt lat="44.30085472762584686279296875" lon="-80.1980963163077831268310546875">
        <ele>489</ele>
        <time>2026-10-05T16:43:07.000Z</time>
        <extensions>
          <ns3:TrackPointExtension/>
        </extensions>
      </trkpt>
      <trkpt lat="44.300759173929691314697265625" lon="-80.198182649910449981689453125">
        <ele>488.20001220703125</ele>
        <time>2026-10-05T16:43:16.000Z</time>
        <extensions>
          <ns3:TrackPointExtension/>
        </extensions>
      </trkpt>
      <trkpt lat="44.3007083795964717864990234375" lon="-80.19821726717054843902587890625">
        <ele>487.79998779296875</ele>
        <time>2026-10-05T16:43:20.000Z</time>
        <extensions>
          <ns3:TrackPointExtension/>
        </extensions>
      </trkpt>
      <trkpt lat="44.30060570128262042999267578125" lon="-80.1983434148132801055908203125">
        <ele>487.600006103515625</ele>
        <time>2026-10-05T16:43:30.000Z</time>
        <extensions>
          <ns3:TrackPointExtension/>
        </extensions>
      </trkpt>
      <trkpt lat="44.30052858777344226837158203125" lon="-80.1985864900052547454833984375">
        <ele>487.399993896484375</ele>
        <time>2026-10-05T16:43:45.000Z</time>
        <extensions>
          <ns3:TrackPointExtension/>
        </extensions>
      </trkpt>
      <trkpt lat="44.3004136718809604644775390625" lon="-80.19878639839589595794677734375">
        <ele>488</ele>
        <time>2026-10-05T16:43:57.000Z</time>
        <extensions>
          <ns3:TrackPointExtension/>
        </extensions>
      </trkpt>
      <trkpt lat="44.30038006044924259185791015625" lon="-80.19883476197719573974609375">
        <ele>488.20001220703125</ele>
        <time>2026-10-05T16:44:00.000Z</time>
        <extensions>
          <ns3:TrackPointExtension/>
        </extensions>
      </trkpt>
      <trkpt lat="44.30025584064424037933349609375" lon="-80.19899393431842327117919921875">
        <ele>488.79998779296875</ele>
        <time>2026-10-05T16:44:14.000Z</time>
        <extensions>
          <ns3:TrackPointExtension/>
        </extensions>
      </trkpt>
      <trkpt lat="44.30023916065692901611328125" lon="-80.19905780442059040069580078125">
        <ele>489</ele>
        <time>2026-10-05T16:44:18.000Z</time>
        <extensions>
          <ns3:TrackPointExtension/>
        </extensions>
      </trkpt>
      <trkpt lat="44.30020739324390888214111328125" lon="-80.1992235146462917327880859375">
        <ele>489.600006103515625</ele>
        <time>2026-10-05T16:44:29.000Z</time>
        <extensions>
          <ns3:TrackPointExtension/>
        </extensions>
      </trkpt>
      <trkpt lat="44.30018928833305835723876953125" lon="-80.19933273084461688995361328125">
        <ele>490</ele>
        <time>2026-10-05T16:44:36.000Z</time>
        <extensions>
          <ns3:TrackPointExtension/>
        </extensions>
      </trkpt>
      <trkpt lat="44.300146959722042083740234375" lon="-80.19944689236581325531005859375">
        <ele>490.79998779296875</ele>
        <time>2026-10-05T16:44:44.000Z</time>
        <extensions>
          <ns3:TrackPointExtension/>
        </extensions>
      </trkpt>
      <trkpt lat="44.300128519535064697265625" lon="-80.199490226805210113525390625">
        <ele>491.20001220703125</ele>
        <time>2026-10-05T16:44:47.000Z</time>
        <extensions>
          <ns3:TrackPointExtension/>
        </extensions>
      </trkpt>
      <trkpt lat="44.30007898248732089996337890625" lon="-80.19966817460954189300537109375">
        <ele>492.20001220703125</ele>
        <time>2026-10-05T16:44:59.000Z</time>
        <extensions>
          <ns3:TrackPointExtension/>
        </extensions>
      </trkpt>
      <trkpt lat="44.30007646791636943817138671875" lon="-80.199683345854282379150390625">
        <ele>492.20001220703125</ele>
        <time>2026-10-05T16:45:00.000Z</time>
        <extensions>
          <ns3:TrackPointExtension/>
        </extensions>
      </trkpt>
      <trkpt lat="44.299977980554103851318359375" lon="-80.1998692564666271209716796875">
        <ele>493</ele>
        <time>2026-10-05T16:45:13.000Z</time>
        <extensions>
          <ns3:TrackPointExtension/>
        </extensions>
      </trkpt>
      <trkpt lat="44.2999689280986785888671875" lon="-80.1998813264071941375732421875">
        <ele>493.20001220703125</ele>
        <time>2026-10-05T16:45:14.000Z</time>
        <extensions>
          <ns3:TrackPointExtension/>
        </extensions>
      </trkpt>
      <trkpt lat="44.2999067343771457672119140625" lon="-80.19995190203189849853515625">
        <ele>494.20001220703125</ele>
        <time>2026-10-05T16:45:21.000Z</time>
        <extensions>
          <ns3:TrackPointExtension/>
        </extensions>
      </trkpt>
      <trkpt lat="44.2998187243938446044921875" lon="-80.2000707574188709259033203125">
        <ele>495</ele>
        <time>2026-10-05T16:45:32.000Z</time>
        <extensions>
          <ns3:TrackPointExtension/>
        </extensions>
      </trkpt>
      <trkpt lat="44.2997659184038639068603515625" lon="-80.2002489566802978515625">
        <ele>494.79998779296875</ele>
        <time>2026-10-05T16:45:44.000Z</time>
        <extensions>
          <ns3:TrackPointExtension/>
        </extensions>
      </trkpt>
      <trkpt lat="44.29975979961454868316650390625" lon="-80.2004756033420562744140625">
        <ele>495.20001220703125</ele>
        <time>2026-10-05T16:45:58.000Z</time>
        <extensions>
          <ns3:TrackPointExtension/>
        </extensions>
      </trkpt>
      <trkpt lat="44.2997568659484386444091796875" lon="-80.20052128471434116363525390625">
        <ele>495.399993896484375</ele>
        <time>2026-10-05T16:46:01.000Z</time>
        <extensions>
          <ns3:TrackPointExtension/>
        </extensions>
      </trkpt>
      <trkpt lat="44.2997072450816631317138671875" lon="-80.20066528581082820892333984375">
        <ele>495.20001220703125</ele>
        <time>2026-10-05T16:46:11.000Z</time>
        <extensions>
          <ns3:TrackPointExtension/>
        </extensions>
      </trkpt>
      <trkpt lat="44.299639351665973663330078125" lon="-80.20085806958377361297607421875">
        <ele>494.399993896484375</ele>
        <time>2026-10-05T16:46:24.000Z</time>
        <extensions>
          <ns3:TrackPointExtension/>
        </extensions>
      </trkpt>
      <trkpt lat="44.2996308021247386932373046875" lon="-80.200869552791118621826171875">
        <ele>494.399993896484375</ele>
        <time>2026-10-05T16:46:25.000Z</time>
        <extensions>
          <ns3:TrackPointExtension/>
        </extensions>
      </trkpt>
      <trkpt lat="44.29961261339485645294189453125" lon="-80.200868882238864898681640625">
        <ele>494.399993896484375</ele>
        <time>2026-10-05T16:46:26.000Z</time>
        <extensions>
          <ns3:TrackPointExtension/>
        </extensions>
      </trkpt>
      <trkpt lat="44.2995298840105533599853515625" lon="-80.20097809843719005584716796875">
        <ele>493.20001220703125</ele>
        <time>2026-10-05T16:46:34.000Z</time>
        <extensions>
          <ns3:TrackPointExtension/>
        </extensions>
      </trkpt>
      <trkpt lat="44.29952326230704784393310546875" lon="-80.2009907551109790802001953125">
        <ele>492.79998779296875</ele>
        <time>2026-10-05T16:46:35.000Z</time>
        <extensions>
          <ns3:TrackPointExtension/>
        </extensions>
      </trkpt>
      <trkpt lat="44.29949895478785037994384765625" lon="-80.20108111202716827392578125">
        <ele>492.20001220703125</ele>
        <time>2026-10-05T16:46:43.000Z</time>
        <extensions>
          <ns3:TrackPointExtension/>
        </extensions>
      </trkpt>
      <trkpt lat="44.29949291981756687164306640625" lon="-80.201108269393444061279296875">
        <ele>492</ele>
        <time>2026-10-05T16:46:46.000Z</time>
        <extensions>
          <ns3:TrackPointExtension/>
        </extensions>
      </trkpt>
      <trkpt lat="44.2995129525661468505859375" lon="-80.201233327388763427734375">
        <ele>492.399993896484375</ele>
        <time>2026-10-05T16:46:57.000Z</time>
        <extensions>
          <ns3:TrackPointExtension/>
        </extensions>
      </trkpt>
      <trkpt lat="44.29946911521255970001220703125" lon="-80.20127984695136547088623046875">
        <ele>492.600006103515625</ele>
        <time>2026-10-05T16:47:08.000Z</time>
        <extensions>
          <ns3:TrackPointExtension/>
        </extensions>
      </trkpt>
      <trkpt lat="44.2993887327611446380615234375" lon="-80.2013810165226459503173828125">
        <ele>492.20001220703125</ele>
        <time>2026-10-05T16:47:21.000Z</time>
        <extensions>
          <ns3:TrackPointExtension/>
        </extensions>
      </trkpt>
      <trkpt lat="44.2993545345962047576904296875" lon="-80.20148755051195621490478515625">
        <ele>491.79998779296875</ele>
        <time>2026-10-05T16:47:28.000Z</time>
        <extensions>
          <ns3:TrackPointExtension/>
        </extensions>
      </trkpt>
      <trkpt lat="44.29932243190705776214599609375" lon="-80.201564244925975799560546875">
        <ele>491.399993896484375</ele>
        <time>2026-10-05T16:47:33.000Z</time>
        <extensions>
          <ns3:TrackPointExtension/>
        </extensions>
      </trkpt>
      <trkpt lat="44.29930198006331920623779296875" lon="-80.2016204036772251129150390625">
        <ele>491</ele>
        <time>2026-10-05T16:47:37.000Z</time>
        <extensions>
          <ns3:TrackPointExtension/>
        </extensions>
      </trkpt>
      <trkpt lat="44.2992626689374446868896484375" lon="-80.20177924074232578277587890625">
        <ele>490.600006103515625</ele>
        <time>2026-10-05T16:47:47.000Z</time>
        <extensions>
          <ns3:TrackPointExtension/>
        </extensions>
      </trkpt>
      <trkpt lat="44.2992261238396167755126953125" lon="-80.20190748386085033416748046875">
        <ele>490</ele>
        <time>2026-10-05T16:47:55.000Z</time>
        <extensions>
          <ns3:TrackPointExtension/>
        </extensions>
      </trkpt>
      <trkpt lat="44.29922754876315593719482421875" lon="-80.20198929123580455780029296875">
        <ele>489.399993896484375</ele>
        <time>2026-10-05T16:48:00.000Z</time>
        <extensions>
          <ns3:TrackPointExtension/>
        </extensions>
      </trkpt>
      <trkpt lat="44.29919670335948467254638671875" lon="-80.20210730843245983123779296875">
        <ele>489</ele>
        <time>2026-10-05T16:48:08.000Z</time>
        <extensions>
          <ns3:TrackPointExtension/>
        </extensions>
      </trkpt>
      <trkpt lat="44.29917172528803348541259765625" lon="-80.20216338336467742919921875">
        <ele>489</ele>
        <time>2026-10-05T16:48:12.000Z</time>
        <extensions>
          <ns3:TrackPointExtension/>
        </extensions>
      </trkpt>
      <trkpt lat="44.2991416342556476593017578125" lon="-80.202347449958324432373046875">
        <ele>488.79998779296875</ele>
        <time>2026-10-05T16:48:23.000Z</time>
        <extensions>
          <ns3:TrackPointExtension/>
        </extensions>
      </trkpt>
      <trkpt lat="44.299094863235950469970703125" lon="-80.20256035029888153076171875">
        <ele>488.79998779296875</ele>
        <time>2026-10-05T16:48:36.000Z</time>
        <extensions>
          <ns3:TrackPointExtension/>
        </extensions>
      </trkpt>
      <trkpt lat="44.29911104030907154083251953125" lon="-80.202767215669155120849609375">
        <ele>488.600006103515625</ele>
        <time>2026-10-05T16:48:48.000Z</time>
        <extensions>
          <ns3:TrackPointExtension/>
        </extensions>
      </trkpt>
      <trkpt lat="44.2991101182997226715087890625" lon="-80.20302546210587024688720703125">
        <ele>488.600006103515625</ele>
        <time>2026-10-05T16:49:03.000Z</time>
        <extensions>
          <ns3:TrackPointExtension/>
        </extensions>
      </trkpt>
      <trkpt lat="44.29910567589104175567626953125" lon="-80.2032468281686305999755859375">
        <ele>488.20001220703125</ele>
        <time>2026-10-05T16:49:16.000Z</time>
        <extensions>
          <ns3:TrackPointExtension/>
        </extensions>
      </trkpt>
      <trkpt lat="44.29909544996917247772216796875" lon="-80.20328052341938018798828125">
        <ele>488.20001220703125</ele>
        <time>2026-10-05T16:49:18.000Z</time>
        <extensions>
          <ns3:TrackPointExtension/>
        </extensions>
      </trkpt>
      <trkpt lat="44.299054630100727081298828125" lon="-80.20345897413790225982666015625">
        <ele>488.399993896484375</ele>
        <time>2026-10-05T16:49:28.000Z</time>
        <extensions>
          <ns3:TrackPointExtension/>
        </extensions>
      </trkpt>
      <trkpt lat="44.2989988066256046295166015625" lon="-80.20369551144540309906005859375">
        <ele>489</ele>
        <time>2026-10-05T16:49:42.000Z</time>
        <extensions>
          <ns3:TrackPointExtension/>
        </extensions>
      </trkpt>
      <trkpt lat="44.29895178414881229400634765625" lon="-80.2039083279669284820556640625">
        <ele>489.20001220703125</ele>
        <time>2026-10-05T16:49:55.000Z</time>
        <extensions>
          <ns3:TrackPointExtension/>
        </extensions>
      </trkpt>
      <trkpt lat="44.29892881773412227630615234375" lon="-80.20404436625540256500244140625">
        <ele>489.79998779296875</ele>
        <time>2026-10-05T16:50:07.000Z</time>
        <extensions>
          <ns3:TrackPointExtension/>
        </extensions>
      </trkpt>
      <trkpt lat="44.2988960444927215576171875" lon="-80.20425441674888134002685546875">
        <ele>489.79998779296875</ele>
        <time>2026-10-05T16:50:21.000Z</time>
        <extensions>
          <ns3:TrackPointExtension/>
        </extensions>
      </trkpt>
      <trkpt lat="44.29888556711375713348388671875" lon="-80.20432482473552227020263671875">
        <ele>490</ele>
        <time>2026-10-05T16:50:24.000Z</time>
        <extensions>
          <ns3:TrackPointExtension/>
        </extensions>
      </trkpt>
      <trkpt lat="44.29885673336684703826904296875" lon="-80.20444183610379695892333984375">
        <ele>489.79998779296875</ele>
        <time>2026-10-05T16:50:33.000Z</time>
        <extensions>
          <ns3:TrackPointExtension/>
        </extensions>
      </trkpt>
      <trkpt lat="44.2988217808306217193603515625" lon="-80.20469077862799167633056640625">
        <ele>489.79998779296875</ele>
        <time>2026-10-05T16:50:48.000Z</time>
        <extensions>
          <ns3:TrackPointExtension/>
        </extensions>
      </trkpt>
      <trkpt lat="44.29881784133613109588623046875" lon="-80.20470519550144672393798828125">
        <ele>489.79998779296875</ele>
        <time>2026-10-05T16:50:49.000Z</time>
        <extensions>
          <ns3:TrackPointExtension/>
        </extensions>
      </trkpt>
      <trkpt lat="44.29875799454748630523681640625" lon="-80.2049205265939235687255859375">
        <ele>489.600006103515625</ele>
        <time>2026-10-05T16:51:01.000Z</time>
        <extensions>
          <ns3:TrackPointExtension/>
        </extensions>
      </trkpt>
      <trkpt lat="44.29870535619556903839111328125" lon="-80.20502052269876003265380859375">
        <ele>489.79998779296875</ele>
        <time>2026-10-05T16:51:07.000Z</time>
        <extensions>
          <ns3:TrackPointExtension/>
        </extensions>
      </trkpt>
      <trkpt lat="44.2986913584172725677490234375" lon="-80.205071233212947845458984375">
        <ele>489.600006103515625</ele>
        <time>2026-10-05T16:51:11.000Z</time>
        <extensions>
          <ns3:TrackPointExtension/>
        </extensions>
      </trkpt>
      <trkpt lat="44.29860301315784454345703125" lon="-80.2052016556262969970703125">
        <ele>489.20001220703125</ele>
        <time>2026-10-05T16:51:25.000Z</time>
        <extensions>
          <ns3:TrackPointExtension/>
        </extensions>
      </trkpt>
      <trkpt lat="44.29858624935150146484375" lon="-80.20522252656519412994384765625">
        <ele>488.79998779296875</ele>
        <time>2026-10-05T16:51:28.000Z</time>
        <extensions>
          <ns3:TrackPointExtension/>
        </extensions>
      </trkpt>
      <trkpt lat="44.2985331080853939056396484375" lon="-80.20525337196886539459228515625">
        <ele>487.600006103515625</ele>
        <time>2026-10-05T16:51:36.000Z</time>
        <extensions>
          <ns3:TrackPointExtension/>
        </extensions>
      </trkpt>
      <trkpt lat="44.29853285662829875946044921875" lon="-80.205262005329132080078125">
        <ele>487</ele>
        <time>2026-10-05T16:51:38.000Z</time>
        <extensions>
          <ns3:TrackPointExtension/>
        </extensions>
      </trkpt>
      <trkpt lat="44.29852782748639583587646484375" lon="-80.2052688784897327423095703125">
        <ele>486.399993896484375</ele>
        <time>2026-10-05T16:51:42.000Z</time>
        <extensions>
          <ns3:TrackPointExtension/>
        </extensions>
      </trkpt>
      <trkpt lat="44.2984814755618572235107421875" lon="-80.2053030766546726226806640625">
        <ele>486</ele>
        <time>2026-10-05T16:51:49.000Z</time>
        <extensions>
          <ns3:TrackPointExtension/>
        </extensions>
      </trkpt>
      <trkpt lat="44.2984519712626934051513671875" lon="-80.20536351017653942108154296875">
        <ele>485.20001220703125</ele>
        <time>2026-10-05T16:51:55.000Z</time>
        <extensions>
          <ns3:TrackPointExtension/>
        </extensions>
      </trkpt>
      <trkpt lat="44.29843730293214321136474609375" lon="-80.20540776662528514862060546875">
        <ele>484.399993896484375</ele>
        <time>2026-10-05T16:51:59.000Z</time>
        <extensions>
          <ns3:TrackPointExtension/>
        </extensions>
      </trkpt>
      <trkpt lat="44.29843462072312831878662109375" lon="-80.20542033948004245758056640625">
        <ele>484.20001220703125</ele>
        <time>2026-10-05T16:52:00.000Z</time>
        <extensions>
          <ns3:TrackPointExtension/>
        </extensions>
      </trkpt>
      <trkpt lat="44.29836966097354888916015625" lon="-80.20548571832478046417236328125">
        <ele>483.600006103515625</ele>
        <time>2026-10-05T16:52:08.000Z</time>
        <extensions>
          <ns3:TrackPointExtension/>
        </extensions>
      </trkpt>
      <trkpt lat="44.2983071319758892059326171875" lon="-80.2055277116596698760986328125">
        <ele>483.20001220703125</ele>
        <time>2026-10-05T16:52:18.000Z</time>
        <extensions>
          <ns3:TrackPointExtension/>
        </extensions>
      </trkpt>
      <trkpt lat="44.29830939508974552154541015625" lon="-80.20553232170641422271728515625">
        <ele>482.79998779296875</ele>
        <time>2026-10-05T16:52:20.000Z</time>
        <extensions>
          <ns3:TrackPointExtension/>
        </extensions>
      </trkpt>
      <trkpt lat="44.29830729961395263671875" lon="-80.205540619790554046630859375">
        <ele>482</ele>
        <time>2026-10-05T16:52:26.000Z</time>
        <extensions>
          <ns3:TrackPointExtension/>
        </extensions>
      </trkpt>
      <trkpt lat="44.29829883389174938201904296875" lon="-80.205567441880702972412109375">
        <ele>481.600006103515625</ele>
        <time>2026-10-05T16:52:33.000Z</time>
        <extensions>
          <ns3:TrackPointExtension/>
        </extensions>
      </trkpt>
      <trkpt lat="44.29829983972012996673583984375" lon="-80.20559753291308879852294921875">
        <ele>481.399993896484375</ele>
        <time>2026-10-05T16:52:44.000Z</time>
        <extensions>
          <ns3:TrackPointExtension/>
        </extensions>
      </trkpt>
      <trkpt lat="44.2983113229274749755859375" lon="-80.20558856427669525146484375">
        <ele>481.600006103515625</ele>
        <time>2026-10-05T16:52:57.000Z</time>
        <extensions>
          <ns3:TrackPointExtension/>
        </extensions>
      </trkpt>
      <trkpt lat="44.29831325076520442962646484375" lon="-80.20558244548738002777099609375">
        <ele>481.20001220703125</ele>
        <time>2026-10-05T16:53:12.000Z</time>
        <extensions>
          <ns3:TrackPointExtension/>
        </extensions>
      </trkpt>
      <trkpt lat="44.29830470122396945953369140625" lon="-80.20557238720357418060302734375">
        <ele>481.20001220703125</ele>
        <time>2026-10-05T16:53:26.000Z</time>
        <extensions>
          <ns3:TrackPointExtension/>
        </extensions>
      </trkpt>
      <trkpt lat="44.2983059585094451904296875" lon="-80.20557582378387451171875">
        <ele>481</ele>
        <time>2026-10-05T16:53:30.000Z</time>
        <extensions>
          <ns3:TrackPointExtension/>
        </extensions>
      </trkpt>
      <trkpt lat="44.2982984147965908050537109375" lon="-80.2056299708783626556396484375">
        <ele>480.600006103515625</ele>
        <time>2026-10-05T16:53:39.000Z</time>
        <extensions>
          <ns3:TrackPointExtension/>
        </extensions>
      </trkpt>
      <trkpt lat="44.2982804775238037109375" lon="-80.2057831920683383941650390625">
        <ele>480.20001220703125</ele>
        <time>2026-10-05T16:53:53.000Z</time>
        <extensions>
          <ns3:TrackPointExtension/>
        </extensions>
      </trkpt>
      <trkpt lat="44.29827637039124965667724609375" lon="-80.2058207429945468902587890625">
        <ele>480</ele>
        <time>2026-10-05T16:54:01.000Z</time>
        <extensions>
          <ns3:TrackPointExtension/>
        </extensions>
      </trkpt>
      <trkpt lat="44.2982804775238037109375" lon="-80.2058239281177520751953125">
        <ele>479.79998779296875</ele>
        <time>2026-10-05T16:54:07.000Z</time>
        <extensions>
          <ns3:TrackPointExtension/>
        </extensions>
      </trkpt>
      <trkpt lat="44.29827846586704254150390625" lon="-80.2058717049658298492431640625">
        <ele>479.600006103515625</ele>
        <time>2026-10-05T16:54:21.000Z</time>
        <extensions>
          <ns3:TrackPointExtension/>
        </extensions>
      </trkpt>
      <trkpt lat="44.29827352054417133331298828125" lon="-80.2060631476342678070068359375">
        <ele>479</ele>
        <time>2026-10-05T16:54:33.000Z</time>
        <extensions>
          <ns3:TrackPointExtension/>
        </extensions>
      </trkpt>
      <trkpt lat="44.2982568405568599700927734375" lon="-80.20612609572708606719970703125">
        <ele>478.79998779296875</ele>
        <time>2026-10-05T16:54:38.000Z</time>
        <extensions>
          <ns3:TrackPointExtension/>
        </extensions>
      </trkpt>
      <trkpt lat="44.29822473786771297454833984375" lon="-80.20622382871806621551513671875">
        <ele>478.79998779296875</ele>
        <time>2026-10-05T16:54:45.000Z</time>
        <extensions>
          <ns3:TrackPointExtension/>
        </extensions>
      </trkpt>
      <trkpt lat="44.2981663160026073455810546875" lon="-80.2064416743814945220947265625">
        <ele>479.20001220703125</ele>
        <time>2026-10-05T16:55:00.000Z</time>
        <extensions>
          <ns3:TrackPointExtension/>
        </extensions>
      </trkpt>
      <trkpt lat="44.298093728721141815185546875" lon="-80.20668164826929569244384765625">
        <ele>479.20001220703125</ele>
        <time>2026-10-05T16:55:14.000Z</time>
        <extensions>
          <ns3:TrackPointExtension/>
        </extensions>
      </trkpt>
      <trkpt lat="44.298046790063381195068359375" lon="-80.2069382183253765106201171875">
        <ele>479</ele>
        <time>2026-10-05T16:55:27.000Z</time>
        <extensions>
          <ns3:TrackPointExtension/>
        </extensions>
      </trkpt>
      <trkpt lat="44.29804251529276371002197265625" lon="-80.20697836764156818389892578125">
        <ele>479</ele>
        <time>2026-10-05T16:55:29.000Z</time>
        <extensions>
          <ns3:TrackPointExtension/>
        </extensions>
      </trkpt>
      <trkpt lat="44.29799809120595455169677734375" lon="-80.207231082022190093994140625">
        <ele>479</ele>
        <time>2026-10-05T16:55:44.000Z</time>
        <extensions>
          <ns3:TrackPointExtension/>
        </extensions>
      </trkpt>
      <trkpt lat="44.29794813506305217742919921875" lon="-80.207424871623516082763671875">
        <ele>479</ele>
        <time>2026-10-05T16:55:56.000Z</time>
        <extensions>
          <ns3:TrackPointExtension/>
        </extensions>
      </trkpt>
      <trkpt lat="44.29789717309176921844482421875" lon="-80.20765109919011592864990234375">
        <ele>479</ele>
        <time>2026-10-05T16:56:08.000Z</time>
        <extensions>
          <ns3:TrackPointExtension/>
        </extensions>
      </trkpt>
      <trkpt lat="44.29784185253083705902099609375" lon="-80.20785100758075714111328125">
        <ele>479</ele>
        <time>2026-10-05T16:56:19.000Z</time>
        <extensions>
          <ns3:TrackPointExtension/>
        </extensions>
      </trkpt>
      <trkpt lat="44.29783062078058719635009765625" lon="-80.207980759441852569580078125">
        <ele>479</ele>
        <time>2026-10-05T16:56:27.000Z</time>
        <extensions>
          <ns3:TrackPointExtension/>
        </extensions>
      </trkpt>
      <trkpt lat="44.2978159524500370025634765625" lon="-80.20807321183383464813232421875">
        <ele>480</ele>
        <time>2026-10-05T16:56:33.000Z</time>
        <extensions>
          <ns3:TrackPointExtension/>
        </extensions>
      </trkpt>
      <trkpt lat="44.29780128411948680877685546875" lon="-80.20812098868191242218017578125">
        <ele>481.20001220703125</ele>
        <time>2026-10-05T16:56:36.000Z</time>
        <extensions>
          <ns3:TrackPointExtension/>
        </extensions>
      </trkpt>
      <trkpt lat="44.29776691831648349761962890625" lon="-80.20825074054300785064697265625">
        <ele>481.399993896484375</ele>
        <time>2026-10-05T16:56:44.000Z</time>
        <extensions>
          <ns3:TrackPointExtension/>
        </extensions>
      </trkpt>
      <trkpt lat="44.29775233380496501922607421875" lon="-80.20835383795201778411865234375">
        <ele>481.600006103515625</ele>
        <time>2026-10-05T16:56:51.000Z</time>
        <extensions>
          <ns3:TrackPointExtension/>
        </extensions>
      </trkpt>
      <trkpt lat="44.29773129522800445556640625" lon="-80.20847839303314685821533203125">
        <ele>482</ele>
        <time>2026-10-05T16:56:59.000Z</time>
        <extensions>
          <ns3:TrackPointExtension/>
        </extensions>
      </trkpt>
      <trkpt lat="44.29772618226706981658935546875" lon="-80.20852667279541492462158203125">
        <ele>482.399993896484375</ele>
        <time>2026-10-05T16:57:02.000Z</time>
        <extensions>
          <ns3:TrackPointExtension/>
        </extensions>
      </trkpt>
      <trkpt lat="44.29772299714386463165283203125" lon="-80.20863530226051807403564453125">
        <ele>482.600006103515625</ele>
        <time>2026-10-05T16:57:09.000Z</time>
        <extensions>
          <ns3:TrackPointExtension/>
        </extensions>
      </trkpt>
      <trkpt lat="44.29769265465438365936279296875" lon="-80.20879405550658702850341796875">
        <ele>482</ele>
        <time>2026-10-05T16:57:18.000Z</time>
        <extensions>
          <ns3:TrackPointExtension/>
        </extensions>
      </trkpt>
      <trkpt lat="44.29764471016824245452880859375" lon="-80.2088975720107555389404296875">
        <ele>482.20001220703125</ele>
        <time>2026-10-05T16:57:25.000Z</time>
        <extensions>
          <ns3:TrackPointExtension/>
        </extensions>
      </trkpt>
      <trkpt lat="44.29761461913585662841796875" lon="-80.20902656950056552886962890625">
        <ele>482.600006103515625</ele>
        <time>2026-10-05T16:57:33.000Z</time>
        <extensions>
          <ns3:TrackPointExtension/>
        </extensions>
      </trkpt>
      <trkpt lat="44.297575056552886962890625" lon="-80.209165625274181365966796875">
        <ele>482.79998779296875</ele>
        <time>2026-10-05T16:57:41.000Z</time>
        <extensions>
          <ns3:TrackPointExtension/>
        </extensions>
      </trkpt>
      <trkpt lat="44.2975349910557270050048828125" lon="-80.20930166356265544891357421875">
        <ele>482.79998779296875</ele>
        <time>2026-10-05T16:57:50.000Z</time>
        <extensions>
          <ns3:TrackPointExtension/>
        </extensions>
      </trkpt>
      <trkpt lat="44.297504313290119171142578125" lon="-80.20940761081874370574951171875">
        <ele>482.600006103515625</ele>
        <time>2026-10-05T16:57:58.000Z</time>
        <extensions>
          <ns3:TrackPointExtension/>
        </extensions>
      </trkpt>
      <trkpt lat="44.297478161752223968505859375" lon="-80.2095226943492889404296875">
        <ele>482.600006103515625</ele>
        <time>2026-10-05T16:58:06.000Z</time>
        <extensions>
          <ns3:TrackPointExtension/>
        </extensions>
      </trkpt>
      <trkpt lat="44.2974830232560634613037109375" lon="-80.20960525609552860260009765625">
        <ele>482.79998779296875</ele>
        <time>2026-10-05T16:58:12.000Z</time>
        <extensions>
          <ns3:TrackPointExtension/>
        </extensions>
      </trkpt>
      <trkpt lat="44.29745293222367763519287109375" lon="-80.209641046822071075439453125">
        <ele>482.79998779296875</ele>
        <time>2026-10-05T16:58:15.000Z</time>
        <extensions>
          <ns3:TrackPointExtension/>
        </extensions>
      </trkpt>
      <trkpt lat="44.29743432439863681793212890625" lon="-80.209710113704204559326171875">
        <ele>483</ele>
        <time>2026-10-05T16:58:20.000Z</time>
        <extensions>
          <ns3:TrackPointExtension/>
        </extensions>
      </trkpt>
      <trkpt lat="44.29738051258027553558349609375" lon="-80.20995025523006916046142578125">
        <ele>482.20001220703125</ele>
        <time>2026-10-05T16:58:36.000Z</time>
        <extensions>
          <ns3:TrackPointExtension/>
        </extensions>
      </trkpt>
      <trkpt lat="44.2973349988460540771484375" lon="-80.21004396490752696990966796875">
        <ele>481.20001220703125</ele>
        <time>2026-10-05T16:58:43.000Z</time>
        <extensions>
          <ns3:TrackPointExtension/>
        </extensions>
      </trkpt>
      <trkpt lat="44.2973039858043193817138671875" lon="-80.21016516722738742828369140625">
        <ele>480.79998779296875</ele>
        <time>2026-10-05T16:58:50.000Z</time>
        <extensions>
          <ns3:TrackPointExtension/>
        </extensions>
      </trkpt>
      <trkpt lat="44.29727992974221706390380859375" lon="-80.2102844417095184326171875">
        <ele>480.20001220703125</ele>
        <time>2026-10-05T16:58:57.000Z</time>
        <extensions>
          <ns3:TrackPointExtension/>
        </extensions>
      </trkpt>
      <trkpt lat="44.29725796915590763092041015625" lon="-80.210384018719196319580078125">
        <ele>479.600006103515625</ele>
        <time>2026-10-05T16:59:04.000Z</time>
        <extensions>
          <ns3:TrackPointExtension/>
        </extensions>
      </trkpt>
      <trkpt lat="44.2972560413181781768798828125" lon="-80.21044780500233173370361328125">
        <ele>479</ele>
        <time>2026-10-05T16:59:09.000Z</time>
        <extensions>
          <ns3:TrackPointExtension/>
        </extensions>
      </trkpt>
      <trkpt lat="44.2972738109529018402099609375" lon="-80.2105177938938140869140625">
        <ele>478.399993896484375</ele>
        <time>2026-10-05T16:59:15.000Z</time>
        <extensions>
          <ns3:TrackPointExtension/>
        </extensions>
      </trkpt>
      <trkpt lat="44.29727406240999698638916015625" lon="-80.21052877418696880340576171875">
        <ele>478</ele>
        <time>2026-10-05T16:59:17.000Z</time>
        <extensions>
          <ns3:TrackPointExtension/>
        </extensions>
      </trkpt>
      <trkpt lat="44.29727129638195037841796875" lon="-80.21061091683804988861083984375">
        <ele>477.20001220703125</ele>
        <time>2026-10-05T16:59:25.000Z</time>
        <extensions>
          <ns3:TrackPointExtension/>
        </extensions>
      </trkpt>
      <trkpt lat="44.2972733080387115478515625" lon="-80.21065399982035160064697265625">
        <ele>477</ele>
        <time>2026-10-05T16:59:28.000Z</time>
        <extensions>
          <ns3:TrackPointExtension/>
        </extensions>
      </trkpt>
      <trkpt lat="44.29723701439797878265380859375" lon="-80.21075810305774211883544921875">
        <ele>477.79998779296875</ele>
        <time>2026-10-05T16:59:37.000Z</time>
        <extensions>
          <ns3:TrackPointExtension/>
        </extensions>
      </trkpt>
      <trkpt lat="44.29717901162803173065185546875" lon="-80.2108837477862834930419921875">
        <ele>477.600006103515625</ele>
        <time>2026-10-05T16:59:49.000Z</time>
        <extensions>
          <ns3:TrackPointExtension/>
        </extensions>
      </trkpt>
      <trkpt lat="44.29714380763471126556396484375" lon="-80.2109844982624053955078125">
        <ele>478</ele>
        <time>2026-10-05T17:00:00.000Z</time>
        <extensions>
          <ns3:TrackPointExtension/>
        </extensions>
      </trkpt>
      <trkpt lat="44.29713785648345947265625" lon="-80.21101894788444042205810546875">
        <ele>478.20001220703125</ele>
        <time>2026-10-05T17:00:02.000Z</time>
        <extensions>
          <ns3:TrackPointExtension/>
        </extensions>
      </trkpt>
      <trkpt lat="44.29710005410015583038330078125" lon="-80.21123285405337810516357421875">
        <ele>479</ele>
        <time>2026-10-05T17:00:16.000Z</time>
        <extensions>
          <ns3:TrackPointExtension/>
        </extensions>
      </trkpt>
      <trkpt lat="44.29709561169147491455078125" lon="-80.2112461812794208526611328125">
        <ele>479</ele>
        <time>2026-10-05T17:00:17.000Z</time>
        <extensions>
          <ns3:TrackPointExtension/>
        </extensions>
      </trkpt>
      <trkpt lat="44.29709720425307750701904296875" lon="-80.21129420958459377288818359375">
        <ele>479.79998779296875</ele>
        <time>2026-10-05T17:00:26.000Z</time>
        <extensions>
          <ns3:TrackPointExtension/>
        </extensions>
      </trkpt>
      <trkpt lat="44.2970793507993221282958984375" lon="-80.211403258144855499267578125">
        <ele>480.20001220703125</ele>
        <time>2026-10-05T17:00:34.000Z</time>
        <extensions>
          <ns3:TrackPointExtension/>
        </extensions>
      </trkpt>
      <trkpt lat="44.29707222618162631988525390625" lon="-80.2114295773208141326904296875">
        <ele>480.20001220703125</ele>
        <time>2026-10-05T17:00:36.000Z</time>
        <extensions>
          <ns3:TrackPointExtension/>
        </extensions>
      </trkpt>
      <trkpt lat="44.297036267817020416259765625" lon="-80.211656726896762847900390625">
        <ele>480.79998779296875</ele>
        <time>2026-10-05T17:00:50.000Z</time>
        <extensions>
          <ns3:TrackPointExtension/>
        </extensions>
      </trkpt>
      <trkpt lat="44.2970190010964870452880859375" lon="-80.2117578126490116119384765625">
        <ele>481.20001220703125</ele>
        <time>2026-10-05T17:00:57.000Z</time>
        <extensions>
          <ns3:TrackPointExtension/>
        </extensions>
      </trkpt>
      <trkpt lat="44.29699712432920932769775390625" lon="-80.2118486724793910980224609375">
        <ele>481.600006103515625</ele>
        <time>2026-10-05T17:01:04.000Z</time>
        <extensions>
          <ns3:TrackPointExtension/>
        </extensions>
      </trkpt>
      <trkpt lat="44.29699393920600414276123046875" lon="-80.21190491504967212677001953125">
        <ele>482.20001220703125</ele>
        <time>2026-10-05T17:01:07.000Z</time>
        <extensions>
          <ns3:TrackPointExtension/>
        </extensions>
      </trkpt>
      <trkpt lat="44.29694465361535549163818359375" lon="-80.2120451442897319793701171875">
        <ele>482.600006103515625</ele>
        <time>2026-10-05T17:01:16.000Z</time>
        <extensions>
          <ns3:TrackPointExtension/>
        </extensions>
      </trkpt>
      <trkpt lat="44.2969204299151897430419921875" lon="-80.212214291095733642578125">
        <ele>483.20001220703125</ele>
        <time>2026-10-05T17:01:28.000Z</time>
        <extensions>
          <ns3:TrackPointExtension/>
        </extensions>
      </trkpt>
      <trkpt lat="44.29691330529749393463134765625" lon="-80.2122255228459835052490234375">
        <ele>483.20001220703125</ele>
        <time>2026-10-05T17:01:29.000Z</time>
        <extensions>
          <ns3:TrackPointExtension/>
        </extensions>
      </trkpt>
      <trkpt lat="44.29687567055225372314453125" lon="-80.21236206404864788055419921875">
        <ele>483.600006103515625</ele>
        <time>2026-10-05T17:01:39.000Z</time>
        <extensions>
          <ns3:TrackPointExtension/>
        </extensions>
      </trkpt>
      <trkpt lat="44.296847172081470489501953125" lon="-80.21259784698486328125">
        <ele>484</ele>
        <time>2026-10-05T17:01:55.000Z</time>
        <extensions>
          <ns3:TrackPointExtension/>
        </extensions>
      </trkpt>
      <trkpt lat="44.2968376167118549346923828125" lon="-80.21268677897751331329345703125">
        <ele>484.20001220703125</ele>
        <time>2026-10-05T17:02:00.000Z</time>
        <extensions>
          <ns3:TrackPointExtension/>
        </extensions>
      </trkpt>
      <trkpt lat="44.29680216126143932342529296875" lon="-80.212842933833599090576171875">
        <ele>484.600006103515625</ele>
        <time>2026-10-05T17:02:10.000Z</time>
        <extensions>
          <ns3:TrackPointExtension/>
        </extensions>
      </trkpt>
      <trkpt lat="44.296719096601009368896484375" lon="-80.2129178680479526519775390625">
        <ele>484.600006103515625</ele>
        <time>2026-10-05T17:02:19.000Z</time>
        <extensions>
          <ns3:TrackPointExtension/>
        </extensions>
      </trkpt>
      <trkpt lat="44.29661993868649005889892578125" lon="-80.21288978867232799530029296875">
        <ele>484.79998779296875</ele>
        <time>2026-10-05T17:02:29.000Z</time>
        <extensions>
          <ns3:TrackPointExtension/>
        </extensions>
      </trkpt>
      <trkpt lat="44.2966076172888278961181640625" lon="-80.21288241259753704071044921875">
        <ele>484.79998779296875</ele>
        <time>2026-10-05T17:02:30.000Z</time>
        <extensions>
          <ns3:TrackPointExtension/>
        </extensions>
      </trkpt>
      <trkpt lat="44.296491779386997222900390625" lon="-80.21283145062625408172607421875">
        <ele>485.20001220703125</ele>
        <time>2026-10-05T17:02:42.000Z</time>
        <extensions>
          <ns3:TrackPointExtension/>
        </extensions>
      </trkpt>
      <trkpt lat="44.29634383879601955413818359375" lon="-80.212780572474002838134765625">
        <ele>484.79998779296875</ele>
        <time>2026-10-05T17:02:57.000Z</time>
        <extensions>
          <ns3:TrackPointExtension/>
        </extensions>
      </trkpt>
      <trkpt lat="44.29621492512524127960205078125" lon="-80.2127368189394474029541015625">
        <ele>484.20001220703125</ele>
        <time>2026-10-05T17:03:10.000Z</time>
        <extensions>
          <ns3:TrackPointExtension/>
        </extensions>
      </trkpt>
      <trkpt lat="44.2961372248828411102294921875" lon="-80.21273070015013217926025390625">
        <ele>484</ele>
        <time>2026-10-05T17:03:19.000Z</time>
        <extensions>
          <ns3:TrackPointExtension/>
        </extensions>
      </trkpt>
      <trkpt lat="44.29606136865913867950439453125" lon="-80.21278518252074718475341796875">
        <ele>483.399993896484375</ele>
        <time>2026-10-05T17:03:27.000Z</time>
        <extensions>
          <ns3:TrackPointExtension/>
        </extensions>
      </trkpt>
      <trkpt lat="44.29603655822575092315673828125" lon="-80.2127988450229167938232421875">
        <ele>483.20001220703125</ele>
        <time>2026-10-05T17:03:29.000Z</time>
        <extensions>
          <ns3:TrackPointExtension/>
        </extensions>
      </trkpt>
      <trkpt lat="44.2960081435739994049072265625" lon="-80.21283111535012722015380859375">
        <ele>483.20001220703125</ele>
        <time>2026-10-05T17:03:32.000Z</time>
        <extensions>
          <ns3:TrackPointExtension/>
        </extensions>
      </trkpt>
      <trkpt lat="44.2958800680935382843017578125" lon="-80.21296002902090549468994140625">
        <ele>483.600006103515625</ele>
        <time>2026-10-05T17:03:47.000Z</time>
        <extensions>
          <ns3:TrackPointExtension/>
        </extensions>
      </trkpt>
      <trkpt lat="44.29579666815698146820068359375" lon="-80.21292733959853649139404296875">
        <ele>483.399993896484375</ele>
        <time>2026-10-05T17:03:57.000Z</time>
        <extensions>
          <ns3:TrackPointExtension/>
        </extensions>
      </trkpt>
      <trkpt lat="44.2956825904548168182373046875" lon="-80.21287235431373119354248046875">
        <ele>482.20001220703125</ele>
        <time>2026-10-05T17:04:10.000Z</time>
        <extensions>
          <ns3:TrackPointExtension/>
        </extensions>
      </trkpt>
      <trkpt lat="44.295653589069843292236328125" lon="-80.21287319250404834747314453125">
        <ele>482.20001220703125</ele>
        <time>2026-10-05T17:04:13.000Z</time>
        <extensions>
          <ns3:TrackPointExtension/>
        </extensions>
      </trkpt>
      <trkpt lat="44.29561142809689044952392578125" lon="-80.21279742009937763214111328125">
        <ele>481.79998779296875</ele>
        <time>2026-10-05T17:04:22.000Z</time>
        <extensions>
          <ns3:TrackPointExtension/>
        </extensions>
      </trkpt>
      <trkpt lat="44.29553330875933170318603515625" lon="-80.21273070015013217926025390625">
        <ele>481.20001220703125</ele>
        <time>2026-10-05T17:04:33.000Z</time>
        <extensions>
          <ns3:TrackPointExtension/>
        </extensions>
      </trkpt>
      <trkpt lat="44.29544513113796710968017578125" lon="-80.2126281894743442535400390625">
        <ele>480.20001220703125</ele>
        <time>2026-10-05T17:04:44.000Z</time>
        <extensions>
          <ns3:TrackPointExtension/>
        </extensions>
      </trkpt>
      <trkpt lat="44.2954381741583347320556640625" lon="-80.21262089721858501434326171875">
        <ele>480</ele>
        <time>2026-10-05T17:04:45.000Z</time>
        <extensions>
          <ns3:TrackPointExtension/>
        </extensions>
      </trkpt>
      <trkpt lat="44.295295178890228271484375" lon="-80.21255551837384700775146484375">
        <ele>479.20001220703125</ele>
        <time>2026-10-05T17:04:59.000Z</time>
        <extensions>
          <ns3:TrackPointExtension/>
        </extensions>
      </trkpt>
      <trkpt lat="44.29527170956134796142578125" lon="-80.21256037987768650054931640625">
        <ele>479</ele>
        <time>2026-10-05T17:05:01.000Z</time>
        <extensions>
          <ns3:TrackPointExtension/>
        </extensions>
      </trkpt>
      <trkpt lat="44.29518881253898143768310546875" lon="-80.2125777304172515869140625">
        <ele>478</ele>
        <time>2026-10-05T17:05:11.000Z</time>
        <extensions>
          <ns3:TrackPointExtension/>
        </extensions>
      </trkpt>
      <trkpt lat="44.29515075869858264923095703125" lon="-80.21257882006466388702392578125">
        <ele>477.79998779296875</ele>
        <time>2026-10-05T17:05:16.000Z</time>
        <extensions>
          <ns3:TrackPointExtension/>
        </extensions>
      </trkpt>
      <trkpt lat="44.295025952160358428955078125" lon="-80.21255082450807094573974609375">
        <ele>477.399993896484375</ele>
        <time>2026-10-05T17:05:28.000Z</time>
        <extensions>
          <ns3:TrackPointExtension/>
        </extensions>
      </trkpt>
      <trkpt lat="44.29492570459842681884765625" lon="-80.21251478232443332672119140625">
        <ele>477.20001220703125</ele>
        <time>2026-10-05T17:05:37.000Z</time>
        <extensions>
          <ns3:TrackPointExtension/>
        </extensions>
      </trkpt>
      <trkpt lat="44.29488589055836200714111328125" lon="-80.212506316602230072021484375">
        <ele>477</ele>
        <time>2026-10-05T17:05:41.000Z</time>
        <extensions>
          <ns3:TrackPointExtension/>
        </extensions>
      </trkpt>
      <trkpt lat="44.29486460052430629730224609375" lon="-80.2124893851578235626220703125">
        <ele>476.600006103515625</ele>
        <time>2026-10-05T17:05:44.000Z</time>
        <extensions>
          <ns3:TrackPointExtension/>
        </extensions>
      </trkpt>
      <trkpt lat="44.29480609484016895294189453125" lon="-80.21241218782961368560791015625">
        <ele>476</ele>
        <time>2026-10-05T17:05:53.000Z</time>
        <extensions>
          <ns3:TrackPointExtension/>
        </extensions>
      </trkpt>
      <trkpt lat="44.29477826692163944244384765625" lon="-80.212399028241634368896484375">
        <ele>475.399993896484375</ele>
        <time>2026-10-05T17:05:56.000Z</time>
        <extensions>
          <ns3:TrackPointExtension/>
        </extensions>
      </trkpt>
      <trkpt lat="44.29471137933433055877685546875" lon="-80.2123737148940563201904296875">
        <ele>475</ele>
        <time>2026-10-05T17:06:03.000Z</time>
        <extensions>
          <ns3:TrackPointExtension/>
        </extensions>
      </trkpt>
      <trkpt lat="44.294633008539676666259765625" lon="-80.2123499102890491485595703125">
        <ele>474</ele>
        <time>2026-10-05T17:06:09.000Z</time>
        <extensions>
          <ns3:TrackPointExtension/>
        </extensions>
      </trkpt>
      <trkpt lat="44.2946087010204792022705078125" lon="-80.21234898827970027923583984375">
        <ele>473.79998779296875</ele>
        <time>2026-10-05T17:06:11.000Z</time>
        <extensions>
          <ns3:TrackPointExtension/>
        </extensions>
      </trkpt>
      <trkpt lat="44.29455279372632503509521484375" lon="-80.21235753782093524932861328125">
        <ele>473.79998779296875</ele>
        <time>2026-10-05T17:06:22.000Z</time>
        <extensions>
          <ns3:TrackPointExtension/>
        </extensions>
      </trkpt>
      <trkpt lat="44.29447920061647891998291015625" lon="-80.21231353282928466796875">
        <ele>473.600006103515625</ele>
        <time>2026-10-05T17:06:36.000Z</time>
        <extensions>
          <ns3:TrackPointExtension/>
        </extensions>
      </trkpt>
      <trkpt lat="44.2943502031266689300537109375" lon="-80.21236994303762912750244140625">
        <ele>474.20001220703125</ele>
        <time>2026-10-05T17:06:50.000Z</time>
        <extensions>
          <ns3:TrackPointExtension/>
        </extensions>
      </trkpt>
      <trkpt lat="44.2942982353270053863525390625" lon="-80.2124002017080783843994140625">
        <ele>474.79998779296875</ele>
        <time>2026-10-05T17:06:56.000Z</time>
        <extensions>
          <ns3:TrackPointExtension/>
        </extensions>
      </trkpt>
      <trkpt lat="44.2942204512655735015869140625" lon="-80.21239223890006542205810546875">
        <ele>475.79998779296875</ele>
        <time>2026-10-05T17:07:03.000Z</time>
        <extensions>
          <ns3:TrackPointExtension/>
        </extensions>
      </trkpt>
      <trkpt lat="44.29420947097241878509521484375" lon="-80.21238838322460651397705078125">
        <ele>476</ele>
        <time>2026-10-05T17:07:04.000Z</time>
        <extensions>
          <ns3:TrackPointExtension/>
        </extensions>
      </trkpt>
      <trkpt lat="44.29405742324888706207275390625" lon="-80.2123012952506542205810546875">
        <ele>476.20001220703125</ele>
        <time>2026-10-05T17:07:19.000Z</time>
        <extensions>
          <ns3:TrackPointExtension/>
        </extensions>
      </trkpt>
      <trkpt lat="44.2938999272882938385009765625" lon="-80.2122639119625091552734375">
        <ele>477</ele>
        <time>2026-10-05T17:07:33.000Z</time>
        <extensions>
          <ns3:TrackPointExtension/>
        </extensions>
      </trkpt>
      <trkpt lat="44.29388676770031452178955078125" lon="-80.2122603915631771087646484375">
        <ele>477</ele>
        <time>2026-10-05T17:07:34.000Z</time>
        <extensions>
          <ns3:TrackPointExtension/>
        </extensions>
      </trkpt>
      <trkpt lat="44.29373321123421192169189453125" lon="-80.21221353672444820404052734375">
        <ele>476.600006103515625</ele>
        <time>2026-10-05T17:07:46.000Z</time>
        <extensions>
          <ns3:TrackPointExtension/>
        </extensions>
      </trkpt>
      <trkpt lat="44.29366506636142730712890625" lon="-80.2122496627271175384521484375">
        <ele>476</ele>
        <time>2026-10-05T17:07:52.000Z</time>
        <extensions>
          <ns3:TrackPointExtension/>
        </extensions>
      </trkpt>
      <trkpt lat="44.2936469614505767822265625" lon="-80.21226433105766773223876953125">
        <ele>475.600006103515625</ele>
        <time>2026-10-05T17:07:56.000Z</time>
        <extensions>
          <ns3:TrackPointExtension/>
        </extensions>
      </trkpt>
      <trkpt lat="44.29357546381652355194091796875" lon="-80.21224639378488063812255859375">
        <ele>475</ele>
        <time>2026-10-05T17:08:06.000Z</time>
        <extensions>
          <ns3:TrackPointExtension/>
        </extensions>
      </trkpt>
      <trkpt lat="44.29355752654373645782470703125" lon="-80.2122437953948974609375">
        <ele>474.79998779296875</ele>
        <time>2026-10-05T17:08:08.000Z</time>
        <extensions>
          <ns3:TrackPointExtension/>
        </extensions>
      </trkpt>
      <trkpt lat="44.29337630979716777801513671875" lon="-80.21221403963863849639892578125">
        <ele>474.399993896484375</ele>
        <time>2026-10-05T17:08:25.000Z</time>
        <extensions>
          <ns3:TrackPointExtension/>
        </extensions>
      </trkpt>
      <trkpt lat="44.29331772029399871826171875" lon="-80.2121997065842151641845703125">
        <ele>474.20001220703125</ele>
        <time>2026-10-05T17:08:29.000Z</time>
        <extensions>
          <ns3:TrackPointExtension/>
        </extensions>
      </trkpt>
      <trkpt lat="44.2932226695120334625244140625" lon="-80.2121591381728649139404296875">
        <ele>474</ele>
        <time>2026-10-05T17:08:38.000Z</time>
        <extensions>
          <ns3:TrackPointExtension/>
        </extensions>
      </trkpt>
      <trkpt lat="44.293217472732067108154296875" lon="-80.2121557854115962982177734375">
        <ele>473.79998779296875</ele>
        <time>2026-10-05T17:08:39.000Z</time>
        <extensions>
          <ns3:TrackPointExtension/>
        </extensions>
      </trkpt>
      <trkpt lat="44.29314631037414073944091796875" lon="-80.21215804852545261383056640625">
        <ele>472.79998779296875</ele>
        <time>2026-10-05T17:08:47.000Z</time>
        <extensions>
          <ns3:TrackPointExtension/>
        </extensions>
      </trkpt>
      <trkpt lat="44.29309233091771602630615234375" lon="-80.21219551563262939453125">
        <ele>472.79998779296875</ele>
        <time>2026-10-05T17:08:53.000Z</time>
        <extensions>
          <ns3:TrackPointExtension/>
        </extensions>
      </trkpt>
      <trkpt lat="44.2929876409471035003662109375" lon="-80.2122047357261180877685546875">
        <ele>472.20001220703125</ele>
        <time>2026-10-05T17:09:05.000Z</time>
        <extensions>
          <ns3:TrackPointExtension/>
        </extensions>
      </trkpt>
      <trkpt lat="44.29296744056046009063720703125" lon="-80.21221320144832134246826171875">
        <ele>471.79998779296875</ele>
        <time>2026-10-05T17:09:08.000Z</time>
        <extensions>
          <ns3:TrackPointExtension/>
        </extensions>
      </trkpt>
      <trkpt lat="44.2928689531981945037841796875" lon="-80.21223063580691814422607421875">
        <ele>470.600006103515625</ele>
        <time>2026-10-05T17:09:19.000Z</time>
        <extensions>
          <ns3:TrackPointExtension/>
        </extensions>
      </trkpt>
      <trkpt lat="44.29286065511405467987060546875" lon="-80.2122275345027446746826171875">
        <ele>470.600006103515625</ele>
        <time>2026-10-05T17:09:20.000Z</time>
        <extensions>
          <ns3:TrackPointExtension/>
        </extensions>
      </trkpt>
      <trkpt lat="44.29282553493976593017578125" lon="-80.21221521310508251190185546875">
        <ele>469.600006103515625</ele>
        <time>2026-10-05T17:09:24.000Z</time>
        <extensions>
          <ns3:TrackPointExtension/>
        </extensions>
      </trkpt>
      <trkpt lat="44.292752780020236968994140625" lon="-80.2121913246810436248779296875">
        <ele>468.600006103515625</ele>
        <time>2026-10-05T17:09:32.000Z</time>
        <extensions>
          <ns3:TrackPointExtension/>
        </extensions>
      </trkpt>
      <trkpt lat="44.29272620938718318939208984375" lon="-80.21218235604465007781982421875">
        <ele>468</ele>
        <time>2026-10-05T17:09:35.000Z</time>
        <extensions>
          <ns3:TrackPointExtension/>
        </extensions>
      </trkpt>
      <trkpt lat="44.29269150830805301666259765625" lon="-80.2121727168560028076171875">
        <ele>467.399993896484375</ele>
        <time>2026-10-05T17:09:39.000Z</time>
        <extensions>
          <ns3:TrackPointExtension/>
        </extensions>
      </trkpt>
      <trkpt lat="44.2926007322967052459716796875" lon="-80.21213122643530368804931640625">
        <ele>466.399993896484375</ele>
        <time>2026-10-05T17:09:47.000Z</time>
        <extensions>
          <ns3:TrackPointExtension/>
        </extensions>
      </trkpt>
      <trkpt lat="44.29255706258118152618408203125" lon="-80.21212686784565448760986328125">
        <ele>466</ele>
        <time>2026-10-05T17:09:51.000Z</time>
        <extensions>
          <ns3:TrackPointExtension/>
        </extensions>
      </trkpt>
      <trkpt lat="44.29245681501924991607666015625" lon="-80.2120823599398136138916015625">
        <ele>465.20001220703125</ele>
        <time>2026-10-05T17:10:02.000Z</time>
        <extensions>
          <ns3:TrackPointExtension/>
        </extensions>
      </trkpt>
      <trkpt lat="44.29240769706666469573974609375" lon="-80.21205830387771129608154296875">
        <ele>464.79998779296875</ele>
        <time>2026-10-05T17:10:08.000Z</time>
        <extensions>
          <ns3:TrackPointExtension/>
        </extensions>
      </trkpt>
      <trkpt lat="44.2923486046493053436279296875" lon="-80.2120411209762096405029296875">
        <ele>464.20001220703125</ele>
        <time>2026-10-05T17:10:15.000Z</time>
        <extensions>
          <ns3:TrackPointExtension/>
        </extensions>
      </trkpt>
      <trkpt lat="44.29228582419455051422119140625" lon="-80.21203634329140186309814453125">
        <ele>463.20001220703125</ele>
        <time>2026-10-05T17:10:23.000Z</time>
        <extensions>
          <ns3:TrackPointExtension/>
        </extensions>
      </trkpt>
      <trkpt lat="44.292271994054317474365234375" lon="-80.21202729083597660064697265625">
        <ele>463</ele>
        <time>2026-10-05T17:10:25.000Z</time>
        <extensions>
          <ns3:TrackPointExtension/>
        </extensions>
      </trkpt>
      <trkpt lat="44.29215523414313793182373046875" lon="-80.2119703777134418487548828125">
        <ele>462.20001220703125</ele>
        <time>2026-10-05T17:10:39.000Z</time>
        <extensions>
          <ns3:TrackPointExtension/>
        </extensions>
      </trkpt>
      <trkpt lat="44.29203386418521404266357421875" lon="-80.2119130454957485198974609375">
        <ele>462.20001220703125</ele>
        <time>2026-10-05T17:10:53.000Z</time>
        <extensions>
          <ns3:TrackPointExtension/>
        </extensions>
      </trkpt>
      <trkpt lat="44.29201676510274410247802734375" lon="-80.2118949405848979949951171875">
        <ele>462.20001220703125</ele>
        <time>2026-10-05T17:10:55.000Z</time>
        <extensions>
          <ns3:TrackPointExtension/>
        </extensions>
      </trkpt>
      <trkpt lat="44.29188231937587261199951171875" lon="-80.2117873169481754302978515625">
        <ele>462.600006103515625</ele>
        <time>2026-10-05T17:11:06.000Z</time>
        <extensions>
          <ns3:TrackPointExtension/>
        </extensions>
      </trkpt>
      <trkpt lat="44.291725493967533111572265625" lon="-80.21165580488741397857666015625">
        <ele>462.79998779296875</ele>
        <time>2026-10-05T17:11:20.000Z</time>
        <extensions>
          <ns3:TrackPointExtension/>
        </extensions>
      </trkpt>
      <trkpt lat="44.29162180982530117034912109375" lon="-80.211652033030986785888671875">
        <ele>462.79998779296875</ele>
        <time>2026-10-05T17:11:34.000Z</time>
        <extensions>
          <ns3:TrackPointExtension/>
        </extensions>
      </trkpt>
      <trkpt lat="44.29145819507539272308349609375" lon="-80.21168648265302181243896484375">
        <ele>462.20001220703125</ele>
        <time>2026-10-05T17:11:51.000Z</time>
        <extensions>
          <ns3:TrackPointExtension/>
        </extensions>
      </trkpt>
      <trkpt lat="44.29135643877089023590087890625" lon="-80.21167458035051822662353515625">
        <ele>462</ele>
        <time>2026-10-05T17:12:03.000Z</time>
        <extensions>
          <ns3:TrackPointExtension/>
        </extensions>
      </trkpt>
      <trkpt lat="44.291281588375568389892578125" lon="-80.21163283847272396087646484375">
        <ele>462.79998779296875</ele>
        <time>2026-10-05T17:12:16.000Z</time>
        <extensions>
          <ns3:TrackPointExtension/>
        </extensions>
      </trkpt>
      <trkpt lat="44.291257448494434356689453125" lon="-80.21159679628908634185791015625">
        <ele>463.20001220703125</ele>
        <time>2026-10-05T17:12:19.000Z</time>
        <extensions>
          <ns3:TrackPointExtension/>
        </extensions>
      </trkpt>
      <trkpt lat="44.29124571382999420166015625" lon="-80.21151951514184474945068359375">
        <ele>463.399993896484375</ele>
        <time>2026-10-05T17:12:24.000Z</time>
        <extensions>
          <ns3:TrackPointExtension/>
        </extensions>
      </trkpt>
      <trkpt lat="44.29124797694385051727294921875" lon="-80.211503170430660247802734375">
        <ele>463.399993896484375</ele>
        <time>2026-10-05T17:12:25.000Z</time>
        <extensions>
          <ns3:TrackPointExtension/>
        </extensions>
      </trkpt>
      <trkpt lat="44.2913028784096240997314453125" lon="-80.211280547082424163818359375">
        <ele>463</ele>
        <time>2026-10-05T17:12:38.000Z</time>
        <extensions>
          <ns3:TrackPointExtension/>
        </extensions>
      </trkpt>
      <trkpt lat="44.29136783815920352935791015625" lon="-80.211076699197292327880859375">
        <ele>462.600006103515625</ele>
        <time>2026-10-05T17:12:50.000Z</time>
        <extensions>
          <ns3:TrackPointExtension/>
        </extensions>
      </trkpt>
      <trkpt lat="44.2913970910012722015380859375" lon="-80.2109461091458797454833984375">
        <ele>462.20001220703125</ele>
        <time>2026-10-05T17:12:57.000Z</time>
        <extensions>
          <ns3:TrackPointExtension/>
        </extensions>
      </trkpt>
      <trkpt lat="44.29140220396220684051513671875" lon="-80.2109303511679172515869140625">
        <ele>462.20001220703125</ele>
        <time>2026-10-05T17:12:58.000Z</time>
        <extensions>
          <ns3:TrackPointExtension/>
        </extensions>
      </trkpt>
      <trkpt lat="44.29144578985869884490966796875" lon="-80.21078911609947681427001953125">
        <ele>461.399993896484375</ele>
        <time>2026-10-05T17:13:07.000Z</time>
        <extensions>
          <ns3:TrackPointExtension/>
        </extensions>
      </trkpt>
      <trkpt lat="44.29146029055118560791015625" lon="-80.21074653603136539459228515625">
        <ele>461</ele>
        <time>2026-10-05T17:13:10.000Z</time>
        <extensions>
          <ns3:TrackPointExtension/>
        </extensions>
      </trkpt>
      <trkpt lat="44.2914792336523532867431640625" lon="-80.21066732704639434814453125">
        <ele>460.600006103515625</ele>
        <time>2026-10-05T17:13:15.000Z</time>
        <extensions>
          <ns3:TrackPointExtension/>
        </extensions>
      </trkpt>
      <trkpt lat="44.29151770658791065216064453125" lon="-80.21056029014289379119873046875">
        <ele>460.20001220703125</ele>
        <time>2026-10-05T17:13:22.000Z</time>
        <extensions>
          <ns3:TrackPointExtension/>
        </extensions>
      </trkpt>
      <trkpt lat="44.29152005352079868316650390625" lon="-80.21049859933555126190185546875">
        <ele>460</ele>
        <time>2026-10-05T17:13:25.000Z</time>
        <extensions>
          <ns3:TrackPointExtension/>
        </extensions>
      </trkpt>
      <trkpt lat="44.29153379984200000762939453125" lon="-80.21035275422036647796630859375">
        <ele>459.399993896484375</ele>
        <time>2026-10-05T17:13:33.000Z</time>
        <extensions>
          <ns3:TrackPointExtension/>
        </extensions>
      </trkpt>
      <trkpt lat="44.2915610410273075103759765625" lon="-80.21017111837863922119140625">
        <ele>459.20001220703125</ele>
        <time>2026-10-05T17:13:44.000Z</time>
        <extensions>
          <ns3:TrackPointExtension/>
        </extensions>
      </trkpt>
      <trkpt lat="44.2915680818259716033935546875" lon="-80.21012459881603717803955078125">
        <ele>458.79998779296875</ele>
        <time>2026-10-05T17:13:47.000Z</time>
        <extensions>
          <ns3:TrackPointExtension/>
        </extensions>
      </trkpt>
      <trkpt lat="44.29160051979124546051025390625" lon="-80.2100371755659580230712890625">
        <ele>458.20001220703125</ele>
        <time>2026-10-05T17:13:53.000Z</time>
        <extensions>
          <ns3:TrackPointExtension/>
        </extensions>
      </trkpt>
      <trkpt lat="44.2916337959468364715576171875" lon="-80.2099704556167125701904296875">
        <ele>457.79998779296875</ele>
        <time>2026-10-05T17:13:57.000Z</time>
        <extensions>
          <ns3:TrackPointExtension/>
        </extensions>
      </trkpt>
      <trkpt lat="44.2916451953351497650146484375" lon="-80.2099171467125415802001953125">
        <ele>457.600006103515625</ele>
        <time>2026-10-05T17:14:00.000Z</time>
        <extensions>
          <ns3:TrackPointExtension/>
        </extensions>
      </trkpt>
      <trkpt lat="44.29166925139725208282470703125" lon="-80.20982955582439899444580078125">
        <ele>456.79998779296875</ele>
        <time>2026-10-05T17:14:05.000Z</time>
        <extensions>
          <ns3:TrackPointExtension/>
        </extensions>
      </trkpt>
      <trkpt lat="44.29168551228940486907958984375" lon="-80.20975805819034576416015625">
        <ele>455.79998779296875</ele>
        <time>2026-10-05T17:14:09.000Z</time>
        <extensions>
          <ns3:TrackPointExtension/>
        </extensions>
      </trkpt>
      <trkpt lat="44.2917130887508392333984375" lon="-80.20961212925612926483154296875">
        <ele>455</ele>
        <time>2026-10-05T17:14:17.000Z</time>
        <extensions>
          <ns3:TrackPointExtension/>
        </extensions>
      </trkpt>
      <trkpt lat="44.29172717034816741943359375" lon="-80.20955731160938739776611328125">
        <ele>454.79998779296875</ele>
        <time>2026-10-05T17:14:20.000Z</time>
        <extensions>
          <ns3:TrackPointExtension/>
        </extensions>
      </trkpt>
      <trkpt lat="44.29173982702195644378662109375" lon="-80.20947332493960857391357421875">
        <ele>454.600006103515625</ele>
        <time>2026-10-05T17:14:25.000Z</time>
        <extensions>
          <ns3:TrackPointExtension/>
        </extensions>
      </trkpt>
      <trkpt lat="44.291745610535144805908203125" lon="-80.209324546158313751220703125">
        <ele>454.79998779296875</ele>
        <time>2026-10-05T17:14:33.000Z</time>
        <extensions>
          <ns3:TrackPointExtension/>
        </extensions>
      </trkpt>
      <trkpt lat="44.29175399243831634521484375" lon="-80.20921759307384490966796875">
        <ele>454.600006103515625</ele>
        <time>2026-10-05T17:14:39.000Z</time>
        <extensions>
          <ns3:TrackPointExtension/>
        </extensions>
      </trkpt>
      <trkpt lat="44.29177620448172092437744140625" lon="-80.209135450422763824462890625">
        <ele>453.79998779296875</ele>
        <time>2026-10-05T17:14:44.000Z</time>
        <extensions>
          <ns3:TrackPointExtension/>
        </extensions>
      </trkpt>
      <trkpt lat="44.29178575985133647918701171875" lon="-80.209100581705570220947265625">
        <ele>453.600006103515625</ele>
        <time>2026-10-05T17:14:46.000Z</time>
        <extensions>
          <ns3:TrackPointExtension/>
        </extensions>
      </trkpt>
      <trkpt lat="44.2918466962873935699462890625" lon="-80.20892322063446044921875">
        <ele>453.399993896484375</ele>
        <time>2026-10-05T17:14:56.000Z</time>
        <extensions>
          <ns3:TrackPointExtension/>
        </extensions>
      </trkpt>
      <trkpt lat="44.29186538793146610260009765625" lon="-80.2088184468448162078857421875">
        <ele>452.600006103515625</ele>
        <time>2026-10-05T17:15:02.000Z</time>
        <extensions>
          <ns3:TrackPointExtension/>
        </extensions>
      </trkpt>
      <trkpt lat="44.29187293164432048797607421875" lon="-80.20878517068922519683837890625">
        <ele>452.399993896484375</ele>
        <time>2026-10-05T17:15:04.000Z</time>
        <extensions>
          <ns3:TrackPointExtension/>
        </extensions>
      </trkpt>
      <trkpt lat="44.291899167001247406005859375" lon="-80.20862071774899959564208984375">
        <ele>452</ele>
        <time>2026-10-05T17:15:13.000Z</time>
        <extensions>
          <ns3:TrackPointExtension/>
        </extensions>
      </trkpt>
      <trkpt lat="44.29193546064198017120361328125" lon="-80.20845408551394939422607421875">
        <ele>451.600006103515625</ele>
        <time>2026-10-05T17:15:23.000Z</time>
        <extensions>
          <ns3:TrackPointExtension/>
        </extensions>
      </trkpt>
      <trkpt lat="44.291941411793231964111328125" lon="-80.2084363996982574462890625">
        <ele>451.399993896484375</ele>
        <time>2026-10-05T17:15:24.000Z</time>
        <extensions>
          <ns3:TrackPointExtension/>
        </extensions>
      </trkpt>
      <trkpt lat="44.29197418503463268280029296875" lon="-80.2082763053476810455322265625">
        <ele>450.399993896484375</ele>
        <time>2026-10-05T17:15:33.000Z</time>
        <extensions>
          <ns3:TrackPointExtension/>
        </extensions>
      </trkpt>
      <trkpt lat="44.291997738182544708251953125" lon="-80.20813238807022571563720703125">
        <ele>449.79998779296875</ele>
        <time>2026-10-05T17:15:41.000Z</time>
        <extensions>
          <ns3:TrackPointExtension/>
        </extensions>
      </trkpt>
      <trkpt lat="44.29200209677219390869140625" lon="-80.2080764807760715484619140625">
        <ele>449.399993896484375</ele>
        <time>2026-10-05T17:15:44.000Z</time>
        <extensions>
          <ns3:TrackPointExtension/>
        </extensions>
      </trkpt>
      <trkpt lat="44.29203168489038944244384765625" lon="-80.20796340890228748321533203125">
        <ele>448.79998779296875</ele>
        <time>2026-10-05T17:15:51.000Z</time>
        <extensions>
          <ns3:TrackPointExtension/>
        </extensions>
      </trkpt>
      <trkpt lat="44.29205263964831829071044921875" lon="-80.2078974433243274688720703125">
        <ele>448.20001220703125</ele>
        <time>2026-10-05T17:15:55.000Z</time>
        <extensions>
          <ns3:TrackPointExtension/>
        </extensions>
      </trkpt>
      <trkpt lat="44.2920445092022418975830078125" lon="-80.207798369228839874267578125">
        <ele>448</ele>
        <time>2026-10-05T17:16:00.000Z</time>
        <extensions>
          <ns3:TrackPointExtension/>
        </extensions>
      </trkpt>
      <trkpt lat="44.29206470958888530731201171875" lon="-80.207630731165409088134765625">
        <ele>447.20001220703125</ele>
        <time>2026-10-05T17:16:09.000Z</time>
        <extensions>
          <ns3:TrackPointExtension/>
        </extensions>
      </trkpt>
      <trkpt lat="44.2920676432549953460693359375" lon="-80.20759158767759799957275390625">
        <ele>447.20001220703125</ele>
        <time>2026-10-05T17:16:11.000Z</time>
        <extensions>
          <ns3:TrackPointExtension/>
        </extensions>
      </trkpt>
      <trkpt lat="44.29209270514547824859619140625" lon="-80.2074870653450489044189453125">
        <ele>447</ele>
        <time>2026-10-05T17:16:17.000Z</time>
        <extensions>
          <ns3:TrackPointExtension/>
        </extensions>
      </trkpt>
      <trkpt lat="44.29213679395616054534912109375" lon="-80.207326970994472503662109375">
        <ele>446.600006103515625</ele>
        <time>2026-10-05T17:16:26.000Z</time>
        <extensions>
          <ns3:TrackPointExtension/>
        </extensions>
      </trkpt>
      <trkpt lat="44.29217015393078327178955078125" lon="-80.20719277672469615936279296875">
        <ele>446.79998779296875</ele>
        <time>2026-10-05T17:16:34.000Z</time>
        <extensions>
          <ns3:TrackPointExtension/>
        </extensions>
      </trkpt>
      <trkpt lat="44.29220049642026424407958984375" lon="-80.2070575766265392303466796875">
        <ele>446.600006103515625</ele>
        <time>2026-10-05T17:16:42.000Z</time>
        <extensions>
          <ns3:TrackPointExtension/>
        </extensions>
      </trkpt>
      <trkpt lat="44.29222262464463710784912109375" lon="-80.2069140784442424774169921875">
        <ele>446.20001220703125</ele>
        <time>2026-10-05T17:16:50.000Z</time>
        <extensions>
          <ns3:TrackPointExtension/>
        </extensions>
      </trkpt>
      <trkpt lat="44.29223955608904361724853515625" lon="-80.20683822222054004669189453125">
        <ele>446.20001220703125</ele>
        <time>2026-10-05T17:16:54.000Z</time>
        <extensions>
          <ns3:TrackPointExtension/>
        </extensions>
      </trkpt>
      <trkpt lat="44.29226118139922618865966796875" lon="-80.206653065979480743408203125">
        <ele>446.20001220703125</ele>
        <time>2026-10-05T17:17:04.000Z</time>
        <extensions>
          <ns3:TrackPointExtension/>
        </extensions>
      </trkpt>
      <trkpt lat="44.292292110621929168701171875" lon="-80.20648039877414703369140625">
        <ele>446.20001220703125</ele>
        <time>2026-10-05T17:17:14.000Z</time>
        <extensions>
          <ns3:TrackPointExtension/>
        </extensions>
      </trkpt>
      <trkpt lat="44.292331002652645111083984375" lon="-80.2062985114753246307373046875">
        <ele>446</ele>
        <time>2026-10-05T17:17:25.000Z</time>
        <extensions>
          <ns3:TrackPointExtension/>
        </extensions>
      </trkpt>
      <trkpt lat="44.29235673509538173675537109375" lon="-80.20615375600755214691162109375">
        <ele>445.399993896484375</ele>
        <time>2026-10-05T17:17:33.000Z</time>
        <extensions>
          <ns3:TrackPointExtension/>
        </extensions>
      </trkpt>
      <trkpt lat="44.2923744209110736846923828125" lon="-80.206083096563816070556640625">
        <ele>445.20001220703125</ele>
        <time>2026-10-05T17:17:37.000Z</time>
        <extensions>
          <ns3:TrackPointExtension/>
        </extensions>
      </trkpt>
      <trkpt lat="44.2923794500529766082763671875" lon="-80.20603154785931110382080078125">
        <ele>445.20001220703125</ele>
        <time>2026-10-05T17:17:40.000Z</time>
        <extensions>
          <ns3:TrackPointExtension/>
        </extensions>
      </trkpt>
      <trkpt lat="44.2924158275127410888671875" lon="-80.2059196494519710540771484375">
        <ele>444.79998779296875</ele>
        <time>2026-10-05T17:17:47.000Z</time>
        <extensions>
          <ns3:TrackPointExtension/>
        </extensions>
      </trkpt>
      <trkpt lat="44.2924344353377819061279296875" lon="-80.20585284568369388580322265625">
        <ele>444.20001220703125</ele>
        <time>2026-10-05T17:17:51.000Z</time>
        <extensions>
          <ns3:TrackPointExtension/>
        </extensions>
      </trkpt>
      <trkpt lat="44.29245270788669586181640625" lon="-80.20576969720423221588134765625">
        <ele>443.600006103515625</ele>
        <time>2026-10-05T17:17:56.000Z</time>
        <extensions>
          <ns3:TrackPointExtension/>
        </extensions>
      </trkpt>
      <trkpt lat="44.29248531349003314971923828125" lon="-80.2056353352963924407958984375">
        <ele>443.20001220703125</ele>
        <time>2026-10-05T17:18:04.000Z</time>
        <extensions>
          <ns3:TrackPointExtension/>
        </extensions>
      </trkpt>
      <trkpt lat="44.29250509478151798248291015625" lon="-80.20558051764965057373046875">
        <ele>443</ele>
        <time>2026-10-05T17:18:07.000Z</time>
        <extensions>
          <ns3:TrackPointExtension/>
        </extensions>
      </trkpt>
      <trkpt lat="44.29253711365163326263427734375" lon="-80.20544934086501598358154296875">
        <ele>442.600006103515625</ele>
        <time>2026-10-05T17:18:14.000Z</time>
        <extensions>
          <ns3:TrackPointExtension/>
        </extensions>
      </trkpt>
      <trkpt lat="44.2925829626619815826416015625" lon="-80.205322690308094024658203125">
        <ele>442</ele>
        <time>2026-10-05T17:18:21.000Z</time>
        <extensions>
          <ns3:TrackPointExtension/>
        </extensions>
      </trkpt>
      <trkpt lat="44.2925873212516307830810546875" lon="-80.2053057588636875152587890625">
        <ele>442</ele>
        <time>2026-10-05T17:18:22.000Z</time>
        <extensions>
          <ns3:TrackPointExtension/>
        </extensions>
      </trkpt>
      <trkpt lat="44.29263417609035968780517578125" lon="-80.2051394619047641754150390625">
        <ele>441</ele>
        <time>2026-10-05T17:18:32.000Z</time>
        <extensions>
          <ns3:TrackPointExtension/>
        </extensions>
      </trkpt>
      <trkpt lat="44.29264842532575130462646484375" lon="-80.2049973048269748687744140625">
        <ele>440.20001220703125</ele>
        <time>2026-10-05T17:18:41.000Z</time>
        <extensions>
          <ns3:TrackPointExtension/>
        </extensions>
      </trkpt>
      <trkpt lat="44.2926667816936969757080078125" lon="-80.2049480192363262176513671875">
        <ele>440</ele>
        <time>2026-10-05T17:18:44.000Z</time>
        <extensions>
          <ns3:TrackPointExtension/>
        </extensions>
      </trkpt>
      <trkpt lat="44.2926865629851818084716796875" lon="-80.20487518049776554107666015625">
        <ele>439.399993896484375</ele>
        <time>2026-10-05T17:18:48.000Z</time>
        <extensions>
          <ns3:TrackPointExtension/>
        </extensions>
      </trkpt>
      <trkpt lat="44.29269502870738506317138671875" lon="-80.20482103340327739715576171875">
        <ele>439</ele>
        <time>2026-10-05T17:18:51.000Z</time>
        <extensions>
          <ns3:TrackPointExtension/>
        </extensions>
      </trkpt>
      <trkpt lat="44.29270139895379543304443359375" lon="-80.204772837460041046142578125">
        <ele>438.399993896484375</ele>
        <time>2026-10-05T17:18:54.000Z</time>
        <extensions>
          <ns3:TrackPointExtension/>
        </extensions>
      </trkpt>
      <trkpt lat="44.29271330125629901885986328125" lon="-80.204719863831996917724609375">
        <ele>437.79998779296875</ele>
        <time>2026-10-05T17:18:57.000Z</time>
        <extensions>
          <ns3:TrackPointExtension/>
        </extensions>
      </trkpt>
      <trkpt lat="44.2927375249564647674560546875" lon="-80.2046127431094646453857421875">
        <ele>437</ele>
        <time>2026-10-05T17:19:03.000Z</time>
        <extensions>
          <ns3:TrackPointExtension/>
        </extensions>
      </trkpt>
      <trkpt lat="44.29274263791739940643310546875" lon="-80.204595811665058135986328125">
        <ele>436.79998779296875</ele>
        <time>2026-10-05T17:19:04.000Z</time>
        <extensions>
          <ns3:TrackPointExtension/>
        </extensions>
      </trkpt>
      <trkpt lat="44.292764849960803985595703125" lon="-80.204474441707134246826171875">
        <ele>435.600006103515625</ele>
        <time>2026-10-05T17:19:11.000Z</time>
        <extensions>
          <ns3:TrackPointExtension/>
        </extensions>
      </trkpt>
      <trkpt lat="44.29276828654110431671142578125" lon="-80.20445642061531543731689453125">
        <ele>435.600006103515625</ele>
        <time>2026-10-05T17:19:12.000Z</time>
        <extensions>
          <ns3:TrackPointExtension/>
        </extensions>
      </trkpt>
      <trkpt lat="44.29279963485896587371826171875" lon="-80.20429615862667560577392578125">
        <ele>434.79998779296875</ele>
        <time>2026-10-05T17:19:21.000Z</time>
        <extensions>
          <ns3:TrackPointExtension/>
        </extensions>
      </trkpt>
      <trkpt lat="44.292839281260967254638671875" lon="-80.20427671261131763458251953125">
        <ele>434.600006103515625</ele>
        <time>2026-10-05T17:19:24.000Z</time>
        <extensions>
          <ns3:TrackPointExtension/>
        </extensions>
      </trkpt>
      <trkpt lat="44.2928122915327548980712890625" lon="-80.2042415924370288848876953125">
        <ele>434.20001220703125</ele>
        <time>2026-10-05T17:19:29.000Z</time>
        <extensions>
          <ns3:TrackPointExtension/>
        </extensions>
      </trkpt>
      <trkpt lat="44.2928015626966953277587890625" lon="-80.20423631183803081512451171875">
        <ele>434</ele>
        <time>2026-10-05T17:19:30.000Z</time>
        <extensions>
          <ns3:TrackPointExtension/>
        </extensions>
      </trkpt>
      <trkpt lat="44.2927645146846771240234375" lon="-80.2042258344590663909912109375">
        <ele>433.399993896484375</ele>
        <time>2026-10-05T17:19:33.000Z</time>
        <extensions>
          <ns3:TrackPointExtension/>
        </extensions>
      </trkpt>
      <trkpt lat="44.2927430570125579833984375" lon="-80.20419859327375888824462890625">
        <ele>432.79998779296875</ele>
        <time>2026-10-05T17:19:37.000Z</time>
        <extensions>
          <ns3:TrackPointExtension/>
        </extensions>
      </trkpt>
      <trkpt lat="44.29273224435746669769287109375" lon="-80.20418819971382617950439453125">
        <ele>432.399993896484375</ele>
        <time>2026-10-05T17:19:40.000Z</time>
        <extensions>
          <ns3:TrackPointExtension/>
        </extensions>
      </trkpt>
      <trkpt lat="44.29272922687232494354248046875" lon="-80.2041778899729251861572265625">
        <ele>431.600006103515625</ele>
        <time>2026-10-05T17:19:51.000Z</time>
        <extensions>
          <ns3:TrackPointExtension/>
        </extensions>
      </trkpt>
      <trkpt lat="44.29268337786197662353515625" lon="-80.2041674964129924774169921875">
        <ele>431.600006103515625</ele>
        <time>2026-10-05T17:20:00.000Z</time>
        <extensions>
          <ns3:TrackPointExtension/>
        </extensions>
      </trkpt>
      <trkpt lat="44.2926718108355998992919921875" lon="-80.204162299633026123046875">
        <ele>431.399993896484375</ele>
        <time>2026-10-05T17:20:03.000Z</time>
        <extensions>
          <ns3:TrackPointExtension/>
        </extensions>
      </trkpt>
      <trkpt lat="44.2925794422626495361328125" lon="-80.2041359804570674896240234375">
        <ele>430.79998779296875</ele>
        <time>2026-10-05T17:20:13.000Z</time>
        <extensions>
          <ns3:TrackPointExtension/>
        </extensions>
      </trkpt>
      <trkpt lat="44.292508028447628021240234375" lon="-80.2041099965572357177734375">
        <ele>430.399993896484375</ele>
        <time>2026-10-05T17:20:19.000Z</time>
        <extensions>
          <ns3:TrackPointExtension/>
        </extensions>
      </trkpt>
      <trkpt lat="44.29242077283561229705810546875" lon="-80.2040830068290233612060546875">
        <ele>429.79998779296875</ele>
        <time>2026-10-05T17:20:27.000Z</time>
        <extensions>
          <ns3:TrackPointExtension/>
        </extensions>
      </trkpt>
      <trkpt lat="44.29238741286098957061767578125" lon="-80.20407772623002529144287109375">
        <ele>429.20001220703125</ele>
        <time>2026-10-05T17:20:31.000Z</time>
        <extensions>
          <ns3:TrackPointExtension/>
        </extensions>
      </trkpt>
      <trkpt lat="44.2923522926867008209228515625" lon="-80.20408091135323047637939453125">
        <ele>428.600006103515625</ele>
        <time>2026-10-05T17:20:37.000Z</time>
        <extensions>
          <ns3:TrackPointExtension/>
        </extensions>
      </trkpt>
      <trkpt lat="44.29234650917351245880126953125" lon="-80.20408652722835540771484375">
        <ele>428.20001220703125</ele>
        <time>2026-10-05T17:20:40.000Z</time>
        <extensions>
          <ns3:TrackPointExtension/>
        </extensions>
      </trkpt>
      <trkpt lat="44.29229688830673694610595703125" lon="-80.2041091583669185638427734375">
        <ele>428</ele>
        <time>2026-10-05T17:20:48.000Z</time>
        <extensions>
          <ns3:TrackPointExtension/>
        </extensions>
      </trkpt>
      <trkpt lat="44.29222631268203258514404296875" lon="-80.204146206378936767578125">
        <ele>427.79998779296875</ele>
        <time>2026-10-05T17:20:55.000Z</time>
        <extensions>
          <ns3:TrackPointExtension/>
        </extensions>
      </trkpt>
      <trkpt lat="44.2921826429665088653564453125" lon="-80.20418107509613037109375">
        <ele>427.20001220703125</ele>
        <time>2026-10-05T17:20:59.000Z</time>
        <extensions>
          <ns3:TrackPointExtension/>
        </extensions>
      </trkpt>
      <trkpt lat="44.292152635753154754638671875" lon="-80.20420311950147151947021484375">
        <ele>427</ele>
        <time>2026-10-05T17:21:02.000Z</time>
        <extensions>
          <ns3:TrackPointExtension/>
        </extensions>
      </trkpt>
      <trkpt lat="44.29205364547669887542724609375" lon="-80.20432868041098117828369140625">
        <ele>426.399993896484375</ele>
        <time>2026-10-05T17:21:14.000Z</time>
        <extensions>
          <ns3:TrackPointExtension/>
        </extensions>
      </trkpt>
      <trkpt lat="44.2920284159481525421142578125" lon="-80.20437880419194698333740234375">
        <ele>426.20001220703125</ele>
        <time>2026-10-05T17:21:18.000Z</time>
        <extensions>
          <ns3:TrackPointExtension/>
        </extensions>
      </trkpt>
      <trkpt lat="44.29198072291910648345947265625" lon="-80.20445273257791996002197265625">
        <ele>425.20001220703125</ele>
        <time>2026-10-05T17:21:24.000Z</time>
        <extensions>
          <ns3:TrackPointExtension/>
        </extensions>
      </trkpt>
      <trkpt lat="44.29197393357753753662109375" lon="-80.2044648863375186920166015625">
        <ele>424.79998779296875</ele>
        <time>2026-10-05T17:21:25.000Z</time>
        <extensions>
          <ns3:TrackPointExtension/>
        </extensions>
      </trkpt>
      <trkpt lat="44.29189120419323444366455078125" lon="-80.20458877086639404296875">
        <ele>424</ele>
        <time>2026-10-05T17:21:36.000Z</time>
        <extensions>
          <ns3:TrackPointExtension/>
        </extensions>
      </trkpt>
      <trkpt lat="44.2918820679187774658203125" lon="-80.2045954763889312744140625">
        <ele>423.79998779296875</ele>
        <time>2026-10-05T17:21:37.000Z</time>
        <extensions>
          <ns3:TrackPointExtension/>
        </extensions>
      </trkpt>
      <trkpt lat="44.29183890111744403839111328125" lon="-80.20466362126171588897705078125">
        <ele>422.600006103515625</ele>
        <time>2026-10-05T17:21:43.000Z</time>
        <extensions>
          <ns3:TrackPointExtension/>
        </extensions>
      </trkpt>
      <trkpt lat="44.29178106598556041717529296875" lon="-80.2047046087682247161865234375">
        <ele>421.399993896484375</ele>
        <time>2026-10-05T17:21:49.000Z</time>
        <extensions>
          <ns3:TrackPointExtension/>
        </extensions>
      </trkpt>
      <trkpt lat="44.29176664911210536956787109375" lon="-80.20471416413784027099609375">
        <ele>421.20001220703125</ele>
        <time>2026-10-05T17:21:50.000Z</time>
        <extensions>
          <ns3:TrackPointExtension/>
        </extensions>
      </trkpt>
      <trkpt lat="44.2917189560830593109130859375" lon="-80.20474928431212902069091796875">
        <ele>420.20001220703125</ele>
        <time>2026-10-05T17:21:54.000Z</time>
        <extensions>
          <ns3:TrackPointExtension/>
        </extensions>
      </trkpt>
      <trkpt lat="44.291649721562862396240234375" lon="-80.2048112265765666961669921875">
        <ele>419.20001220703125</ele>
        <time>2026-10-05T17:22:03.000Z</time>
        <extensions>
          <ns3:TrackPointExtension/>
        </extensions>
      </trkpt>
      <trkpt lat="44.29153530858457088470458984375" lon="-80.2046866714954376220703125">
        <ele>418.399993896484375</ele>
        <time>2026-10-05T17:22:16.000Z</time>
        <extensions>
          <ns3:TrackPointExtension/>
        </extensions>
      </trkpt>
      <trkpt lat="44.29152240045368671417236328125" lon="-80.20466211251914501190185546875">
        <ele>418.20001220703125</ele>
        <time>2026-10-05T17:22:18.000Z</time>
        <extensions>
          <ns3:TrackPointExtension/>
        </extensions>
      </trkpt>
      <trkpt lat="44.2914554290473461151123046875" lon="-80.20452733151614665985107421875">
        <ele>417.79998779296875</ele>
        <time>2026-10-05T17:22:26.000Z</time>
        <extensions>
          <ns3:TrackPointExtension/>
        </extensions>
      </trkpt>
      <trkpt lat="44.291420392692089080810546875" lon="-80.20447083748877048492431640625">
        <ele>417.79998779296875</ele>
        <time>2026-10-05T17:22:30.000Z</time>
        <extensions>
          <ns3:TrackPointExtension/>
        </extensions>
      </trkpt>
      <trkpt lat="44.29135593585669994354248046875" lon="-80.20427159965038299560546875">
        <ele>418</ele>
        <time>2026-10-05T17:22:42.000Z</time>
        <extensions>
          <ns3:TrackPointExtension/>
        </extensions>
      </trkpt>
      <trkpt lat="44.29128955118358135223388671875" lon="-80.2040538378059864044189453125">
        <ele>419</ele>
        <time>2026-10-05T17:22:57.000Z</time>
        <extensions>
          <ns3:TrackPointExtension/>
        </extensions>
      </trkpt>
      <trkpt lat="44.29119852371513843536376953125" lon="-80.2039361558854579925537109375">
        <ele>419.20001220703125</ele>
        <time>2026-10-05T17:23:04.000Z</time>
        <extensions>
          <ns3:TrackPointExtension/>
        </extensions>
      </trkpt>
      <trkpt lat="44.29110112600028514862060546875" lon="-80.20383615978062152862548828125">
        <ele>419.399993896484375</ele>
        <time>2026-10-05T17:23:12.000Z</time>
        <extensions>
          <ns3:TrackPointExtension/>
        </extensions>
      </trkpt>
      <trkpt lat="44.29093935526907444000244140625" lon="-80.203783102333545684814453125">
        <ele>420.20001220703125</ele>
        <time>2026-10-05T17:23:26.000Z</time>
        <extensions>
          <ns3:TrackPointExtension/>
        </extensions>
      </trkpt>
      <trkpt lat="44.2909283749759197235107421875" lon="-80.20378335379064083099365234375">
        <ele>420.399993896484375</ele>
        <time>2026-10-05T17:23:27.000Z</time>
        <extensions>
          <ns3:TrackPointExtension/>
        </extensions>
      </trkpt>
      <trkpt lat="44.29074690677225589752197265625" lon="-80.20375301130115985870361328125">
        <ele>420.399993896484375</ele>
        <time>2026-10-05T17:23:42.000Z</time>
        <extensions>
          <ns3:TrackPointExtension/>
        </extensions>
      </trkpt>
      <trkpt lat="44.29072075523436069488525390625" lon="-80.20374320447444915771484375">
        <ele>420.399993896484375</ele>
        <time>2026-10-05T17:23:44.000Z</time>
        <extensions>
          <ns3:TrackPointExtension/>
        </extensions>
      </trkpt>
      <trkpt lat="44.29056367836892604827880859375" lon="-80.20370565354824066162109375">
        <ele>419.20001220703125</ele>
        <time>2026-10-05T17:23:57.000Z</time>
        <extensions>
          <ns3:TrackPointExtension/>
        </extensions>
      </trkpt>
      <trkpt lat="44.29054155014455318450927734375" lon="-80.2037038095295429229736328125">
        <ele>418.79998779296875</ele>
        <time>2026-10-05T17:23:59.000Z</time>
        <extensions>
          <ns3:TrackPointExtension/>
        </extensions>
      </trkpt>
      <trkpt lat="44.2904874868690967559814453125" lon="-80.2037195675075054168701171875">
        <ele>418</ele>
        <time>2026-10-05T17:24:05.000Z</time>
        <extensions>
          <ns3:TrackPointExtension/>
        </extensions>
      </trkpt>
      <trkpt lat="44.290423281490802764892578125" lon="-80.2037634886801242828369140625">
        <ele>417</ele>
        <time>2026-10-05T17:24:12.000Z</time>
        <extensions>
          <ns3:TrackPointExtension/>
        </extensions>
      </trkpt>
      <trkpt lat="44.29041414521634578704833984375" lon="-80.2037695236504077911376953125">
        <ele>416.79998779296875</ele>
        <time>2026-10-05T17:24:13.000Z</time>
        <extensions>
          <ns3:TrackPointExtension/>
        </extensions>
      </trkpt>
      <trkpt lat="44.29040350019931793212890625" lon="-80.2037785761058330535888671875">
        <ele>416.600006103515625</ele>
        <time>2026-10-05T17:24:14.000Z</time>
        <extensions>
          <ns3:TrackPointExtension/>
        </extensions>
      </trkpt>
      <trkpt lat="44.290376007556915283203125" lon="-80.20380212925374507904052734375">
        <ele>415.79998779296875</ele>
        <time>2026-10-05T17:24:17.000Z</time>
        <extensions>
          <ns3:TrackPointExtension/>
        </extensions>
      </trkpt>
      <trkpt lat="44.29030031897127628326416015625" lon="-80.20387806929647922515869140625">
        <ele>414.600006103515625</ele>
        <time>2026-10-05T17:24:27.000Z</time>
        <extensions>
          <ns3:TrackPointExtension/>
        </extensions>
      </trkpt>
      <trkpt lat="44.290292523801326751708984375" lon="-80.20388460718095302581787109375">
        <ele>414.399993896484375</ele>
        <time>2026-10-05T17:24:28.000Z</time>
        <extensions>
          <ns3:TrackPointExtension/>
        </extensions>
      </trkpt>
      <trkpt lat="44.2902212776243686676025390625" lon="-80.203965492546558380126953125">
        <ele>413.600006103515625</ele>
        <time>2026-10-05T17:24:35.000Z</time>
        <extensions>
          <ns3:TrackPointExtension/>
        </extensions>
      </trkpt>
      <trkpt lat="44.29016939364373683929443359375" lon="-80.2039854414761066436767578125">
        <ele>413.20001220703125</ele>
        <time>2026-10-05T17:24:40.000Z</time>
        <extensions>
          <ns3:TrackPointExtension/>
        </extensions>
      </trkpt>
      <trkpt lat="44.2899865843355655670166015625" lon="-80.2039639838039875030517578125">
        <ele>413.20001220703125</ele>
        <time>2026-10-05T17:24:53.000Z</time>
        <extensions>
          <ns3:TrackPointExtension/>
        </extensions>
      </trkpt>
      <trkpt lat="44.28997107781469821929931640625" lon="-80.20396314561367034912109375">
        <ele>413.20001220703125</ele>
        <time>2026-10-05T17:24:54.000Z</time>
        <extensions>
          <ns3:TrackPointExtension/>
        </extensions>
      </trkpt>
      <trkpt lat="44.28983495570719242095947265625" lon="-80.2039381675422191619873046875">
        <ele>414.399993896484375</ele>
        <time>2026-10-05T17:25:08.000Z</time>
        <extensions>
          <ns3:TrackPointExtension/>
        </extensions>
      </trkpt>
      <trkpt lat="44.28982774727046489715576171875" lon="-80.2039338089525699615478515625">
        <ele>414.600006103515625</ele>
        <time>2026-10-05T17:25:09.000Z</time>
        <extensions>
          <ns3:TrackPointExtension/>
        </extensions>
      </trkpt>
      <trkpt lat="44.28977510891854763031005859375" lon="-80.20387153141200542449951171875">
        <ele>415.600006103515625</ele>
        <time>2026-10-05T17:25:16.000Z</time>
        <extensions>
          <ns3:TrackPointExtension/>
        </extensions>
      </trkpt>
      <trkpt lat="44.2897314392030239105224609375" lon="-80.20379592664539813995361328125">
        <ele>416.79998779296875</ele>
        <time>2026-10-05T17:25:21.000Z</time>
        <extensions>
          <ns3:TrackPointExtension/>
        </extensions>
      </trkpt>
      <trkpt lat="44.289726912975311279296875" lon="-80.2037903107702732086181640625">
        <ele>417.20001220703125</ele>
        <time>2026-10-05T17:25:22.000Z</time>
        <extensions>
          <ns3:TrackPointExtension/>
        </extensions>
      </trkpt>
      <trkpt lat="44.28971878252923488616943359375" lon="-80.20377631299197673797607421875">
        <ele>417.79998779296875</ele>
        <time>2026-10-05T17:25:24.000Z</time>
        <extensions>
          <ns3:TrackPointExtension/>
        </extensions>
      </trkpt>
      <trkpt lat="44.289662875235080718994140625" lon="-80.20369115285575389862060546875">
        <ele>418.79998779296875</ele>
        <time>2026-10-05T17:25:33.000Z</time>
        <extensions>
          <ns3:TrackPointExtension/>
        </extensions>
      </trkpt>
      <trkpt lat="44.2896523140370845794677734375" lon="-80.20367790944874286651611328125">
        <ele>419</ele>
        <time>2026-10-05T17:25:34.000Z</time>
        <extensions>
          <ns3:TrackPointExtension/>
        </extensions>
      </trkpt>
      <trkpt lat="44.2896268330514430999755859375" lon="-80.2036350779235363006591796875">
        <ele>419.600006103515625</ele>
        <time>2026-10-05T17:25:38.000Z</time>
        <extensions>
          <ns3:TrackPointExtension/>
        </extensions>
      </trkpt>
      <trkpt lat="44.289610572159290313720703125" lon="-80.20359492860734462738037109375">
        <ele>420</ele>
        <time>2026-10-05T17:25:42.000Z</time>
        <extensions>
          <ns3:TrackPointExtension/>
        </extensions>
      </trkpt>
      <trkpt lat="44.28955030627548694610595703125" lon="-80.20353256724774837493896484375">
        <ele>421</ele>
        <time>2026-10-05T17:25:48.000Z</time>
        <extensions>
          <ns3:TrackPointExtension/>
        </extensions>
      </trkpt>
      <trkpt lat="44.28941854275763034820556640625" lon="-80.20345545373857021331787109375">
        <ele>422</ele>
        <time>2026-10-05T17:25:58.000Z</time>
        <extensions>
          <ns3:TrackPointExtension/>
        </extensions>
      </trkpt>
      <trkpt lat="44.289400689303874969482421875" lon="-80.2034419588744640350341796875">
        <ele>422.399993896484375</ele>
        <time>2026-10-05T17:26:00.000Z</time>
        <extensions>
          <ns3:TrackPointExtension/>
        </extensions>
      </trkpt>
      <trkpt lat="44.2893723584711551666259765625" lon="-80.2034312300384044647216796875">
        <ele>423.20001220703125</ele>
        <time>2026-10-05T17:26:03.000Z</time>
        <extensions>
          <ns3:TrackPointExtension/>
        </extensions>
      </trkpt>
      <trkpt lat="44.2892563529312610626220703125" lon="-80.20339963026344776153564453125">
        <ele>423.79998779296875</ele>
        <time>2026-10-05T17:26:13.000Z</time>
        <extensions>
          <ns3:TrackPointExtension/>
        </extensions>
      </trkpt>
      <trkpt lat="44.2890823446214199066162109375" lon="-80.2033643424510955810546875">
        <ele>423.79998779296875</ele>
        <time>2026-10-05T17:26:28.000Z</time>
        <extensions>
          <ns3:TrackPointExtension/>
        </extensions>
      </trkpt>
      <trkpt lat="44.2889552749693393707275390625" lon="-80.20335822366178035736083984375">
        <ele>424.20001220703125</ele>
        <time>2026-10-05T17:26:39.000Z</time>
        <extensions>
          <ns3:TrackPointExtension/>
        </extensions>
      </trkpt>
      <trkpt lat="44.28893088363111019134521484375" lon="-80.2033547870814800262451171875">
        <ele>425</ele>
        <time>2026-10-05T17:26:41.000Z</time>
        <extensions>
          <ns3:TrackPointExtension/>
        </extensions>
      </trkpt>
      <trkpt lat="44.28891914896667003631591796875" lon="-80.20335218869149684906005859375">
        <ele>425.20001220703125</ele>
        <time>2026-10-05T17:26:42.000Z</time>
        <extensions>
          <ns3:TrackPointExtension/>
        </extensions>
      </trkpt>
      <trkpt lat="44.28879174403846263885498046875" lon="-80.203317068517208099365234375">
        <ele>426.20001220703125</ele>
        <time>2026-10-05T17:26:52.000Z</time>
        <extensions>
          <ns3:TrackPointExtension/>
        </extensions>
      </trkpt>
      <trkpt lat="44.2887668497860431671142578125" lon="-80.2033085189759731292724609375">
        <ele>426.399993896484375</ele>
        <time>2026-10-05T17:26:54.000Z</time>
        <extensions>
          <ns3:TrackPointExtension/>
        </extensions>
      </trkpt>
      <trkpt lat="44.28861580789089202880859375" lon="-80.20327993668615818023681640625">
        <ele>425.79998779296875</ele>
        <time>2026-10-05T17:27:06.000Z</time>
        <extensions>
          <ns3:TrackPointExtension/>
        </extensions>
      </trkpt>
      <trkpt lat="44.288432411849498748779296875" lon="-80.20326233468949794769287109375">
        <ele>426.20001220703125</ele>
        <time>2026-10-05T17:27:20.000Z</time>
        <extensions>
          <ns3:TrackPointExtension/>
        </extensions>
      </trkpt>
      <trkpt lat="44.288408271968364715576171875" lon="-80.2032582275569438934326171875">
        <ele>426.20001220703125</ele>
        <time>2026-10-05T17:27:22.000Z</time>
        <extensions>
          <ns3:TrackPointExtension/>
        </extensions>
      </trkpt>
      <trkpt lat="44.288268126547336578369140625" lon="-80.20324892364442348480224609375">
        <ele>426.79998779296875</ele>
        <time>2026-10-05T17:27:34.000Z</time>
        <extensions>
          <ns3:TrackPointExtension/>
        </extensions>
      </trkpt>
      <trkpt lat="44.28818573243916034698486328125" lon="-80.2032226882874965667724609375">
        <ele>427.399993896484375</ele>
        <time>2026-10-05T17:27:41.000Z</time>
        <extensions>
          <ns3:TrackPointExtension/>
        </extensions>
      </trkpt>
      <trkpt lat="44.28808473050594329833984375" lon="-80.2031925134360790252685546875">
        <ele>428</ele>
        <time>2026-10-05T17:27:50.000Z</time>
        <extensions>
          <ns3:TrackPointExtension/>
        </extensions>
      </trkpt>
      <trkpt lat="44.2879990674555301666259765625" lon="-80.20317013375461101531982421875">
        <ele>428.399993896484375</ele>
        <time>2026-10-05T17:27:57.000Z</time>
        <extensions>
          <ns3:TrackPointExtension/>
        </extensions>
      </trkpt>
      <trkpt lat="44.287909381091594696044921875" lon="-80.20315580070018768310546875">
        <ele>429.20001220703125</ele>
        <time>2026-10-05T17:28:05.000Z</time>
        <extensions>
          <ns3:TrackPointExtension/>
        </extensions>
      </trkpt>
      <trkpt lat="44.287853725254535675048828125" lon="-80.20314834080636501312255859375">
        <ele>429.399993896484375</ele>
        <time>2026-10-05T17:28:10.000Z</time>
        <extensions>
          <ns3:TrackPointExtension/>
        </extensions>
      </trkpt>
      <trkpt lat="44.2877647094428539276123046875" lon="-80.20314783789217472076416015625">
        <ele>430</ele>
        <time>2026-10-05T17:28:18.000Z</time>
        <extensions>
          <ns3:TrackPointExtension/>
        </extensions>
      </trkpt>
      <trkpt lat="44.28772523067891597747802734375" lon="-80.20313878543674945831298828125">
        <ele>430.600006103515625</ele>
        <time>2026-10-05T17:28:21.000Z</time>
        <extensions>
          <ns3:TrackPointExtension/>
        </extensions>
      </trkpt>
      <trkpt lat="44.2876017652451992034912109375" lon="-80.20309017039835453033447265625">
        <ele>431.600006103515625</ele>
        <time>2026-10-05T17:28:32.000Z</time>
        <extensions>
          <ns3:TrackPointExtension/>
        </extensions>
      </trkpt>
      <trkpt lat="44.28745801560580730438232421875" lon="-80.20302529446780681610107421875">
        <ele>432.79998779296875</ele>
        <time>2026-10-05T17:28:44.000Z</time>
        <extensions>
          <ns3:TrackPointExtension/>
        </extensions>
      </trkpt>
      <trkpt lat="44.28742147050797939300537109375" lon="-80.2030024118721485137939453125">
        <ele>433.20001220703125</ele>
        <time>2026-10-05T17:28:47.000Z</time>
        <extensions>
          <ns3:TrackPointExtension/>
        </extensions>
      </trkpt>
      <trkpt lat="44.287344105541706085205078125" lon="-80.20286737941205501556396484375">
        <ele>433.20001220703125</ele>
        <time>2026-10-05T17:28:57.000Z</time>
        <extensions>
          <ns3:TrackPointExtension/>
        </extensions>
      </trkpt>
      <trkpt lat="44.2873437702655792236328125" lon="-80.202837623655796051025390625">
        <ele>433.20001220703125</ele>
        <time>2026-10-05T17:28:59.000Z</time>
        <extensions>
          <ns3:TrackPointExtension/>
        </extensions>
      </trkpt>
      <trkpt lat="44.287365563213825225830078125" lon="-80.20268867723643779754638671875">
        <ele>432.399993896484375</ele>
        <time>2026-10-05T17:29:10.000Z</time>
        <extensions>
          <ns3:TrackPointExtension/>
        </extensions>
      </trkpt>
      <trkpt lat="44.28738073445856571197509765625" lon="-80.20264006219804286956787109375">
        <ele>431.79998779296875</ele>
        <time>2026-10-05T17:29:13.000Z</time>
        <extensions>
          <ns3:TrackPointExtension/>
        </extensions>
      </trkpt>
      <trkpt lat="44.287404119968414306640625" lon="-80.20255054347217082977294921875">
        <ele>430.600006103515625</ele>
        <time>2026-10-05T17:29:19.000Z</time>
        <extensions>
          <ns3:TrackPointExtension/>
        </extensions>
      </trkpt>
      <trkpt lat="44.28741820156574249267578125" lon="-80.202485583722591400146484375">
        <ele>429.399993896484375</ele>
        <time>2026-10-05T17:29:23.000Z</time>
        <extensions>
          <ns3:TrackPointExtension/>
        </extensions>
      </trkpt>
      <trkpt lat="44.28742934949696063995361328125" lon="-80.20245767198503017425537109375">
        <ele>429.20001220703125</ele>
        <time>2026-10-05T17:29:25.000Z</time>
        <extensions>
          <ns3:TrackPointExtension/>
        </extensions>
      </trkpt>
      <trkpt lat="44.28747947327792644500732421875" lon="-80.2022819034755229949951171875">
        <ele>428.399993896484375</ele>
        <time>2026-10-05T17:29:38.000Z</time>
        <extensions>
          <ns3:TrackPointExtension/>
        </extensions>
      </trkpt>
      <trkpt lat="44.28748366422951221466064453125" lon="-80.20226807333528995513916015625">
        <ele>428</ele>
        <time>2026-10-05T17:29:39.000Z</time>
        <extensions>
          <ns3:TrackPointExtension/>
        </extensions>
      </trkpt>
      <trkpt lat="44.287496991455554962158203125" lon="-80.20215340889990329742431640625">
        <ele>427.20001220703125</ele>
        <time>2026-10-05T17:29:46.000Z</time>
        <extensions>
          <ns3:TrackPointExtension/>
        </extensions>
      </trkpt>
      <trkpt lat="44.287524484097957611083984375" lon="-80.202032625675201416015625">
        <ele>426.20001220703125</ele>
        <time>2026-10-05T17:29:54.000Z</time>
        <extensions>
          <ns3:TrackPointExtension/>
        </extensions>
      </trkpt>
      <trkpt lat="44.28753328509628772735595703125" lon="-80.20199666731059551239013671875">
        <ele>425.600006103515625</ele>
        <time>2026-10-05T17:29:57.000Z</time>
        <extensions>
          <ns3:TrackPointExtension/>
        </extensions>
      </trkpt>
      <trkpt lat="44.28755708970129489898681640625" lon="-80.2019105851650238037109375">
        <ele>425.20001220703125</ele>
        <time>2026-10-05T17:30:03.000Z</time>
        <extensions>
          <ns3:TrackPointExtension/>
        </extensions>
      </trkpt>
      <trkpt lat="44.28759212605655193328857421875" lon="-80.20178343169391155242919921875">
        <ele>424</ele>
        <time>2026-10-05T17:30:11.000Z</time>
        <extensions>
          <ns3:TrackPointExtension/>
        </extensions>
      </trkpt>
      <trkpt lat="44.28759883157908916473388671875" lon="-80.20175577141344547271728515625">
        <ele>423.79998779296875</ele>
        <time>2026-10-05T17:30:13.000Z</time>
        <extensions>
          <ns3:TrackPointExtension/>
        </extensions>
      </trkpt>
      <trkpt lat="44.28763571195304393768310546875" lon="-80.2016489021480083465576171875">
        <ele>423</ele>
        <time>2026-10-05T17:30:21.000Z</time>
        <extensions>
          <ns3:TrackPointExtension/>
        </extensions>
      </trkpt>
      <trkpt lat="44.28767041303217411041259765625" lon="-80.201555527746677398681640625">
        <ele>422.399993896484375</ele>
        <time>2026-10-05T17:30:27.000Z</time>
        <extensions>
          <ns3:TrackPointExtension/>
        </extensions>
      </trkpt>
      <trkpt lat="44.28769539110362529754638671875" lon="-80.2014748938381671905517578125">
        <ele>422</ele>
        <time>2026-10-05T17:30:32.000Z</time>
        <extensions>
          <ns3:TrackPointExtension/>
        </extensions>
      </trkpt>
      <trkpt lat="44.2877224646508693695068359375" lon="-80.2013612352311611175537109375">
        <ele>420.79998779296875</ele>
        <time>2026-10-05T17:30:39.000Z</time>
        <extensions>
          <ns3:TrackPointExtension/>
        </extensions>
      </trkpt>
      <trkpt lat="44.28774635307490825653076171875" lon="-80.2012388594448566436767578125">
        <ele>420</ele>
        <time>2026-10-05T17:30:46.000Z</time>
        <extensions>
          <ns3:TrackPointExtension/>
        </extensions>
      </trkpt>
      <trkpt lat="44.287753812968730926513671875" lon="-80.20121656358242034912109375">
        <ele>419.79998779296875</ele>
        <time>2026-10-05T17:30:48.000Z</time>
        <extensions>
          <ns3:TrackPointExtension/>
        </extensions>
      </trkpt>
      <trkpt lat="44.28777736611664295196533203125" lon="-80.20111732184886932373046875">
        <ele>418.600006103515625</ele>
        <time>2026-10-05T17:30:56.000Z</time>
        <extensions>
          <ns3:TrackPointExtension/>
        </extensions>
      </trkpt>
      <trkpt lat="44.28780578076839447021484375" lon="-80.2010643482208251953125">
        <ele>417.600006103515625</ele>
        <time>2026-10-05T17:31:01.000Z</time>
        <extensions>
          <ns3:TrackPointExtension/>
        </extensions>
      </trkpt>
      <trkpt lat="44.2878091335296630859375" lon="-80.201053954660892486572265625">
        <ele>417.399993896484375</ele>
        <time>2026-10-05T17:31:02.000Z</time>
        <extensions>
          <ns3:TrackPointExtension/>
        </extensions>
      </trkpt>
      <trkpt lat="44.28783805109560489654541015625" lon="-80.20085044205188751220703125">
        <ele>416.399993896484375</ele>
        <time>2026-10-05T17:31:13.000Z</time>
        <extensions>
          <ns3:TrackPointExtension/>
        </extensions>
      </trkpt>
      <trkpt lat="44.28784190677106380462646484375" lon="-80.200757570564746856689453125">
        <ele>415.20001220703125</ele>
        <time>2026-10-05T17:31:19.000Z</time>
        <extensions>
          <ns3:TrackPointExtension/>
        </extensions>
      </trkpt>
      <trkpt lat="44.28786705248057842254638671875" lon="-80.20066461525857448577880859375">
        <ele>414.600006103515625</ele>
        <time>2026-10-05T17:31:25.000Z</time>
        <extensions>
          <ns3:TrackPointExtension/>
        </extensions>
      </trkpt>
      <trkpt lat="44.28790041245520114898681640625" lon="-80.200571157038211822509765625">
        <ele>414.20001220703125</ele>
        <time>2026-10-05T17:31:32.000Z</time>
        <extensions>
          <ns3:TrackPointExtension/>
        </extensions>
      </trkpt>
      <trkpt lat="44.28792723454535007476806640625" lon="-80.200468562543392181396484375">
        <ele>413.600006103515625</ele>
        <time>2026-10-05T17:31:38.000Z</time>
        <extensions>
          <ns3:TrackPointExtension/>
        </extensions>
      </trkpt>
      <trkpt lat="44.28793318569660186767578125" lon="-80.20042891614139080047607421875">
        <ele>413.399993896484375</ele>
        <time>2026-10-05T17:31:40.000Z</time>
        <extensions>
          <ns3:TrackPointExtension/>
        </extensions>
      </trkpt>
      <trkpt lat="44.28793561644852161407470703125" lon="-80.20040921866893768310546875">
        <ele>413</ele>
        <time>2026-10-05T17:31:41.000Z</time>
        <extensions>
          <ns3:TrackPointExtension/>
        </extensions>
      </trkpt>
      <trkpt lat="44.287973083555698394775390625" lon="-80.20029128529131412506103515625">
        <ele>412</ele>
        <time>2026-10-05T17:31:49.000Z</time>
        <extensions>
          <ns3:TrackPointExtension/>
        </extensions>
      </trkpt>
      <trkpt lat="44.28799881599843502044677734375" lon="-80.20022682845592498779296875">
        <ele>411.600006103515625</ele>
        <time>2026-10-05T17:31:54.000Z</time>
        <extensions>
          <ns3:TrackPointExtension/>
        </extensions>
      </trkpt>
      <trkpt lat="44.28803108632564544677734375" lon="-80.199993140995502471923828125">
        <ele>411</ele>
        <time>2026-10-05T17:32:08.000Z</time>
        <extensions>
          <ns3:TrackPointExtension/>
        </extensions>
      </trkpt>
      <trkpt lat="44.2880679666996002197265625" lon="-80.19984729588031768798828125">
        <ele>410</ele>
        <time>2026-10-05T17:32:17.000Z</time>
        <extensions>
          <ns3:TrackPointExtension/>
        </extensions>
      </trkpt>
      <trkpt lat="44.2880738340318202972412109375" lon="-80.1997629739344120025634765625">
        <ele>409.20001220703125</ele>
        <time>2026-10-05T17:32:22.000Z</time>
        <extensions>
          <ns3:TrackPointExtension/>
        </extensions>
      </trkpt>
      <trkpt lat="44.28810107521712779998779296875" lon="-80.19951059482991695404052734375">
        <ele>409</ele>
        <time>2026-10-05T17:32:36.000Z</time>
        <extensions>
          <ns3:TrackPointExtension/>
        </extensions>
      </trkpt>
      <trkpt lat="44.2880983091890811920166015625" lon="-80.19943499006330966949462890625">
        <ele>408.79998779296875</ele>
        <time>2026-10-05T17:32:40.000Z</time>
        <extensions>
          <ns3:TrackPointExtension/>
        </extensions>
      </trkpt>
      <trkpt lat="44.28813301026821136474609375" lon="-80.199309177696704864501953125">
        <ele>408.20001220703125</ele>
        <time>2026-10-05T17:32:50.000Z</time>
        <extensions>
          <ns3:TrackPointExtension/>
        </extensions>
      </trkpt>
      <trkpt lat="44.2881569825112819671630859375" lon="-80.1992523483932018280029296875">
        <ele>407.79998779296875</ele>
        <time>2026-10-05T17:32:56.000Z</time>
        <extensions>
          <ns3:TrackPointExtension/>
        </extensions>
      </trkpt>
      <trkpt lat="44.288214482367038726806640625" lon="-80.19914531148970127105712890625">
        <ele>406.79998779296875</ele>
        <time>2026-10-05T17:33:07.000Z</time>
        <extensions>
          <ns3:TrackPointExtension/>
        </extensions>
      </trkpt>
      <trkpt lat="44.28822009824216365814208984375" lon="-80.1991373486816883087158203125">
        <ele>406.79998779296875</ele>
        <time>2026-10-05T17:33:08.000Z</time>
        <extensions>
          <ns3:TrackPointExtension/>
        </extensions>
      </trkpt>
      <trkpt lat="44.2882448248565196990966796875" lon="-80.19909502007067203521728515625">
        <ele>405.399993896484375</ele>
        <time>2026-10-05T17:33:14.000Z</time>
        <extensions>
          <ns3:TrackPointExtension/>
        </extensions>
      </trkpt>
      <trkpt lat="44.2882558889687061309814453125" lon="-80.1990417949855327606201171875">
        <ele>404.399993896484375</ele>
        <time>2026-10-05T17:33:19.000Z</time>
        <extensions>
          <ns3:TrackPointExtension/>
        </extensions>
      </trkpt>
      <trkpt lat="44.28827407769858837127685546875" lon="-80.19900717772543430328369140625">
        <ele>403.600006103515625</ele>
        <time>2026-10-05T17:33:23.000Z</time>
        <extensions>
          <ns3:TrackPointExtension/>
        </extensions>
      </trkpt>
      <trkpt lat="44.288279525935649871826171875" lon="-80.19898957572877407073974609375">
        <ele>403.399993896484375</ele>
        <time>2026-10-05T17:33:25.000Z</time>
        <extensions>
          <ns3:TrackPointExtension/>
        </extensions>
      </trkpt>
      <trkpt lat="44.2883236147463321685791015625" lon="-80.198845826089382171630859375">
        <ele>402.79998779296875</ele>
        <time>2026-10-05T17:33:38.000Z</time>
        <extensions>
          <ns3:TrackPointExtension/>
        </extensions>
      </trkpt>
      <trkpt lat="44.2883262969553470611572265625" lon="-80.198819674551486968994140625">
        <ele>402.20001220703125</ele>
        <time>2026-10-05T17:33:40.000Z</time>
        <extensions>
          <ns3:TrackPointExtension/>
        </extensions>
      </trkpt>
      <trkpt lat="44.28833208046853542327880859375" lon="-80.1987856440246105194091796875">
        <ele>401</ele>
        <time>2026-10-05T17:33:42.000Z</time>
        <extensions>
          <ns3:TrackPointExtension/>
        </extensions>
      </trkpt>
      <trkpt lat="44.2883353494107723236083984375" lon="-80.19874867983162403106689453125">
        <ele>399.600006103515625</ele>
        <time>2026-10-05T17:33:45.000Z</time>
        <extensions>
          <ns3:TrackPointExtension/>
        </extensions>
      </trkpt>
      <trkpt lat="44.28833845071494579315185546875" lon="-80.1986838877201080322265625">
        <ele>398.399993896484375</ele>
        <time>2026-10-05T17:33:50.000Z</time>
        <extensions>
          <ns3:TrackPointExtension/>
        </extensions>
      </trkpt>
      <trkpt lat="44.2883366905152797698974609375" lon="-80.19866351969540119171142578125">
        <ele>398.20001220703125</ele>
        <time>2026-10-05T17:33:52.000Z</time>
        <extensions>
          <ns3:TrackPointExtension/>
        </extensions>
      </trkpt>
      <trkpt lat="44.28834951482713222503662109375" lon="-80.19861272536218166351318359375">
        <ele>397.20001220703125</ele>
        <time>2026-10-05T17:34:01.000Z</time>
        <extensions>
          <ns3:TrackPointExtension/>
        </extensions>
      </trkpt>
      <trkpt lat="44.28836192004382610321044921875" lon="-80.19857752136886119842529296875">
        <ele>396.20001220703125</ele>
        <time>2026-10-05T17:34:07.000Z</time>
        <extensions>
          <ns3:TrackPointExtension/>
        </extensions>
      </trkpt>
      <trkpt lat="44.28836342878639698028564453125" lon="-80.198566205799579620361328125">
        <ele>396</ele>
        <time>2026-10-05T17:34:09.000Z</time>
        <extensions>
          <ns3:TrackPointExtension/>
        </extensions>
      </trkpt>
      <trkpt lat="44.28836493752896785736083984375" lon="-80.19853510893881320953369140625">
        <ele>395</ele>
        <time>2026-10-05T17:34:14.000Z</time>
        <extensions>
          <ns3:TrackPointExtension/>
        </extensions>
      </trkpt>
      <trkpt lat="44.2884193360805511474609375" lon="-80.19848884083330631256103515625">
        <ele>394</ele>
        <time>2026-10-05T17:34:23.000Z</time>
        <extensions>
          <ns3:TrackPointExtension/>
        </extensions>
      </trkpt>
      <trkpt lat="44.28843216039240360260009765625" lon="-80.19845925271511077880859375">
        <ele>393</ele>
        <time>2026-10-05T17:34:27.000Z</time>
        <extensions>
          <ns3:TrackPointExtension/>
        </extensions>
      </trkpt>
      <trkpt lat="44.28843299858272075653076171875" lon="-80.19844659604132175445556640625">
        <ele>392.79998779296875</ele>
        <time>2026-10-05T17:34:28.000Z</time>
        <extensions>
          <ns3:TrackPointExtension/>
        </extensions>
      </trkpt>
      <trkpt lat="44.2884184978902339935302734375" lon="-80.19838624633848667144775390625">
        <ele>391.600006103515625</ele>
        <time>2026-10-05T17:34:34.000Z</time>
        <extensions>
          <ns3:TrackPointExtension/>
        </extensions>
      </trkpt>
      <trkpt lat="44.288377426564693450927734375" lon="-80.19828683696687221527099609375">
        <ele>390.600006103515625</ele>
        <time>2026-10-05T17:34:41.000Z</time>
        <extensions>
          <ns3:TrackPointExtension/>
        </extensions>
      </trkpt>
      <trkpt lat="44.28837382234632968902587890625" lon="-80.198275856673717498779296875">
        <ele>390.600006103515625</ele>
        <time>2026-10-05T17:34:42.000Z</time>
        <extensions>
          <ns3:TrackPointExtension/>
        </extensions>
      </trkpt>
      <trkpt lat="44.28834683261811733245849609375" lon="-80.1981093920767307281494140625">
        <ele>389.399993896484375</ele>
        <time>2026-10-05T17:34:54.000Z</time>
        <extensions>
          <ns3:TrackPointExtension/>
        </extensions>
      </trkpt>
      <trkpt lat="44.288343228399753570556640625" lon="-80.1980728469789028167724609375">
        <ele>389</ele>
        <time>2026-10-05T17:34:57.000Z</time>
        <extensions>
          <ns3:TrackPointExtension/>
        </extensions>
      </trkpt>
      <trkpt lat="44.288307689130306243896484375" lon="-80.197988189756870269775390625">
        <ele>388.20001220703125</ele>
        <time>2026-10-05T17:35:03.000Z</time>
        <extensions>
          <ns3:TrackPointExtension/>
        </extensions>
      </trkpt>
      <trkpt lat="44.28830576129257678985595703125" lon="-80.19792172126471996307373046875">
        <ele>387</ele>
        <time>2026-10-05T17:35:09.000Z</time>
        <extensions>
          <ns3:TrackPointExtension/>
        </extensions>
      </trkpt>
      <trkpt lat="44.28830190561711788177490234375" lon="-80.19788936711847782135009765625">
        <ele>386.600006103515625</ele>
        <time>2026-10-05T17:35:12.000Z</time>
        <extensions>
          <ns3:TrackPointExtension/>
        </extensions>
      </trkpt>
      <trkpt lat="44.28830735385417938232421875" lon="-80.197837986052036285400390625">
        <ele>385.79998779296875</ele>
        <time>2026-10-05T17:35:17.000Z</time>
        <extensions>
          <ns3:TrackPointExtension/>
        </extensions>
      </trkpt>
      <trkpt lat="44.28832386620342731475830078125" lon="-80.1978009380400180816650390625">
        <ele>384.600006103515625</ele>
        <time>2026-10-05T17:35:23.000Z</time>
        <extensions>
          <ns3:TrackPointExtension/>
        </extensions>
      </trkpt>
      <trkpt lat="44.28833208046853542327880859375" lon="-80.19777386449277400970458984375">
        <ele>383.600006103515625</ele>
        <time>2026-10-05T17:35:28.000Z</time>
        <extensions>
          <ns3:TrackPointExtension/>
        </extensions>
      </trkpt>
      <trkpt lat="44.288337193429470062255859375" lon="-80.1977692544460296630859375">
        <ele>383</ele>
        <time>2026-10-05T17:35:32.000Z</time>
        <extensions>
          <ns3:TrackPointExtension/>
        </extensions>
      </trkpt>
      <trkpt lat="44.28832881152629852294921875" lon="-80.19775089807808399200439453125">
        <ele>382.600006103515625</ele>
        <time>2026-10-05T17:35:37.000Z</time>
        <extensions>
          <ns3:TrackPointExtension/>
        </extensions>
      </trkpt>
      <trkpt lat="44.288325794041156768798828125" lon="-80.19773505628108978271484375">
        <ele>382.79998779296875</ele>
        <time>2026-10-05T17:35:50.000Z</time>
        <extensions>
          <ns3:TrackPointExtension/>
        </extensions>
      </trkpt>
      <trkpt lat="44.28825714625418186187744140625" lon="-80.19765551201999187469482421875">
        <ele>382.79998779296875</ele>
        <time>2026-10-05T17:36:08.000Z</time>
        <extensions>
          <ns3:TrackPointExtension/>
        </extensions>
      </trkpt>
      <trkpt lat="44.288223199546337127685546875" lon="-80.19763313233852386474609375">
        <ele>383</ele>
        <time>2026-10-05T17:36:26.000Z</time>
        <extensions>
          <ns3:TrackPointExtension/>
        </extensions>
      </trkpt>
      <trkpt lat="44.28823853842914104461669921875" lon="-80.197618715465068817138671875">
        <ele>382.600006103515625</ele>
        <time>2026-10-05T17:36:42.000Z</time>
        <extensions>
          <ns3:TrackPointExtension/>
        </extensions>
      </trkpt>
      <trkpt lat="44.28829117678105831146240234375" lon="-80.197583846747875213623046875">
        <ele>382.20001220703125</ele>
        <time>2026-10-05T17:37:00.000Z</time>
        <extensions>
          <ns3:TrackPointExtension/>
        </extensions>
      </trkpt>
      <trkpt lat="44.2882723174989223480224609375" lon="-80.1976056396961212158203125">
        <ele>382.600006103515625</ele>
        <time>2026-10-05T17:37:18.000Z</time>
        <extensions>
          <ns3:TrackPointExtension/>
        </extensions>
      </trkpt>
      <trkpt lat="44.28828430362045764923095703125" lon="-80.1976244151592254638671875">
        <ele>382.399993896484375</ele>
        <time>2026-10-05T17:37:33.000Z</time>
        <extensions>
          <ns3:TrackPointExtension/>
        </extensions>
      </trkpt>
      <trkpt lat="44.28832076489925384521484375" lon="-80.19765618257224559783935546875">
        <ele>383</ele>
        <time>2026-10-05T17:37:51.000Z</time>
        <extensions>
          <ns3:TrackPointExtension/>
        </extensions>
      </trkpt>
      <trkpt lat="44.28830425255000591278076171875" lon="-80.19758082926273345947265625">
        <ele>383.399993896484375</ele>
        <time>2026-10-05T17:38:09.000Z</time>
        <extensions>
          <ns3:TrackPointExtension/>
        </extensions>
      </trkpt>
      <trkpt lat="44.28833476267755031585693359375" lon="-80.1975954137742519378662109375">
        <ele>382.20001220703125</ele>
        <time>2026-10-05T17:38:26.000Z</time>
        <extensions>
          <ns3:TrackPointExtension/>
        </extensions>
      </trkpt>
      <trkpt lat="44.2883055098354816436767578125" lon="-80.19762718118727207183837890625">
        <ele>382.20001220703125</ele>
        <time>2026-10-05T17:38:47.000Z</time>
        <extensions>
          <ns3:TrackPointExtension/>
        </extensions>
      </trkpt>
      <trkpt lat="44.28828455507755279541015625" lon="-80.19766204990446567535400390625">
        <ele>382.20001220703125</ele>
        <time>2026-10-05T17:39:00.000Z</time>
        <extensions>
          <ns3:TrackPointExtension/>
        </extensions>
      </trkpt>
      <trkpt lat="44.28826468996703624725341796875" lon="-80.19765500910580158233642578125">
        <ele>382.20001220703125</ele>
        <time>2026-10-05T17:39:20.000Z</time>
        <extensions>
          <ns3:TrackPointExtension/>
        </extensions>
      </trkpt>
      <trkpt lat="44.28826100192964076995849609375" lon="-80.1976510696113109588623046875">
        <ele>382.20001220703125</ele>
        <time>2026-10-05T17:39:35.000Z</time>
        <extensions>
          <ns3:TrackPointExtension/>
        </extensions>
      </trkpt>
      <trkpt lat="44.2882396280765533447265625" lon="-80.19769373349845409393310546875">
        <ele>382.20001220703125</ele>
        <time>2026-10-05T17:39:53.000Z</time>
        <extensions>
          <ns3:TrackPointExtension/>
        </extensions>
      </trkpt>
      <trkpt lat="44.28823786787688732147216796875" lon="-80.19766992889344692230224609375">
        <ele>382.20001220703125</ele>
        <time>2026-10-05T17:40:07.000Z</time>
        <extensions>
          <ns3:TrackPointExtension/>
        </extensions>
      </trkpt>
      <trkpt lat="44.28824474103748798370361328125" lon="-80.19767730496823787689208984375">
        <ele>382.20001220703125</ele>
        <time>2026-10-05T17:40:22.000Z</time>
        <extensions>
          <ns3:TrackPointExtension/>
        </extensions>
      </trkpt>
      <trkpt lat="44.28822948597371578216552734375" lon="-80.19769205711781978607177734375">
        <ele>382.20001220703125</ele>
        <time>2026-10-05T17:40:39.000Z</time>
        <extensions>
          <ns3:TrackPointExtension/>
        </extensions>
      </trkpt>
      <trkpt lat="44.28822848014533519744873046875" lon="-80.197690464556217193603515625">
        <ele>382.20001220703125</ele>
        <time>2026-10-05T17:40:59.000Z</time>
        <extensions>
          <ns3:TrackPointExtension/>
        </extensions>
      </trkpt>
      <trkpt lat="44.28822563029825687408447265625" lon="-80.1976778917014598846435546875">
        <ele>382.20001220703125</ele>
        <time>2026-10-05T17:41:14.000Z</time>
        <extensions>
          <ns3:TrackPointExtension/>
        </extensions>
      </trkpt>
      <trkpt lat="44.28818975575268268585205078125" lon="-80.1976458728313446044921875">
        <ele>382.20001220703125</ele>
        <time>2026-10-05T17:41:28.000Z</time>
        <extensions>
          <ns3:TrackPointExtension/>
        </extensions>
      </trkpt>
      <trkpt lat="44.28827072493731975555419921875" lon="-80.197650231420993804931640625">
        <ele>382.20001220703125</ele>
        <time>2026-10-05T17:41:43.000Z</time>
        <extensions>
          <ns3:TrackPointExtension/>
        </extensions>
      </trkpt>
      <trkpt lat="44.2882853932678699493408203125" lon="-80.19760320894420146942138671875">
        <ele>382.20001220703125</ele>
        <time>2026-10-05T17:41:59.000Z</time>
        <extensions>
          <ns3:TrackPointExtension/>
        </extensions>
      </trkpt>
      <trkpt lat="44.2883031629025936126708984375" lon="-80.1975605450570583343505859375">
        <ele>382.20001220703125</ele>
        <time>2026-10-05T17:42:18.000Z</time>
        <extensions>
          <ns3:TrackPointExtension/>
        </extensions>
      </trkpt>
      <trkpt lat="44.28829335607588291168212890625" lon="-80.19757152535021305084228515625">
        <ele>382.20001220703125</ele>
        <time>2026-10-05T17:42:36.000Z</time>
        <extensions>
          <ns3:TrackPointExtension/>
        </extensions>
      </trkpt>
      <trkpt lat="44.2883216030895709991455078125" lon="-80.197573788464069366455078125">
        <ele>382.20001220703125</ele>
        <time>2026-10-05T17:42:52.000Z</time>
        <extensions>
          <ns3:TrackPointExtension/>
        </extensions>
      </trkpt>
      <trkpt lat="44.28831548430025577545166015625" lon="-80.19753514789044857025146484375">
        <ele>382.20001220703125</ele>
        <time>2026-10-05T17:43:09.000Z</time>
        <extensions>
          <ns3:TrackPointExtension/>
        </extensions>
      </trkpt>
      <trkpt lat="44.2882599122822284698486328125" lon="-80.197496004402637481689453125">
        <ele>382.20001220703125</ele>
        <time>2026-10-05T17:43:28.000Z</time>
        <extensions>
          <ns3:TrackPointExtension/>
        </extensions>
      </trkpt>
      <trkpt lat="44.28823225200176239013671875" lon="-80.19752223975956439971923828125">
        <ele>382.20001220703125</ele>
        <time>2026-10-05T17:43:49.000Z</time>
        <extensions>
          <ns3:TrackPointExtension/>
        </extensions>
      </trkpt>
      <trkpt lat="44.28826083429157733917236328125" lon="-80.19749508239328861236572265625">
        <ele>382.20001220703125</ele>
        <time>2026-10-05T17:44:08.000Z</time>
        <extensions>
          <ns3:TrackPointExtension/>
        </extensions>
      </trkpt>
      <trkpt lat="44.28826619870960712432861328125" lon="-80.1975524984300136566162109375">
        <ele>382.20001220703125</ele>
        <time>2026-10-05T17:44:21.000Z</time>
        <extensions>
          <ns3:TrackPointExtension/>
        </extensions>
      </trkpt>
      <trkpt lat="44.28826686926186084747314453125" lon="-80.19757772795855998992919921875">
        <ele>379.399993896484375</ele>
        <time>2026-10-05T17:44:31.000Z</time>
        <extensions>
          <ns3:TrackPointExtension/>
        </extensions>
      </trkpt>
      <trkpt lat="44.28826267831027507781982421875" lon="-80.1975833438336849212646484375">
        <ele>379.600006103515625</ele>
        <time>2026-10-05T17:44:35.000Z</time>
        <extensions>
          <ns3:TrackPointExtension/>
        </extensions>
      </trkpt>
      <trkpt lat="44.28824155591428279876708984375" lon="-80.19748820923268795013427734375">
        <ele>379.399993896484375</ele>
        <time>2026-10-05T17:44:51.000Z</time>
        <extensions>
          <ns3:TrackPointExtension/>
        </extensions>
      </trkpt>
      <trkpt lat="44.2881328426301479339599609375" lon="-80.19753330387175083160400390625">
        <ele>379</ele>
        <time>2026-10-05T17:45:04.000Z</time>
        <extensions>
          <ns3:TrackPointExtension/>
        </extensions>
      </trkpt>
      <trkpt lat="44.2881633527576923370361328125" lon="-80.1975092478096485137939453125">
        <ele>379</ele>
        <time>2026-10-05T17:45:17.000Z</time>
        <extensions>
          <ns3:TrackPointExtension/>
        </extensions>
      </trkpt>
      <trkpt lat="44.288162849843502044677734375" lon="-80.19753347150981426239013671875">
        <ele>379.20001220703125</ele>
        <time>2026-10-05T17:45:35.000Z</time>
        <extensions>
          <ns3:TrackPointExtension/>
        </extensions>
      </trkpt>
      <trkpt lat="44.288181625306606292724609375" lon="-80.1975571922957897186279296875">
        <ele>379.20001220703125</ele>
        <time>2026-10-05T17:45:49.000Z</time>
        <extensions>
          <ns3:TrackPointExtension/>
        </extensions>
      </trkpt>
      <trkpt lat="44.2882061004638671875" lon="-80.1976001076400279998779296875">
        <ele>379.20001220703125</ele>
        <time>2026-10-05T17:46:05.000Z</time>
        <extensions>
          <ns3:TrackPointExtension/>
        </extensions>
      </trkpt>
      <trkpt lat="44.28820366971194744110107421875" lon="-80.1976205594837665557861328125">
        <ele>379.20001220703125</ele>
        <time>2026-10-05T17:46:21.000Z</time>
        <extensions>
          <ns3:TrackPointExtension/>
        </extensions>
      </trkpt>
      <trkpt lat="44.28820903412997722625732421875" lon="-80.19760455004870891571044921875">
        <ele>379.20001220703125</ele>
        <time>2026-10-05T17:46:36.000Z</time>
        <extensions>
          <ns3:TrackPointExtension/>
        </extensions>
      </trkpt>
      <trkpt lat="44.28822881542146205902099609375" lon="-80.1975203119218349456787109375">
        <ele>379.20001220703125</ele>
        <time>2026-10-05T17:46:54.000Z</time>
        <extensions>
          <ns3:TrackPointExtension/>
        </extensions>
      </trkpt>
      <trkpt lat="44.28824298083782196044921875" lon="-80.1974991895258426666259765625">
        <ele>379.20001220703125</ele>
        <time>2026-10-05T17:47:15.000Z</time>
        <extensions>
          <ns3:TrackPointExtension/>
        </extensions>
      </trkpt>
      <trkpt lat="44.288235604763031005859375" lon="-80.19750044681131839752197265625">
        <ele>379.20001220703125</ele>
        <time>2026-10-05T17:47:34.000Z</time>
        <extensions>
          <ns3:TrackPointExtension/>
        </extensions>
      </trkpt>
      <trkpt lat="44.28830341435968875885009765625" lon="-80.19743791781365871429443359375">
        <ele>379.20001220703125</ele>
        <time>2026-10-05T17:47:52.000Z</time>
        <extensions>
          <ns3:TrackPointExtension/>
        </extensions>
      </trkpt>
      <trkpt lat="44.28832336328923702239990234375" lon="-80.19754755310714244842529296875">
        <ele>379.20001220703125</ele>
        <time>2026-10-05T17:48:06.000Z</time>
        <extensions>
          <ns3:TrackPointExtension/>
        </extensions>
      </trkpt>
      <trkpt lat="44.28836502134799957275390625" lon="-80.19759650342166423797607421875">
        <ele>379.20001220703125</ele>
        <time>2026-10-05T17:48:26.000Z</time>
        <extensions>
          <ns3:TrackPointExtension/>
        </extensions>
      </trkpt>
      <trkpt lat="44.28835588507354259490966796875" lon="-80.1976416818797588348388671875">
        <ele>379.20001220703125</ele>
        <time>2026-10-05T17:48:43.000Z</time>
        <extensions>
          <ns3:TrackPointExtension/>
        </extensions>
      </trkpt>
      <trkpt lat="44.2883531190454959869384765625" lon="-80.19764763303101062774658203125">
        <ele>379.20001220703125</ele>
        <time>2026-10-05T17:49:03.000Z</time>
        <extensions>
          <ns3:TrackPointExtension/>
        </extensions>
      </trkpt>
      <trkpt lat="44.2883527837693691253662109375" lon="-80.19768518395721912384033203125">
        <ele>379.20001220703125</ele>
        <time>2026-10-05T17:49:20.000Z</time>
        <extensions>
          <ns3:TrackPointExtension/>
        </extensions>
      </trkpt>
      <trkpt lat="44.2882736586034297943115234375" lon="-80.19766590557992458343505859375">
        <ele>379.20001220703125</ele>
        <time>2026-10-05T17:49:32.000Z</time>
        <extensions>
          <ns3:TrackPointExtension/>
        </extensions>
      </trkpt>
      <trkpt lat="44.28819629363715648651123046875" lon="-80.197597928345203399658203125">
        <ele>379.20001220703125</ele>
        <time>2026-10-05T17:49:49.000Z</time>
        <extensions>
          <ns3:TrackPointExtension/>
        </extensions>
      </trkpt>
      <trkpt lat="44.28816377185285091400146484375" lon="-80.197603292763233184814453125">
        <ele>379.20001220703125</ele>
        <time>2026-10-05T17:50:03.000Z</time>
        <extensions>
          <ns3:TrackPointExtension/>
        </extensions>
      </trkpt>
      <trkpt lat="44.288171567022800445556640625" lon="-80.19761293195188045501708984375">
        <ele>379.20001220703125</ele>
        <time>2026-10-05T17:50:18.000Z</time>
        <extensions>
          <ns3:TrackPointExtension/>
        </extensions>
      </trkpt>
      <trkpt lat="44.288217164576053619384765625" lon="-80.19761779345571994781494140625">
        <ele>379.20001220703125</ele>
        <time>2026-10-05T17:50:34.000Z</time>
        <extensions>
          <ns3:TrackPointExtension/>
        </extensions>
      </trkpt>
      <trkpt lat="44.28821615874767303466796875" lon="-80.1976311206817626953125">
        <ele>379.20001220703125</ele>
        <time>2026-10-05T17:50:49.000Z</time>
        <extensions>
          <ns3:TrackPointExtension/>
        </extensions>
      </trkpt>
      <trkpt lat="44.2882503569126129150390625" lon="-80.19761511124670505523681640625">
        <ele>379.20001220703125</ele>
        <time>2026-10-05T17:51:05.000Z</time>
        <extensions>
          <ns3:TrackPointExtension/>
        </extensions>
      </trkpt>
      <trkpt lat="44.2882347665727138519287109375" lon="-80.19766037352383136749267578125">
        <ele>379.20001220703125</ele>
        <time>2026-10-05T17:51:23.000Z</time>
        <extensions>
          <ns3:TrackPointExtension/>
        </extensions>
      </trkpt>
      <trkpt lat="44.28824692033231258392333984375" lon="-80.19766867160797119140625">
        <ele>379.20001220703125</ele>
        <time>2026-10-05T17:51:41.000Z</time>
        <extensions>
          <ns3:TrackPointExtension/>
        </extensions>
      </trkpt>
      <trkpt lat="44.28820232860743999481201171875" lon="-80.19759331829845905303955078125">
        <ele>379.20001220703125</ele>
        <time>2026-10-05T17:51:57.000Z</time>
        <extensions>
          <ns3:TrackPointExtension/>
        </extensions>
      </trkpt>
      <trkpt lat="44.28822680376470088958740234375" lon="-80.19760035909712314605712890625">
        <ele>379.20001220703125</ele>
        <time>2026-10-05T17:52:11.000Z</time>
        <extensions>
          <ns3:TrackPointExtension/>
        </extensions>
      </trkpt>
      <trkpt lat="44.2881747521460056304931640625" lon="-80.197481252253055572509765625">
        <ele>379.20001220703125</ele>
        <time>2026-10-05T17:52:22.000Z</time>
        <extensions>
          <ns3:TrackPointExtension/>
        </extensions>
      </trkpt>
      <trkpt lat="44.28811021149158477783203125" lon="-80.197398103773593902587890625">
        <ele>376.20001220703125</ele>
        <time>2026-10-05T17:52:39.000Z</time>
        <extensions>
          <ns3:TrackPointExtension/>
        </extensions>
      </trkpt>
      <trkpt lat="44.28796512074768543243408203125" lon="-80.19731260836124420166015625">
        <ele>376.399993896484375</ele>
        <time>2026-10-05T17:52:55.000Z</time>
        <extensions>
          <ns3:TrackPointExtension/>
        </extensions>
      </trkpt>
      <trkpt lat="44.287904016673564910888671875" lon="-80.1972608081996440887451171875">
        <ele>376.79998779296875</ele>
        <time>2026-10-05T17:53:09.000Z</time>
        <extensions>
          <ns3:TrackPointExtension/>
        </extensions>
      </trkpt>
      <trkpt lat="44.28787283599376678466796875" lon="-80.19726256839931011199951171875">
        <ele>377.399993896484375</ele>
        <time>2026-10-05T17:53:21.000Z</time>
        <extensions>
          <ns3:TrackPointExtension/>
        </extensions>
      </trkpt>
      <trkpt lat="44.2878438346087932586669921875" lon="-80.197263322770595550537109375">
        <ele>378</ele>
        <time>2026-10-05T17:53:25.000Z</time>
        <extensions>
          <ns3:TrackPointExtension/>
        </extensions>
      </trkpt>
      <trkpt lat="44.28781223483383655548095703125" lon="-80.19724613986909389495849609375">
        <ele>378.399993896484375</ele>
        <time>2026-10-05T17:53:30.000Z</time>
        <extensions>
          <ns3:TrackPointExtension/>
        </extensions>
      </trkpt>
      <trkpt lat="44.28774551488459110260009765625" lon="-80.19716433249413967132568359375">
        <ele>378.600006103515625</ele>
        <time>2026-10-05T17:53:39.000Z</time>
        <extensions>
          <ns3:TrackPointExtension/>
        </extensions>
      </trkpt>
      <trkpt lat="44.28767032921314239501953125" lon="-80.19712946377694606781005859375">
        <ele>378.79998779296875</ele>
        <time>2026-10-05T17:53:52.000Z</time>
        <extensions>
          <ns3:TrackPointExtension/>
        </extensions>
      </trkpt>
      <trkpt lat="44.2876081354916095733642578125" lon="-80.19706073217093944549560546875">
        <ele>379</ele>
        <time>2026-10-05T17:54:09.000Z</time>
        <extensions>
          <ns3:TrackPointExtension/>
        </extensions>
      </trkpt>
      <trkpt lat="44.28757418878376483917236328125" lon="-80.1968953572213649749755859375">
        <ele>378</ele>
        <time>2026-10-05T17:54:25.000Z</time>
        <extensions>
          <ns3:TrackPointExtension/>
        </extensions>
      </trkpt>
      <trkpt lat="44.287561364471912384033203125" lon="-80.1968440599739551544189453125">
        <ele>377.399993896484375</ele>
        <time>2026-10-05T17:54:32.000Z</time>
        <extensions>
          <ns3:TrackPointExtension/>
        </extensions>
      </trkpt>
      <trkpt lat="44.2875202931463718414306640625" lon="-80.1968008093535900115966796875">
        <ele>376.20001220703125</ele>
        <time>2026-10-05T17:54:38.000Z</time>
        <extensions>
          <ns3:TrackPointExtension/>
        </extensions>
      </trkpt>
      <trkpt lat="44.2875176109373569488525390625" lon="-80.19679133780300617218017578125">
        <ele>375.79998779296875</ele>
        <time>2026-10-05T17:54:39.000Z</time>
        <extensions>
          <ns3:TrackPointExtension/>
        </extensions>
      </trkpt>
      <trkpt lat="44.2874991707503795623779296875" lon="-80.1967582292854785919189453125">
        <ele>375</ele>
        <time>2026-10-05T17:54:42.000Z</time>
        <extensions>
          <ns3:TrackPointExtension/>
        </extensions>
      </trkpt>
      <trkpt lat="44.28746220655739307403564453125" lon="-80.19664599560201168060302734375">
        <ele>374.20001220703125</ele>
        <time>2026-10-05T17:54:57.000Z</time>
        <extensions>
          <ns3:TrackPointExtension/>
        </extensions>
      </trkpt>
      <trkpt lat="44.28748835809528827667236328125" lon="-80.19660643301904201507568359375">
        <ele>374</ele>
        <time>2026-10-05T17:55:02.000Z</time>
        <extensions>
          <ns3:TrackPointExtension/>
        </extensions>
      </trkpt>
      <trkpt lat="44.28749020211398601531982421875" lon="-80.1965273916721343994140625">
        <ele>372.79998779296875</ele>
        <time>2026-10-05T17:55:09.000Z</time>
        <extensions>
          <ns3:TrackPointExtension/>
        </extensions>
      </trkpt>
      <trkpt lat="44.2874854244291782379150390625" lon="-80.19648958928883075714111328125">
        <ele>372.79998779296875</ele>
        <time>2026-10-05T17:55:12.000Z</time>
        <extensions>
          <ns3:TrackPointExtension/>
        </extensions>
      </trkpt>
      <trkpt lat="44.2874958179891109466552734375" lon="-80.1964330114424228668212890625">
        <ele>371.79998779296875</ele>
        <time>2026-10-05T17:55:19.000Z</time>
        <extensions>
          <ns3:TrackPointExtension/>
        </extensions>
      </trkpt>
      <trkpt lat="44.28749422542750835418701171875" lon="-80.196405351161956787109375">
        <ele>370.79998779296875</ele>
        <time>2026-10-05T17:55:25.000Z</time>
        <extensions>
          <ns3:TrackPointExtension/>
        </extensions>
      </trkpt>
      <trkpt lat="44.2874985001981258392333984375" lon="-80.19640199840068817138671875">
        <ele>370.600006103515625</ele>
        <time>2026-10-05T17:55:26.000Z</time>
        <extensions>
          <ns3:TrackPointExtension/>
        </extensions>
      </trkpt>
      <trkpt lat="44.287476204335689544677734375" lon="-80.19630736671388149261474609375">
        <ele>370.600006103515625</ele>
        <time>2026-10-05T17:55:41.000Z</time>
        <extensions>
          <ns3:TrackPointExtension/>
        </extensions>
      </trkpt>
      <trkpt lat="44.28742934949696063995361328125" lon="-80.19625925458967685699462890625">
        <ele>370</ele>
        <time>2026-10-05T17:55:56.000Z</time>
        <extensions>
          <ns3:TrackPointExtension/>
        </extensions>
      </trkpt>
      <trkpt lat="44.287428595125675201416015625" lon="-80.19626109860837459564208984375">
        <ele>369.79998779296875</ele>
        <time>2026-10-05T17:56:02.000Z</time>
        <extensions>
          <ns3:TrackPointExtension/>
        </extensions>
      </trkpt>
      <trkpt lat="44.2874213866889476776123046875" lon="-80.19625305198132991790771484375">
        <ele>369.79998779296875</ele>
        <time>2026-10-05T17:56:12.000Z</time>
        <extensions>
          <ns3:TrackPointExtension/>
        </extensions>
      </trkpt>
      <trkpt lat="44.2874478735029697418212890625" lon="-80.19625422544777393341064453125">
        <ele>369.79998779296875</ele>
        <time>2026-10-05T17:56:29.000Z</time>
        <extensions>
          <ns3:TrackPointExtension/>
        </extensions>
      </trkpt>
      <trkpt lat="44.28741727955639362335205078125" lon="-80.196201168000698089599609375">
        <ele>369.399993896484375</ele>
        <time>2026-10-05T17:56:43.000Z</time>
        <extensions>
          <ns3:TrackPointExtension/>
        </extensions>
      </trkpt>
      <trkpt lat="44.2873268388211727142333984375" lon="-80.19621885381639003753662109375">
        <ele>368.79998779296875</ele>
        <time>2026-10-05T17:56:58.000Z</time>
        <extensions>
          <ns3:TrackPointExtension/>
        </extensions>
      </trkpt>
      <trkpt lat="44.28731988184154033660888671875" lon="-80.19622438587248325347900390625">
        <ele>368.600006103515625</ele>
        <time>2026-10-05T17:56:59.000Z</time>
        <extensions>
          <ns3:TrackPointExtension/>
        </extensions>
      </trkpt>
      <trkpt lat="44.28722633980214595794677734375" lon="-80.19618482328951358795166015625">
        <ele>368.600006103515625</ele>
        <time>2026-10-05T17:57:13.000Z</time>
        <extensions>
          <ns3:TrackPointExtension/>
        </extensions>
      </trkpt>
      <trkpt lat="44.287142269313335418701171875" lon="-80.19610418938100337982177734375">
        <ele>368</ele>
        <time>2026-10-05T17:57:29.000Z</time>
        <extensions>
          <ns3:TrackPointExtension/>
        </extensions>
      </trkpt>
      <trkpt lat="44.287090301513671875" lon="-80.1960608549416065216064453125">
        <ele>367.600006103515625</ele>
        <time>2026-10-05T17:57:38.000Z</time>
        <extensions>
          <ns3:TrackPointExtension/>
        </extensions>
      </trkpt>
      <trkpt lat="44.287060461938381195068359375" lon="-80.19603244028985500335693359375">
        <ele>367.600006103515625</ele>
        <time>2026-10-05T17:57:43.000Z</time>
        <extensions>
          <ns3:TrackPointExtension/>
        </extensions>
      </trkpt>
      <trkpt lat="44.287010170519351959228515625" lon="-80.19589967094361782073974609375">
        <ele>367.79998779296875</ele>
        <time>2026-10-05T17:57:58.000Z</time>
        <extensions>
          <ns3:TrackPointExtension/>
        </extensions>
      </trkpt>
      <trkpt lat="44.28701721131801605224609375" lon="-80.195835046470165252685546875">
        <ele>367.79998779296875</ele>
        <time>2026-10-05T17:58:11.000Z</time>
        <extensions>
          <ns3:TrackPointExtension/>
        </extensions>
      </trkpt>
      <trkpt lat="44.2869789898395538330078125" lon="-80.195647962391376495361328125">
        <ele>366.600006103515625</ele>
        <time>2026-10-05T17:58:24.000Z</time>
        <extensions>
          <ns3:TrackPointExtension/>
        </extensions>
      </trkpt>
      <trkpt lat="44.2869328893721103668212890625" lon="-80.19543665461242198944091796875">
        <ele>365.399993896484375</ele>
        <time>2026-10-05T17:58:41.000Z</time>
        <extensions>
          <ns3:TrackPointExtension/>
        </extensions>
      </trkpt>
      <trkpt lat="44.286850579082965850830078125" lon="-80.19527169875800609588623046875">
        <ele>364.399993896484375</ele>
        <time>2026-10-05T17:58:58.000Z</time>
        <extensions>
          <ns3:TrackPointExtension/>
        </extensions>
      </trkpt>
      <trkpt lat="44.2868413589894771575927734375" lon="-80.19526516087353229522705078125">
        <ele>364.399993896484375</ele>
        <time>2026-10-05T17:58:59.000Z</time>
        <extensions>
          <ns3:TrackPointExtension/>
        </extensions>
      </trkpt>
      <trkpt lat="44.28677053190767765045166015625" lon="-80.195154435932636260986328125">
        <ele>363.600006103515625</ele>
        <time>2026-10-05T17:59:08.000Z</time>
        <extensions>
          <ns3:TrackPointExtension/>
        </extensions>
      </trkpt>
      <trkpt lat="44.28673583082854747772216796875" lon="-80.19514161162078380584716796875">
        <ele>363.399993896484375</ele>
        <time>2026-10-05T17:59:11.000Z</time>
        <extensions>
          <ns3:TrackPointExtension/>
        </extensions>
      </trkpt>
      <trkpt lat="44.2867129482328891754150390625" lon="-80.19512526690959930419921875">
        <ele>363.399993896484375</ele>
        <time>2026-10-05T17:59:14.000Z</time>
        <extensions>
          <ns3:TrackPointExtension/>
        </extensions>
      </trkpt>
      <trkpt lat="44.28668386302888393402099609375" lon="-80.1950979419052600860595703125">
        <ele>363.399993896484375</ele>
        <time>2026-10-05T17:59:24.000Z</time>
        <extensions>
          <ns3:TrackPointExtension/>
        </extensions>
      </trkpt>
      <trkpt lat="44.28665645420551300048828125" lon="-80.1950764842331409454345703125">
        <ele>363</ele>
        <time>2026-10-05T17:59:39.000Z</time>
        <extensions>
          <ns3:TrackPointExtension/>
        </extensions>
      </trkpt>
      <trkpt lat="44.28656718693673610687255859375" lon="-80.19510942511260509490966796875">
        <ele>363.20001220703125</ele>
        <time>2026-10-05T17:59:51.000Z</time>
        <extensions>
          <ns3:TrackPointExtension/>
        </extensions>
      </trkpt>
      <trkpt lat="44.2865080945193767547607421875" lon="-80.19526918418705463409423828125">
        <ele>364.399993896484375</ele>
        <time>2026-10-05T18:00:07.000Z</time>
        <extensions>
          <ns3:TrackPointExtension/>
        </extensions>
      </trkpt>
      <trkpt lat="44.286383874714374542236328125" lon="-80.1954385824501514434814453125">
        <ele>365.399993896484375</ele>
        <time>2026-10-05T18:00:21.000Z</time>
        <extensions>
          <ns3:TrackPointExtension/>
        </extensions>
      </trkpt>
      <trkpt lat="44.28637188859283924102783203125" lon="-80.19544302485883235931396484375">
        <ele>365.600006103515625</ele>
        <time>2026-10-05T18:00:22.000Z</time>
        <extensions>
          <ns3:TrackPointExtension/>
        </extensions>
      </trkpt>
      <trkpt lat="44.2863384447991847991943359375" lon="-80.1954831741750240325927734375">
        <ele>366.20001220703125</ele>
        <time>2026-10-05T18:00:25.000Z</time>
        <extensions>
          <ns3:TrackPointExtension/>
        </extensions>
      </trkpt>
      <trkpt lat="44.28631220944225788116455078125" lon="-80.19552818499505519866943359375">
        <ele>366.600006103515625</ele>
        <time>2026-10-05T18:00:29.000Z</time>
        <extensions>
          <ns3:TrackPointExtension/>
        </extensions>
      </trkpt>
      <trkpt lat="44.28629930131137371063232421875" lon="-80.19555081613361835479736328125">
        <ele>367.20001220703125</ele>
        <time>2026-10-05T18:00:34.000Z</time>
        <extensions>
          <ns3:TrackPointExtension/>
        </extensions>
      </trkpt>
      <trkpt lat="44.2862915061414241790771484375" lon="-80.19557512365281581878662109375">
        <ele>367.79998779296875</ele>
        <time>2026-10-05T18:00:37.000Z</time>
        <extensions>
          <ns3:TrackPointExtension/>
        </extensions>
      </trkpt>
      <trkpt lat="44.2862314917147159576416015625" lon="-80.1956233195960521697998046875">
        <ele>368.600006103515625</ele>
        <time>2026-10-05T18:00:48.000Z</time>
        <extensions>
          <ns3:TrackPointExtension/>
        </extensions>
      </trkpt>
      <trkpt lat="44.2862279713153839111328125" lon="-80.1956283487379550933837890625">
        <ele>368.79998779296875</ele>
        <time>2026-10-05T18:00:49.000Z</time>
        <extensions>
          <ns3:TrackPointExtension/>
        </extensions>
      </trkpt>
      <trkpt lat="44.28618631325662136077880859375" lon="-80.19564117304980754852294921875">
        <ele>369.79998779296875</ele>
        <time>2026-10-05T18:00:54.000Z</time>
        <extensions>
          <ns3:TrackPointExtension/>
        </extensions>
      </trkpt>
      <trkpt lat="44.2861272208392620086669921875" lon="-80.1956548355519771575927734375">
        <ele>371</ele>
        <time>2026-10-05T18:01:00.000Z</time>
        <extensions>
          <ns3:TrackPointExtension/>
        </extensions>
      </trkpt>
      <trkpt lat="44.28612126968801021575927734375" lon="-80.19566036760807037353515625">
        <ele>371</ele>
        <time>2026-10-05T18:01:01.000Z</time>
        <extensions>
          <ns3:TrackPointExtension/>
        </extensions>
      </trkpt>
      <trkpt lat="44.28606326691806316375732421875" lon="-80.195708982646465301513671875">
        <ele>372</ele>
        <time>2026-10-05T18:01:13.000Z</time>
        <extensions>
          <ns3:TrackPointExtension/>
        </extensions>
      </trkpt>
      <trkpt lat="44.28605874069035053253173828125" lon="-80.19571023993194103240966796875">
        <ele>372</ele>
        <time>2026-10-05T18:01:14.000Z</time>
        <extensions>
          <ns3:TrackPointExtension/>
        </extensions>
      </trkpt>
      <trkpt lat="44.28605161607265472412109375" lon="-80.19571208395063877105712890625">
        <ele>373</ele>
        <time>2026-10-05T18:01:27.000Z</time>
        <extensions>
          <ns3:TrackPointExtension/>
        </extensions>
      </trkpt>
      <trkpt lat="44.28602387197315692901611328125" lon="-80.1957336254417896270751953125">
        <ele>373</ele>
        <time>2026-10-05T18:01:36.000Z</time>
        <extensions>
          <ns3:TrackPointExtension/>
        </extensions>
      </trkpt>
      <trkpt lat="44.28602018393576145172119140625" lon="-80.195748545229434967041015625">
        <ele>373.79998779296875</ele>
        <time>2026-10-05T18:01:42.000Z</time>
        <extensions>
          <ns3:TrackPointExtension/>
        </extensions>
      </trkpt>
      <trkpt lat="44.28601833991706371307373046875" lon="-80.19576958380639553070068359375">
        <ele>374</ele>
        <time>2026-10-05T18:01:47.000Z</time>
        <extensions>
          <ns3:TrackPointExtension/>
        </extensions>
      </trkpt>
      <trkpt lat="44.286025799810886383056640625" lon="-80.19585348665714263916015625">
        <ele>374</ele>
        <time>2026-10-05T18:01:58.000Z</time>
        <extensions>
          <ns3:TrackPointExtension/>
        </extensions>
      </trkpt>
      <trkpt lat="44.2859656177461147308349609375" lon="-80.19581551663577556610107421875">
        <ele>374.399993896484375</ele>
        <time>2026-10-05T18:02:09.000Z</time>
        <extensions>
          <ns3:TrackPointExtension/>
        </extensions>
      </trkpt>
      <trkpt lat="44.2857993207871913909912109375" lon="-80.19579841755330562591552734375">
        <ele>374.600006103515625</ele>
        <time>2026-10-05T18:02:25.000Z</time>
        <extensions>
          <ns3:TrackPointExtension/>
        </extensions>
      </trkpt>
      <trkpt lat="44.2857151664793491363525390625" lon="-80.1958541572093963623046875">
        <ele>375.20001220703125</ele>
        <time>2026-10-05T18:02:35.000Z</time>
        <extensions>
          <ns3:TrackPointExtension/>
        </extensions>
      </trkpt>
      <trkpt lat="44.28570636548101902008056640625" lon="-80.19586111418902873992919921875">
        <ele>375.20001220703125</ele>
        <time>2026-10-05T18:02:36.000Z</time>
        <extensions>
          <ns3:TrackPointExtension/>
        </extensions>
      </trkpt>
      <trkpt lat="44.2856834828853607177734375" lon="-80.19588894210755825042724609375">
        <ele>376.20001220703125</ele>
        <time>2026-10-05T18:02:40.000Z</time>
        <extensions>
          <ns3:TrackPointExtension/>
        </extensions>
      </trkpt>
      <trkpt lat="44.28565657697618007659912109375" lon="-80.19590553827583789825439453125">
        <ele>377.600006103515625</ele>
        <time>2026-10-05T18:02:44.000Z</time>
        <extensions>
          <ns3:TrackPointExtension/>
        </extensions>
      </trkpt>
      <trkpt lat="44.28563344292342662811279296875" lon="-80.1959079690277576446533203125">
        <ele>378.20001220703125</ele>
        <time>2026-10-05T18:02:47.000Z</time>
        <extensions>
          <ns3:TrackPointExtension/>
        </extensions>
      </trkpt>
      <trkpt lat="44.28563411347568035125732421875" lon="-80.1959223859012126922607421875">
        <ele>378.600006103515625</ele>
        <time>2026-10-05T18:02:49.000Z</time>
        <extensions>
          <ns3:TrackPointExtension/>
        </extensions>
      </trkpt>
      <trkpt lat="44.28565255366265773773193359375" lon="-80.1959914527833461761474609375">
        <ele>379.79998779296875</ele>
        <time>2026-10-05T18:02:55.000Z</time>
        <extensions>
          <ns3:TrackPointExtension/>
        </extensions>
      </trkpt>
      <trkpt lat="44.28565640933811664581298828125" lon="-80.1960243098437786102294921875">
        <ele>380</ele>
        <time>2026-10-05T18:02:58.000Z</time>
        <extensions>
          <ns3:TrackPointExtension/>
        </extensions>
      </trkpt>
      <trkpt lat="44.28558365441858768463134765625" lon="-80.196103937923908233642578125">
        <ele>380.399993896484375</ele>
        <time>2026-10-05T18:03:07.000Z</time>
        <extensions>
          <ns3:TrackPointExtension/>
        </extensions>
      </trkpt>
      <trkpt lat="44.2855455167591571807861328125" lon="-80.19616034813225269317626953125">
        <ele>381</ele>
        <time>2026-10-05T18:03:15.000Z</time>
        <extensions>
          <ns3:TrackPointExtension/>
        </extensions>
      </trkpt>
      <trkpt lat="44.28553755395114421844482421875" lon="-80.19617828540503978729248046875">
        <ele>382</ele>
        <time>2026-10-05T18:03:18.000Z</time>
        <extensions>
          <ns3:TrackPointExtension/>
        </extensions>
      </trkpt>
      <trkpt lat="44.28552464582026004791259765625" lon="-80.19621960818767547607421875">
        <ele>383</ele>
        <time>2026-10-05T18:03:22.000Z</time>
        <extensions>
          <ns3:TrackPointExtension/>
        </extensions>
      </trkpt>
      <trkpt lat="44.2855200357735157012939453125" lon="-80.19622991792857646942138671875">
        <ele>383.20001220703125</ele>
        <time>2026-10-05T18:03:23.000Z</time>
        <extensions>
          <ns3:TrackPointExtension/>
        </extensions>
      </trkpt>
      <trkpt lat="44.28547753952443599700927734375" lon="-80.1963250525295734405517578125">
        <ele>384.20001220703125</ele>
        <time>2026-10-05T18:03:30.000Z</time>
        <extensions>
          <ns3:TrackPointExtension/>
        </extensions>
      </trkpt>
      <trkpt lat="44.285460524260997772216796875" lon="-80.1964098773896694183349609375">
        <ele>385</ele>
        <time>2026-10-05T18:03:36.000Z</time>
        <extensions>
          <ns3:TrackPointExtension/>
        </extensions>
      </trkpt>
      <trkpt lat="44.28545390255749225616455078125" lon="-80.1964390464127063751220703125">
        <ele>385.20001220703125</ele>
        <time>2026-10-05T18:03:38.000Z</time>
        <extensions>
          <ns3:TrackPointExtension/>
        </extensions>
      </trkpt>
      <trkpt lat="44.28542842157185077667236328125" lon="-80.19656720571219921112060546875">
        <ele>386.20001220703125</ele>
        <time>2026-10-05T18:03:48.000Z</time>
        <extensions>
          <ns3:TrackPointExtension/>
        </extensions>
      </trkpt>
      <trkpt lat="44.28542674519121646881103515625" lon="-80.19659285433590412139892578125">
        <ele>386.399993896484375</ele>
        <time>2026-10-05T18:03:50.000Z</time>
        <extensions>
          <ns3:TrackPointExtension/>
        </extensions>
      </trkpt>
      <trkpt lat="44.28535834886133670806884765625" lon="-80.1967485062777996063232421875">
        <ele>387.20001220703125</ele>
        <time>2026-10-05T18:04:03.000Z</time>
        <extensions>
          <ns3:TrackPointExtension/>
        </extensions>
      </trkpt>
      <trkpt lat="44.28534309379756450653076171875" lon="-80.19679636694490909576416015625">
        <ele>387.20001220703125</ele>
        <time>2026-10-05T18:04:07.000Z</time>
        <extensions>
          <ns3:TrackPointExtension/>
        </extensions>
      </trkpt>
      <trkpt lat="44.28535281680524349212646484375" lon="-80.196893513202667236328125">
        <ele>387.399993896484375</ele>
        <time>2026-10-05T18:04:15.000Z</time>
        <extensions>
          <ns3:TrackPointExtension/>
        </extensions>
      </trkpt>
      <trkpt lat="44.2852999269962310791015625" lon="-80.197059810161590576171875">
        <ele>388.399993896484375</ele>
        <time>2026-10-05T18:04:26.000Z</time>
        <extensions>
          <ns3:TrackPointExtension/>
        </extensions>
      </trkpt>
      <trkpt lat="44.2852964065968990325927734375" lon="-80.19707548432052135467529296875">
        <ele>388.600006103515625</ele>
        <time>2026-10-05T18:04:27.000Z</time>
        <extensions>
          <ns3:TrackPointExtension/>
        </extensions>
      </trkpt>
      <trkpt lat="44.2852876894176006317138671875" lon="-80.19713667221367359161376953125">
        <ele>389.399993896484375</ele>
        <time>2026-10-05T18:04:31.000Z</time>
        <extensions>
          <ns3:TrackPointExtension/>
        </extensions>
      </trkpt>
      <trkpt lat="44.28528341464698314666748046875" lon="-80.19723356701433658599853515625">
        <ele>390.600006103515625</ele>
        <time>2026-10-05T18:04:37.000Z</time>
        <extensions>
          <ns3:TrackPointExtension/>
        </extensions>
      </trkpt>
      <trkpt lat="44.28528458811342716217041015625" lon="-80.1972515881061553955078125">
        <ele>391</ele>
        <time>2026-10-05T18:04:38.000Z</time>
        <extensions>
          <ns3:TrackPointExtension/>
        </extensions>
      </trkpt>
      <trkpt lat="44.2852796427905559539794921875" lon="-80.19735141657292842864990234375">
        <ele>391.79998779296875</ele>
        <time>2026-10-05T18:04:43.000Z</time>
        <extensions>
          <ns3:TrackPointExtension/>
        </extensions>
      </trkpt>
      <trkpt lat="44.28526296280324459075927734375" lon="-80.1974867843091487884521484375">
        <ele>392.20001220703125</ele>
        <time>2026-10-05T18:04:51.000Z</time>
        <extensions>
          <ns3:TrackPointExtension/>
        </extensions>
      </trkpt>
      <trkpt lat="44.285209737718105316162109375" lon="-80.197623074054718017578125">
        <ele>392.600006103515625</ele>
        <time>2026-10-05T18:05:01.000Z</time>
        <extensions>
          <ns3:TrackPointExtension/>
        </extensions>
      </trkpt>
      <trkpt lat="44.2851792275905609130859375" lon="-80.19765869714319705963134765625">
        <ele>392.79998779296875</ele>
        <time>2026-10-05T18:05:04.000Z</time>
        <extensions>
          <ns3:TrackPointExtension/>
        </extensions>
      </trkpt>
      <trkpt lat="44.28513354621827602386474609375" lon="-80.197757519781589508056640625">
        <ele>393.79998779296875</ele>
        <time>2026-10-05T18:05:12.000Z</time>
        <extensions>
          <ns3:TrackPointExtension/>
        </extensions>
      </trkpt>
      <trkpt lat="44.28503313101828098297119140625" lon="-80.19784913398325443267822265625">
        <ele>394.79998779296875</ele>
        <time>2026-10-05T18:05:23.000Z</time>
        <extensions>
          <ns3:TrackPointExtension/>
        </extensions>
      </trkpt>
      <trkpt lat="44.28502324037253856658935546875" lon="-80.19785567186772823333740234375">
        <ele>395</ele>
        <time>2026-10-05T18:05:24.000Z</time>
        <extensions>
          <ns3:TrackPointExtension/>
        </extensions>
      </trkpt>
      <trkpt lat="44.2848895490169525146484375" lon="-80.19796614535152912139892578125">
        <ele>395.79998779296875</ele>
        <time>2026-10-05T18:05:37.000Z</time>
        <extensions>
          <ns3:TrackPointExtension/>
        </extensions>
      </trkpt>
      <trkpt lat="44.28483313880860805511474609375" lon="-80.19798047840595245361328125">
        <ele>396</ele>
        <time>2026-10-05T18:05:42.000Z</time>
        <extensions>
          <ns3:TrackPointExtension/>
        </extensions>
      </trkpt>
      <trkpt lat="44.2847522534430027008056640625" lon="-80.198008976876735687255859375">
        <ele>396.399993896484375</ele>
        <time>2026-10-05T18:05:49.000Z</time>
        <extensions>
          <ns3:TrackPointExtension/>
        </extensions>
      </trkpt>
      <trkpt lat="44.284592159092426300048828125" lon="-80.1979970745742321014404296875">
        <ele>396.399993896484375</ele>
        <time>2026-10-05T18:06:03.000Z</time>
        <extensions>
          <ns3:TrackPointExtension/>
        </extensions>
      </trkpt>
      <trkpt lat="44.28447456099092960357666015625" lon="-80.1979886926710605621337890625">
        <ele>396</ele>
        <time>2026-10-05T18:06:13.000Z</time>
        <extensions>
          <ns3:TrackPointExtension/>
        </extensions>
      </trkpt>
      <trkpt lat="44.28439510054886341094970703125" lon="-80.19808617420494556427001953125">
        <ele>396.20001220703125</ele>
        <time>2026-10-05T18:06:23.000Z</time>
        <extensions>
          <ns3:TrackPointExtension/>
        </extensions>
      </trkpt>
      <trkpt lat="44.2843450605869293212890625" lon="-80.19819639623165130615234375">
        <ele>397</ele>
        <time>2026-10-05T18:06:31.000Z</time>
        <extensions>
          <ns3:TrackPointExtension/>
        </extensions>
      </trkpt>
      <trkpt lat="44.28430893458425998687744140625" lon="-80.1982659660279750823974609375">
        <ele>397.20001220703125</ele>
        <time>2026-10-05T18:06:36.000Z</time>
        <extensions>
          <ns3:TrackPointExtension/>
        </extensions>
      </trkpt>
      <trkpt lat="44.28417742252349853515625" lon="-80.1984473504126071929931640625">
        <ele>397.20001220703125</ele>
        <time>2026-10-05T18:06:52.000Z</time>
        <extensions>
          <ns3:TrackPointExtension/>
        </extensions>
      </trkpt>
      <trkpt lat="44.284112043678760528564453125" lon="-80.1985308341681957244873046875">
        <ele>398.20001220703125</ele>
        <time>2026-10-05T18:06:59.000Z</time>
        <extensions>
          <ns3:TrackPointExtension/>
        </extensions>
      </trkpt>
      <trkpt lat="44.28405194543302059173583984375" lon="-80.198599062860012054443359375">
        <ele>398.399993896484375</ele>
        <time>2026-10-05T18:07:07.000Z</time>
        <extensions>
          <ns3:TrackPointExtension/>
        </extensions>
      </trkpt>
      <trkpt lat="44.2839425615966320037841796875" lon="-80.19865631125867366790771484375">
        <ele>399</ele>
        <time>2026-10-05T18:07:19.000Z</time>
        <extensions>
          <ns3:TrackPointExtension/>
        </extensions>
      </trkpt>
      <trkpt lat="44.28389788605272769927978515625" lon="-80.1986944489181041717529296875">
        <ele>399.20001220703125</ele>
        <time>2026-10-05T18:07:24.000Z</time>
        <extensions>
          <ns3:TrackPointExtension/>
        </extensions>
      </trkpt>
      <trkpt lat="44.28383803926408290863037109375" lon="-80.198765359818935394287109375">
        <ele>399.600006103515625</ele>
        <time>2026-10-05T18:07:31.000Z</time>
        <extensions>
          <ns3:TrackPointExtension/>
        </extensions>
      </trkpt>
      <trkpt lat="44.2837826348841190338134765625" lon="-80.19881598651409149169921875">
        <ele>399.600006103515625</ele>
        <time>2026-10-05T18:07:43.000Z</time>
        <extensions>
          <ns3:TrackPointExtension/>
        </extensions>
      </trkpt>
      <trkpt lat="44.283788837492465972900390625" lon="-80.19882244057953357696533203125">
        <ele>400.20001220703125</ele>
        <time>2026-10-05T18:07:53.000Z</time>
        <extensions>
          <ns3:TrackPointExtension/>
        </extensions>
      </trkpt>
      <trkpt lat="44.28379051387310028076171875" lon="-80.19883970730006694793701171875">
        <ele>400.399993896484375</ele>
        <time>2026-10-05T18:07:57.000Z</time>
        <extensions>
          <ns3:TrackPointExtension/>
        </extensions>
      </trkpt>
      <trkpt lat="44.28375690244138240814208984375" lon="-80.19887273199856281280517578125">
        <ele>400.20001220703125</ele>
        <time>2026-10-05T18:08:12.000Z</time>
        <extensions>
          <ns3:TrackPointExtension/>
        </extensions>
      </trkpt>
      <trkpt lat="44.28366000764071941375732421875" lon="-80.1989264599978923797607421875">
        <ele>400</ele>
        <time>2026-10-05T18:08:24.000Z</time>
        <extensions>
          <ns3:TrackPointExtension/>
        </extensions>
      </trkpt>
      <trkpt lat="44.28358490578830242156982421875" lon="-80.19896761514246463775634765625">
        <ele>399.20001220703125</ele>
        <time>2026-10-05T18:08:32.000Z</time>
        <extensions>
          <ns3:TrackPointExtension/>
        </extensions>
      </trkpt>
      <trkpt lat="44.28353545255959033966064453125" lon="-80.199023187160491943359375">
        <ele>399</ele>
        <time>2026-10-05T18:08:40.000Z</time>
        <extensions>
          <ns3:TrackPointExtension/>
        </extensions>
      </trkpt>
      <trkpt lat="44.2833673954010009765625" lon="-80.19914648495614528656005859375">
        <ele>398.79998779296875</ele>
        <time>2026-10-05T18:08:56.000Z</time>
        <extensions>
          <ns3:TrackPointExtension/>
        </extensions>
      </trkpt>
      <trkpt lat="44.28331903181970119476318359375" lon="-80.1991735585033893585205078125">
        <ele>398</ele>
        <time>2026-10-05T18:09:01.000Z</time>
        <extensions>
          <ns3:TrackPointExtension/>
        </extensions>
      </trkpt>
      <trkpt lat="44.28322666324675083160400390625" lon="-80.19919551908969879150390625">
        <ele>397</ele>
        <time>2026-10-05T18:09:10.000Z</time>
        <extensions>
          <ns3:TrackPointExtension/>
        </extensions>
      </trkpt>
      <trkpt lat="44.28320252336561679840087890625" lon="-80.199189484119415283203125">
        <ele>396.79998779296875</ele>
        <time>2026-10-05T18:09:12.000Z</time>
        <extensions>
          <ns3:TrackPointExtension/>
        </extensions>
      </trkpt>
      <trkpt lat="44.2831228114664554595947265625" lon="-80.199187137186527252197265625">
        <ele>395.79998779296875</ele>
        <time>2026-10-05T18:09:19.000Z</time>
        <extensions>
          <ns3:TrackPointExtension/>
        </extensions>
      </trkpt>
      <trkpt lat="44.2830614559352397918701171875" lon="-80.19921429455280303955078125">
        <ele>395.20001220703125</ele>
        <time>2026-10-05T18:09:26.000Z</time>
        <extensions>
          <ns3:TrackPointExtension/>
        </extensions>
      </trkpt>
      <trkpt lat="44.28304024972021579742431640625" lon="-80.19923977553844451904296875">
        <ele>394.79998779296875</ele>
        <time>2026-10-05T18:09:29.000Z</time>
        <extensions>
          <ns3:TrackPointExtension/>
        </extensions>
      </trkpt>
      <trkpt lat="44.28301678039133548736572265625" lon="-80.19927623681724071502685546875">
        <ele>394.399993896484375</ele>
        <time>2026-10-05T18:09:32.000Z</time>
        <extensions>
          <ns3:TrackPointExtension/>
        </extensions>
      </trkpt>
      <trkpt lat="44.2829749546945095062255859375" lon="-80.19933625124394893646240234375">
        <ele>393.79998779296875</ele>
        <time>2026-10-05T18:09:37.000Z</time>
        <extensions>
          <ns3:TrackPointExtension/>
        </extensions>
      </trkpt>
      <trkpt lat="44.28295860998332500457763671875" lon="-80.1993633247911930084228515625">
        <ele>393.600006103515625</ele>
        <time>2026-10-05T18:09:39.000Z</time>
        <extensions>
          <ns3:TrackPointExtension/>
        </extensions>
      </trkpt>
      <trkpt lat="44.28290002048015594482421875" lon="-80.1995393447577953338623046875">
        <ele>393.20001220703125</ele>
        <time>2026-10-05T18:09:48.000Z</time>
        <extensions>
          <ns3:TrackPointExtension/>
        </extensions>
      </trkpt>
      <trkpt lat="44.28286054171621799468994140625" lon="-80.19974662922322750091552734375">
        <ele>394</ele>
        <time>2026-10-05T18:10:00.000Z</time>
        <extensions>
          <ns3:TrackPointExtension/>
        </extensions>
      </trkpt>
      <trkpt lat="44.2828515730798244476318359375" lon="-80.19981452263891696929931640625">
        <ele>394.79998779296875</ele>
        <time>2026-10-05T18:10:05.000Z</time>
        <extensions>
          <ns3:TrackPointExtension/>
        </extensions>
      </trkpt>
      <trkpt lat="44.2828244157135486602783203125" lon="-80.19989096559584140777587890625">
        <ele>395.79998779296875</ele>
        <time>2026-10-05T18:10:13.000Z</time>
        <extensions>
          <ns3:TrackPointExtension/>
        </extensions>
      </trkpt>
      <trkpt lat="44.28282064385712146759033203125" lon="-80.1999034546315670013427734375">
        <ele>395.79998779296875</ele>
        <time>2026-10-05T18:10:14.000Z</time>
        <extensions>
          <ns3:TrackPointExtension/>
        </extensions>
      </trkpt>
      <trkpt lat="44.28284394554793834686279296875" lon="-80.20001568831503391265869140625">
        <ele>396.79998779296875</ele>
        <time>2026-10-05T18:10:22.000Z</time>
        <extensions>
          <ns3:TrackPointExtension/>
        </extensions>
      </trkpt>
      <trkpt lat="44.2828562669456005096435546875" lon="-80.2000496350228786468505859375">
        <ele>397.20001220703125</ele>
        <time>2026-10-05T18:10:25.000Z</time>
        <extensions>
          <ns3:TrackPointExtension/>
        </extensions>
      </trkpt>
      <trkpt lat="44.28290479816496372222900390625" lon="-80.20009137690067291259765625">
        <ele>398</ele>
        <time>2026-10-05T18:10:31.000Z</time>
        <extensions>
          <ns3:TrackPointExtension/>
        </extensions>
      </trkpt>
      <trkpt lat="44.2829239927232265472412109375" lon="-80.2001284249126911163330078125">
        <ele>399</ele>
        <time>2026-10-05T18:10:37.000Z</time>
        <extensions>
          <ns3:TrackPointExtension/>
        </extensions>
      </trkpt>
      <trkpt lat="44.28297151811420917510986328125" lon="-80.2002008445560932159423828125">
        <ele>400</ele>
        <time>2026-10-05T18:10:43.000Z</time>
        <extensions>
          <ns3:TrackPointExtension/>
        </extensions>
      </trkpt>
      <trkpt lat="44.282977469265460968017578125" lon="-80.200278460979461669921875">
        <ele>400.600006103515625</ele>
        <time>2026-10-05T18:10:48.000Z</time>
        <extensions>
          <ns3:TrackPointExtension/>
        </extensions>
      </trkpt>
      <trkpt lat="44.28294201381504535675048828125" lon="-80.2004657126963138580322265625">
        <ele>401.20001220703125</ele>
        <time>2026-10-05T18:10:58.000Z</time>
        <extensions>
          <ns3:TrackPointExtension/>
        </extensions>
      </trkpt>
      <trkpt lat="44.28293229080736637115478515625" lon="-80.20051357336342334747314453125">
        <ele>401.20001220703125</ele>
        <time>2026-10-05T18:11:01.000Z</time>
        <extensions>
          <ns3:TrackPointExtension/>
        </extensions>
      </trkpt>
      <trkpt lat="44.28287948481738567352294921875" lon="-80.20063561387360095977783203125">
        <ele>402.20001220703125</ele>
        <time>2026-10-05T18:11:11.000Z</time>
        <extensions>
          <ns3:TrackPointExtension/>
        </extensions>
      </trkpt>
      <trkpt lat="44.2828586138784885406494140625" lon="-80.2006606757640838623046875">
        <ele>402.20001220703125</ele>
        <time>2026-10-05T18:11:14.000Z</time>
        <extensions>
          <ns3:TrackPointExtension/>
        </extensions>
      </trkpt>
      <trkpt lat="44.2827878706157207489013671875" lon="-80.20070367492735385894775390625">
        <ele>402.20001220703125</ele>
        <time>2026-10-05T18:11:22.000Z</time>
        <extensions>
          <ns3:TrackPointExtension/>
        </extensions>
      </trkpt>
      <trkpt lat="44.2827640660107135772705078125" lon="-80.2007289044559001922607421875">
        <ele>402.20001220703125</ele>
        <time>2026-10-05T18:11:26.000Z</time>
        <extensions>
          <ns3:TrackPointExtension/>
        </extensions>
      </trkpt>
      <trkpt lat="44.2827291972935199737548828125" lon="-80.200853459537029266357421875">
        <ele>403</ele>
        <time>2026-10-05T18:11:38.000Z</time>
        <extensions>
          <ns3:TrackPointExtension/>
        </extensions>
      </trkpt>
      <trkpt lat="44.28271763026714324951171875" lon="-80.20090752281248569488525390625">
        <ele>403.20001220703125</ele>
        <time>2026-10-05T18:11:42.000Z</time>
        <extensions>
          <ns3:TrackPointExtension/>
        </extensions>
      </trkpt>
      <trkpt lat="44.282650239765644073486328125" lon="-80.200997292995452880859375">
        <ele>403.79998779296875</ele>
        <time>2026-10-05T18:11:50.000Z</time>
        <extensions>
          <ns3:TrackPointExtension/>
        </extensions>
      </trkpt>
      <trkpt lat="44.2826138623058795928955078125" lon="-80.201090835034847259521484375">
        <ele>404.399993896484375</ele>
        <time>2026-10-05T18:11:57.000Z</time>
        <extensions>
          <ns3:TrackPointExtension/>
        </extensions>
      </trkpt>
      <trkpt lat="44.28255510516464710235595703125" lon="-80.20117322914302349090576171875">
        <ele>405.399993896484375</ele>
        <time>2026-10-05T18:12:04.000Z</time>
        <extensions>
          <ns3:TrackPointExtension/>
        </extensions>
      </trkpt>
      <trkpt lat="44.28253649733960628509521484375" lon="-80.20120692439377307891845703125">
        <ele>405.399993896484375</ele>
        <time>2026-10-05T18:12:07.000Z</time>
        <extensions>
          <ns3:TrackPointExtension/>
        </extensions>
      </trkpt>
      <trkpt lat="44.2824433743953704833984375" lon="-80.20133919082581996917724609375">
        <ele>406.20001220703125</ele>
        <time>2026-10-05T18:12:18.000Z</time>
        <extensions>
          <ns3:TrackPointExtension/>
        </extensions>
      </trkpt>
      <trkpt lat="44.2824244312942028045654296875" lon="-80.201357714831829071044921875">
        <ele>406.399993896484375</ele>
        <time>2026-10-05T18:12:20.000Z</time>
        <extensions>
          <ns3:TrackPointExtension/>
        </extensions>
      </trkpt>
      <trkpt lat="44.282399453222751617431640625" lon="-80.2013726346194744110107421875">
        <ele>406.600006103515625</ele>
        <time>2026-10-05T18:12:22.000Z</time>
        <extensions>
          <ns3:TrackPointExtension/>
        </extensions>
      </trkpt>
      <trkpt lat="44.2823104374110698699951171875" lon="-80.20139937289059162139892578125">
        <ele>406.600006103515625</ele>
        <time>2026-10-05T18:12:30.000Z</time>
        <extensions>
          <ns3:TrackPointExtension/>
        </extensions>
      </trkpt>
      <trkpt lat="44.28217356093227863311767578125" lon="-80.20149283111095428466796875">
        <ele>406.600006103515625</ele>
        <time>2026-10-05T18:12:44.000Z</time>
        <extensions>
          <ns3:TrackPointExtension/>
        </extensions>
      </trkpt>
      <trkpt lat="44.28207800723612308502197265625" lon="-80.2016301266849040985107421875">
        <ele>406.79998779296875</ele>
        <time>2026-10-05T18:12:57.000Z</time>
        <extensions>
          <ns3:TrackPointExtension/>
        </extensions>
      </trkpt>
      <trkpt lat="44.28203098475933074951171875" lon="-80.20172978751361370086669921875">
        <ele>407.399993896484375</ele>
        <time>2026-10-05T18:13:08.000Z</time>
        <extensions>
          <ns3:TrackPointExtension/>
        </extensions>
      </trkpt>
      <trkpt lat="44.2820227704942226409912109375" lon="-80.20173984579741954803466796875">
        <ele>407.79998779296875</ele>
        <time>2026-10-05T18:13:09.000Z</time>
        <extensions>
          <ns3:TrackPointExtension/>
        </extensions>
      </trkpt>
      <trkpt lat="44.28201296366751194000244140625" lon="-80.2018353156745433807373046875">
        <ele>408.399993896484375</ele>
        <time>2026-10-05T18:13:16.000Z</time>
        <extensions>
          <ns3:TrackPointExtension/>
        </extensions>
      </trkpt>
      <trkpt lat="44.28200793452560901641845703125" lon="-80.20185132510960102081298828125">
        <ele>408.399993896484375</ele>
        <time>2026-10-05T18:13:17.000Z</time>
        <extensions>
          <ns3:TrackPointExtension/>
        </extensions>
      </trkpt>
      <trkpt lat="44.2819875665009021759033203125" lon="-80.2020455338060855865478515625">
        <ele>408.600006103515625</ele>
        <time>2026-10-05T18:13:29.000Z</time>
        <extensions>
          <ns3:TrackPointExtension/>
        </extensions>
      </trkpt>
      <trkpt lat="44.281987734138965606689453125" lon="-80.2021363936364650726318359375">
        <ele>408.79998779296875</ele>
        <time>2026-10-05T18:13:35.000Z</time>
        <extensions>
          <ns3:TrackPointExtension/>
        </extensions>
      </trkpt>
      <trkpt lat="44.2819818668067455291748046875" lon="-80.20223119296133518218994140625">
        <ele>409</ele>
        <time>2026-10-05T18:13:42.000Z</time>
        <extensions>
          <ns3:TrackPointExtension/>
        </extensions>
      </trkpt>
      <trkpt lat="44.2819949425756931304931640625" lon="-80.20236832089722156524658203125">
        <ele>410</ele>
        <time>2026-10-05T18:13:53.000Z</time>
        <extensions>
          <ns3:TrackPointExtension/>
        </extensions>
      </trkpt>
      <trkpt lat="44.2819922603666782379150390625" lon="-80.202391035854816436767578125">
        <ele>410.399993896484375</ele>
        <time>2026-10-05T18:13:55.000Z</time>
        <extensions>
          <ns3:TrackPointExtension/>
        </extensions>
      </trkpt>
      <trkpt lat="44.2819795198738574981689453125" lon="-80.20244124345481395721435546875">
        <ele>411.20001220703125</ele>
        <time>2026-10-05T18:13:58.000Z</time>
        <extensions>
          <ns3:TrackPointExtension/>
        </extensions>
      </trkpt>
      <trkpt lat="44.28195915184915065765380859375" lon="-80.20253361202776432037353515625">
        <ele>412.20001220703125</ele>
        <time>2026-10-05T18:14:05.000Z</time>
        <extensions>
          <ns3:TrackPointExtension/>
        </extensions>
      </trkpt>
      <trkpt lat="44.281948506832122802734375" lon="-80.20259094424545764923095703125">
        <ele>413</ele>
        <time>2026-10-05T18:14:10.000Z</time>
        <extensions>
          <ns3:TrackPointExtension/>
        </extensions>
      </trkpt>
      <trkpt lat="44.281919337809085845947265625" lon="-80.20262799225747585296630859375">
        <ele>413.399993896484375</ele>
        <time>2026-10-05T18:14:14.000Z</time>
        <extensions>
          <ns3:TrackPointExtension/>
        </extensions>
      </trkpt>
      <trkpt lat="44.28187650628387928009033203125" lon="-80.202702842652797698974609375">
        <ele>414</ele>
        <time>2026-10-05T18:14:21.000Z</time>
        <extensions>
          <ns3:TrackPointExtension/>
        </extensions>
      </trkpt>
      <trkpt lat="44.281838200986385345458984375" lon="-80.20281272940337657928466796875">
        <ele>414.399993896484375</ele>
        <time>2026-10-05T18:14:30.000Z</time>
        <extensions>
          <ns3:TrackPointExtension/>
        </extensions>
      </trkpt>
      <trkpt lat="44.28182981908321380615234375" lon="-80.20284927450120449066162109375">
        <ele>415</ele>
        <time>2026-10-05T18:14:34.000Z</time>
        <extensions>
          <ns3:TrackPointExtension/>
        </extensions>
      </trkpt>
      <trkpt lat="44.28180760703980922698974609375" lon="-80.20294658839702606201171875">
        <ele>415.600006103515625</ele>
        <time>2026-10-05T18:14:41.000Z</time>
        <extensions>
          <ns3:TrackPointExtension/>
        </extensions>
      </trkpt>
      <trkpt lat="44.281785227358341217041015625" lon="-80.203028731048107147216796875">
        <ele>416.600006103515625</ele>
        <time>2026-10-05T18:14:47.000Z</time>
        <extensions>
          <ns3:TrackPointExtension/>
        </extensions>
      </trkpt>
      <trkpt lat="44.28177910856902599334716796875" lon="-80.20304004661738872528076171875">
        <ele>416.79998779296875</ele>
        <time>2026-10-05T18:14:48.000Z</time>
        <extensions>
          <ns3:TrackPointExtension/>
        </extensions>
      </trkpt>
      <trkpt lat="44.28174591623246669769287109375" lon="-80.20319762639701366424560546875">
        <ele>418</ele>
        <time>2026-10-05T18:15:00.000Z</time>
        <extensions>
          <ns3:TrackPointExtension/>
        </extensions>
      </trkpt>
      <trkpt lat="44.28174457512795925140380859375" lon="-80.203207768499851226806640625">
        <ele>418</ele>
        <time>2026-10-05T18:15:01.000Z</time>
        <extensions>
          <ns3:TrackPointExtension/>
        </extensions>
      </trkpt>
      <trkpt lat="44.28170953877270221710205078125" lon="-80.20337666384875774383544921875">
        <ele>419</ele>
        <time>2026-10-05T18:15:16.000Z</time>
        <extensions>
          <ns3:TrackPointExtension/>
        </extensions>
      </trkpt>
      <trkpt lat="44.28170601837337017059326171875" lon="-80.20340390503406524658203125">
        <ele>419.20001220703125</ele>
        <time>2026-10-05T18:15:18.000Z</time>
        <extensions>
          <ns3:TrackPointExtension/>
        </extensions>
      </trkpt>
      <trkpt lat="44.2817059345543384552001953125" lon="-80.203467272222042083740234375">
        <ele>420</ele>
        <time>2026-10-05T18:15:24.000Z</time>
        <extensions>
          <ns3:TrackPointExtension/>
        </extensions>
      </trkpt>
      <trkpt lat="44.28169394843280315399169921875" lon="-80.20354882813990116119384765625">
        <ele>421</ele>
        <time>2026-10-05T18:15:31.000Z</time>
        <extensions>
          <ns3:TrackPointExtension/>
        </extensions>
      </trkpt>
      <trkpt lat="44.2816869914531707763671875" lon="-80.2035760693252086639404296875">
        <ele>421.20001220703125</ele>
        <time>2026-10-05T18:15:33.000Z</time>
        <extensions>
          <ns3:TrackPointExtension/>
        </extensions>
      </trkpt>
      <trkpt lat="44.281653463840484619140625" lon="-80.2036298811435699462890625">
        <ele>422.20001220703125</ele>
        <time>2026-10-05T18:15:40.000Z</time>
        <extensions>
          <ns3:TrackPointExtension/>
        </extensions>
      </trkpt>
      <trkpt lat="44.28163309581577777862548828125" lon="-80.2037028037011623382568359375">
        <ele>422.79998779296875</ele>
        <time>2026-10-05T18:15:46.000Z</time>
        <extensions>
          <ns3:TrackPointExtension/>
        </extensions>
      </trkpt>
      <trkpt lat="44.28161717019975185394287109375" lon="-80.20376189611852169036865234375">
        <ele>423.20001220703125</ele>
        <time>2026-10-05T18:15:50.000Z</time>
        <extensions>
          <ns3:TrackPointExtension/>
        </extensions>
      </trkpt>
      <trkpt lat="44.28160107694566249847412109375" lon="-80.20384185947477817535400390625">
        <ele>424.399993896484375</ele>
        <time>2026-10-05T18:15:55.000Z</time>
        <extensions>
          <ns3:TrackPointExtension/>
        </extensions>
      </trkpt>
      <trkpt lat="44.2815724946558475494384765625" lon="-80.20389734767377376556396484375">
        <ele>425.399993896484375</ele>
        <time>2026-10-05T18:16:01.000Z</time>
        <extensions>
          <ns3:TrackPointExtension/>
        </extensions>
      </trkpt>
      <trkpt lat="44.28156830370426177978515625" lon="-80.203908495604991912841796875">
        <ele>425.600006103515625</ele>
        <time>2026-10-05T18:16:02.000Z</time>
        <extensions>
          <ns3:TrackPointExtension/>
        </extensions>
      </trkpt>
      <trkpt lat="44.281562268733978271484375" lon="-80.20402424968779087066650390625">
        <ele>426.399993896484375</ele>
        <time>2026-10-05T18:16:13.000Z</time>
        <extensions>
          <ns3:TrackPointExtension/>
        </extensions>
      </trkpt>
      <trkpt lat="44.28155623376369476318359375" lon="-80.20403732545673847198486328125">
        <ele>426.600006103515625</ele>
        <time>2026-10-05T18:16:14.000Z</time>
        <extensions>
          <ns3:TrackPointExtension/>
        </extensions>
      </trkpt>
      <trkpt lat="44.28154374472796916961669921875" lon="-80.204129107296466827392578125">
        <ele>427.79998779296875</ele>
        <time>2026-10-05T18:16:22.000Z</time>
        <extensions>
          <ns3:TrackPointExtension/>
        </extensions>
      </trkpt>
      <trkpt lat="44.2815319262444972991943359375" lon="-80.20419247448444366455078125">
        <ele>428.20001220703125</ele>
        <time>2026-10-05T18:16:27.000Z</time>
        <extensions>
          <ns3:TrackPointExtension/>
        </extensions>
      </trkpt>
      <trkpt lat="44.28151055239140987396240234375" lon="-80.2042647264897823333740234375">
        <ele>428.79998779296875</ele>
        <time>2026-10-05T18:16:32.000Z</time>
        <extensions>
          <ns3:TrackPointExtension/>
        </extensions>
      </trkpt>
      <trkpt lat="44.281447269022464752197265625" lon="-80.204391963779926300048828125">
        <ele>429.600006103515625</ele>
        <time>2026-10-05T18:16:43.000Z</time>
        <extensions>
          <ns3:TrackPointExtension/>
        </extensions>
      </trkpt>
      <trkpt lat="44.2814383842051029205322265625" lon="-80.20443655550479888916015625">
        <ele>430</ele>
        <time>2026-10-05T18:16:46.000Z</time>
        <extensions>
          <ns3:TrackPointExtension/>
        </extensions>
      </trkpt>
      <trkpt lat="44.281427823007106781005859375" lon="-80.20458365790545940399169921875">
        <ele>431</ele>
        <time>2026-10-05T18:16:56.000Z</time>
        <extensions>
          <ns3:TrackPointExtension/>
        </extensions>
      </trkpt>
      <trkpt lat="44.28142757155001163482666015625" lon="-80.20459078252315521240234375">
        <ele>431</ele>
        <time>2026-10-05T18:16:57.000Z</time>
        <extensions>
          <ns3:TrackPointExtension/>
        </extensions>
      </trkpt>
      <trkpt lat="44.28142237477004528045654296875" lon="-80.20475213415920734405517578125">
        <ele>432</ele>
        <time>2026-10-05T18:17:08.000Z</time>
        <extensions>
          <ns3:TrackPointExtension/>
        </extensions>
      </trkpt>
      <trkpt lat="44.2814269848167896270751953125" lon="-80.2048273198306560516357421875">
        <ele>432.600006103515625</ele>
        <time>2026-10-05T18:17:13.000Z</time>
        <extensions>
          <ns3:TrackPointExtension/>
        </extensions>
      </trkpt>
      <trkpt lat="44.28142388351261615753173828125" lon="-80.204858668148517608642578125">
        <ele>433</ele>
        <time>2026-10-05T18:17:16.000Z</time>
        <extensions>
          <ns3:TrackPointExtension/>
        </extensions>
      </trkpt>
      <trkpt lat="44.28138951770961284637451171875" lon="-80.2049346081912517547607421875">
        <ele>434.20001220703125</ele>
        <time>2026-10-05T18:17:22.000Z</time>
        <extensions>
          <ns3:TrackPointExtension/>
        </extensions>
      </trkpt>
      <trkpt lat="44.2813740111887454986572265625" lon="-80.2049731649458408355712890625">
        <ele>434.79998779296875</ele>
        <time>2026-10-05T18:17:26.000Z</time>
        <extensions>
          <ns3:TrackPointExtension/>
        </extensions>
      </trkpt>
      <trkpt lat="44.28137375973165035247802734375" lon="-80.2050204388797283172607421875">
        <ele>435.20001220703125</ele>
        <time>2026-10-05T18:17:30.000Z</time>
        <extensions>
          <ns3:TrackPointExtension/>
        </extensions>
      </trkpt>
      <trkpt lat="44.2813532240688800811767578125" lon="-80.2051404677331447601318359375">
        <ele>436.20001220703125</ele>
        <time>2026-10-05T18:17:39.000Z</time>
        <extensions>
          <ns3:TrackPointExtension/>
        </extensions>
      </trkpt>
      <trkpt lat="44.28135179914534091949462890625" lon="-80.2051625959575176239013671875">
        <ele>436.600006103515625</ele>
        <time>2026-10-05T18:17:41.000Z</time>
        <extensions>
          <ns3:TrackPointExtension/>
        </extensions>
      </trkpt>
      <trkpt lat="44.28133369423449039459228515625" lon="-80.20522420294582843780517578125">
        <ele>437.399993896484375</ele>
        <time>2026-10-05T18:17:48.000Z</time>
        <extensions>
          <ns3:TrackPointExtension/>
        </extensions>
      </trkpt>
      <trkpt lat="44.28133486770093441009521484375" lon="-80.20526628009974956512451171875">
        <ele>438.399993896484375</ele>
        <time>2026-10-05T18:17:53.000Z</time>
        <extensions>
          <ns3:TrackPointExtension/>
        </extensions>
      </trkpt>
      <trkpt lat="44.28133763372898101806640625" lon="-80.20527432672679424285888671875">
        <ele>438.79998779296875</ele>
        <time>2026-10-05T18:17:54.000Z</time>
        <extensions>
          <ns3:TrackPointExtension/>
        </extensions>
      </trkpt>
      <trkpt lat="44.28133369423449039459228515625" lon="-80.20534607581794261932373046875">
        <ele>439.79998779296875</ele>
        <time>2026-10-05T18:18:02.000Z</time>
        <extensions>
          <ns3:TrackPointExtension/>
        </extensions>
      </trkpt>
      <trkpt lat="44.28133067674934864044189453125" lon="-80.20538228563964366912841796875">
        <ele>440.79998779296875</ele>
        <time>2026-10-05T18:18:07.000Z</time>
        <extensions>
          <ns3:TrackPointExtension/>
        </extensions>
      </trkpt>
      <trkpt lat="44.28132330067455768585205078125" lon="-80.2053942717611789703369140625">
        <ele>441</ele>
        <time>2026-10-05T18:18:08.000Z</time>
        <extensions>
          <ns3:TrackPointExtension/>
        </extensions>
      </trkpt>
      <trkpt lat="44.28128256462514400482177734375" lon="-80.20544238388538360595703125">
        <ele>442.20001220703125</ele>
        <time>2026-10-05T18:18:12.000Z</time>
        <extensions>
          <ns3:TrackPointExtension/>
        </extensions>
      </trkpt>
      <trkpt lat="44.28123981691896915435791015625" lon="-80.20548303611576557159423828125">
        <ele>443.20001220703125</ele>
        <time>2026-10-05T18:18:18.000Z</time>
        <extensions>
          <ns3:TrackPointExtension/>
        </extensions>
      </trkpt>
      <trkpt lat="44.28114443086087703704833984375" lon="-80.20560474134981632232666015625">
        <ele>444</ele>
        <time>2026-10-05T18:18:32.000Z</time>
        <extensions>
          <ns3:TrackPointExtension/>
        </extensions>
      </trkpt>
      <trkpt lat="44.281133115291595458984375" lon="-80.20562619902193546295166015625">
        <ele>444.20001220703125</ele>
        <time>2026-10-05T18:18:34.000Z</time>
        <extensions>
          <ns3:TrackPointExtension/>
        </extensions>
      </trkpt>
      <trkpt lat="44.28110956214368343353271484375" lon="-80.20565452985465526580810546875">
        <ele>444.399993896484375</ele>
        <time>2026-10-05T18:18:36.000Z</time>
        <extensions>
          <ns3:TrackPointExtension/>
        </extensions>
      </trkpt>
      <trkpt lat="44.28106396459043025970458984375" lon="-80.20574145019054412841796875">
        <ele>445</ele>
        <time>2026-10-05T18:18:44.000Z</time>
        <extensions>
          <ns3:TrackPointExtension/>
        </extensions>
      </trkpt>
      <trkpt lat="44.28106136620044708251953125" lon="-80.2057687751948833465576171875">
        <ele>445.20001220703125</ele>
        <time>2026-10-05T18:18:46.000Z</time>
        <extensions>
          <ns3:TrackPointExtension/>
        </extensions>
      </trkpt>
      <trkpt lat="44.28103948943316936492919921875" lon="-80.20583859644830226898193359375">
        <ele>446.20001220703125</ele>
        <time>2026-10-05T18:18:54.000Z</time>
        <extensions>
          <ns3:TrackPointExtension/>
        </extensions>
      </trkpt>
      <trkpt lat="44.281034879386425018310546875" lon="-80.20586558617651462554931640625">
        <ele>447</ele>
        <time>2026-10-05T18:18:57.000Z</time>
        <extensions>
          <ns3:TrackPointExtension/>
        </extensions>
      </trkpt>
      <trkpt lat="44.28103110752999782562255859375" lon="-80.20590213127434253692626953125">
        <ele>447.399993896484375</ele>
        <time>2026-10-05T18:19:00.000Z</time>
        <extensions>
          <ns3:TrackPointExtension/>
        </extensions>
      </trkpt>
      <trkpt lat="44.2810417525470256805419921875" lon="-80.205982513725757598876953125">
        <ele>448.399993896484375</ele>
        <time>2026-10-05T18:19:08.000Z</time>
        <extensions>
          <ns3:TrackPointExtension/>
        </extensions>
      </trkpt>
      <trkpt lat="44.281048290431499481201171875" lon="-80.20602433942258358001708984375">
        <ele>449.20001220703125</ele>
        <time>2026-10-05T18:19:12.000Z</time>
        <extensions>
          <ns3:TrackPointExtension/>
        </extensions>
      </trkpt>
      <trkpt lat="44.2810566723346710205078125" lon="-80.2060758881270885467529296875">
        <ele>449.79998779296875</ele>
        <time>2026-10-05T18:19:17.000Z</time>
        <extensions>
          <ns3:TrackPointExtension/>
        </extensions>
      </trkpt>
      <trkpt lat="44.28106497041881084442138671875" lon="-80.20614956505596637725830078125">
        <ele>451.20001220703125</ele>
        <time>2026-10-05T18:19:23.000Z</time>
        <extensions>
          <ns3:TrackPointExtension/>
        </extensions>
      </trkpt>
      <trkpt lat="44.28108123131096363067626953125" lon="-80.2062053047120571136474609375">
        <ele>452</ele>
        <time>2026-10-05T18:19:28.000Z</time>
        <extensions>
          <ns3:TrackPointExtension/>
        </extensions>
      </trkpt>
      <trkpt lat="44.28108458407223224639892578125" lon="-80.20622231997549533843994140625">
        <ele>452.20001220703125</ele>
        <time>2026-10-05T18:19:30.000Z</time>
        <extensions>
          <ns3:TrackPointExtension/>
        </extensions>
      </trkpt>
      <trkpt lat="44.28107351996004581451416015625" lon="-80.2062700130045413970947265625">
        <ele>453.20001220703125</ele>
        <time>2026-10-05T18:19:37.000Z</time>
        <extensions>
          <ns3:TrackPointExtension/>
        </extensions>
      </trkpt>
      <trkpt lat="44.28106145001947879791259765625" lon="-80.2062579430639743804931640625">
        <ele>454</ele>
        <time>2026-10-05T18:19:42.000Z</time>
        <extensions>
          <ns3:TrackPointExtension/>
        </extensions>
      </trkpt>
      <trkpt lat="44.2810712568461894989013671875" lon="-80.20626858808100223541259765625">
        <ele>454.20001220703125</ele>
        <time>2026-10-05T18:19:45.000Z</time>
        <extensions>
          <ns3:TrackPointExtension/>
        </extensions>
      </trkpt>
      <trkpt lat="44.28108944557607173919677734375" lon="-80.2063120901584625244140625">
        <ele>454.20001220703125</ele>
        <time>2026-10-05T18:19:57.000Z</time>
        <extensions>
          <ns3:TrackPointExtension/>
        </extensions>
      </trkpt>
      <trkpt lat="44.2811210453510284423828125" lon="-80.20631812512874603271484375">
        <ele>454</ele>
        <time>2026-10-05T18:20:12.000Z</time>
        <extensions>
          <ns3:TrackPointExtension/>
        </extensions>
      </trkpt>
      <trkpt lat="44.28110553883016109466552734375" lon="-80.2063630521297454833984375">
        <ele>454.79998779296875</ele>
        <time>2026-10-05T18:20:23.000Z</time>
        <extensions>
          <ns3:TrackPointExtension/>
        </extensions>
      </trkpt>
      <trkpt lat="44.28110034205019474029541015625" lon="-80.20636548288166522979736328125">
        <ele>455.600006103515625</ele>
        <time>2026-10-05T18:20:25.000Z</time>
        <extensions>
          <ns3:TrackPointExtension/>
        </extensions>
      </trkpt>
      <trkpt lat="44.2810969054698944091796875" lon="-80.20638643763959407806396484375">
        <ele>457.20001220703125</ele>
        <time>2026-10-05T18:20:29.000Z</time>
        <extensions>
          <ns3:TrackPointExtension/>
        </extensions>
      </trkpt>
      <trkpt lat="44.2810638807713985443115234375" lon="-80.20641870796680450439453125">
        <ele>458.20001220703125</ele>
        <time>2026-10-05T18:20:36.000Z</time>
        <extensions>
          <ns3:TrackPointExtension/>
        </extensions>
      </trkpt>
      <trkpt lat="44.2810218036174774169921875" lon="-80.2064705081284046173095703125">
        <ele>459.20001220703125</ele>
        <time>2026-10-05T18:20:43.000Z</time>
        <extensions>
          <ns3:TrackPointExtension/>
        </extensions>
      </trkpt>
      <trkpt lat="44.28099456243216991424560546875" lon="-80.20650110207498073577880859375">
        <ele>460</ele>
        <time>2026-10-05T18:20:48.000Z</time>
        <extensions>
          <ns3:TrackPointExtension/>
        </extensions>
      </trkpt>
      <trkpt lat="44.280985929071903228759765625" lon="-80.20652021281421184539794921875">
        <ele>460.600006103515625</ele>
        <time>2026-10-05T18:20:51.000Z</time>
        <extensions>
          <ns3:TrackPointExtension/>
        </extensions>
      </trkpt>
      <trkpt lat="44.2809904552996158599853515625" lon="-80.206546448171138763427734375">
        <ele>461.600006103515625</ele>
        <time>2026-10-05T18:20:56.000Z</time>
        <extensions>
          <ns3:TrackPointExtension/>
        </extensions>
      </trkpt>
      <trkpt lat="44.28099992685019969940185546875" lon="-80.2065647207200527191162109375">
        <ele>462</ele>
        <time>2026-10-05T18:20:59.000Z</time>
        <extensions>
          <ns3:TrackPointExtension/>
        </extensions>
      </trkpt>
      <trkpt lat="44.28102624602615833282470703125" lon="-80.20660034380853176116943359375">
        <ele>462.79998779296875</ele>
        <time>2026-10-05T18:21:05.000Z</time>
        <extensions>
          <ns3:TrackPointExtension/>
        </extensions>
      </trkpt>
      <trkpt lat="44.28102943114936351776123046875" lon="-80.20661987364292144775390625">
        <ele>463.399993896484375</ele>
        <time>2026-10-05T18:21:10.000Z</time>
        <extensions>
          <ns3:TrackPointExtension/>
        </extensions>
      </trkpt>
      <trkpt lat="44.28102624602615833282470703125" lon="-80.2066210471093654632568359375">
        <ele>464</ele>
        <time>2026-10-05T18:21:12.000Z</time>
        <extensions>
          <ns3:TrackPointExtension/>
        </extensions>
      </trkpt>
      <trkpt lat="44.28098517470061779022216796875" lon="-80.2066478691995143890380859375">
        <ele>465</ele>
        <time>2026-10-05T18:21:22.000Z</time>
        <extensions>
          <ns3:TrackPointExtension/>
        </extensions>
      </trkpt>
      <trkpt lat="44.28098081611096858978271484375" lon="-80.20665415562689304351806640625">
        <ele>465</ele>
        <time>2026-10-05T18:21:23.000Z</time>
        <extensions>
          <ns3:TrackPointExtension/>
        </extensions>
      </trkpt>
      <trkpt lat="44.2809874378144741058349609375" lon="-80.20676312036812305450439453125">
        <ele>464</ele>
        <time>2026-10-05T18:21:34.000Z</time>
        <extensions>
          <ns3:TrackPointExtension/>
        </extensions>
      </trkpt>
      <trkpt lat="44.2809949815273284912109375" lon="-80.20681777037680149078369140625">
        <ele>464</ele>
        <time>2026-10-05T18:21:38.000Z</time>
        <extensions>
          <ns3:TrackPointExtension/>
        </extensions>
      </trkpt>
      <trkpt lat="44.28094108588993549346923828125" lon="-80.20698130130767822265625">
        <ele>464.399993896484375</ele>
        <time>2026-10-05T18:21:47.000Z</time>
        <extensions>
          <ns3:TrackPointExtension/>
        </extensions>
      </trkpt>
      <trkpt lat="44.28086246363818645477294921875" lon="-80.20716461353003978729248046875">
        <ele>465</ele>
        <time>2026-10-05T18:21:59.000Z</time>
        <extensions>
          <ns3:TrackPointExtension/>
        </extensions>
      </trkpt>
      <trkpt lat="44.2808543331921100616455078125" lon="-80.207199566066265106201171875">
        <ele>465.399993896484375</ele>
        <time>2026-10-05T18:22:02.000Z</time>
        <extensions>
          <ns3:TrackPointExtension/>
        </extensions>
      </trkpt>
      <trkpt lat="44.28083748556673526763916015625" lon="-80.20724943839013576507568359375">
        <ele>466</ele>
        <time>2026-10-05T18:22:07.000Z</time>
        <extensions>
          <ns3:TrackPointExtension/>
        </extensions>
      </trkpt>
      <trkpt lat="44.28081938065588474273681640625" lon="-80.20731414668262004852294921875">
        <ele>467</ele>
        <time>2026-10-05T18:22:13.000Z</time>
        <extensions>
          <ns3:TrackPointExtension/>
        </extensions>
      </trkpt>
      <trkpt lat="44.28081099875271320343017578125" lon="-80.2073512785136699676513671875">
        <ele>467.600006103515625</ele>
        <time>2026-10-05T18:22:16.000Z</time>
        <extensions>
          <ns3:TrackPointExtension/>
        </extensions>
      </trkpt>
      <trkpt lat="44.28080177865922451019287109375" lon="-80.20740668289363384246826171875">
        <ele>468.20001220703125</ele>
        <time>2026-10-05T18:22:20.000Z</time>
        <extensions>
          <ns3:TrackPointExtension/>
        </extensions>
      </trkpt>
      <trkpt lat="44.28078551776707172393798828125" lon="-80.20749905146658420562744140625">
        <ele>469.20001220703125</ele>
        <time>2026-10-05T18:22:28.000Z</time>
        <extensions>
          <ns3:TrackPointExtension/>
        </extensions>
      </trkpt>
      <trkpt lat="44.28078266791999340057373046875" lon="-80.20751598291099071502685546875">
        <ele>469</ele>
        <time>2026-10-05T18:22:30.000Z</time>
        <extensions>
          <ns3:TrackPointExtension/>
        </extensions>
      </trkpt>
      <trkpt lat="44.28075349889695644378662109375" lon="-80.207721255719661712646484375">
        <ele>468.399993896484375</ele>
        <time>2026-10-05T18:22:46.000Z</time>
        <extensions>
          <ns3:TrackPointExtension/>
        </extensions>
      </trkpt>
      <trkpt lat="44.2807165347039699554443359375" lon="-80.20792569033801555633544921875">
        <ele>468.600006103515625</ele>
        <time>2026-10-05T18:23:01.000Z</time>
        <extensions>
          <ns3:TrackPointExtension/>
        </extensions>
      </trkpt>
      <trkpt lat="44.28067906759679317474365234375" lon="-80.208153426647186279296875">
        <ele>468.79998779296875</ele>
        <time>2026-10-05T18:23:14.000Z</time>
        <extensions>
          <ns3:TrackPointExtension/>
        </extensions>
      </trkpt>
      <trkpt lat="44.2806436121463775634765625" lon="-80.2083732001483440399169921875">
        <ele>470</ele>
        <time>2026-10-05T18:23:28.000Z</time>
        <extensions>
          <ns3:TrackPointExtension/>
        </extensions>
      </trkpt>
      <trkpt lat="44.2806156165897846221923828125" lon="-80.20846313796937465667724609375">
        <ele>470.20001220703125</ele>
        <time>2026-10-05T18:23:34.000Z</time>
        <extensions>
          <ns3:TrackPointExtension/>
        </extensions>
      </trkpt>
      <trkpt lat="44.28058384917676448822021484375" lon="-80.2085891179740428924560546875">
        <ele>470.79998779296875</ele>
        <time>2026-10-05T18:23:42.000Z</time>
        <extensions>
          <ns3:TrackPointExtension/>
        </extensions>
      </trkpt>
      <trkpt lat="44.28056574426591396331787109375" lon="-80.20863865502178668975830078125">
        <ele>471.399993896484375</ele>
        <time>2026-10-05T18:23:46.000Z</time>
        <extensions>
          <ns3:TrackPointExtension/>
        </extensions>
      </trkpt>
      <trkpt lat="44.28052836097776889801025390625" lon="-80.2087891101837158203125">
        <ele>472.399993896484375</ele>
        <time>2026-10-05T18:23:57.000Z</time>
        <extensions>
          <ns3:TrackPointExtension/>
        </extensions>
      </trkpt>
      <trkpt lat="44.28052014671266078948974609375" lon="-80.20881551317870616912841796875">
        <ele>472.600006103515625</ele>
        <time>2026-10-05T18:23:59.000Z</time>
        <extensions>
          <ns3:TrackPointExtension/>
        </extensions>
      </trkpt>
      <trkpt lat="44.2804835177958011627197265625" lon="-80.20892280153930187225341796875">
        <ele>473.600006103515625</ele>
        <time>2026-10-05T18:24:07.000Z</time>
        <extensions>
          <ns3:TrackPointExtension/>
        </extensions>
      </trkpt>
      <trkpt lat="44.280468933284282684326171875" lon="-80.209012739360332489013671875">
        <ele>474.399993896484375</ele>
        <time>2026-10-05T18:24:12.000Z</time>
        <extensions>
          <ns3:TrackPointExtension/>
        </extensions>
      </trkpt>
      <trkpt lat="44.28046566434204578399658203125" lon="-80.2090725861489772796630859375">
        <ele>474.600006103515625</ele>
        <time>2026-10-05T18:24:16.000Z</time>
        <extensions>
          <ns3:TrackPointExtension/>
        </extensions>
      </trkpt>
      <trkpt lat="44.280445463955402374267578125" lon="-80.20917224697768688201904296875">
        <ele>475.600006103515625</ele>
        <time>2026-10-05T18:24:24.000Z</time>
        <extensions>
          <ns3:TrackPointExtension/>
        </extensions>
      </trkpt>
      <trkpt lat="44.28044269792735576629638671875" lon="-80.2092066965997219085693359375">
        <ele>476</ele>
        <time>2026-10-05T18:24:26.000Z</time>
        <extensions>
          <ns3:TrackPointExtension/>
        </extensions>
      </trkpt>
      <trkpt lat="44.2804050631821155548095703125" lon="-80.2093671262264251708984375">
        <ele>476.79998779296875</ele>
        <time>2026-10-05T18:24:37.000Z</time>
        <extensions>
          <ns3:TrackPointExtension/>
        </extensions>
      </trkpt>
      <trkpt lat="44.28040145896375179290771484375" lon="-80.20941213704645633697509765625">
        <ele>477</ele>
        <time>2026-10-05T18:24:40.000Z</time>
        <extensions>
          <ns3:TrackPointExtension/>
        </extensions>
      </trkpt>
      <trkpt lat="44.28035619668662548065185546875" lon="-80.20966015756130218505859375">
        <ele>477.79998779296875</ele>
        <time>2026-10-05T18:24:55.000Z</time>
        <extensions>
          <ns3:TrackPointExtension/>
        </extensions>
      </trkpt>
      <trkpt lat="44.28035284392535686492919921875" lon="-80.2096827886998653411865234375">
        <ele>477.79998779296875</ele>
        <time>2026-10-05T18:24:56.000Z</time>
        <extensions>
          <ns3:TrackPointExtension/>
        </extensions>
      </trkpt>
      <trkpt lat="44.28030154667794704437255859375" lon="-80.20994623191654682159423828125">
        <ele>478</ele>
        <time>2026-10-05T18:25:11.000Z</time>
        <extensions>
          <ns3:TrackPointExtension/>
        </extensions>
      </trkpt>
      <trkpt lat="44.28024597465991973876953125" lon="-80.21003189496695995330810546875">
        <ele>477.399993896484375</ele>
        <time>2026-10-05T18:25:18.000Z</time>
        <extensions>
          <ns3:TrackPointExtension/>
        </extensions>
      </trkpt>
      <trkpt lat="44.28022451698780059814453125" lon="-80.210060141980648040771484375">
        <ele>477</ele>
        <time>2026-10-05T18:25:23.000Z</time>
        <extensions>
          <ns3:TrackPointExtension/>
        </extensions>
      </trkpt>
      <trkpt lat="44.28019995801150798797607421875" lon="-80.21005452610552310943603515625">
        <ele>476.79998779296875</ele>
        <time>2026-10-05T18:25:28.000Z</time>
        <extensions>
          <ns3:TrackPointExtension/>
        </extensions>
      </trkpt>
      <trkpt lat="44.28019409067928791046142578125" lon="-80.2100484073162078857421875">
        <ele>476.79998779296875</ele>
        <time>2026-10-05T18:25:32.000Z</time>
        <extensions>
          <ns3:TrackPointExtension/>
        </extensions>
      </trkpt>
      <trkpt lat="44.280134327709674835205078125" lon="-80.20997674204409122467041015625">
        <ele>476.600006103515625</ele>
        <time>2026-10-05T18:25:41.000Z</time>
        <extensions>
          <ns3:TrackPointExtension/>
        </extensions>
      </trkpt>
      <trkpt lat="44.28005126304924488067626953125" lon="-80.20991320721805095672607421875">
        <ele>476.399993896484375</ele>
        <time>2026-10-05T18:25:50.000Z</time>
        <extensions>
          <ns3:TrackPointExtension/>
        </extensions>
      </trkpt>
      <trkpt lat="44.27991882897913455963134765625" lon="-80.20983089692890644073486328125">
        <ele>476.20001220703125</ele>
        <time>2026-10-05T18:26:03.000Z</time>
        <extensions>
          <ns3:TrackPointExtension/>
        </extensions>
      </trkpt>
      <trkpt lat="44.27982352674007415771484375" lon="-80.20980575121939182281494140625">
        <ele>475.79998779296875</ele>
        <time>2026-10-05T18:26:12.000Z</time>
        <extensions>
          <ns3:TrackPointExtension/>
        </extensions>
      </trkpt>
      <trkpt lat="44.279766865074634552001953125" lon="-80.2097914181649684906005859375">
        <ele>475.20001220703125</ele>
        <time>2026-10-05T18:26:17.000Z</time>
        <extensions>
          <ns3:TrackPointExtension/>
        </extensions>
      </trkpt>
      <trkpt lat="44.27972235716879367828369140625" lon="-80.209785215556621551513671875">
        <ele>474.600006103515625</ele>
        <time>2026-10-05T18:26:21.000Z</time>
        <extensions>
          <ns3:TrackPointExtension/>
        </extensions>
      </trkpt>
      <trkpt lat="44.27962646819651126861572265625" lon="-80.2097468264400959014892578125">
        <ele>474.399993896484375</ele>
        <time>2026-10-05T18:26:29.000Z</time>
        <extensions>
          <ns3:TrackPointExtension/>
        </extensions>
      </trkpt>
      <trkpt lat="44.2794394679367542266845703125" lon="-80.2097008936107158660888671875">
        <ele>475.600006103515625</ele>
        <time>2026-10-05T18:26:45.000Z</time>
        <extensions>
          <ns3:TrackPointExtension/>
        </extensions>
      </trkpt>
      <trkpt lat="44.27943016402423381805419921875" lon="-80.2096992172300815582275390625">
        <ele>475.600006103515625</ele>
        <time>2026-10-05T18:26:46.000Z</time>
        <extensions>
          <ns3:TrackPointExtension/>
        </extensions>
      </trkpt>
      <trkpt lat="44.27928364835679531097412109375" lon="-80.2096656896173954010009765625">
        <ele>475</ele>
        <time>2026-10-05T18:27:00.000Z</time>
        <extensions>
          <ns3:TrackPointExtension/>
        </extensions>
      </trkpt>
      <trkpt lat="44.2791209556162357330322265625" lon="-80.20965068601071834564208984375">
        <ele>474.20001220703125</ele>
        <time>2026-10-05T18:27:15.000Z</time>
        <extensions>
          <ns3:TrackPointExtension/>
        </extensions>
      </trkpt>
      <trkpt lat="44.278940744698047637939453125" lon="-80.20960810594260692596435546875">
        <ele>474</ele>
        <time>2026-10-05T18:27:30.000Z</time>
        <extensions>
          <ns3:TrackPointExtension/>
        </extensions>
      </trkpt>
      <trkpt lat="44.278921298682689666748046875" lon="-80.20959620364010334014892578125">
        <ele>473.79998779296875</ele>
        <time>2026-10-05T18:27:32.000Z</time>
        <extensions>
          <ns3:TrackPointExtension/>
        </extensions>
      </trkpt>
      <trkpt lat="44.2788108251988887786865234375" lon="-80.2095788531005382537841796875">
        <ele>473.600006103515625</ele>
        <time>2026-10-05T18:27:42.000Z</time>
        <extensions>
          <ns3:TrackPointExtension/>
        </extensions>
      </trkpt>
      <trkpt lat="44.27879096008837223052978515625" lon="-80.2095731534063816070556640625">
        <ele>473.20001220703125</ele>
        <time>2026-10-05T18:27:44.000Z</time>
        <extensions>
          <ns3:TrackPointExtension/>
        </extensions>
      </trkpt>
      <trkpt lat="44.2786907963454723358154296875" lon="-80.2095322497189044952392578125">
        <ele>472.399993896484375</ele>
        <time>2026-10-05T18:27:55.000Z</time>
        <extensions>
          <ns3:TrackPointExtension/>
        </extensions>
      </trkpt>
      <trkpt lat="44.27865483798086643218994140625" lon="-80.20952344872057437896728515625">
        <ele>472.399993896484375</ele>
        <time>2026-10-05T18:27:59.000Z</time>
        <extensions>
          <ns3:TrackPointExtension/>
        </extensions>
      </trkpt>
      <trkpt lat="44.278470017015933990478515625" lon="-80.209490843117237091064453125">
        <ele>472.79998779296875</ele>
        <time>2026-10-05T18:28:14.000Z</time>
        <extensions>
          <ns3:TrackPointExtension/>
        </extensions>
      </trkpt>
      <trkpt lat="44.27845937199890613555908203125" lon="-80.2094900049269199371337890625">
        <ele>473</ele>
        <time>2026-10-05T18:28:15.000Z</time>
        <extensions>
          <ns3:TrackPointExtension/>
        </extensions>
      </trkpt>
      <trkpt lat="44.27840153686702251434326171875" lon="-80.2094752527773380279541015625">
        <ele>473.600006103515625</ele>
        <time>2026-10-05T18:28:21.000Z</time>
        <extensions>
          <ns3:TrackPointExtension/>
        </extensions>
      </trkpt>
      <trkpt lat="44.2783355712890625" lon="-80.20946494303643703460693359375">
        <ele>474.20001220703125</ele>
        <time>2026-10-05T18:28:28.000Z</time>
        <extensions>
          <ns3:TrackPointExtension/>
        </extensions>
      </trkpt>
      <trkpt lat="44.27829659543931484222412109375" lon="-80.20945739932358264923095703125">
        <ele>474.600006103515625</ele>
        <time>2026-10-05T18:28:32.000Z</time>
        <extensions>
          <ns3:TrackPointExtension/>
        </extensions>
      </trkpt>
      <trkpt lat="44.27815745584666728973388671875" lon="-80.2094185911118984222412109375">
        <ele>474.600006103515625</ele>
        <time>2026-10-05T18:28:44.000Z</time>
        <extensions>
          <ns3:TrackPointExtension/>
        </extensions>
      </trkpt>
      <trkpt lat="44.27799534983932971954345703125" lon="-80.20938330329954624176025390625">
        <ele>473.600006103515625</ele>
        <time>2026-10-05T18:28:57.000Z</time>
        <extensions>
          <ns3:TrackPointExtension/>
        </extensions>
      </trkpt>
      <trkpt lat="44.27797137759625911712646484375" lon="-80.20937190391123294830322265625">
        <ele>473.600006103515625</ele>
        <time>2026-10-05T18:28:59.000Z</time>
        <extensions>
          <ns3:TrackPointExtension/>
        </extensions>
      </trkpt>
      <trkpt lat="44.27784263156354427337646484375" lon="-80.20932630635797977447509765625">
        <ele>472.79998779296875</ele>
        <time>2026-10-05T18:29:10.000Z</time>
        <extensions>
          <ns3:TrackPointExtension/>
        </extensions>
      </trkpt>
      <trkpt lat="44.27783156745135784149169921875" lon="-80.20932354032993316650390625">
        <ele>472.399993896484375</ele>
        <time>2026-10-05T18:29:11.000Z</time>
        <extensions>
          <ns3:TrackPointExtension/>
        </extensions>
      </trkpt>
      <trkpt lat="44.27775629796087741851806640625" lon="-80.20930401049554347991943359375">
        <ele>471.20001220703125</ele>
        <time>2026-10-05T18:29:19.000Z</time>
        <extensions>
          <ns3:TrackPointExtension/>
        </extensions>
      </trkpt>
      <trkpt lat="44.27771355025470256805419921875" lon="-80.20929378457367420196533203125">
        <ele>470.20001220703125</ele>
        <time>2026-10-05T18:29:23.000Z</time>
        <extensions>
          <ns3:TrackPointExtension/>
        </extensions>
      </trkpt>
      <trkpt lat="44.2775563895702362060546875" lon="-80.20924919284880161285400390625">
        <ele>469.399993896484375</ele>
        <time>2026-10-05T18:29:38.000Z</time>
        <extensions>
          <ns3:TrackPointExtension/>
        </extensions>
      </trkpt>
      <trkpt lat="44.27742320112884044647216796875" lon="-80.2092184312641620635986328125">
        <ele>469.399993896484375</ele>
        <time>2026-10-05T18:29:53.000Z</time>
        <extensions>
          <ns3:TrackPointExtension/>
        </extensions>
      </trkpt>
      <trkpt lat="44.27726729772984981536865234375" lon="-80.20919403992593288421630859375">
        <ele>469.399993896484375</ele>
        <time>2026-10-05T18:30:07.000Z</time>
        <extensions>
          <ns3:TrackPointExtension/>
        </extensions>
      </trkpt>
      <trkpt lat="44.2770923674106597900390625" lon="-80.20917023532092571258544921875">
        <ele>471</ele>
        <time>2026-10-05T18:30:22.000Z</time>
        <extensions>
          <ns3:TrackPointExtension/>
        </extensions>
      </trkpt>
      <trkpt lat="44.27703897468745708465576171875" lon="-80.2091607637703418731689453125">
        <ele>471.20001220703125</ele>
        <time>2026-10-05T18:30:27.000Z</time>
        <extensions>
          <ns3:TrackPointExtension/>
        </extensions>
      </trkpt>
      <trkpt lat="44.2769570834934711456298828125" lon="-80.20917040295898914337158203125">
        <ele>471.600006103515625</ele>
        <time>2026-10-05T18:30:36.000Z</time>
        <extensions>
          <ns3:TrackPointExtension/>
        </extensions>
      </trkpt>
      <trkpt lat="44.2768685705959796905517578125" lon="-80.20912706851959228515625">
        <ele>472.20001220703125</ele>
        <time>2026-10-05T18:30:45.000Z</time>
        <extensions>
          <ns3:TrackPointExtension/>
        </extensions>
      </trkpt>
      <trkpt lat="44.27682674489915370941162109375" lon="-80.2091101370751857757568359375">
        <ele>472.399993896484375</ele>
        <time>2026-10-05T18:30:49.000Z</time>
        <extensions>
          <ns3:TrackPointExtension/>
        </extensions>
      </trkpt>
      <trkpt lat="44.27665047347545623779296875" lon="-80.20907216705381870269775390625">
        <ele>472.79998779296875</ele>
        <time>2026-10-05T18:31:03.000Z</time>
        <extensions>
          <ns3:TrackPointExtension/>
        </extensions>
      </trkpt>
      <trkpt lat="44.27646942436695098876953125" lon="-80.20901617594063282012939453125">
        <ele>472.79998779296875</ele>
        <time>2026-10-05T18:31:20.000Z</time>
        <extensions>
          <ns3:TrackPointExtension/>
        </extensions>
      </trkpt>
      <trkpt lat="44.27645944990217685699462890625" lon="-80.20901382900774478912353515625">
        <ele>472.600006103515625</ele>
        <time>2026-10-05T18:31:21.000Z</time>
        <extensions>
          <ns3:TrackPointExtension/>
        </extensions>
      </trkpt>
      <trkpt lat="44.2762955836951732635498046875" lon="-80.208970494568347930908203125">
        <ele>471.20001220703125</ele>
        <time>2026-10-05T18:31:36.000Z</time>
        <extensions>
          <ns3:TrackPointExtension/>
        </extensions>
      </trkpt>
      <trkpt lat="44.2761685140430927276611328125" lon="-80.2089438401162624359130859375">
        <ele>470.20001220703125</ele>
        <time>2026-10-05T18:31:48.000Z</time>
        <extensions>
          <ns3:TrackPointExtension/>
        </extensions>
      </trkpt>
      <trkpt lat="44.27612953819334506988525390625" lon="-80.20893788896501064300537109375">
        <ele>469.600006103515625</ele>
        <time>2026-10-05T18:31:52.000Z</time>
        <extensions>
          <ns3:TrackPointExtension/>
        </extensions>
      </trkpt>
      <trkpt lat="44.27608042024075984954833984375" lon="-80.20891894586384296417236328125">
        <ele>469.20001220703125</ele>
        <time>2026-10-05T18:31:58.000Z</time>
        <extensions>
          <ns3:TrackPointExtension/>
        </extensions>
      </trkpt>
      <trkpt lat="44.27599199116230010986328125" lon="-80.20890888758003711700439453125">
        <ele>468.600006103515625</ele>
        <time>2026-10-05T18:32:06.000Z</time>
        <extensions>
          <ns3:TrackPointExtension/>
        </extensions>
      </trkpt>
      <trkpt lat="44.27592493593692779541015625" lon="-80.20890268497169017791748046875">
        <ele>468</ele>
        <time>2026-10-05T18:32:12.000Z</time>
        <extensions>
          <ns3:TrackPointExtension/>
        </extensions>
      </trkpt>
      <trkpt lat="44.275842793285846710205078125" lon="-80.20887485705316066741943359375">
        <ele>467.399993896484375</ele>
        <time>2026-10-05T18:32:21.000Z</time>
        <extensions>
          <ns3:TrackPointExtension/>
        </extensions>
      </trkpt>
      <trkpt lat="44.27578738890588283538818359375" lon="-80.20886546932160854339599609375">
        <ele>467</ele>
        <time>2026-10-05T18:32:26.000Z</time>
        <extensions>
          <ns3:TrackPointExtension/>
        </extensions>
      </trkpt>
      <trkpt lat="44.27567624486982822418212890625" lon="-80.208839736878871917724609375">
        <ele>465.79998779296875</ele>
        <time>2026-10-05T18:32:35.000Z</time>
        <extensions>
          <ns3:TrackPointExtension/>
        </extensions>
      </trkpt>
      <trkpt lat="44.27566518075764179229736328125" lon="-80.20883512683212757110595703125">
        <ele>465.600006103515625</ele>
        <time>2026-10-05T18:32:36.000Z</time>
        <extensions>
          <ns3:TrackPointExtension/>
        </extensions>
      </trkpt>
      <trkpt lat="44.2755445651710033416748046875" lon="-80.20881702192127704620361328125">
        <ele>464.600006103515625</ele>
        <time>2026-10-05T18:32:46.000Z</time>
        <extensions>
          <ns3:TrackPointExtension/>
        </extensions>
      </trkpt>
      <trkpt lat="44.2754962854087352752685546875" lon="-80.20882607437670230865478515625">
        <ele>464.399993896484375</ele>
        <time>2026-10-05T18:32:51.000Z</time>
        <extensions>
          <ns3:TrackPointExtension/>
        </extensions>
      </trkpt>
      <trkpt lat="44.2753742448985576629638671875" lon="-80.20888089202344417572021484375">
        <ele>463.600006103515625</ele>
        <time>2026-10-05T18:33:03.000Z</time>
        <extensions>
          <ns3:TrackPointExtension/>
        </extensions>
      </trkpt>
      <trkpt lat="44.2752840556204319000244140625" lon="-80.208958089351654052734375">
        <ele>462.600006103515625</ele>
        <time>2026-10-05T18:33:12.000Z</time>
        <extensions>
          <ns3:TrackPointExtension/>
        </extensions>
      </trkpt>
      <trkpt lat="44.27523158490657806396484375" lon="-80.20898759365081787109375">
        <ele>462.20001220703125</ele>
        <time>2026-10-05T18:33:17.000Z</time>
        <extensions>
          <ns3:TrackPointExtension/>
        </extensions>
      </trkpt>
      <trkpt lat="44.27517668344080448150634765625" lon="-80.2090320177376270294189453125">
        <ele>461.600006103515625</ele>
        <time>2026-10-05T18:33:23.000Z</time>
        <extensions>
          <ns3:TrackPointExtension/>
        </extensions>
      </trkpt>
      <trkpt lat="44.2751241289079189300537109375" lon="-80.209130756556987762451171875">
        <ele>461.399993896484375</ele>
        <time>2026-10-05T18:33:31.000Z</time>
        <extensions>
          <ns3:TrackPointExtension/>
        </extensions>
      </trkpt>
      <trkpt lat="44.2750916071236133575439453125" lon="-80.20918280817568302154541015625">
        <ele>460.600006103515625</ele>
        <time>2026-10-05T18:33:37.000Z</time>
        <extensions>
          <ns3:TrackPointExtension/>
        </extensions>
      </trkpt>
      <trkpt lat="44.27504274062812328338623046875" lon="-80.20927098579704761505126953125">
        <ele>460.399993896484375</ele>
        <time>2026-10-05T18:33:44.000Z</time>
        <extensions>
          <ns3:TrackPointExtension/>
        </extensions>
      </trkpt>
      <trkpt lat="44.27492891438305377960205078125" lon="-80.209310464560985565185546875">
        <ele>460.79998779296875</ele>
        <time>2026-10-05T18:33:55.000Z</time>
        <extensions>
          <ns3:TrackPointExtension/>
        </extensions>
      </trkpt>
      <trkpt lat="44.274823553860187530517578125" lon="-80.20932630635797977447509765625">
        <ele>461.20001220703125</ele>
        <time>2026-10-05T18:34:07.000Z</time>
        <extensions>
          <ns3:TrackPointExtension/>
        </extensions>
      </trkpt>
      <trkpt lat="44.27476965822279453277587890625" lon="-80.20931909792125225067138671875">
        <ele>461.79998779296875</ele>
        <time>2026-10-05T18:34:13.000Z</time>
        <extensions>
          <ns3:TrackPointExtension/>
        </extensions>
      </trkpt>
      <trkpt lat="44.2747224681079387664794921875" lon="-80.2092871628701686859130859375">
        <ele>462.20001220703125</ele>
        <time>2026-10-05T18:34:19.000Z</time>
        <extensions>
          <ns3:TrackPointExtension/>
        </extensions>
      </trkpt>
      <trkpt lat="44.27467125467956066131591796875" lon="-80.2092881686985492706298828125">
        <ele>462.79998779296875</ele>
        <time>2026-10-05T18:34:24.000Z</time>
        <extensions>
          <ns3:TrackPointExtension/>
        </extensions>
      </trkpt>
      <trkpt lat="44.274626411497592926025390625" lon="-80.209290347993373870849609375">
        <ele>463.20001220703125</ele>
        <time>2026-10-05T18:34:32.000Z</time>
        <extensions>
          <ns3:TrackPointExtension/>
        </extensions>
      </trkpt>
      <trkpt lat="44.27458860911428928375244140625" lon="-80.20926109515130519866943359375">
        <ele>461.600006103515625</ele>
        <time>2026-10-05T18:34:41.000Z</time>
        <extensions>
          <ns3:TrackPointExtension/>
        </extensions>
      </trkpt>
      <trkpt lat="44.2745769582688808441162109375" lon="-80.20922874100506305694580078125">
        <ele>461</ele>
        <time>2026-10-05T18:34:44.000Z</time>
        <extensions>
          <ns3:TrackPointExtension/>
        </extensions>
      </trkpt>
      <trkpt lat="44.27457444369792938232421875" lon="-80.209194459021091461181640625">
        <ele>460.399993896484375</ele>
        <time>2026-10-05T18:34:47.000Z</time>
        <extensions>
          <ns3:TrackPointExtension/>
        </extensions>
      </trkpt>
      <trkpt lat="44.2745836637914180755615234375" lon="-80.2091520465910434722900390625">
        <ele>459.399993896484375</ele>
        <time>2026-10-05T18:34:52.000Z</time>
        <extensions>
          <ns3:TrackPointExtension/>
        </extensions>
      </trkpt>
      <trkpt lat="44.274587519466876983642578125" lon="-80.20910602994263172149658203125">
        <ele>458.79998779296875</ele>
        <time>2026-10-05T18:34:57.000Z</time>
        <extensions>
          <ns3:TrackPointExtension/>
        </extensions>
      </trkpt>
      <trkpt lat="44.27460419945418834686279296875" lon="-80.20904324948787689208984375">
        <ele>458.20001220703125</ele>
        <time>2026-10-05T18:35:04.000Z</time>
        <extensions>
          <ns3:TrackPointExtension/>
        </extensions>
      </trkpt>
      <trkpt lat="44.274611659348011016845703125" lon="-80.2089964784681797027587890625">
        <ele>457.20001220703125</ele>
        <time>2026-10-05T18:35:08.000Z</time>
        <extensions>
          <ns3:TrackPointExtension/>
        </extensions>
      </trkpt>
      <trkpt lat="44.27460319362580776214599609375" lon="-80.20899656228721141815185546875">
        <ele>457</ele>
        <time>2026-10-05T18:35:09.000Z</time>
        <extensions>
          <ns3:TrackPointExtension/>
        </extensions>
      </trkpt>
      <trkpt lat="44.2746024392545223236083984375" lon="-80.208955742418766021728515625">
        <ele>456.399993896484375</ele>
        <time>2026-10-05T18:35:20.000Z</time>
        <extensions>
          <ns3:TrackPointExtension/>
        </extensions>
      </trkpt>
      <trkpt lat="44.274600259959697723388671875" lon="-80.2089213766157627105712890625">
        <ele>456.20001220703125</ele>
        <time>2026-10-05T18:35:24.000Z</time>
        <extensions>
          <ns3:TrackPointExtension/>
        </extensions>
      </trkpt>
      <trkpt lat="44.27462934516370296478271484375" lon="-80.20884619094431400299072265625">
        <ele>456</ele>
        <time>2026-10-05T18:35:30.000Z</time>
        <extensions>
          <ns3:TrackPointExtension/>
        </extensions>
      </trkpt>
      <trkpt lat="44.27469925023615360260009765625" lon="-80.20869749598205089569091796875">
        <ele>455</ele>
        <time>2026-10-05T18:35:42.000Z</time>
        <extensions>
          <ns3:TrackPointExtension/>
        </extensions>
      </trkpt>
      <trkpt lat="44.27471215836703777313232421875" lon="-80.2086724340915679931640625">
        <ele>454.79998779296875</ele>
        <time>2026-10-05T18:35:44.000Z</time>
        <extensions>
          <ns3:TrackPointExtension/>
        </extensions>
      </trkpt>
      <trkpt lat="44.2747657187283039093017578125" lon="-80.20856891758739948272705078125">
        <ele>454</ele>
        <time>2026-10-05T18:35:52.000Z</time>
        <extensions>
          <ns3:TrackPointExtension/>
        </extensions>
      </trkpt>
      <trkpt lat="44.2747975699603557586669921875" lon="-80.2084607072174549102783203125">
        <ele>453.399993896484375</ele>
        <time>2026-10-05T18:35:59.000Z</time>
        <extensions>
          <ns3:TrackPointExtension/>
        </extensions>
      </trkpt>
      <trkpt lat="44.274836294353008270263671875" lon="-80.20833112299442291259765625">
        <ele>453</ele>
        <time>2026-10-05T18:36:07.000Z</time>
        <extensions>
          <ns3:TrackPointExtension/>
        </extensions>
      </trkpt>
      <trkpt lat="44.274856746196746826171875" lon="-80.2082008682191371917724609375">
        <ele>452.399993896484375</ele>
        <time>2026-10-05T18:36:15.000Z</time>
        <extensions>
          <ns3:TrackPointExtension/>
        </extensions>
      </trkpt>
      <trkpt lat="44.27486420609056949615478515625" lon="-80.20817010663449764251708984375">
        <ele>451.79998779296875</ele>
        <time>2026-10-05T18:36:17.000Z</time>
        <extensions>
          <ns3:TrackPointExtension/>
        </extensions>
      </trkpt>
      <trkpt lat="44.27491969428956508636474609375" lon="-80.20799140445888042449951171875">
        <ele>451.399993896484375</ele>
        <time>2026-10-05T18:36:29.000Z</time>
        <extensions>
          <ns3:TrackPointExtension/>
        </extensions>
      </trkpt>
      <trkpt lat="44.27488147281110286712646484375" lon="-80.20791362039744853973388671875">
        <ele>451</ele>
        <time>2026-10-05T18:36:37.000Z</time>
        <extensions>
          <ns3:TrackPointExtension/>
        </extensions>
      </trkpt>
      <trkpt lat="44.27487677894532680511474609375" lon="-80.207898281514644622802734375">
        <ele>451</ele>
        <time>2026-10-05T18:36:38.000Z</time>
        <extensions>
          <ns3:TrackPointExtension/>
        </extensions>
      </trkpt>
      <trkpt lat="44.274877868592739105224609375" lon="-80.20775981247425079345703125">
        <ele>451</ele>
        <time>2026-10-05T18:36:47.000Z</time>
        <extensions>
          <ns3:TrackPointExtension/>
        </extensions>
      </trkpt>
      <trkpt lat="44.2748964764177799224853515625" lon="-80.2076811902225017547607421875">
        <ele>450.79998779296875</ele>
        <time>2026-10-05T18:36:52.000Z</time>
        <extensions>
          <ns3:TrackPointExtension/>
        </extensions>
      </trkpt>
      <trkpt lat="44.274912737309932708740234375" lon="-80.2075447328388690948486328125">
        <ele>450.399993896484375</ele>
        <time>2026-10-05T18:37:01.000Z</time>
        <extensions>
          <ns3:TrackPointExtension/>
        </extensions>
      </trkpt>
      <trkpt lat="44.27494324743747711181640625" lon="-80.20738824270665645599365234375">
        <ele>449.79998779296875</ele>
        <time>2026-10-05T18:37:13.000Z</time>
        <extensions>
          <ns3:TrackPointExtension/>
        </extensions>
      </trkpt>
      <trkpt lat="44.2749466001987457275390625" lon="-80.20736980251967906951904296875">
        <ele>449.79998779296875</ele>
        <time>2026-10-05T18:37:16.000Z</time>
        <extensions>
          <ns3:TrackPointExtension/>
        </extensions>
      </trkpt>
      <trkpt lat="44.2749903537333011627197265625" lon="-80.207344405353069305419921875">
        <ele>450</ele>
        <time>2026-10-05T18:37:28.000Z</time>
        <extensions>
          <ns3:TrackPointExtension/>
        </extensions>
      </trkpt>
      <trkpt lat="44.2749611847102642059326171875" lon="-80.20733526907861232757568359375">
        <ele>450.20001220703125</ele>
        <time>2026-10-05T18:37:42.000Z</time>
        <extensions>
          <ns3:TrackPointExtension/>
        </extensions>
      </trkpt>
      <trkpt lat="44.274910055100917816162109375" lon="-80.20733040757477283477783203125">
        <ele>449.79998779296875</ele>
        <time>2026-10-05T18:37:48.000Z</time>
        <extensions>
          <ns3:TrackPointExtension/>
        </extensions>
      </trkpt>
      <trkpt lat="44.27483704872429370880126953125" lon="-80.20732420496642589569091796875">
        <ele>449</ele>
        <time>2026-10-05T18:37:55.000Z</time>
        <extensions>
          <ns3:TrackPointExtension/>
        </extensions>
      </trkpt>
      <trkpt lat="44.274824894964694976806640625" lon="-80.20732336677610874176025390625">
        <ele>448.79998779296875</ele>
        <time>2026-10-05T18:37:56.000Z</time>
        <extensions>
          <ns3:TrackPointExtension/>
        </extensions>
      </trkpt>
      <trkpt lat="44.274733029305934906005859375" lon="-80.20731188356876373291015625">
        <ele>447.600006103515625</ele>
        <time>2026-10-05T18:38:05.000Z</time>
        <extensions>
          <ns3:TrackPointExtension/>
        </extensions>
      </trkpt>
      <trkpt lat="44.274695478379726409912109375" lon="-80.20730509422719478607177734375">
        <ele>447</ele>
        <time>2026-10-05T18:38:09.000Z</time>
        <extensions>
          <ns3:TrackPointExtension/>
        </extensions>
      </trkpt>
      <trkpt lat="44.27466505207121372222900390625" lon="-80.2072922699153423309326171875">
        <ele>446.600006103515625</ele>
        <time>2026-10-05T18:38:12.000Z</time>
        <extensions>
          <ns3:TrackPointExtension/>
        </extensions>
      </trkpt>
      <trkpt lat="44.2745521478354930877685546875" lon="-80.20723007619380950927734375">
        <ele>445.79998779296875</ele>
        <time>2026-10-05T18:38:23.000Z</time>
        <extensions>
          <ns3:TrackPointExtension/>
        </extensions>
      </trkpt>
      <trkpt lat="44.2745099030435085296630859375" lon="-80.20720300264656543731689453125">
        <ele>445.399993896484375</ele>
        <time>2026-10-05T18:38:27.000Z</time>
        <extensions>
          <ns3:TrackPointExtension/>
        </extensions>
      </trkpt>
      <trkpt lat="44.27443320862948894500732421875" lon="-80.20711063407361507415771484375">
        <ele>444.79998779296875</ele>
        <time>2026-10-05T18:38:36.000Z</time>
        <extensions>
          <ns3:TrackPointExtension/>
        </extensions>
      </trkpt>
      <trkpt lat="44.274395406246185302734375" lon="-80.20709135569632053375244140625">
        <ele>444.399993896484375</ele>
        <time>2026-10-05T18:38:39.000Z</time>
        <extensions>
          <ns3:TrackPointExtension/>
        </extensions>
      </trkpt>
      <trkpt lat="44.27426976151764392852783203125" lon="-80.20709420554339885711669921875">
        <ele>443.399993896484375</ele>
        <time>2026-10-05T18:38:49.000Z</time>
        <extensions>
          <ns3:TrackPointExtension/>
        </extensions>
      </trkpt>
      <trkpt lat="44.27424863912165164947509765625" lon="-80.20709839649498462677001953125">
        <ele>443.399993896484375</ele>
        <time>2026-10-05T18:38:51.000Z</time>
        <extensions>
          <ns3:TrackPointExtension/>
        </extensions>
      </trkpt>
      <trkpt lat="44.27416498772799968719482421875" lon="-80.20707727409899234771728515625">
        <ele>442.20001220703125</ele>
        <time>2026-10-05T18:38:58.000Z</time>
        <extensions>
          <ns3:TrackPointExtension/>
        </extensions>
      </trkpt>
      <trkpt lat="44.27411251701414585113525390625" lon="-80.20705447532236576080322265625">
        <ele>441.79998779296875</ele>
        <time>2026-10-05T18:39:02.000Z</time>
        <extensions>
          <ns3:TrackPointExtension/>
        </extensions>
      </trkpt>
      <trkpt lat="44.274050407111644744873046875" lon="-80.2070160023868083953857421875">
        <ele>441.20001220703125</ele>
        <time>2026-10-05T18:39:08.000Z</time>
        <extensions>
          <ns3:TrackPointExtension/>
        </extensions>
      </trkpt>
      <trkpt lat="44.27396901883184909820556640625" lon="-80.2069450914859771728515625">
        <ele>440.20001220703125</ele>
        <time>2026-10-05T18:39:16.000Z</time>
        <extensions>
          <ns3:TrackPointExtension/>
        </extensions>
      </trkpt>
      <trkpt lat="44.273896515369415283203125" lon="-80.20687661133706569671630859375">
        <ele>439</ele>
        <time>2026-10-05T18:39:23.000Z</time>
        <extensions>
          <ns3:TrackPointExtension/>
        </extensions>
      </trkpt>
      <trkpt lat="44.27382342517375946044921875" lon="-80.20679899491369724273681640625">
        <ele>438.20001220703125</ele>
        <time>2026-10-05T18:39:31.000Z</time>
        <extensions>
          <ns3:TrackPointExtension/>
        </extensions>
      </trkpt>
      <trkpt lat="44.27381194196641445159912109375" lon="-80.20678809843957424163818359375">
        <ele>437.79998779296875</ele>
        <time>2026-10-05T18:39:32.000Z</time>
        <extensions>
          <ns3:TrackPointExtension/>
        </extensions>
      </trkpt>
      <trkpt lat="44.27375377155840396881103515625" lon="-80.206739567220211029052734375">
        <ele>436.79998779296875</ele>
        <time>2026-10-05T18:39:39.000Z</time>
        <extensions>
          <ns3:TrackPointExtension/>
        </extensions>
      </trkpt>
      <trkpt lat="44.27370280958712100982666015625" lon="-80.20668567158281803131103515625">
        <ele>435.600006103515625</ele>
        <time>2026-10-05T18:39:45.000Z</time>
        <extensions>
          <ns3:TrackPointExtension/>
        </extensions>
      </trkpt>
      <trkpt lat="44.2736586369574069976806640625" lon="-80.20663462579250335693359375">
        <ele>434.600006103515625</ele>
        <time>2026-10-05T18:39:50.000Z</time>
        <extensions>
          <ns3:TrackPointExtension/>
        </extensions>
      </trkpt>
      <trkpt lat="44.27364313043653964996337890625" lon="-80.2065902017056941986083984375">
        <ele>433.399993896484375</ele>
        <time>2026-10-05T18:39:54.000Z</time>
        <extensions>
          <ns3:TrackPointExtension/>
        </extensions>
      </trkpt>
      <trkpt lat="44.27361379377543926239013671875" lon="-80.20649741403758525848388671875">
        <ele>432.600006103515625</ele>
        <time>2026-10-05T18:40:02.000Z</time>
        <extensions>
          <ns3:TrackPointExtension/>
        </extensions>
      </trkpt>
      <trkpt lat="44.2736049927771091461181640625" lon="-80.20648567937314510345458984375">
        <ele>432.399993896484375</ele>
        <time>2026-10-05T18:40:03.000Z</time>
        <extensions>
          <ns3:TrackPointExtension/>
        </extensions>
      </trkpt>
      <trkpt lat="44.27358336746692657470703125" lon="-80.20645625889301300048828125">
        <ele>431.399993896484375</ele>
        <time>2026-10-05T18:40:06.000Z</time>
        <extensions>
          <ns3:TrackPointExtension/>
        </extensions>
      </trkpt>
      <trkpt lat="44.27356635220348834991455078125" lon="-80.20641979761421680450439453125">
        <ele>430.20001220703125</ele>
        <time>2026-10-05T18:40:09.000Z</time>
        <extensions>
          <ns3:TrackPointExtension/>
        </extensions>
      </trkpt>
      <trkpt lat="44.27353500388562679290771484375" lon="-80.2063608728349208831787109375">
        <ele>429.20001220703125</ele>
        <time>2026-10-05T18:40:14.000Z</time>
        <extensions>
          <ns3:TrackPointExtension/>
        </extensions>
      </trkpt>
      <trkpt lat="44.27352829836308956146240234375" lon="-80.20633430220186710357666015625">
        <ele>428.600006103515625</ele>
        <time>2026-10-05T18:40:16.000Z</time>
        <extensions>
          <ns3:TrackPointExtension/>
        </extensions>
      </trkpt>
      <trkpt lat="44.27349996753036975860595703125" lon="-80.20628417842090129852294921875">
        <ele>428.20001220703125</ele>
        <time>2026-10-05T18:40:21.000Z</time>
        <extensions>
          <ns3:TrackPointExtension/>
        </extensions>
      </trkpt>
      <trkpt lat="44.27346526645123958587646484375" lon="-80.20621209405362606048583984375">
        <ele>427</ele>
        <time>2026-10-05T18:40:30.000Z</time>
        <extensions>
          <ns3:TrackPointExtension/>
        </extensions>
      </trkpt>
      <trkpt lat="44.2734574712812900543212890625" lon="-80.20617672242224216461181640625">
        <ele>425.600006103515625</ele>
        <time>2026-10-05T18:40:35.000Z</time>
        <extensions>
          <ns3:TrackPointExtension/>
        </extensions>
      </trkpt>
      <trkpt lat="44.27343844436109066009521484375" lon="-80.206141434609889984130859375">
        <ele>424.600006103515625</ele>
        <time>2026-10-05T18:40:40.000Z</time>
        <extensions>
          <ns3:TrackPointExtension/>
        </extensions>
      </trkpt>
      <trkpt lat="44.273402988910675048828125" lon="-80.20608653314411640167236328125">
        <ele>423.79998779296875</ele>
        <time>2026-10-05T18:40:45.000Z</time>
        <extensions>
          <ns3:TrackPointExtension/>
        </extensions>
      </trkpt>
      <trkpt lat="44.27339066751301288604736328125" lon="-80.2060688473284244537353515625">
        <ele>423.399993896484375</ele>
        <time>2026-10-05T18:40:47.000Z</time>
        <extensions>
          <ns3:TrackPointExtension/>
        </extensions>
      </trkpt>
      <trkpt lat="44.27336501888930797576904296875" lon="-80.20601578988134860992431640625">
        <ele>422.20001220703125</ele>
        <time>2026-10-05T18:40:52.000Z</time>
        <extensions>
          <ns3:TrackPointExtension/>
        </extensions>
      </trkpt>
      <trkpt lat="44.27332587540149688720703125" lon="-80.2059662528336048126220703125">
        <ele>421.20001220703125</ele>
        <time>2026-10-05T18:40:57.000Z</time>
        <extensions>
          <ns3:TrackPointExtension/>
        </extensions>
      </trkpt>
      <trkpt lat="44.2733211815357208251953125" lon="-80.20594529807567596435546875">
        <ele>421</ele>
        <time>2026-10-05T18:40:59.000Z</time>
        <extensions>
          <ns3:TrackPointExtension/>
        </extensions>
      </trkpt>
      <trkpt lat="44.273263849318027496337890625" lon="-80.2058673463761806488037109375">
        <ele>420.20001220703125</ele>
        <time>2026-10-05T18:41:07.000Z</time>
        <extensions>
          <ns3:TrackPointExtension/>
        </extensions>
      </trkpt>
      <trkpt lat="44.2732157371938228607177734375" lon="-80.20579568110406398773193359375">
        <ele>419</ele>
        <time>2026-10-05T18:41:14.000Z</time>
        <extensions>
          <ns3:TrackPointExtension/>
        </extensions>
      </trkpt>
      <trkpt lat="44.27318179048597812652587890625" lon="-80.20571169443428516387939453125">
        <ele>417.79998779296875</ele>
        <time>2026-10-05T18:41:23.000Z</time>
        <extensions>
          <ns3:TrackPointExtension/>
        </extensions>
      </trkpt>
      <trkpt lat="44.2731778509914875030517578125" lon="-80.20567665807902812957763671875">
        <ele>416.79998779296875</ele>
        <time>2026-10-05T18:41:27.000Z</time>
        <extensions>
          <ns3:TrackPointExtension/>
        </extensions>
      </trkpt>
      <trkpt lat="44.27317273803055286407470703125" lon="-80.2056618221104145050048828125">
        <ele>416.600006103515625</ele>
        <time>2026-10-05T18:41:28.000Z</time>
        <extensions>
          <ns3:TrackPointExtension/>
        </extensions>
      </trkpt>
      <trkpt lat="44.27316485904157161712646484375" lon="-80.2055528573691844940185546875">
        <ele>415.600006103515625</ele>
        <time>2026-10-05T18:41:37.000Z</time>
        <extensions>
          <ns3:TrackPointExtension/>
        </extensions>
      </trkpt>
      <trkpt lat="44.27316854707896709442138671875" lon="-80.2055069245398044586181640625">
        <ele>415.20001220703125</ele>
        <time>2026-10-05T18:41:40.000Z</time>
        <extensions>
          <ns3:TrackPointExtension/>
        </extensions>
      </trkpt>
      <trkpt lat="44.273166954517364501953125" lon="-80.205462835729122161865234375">
        <ele>414.600006103515625</ele>
        <time>2026-10-05T18:41:43.000Z</time>
        <extensions>
          <ns3:TrackPointExtension/>
        </extensions>
      </trkpt>
      <trkpt lat="44.273164272308349609375" lon="-80.20544162951409816741943359375">
        <ele>414.399993896484375</ele>
        <time>2026-10-05T18:41:44.000Z</time>
        <extensions>
          <ns3:TrackPointExtension/>
        </extensions>
      </trkpt>
      <trkpt lat="44.27313543856143951416015625" lon="-80.2053218521177768707275390625">
        <ele>413.20001220703125</ele>
        <time>2026-10-05T18:41:52.000Z</time>
        <extensions>
          <ns3:TrackPointExtension/>
        </extensions>
      </trkpt>
      <trkpt lat="44.27312864921987056732177734375" lon="-80.2052970416843891143798828125">
        <ele>413</ele>
        <time>2026-10-05T18:41:54.000Z</time>
        <extensions>
          <ns3:TrackPointExtension/>
        </extensions>
      </trkpt>
      <trkpt lat="44.2731178365647792816162109375" lon="-80.20525940693914890289306640625">
        <ele>412.20001220703125</ele>
        <time>2026-10-05T18:41:58.000Z</time>
        <extensions>
          <ns3:TrackPointExtension/>
        </extensions>
      </trkpt>
      <trkpt lat="44.273098893463611602783203125" lon="-80.20518816076219081878662109375">
        <ele>411</ele>
        <time>2026-10-05T18:42:04.000Z</time>
        <extensions>
          <ns3:TrackPointExtension/>
        </extensions>
      </trkpt>
      <trkpt lat="44.27307567559182643890380859375" lon="-80.2051247097551822662353515625">
        <ele>410.600006103515625</ele>
        <time>2026-10-05T18:42:09.000Z</time>
        <extensions>
          <ns3:TrackPointExtension/>
        </extensions>
      </trkpt>
      <trkpt lat="44.2730772681534290313720703125" lon="-80.20507919602096080780029296875">
        <ele>410</ele>
        <time>2026-10-05T18:42:12.000Z</time>
        <extensions>
          <ns3:TrackPointExtension/>
        </extensions>
      </trkpt>
      <trkpt lat="44.2730729095637798309326171875" lon="-80.20500308834016323089599609375">
        <ele>409</ele>
        <time>2026-10-05T18:42:17.000Z</time>
        <extensions>
          <ns3:TrackPointExtension/>
        </extensions>
      </trkpt>
      <trkpt lat="44.2730598337948322296142578125" lon="-80.20491843111813068389892578125">
        <ele>408</ele>
        <time>2026-10-05T18:42:23.000Z</time>
        <extensions>
          <ns3:TrackPointExtension/>
        </extensions>
      </trkpt>
      <trkpt lat="44.27306042052805423736572265625" lon="-80.20490602590143680572509765625">
        <ele>407.79998779296875</ele>
        <time>2026-10-05T18:42:24.000Z</time>
        <extensions>
          <ns3:TrackPointExtension/>
        </extensions>
      </trkpt>
      <trkpt lat="44.27305488847196102142333984375" lon="-80.204789601266384124755859375">
        <ele>406.79998779296875</ele>
        <time>2026-10-05T18:42:35.000Z</time>
        <extensions>
          <ns3:TrackPointExtension/>
        </extensions>
      </trkpt>
      <trkpt lat="44.27304851822555065155029296875" lon="-80.20475573837757110595703125">
        <ele>406.600006103515625</ele>
        <time>2026-10-05T18:42:38.000Z</time>
        <extensions>
          <ns3:TrackPointExtension/>
        </extensions>
      </trkpt>
      <trkpt lat="44.27303561009466648101806640625" lon="-80.20465222187340259552001953125">
        <ele>405.600006103515625</ele>
        <time>2026-10-05T18:42:46.000Z</time>
        <extensions>
          <ns3:TrackPointExtension/>
        </extensions>
      </trkpt>
      <trkpt lat="44.27302991040050983428955078125" lon="-80.20454342477023601531982421875">
        <ele>404.79998779296875</ele>
        <time>2026-10-05T18:42:54.000Z</time>
        <extensions>
          <ns3:TrackPointExtension/>
        </extensions>
      </trkpt>
      <trkpt lat="44.2730286531150341033935546875" lon="-80.20453453995287418365478515625">
        <ele>404.600006103515625</ele>
        <time>2026-10-05T18:42:55.000Z</time>
        <extensions>
          <ns3:TrackPointExtension/>
        </extensions>
      </trkpt>
      <trkpt lat="44.27301012910902500152587890625" lon="-80.20441065542399883270263671875">
        <ele>403.600006103515625</ele>
        <time>2026-10-05T18:43:04.000Z</time>
        <extensions>
          <ns3:TrackPointExtension/>
        </extensions>
      </trkpt>
      <trkpt lat="44.27302672527730464935302734375" lon="-80.204330272972583770751953125">
        <ele>402.600006103515625</ele>
        <time>2026-10-05T18:43:10.000Z</time>
        <extensions>
          <ns3:TrackPointExtension/>
        </extensions>
      </trkpt>
      <trkpt lat="44.2730263061821460723876953125" lon="-80.20431761629879474639892578125">
        <ele>402.399993896484375</ele>
        <time>2026-10-05T18:43:11.000Z</time>
        <extensions>
          <ns3:TrackPointExtension/>
        </extensions>
      </trkpt>
      <trkpt lat="44.27302571944892406463623046875" lon="-80.20425441674888134002685546875">
        <ele>401.399993896484375</ele>
        <time>2026-10-05T18:43:19.000Z</time>
        <extensions>
          <ns3:TrackPointExtension/>
        </extensions>
      </trkpt>
      <trkpt lat="44.2730199359357357025146484375" lon="-80.2041825838387012481689453125">
        <ele>401.20001220703125</ele>
        <time>2026-10-05T18:43:24.000Z</time>
        <extensions>
          <ns3:TrackPointExtension/>
        </extensions>
      </trkpt>
      <trkpt lat="44.273031838238239288330078125" lon="-80.2040759660303592681884765625">
        <ele>400.399993896484375</ele>
        <time>2026-10-05T18:43:34.000Z</time>
        <extensions>
          <ns3:TrackPointExtension/>
        </extensions>
      </trkpt>
      <trkpt lat="44.27302186377346515655517578125" lon="-80.20397915504872798919677734375">
        <ele>400</ele>
        <time>2026-10-05T18:43:40.000Z</time>
        <extensions>
          <ns3:TrackPointExtension/>
        </extensions>
      </trkpt>
      <trkpt lat="44.2730068601667881011962890625" lon="-80.2039093337953090667724609375">
        <ele>399.399993896484375</ele>
        <time>2026-10-05T18:43:45.000Z</time>
        <extensions>
          <ns3:TrackPointExtension/>
        </extensions>
      </trkpt>
      <trkpt lat="44.27300023846328258514404296875" lon="-80.2038372494280338287353515625">
        <ele>398.20001220703125</ele>
        <time>2026-10-05T18:43:51.000Z</time>
        <extensions>
          <ns3:TrackPointExtension/>
        </extensions>
      </trkpt>
      <trkpt lat="44.27298464812338352203369140625" lon="-80.2037960104644298553466796875">
        <ele>397.79998779296875</ele>
        <time>2026-10-05T18:43:55.000Z</time>
        <extensions>
          <ns3:TrackPointExtension/>
        </extensions>
      </trkpt>
      <trkpt lat="44.2729713208973407745361328125" lon="-80.2037604711949825286865234375">
        <ele>397.20001220703125</ele>
        <time>2026-10-05T18:44:00.000Z</time>
        <extensions>
          <ns3:TrackPointExtension/>
        </extensions>
      </trkpt>
      <trkpt lat="44.27296570502221584320068359375" lon="-80.20372434519231319427490234375">
        <ele>396</ele>
        <time>2026-10-05T18:44:04.000Z</time>
        <extensions>
          <ns3:TrackPointExtension/>
        </extensions>
      </trkpt>
      <trkpt lat="44.2729619331657886505126953125" lon="-80.20369081757962703704833984375">
        <ele>395</ele>
        <time>2026-10-05T18:44:09.000Z</time>
        <extensions>
          <ns3:TrackPointExtension/>
        </extensions>
      </trkpt>
      <trkpt lat="44.2729582451283931732177734375" lon="-80.20368562079966068267822265625">
        <ele>394.79998779296875</ele>
        <time>2026-10-05T18:44:10.000Z</time>
        <extensions>
          <ns3:TrackPointExtension/>
        </extensions>
      </trkpt>
      <trkpt lat="44.2729391343891620635986328125" lon="-80.203633569180965423583984375">
        <ele>393.79998779296875</ele>
        <time>2026-10-05T18:44:15.000Z</time>
        <extensions>
          <ns3:TrackPointExtension/>
        </extensions>
      </trkpt>
      <trkpt lat="44.2729512043297290802001953125" lon="-80.20357422530651092529296875">
        <ele>392.79998779296875</ele>
        <time>2026-10-05T18:44:22.000Z</time>
        <extensions>
          <ns3:TrackPointExtension/>
        </extensions>
      </trkpt>
      <trkpt lat="44.27297811023890972137451171875" lon="-80.20351731218397617340087890625">
        <ele>391.79998779296875</ele>
        <time>2026-10-05T18:44:30.000Z</time>
        <extensions>
          <ns3:TrackPointExtension/>
        </extensions>
      </trkpt>
      <trkpt lat="44.272990934550762176513671875" lon="-80.20347121171653270721435546875">
        <ele>391.399993896484375</ele>
        <time>2026-10-05T18:44:36.000Z</time>
        <extensions>
          <ns3:TrackPointExtension/>
        </extensions>
      </trkpt>
      <trkpt lat="44.27298934198915958404541015625" lon="-80.2034292183816432952880859375">
        <ele>390.600006103515625</ele>
        <time>2026-10-05T18:44:43.000Z</time>
        <extensions>
          <ns3:TrackPointExtension/>
        </extensions>
      </trkpt>
      <trkpt lat="44.2729823850095272064208984375" lon="-80.20339443348348140716552734375">
        <ele>389.600006103515625</ele>
        <time>2026-10-05T18:44:49.000Z</time>
        <extensions>
          <ns3:TrackPointExtension/>
        </extensions>
      </trkpt>
      <trkpt lat="44.27298121154308319091796875" lon="-80.2033589780330657958984375">
        <ele>389</ele>
        <time>2026-10-05T18:44:53.000Z</time>
        <extensions>
          <ns3:TrackPointExtension/>
        </extensions>
      </trkpt>
      <trkpt lat="44.2729827202856540679931640625" lon="-80.2033323235809803009033203125">
        <ele>388.600006103515625</ele>
        <time>2026-10-05T18:44:56.000Z</time>
        <extensions>
          <ns3:TrackPointExtension/>
        </extensions>
      </trkpt>
      <trkpt lat="44.27298146300017833709716796875" lon="-80.20327792502939701080322265625">
        <ele>387.600006103515625</ele>
        <time>2026-10-05T18:45:00.000Z</time>
        <extensions>
          <ns3:TrackPointExtension/>
        </extensions>
      </trkpt>
      <trkpt lat="44.27300191484391689300537109375" lon="-80.20323215983808040618896484375">
        <ele>386.399993896484375</ele>
        <time>2026-10-05T18:45:07.000Z</time>
        <extensions>
          <ns3:TrackPointExtension/>
        </extensions>
      </trkpt>
      <trkpt lat="44.27306159399449825286865234375" lon="-80.203167535364627838134765625">
        <ele>385.399993896484375</ele>
        <time>2026-10-05T18:45:15.000Z</time>
        <extensions>
          <ns3:TrackPointExtension/>
        </extensions>
      </trkpt>
      <trkpt lat="44.2731010727584362030029296875" lon="-80.2031281404197216033935546875">
        <ele>384.600006103515625</ele>
        <time>2026-10-05T18:45:20.000Z</time>
        <extensions>
          <ns3:TrackPointExtension/>
        </extensions>
      </trkpt>
      <trkpt lat="44.27310853265225887298583984375" lon="-80.20311967469751834869384765625">
        <ele>384.20001220703125</ele>
        <time>2026-10-05T18:45:21.000Z</time>
        <extensions>
          <ns3:TrackPointExtension/>
        </extensions>
      </trkpt>
      <trkpt lat="44.273171313107013702392578125" lon="-80.203068293631076812744140625">
        <ele>383</ele>
        <time>2026-10-05T18:45:28.000Z</time>
        <extensions>
          <ns3:TrackPointExtension/>
        </extensions>
      </trkpt>
      <trkpt lat="44.27324012853205204010009765625" lon="-80.20301288925111293792724609375">
        <ele>382.399993896484375</ele>
        <time>2026-10-05T18:45:36.000Z</time>
        <extensions>
          <ns3:TrackPointExtension/>
        </extensions>
      </trkpt>
      <trkpt lat="44.2732596583664417266845703125" lon="-80.20298279821872711181640625">
        <ele>382</ele>
        <time>2026-10-05T18:45:41.000Z</time>
        <extensions>
          <ns3:TrackPointExtension/>
        </extensions>
      </trkpt>
      <trkpt lat="44.27330433391034603118896484375" lon="-80.20284927450120449066162109375">
        <ele>381</ele>
        <time>2026-10-05T18:45:52.000Z</time>
        <extensions>
          <ns3:TrackPointExtension/>
        </extensions>
      </trkpt>
      <trkpt lat="44.2733292281627655029296875" lon="-80.202669985592365264892578125">
        <ele>380</ele>
        <time>2026-10-05T18:46:07.000Z</time>
        <extensions>
          <ns3:TrackPointExtension/>
        </extensions>
      </trkpt>
      <trkpt lat="44.27333266474306583404541015625" lon="-80.20266219042241573333740234375">
        <ele>379.79998779296875</ele>
        <time>2026-10-05T18:46:08.000Z</time>
        <extensions>
          <ns3:TrackPointExtension/>
        </extensions>
      </trkpt>
      <trkpt lat="44.2733823694288730621337890625" lon="-80.202580131590366363525390625">
        <ele>378.79998779296875</ele>
        <time>2026-10-05T18:46:16.000Z</time>
        <extensions>
          <ns3:TrackPointExtension/>
        </extensions>
      </trkpt>
      <trkpt lat="44.2734128795564174652099609375" lon="-80.2025088854134082794189453125">
        <ele>377.79998779296875</ele>
        <time>2026-10-05T18:46:21.000Z</time>
        <extensions>
          <ns3:TrackPointExtension/>
        </extensions>
      </trkpt>
      <trkpt lat="44.27342687733471393585205078125" lon="-80.2024860866367816925048828125">
        <ele>377.399993896484375</ele>
        <time>2026-10-05T18:46:23.000Z</time>
        <extensions>
          <ns3:TrackPointExtension/>
        </extensions>
      </trkpt>
      <trkpt lat="44.2734480835497379302978515625" lon="-80.20242665894329547882080078125">
        <ele>376.600006103515625</ele>
        <time>2026-10-05T18:46:27.000Z</time>
        <extensions>
          <ns3:TrackPointExtension/>
        </extensions>
      </trkpt>
      <trkpt lat="44.27349091507494449615478515625" lon="-80.20232968032360076904296875">
        <ele>375.79998779296875</ele>
        <time>2026-10-05T18:46:33.000Z</time>
        <extensions>
          <ns3:TrackPointExtension/>
        </extensions>
      </trkpt>
      <trkpt lat="44.273499883711338043212890625" lon="-80.20229355432093143463134765625">
        <ele>375.600006103515625</ele>
        <time>2026-10-05T18:46:35.000Z</time>
        <extensions>
          <ns3:TrackPointExtension/>
        </extensions>
      </trkpt>
      <trkpt lat="44.273501895368099212646484375" lon="-80.20223052240908145904541015625">
        <ele>375.20001220703125</ele>
        <time>2026-10-05T18:46:37.000Z</time>
        <extensions>
          <ns3:TrackPointExtension/>
        </extensions>
      </trkpt>
      <trkpt lat="44.27353718318045139312744140625" lon="-80.20210093818604946136474609375">
        <ele>374.399993896484375</ele>
        <time>2026-10-05T18:46:48.000Z</time>
        <extensions>
          <ns3:TrackPointExtension/>
        </extensions>
      </trkpt>
      <trkpt lat="44.27354070357978343963623046875" lon="-80.2020956575870513916015625">
        <ele>374.399993896484375</ele>
        <time>2026-10-05T18:46:50.000Z</time>
        <extensions>
          <ns3:TrackPointExtension/>
        </extensions>
      </trkpt>
      <trkpt lat="44.273574650287628173828125" lon="-80.20202667452394962310791015625">
        <ele>374.399993896484375</ele>
        <time>2026-10-05T18:47:03.000Z</time>
        <extensions>
          <ns3:TrackPointExtension/>
        </extensions>
      </trkpt>
      <trkpt lat="44.27354640327394008636474609375" lon="-80.20197738893330097198486328125">
        <ele>374.79998779296875</ele>
        <time>2026-10-05T18:47:20.000Z</time>
        <extensions>
          <ns3:TrackPointExtension/>
        </extensions>
      </trkpt>
      <trkpt lat="44.2735332436859607696533203125" lon="-80.2018569409847259521484375">
        <ele>374.20001220703125</ele>
        <time>2026-10-05T18:47:34.000Z</time>
        <extensions>
          <ns3:TrackPointExtension/>
        </extensions>
      </trkpt>
      <trkpt lat="44.273575656116008758544921875" lon="-80.20177253521978855133056640625">
        <ele>374.600006103515625</ele>
        <time>2026-10-05T18:47:48.000Z</time>
        <extensions>
          <ns3:TrackPointExtension/>
        </extensions>
      </trkpt>
      <trkpt lat="44.2735821940004825592041015625" lon="-80.2016572840511798858642578125">
        <ele>375.399993896484375</ele>
        <time>2026-10-05T18:48:01.000Z</time>
        <extensions>
          <ns3:TrackPointExtension/>
        </extensions>
      </trkpt>
      <trkpt lat="44.2735862173140048980712890625" lon="-80.2016395144164562225341796875">
        <ele>375.79998779296875</ele>
        <time>2026-10-05T18:48:03.000Z</time>
        <extensions>
          <ns3:TrackPointExtension/>
        </extensions>
      </trkpt>
      <trkpt lat="44.27358604967594146728515625" lon="-80.2015976049005985260009765625">
        <ele>376.600006103515625</ele>
        <time>2026-10-05T18:48:08.000Z</time>
        <extensions>
          <ns3:TrackPointExtension/>
        </extensions>
      </trkpt>
      <trkpt lat="44.27358814515173435211181640625" lon="-80.20155075006186962127685546875">
        <ele>377.600006103515625</ele>
        <time>2026-10-05T18:48:17.000Z</time>
        <extensions>
          <ns3:TrackPointExtension/>
        </extensions>
      </trkpt>
      <trkpt lat="44.2735761590301990509033203125" lon="-80.20151026546955108642578125">
        <ele>377.79998779296875</ele>
        <time>2026-10-05T18:48:19.000Z</time>
        <extensions>
          <ns3:TrackPointExtension/>
        </extensions>
      </trkpt>
      <trkpt lat="44.27356283180415630340576171875" lon="-80.20146324299275875091552734375">
        <ele>378.600006103515625</ele>
        <time>2026-10-05T18:48:23.000Z</time>
        <extensions>
          <ns3:TrackPointExtension/>
        </extensions>
      </trkpt>
      <trkpt lat="44.2735305614769458770751953125" lon="-80.2013934217393398284912109375">
        <ele>379.600006103515625</ele>
        <time>2026-10-05T18:48:30.000Z</time>
        <extensions>
          <ns3:TrackPointExtension/>
        </extensions>
      </trkpt>
      <trkpt lat="44.273508600890636444091796875" lon="-80.20135293714702129364013671875">
        <ele>380.20001220703125</ele>
        <time>2026-10-05T18:48:35.000Z</time>
        <extensions>
          <ns3:TrackPointExtension/>
        </extensions>
      </trkpt>
      <trkpt lat="44.27348353900015354156494140625" lon="-80.20129828713834285736083984375">
        <ele>380.79998779296875</ele>
        <time>2026-10-05T18:48:46.000Z</time>
        <extensions>
          <ns3:TrackPointExtension/>
        </extensions>
      </trkpt>
      <trkpt lat="44.27349041216075420379638671875" lon="-80.20127532072365283966064453125">
        <ele>381.20001220703125</ele>
        <time>2026-10-05T18:48:49.000Z</time>
        <extensions>
          <ns3:TrackPointExtension/>
        </extensions>
      </trkpt>
      <trkpt lat="44.27350466139614582061767578125" lon="-80.20119150169193744659423828125">
        <ele>381.79998779296875</ele>
        <time>2026-10-05T18:48:57.000Z</time>
        <extensions>
          <ns3:TrackPointExtension/>
        </extensions>
      </trkpt>
      <trkpt lat="44.273497201502323150634765625" lon="-80.20117004401981830596923828125">
        <ele>382.20001220703125</ele>
        <time>2026-10-05T18:49:00.000Z</time>
        <extensions>
          <ns3:TrackPointExtension/>
        </extensions>
      </trkpt>
      <trkpt lat="44.273493178188800811767578125" lon="-80.20115210674703121185302734375">
        <ele>382.79998779296875</ele>
        <time>2026-10-05T18:49:05.000Z</time>
        <extensions>
          <ns3:TrackPointExtension/>
        </extensions>
      </trkpt>
      <trkpt lat="44.27350818179547786712646484375" lon="-80.201120674610137939453125">
        <ele>384</ele>
        <time>2026-10-05T18:49:12.000Z</time>
        <extensions>
          <ns3:TrackPointExtension/>
        </extensions>
      </trkpt>
      <trkpt lat="44.27350482903420925140380859375" lon="-80.201098881661891937255859375">
        <ele>385.20001220703125</ele>
        <time>2026-10-05T18:49:16.000Z</time>
        <extensions>
          <ns3:TrackPointExtension/>
        </extensions>
      </trkpt>
      <trkpt lat="44.27349912934005260467529296875" lon="-80.2010474167764186859130859375">
        <ele>386.20001220703125</ele>
        <time>2026-10-05T18:49:24.000Z</time>
        <extensions>
          <ns3:TrackPointExtension/>
        </extensions>
      </trkpt>
      <trkpt lat="44.27350013516843318939208984375" lon="-80.2010078541934490203857421875">
        <ele>387.20001220703125</ele>
        <time>2026-10-05T18:49:32.000Z</time>
        <extensions>
          <ns3:TrackPointExtension/>
        </extensions>
      </trkpt>
      <trkpt lat="44.27350231446325778961181640625" lon="-80.200996287167072296142578125">
        <ele>387.399993896484375</ele>
        <time>2026-10-05T18:49:34.000Z</time>
        <extensions>
          <ns3:TrackPointExtension/>
        </extensions>
      </trkpt>
      <trkpt lat="44.27349443547427654266357421875" lon="-80.20092043094336986541748046875">
        <ele>388.399993896484375</ele>
        <time>2026-10-05T18:49:45.000Z</time>
        <extensions>
          <ns3:TrackPointExtension/>
        </extensions>
      </trkpt>
      <trkpt lat="44.2734762467443943023681640625" lon="-80.20088572986423969268798828125">
        <ele>388.600006103515625</ele>
        <time>2026-10-05T18:49:49.000Z</time>
        <extensions>
          <ns3:TrackPointExtension/>
        </extensions>
      </trkpt>
      <trkpt lat="44.27347113378345966339111328125" lon="-80.20086385309696197509765625">
        <ele>389.399993896484375</ele>
        <time>2026-10-05T18:49:52.000Z</time>
        <extensions>
          <ns3:TrackPointExtension/>
        </extensions>
      </trkpt>
      <trkpt lat="44.2734457366168498992919921875" lon="-80.20081582479178905487060546875">
        <ele>390.600006103515625</ele>
        <time>2026-10-05T18:49:58.000Z</time>
        <extensions>
          <ns3:TrackPointExtension/>
        </extensions>
      </trkpt>
      <trkpt lat="44.27340407855808734893798828125" lon="-80.2007835544645786285400390625">
        <ele>391.79998779296875</ele>
        <time>2026-10-05T18:50:04.000Z</time>
        <extensions>
          <ns3:TrackPointExtension/>
        </extensions>
      </trkpt>
      <trkpt lat="44.2733936011791229248046875" lon="-80.20076603628695011138916015625">
        <ele>392.399993896484375</ele>
        <time>2026-10-05T18:50:07.000Z</time>
        <extensions>
          <ns3:TrackPointExtension/>
        </extensions>
      </trkpt>
      <trkpt lat="44.273353032767772674560546875" lon="-80.20073519088327884674072265625">
        <ele>393</ele>
        <time>2026-10-05T18:50:12.000Z</time>
        <extensions>
          <ns3:TrackPointExtension/>
        </extensions>
      </trkpt>
      <trkpt lat="44.27328673191368579864501953125" lon="-80.20070803351700305938720703125">
        <ele>394</ele>
        <time>2026-10-05T18:50:19.000Z</time>
        <extensions>
          <ns3:TrackPointExtension/>
        </extensions>
      </trkpt>
      <trkpt lat="44.27324272692203521728515625" lon="-80.20069663412868976593017578125">
        <ele>394.79998779296875</ele>
        <time>2026-10-05T18:50:24.000Z</time>
        <extensions>
          <ns3:TrackPointExtension/>
        </extensions>
      </trkpt>
      <trkpt lat="44.27322135306894779205322265625" lon="-80.2006923593580722808837890625">
        <ele>395</ele>
        <time>2026-10-05T18:50:26.000Z</time>
        <extensions>
          <ns3:TrackPointExtension/>
        </extensions>
      </trkpt>
      <trkpt lat="44.2731486819684505462646484375" lon="-80.2006789483129978179931640625">
        <ele>396.20001220703125</ele>
        <time>2026-10-05T18:50:36.000Z</time>
        <extensions>
          <ns3:TrackPointExtension/>
        </extensions>
      </trkpt>
      <trkpt lat="44.2731406353414058685302734375" lon="-80.20067668519914150238037109375">
        <ele>396.20001220703125</ele>
        <time>2026-10-05T18:50:37.000Z</time>
        <extensions>
          <ns3:TrackPointExtension/>
        </extensions>
      </trkpt>
      <trkpt lat="44.27308908663690090179443359375" lon="-80.200664363801479339599609375">
        <ele>397.20001220703125</ele>
        <time>2026-10-05T18:50:44.000Z</time>
        <extensions>
          <ns3:TrackPointExtension/>
        </extensions>
      </trkpt>
      <trkpt lat="44.273047931492328643798828125" lon="-80.200661681592464447021484375">
        <ele>398.20001220703125</ele>
        <time>2026-10-05T18:50:51.000Z</time>
        <extensions>
          <ns3:TrackPointExtension/>
        </extensions>
      </trkpt>
      <trkpt lat="44.273032844066619873046875" lon="-80.20066671073436737060546875">
        <ele>398.399993896484375</ele>
        <time>2026-10-05T18:50:53.000Z</time>
        <extensions>
          <ns3:TrackPointExtension/>
        </extensions>
      </trkpt>
      <trkpt lat="44.27298096008598804473876953125" lon="-80.200660340487957000732421875">
        <ele>399.399993896484375</ele>
        <time>2026-10-05T18:51:01.000Z</time>
        <extensions>
          <ns3:TrackPointExtension/>
        </extensions>
      </trkpt>
      <trkpt lat="44.27295078523457050323486328125" lon="-80.2006635256111621856689453125">
        <ele>400.600006103515625</ele>
        <time>2026-10-05T18:51:06.000Z</time>
        <extensions>
          <ns3:TrackPointExtension/>
        </extensions>
      </trkpt>
      <trkpt lat="44.27291440777480602264404296875" lon="-80.2006605081260204315185546875">
        <ele>401.399993896484375</ele>
        <time>2026-10-05T18:51:10.000Z</time>
        <extensions>
          <ns3:TrackPointExtension/>
        </extensions>
      </trkpt>
      <trkpt lat="44.2729000747203826904296875" lon="-80.20065824501216411590576171875">
        <ele>401.600006103515625</ele>
        <time>2026-10-05T18:51:12.000Z</time>
        <extensions>
          <ns3:TrackPointExtension/>
        </extensions>
      </trkpt>
      <trkpt lat="44.272855818271636962890625" lon="-80.20068280398845672607421875">
        <ele>402.600006103515625</ele>
        <time>2026-10-05T18:51:19.000Z</time>
        <extensions>
          <ns3:TrackPointExtension/>
        </extensions>
      </trkpt>
      <trkpt lat="44.27283528260886669158935546875" lon="-80.20068188197910785675048828125">
        <ele>403.399993896484375</ele>
        <time>2026-10-05T18:51:24.000Z</time>
        <extensions>
          <ns3:TrackPointExtension/>
        </extensions>
      </trkpt>
      <trkpt lat="44.27282555960118770599365234375" lon="-80.20067936740815639495849609375">
        <ele>404</ele>
        <time>2026-10-05T18:51:26.000Z</time>
        <extensions>
          <ns3:TrackPointExtension/>
        </extensions>
      </trkpt>
      <trkpt lat="44.27278063260018825531005859375" lon="-80.20065723918378353118896484375">
        <ele>405</ele>
        <time>2026-10-05T18:51:32.000Z</time>
        <extensions>
          <ns3:TrackPointExtension/>
        </extensions>
      </trkpt>
      <trkpt lat="44.27273042500019073486328125" lon="-80.20066143013536930084228515625">
        <ele>406</ele>
        <time>2026-10-05T18:51:40.000Z</time>
        <extensions>
          <ns3:TrackPointExtension/>
        </extensions>
      </trkpt>
      <trkpt lat="44.27265943028032779693603515625" lon="-80.20065690390765666961669921875">
        <ele>407.20001220703125</ele>
        <time>2026-10-05T18:51:48.000Z</time>
        <extensions>
          <ns3:TrackPointExtension/>
        </extensions>
      </trkpt>
      <trkpt lat="44.27258449606597423553466796875" lon="-80.20066126249730587005615234375">
        <ele>408.399993896484375</ele>
        <time>2026-10-05T18:51:55.000Z</time>
        <extensions>
          <ns3:TrackPointExtension/>
        </extensions>
      </trkpt>
      <trkpt lat="44.27253940142691135406494140625" lon="-80.2006755955517292022705078125">
        <ele>409.399993896484375</ele>
        <time>2026-10-05T18:52:02.000Z</time>
        <extensions>
          <ns3:TrackPointExtension/>
        </extensions>
      </trkpt>
      <trkpt lat="44.2725083045661449432373046875" lon="-80.20068473182618618011474609375">
        <ele>410</ele>
        <time>2026-10-05T18:52:09.000Z</time>
        <extensions>
          <ns3:TrackPointExtension/>
        </extensions>
      </trkpt>
      <trkpt lat="44.27248709835112094879150390625" lon="-80.2006896771490573883056640625">
        <ele>410.399993896484375</ele>
        <time>2026-10-05T18:52:12.000Z</time>
        <extensions>
          <ns3:TrackPointExtension/>
        </extensions>
      </trkpt>
      <trkpt lat="44.27242909558117389678955078125" lon="-80.20069763995707035064697265625">
        <ele>411.399993896484375</ele>
        <time>2026-10-05T18:52:20.000Z</time>
        <extensions>
          <ns3:TrackPointExtension/>
        </extensions>
      </trkpt>
      <trkpt lat="44.27239389158785343170166015625" lon="-80.20071993581950664520263671875">
        <ele>412</ele>
        <time>2026-10-05T18:52:24.000Z</time>
        <extensions>
          <ns3:TrackPointExtension/>
        </extensions>
      </trkpt>
      <trkpt lat="44.2723513953387737274169921875" lon="-80.20074357278645038604736328125">
        <ele>412.79998779296875</ele>
        <time>2026-10-05T18:52:29.000Z</time>
        <extensions>
          <ns3:TrackPointExtension/>
        </extensions>
      </trkpt>
      <trkpt lat="44.2722910456359386444091796875" lon="-80.200771652162075042724609375">
        <ele>413.79998779296875</ele>
        <time>2026-10-05T18:52:36.000Z</time>
        <extensions>
          <ns3:TrackPointExtension/>
        </extensions>
      </trkpt>
      <trkpt lat="44.272258691489696502685546875" lon="-80.20077659748494625091552734375">
        <ele>414.20001220703125</ele>
        <time>2026-10-05T18:52:40.000Z</time>
        <extensions>
          <ns3:TrackPointExtension/>
        </extensions>
      </trkpt>
      <trkpt lat="44.2722025327384471893310546875" lon="-80.20079805515706539154052734375">
        <ele>414.79998779296875</ele>
        <time>2026-10-05T18:52:46.000Z</time>
        <extensions>
          <ns3:TrackPointExtension/>
        </extensions>
      </trkpt>
      <trkpt lat="44.2721468769013881683349609375" lon="-80.2008150704205036163330078125">
        <ele>415.79998779296875</ele>
        <time>2026-10-05T18:52:53.000Z</time>
        <extensions>
          <ns3:TrackPointExtension/>
        </extensions>
      </trkpt>
      <trkpt lat="44.27212734706699848175048828125" lon="-80.2008237875998020172119140625">
        <ele>416.20001220703125</ele>
        <time>2026-10-05T18:52:56.000Z</time>
        <extensions>
          <ns3:TrackPointExtension/>
        </extensions>
      </trkpt>
      <trkpt lat="44.27210588939487934112548828125" lon="-80.20083594135940074920654296875">
        <ele>416.79998779296875</ele>
        <time>2026-10-05T18:53:00.000Z</time>
        <extensions>
          <ns3:TrackPointExtension/>
        </extensions>
      </trkpt>
      <trkpt lat="44.27208510227501392364501953125" lon="-80.20084281452000141143798828125">
        <ele>418</ele>
        <time>2026-10-05T18:53:05.000Z</time>
        <extensions>
          <ns3:TrackPointExtension/>
        </extensions>
      </trkpt>
      <trkpt lat="44.27205543033778667449951171875" lon="-80.2008137293159961700439453125">
        <ele>419</ele>
        <time>2026-10-05T18:53:12.000Z</time>
        <extensions>
          <ns3:TrackPointExtension/>
        </extensions>
      </trkpt>
      <trkpt lat="44.2720524966716766357421875" lon="-80.20081247203052043914794921875">
        <ele>419</ele>
        <time>2026-10-05T18:53:13.000Z</time>
        <extensions>
          <ns3:TrackPointExtension/>
        </extensions>
      </trkpt>
      <trkpt lat="44.2719594575464725494384765625" lon="-80.2007272280752658843994140625">
        <ele>420</ele>
        <time>2026-10-05T18:53:24.000Z</time>
        <extensions>
          <ns3:TrackPointExtension/>
        </extensions>
      </trkpt>
      <trkpt lat="44.27193188108503818511962890625" lon="-80.2006903477013111114501953125">
        <ele>420.399993896484375</ele>
        <time>2026-10-05T18:53:27.000Z</time>
        <extensions>
          <ns3:TrackPointExtension/>
        </extensions>
      </trkpt>
      <trkpt lat="44.2718622274696826934814453125" lon="-80.20061650313436985015869140625">
        <ele>420.79998779296875</ele>
        <time>2026-10-05T18:53:33.000Z</time>
        <extensions>
          <ns3:TrackPointExtension/>
        </extensions>
      </trkpt>
      <trkpt lat="44.2718432843685150146484375" lon="-80.2005907706916332244873046875">
        <ele>421.20001220703125</ele>
        <time>2026-10-05T18:53:35.000Z</time>
        <extensions>
          <ns3:TrackPointExtension/>
        </extensions>
      </trkpt>
      <trkpt lat="44.27179927937686443328857421875" lon="-80.2005404792726039886474609375">
        <ele>422.399993896484375</ele>
        <time>2026-10-05T18:53:40.000Z</time>
        <extensions>
          <ns3:TrackPointExtension/>
        </extensions>
      </trkpt>
      <trkpt lat="44.27178687416017055511474609375" lon="-80.2005156688392162322998046875">
        <ele>422.600006103515625</ele>
        <time>2026-10-05T18:53:42.000Z</time>
        <extensions>
          <ns3:TrackPointExtension/>
        </extensions>
      </trkpt>
      <trkpt lat="44.27167874760925769805908203125" lon="-80.20039035938680171966552734375">
        <ele>422.79998779296875</ele>
        <time>2026-10-05T18:53:57.000Z</time>
        <extensions>
          <ns3:TrackPointExtension/>
        </extensions>
      </trkpt>
      <trkpt lat="44.27158218808472156524658203125" lon="-80.200221799314022064208984375">
        <ele>422.399993896484375</ele>
        <time>2026-10-05T18:54:11.000Z</time>
        <extensions>
          <ns3:TrackPointExtension/>
        </extensions>
      </trkpt>
      <trkpt lat="44.27151680923998355865478515625" lon="-80.20012783817946910858154296875">
        <ele>422</ele>
        <time>2026-10-05T18:54:24.000Z</time>
        <extensions>
          <ns3:TrackPointExtension/>
        </extensions>
      </trkpt>
      <trkpt lat="44.27146978676319122314453125" lon="-80.20007318817079067230224609375">
        <ele>421.20001220703125</ele>
        <time>2026-10-05T18:54:31.000Z</time>
        <extensions>
          <ns3:TrackPointExtension/>
        </extensions>
      </trkpt>
      <trkpt lat="44.27142729051411151885986328125" lon="-80.19998216070234775543212890625">
        <ele>420.399993896484375</ele>
        <time>2026-10-05T18:54:39.000Z</time>
        <extensions>
          <ns3:TrackPointExtension/>
        </extensions>
      </trkpt>
      <trkpt lat="44.27140918560326099395751953125" lon="-80.19994611851871013641357421875">
        <ele>420.20001220703125</ele>
        <time>2026-10-05T18:54:42.000Z</time>
        <extensions>
          <ns3:TrackPointExtension/>
        </extensions>
      </trkpt>
      <trkpt lat="44.27135654725134372711181640625" lon="-80.1998830027878284454345703125">
        <ele>420.20001220703125</ele>
        <time>2026-10-05T18:54:52.000Z</time>
        <extensions>
          <ns3:TrackPointExtension/>
        </extensions>
      </trkpt>
      <trkpt lat="44.27131262607872486114501953125" lon="-80.19975501112639904022216796875">
        <ele>420.79998779296875</ele>
        <time>2026-10-05T18:55:05.000Z</time>
        <extensions>
          <ns3:TrackPointExtension/>
        </extensions>
      </trkpt>
      <trkpt lat="44.27125655114650726318359375" lon="-80.1995752193033695220947265625">
        <ele>421.20001220703125</ele>
        <time>2026-10-05T18:55:17.000Z</time>
        <extensions>
          <ns3:TrackPointExtension/>
        </extensions>
      </trkpt>
      <trkpt lat="44.27119486033916473388671875" lon="-80.19946499727666378021240234375">
        <ele>422</ele>
        <time>2026-10-05T18:55:29.000Z</time>
        <extensions>
          <ns3:TrackPointExtension/>
        </extensions>
      </trkpt>
      <trkpt lat="44.27113610319793224334716796875" lon="-80.19942292012274265289306640625">
        <ele>422.20001220703125</ele>
        <time>2026-10-05T18:55:35.000Z</time>
        <extensions>
          <ns3:TrackPointExtension/>
        </extensions>
      </trkpt>
      <trkpt lat="44.271095953881740570068359375" lon="-80.19935854710638523101806640625">
        <ele>422.79998779296875</ele>
        <time>2026-10-05T18:55:41.000Z</time>
        <extensions>
          <ns3:TrackPointExtension/>
        </extensions>
      </trkpt>
      <trkpt lat="44.27107818424701690673828125" lon="-80.1992986164987087249755859375">
        <ele>423.399993896484375</ele>
        <time>2026-10-05T18:55:45.000Z</time>
        <extensions>
          <ns3:TrackPointExtension/>
        </extensions>
      </trkpt>
      <trkpt lat="44.2710475064814090728759765625" lon="-80.19918839447200298309326171875">
        <ele>423.399993896484375</ele>
        <time>2026-10-05T18:55:53.000Z</time>
        <extensions>
          <ns3:TrackPointExtension/>
        </extensions>
      </trkpt>
      <trkpt lat="44.2710153199732303619384765625" lon="-80.1990562118589878082275390625">
        <ele>423.399993896484375</ele>
        <time>2026-10-05T18:56:06.000Z</time>
        <extensions>
          <ns3:TrackPointExtension/>
        </extensions>
      </trkpt>
      <trkpt lat="44.27094952203333377838134765625" lon="-80.19903014414012432098388671875">
        <ele>424.600006103515625</ele>
        <time>2026-10-05T18:56:16.000Z</time>
        <extensions>
          <ns3:TrackPointExtension/>
        </extensions>
      </trkpt>
      <trkpt lat="44.27092261612415313720703125" lon="-80.19902394153177738189697265625">
        <ele>424.79998779296875</ele>
        <time>2026-10-05T18:56:18.000Z</time>
        <extensions>
          <ns3:TrackPointExtension/>
        </extensions>
      </trkpt>
      <trkpt lat="44.2708004079759120941162109375" lon="-80.198944397270679473876953125">
        <ele>425.600006103515625</ele>
        <time>2026-10-05T18:56:32.000Z</time>
        <extensions>
          <ns3:TrackPointExtension/>
        </extensions>
      </trkpt>
      <trkpt lat="44.270793534815311431884765625" lon="-80.19893861375749111175537109375">
        <ele>425.600006103515625</ele>
        <time>2026-10-05T18:56:33.000Z</time>
        <extensions>
          <ns3:TrackPointExtension/>
        </extensions>
      </trkpt>
      <trkpt lat="44.27071298472583293914794921875" lon="-80.19892168231308460235595703125">
        <ele>426.600006103515625</ele>
        <time>2026-10-05T18:56:42.000Z</time>
        <extensions>
          <ns3:TrackPointExtension/>
        </extensions>
      </trkpt>
      <trkpt lat="44.27068054676055908203125" lon="-80.19892067648470401763916015625">
        <ele>427.399993896484375</ele>
        <time>2026-10-05T18:56:46.000Z</time>
        <extensions>
          <ns3:TrackPointExtension/>
        </extensions>
      </trkpt>
      <trkpt lat="44.27065397612750530242919921875" lon="-80.1989247836172580718994140625">
        <ele>427.600006103515625</ele>
        <time>2026-10-05T18:56:49.000Z</time>
        <extensions>
          <ns3:TrackPointExtension/>
        </extensions>
      </trkpt>
      <trkpt lat="44.270610809326171875" lon="-80.19892553798854351043701171875">
        <ele>428.600006103515625</ele>
        <time>2026-10-05T18:56:55.000Z</time>
        <extensions>
          <ns3:TrackPointExtension/>
        </extensions>
      </trkpt>
      <trkpt lat="44.27058239467442035675048828125" lon="-80.1989226043224334716796875">
        <ele>429.20001220703125</ele>
        <time>2026-10-05T18:56:59.000Z</time>
        <extensions>
          <ns3:TrackPointExtension/>
        </extensions>
      </trkpt>
      <trkpt lat="44.27054836414754390716552734375" lon="-80.19890910945832729339599609375">
        <ele>429.79998779296875</ele>
        <time>2026-10-05T18:57:03.000Z</time>
        <extensions>
          <ns3:TrackPointExtension/>
        </extensions>
      </trkpt>
      <trkpt lat="44.270507879555225372314453125" lon="-80.19889377057552337646484375">
        <ele>430.79998779296875</ele>
        <time>2026-10-05T18:57:08.000Z</time>
        <extensions>
          <ns3:TrackPointExtension/>
        </extensions>
      </trkpt>
      <trkpt lat="44.270444847643375396728515625" lon="-80.19886954687535762786865234375">
        <ele>431.600006103515625</ele>
        <time>2026-10-05T18:57:15.000Z</time>
        <extensions>
          <ns3:TrackPointExtension/>
        </extensions>
      </trkpt>
      <trkpt lat="44.27040218375623226165771484375" lon="-80.19887088797986507415771484375">
        <ele>431.79998779296875</ele>
        <time>2026-10-05T18:57:20.000Z</time>
        <extensions>
          <ns3:TrackPointExtension/>
        </extensions>
      </trkpt>
      <trkpt lat="44.27033697254955768585205078125" lon="-80.198857896029949188232421875">
        <ele>432.600006103515625</ele>
        <time>2026-10-05T18:57:28.000Z</time>
        <extensions>
          <ns3:TrackPointExtension/>
        </extensions>
      </trkpt>
      <trkpt lat="44.270328171551227569580078125" lon="-80.19885563291609287261962890625">
        <ele>432.79998779296875</ele>
        <time>2026-10-05T18:57:29.000Z</time>
        <extensions>
          <ns3:TrackPointExtension/>
        </extensions>
      </trkpt>
      <trkpt lat="44.2702575959265232086181640625" lon="-80.1988288946449756622314453125">
        <ele>434</ele>
        <time>2026-10-05T18:57:35.000Z</time>
        <extensions>
          <ns3:TrackPointExtension/>
        </extensions>
      </trkpt>
      <trkpt lat="44.2702280916273593902587890625" lon="-80.19880467094480991363525390625">
        <ele>434.79998779296875</ele>
        <time>2026-10-05T18:57:38.000Z</time>
        <extensions>
          <ns3:TrackPointExtension/>
        </extensions>
      </trkpt>
      <trkpt lat="44.2702133394777774810791015625" lon="-80.1987893320620059967041015625">
        <ele>434.79998779296875</ele>
        <time>2026-10-05T18:57:40.000Z</time>
        <extensions>
          <ns3:TrackPointExtension/>
        </extensions>
      </trkpt>
      <trkpt lat="44.2701154388487339019775390625" lon="-80.1987601630389690399169921875">
        <ele>435</ele>
        <time>2026-10-05T18:57:50.000Z</time>
        <extensions>
          <ns3:TrackPointExtension/>
        </extensions>
      </trkpt>
      <trkpt lat="44.27009423263370990753173828125" lon="-80.1987777650356292724609375">
        <ele>435</ele>
        <time>2026-10-05T18:57:52.000Z</time>
        <extensions>
          <ns3:TrackPointExtension/>
        </extensions>
      </trkpt>
      <trkpt lat="44.2699791491031646728515625" lon="-80.19879125989973545074462890625">
        <ele>434.79998779296875</ele>
        <time>2026-10-05T18:58:04.000Z</time>
        <extensions>
          <ns3:TrackPointExtension/>
        </extensions>
      </trkpt>
      <trkpt lat="44.26985912024974822998046875" lon="-80.19870609976351261138916015625">
        <ele>434.600006103515625</ele>
        <time>2026-10-05T18:58:16.000Z</time>
        <extensions>
          <ns3:TrackPointExtension/>
        </extensions>
      </trkpt>
      <trkpt lat="44.2698448710143566131591796875" lon="-80.19870006479322910308837890625">
        <ele>434.600006103515625</ele>
        <time>2026-10-05T18:58:17.000Z</time>
        <extensions>
          <ns3:TrackPointExtension/>
        </extensions>
      </trkpt>
      <trkpt lat="44.269717298448085784912109375" lon="-80.1986917667090892791748046875">
        <ele>433.79998779296875</ele>
        <time>2026-10-05T18:58:28.000Z</time>
        <extensions>
          <ns3:TrackPointExtension/>
        </extensions>
      </trkpt>
      <trkpt lat="44.26963574253022670745849609375" lon="-80.19865446723997592926025390625">
        <ele>433</ele>
        <time>2026-10-05T18:58:36.000Z</time>
        <extensions>
          <ns3:TrackPointExtension/>
        </extensions>
      </trkpt>
      <trkpt lat="44.2696105130016803741455078125" lon="-80.19862647168338298797607421875">
        <ele>432.79998779296875</ele>
        <time>2026-10-05T18:58:39.000Z</time>
        <extensions>
          <ns3:TrackPointExtension/>
        </extensions>
      </trkpt>
      <trkpt lat="44.26957019604742527008056640625" lon="-80.19858959130942821502685546875">
        <ele>432</ele>
        <time>2026-10-05T18:58:43.000Z</time>
        <extensions>
          <ns3:TrackPointExtension/>
        </extensions>
      </trkpt>
      <trkpt lat="44.26948889158666133880615234375" lon="-80.19860702566802501678466796875">
        <ele>431.20001220703125</ele>
        <time>2026-10-05T18:58:52.000Z</time>
        <extensions>
          <ns3:TrackPointExtension/>
        </extensions>
      </trkpt>
      <trkpt lat="44.2694842815399169921875" lon="-80.1986203528940677642822265625">
        <ele>431</ele>
        <time>2026-10-05T18:58:55.000Z</time>
        <extensions>
          <ns3:TrackPointExtension/>
        </extensions>
      </trkpt>
      <trkpt lat="44.26948629319667816162109375" lon="-80.198628567159175872802734375">
        <ele>430.79998779296875</ele>
        <time>2026-10-05T18:59:03.000Z</time>
        <extensions>
          <ns3:TrackPointExtension/>
        </extensions>
      </trkpt>
      <trkpt lat="44.26949073560535907745361328125" lon="-80.19863770343363285064697265625">
        <ele>430.79998779296875</ele>
        <time>2026-10-05T18:59:19.000Z</time>
        <extensions>
          <ns3:TrackPointExtension/>
        </extensions>
      </trkpt>
      <trkpt lat="44.26944295875728130340576171875" lon="-80.19862529821693897247314453125">
        <ele>430.600006103515625</ele>
        <time>2026-10-05T18:59:32.000Z</time>
        <extensions>
          <ns3:TrackPointExtension/>
        </extensions>
      </trkpt>
      <trkpt lat="44.26932309754192829132080078125" lon="-80.1985891722142696380615234375">
        <ele>430.399993896484375</ele>
        <time>2026-10-05T18:59:46.000Z</time>
        <extensions>
          <ns3:TrackPointExtension/>
        </extensions>
      </trkpt>
      <trkpt lat="44.26924933679401874542236328125" lon="-80.1985650323331356048583984375">
        <ele>430.600006103515625</ele>
        <time>2026-10-05T18:59:57.000Z</time>
        <extensions>
          <ns3:TrackPointExtension/>
        </extensions>
      </trkpt>
      <trkpt lat="44.26915235817432403564453125" lon="-80.1985175907611846923828125">
        <ele>432</ele>
        <time>2026-10-05T19:00:08.000Z</time>
        <extensions>
          <ns3:TrackPointExtension/>
        </extensions>
      </trkpt>
      <trkpt lat="44.269143305718898773193359375" lon="-80.19851197488605976104736328125">
        <ele>432.600006103515625</ele>
        <time>2026-10-05T19:00:10.000Z</time>
        <extensions>
          <ns3:TrackPointExtension/>
        </extensions>
      </trkpt>
      <trkpt lat="44.2691417969763278961181640625" lon="-80.1985009945929050445556640625">
        <ele>433.20001220703125</ele>
        <time>2026-10-05T19:00:13.000Z</time>
        <extensions>
          <ns3:TrackPointExtension/>
        </extensions>
      </trkpt>
      <trkpt lat="44.26912344060838222503662109375" lon="-80.198461599647998809814453125">
        <ele>433.399993896484375</ele>
        <time>2026-10-05T19:00:22.000Z</time>
        <extensions>
          <ns3:TrackPointExtension/>
        </extensions>
      </trkpt>
      <trkpt lat="44.26907180808484554290771484375" lon="-80.1984533853828907012939453125">
        <ele>433.399993896484375</ele>
        <time>2026-10-05T19:00:34.000Z</time>
        <extensions>
          <ns3:TrackPointExtension/>
        </extensions>
      </trkpt>
      <trkpt lat="44.2690683715045452117919921875" lon="-80.19844852387905120849609375">
        <ele>434.20001220703125</ele>
        <time>2026-10-05T19:00:39.000Z</time>
        <extensions>
          <ns3:TrackPointExtension/>
        </extensions>
      </trkpt>
      <trkpt lat="44.26907164044678211212158203125" lon="-80.1984537206590175628662109375">
        <ele>434.399993896484375</ele>
        <time>2026-10-05T19:00:51.000Z</time>
        <extensions>
          <ns3:TrackPointExtension/>
        </extensions>
      </trkpt>
      <trkpt lat="44.26905068568885326385498046875" lon="-80.1984309218823909759521484375">
        <ele>433.399993896484375</ele>
        <time>2026-10-05T19:01:04.000Z</time>
        <extensions>
          <ns3:TrackPointExtension/>
        </extensions>
      </trkpt>
      <trkpt lat="44.26897927187383174896240234375" lon="-80.19829303957521915435791015625">
        <ele>433.79998779296875</ele>
        <time>2026-10-05T19:01:19.000Z</time>
        <extensions>
          <ns3:TrackPointExtension/>
        </extensions>
      </trkpt>
      <trkpt lat="44.26897038705646991729736328125" lon="-80.19814920611679553985595703125">
        <ele>434</ele>
        <time>2026-10-05T19:01:32.000Z</time>
        <extensions>
          <ns3:TrackPointExtension/>
        </extensions>
      </trkpt>
      <trkpt lat="44.26898329518735408782958984375" lon="-80.197986848652362823486328125">
        <ele>434</ele>
        <time>2026-10-05T19:01:45.000Z</time>
        <extensions>
          <ns3:TrackPointExtension/>
        </extensions>
      </trkpt>
      <trkpt lat="44.26890316419303417205810546875" lon="-80.1978854276239871978759765625">
        <ele>434.600006103515625</ele>
        <time>2026-10-05T19:01:57.000Z</time>
        <extensions>
          <ns3:TrackPointExtension/>
        </extensions>
      </trkpt>
      <trkpt lat="44.26881146617233753204345703125" lon="-80.19777126610279083251953125">
        <ele>434.20001220703125</ele>
        <time>2026-10-05T19:02:11.000Z</time>
        <extensions>
          <ns3:TrackPointExtension/>
        </extensions>
      </trkpt>
      <trkpt lat="44.26883124746382236480712890625" lon="-80.1976634748280048370361328125">
        <ele>433</ele>
        <time>2026-10-05T19:02:19.000Z</time>
        <extensions>
          <ns3:TrackPointExtension/>
        </extensions>
      </trkpt>
      <trkpt lat="44.26884985528886318206787109375" lon="-80.1976296119391918182373046875">
        <ele>432.600006103515625</ele>
        <time>2026-10-05T19:02:23.000Z</time>
        <extensions>
          <ns3:TrackPointExtension/>
        </extensions>
      </trkpt>
      <trkpt lat="44.26884792745113372802734375" lon="-80.19760136492550373077392578125">
        <ele>431.79998779296875</ele>
        <time>2026-10-05T19:02:28.000Z</time>
        <extensions>
          <ns3:TrackPointExtension/>
        </extensions>
      </trkpt>
      <trkpt lat="44.2688445746898651123046875" lon="-80.19759348593652248382568359375">
        <ele>430.79998779296875</ele>
        <time>2026-10-05T19:02:31.000Z</time>
        <extensions>
          <ns3:TrackPointExtension/>
        </extensions>
      </trkpt>
      <trkpt lat="44.26885773427784442901611328125" lon="-80.19759834744036197662353515625">
        <ele>430.20001220703125</ele>
        <time>2026-10-05T19:02:34.000Z</time>
        <extensions>
          <ns3:TrackPointExtension/>
        </extensions>
      </trkpt>
      <trkpt lat="44.26882554776966571807861328125" lon="-80.19758485257625579833984375">
        <ele>430.20001220703125</ele>
        <time>2026-10-05T19:02:50.000Z</time>
        <extensions>
          <ns3:TrackPointExtension/>
        </extensions>
      </trkpt>
      <trkpt lat="44.2687904275953769683837890625" lon="-80.1974955014884471893310546875">
        <ele>429.79998779296875</ele>
        <time>2026-10-05T19:03:06.000Z</time>
        <extensions>
          <ns3:TrackPointExtension/>
        </extensions>
      </trkpt>
      <trkpt lat="44.26878866739571094512939453125" lon="-80.19746205769479274749755859375">
        <ele>429.600006103515625</ele>
        <time>2026-10-05T19:03:08.000Z</time>
        <extensions>
          <ns3:TrackPointExtension/>
        </extensions>
      </trkpt>
      <trkpt lat="44.2688660323619842529296875" lon="-80.19732878543436527252197265625">
        <ele>429.600006103515625</ele>
        <time>2026-10-05T19:03:21.000Z</time>
        <extensions>
          <ns3:TrackPointExtension/>
        </extensions>
      </trkpt>
      <trkpt lat="44.26898203790187835693359375" lon="-80.19719853065907955169677734375">
        <ele>429.600006103515625</ele>
        <time>2026-10-05T19:03:36.000Z</time>
        <extensions>
          <ns3:TrackPointExtension/>
        </extensions>
      </trkpt>
      <trkpt lat="44.26902922801673412322998046875" lon="-80.19714555703103542327880859375">
        <ele>429.79998779296875</ele>
        <time>2026-10-05T19:03:42.000Z</time>
        <extensions>
          <ns3:TrackPointExtension/>
        </extensions>
      </trkpt>
      <trkpt lat="44.26910340785980224609375" lon="-80.19702988676726818084716796875">
        <ele>430.79998779296875</ele>
        <time>2026-10-05T19:03:51.000Z</time>
        <extensions>
          <ns3:TrackPointExtension/>
        </extensions>
      </trkpt>
      <trkpt lat="44.2691404558718204498291015625" lon="-80.1969511806964874267578125">
        <ele>431.79998779296875</ele>
        <time>2026-10-05T19:04:01.000Z</time>
        <extensions>
          <ns3:TrackPointExtension/>
        </extensions>
      </trkpt>
      <trkpt lat="44.26914699375629425048828125" lon="-80.1968722231686115264892578125">
        <ele>432.399993896484375</ele>
        <time>2026-10-05T19:04:06.000Z</time>
        <extensions>
          <ns3:TrackPointExtension/>
        </extensions>
      </trkpt>
      <trkpt lat="44.26917540840804576873779296875" lon="-80.19682285375893115997314453125">
        <ele>432.79998779296875</ele>
        <time>2026-10-05T19:04:10.000Z</time>
        <extensions>
          <ns3:TrackPointExtension/>
        </extensions>
      </trkpt>
      <trkpt lat="44.26917113363742828369140625" lon="-80.19677557982504367828369140625">
        <ele>434</ele>
        <time>2026-10-05T19:04:14.000Z</time>
        <extensions>
          <ns3:TrackPointExtension/>
        </extensions>
      </trkpt>
      <trkpt lat="44.26919016055762767791748046875" lon="-80.196713469922542572021484375">
        <ele>435</ele>
        <time>2026-10-05T19:04:19.000Z</time>
        <extensions>
          <ns3:TrackPointExtension/>
        </extensions>
      </trkpt>
      <trkpt lat="44.2691967822611331939697265625" lon="-80.1966814510524272918701171875">
        <ele>435.399993896484375</ele>
        <time>2026-10-05T19:04:21.000Z</time>
        <extensions>
          <ns3:TrackPointExtension/>
        </extensions>
      </trkpt>
      <trkpt lat="44.2692034877836704254150390625" lon="-80.1966226100921630859375">
        <ele>436</ele>
        <time>2026-10-05T19:04:25.000Z</time>
        <extensions>
          <ns3:TrackPointExtension/>
        </extensions>
      </trkpt>
      <trkpt lat="44.26922217942774295806884765625" lon="-80.19652244634926319122314453125">
        <ele>437</ele>
        <time>2026-10-05T19:04:31.000Z</time>
        <extensions>
          <ns3:TrackPointExtension/>
        </extensions>
      </trkpt>
      <trkpt lat="44.26922746002674102783203125" lon="-80.19651104696094989776611328125">
        <ele>437.20001220703125</ele>
        <time>2026-10-05T19:04:32.000Z</time>
        <extensions>
          <ns3:TrackPointExtension/>
        </extensions>
      </trkpt>
      <trkpt lat="44.2692390270531177520751953125" lon="-80.19644482992589473724365234375">
        <ele>437.399993896484375</ele>
        <time>2026-10-05T19:04:37.000Z</time>
        <extensions>
          <ns3:TrackPointExtension/>
        </extensions>
      </trkpt>
      <trkpt lat="44.26929543726146221160888671875" lon="-80.196242742240428924560546875">
        <ele>436.600006103515625</ele>
        <time>2026-10-05T19:04:51.000Z</time>
        <extensions>
          <ns3:TrackPointExtension/>
        </extensions>
      </trkpt>
      <trkpt lat="44.26932712085545063018798828125" lon="-80.1960876770317554473876953125">
        <ele>436.20001220703125</ele>
        <time>2026-10-05T19:05:03.000Z</time>
        <extensions>
          <ns3:TrackPointExtension/>
        </extensions>
      </trkpt>
      <trkpt lat="44.2693355865776538848876953125" lon="-80.1960722543299198150634765625">
        <ele>436</ele>
        <time>2026-10-05T19:05:05.000Z</time>
        <extensions>
          <ns3:TrackPointExtension/>
        </extensions>
      </trkpt>
      <trkpt lat="44.26940792240202426910400390625" lon="-80.19602137617766857147216796875">
        <ele>435</ele>
        <time>2026-10-05T19:05:16.000Z</time>
        <extensions>
          <ns3:TrackPointExtension/>
        </extensions>
      </trkpt>
      <trkpt lat="44.26953884772956371307373046875" lon="-80.195949710905551910400390625">
        <ele>434</ele>
        <time>2026-10-05T19:05:30.000Z</time>
        <extensions>
          <ns3:TrackPointExtension/>
        </extensions>
      </trkpt>
      <trkpt lat="44.2695498280227184295654296875" lon="-80.1959227211773395538330078125">
        <ele>434</ele>
        <time>2026-10-05T19:05:32.000Z</time>
        <extensions>
          <ns3:TrackPointExtension/>
        </extensions>
      </trkpt>
      <trkpt lat="44.269629456102848052978515625" lon="-80.19587335176765918731689453125">
        <ele>432.79998779296875</ele>
        <time>2026-10-05T19:05:40.000Z</time>
        <extensions>
          <ns3:TrackPointExtension/>
        </extensions>
      </trkpt>
      <trkpt lat="44.269687794148921966552734375" lon="-80.19578500650823116302490234375">
        <ele>431.600006103515625</ele>
        <time>2026-10-05T19:05:46.000Z</time>
        <extensions>
          <ns3:TrackPointExtension/>
        </extensions>
      </trkpt>
      <trkpt lat="44.269698522984981536865234375" lon="-80.1957772113382816314697265625">
        <ele>431.399993896484375</ele>
        <time>2026-10-05T19:05:47.000Z</time>
        <extensions>
          <ns3:TrackPointExtension/>
        </extensions>
      </trkpt>
      <trkpt lat="44.26973179914057254791259765625" lon="-80.1957071386277675628662109375">
        <ele>430.600006103515625</ele>
        <time>2026-10-05T19:05:52.000Z</time>
        <extensions>
          <ns3:TrackPointExtension/>
        </extensions>
      </trkpt>
      <trkpt lat="44.26982416771352291107177734375" lon="-80.1956048794090747833251953125">
        <ele>429.600006103515625</ele>
        <time>2026-10-05T19:06:02.000Z</time>
        <extensions>
          <ns3:TrackPointExtension/>
        </extensions>
      </trkpt>
      <trkpt lat="44.2699357308447360992431640625" lon="-80.19550488330423831939697265625">
        <ele>429.20001220703125</ele>
        <time>2026-10-05T19:06:16.000Z</time>
        <extensions>
          <ns3:TrackPointExtension/>
        </extensions>
      </trkpt>
      <trkpt lat="44.2699551768600940704345703125" lon="-80.1954660750925540924072265625">
        <ele>429</ele>
        <time>2026-10-05T19:06:30.000Z</time>
        <extensions>
          <ns3:TrackPointExtension/>
        </extensions>
      </trkpt>
      <trkpt lat="44.26999054849147796630859375" lon="-80.1954410970211029052734375">
        <ele>430</ele>
        <time>2026-10-05T19:06:46.000Z</time>
        <extensions>
          <ns3:TrackPointExtension/>
        </extensions>
      </trkpt>
      <trkpt lat="44.2700983397662639617919921875" lon="-80.1953628100454807281494140625">
        <ele>430.600006103515625</ele>
        <time>2026-10-05T19:06:57.000Z</time>
        <extensions>
          <ns3:TrackPointExtension/>
        </extensions>
      </trkpt>
      <trkpt lat="44.27010118961334228515625" lon="-80.1953433640301227569580078125">
        <ele>430.79998779296875</ele>
        <time>2026-10-05T19:06:58.000Z</time>
        <extensions>
          <ns3:TrackPointExtension/>
        </extensions>
      </trkpt>
      <trkpt lat="44.27016816101968288421630859375" lon="-80.195205397903919219970703125">
        <ele>431.20001220703125</ele>
        <time>2026-10-05T19:07:09.000Z</time>
        <extensions>
          <ns3:TrackPointExtension/>
        </extensions>
      </trkpt>
      <trkpt lat="44.27017335779964923858642578125" lon="-80.19516323693096637725830078125">
        <ele>431.399993896484375</ele>
        <time>2026-10-05T19:07:12.000Z</time>
        <extensions>
          <ns3:TrackPointExtension/>
        </extensions>
      </trkpt>
      <trkpt lat="44.2702017724514007568359375" lon="-80.19513105042278766632080078125">
        <ele>431.79998779296875</ele>
        <time>2026-10-05T19:07:16.000Z</time>
        <extensions>
          <ns3:TrackPointExtension/>
        </extensions>
      </trkpt>
      <trkpt lat="44.27020839415490627288818359375" lon="-80.194968022406101226806640625">
        <ele>432.399993896484375</ele>
        <time>2026-10-05T19:07:26.000Z</time>
        <extensions>
          <ns3:TrackPointExtension/>
        </extensions>
      </trkpt>
      <trkpt lat="44.2702150158584117889404296875" lon="-80.1948639191687107086181640625">
        <ele>432</ele>
        <time>2026-10-05T19:07:32.000Z</time>
        <extensions>
          <ns3:TrackPointExtension/>
        </extensions>
      </trkpt>
      <trkpt lat="44.27026555873453617095947265625" lon="-80.1947418786585330963134765625">
        <ele>431.20001220703125</ele>
        <time>2026-10-05T19:07:41.000Z</time>
        <extensions>
          <ns3:TrackPointExtension/>
        </extensions>
      </trkpt>
      <trkpt lat="44.27035289816558361053466796875" lon="-80.19455119036138057708740234375">
        <ele>430.79998779296875</ele>
        <time>2026-10-05T19:07:54.000Z</time>
        <extensions>
          <ns3:TrackPointExtension/>
        </extensions>
      </trkpt>
      <trkpt lat="44.2704002559185028076171875" lon="-80.19439830444753170013427734375">
        <ele>433</ele>
        <time>2026-10-05T19:08:05.000Z</time>
        <extensions>
          <ns3:TrackPointExtension/>
        </extensions>
      </trkpt>
      <trkpt lat="44.27041894756257534027099609375" lon="-80.19431926310062408447265625">
        <ele>434</ele>
        <time>2026-10-05T19:08:10.000Z</time>
        <extensions>
          <ns3:TrackPointExtension/>
        </extensions>
      </trkpt>
      <trkpt lat="44.27050611935555934906005859375" lon="-80.19412823952734470367431640625">
        <ele>434.399993896484375</ele>
        <time>2026-10-05T19:08:25.000Z</time>
        <extensions>
          <ns3:TrackPointExtension/>
        </extensions>
      </trkpt>
      <trkpt lat="44.27058063447475433349609375" lon="-80.19406177103519439697265625">
        <ele>432.79998779296875</ele>
        <time>2026-10-05T19:08:33.000Z</time>
        <extensions>
          <ns3:TrackPointExtension/>
        </extensions>
      </trkpt>
      <trkpt lat="44.2706297524273395538330078125" lon="-80.1939824782311916351318359375">
        <ele>431.79998779296875</ele>
        <time>2026-10-05T19:08:40.000Z</time>
        <extensions>
          <ns3:TrackPointExtension/>
        </extensions>
      </trkpt>
      <trkpt lat="44.270666129887104034423828125" lon="-80.19392120651900768280029296875">
        <ele>430.79998779296875</ele>
        <time>2026-10-05T19:08:46.000Z</time>
        <extensions>
          <ns3:TrackPointExtension/>
        </extensions>
      </trkpt>
      <trkpt lat="44.27069487981498241424560546875" lon="-80.19382514990866184234619140625">
        <ele>429.79998779296875</ele>
        <time>2026-10-05T19:08:53.000Z</time>
        <extensions>
          <ns3:TrackPointExtension/>
        </extensions>
      </trkpt>
      <trkpt lat="44.2707167565822601318359375" lon="-80.19376077689230442047119140625">
        <ele>429.20001220703125</ele>
        <time>2026-10-05T19:08:56.000Z</time>
        <extensions>
          <ns3:TrackPointExtension/>
        </extensions>
      </trkpt>
      <trkpt lat="44.27077266387641429901123046875" lon="-80.1936247386038303375244140625">
        <ele>428.79998779296875</ele>
        <time>2026-10-05T19:09:09.000Z</time>
        <extensions>
          <ns3:TrackPointExtension/>
        </extensions>
      </trkpt>
      <trkpt lat="44.27083301357924938201904296875" lon="-80.1934379898011684417724609375">
        <ele>429.600006103515625</ele>
        <time>2026-10-05T19:09:26.000Z</time>
        <extensions>
          <ns3:TrackPointExtension/>
        </extensions>
      </trkpt>
      <trkpt lat="44.2708460055291652679443359375" lon="-80.1932309567928314208984375">
        <ele>430.79998779296875</ele>
        <time>2026-10-05T19:09:40.000Z</time>
        <extensions>
          <ns3:TrackPointExtension/>
        </extensions>
      </trkpt>
      <trkpt lat="44.27085145376622676849365234375" lon="-80.1932110078632831573486328125">
        <ele>430.79998779296875</ele>
        <time>2026-10-05T19:09:42.000Z</time>
        <extensions>
          <ns3:TrackPointExtension/>
        </extensions>
      </trkpt>
      <trkpt lat="44.270873330533504486083984375" lon="-80.19305284135043621063232421875">
        <ele>431.600006103515625</ele>
        <time>2026-10-05T19:09:55.000Z</time>
        <extensions>
          <ns3:TrackPointExtension/>
        </extensions>
      </trkpt>
      <trkpt lat="44.2708788625895977020263671875" lon="-80.192998945713043212890625">
        <ele>432</ele>
        <time>2026-10-05T19:09:59.000Z</time>
        <extensions>
          <ns3:TrackPointExtension/>
        </extensions>
      </trkpt>
      <trkpt lat="44.2708731628954410552978515625" lon="-80.1929223351180553436279296875">
        <ele>433</ele>
        <time>2026-10-05T19:10:06.000Z</time>
        <extensions>
          <ns3:TrackPointExtension/>
        </extensions>
      </trkpt>
      <trkpt lat="44.27083435468375682830810546875" lon="-80.19283457659184932708740234375">
        <ele>433.79998779296875</ele>
        <time>2026-10-05T19:10:12.000Z</time>
        <extensions>
          <ns3:TrackPointExtension/>
        </extensions>
      </trkpt>
      <trkpt lat="44.27081658504903316497802734375" lon="-80.1927345804870128631591796875">
        <ele>434.20001220703125</ele>
        <time>2026-10-05T19:10:18.000Z</time>
        <extensions>
          <ns3:TrackPointExtension/>
        </extensions>
      </trkpt>
      <trkpt lat="44.270817339420318603515625" lon="-80.19262989051640033721923828125">
        <ele>435</ele>
        <time>2026-10-05T19:10:27.000Z</time>
        <extensions>
          <ns3:TrackPointExtension/>
        </extensions>
      </trkpt>
      <trkpt lat="44.27083016373217105865478515625" lon="-80.19260508008301258087158203125">
        <ele>435.20001220703125</ele>
        <time>2026-10-05T19:10:31.000Z</time>
        <extensions>
          <ns3:TrackPointExtension/>
        </extensions>
      </trkpt>
      <trkpt lat="44.270849861204624176025390625" lon="-80.192497707903385162353515625">
        <ele>435.399993896484375</ele>
        <time>2026-10-05T19:10:42.000Z</time>
        <extensions>
          <ns3:TrackPointExtension/>
        </extensions>
      </trkpt>
      <trkpt lat="44.27095522172749042510986328125" lon="-80.192293860018253326416015625">
        <ele>434.79998779296875</ele>
        <time>2026-10-05T19:10:59.000Z</time>
        <extensions>
          <ns3:TrackPointExtension/>
        </extensions>
      </trkpt>
      <trkpt lat="44.27094751037657260894775390625" lon="-80.1920881681144237518310546875">
        <ele>435.79998779296875</ele>
        <time>2026-10-05T19:11:13.000Z</time>
        <extensions>
          <ns3:TrackPointExtension/>
        </extensions>
      </trkpt>
      <trkpt lat="44.2709583230316638946533203125" lon="-80.19202270545065402984619140625">
        <ele>436.20001220703125</ele>
        <time>2026-10-05T19:11:19.000Z</time>
        <extensions>
          <ns3:TrackPointExtension/>
        </extensions>
      </trkpt>
      <trkpt lat="44.270951785147190093994140625" lon="-80.19198976457118988037109375">
        <ele>437.20001220703125</ele>
        <time>2026-10-05T19:11:21.000Z</time>
        <extensions>
          <ns3:TrackPointExtension/>
        </extensions>
      </trkpt>
      <trkpt lat="44.27094482816755771636962890625" lon="-80.191925726830959320068359375">
        <ele>438.79998779296875</ele>
        <time>2026-10-05T19:11:24.000Z</time>
        <extensions>
          <ns3:TrackPointExtension/>
        </extensions>
      </trkpt>
      <trkpt lat="44.2709527909755706787109375" lon="-80.1918836496770381927490234375">
        <ele>440</ele>
        <time>2026-10-05T19:11:28.000Z</time>
        <extensions>
          <ns3:TrackPointExtension/>
        </extensions>
      </trkpt>
      <trkpt lat="44.2709683813154697418212890625" lon="-80.19180242903530597686767578125">
        <ele>441</ele>
        <time>2026-10-05T19:11:36.000Z</time>
        <extensions>
          <ns3:TrackPointExtension/>
        </extensions>
      </trkpt>
      <trkpt lat="44.27099361084401607513427734375" lon="-80.1916764490306377410888671875">
        <ele>441.600006103515625</ele>
        <time>2026-10-05T19:11:47.000Z</time>
        <extensions>
          <ns3:TrackPointExtension/>
        </extensions>
      </trkpt>
      <trkpt lat="44.27099796943366527557373046875" lon="-80.1916533149778842926025390625">
        <ele>442.20001220703125</ele>
        <time>2026-10-05T19:11:49.000Z</time>
        <extensions>
          <ns3:TrackPointExtension/>
        </extensions>
      </trkpt>
      <trkpt lat="44.2709734104573726654052734375" lon="-80.19156907685101032257080078125">
        <ele>443.20001220703125</ele>
        <time>2026-10-05T19:11:56.000Z</time>
        <extensions>
          <ns3:TrackPointExtension/>
        </extensions>
      </trkpt>
      <trkpt lat="44.27096553146839141845703125" lon="-80.19150185398757457733154296875">
        <ele>444</ele>
        <time>2026-10-05T19:12:02.000Z</time>
        <extensions>
          <ns3:TrackPointExtension/>
        </extensions>
      </trkpt>
      <trkpt lat="44.270962513983249664306640625" lon="-80.1914933882653713226318359375">
        <ele>444.20001220703125</ele>
        <time>2026-10-05T19:12:03.000Z</time>
        <extensions>
          <ns3:TrackPointExtension/>
        </extensions>
      </trkpt>
      <trkpt lat="44.2708966322243213653564453125" lon="-80.1914151012897491455078125">
        <ele>445.20001220703125</ele>
        <time>2026-10-05T19:12:12.000Z</time>
        <extensions>
          <ns3:TrackPointExtension/>
        </extensions>
      </trkpt>
      <trkpt lat="44.27088079042732715606689453125" lon="-80.191391296684741973876953125">
        <ele>445.600006103515625</ele>
        <time>2026-10-05T19:12:14.000Z</time>
        <extensions>
          <ns3:TrackPointExtension/>
        </extensions>
      </trkpt>
      <trkpt lat="44.27083938382565975189208984375" lon="-80.19134075380861759185791015625">
        <ele>446.600006103515625</ele>
        <time>2026-10-05T19:12:19.000Z</time>
        <extensions>
          <ns3:TrackPointExtension/>
        </extensions>
      </trkpt>
      <trkpt lat="44.270796887576580047607421875" lon="-80.19124050624668598175048828125">
        <ele>447.79998779296875</ele>
        <time>2026-10-05T19:12:26.000Z</time>
        <extensions>
          <ns3:TrackPointExtension/>
        </extensions>
      </trkpt>
      <trkpt lat="44.27079210989177227020263671875" lon="-80.1912016980350017547607421875">
        <ele>448.600006103515625</ele>
        <time>2026-10-05T19:12:29.000Z</time>
        <extensions>
          <ns3:TrackPointExtension/>
        </extensions>
      </trkpt>
      <trkpt lat="44.270779453217983245849609375" lon="-80.19114797003567218780517578125">
        <ele>449</ele>
        <time>2026-10-05T19:12:32.000Z</time>
        <extensions>
          <ns3:TrackPointExtension/>
        </extensions>
      </trkpt>
      <trkpt lat="44.27079378627240657806396484375" lon="-80.19100698642432689666748046875">
        <ele>449.399993896484375</ele>
        <time>2026-10-05T19:12:43.000Z</time>
        <extensions>
          <ns3:TrackPointExtension/>
        </extensions>
      </trkpt>
      <trkpt lat="44.27083468995988368988037109375" lon="-80.190862901508808135986328125">
        <ele>449.399993896484375</ele>
        <time>2026-10-05T19:12:57.000Z</time>
        <extensions>
          <ns3:TrackPointExtension/>
        </extensions>
      </trkpt>
      <trkpt lat="44.270835779607295989990234375" lon="-80.19073792733252048492431640625">
        <ele>450</ele>
        <time>2026-10-05T19:13:06.000Z</time>
        <extensions>
          <ns3:TrackPointExtension/>
        </extensions>
      </trkpt>
      <trkpt lat="44.2708483524620532989501953125" lon="-80.19067757762968540191650390625">
        <ele>450.399993896484375</ele>
        <time>2026-10-05T19:13:11.000Z</time>
        <extensions>
          <ns3:TrackPointExtension/>
        </extensions>
      </trkpt>
      <trkpt lat="44.2708795331418514251708984375" lon="-80.1904852129518985748291015625">
        <ele>451</ele>
        <time>2026-10-05T19:13:23.000Z</time>
        <extensions>
          <ns3:TrackPointExtension/>
        </extensions>
      </trkpt>
      <trkpt lat="44.270888082683086395263671875" lon="-80.19044020213186740875244140625">
        <ele>451.20001220703125</ele>
        <time>2026-10-05T19:13:32.000Z</time>
        <extensions>
          <ns3:TrackPointExtension/>
        </extensions>
      </trkpt>
      <trkpt lat="44.27091314457356929779052734375" lon="-80.19031614996492862701416015625">
        <ele>452.20001220703125</ele>
        <time>2026-10-05T19:13:42.000Z</time>
        <extensions>
          <ns3:TrackPointExtension/>
        </extensions>
      </trkpt>
      <trkpt lat="44.27091767080128192901611328125" lon="-80.19030123017728328704833984375">
        <ele>453</ele>
        <time>2026-10-05T19:13:44.000Z</time>
        <extensions>
          <ns3:TrackPointExtension/>
        </extensions>
      </trkpt>
      <trkpt lat="44.27091297693550586700439453125" lon="-80.1902793534100055694580078125">
        <ele>453.20001220703125</ele>
        <time>2026-10-05T19:13:47.000Z</time>
        <extensions>
          <ns3:TrackPointExtension/>
        </extensions>
      </trkpt>
      <trkpt lat="44.27089671604335308074951171875" lon="-80.1902283914387226104736328125">
        <ele>454.399993896484375</ele>
        <time>2026-10-05T19:13:53.000Z</time>
        <extensions>
          <ns3:TrackPointExtension/>
        </extensions>
      </trkpt>
      <trkpt lat="44.2709063552320003509521484375" lon="-80.19018539227545261383056640625">
        <ele>455</ele>
        <time>2026-10-05T19:13:58.000Z</time>
        <extensions>
          <ns3:TrackPointExtension/>
        </extensions>
      </trkpt>
      <trkpt lat="44.27089177072048187255859375" lon="-80.19014817662537097930908203125">
        <ele>455.399993896484375</ele>
        <time>2026-10-05T19:14:02.000Z</time>
        <extensions>
          <ns3:TrackPointExtension/>
        </extensions>
      </trkpt>
      <trkpt lat="44.2708832211792469024658203125" lon="-80.1900309138000011444091796875">
        <ele>456.399993896484375</ele>
        <time>2026-10-05T19:14:10.000Z</time>
        <extensions>
          <ns3:TrackPointExtension/>
        </extensions>
      </trkpt>
      <trkpt lat="44.2708872444927692413330078125" lon="-80.19002102315425872802734375">
        <ele>456.600006103515625</ele>
        <time>2026-10-05T19:14:11.000Z</time>
        <extensions>
          <ns3:TrackPointExtension/>
        </extensions>
      </trkpt>
      <trkpt lat="44.27091917954385280609130859375" lon="-80.18987752497196197509765625">
        <ele>457.20001220703125</ele>
        <time>2026-10-05T19:14:24.000Z</time>
        <extensions>
          <ns3:TrackPointExtension/>
        </extensions>
      </trkpt>
      <trkpt lat="44.2710280604660511016845703125" lon="-80.189702846109867095947265625">
        <ele>457.399993896484375</ele>
        <time>2026-10-05T19:14:37.000Z</time>
        <extensions>
          <ns3:TrackPointExtension/>
        </extensions>
      </trkpt>
      <trkpt lat="44.27109100855886936187744140625" lon="-80.18956881947815418243408203125">
        <ele>457.600006103515625</ele>
        <time>2026-10-05T19:14:49.000Z</time>
        <extensions>
          <ns3:TrackPointExtension/>
        </extensions>
      </trkpt>
      <trkpt lat="44.2710954509675502777099609375" lon="-80.1895122416317462921142578125">
        <ele>457.600006103515625</ele>
        <time>2026-10-05T19:14:54.000Z</time>
        <extensions>
          <ns3:TrackPointExtension/>
        </extensions>
      </trkpt>
      <trkpt lat="44.27108949981629848480224609375" lon="-80.18936882726848125457763671875">
        <ele>458.399993896484375</ele>
        <time>2026-10-05T19:15:02.000Z</time>
        <extensions>
          <ns3:TrackPointExtension/>
        </extensions>
      </trkpt>
      <trkpt lat="44.27108547650277614593505859375" lon="-80.18933169543743133544921875">
        <ele>458.399993896484375</ele>
        <time>2026-10-05T19:15:04.000Z</time>
        <extensions>
          <ns3:TrackPointExtension/>
        </extensions>
      </trkpt>
      <trkpt lat="44.2710408009588718414306640625" lon="-80.18908970989286899566650390625">
        <ele>458.600006103515625</ele>
        <time>2026-10-05T19:15:19.000Z</time>
        <extensions>
          <ns3:TrackPointExtension/>
        </extensions>
      </trkpt>
      <trkpt lat="44.27095438353717327117919921875" lon="-80.18893816508352756500244140625">
        <ele>458.79998779296875</ele>
        <time>2026-10-05T19:15:32.000Z</time>
        <extensions>
          <ns3:TrackPointExtension/>
        </extensions>
      </trkpt>
      <trkpt lat="44.27093996666371822357177734375" lon="-80.18889189697802066802978515625">
        <ele>459</ele>
        <time>2026-10-05T19:15:35.000Z</time>
        <extensions>
          <ns3:TrackPointExtension/>
        </extensions>
      </trkpt>
      <trkpt lat="44.27095077931880950927734375" lon="-80.1887310482561588287353515625">
        <ele>459.600006103515625</ele>
        <time>2026-10-05T19:15:50.000Z</time>
        <extensions>
          <ns3:TrackPointExtension/>
        </extensions>
      </trkpt>
      <trkpt lat="44.27094784565269947052001953125" lon="-80.1887233369052410125732421875">
        <ele>459.79998779296875</ele>
        <time>2026-10-05T19:15:51.000Z</time>
        <extensions>
          <ns3:TrackPointExtension/>
        </extensions>
      </trkpt>
      <trkpt lat="44.2709254659712314605712890625" lon="-80.188658125698566436767578125">
        <ele>461</ele>
        <time>2026-10-05T19:15:55.000Z</time>
        <extensions>
          <ns3:TrackPointExtension/>
        </extensions>
      </trkpt>
      <trkpt lat="44.270903170108795166015625" lon="-80.18859199248254299163818359375">
        <ele>462</ele>
        <time>2026-10-05T19:15:59.000Z</time>
        <extensions>
          <ns3:TrackPointExtension/>
        </extensions>
      </trkpt>
      <trkpt lat="44.2709003202617168426513671875" lon="-80.18856131471693515777587890625">
        <ele>462.20001220703125</ele>
        <time>2026-10-05T19:16:01.000Z</time>
        <extensions>
          <ns3:TrackPointExtension/>
        </extensions>
      </trkpt>
      <trkpt lat="44.27090174518525600433349609375" lon="-80.1884403638541698455810546875">
        <ele>463.20001220703125</ele>
        <time>2026-10-05T19:16:12.000Z</time>
        <extensions>
          <ns3:TrackPointExtension/>
        </extensions>
      </trkpt>
      <trkpt lat="44.27089721895754337310791015625" lon="-80.18841111101210117340087890625">
        <ele>463.600006103515625</ele>
        <time>2026-10-05T19:16:15.000Z</time>
        <extensions>
          <ns3:TrackPointExtension/>
        </extensions>
      </trkpt>
      <trkpt lat="44.27089755423367023468017578125" lon="-80.188376493752002716064453125">
        <ele>464.20001220703125</ele>
        <time>2026-10-05T19:16:19.000Z</time>
        <extensions>
          <ns3:TrackPointExtension/>
        </extensions>
      </trkpt>
      <trkpt lat="44.2709071934223175048828125" lon="-80.18832410685718059539794921875">
        <ele>465.20001220703125</ele>
        <time>2026-10-05T19:16:23.000Z</time>
        <extensions>
          <ns3:TrackPointExtension/>
        </extensions>
      </trkpt>
      <trkpt lat="44.27091498859226703643798828125" lon="-80.1882821135222911834716796875">
        <ele>466.20001220703125</ele>
        <time>2026-10-05T19:16:26.000Z</time>
        <extensions>
          <ns3:TrackPointExtension/>
        </extensions>
      </trkpt>
      <trkpt lat="44.2709194310009479522705078125" lon="-80.18823869526386260986328125">
        <ele>466.79998779296875</ele>
        <time>2026-10-05T19:16:31.000Z</time>
        <extensions>
          <ns3:TrackPointExtension/>
        </extensions>
      </trkpt>
      <trkpt lat="44.2709650285542011260986328125" lon="-80.1881174929440021514892578125">
        <ele>467</ele>
        <time>2026-10-05T19:16:44.000Z</time>
        <extensions>
          <ns3:TrackPointExtension/>
        </extensions>
      </trkpt>
      <trkpt lat="44.2709715664386749267578125" lon="-80.1880199275910854339599609375">
        <ele>467.399993896484375</ele>
        <time>2026-10-05T19:16:55.000Z</time>
        <extensions>
          <ns3:TrackPointExtension/>
        </extensions>
      </trkpt>
      <trkpt lat="44.27096419036388397216796875" lon="-80.18794876523315906524658203125">
        <ele>468.399993896484375</ele>
        <time>2026-10-05T19:16:59.000Z</time>
        <extensions>
          <ns3:TrackPointExtension/>
        </extensions>
      </trkpt>
      <trkpt lat="44.27093476988375186920166015625" lon="-80.18784248270094394683837890625">
        <ele>469.399993896484375</ele>
        <time>2026-10-05T19:17:07.000Z</time>
        <extensions>
          <ns3:TrackPointExtension/>
        </extensions>
      </trkpt>
      <trkpt lat="44.27094281651079654693603515625" lon="-80.18777542747557163238525390625">
        <ele>470</ele>
        <time>2026-10-05T19:17:12.000Z</time>
        <extensions>
          <ns3:TrackPointExtension/>
        </extensions>
      </trkpt>
      <trkpt lat="44.27093393169343471527099609375" lon="-80.187730751931667327880859375">
        <ele>470.600006103515625</ele>
        <time>2026-10-05T19:17:15.000Z</time>
        <extensions>
          <ns3:TrackPointExtension/>
        </extensions>
      </trkpt>
      <trkpt lat="44.27094382233917713165283203125" lon="-80.18768322654068470001220703125">
        <ele>471.600006103515625</ele>
        <time>2026-10-05T19:17:22.000Z</time>
        <extensions>
          <ns3:TrackPointExtension/>
        </extensions>
      </trkpt>
      <trkpt lat="44.27096494473516941070556640625" lon="-80.18764735199511051177978515625">
        <ele>472</ele>
        <time>2026-10-05T19:17:26.000Z</time>
        <extensions>
          <ns3:TrackPointExtension/>
        </extensions>
      </trkpt>
      <trkpt lat="44.27101624198257923126220703125" lon="-80.18757929094135761260986328125">
        <ele>472.79998779296875</ele>
        <time>2026-10-05T19:17:34.000Z</time>
        <extensions>
          <ns3:TrackPointExtension/>
        </extensions>
      </trkpt>
      <trkpt lat="44.27105002105236053466796875" lon="-80.18753034062683582305908203125">
        <ele>473.600006103515625</ele>
        <time>2026-10-05T19:17:41.000Z</time>
        <extensions>
          <ns3:TrackPointExtension/>
        </extensions>
      </trkpt>
      <trkpt lat="44.2710575647652149200439453125" lon="-80.187502764165401458740234375">
        <ele>473.79998779296875</ele>
        <time>2026-10-05T19:17:43.000Z</time>
        <extensions>
          <ns3:TrackPointExtension/>
        </extensions>
      </trkpt>
      <trkpt lat="44.27108480595052242279052734375" lon="-80.18745414912700653076171875">
        <ele>475</ele>
        <time>2026-10-05T19:17:48.000Z</time>
        <extensions>
          <ns3:TrackPointExtension/>
        </extensions>
      </trkpt>
      <trkpt lat="44.271114729344844818115234375" lon="-80.18742523156106472015380859375">
        <ele>475.79998779296875</ele>
        <time>2026-10-05T19:17:53.000Z</time>
        <extensions>
          <ns3:TrackPointExtension/>
        </extensions>
      </trkpt>
      <trkpt lat="44.2711869813501834869384765625" lon="-80.18733705393970012664794921875">
        <ele>475.399993896484375</ele>
        <time>2026-10-05T19:18:07.000Z</time>
        <extensions>
          <ns3:TrackPointExtension/>
        </extensions>
      </trkpt>
      <trkpt lat="44.2712506838142871856689453125" lon="-80.18719791434705257415771484375">
        <ele>475.20001220703125</ele>
        <time>2026-10-05T19:18:21.000Z</time>
        <extensions>
          <ns3:TrackPointExtension/>
        </extensions>
      </trkpt>
      <trkpt lat="44.2712758295238018035888671875" lon="-80.1871334575116634368896484375">
        <ele>476.20001220703125</ele>
        <time>2026-10-05T19:18:30.000Z</time>
        <extensions>
          <ns3:TrackPointExtension/>
        </extensions>
      </trkpt>
      <trkpt lat="44.27127960138022899627685546875" lon="-80.187092721462249755859375">
        <ele>477.399993896484375</ele>
        <time>2026-10-05T19:18:34.000Z</time>
        <extensions>
          <ns3:TrackPointExtension/>
        </extensions>
      </trkpt>
      <trkpt lat="44.27128111012279987335205078125" lon="-80.18708056770265102386474609375">
        <ele>477.600006103515625</ele>
        <time>2026-10-05T19:18:36.000Z</time>
        <extensions>
          <ns3:TrackPointExtension/>
        </extensions>
      </trkpt>
      <trkpt lat="44.2713053338229656219482421875" lon="-80.18703396432101726531982421875">
        <ele>478.399993896484375</ele>
        <time>2026-10-05T19:18:46.000Z</time>
        <extensions>
          <ns3:TrackPointExtension/>
        </extensions>
      </trkpt>
      <trkpt lat="44.2713184095919132232666015625" lon="-80.18702977336943149566650390625">
        <ele>478.399993896484375</ele>
        <time>2026-10-05T19:18:50.000Z</time>
        <extensions>
          <ns3:TrackPointExtension/>
        </extensions>
      </trkpt>
      <trkpt lat="44.27130483090877532958984375" lon="-80.18697579391300678253173828125">
        <ele>479</ele>
        <time>2026-10-05T19:19:04.000Z</time>
        <extensions>
          <ns3:TrackPointExtension/>
        </extensions>
      </trkpt>
      <trkpt lat="44.27130080759525299072265625" lon="-80.18692634068429470062255859375">
        <ele>479.399993896484375</ele>
        <time>2026-10-05T19:19:14.000Z</time>
        <extensions>
          <ns3:TrackPointExtension/>
        </extensions>
      </trkpt>
      <trkpt lat="44.271305501461029052734375" lon="-80.1869071461260318756103515625">
        <ele>479.600006103515625</ele>
        <time>2026-10-05T19:19:16.000Z</time>
        <extensions>
          <ns3:TrackPointExtension/>
        </extensions>
      </trkpt>
      <trkpt lat="44.2713656835258007049560546875" lon="-80.186792649328708648681640625">
        <ele>480.600006103515625</ele>
        <time>2026-10-05T19:19:31.000Z</time>
        <extensions>
          <ns3:TrackPointExtension/>
        </extensions>
      </trkpt>
      <trkpt lat="44.27136995829641819000244140625" lon="-80.1867877878248691558837890625">
        <ele>480.600006103515625</ele>
        <time>2026-10-05T19:19:32.000Z</time>
        <extensions>
          <ns3:TrackPointExtension/>
        </extensions>
      </trkpt>
      <trkpt lat="44.27144673652946949005126953125" lon="-80.186761803925037384033203125">
        <ele>481.600006103515625</ele>
        <time>2026-10-05T19:19:41.000Z</time>
        <extensions>
          <ns3:TrackPointExtension/>
        </extensions>
      </trkpt>
      <trkpt lat="44.2714588902890682220458984375" lon="-80.18672056496143341064453125">
        <ele>482.600006103515625</ele>
        <time>2026-10-05T19:19:45.000Z</time>
        <extensions>
          <ns3:TrackPointExtension/>
        </extensions>
      </trkpt>
      <trkpt lat="44.27151697687804698944091796875" lon="-80.18659207038581371307373046875">
        <ele>483.79998779296875</ele>
        <time>2026-10-05T19:19:59.000Z</time>
        <extensions>
          <ns3:TrackPointExtension/>
        </extensions>
      </trkpt>
      <trkpt lat="44.27152435295283794403076171875" lon="-80.18658620305359363555908203125">
        <ele>483.79998779296875</ele>
        <time>2026-10-05T19:20:00.000Z</time>
        <extensions>
          <ns3:TrackPointExtension/>
        </extensions>
      </trkpt>
      <trkpt lat="44.27158151753246784210205078125" lon="-80.186481513082981109619140625">
        <ele>484</ele>
        <time>2026-10-05T19:20:14.000Z</time>
        <extensions>
          <ns3:TrackPointExtension/>
        </extensions>
      </trkpt>
      <trkpt lat="44.27163650281727313995361328125" lon="-80.1864531822502613067626953125">
        <ele>483.399993896484375</ele>
        <time>2026-10-05T19:20:30.000Z</time>
        <extensions>
          <ns3:TrackPointExtension/>
        </extensions>
      </trkpt>
      <trkpt lat="44.27166969515383243560791015625" lon="-80.1864478178322315216064453125">
        <ele>482.79998779296875</ele>
        <time>2026-10-05T19:20:37.000Z</time>
        <extensions>
          <ns3:TrackPointExtension/>
        </extensions>
      </trkpt>
      <trkpt lat="44.27167740650475025177001953125" lon="-80.18646575510501861572265625">
        <ele>482.399993896484375</ele>
        <time>2026-10-05T19:20:45.000Z</time>
        <extensions>
          <ns3:TrackPointExtension/>
        </extensions>
      </trkpt>
      <trkpt lat="44.27170037291944026947021484375" lon="-80.1864511705935001373291015625">
        <ele>483</ele>
        <time>2026-10-05T19:21:00.000Z</time>
        <extensions>
          <ns3:TrackPointExtension/>
        </extensions>
      </trkpt>
      <trkpt lat="44.27173138596117496490478515625" lon="-80.18640934489667415618896484375">
        <ele>484</ele>
        <time>2026-10-05T19:21:12.000Z</time>
        <extensions>
          <ns3:TrackPointExtension/>
        </extensions>
      </trkpt>
      <trkpt lat="44.27175586111843585968017578125" lon="-80.1863951794803142547607421875">
        <ele>484.20001220703125</ele>
        <time>2026-10-05T19:21:17.000Z</time>
        <extensions>
          <ns3:TrackPointExtension/>
        </extensions>
      </trkpt>
      <trkpt lat="44.27179274149239063262939453125" lon="-80.18629300408065319061279296875">
        <ele>484.79998779296875</ele>
        <time>2026-10-05T19:21:32.000Z</time>
        <extensions>
          <ns3:TrackPointExtension/>
        </extensions>
      </trkpt>
      <trkpt lat="44.2719004489481449127197265625" lon="-80.18621639348566532135009765625">
        <ele>484.600006103515625</ele>
        <time>2026-10-05T19:21:50.000Z</time>
        <extensions>
          <ns3:TrackPointExtension/>
        </extensions>
      </trkpt>
      <trkpt lat="44.27194051444530487060546875" lon="-80.18612570129334926605224609375">
        <ele>485</ele>
        <time>2026-10-05T19:22:00.000Z</time>
        <extensions>
          <ns3:TrackPointExtension/>
        </extensions>
      </trkpt>
      <trkpt lat="44.27195702679455280303955078125" lon="-80.18610608763992786407470703125">
        <ele>485.20001220703125</ele>
        <time>2026-10-05T19:22:04.000Z</time>
        <extensions>
          <ns3:TrackPointExtension/>
        </extensions>
      </trkpt>
      <trkpt lat="44.27198351360857486724853515625" lon="-80.18607012927532196044921875">
        <ele>484.600006103515625</ele>
        <time>2026-10-05T19:22:22.000Z</time>
        <extensions>
          <ns3:TrackPointExtension/>
        </extensions>
      </trkpt>
      <trkpt lat="44.2720402590930461883544921875" lon="-80.18600952811539173126220703125">
        <ele>484.79998779296875</ele>
        <time>2026-10-05T19:22:37.000Z</time>
        <extensions>
          <ns3:TrackPointExtension/>
        </extensions>
      </trkpt>
      <trkpt lat="44.27205459214746952056884765625" lon="-80.1859653554856777191162109375">
        <ele>484.600006103515625</ele>
        <time>2026-10-05T19:22:50.000Z</time>
        <extensions>
          <ns3:TrackPointExtension/>
        </extensions>
      </trkpt>
      <trkpt lat="44.272094070911407470703125" lon="-80.18590073101222515106201171875">
        <ele>483.79998779296875</ele>
        <time>2026-10-05T19:22:59.000Z</time>
        <extensions>
          <ns3:TrackPointExtension/>
        </extensions>
      </trkpt>
      <trkpt lat="44.272122569382190704345703125" lon="-80.18586485646665096282958984375">
        <ele>483.79998779296875</ele>
        <time>2026-10-05T19:23:04.000Z</time>
        <extensions>
          <ns3:TrackPointExtension/>
        </extensions>
      </trkpt>
      <trkpt lat="44.2722112499177455902099609375" lon="-80.18583166413009166717529296875">
        <ele>483.399993896484375</ele>
        <time>2026-10-05T19:23:19.000Z</time>
        <extensions>
          <ns3:TrackPointExtension/>
        </extensions>
      </trkpt>
      <trkpt lat="44.27227872423827648162841796875" lon="-80.1858597435057163238525390625">
        <ele>483.79998779296875</ele>
        <time>2026-10-05T19:23:33.000Z</time>
        <extensions>
          <ns3:TrackPointExtension/>
        </extensions>
      </trkpt>
      <trkpt lat="44.27230789326131343841552734375" lon="-80.18582797609269618988037109375">
        <ele>484.79998779296875</ele>
        <time>2026-10-05T19:23:46.000Z</time>
        <extensions>
          <ns3:TrackPointExtension/>
        </extensions>
      </trkpt>
      <trkpt lat="44.2723205499351024627685546875" lon="-80.18577299080789089202880859375">
        <ele>484.79998779296875</ele>
        <time>2026-10-05T19:24:01.000Z</time>
        <extensions>
          <ns3:TrackPointExtension/>
        </extensions>
      </trkpt>
      <trkpt lat="44.27231426350772380828857421875" lon="-80.18566050566732883453369140625">
        <ele>483.79998779296875</ele>
        <time>2026-10-05T19:24:13.000Z</time>
        <extensions>
          <ns3:TrackPointExtension/>
        </extensions>
      </trkpt>
      <trkpt lat="44.2723192088305950164794921875" lon="-80.1856639422476291656494140625">
        <ele>483.79998779296875</ele>
        <time>2026-10-05T19:24:14.000Z</time>
        <extensions>
          <ns3:TrackPointExtension/>
        </extensions>
      </trkpt>
      <trkpt lat="44.27232004702091217041015625" lon="-80.18570668995380401611328125">
        <ele>483.399993896484375</ele>
        <time>2026-10-05T19:24:27.000Z</time>
        <extensions>
          <ns3:TrackPointExtension/>
        </extensions>
      </trkpt>
      <trkpt lat="44.27229397930204868316650390625" lon="-80.18576628528535366058349609375">
        <ele>483.20001220703125</ele>
        <time>2026-10-05T19:24:40.000Z</time>
        <extensions>
          <ns3:TrackPointExtension/>
        </extensions>
      </trkpt>
      <trkpt lat="44.272293560206890106201171875" lon="-80.18584088422358036041259765625">
        <ele>484.600006103515625</ele>
        <time>2026-10-05T19:24:54.000Z</time>
        <extensions>
          <ns3:TrackPointExtension/>
        </extensions>
      </trkpt>
      <trkpt lat="44.272296912968158721923828125" lon="-80.18585412763059139251708984375">
        <ele>484.79998779296875</ele>
        <time>2026-10-05T19:24:57.000Z</time>
        <extensions>
          <ns3:TrackPointExtension/>
        </extensions>
      </trkpt>
      <trkpt lat="44.27228962071239948272705078125" lon="-80.1858527027070522308349609375">
        <ele>485.20001220703125</ele>
        <time>2026-10-05T19:25:08.000Z</time>
        <extensions>
          <ns3:TrackPointExtension/>
        </extensions>
      </trkpt>
      <trkpt lat="44.27233354188501834869384765625" lon="-80.18583065830171108245849609375">
        <ele>483.79998779296875</ele>
        <time>2026-10-05T19:25:22.000Z</time>
        <extensions>
          <ns3:TrackPointExtension/>
        </extensions>
      </trkpt>
      <trkpt lat="44.272337816655635833740234375" lon="-80.1858255453407764434814453125">
        <ele>483.79998779296875</ele>
        <time>2026-10-05T19:25:23.000Z</time>
        <extensions>
          <ns3:TrackPointExtension/>
        </extensions>
      </trkpt>
      <trkpt lat="44.27238442003726959228515625" lon="-80.18575756810605525970458984375">
        <ele>484.20001220703125</ele>
        <time>2026-10-05T19:25:36.000Z</time>
        <extensions>
          <ns3:TrackPointExtension/>
        </extensions>
      </trkpt>
      <trkpt lat="44.272430352866649627685546875" lon="-80.1857558079063892364501953125">
        <ele>484</ele>
        <time>2026-10-05T19:25:48.000Z</time>
        <extensions>
          <ns3:TrackPointExtension/>
        </extensions>
      </trkpt>
      <trkpt lat="44.272429011762142181396484375" lon="-80.1857571490108966827392578125">
        <ele>484</ele>
        <time>2026-10-05T19:25:58.000Z</time>
        <extensions>
          <ns3:TrackPointExtension/>
        </extensions>
      </trkpt>
      <trkpt lat="44.27241266705095767974853515625" lon="-80.18574113957583904266357421875">
        <ele>484.20001220703125</ele>
        <time>2026-10-05T19:26:14.000Z</time>
        <extensions>
          <ns3:TrackPointExtension/>
        </extensions>
      </trkpt>
      <trkpt lat="44.2724539898335933685302734375" lon="-80.18573728390038013458251953125">
        <ele>484</ele>
        <time>2026-10-05T19:26:32.000Z</time>
        <extensions>
          <ns3:TrackPointExtension/>
        </extensions>
      </trkpt>
      <trkpt lat="44.272447116672992706298828125" lon="-80.185727812349796295166015625">
        <ele>484</ele>
        <time>2026-10-05T19:26:47.000Z</time>
        <extensions>
          <ns3:TrackPointExtension/>
        </extensions>
      </trkpt>
      <trkpt lat="44.2724539898335933685302734375" lon="-80.1857776008546352386474609375">
        <ele>484</ele>
        <time>2026-10-05T19:27:06.000Z</time>
        <extensions>
          <ns3:TrackPointExtension/>
        </extensions>
      </trkpt>
      <trkpt lat="44.2724261619150638580322265625" lon="-80.18575723282992839813232421875">
        <ele>480.79998779296875</ele>
        <time>2026-10-05T19:27:26.000Z</time>
        <extensions>
          <ns3:TrackPointExtension/>
        </extensions>
      </trkpt>
      <trkpt lat="44.27242088131606578826904296875" lon="-80.18574784509837627410888671875">
        <ele>480.399993896484375</ele>
        <time>2026-10-05T19:27:44.000Z</time>
        <extensions>
          <ns3:TrackPointExtension/>
        </extensions>
      </trkpt>
      <trkpt lat="44.2723985016345977783203125" lon="-80.18568682484328746795654296875">
        <ele>479.79998779296875</ele>
        <time>2026-10-05T19:28:00.000Z</time>
        <extensions>
          <ns3:TrackPointExtension/>
        </extensions>
      </trkpt>
      <trkpt lat="44.27241333760321140289306640625" lon="-80.1856847293674945831298828125">
        <ele>479.399993896484375</ele>
        <time>2026-10-05T19:28:15.000Z</time>
        <extensions>
          <ns3:TrackPointExtension/>
        </extensions>
      </trkpt>
      <trkpt lat="44.2724053747951984405517578125" lon="-80.1857004873454570770263671875">
        <ele>479</ele>
        <time>2026-10-05T19:28:30.000Z</time>
        <extensions>
          <ns3:TrackPointExtension/>
        </extensions>
      </trkpt>
      <trkpt lat="44.27240646444261074066162109375" lon="-80.18570157699286937713623046875">
        <ele>478.600006103515625</ele>
        <time>2026-10-05T19:28:35.000Z</time>
        <extensions>
          <ns3:TrackPointExtension/>
        </extensions>
      </trkpt>
      <trkpt lat="44.2723958194255828857421875" lon="-80.185695625841617584228515625">
        <ele>478.399993896484375</ele>
        <time>2026-10-05T19:28:49.000Z</time>
        <extensions>
          <ns3:TrackPointExtension/>
        </extensions>
      </trkpt>
      <trkpt lat="44.272394813597202301025390625" lon="-80.18571800552308559417724609375">
        <ele>478.20001220703125</ele>
        <time>2026-10-05T19:29:06.000Z</time>
        <extensions>
          <ns3:TrackPointExtension/>
        </extensions>
      </trkpt>
      <trkpt lat="44.27237360738217830657958984375" lon="-80.18570828251540660858154296875">
        <ele>477.600006103515625</ele>
        <time>2026-10-05T19:29:26.000Z</time>
        <extensions>
          <ns3:TrackPointExtension/>
        </extensions>
      </trkpt>
      <trkpt lat="44.2723715119063854217529296875" lon="-80.18570744432508945465087890625">
        <ele>477.600006103515625</ele>
        <time>2026-10-05T19:29:28.000Z</time>
        <extensions>
          <ns3:TrackPointExtension/>
        </extensions>
      </trkpt>
      <trkpt lat="44.2723473720252513885498046875" lon="-80.18570945598185062408447265625">
        <ele>477</ele>
        <time>2026-10-05T19:29:47.000Z</time>
        <extensions>
          <ns3:TrackPointExtension/>
        </extensions>
      </trkpt>
      <trkpt lat="44.27234284579753875732421875" lon="-80.18568514846265316009521484375">
        <ele>476.600006103515625</ele>
        <time>2026-10-05T19:30:03.000Z</time>
        <extensions>
          <ns3:TrackPointExtension/>
        </extensions>
      </trkpt>
      <trkpt lat="44.2723394930362701416015625" lon="-80.1856698095798492431640625">
        <ele>476.399993896484375</ele>
        <time>2026-10-05T19:30:08.000Z</time>
        <extensions>
          <ns3:TrackPointExtension/>
        </extensions>
      </trkpt>
      <trkpt lat="44.2723537422716617584228515625" lon="-80.1856408081948757171630859375">
        <ele>476.399993896484375</ele>
        <time>2026-10-05T19:30:22.000Z</time>
        <extensions>
          <ns3:TrackPointExtension/>
        </extensions>
      </trkpt>
      <trkpt lat="44.27238869480788707733154296875" lon="-80.18567760474979877471923828125">
        <ele>476.79998779296875</ele>
        <time>2026-10-05T19:30:39.000Z</time>
        <extensions>
          <ns3:TrackPointExtension/>
        </extensions>
      </trkpt>
      <trkpt lat="44.27238953299820423126220703125" lon="-80.18570057116448879241943359375">
        <ele>476</ele>
        <time>2026-10-05T19:30:56.000Z</time>
        <extensions>
          <ns3:TrackPointExtension/>
        </extensions>
      </trkpt>
      <trkpt lat="44.27238685078918933868408203125" lon="-80.1857239566743373870849609375">
        <ele>475.79998779296875</ele>
        <time>2026-10-05T19:31:10.000Z</time>
        <extensions>
          <ns3:TrackPointExtension/>
        </extensions>
      </trkpt>
      <trkpt lat="44.27237930707633495330810546875" lon="-80.18572303466498851776123046875">
        <ele>475.600006103515625</ele>
        <time>2026-10-05T19:31:19.000Z</time>
        <extensions>
          <ns3:TrackPointExtension/>
        </extensions>
      </trkpt>
      <trkpt lat="44.27239221520721912384033203125" lon="-80.18571599386632442474365234375">
        <ele>475.20001220703125</ele>
        <time>2026-10-05T19:31:28.000Z</time>
        <extensions>
          <ns3:TrackPointExtension/>
        </extensions>
      </trkpt>
      <trkpt lat="44.272458851337432861328125" lon="-80.1857279799878597259521484375">
        <ele>474.79998779296875</ele>
        <time>2026-10-05T19:31:50.000Z</time>
        <extensions>
          <ns3:TrackPointExtension/>
        </extensions>
      </trkpt>
      <trkpt lat="44.27247561514377593994140625" lon="-80.18573728390038013458251953125">
        <ele>474.79998779296875</ele>
        <time>2026-10-05T19:32:08.000Z</time>
        <extensions>
          <ns3:TrackPointExtension/>
        </extensions>
      </trkpt>
      <trkpt lat="44.272460527718067169189453125" lon="-80.18573191948235034942626953125">
        <ele>474.600006103515625</ele>
        <time>2026-10-05T19:32:15.000Z</time>
        <extensions>
          <ns3:TrackPointExtension/>
        </extensions>
      </trkpt>
      <trkpt lat="44.27244535647332668304443359375" lon="-80.185736529529094696044921875">
        <ele>474.600006103515625</ele>
        <time>2026-10-05T19:32:26.000Z</time>
        <extensions>
          <ns3:TrackPointExtension/>
        </extensions>
      </trkpt>
      <trkpt lat="44.2723949812352657318115234375" lon="-80.185730494558811187744140625">
        <ele>474.399993896484375</ele>
        <time>2026-10-05T19:32:43.000Z</time>
        <extensions>
          <ns3:TrackPointExtension/>
        </extensions>
      </trkpt>
      <trkpt lat="44.27239238284528255462646484375" lon="-80.18567944876849651336669921875">
        <ele>474.399993896484375</ele>
        <time>2026-10-05T19:32:59.000Z</time>
        <extensions>
          <ns3:TrackPointExtension/>
        </extensions>
      </trkpt>
      <trkpt lat="44.27240394987165927886962890625" lon="-80.185694284737110137939453125">
        <ele>474.399993896484375</ele>
        <time>2026-10-05T19:33:13.000Z</time>
        <extensions>
          <ns3:TrackPointExtension/>
        </extensions>
      </trkpt>
      <trkpt lat="44.27240193821489810943603515625" lon="-80.1857038401067256927490234375">
        <ele>474.399993896484375</ele>
        <time>2026-10-05T19:33:28.000Z</time>
        <extensions>
          <ns3:TrackPointExtension/>
        </extensions>
      </trkpt>
      <trkpt lat="44.272394143044948577880859375" lon="-80.185698308050632476806640625">
        <ele>478.79998779296875</ele>
        <time>2026-10-05T19:33:32.000Z</time>
        <extensions>
          <ns3:TrackPointExtension/>
        </extensions>
      </trkpt>
      <trkpt lat="44.2723470367491245269775390625" lon="-80.18561675213277339935302734375">
        <ele>478.79998779296875</ele>
        <time>2026-10-05T19:33:46.000Z</time>
        <extensions>
          <ns3:TrackPointExtension/>
        </extensions>
      </trkpt>
      <trkpt lat="44.27236564457416534423828125" lon="-80.18560476601123809814453125">
        <ele>478.20001220703125</ele>
        <time>2026-10-05T19:34:02.000Z</time>
        <extensions>
          <ns3:TrackPointExtension/>
        </extensions>
      </trkpt>
      <trkpt lat="44.27239607088267803192138671875" lon="-80.185607783496379852294921875">
        <ele>477.79998779296875</ele>
        <time>2026-10-05T19:34:07.000Z</time>
        <extensions>
          <ns3:TrackPointExtension/>
        </extensions>
      </trkpt>
      <trkpt lat="44.2724422551691532135009765625" lon="-80.1855786144733428955078125">
        <ele>477.399993896484375</ele>
        <time>2026-10-05T19:34:13.000Z</time>
        <extensions>
          <ns3:TrackPointExtension/>
        </extensions>
      </trkpt>
      <trkpt lat="44.27258986048400402069091796875" lon="-80.18548901192843914031982421875">
        <ele>477.79998779296875</ele>
        <time>2026-10-05T19:34:29.000Z</time>
        <extensions>
          <ns3:TrackPointExtension/>
        </extensions>
      </trkpt>
      <trkpt lat="44.27262439392507076263427734375" lon="-80.18544592894613742828369140625">
        <ele>479</ele>
        <time>2026-10-05T19:34:33.000Z</time>
        <extensions>
          <ns3:TrackPointExtension/>
        </extensions>
      </trkpt>
      <trkpt lat="44.27267183549702167510986328125" lon="-80.18541726283729076385498046875">
        <ele>479</ele>
        <time>2026-10-05T19:34:37.000Z</time>
        <extensions>
          <ns3:TrackPointExtension/>
        </extensions>
      </trkpt>
      <trkpt lat="44.27274408750236034393310546875" lon="-80.1853923685848712921142578125">
        <ele>479</ele>
        <time>2026-10-05T19:34:44.000Z</time>
        <extensions>
          <ns3:TrackPointExtension/>
        </extensions>
      </trkpt>
      <trkpt lat="44.27286998368799686431884765625" lon="-80.18531198613345623016357421875">
        <ele>479</ele>
        <time>2026-10-05T19:34:58.000Z</time>
        <extensions>
          <ns3:TrackPointExtension/>
        </extensions>
      </trkpt>
      <trkpt lat="44.27297308109700679779052734375" lon="-80.1852676458656787872314453125">
        <ele>479</ele>
        <time>2026-10-05T19:35:12.000Z</time>
        <extensions>
          <ns3:TrackPointExtension/>
        </extensions>
      </trkpt>
      <trkpt lat="44.273006021976470947265625" lon="-80.1851985789835453033447265625">
        <ele>479</ele>
        <time>2026-10-05T19:35:25.000Z</time>
        <extensions>
          <ns3:TrackPointExtension/>
        </extensions>
      </trkpt>
      <trkpt lat="44.27302907221019268035888671875" lon="-80.18522347323596477508544921875">
        <ele>480.20001220703125</ele>
        <time>2026-10-05T19:35:33.000Z</time>
        <extensions>
          <ns3:TrackPointExtension/>
        </extensions>
      </trkpt>
      <trkpt lat="44.27303887903690338134765625" lon="-80.1852285861968994140625">
        <ele>481.20001220703125</ele>
        <time>2026-10-05T19:35:35.000Z</time>
        <extensions>
          <ns3:TrackPointExtension/>
        </extensions>
      </trkpt>
      <trkpt lat="44.2730705626308917999267578125" lon="-80.18523822538554668426513671875">
        <ele>481.600006103515625</ele>
        <time>2026-10-05T19:35:40.000Z</time>
        <extensions>
          <ns3:TrackPointExtension/>
        </extensions>
      </trkpt>
      <trkpt lat="44.27321984432637691497802734375" lon="-80.18522028811275959014892578125">
        <ele>480.600006103515625</ele>
        <time>2026-10-05T19:35:57.000Z</time>
        <extensions>
          <ns3:TrackPointExtension/>
        </extensions>
      </trkpt>
      <trkpt lat="44.27336837165057659149169921875" lon="-80.18519195728003978729248046875">
        <ele>481.600006103515625</ele>
        <time>2026-10-05T19:36:13.000Z</time>
        <extensions>
          <ns3:TrackPointExtension/>
        </extensions>
      </trkpt>
      <trkpt lat="44.27349225617945194244384765625" lon="-80.18505491316318511962890625">
        <ele>482</ele>
        <time>2026-10-05T19:36:30.000Z</time>
        <extensions>
          <ns3:TrackPointExtension/>
        </extensions>
      </trkpt>
      <trkpt lat="44.273630641400814056396484375" lon="-80.18499045632779598236083984375">
        <ele>481.79998779296875</ele>
        <time>2026-10-05T19:36:43.000Z</time>
        <extensions>
          <ns3:TrackPointExtension/>
        </extensions>
      </trkpt>
      <trkpt lat="44.2738017998635768890380859375" lon="-80.1848837547004222869873046875">
        <ele>482.20001220703125</ele>
        <time>2026-10-05T19:36:59.000Z</time>
        <extensions>
          <ns3:TrackPointExtension/>
        </extensions>
      </trkpt>
      <trkpt lat="44.27380867302417755126953125" lon="-80.18488333560526371002197265625">
        <ele>482.20001220703125</ele>
        <time>2026-10-05T19:37:00.000Z</time>
        <extensions>
          <ns3:TrackPointExtension/>
        </extensions>
      </trkpt>
      <trkpt lat="44.273825772106647491455078125" lon="-80.18487914465367794036865234375">
        <ele>482.20001220703125</ele>
        <time>2026-10-05T19:37:03.000Z</time>
        <extensions>
          <ns3:TrackPointExtension/>
        </extensions>
      </trkpt>
      <trkpt lat="44.27390933968126773834228515625" lon="-80.1848458684980869293212890625">
        <ele>482</ele>
        <time>2026-10-05T19:37:12.000Z</time>
        <extensions>
          <ns3:TrackPointExtension/>
        </extensions>
      </trkpt>
      <trkpt lat="44.2739751376211643218994140625" lon="-80.1847265101969242095947265625">
        <ele>481.399993896484375</ele>
        <time>2026-10-05T19:37:21.000Z</time>
        <extensions>
          <ns3:TrackPointExtension/>
        </extensions>
      </trkpt>
      <trkpt lat="44.2740167118608951568603515625" lon="-80.18469273112714290618896484375">
        <ele>481.20001220703125</ele>
        <time>2026-10-05T19:37:25.000Z</time>
        <extensions>
          <ns3:TrackPointExtension/>
        </extensions>
      </trkpt>
      <trkpt lat="44.2740559391677379608154296875" lon="-80.18466255627572536468505859375">
        <ele>481.20001220703125</ele>
        <time>2026-10-05T19:37:28.000Z</time>
        <extensions>
          <ns3:TrackPointExtension/>
        </extensions>
      </trkpt>
      <trkpt lat="44.27409835159778594970703125" lon="-80.18462651409208774566650390625">
        <ele>481.20001220703125</ele>
        <time>2026-10-05T19:37:35.000Z</time>
        <extensions>
          <ns3:TrackPointExtension/>
        </extensions>
      </trkpt>
      <trkpt lat="44.27414185367524623870849609375" lon="-80.18458259291946887969970703125">
        <ele>481</ele>
        <time>2026-10-05T19:37:43.000Z</time>
        <extensions>
          <ns3:TrackPointExtension/>
        </extensions>
      </trkpt>
      <trkpt lat="44.2741846852004528045654296875" lon="-80.1845565252006053924560546875">
        <ele>481</ele>
        <time>2026-10-05T19:37:51.000Z</time>
        <extensions>
          <ns3:TrackPointExtension/>
        </extensions>
      </trkpt>
      <trkpt lat="44.2742051370441913604736328125" lon="-80.1844619773328304290771484375">
        <ele>481.399993896484375</ele>
        <time>2026-10-05T19:37:59.000Z</time>
        <extensions>
          <ns3:TrackPointExtension/>
        </extensions>
      </trkpt>
      <trkpt lat="44.2742762155830860137939453125" lon="-80.18444160930812358856201171875">
        <ele>480.79998779296875</ele>
        <time>2026-10-05T19:38:06.000Z</time>
        <extensions>
          <ns3:TrackPointExtension/>
        </extensions>
      </trkpt>
      <trkpt lat="44.27428350783884525299072265625" lon="-80.18442451022565364837646484375">
        <ele>480.600006103515625</ele>
        <time>2026-10-05T19:38:08.000Z</time>
        <extensions>
          <ns3:TrackPointExtension/>
        </extensions>
      </trkpt>
      <trkpt lat="44.27429809235036373138427734375" lon="-80.1843969337642192840576171875">
        <ele>480.20001220703125</ele>
        <time>2026-10-05T19:38:10.000Z</time>
        <extensions>
          <ns3:TrackPointExtension/>
        </extensions>
      </trkpt>
      <trkpt lat="44.27433572709560394287109375" lon="-80.18436692655086517333984375">
        <ele>479.399993896484375</ele>
        <time>2026-10-05T19:38:16.000Z</time>
        <extensions>
          <ns3:TrackPointExtension/>
        </extensions>
      </trkpt>
      <trkpt lat="44.2743731103837490081787109375" lon="-80.18435678444802761077880859375">
        <ele>479.20001220703125</ele>
        <time>2026-10-05T19:38:20.000Z</time>
        <extensions>
          <ns3:TrackPointExtension/>
        </extensions>
      </trkpt>
      <trkpt lat="44.27437872625887393951416015625" lon="-80.18431873060762882232666015625">
        <ele>478.79998779296875</ele>
        <time>2026-10-05T19:38:24.000Z</time>
        <extensions>
          <ns3:TrackPointExtension/>
        </extensions>
      </trkpt>
      <trkpt lat="44.2744498886168003082275390625" lon="-80.18427011556923389434814453125">
        <ele>478.600006103515625</ele>
        <time>2026-10-05T19:38:32.000Z</time>
        <extensions>
          <ns3:TrackPointExtension/>
        </extensions>
      </trkpt>
      <trkpt lat="44.27451719529926776885986328125" lon="-80.18423843197524547576904296875">
        <ele>478</ele>
        <time>2026-10-05T19:38:38.000Z</time>
        <extensions>
          <ns3:TrackPointExtension/>
        </extensions>
      </trkpt>
      <trkpt lat="44.27452859468758106231689453125" lon="-80.1841704547405242919921875">
        <ele>477</ele>
        <time>2026-10-05T19:38:45.000Z</time>
        <extensions>
          <ns3:TrackPointExtension/>
        </extensions>
      </trkpt>
      <trkpt lat="44.27453228272497653961181640625" lon="-80.1841538585722446441650390625">
        <ele>476.600006103515625</ele>
        <time>2026-10-05T19:38:47.000Z</time>
        <extensions>
          <ns3:TrackPointExtension/>
        </extensions>
      </trkpt>
      <trkpt lat="44.27452482283115386962890625" lon="-80.1841060817241668701171875">
        <ele>475.79998779296875</ele>
        <time>2026-10-05T19:38:50.000Z</time>
        <extensions>
          <ns3:TrackPointExtension/>
        </extensions>
      </trkpt>
      <trkpt lat="44.27455357275903224945068359375" lon="-80.184043385088443756103515625">
        <ele>475.399993896484375</ele>
        <time>2026-10-05T19:38:55.000Z</time>
        <extensions>
          <ns3:TrackPointExtension/>
        </extensions>
      </trkpt>
      <trkpt lat="44.274586178362369537353515625" lon="-80.183948166668415069580078125">
        <ele>475</ele>
        <time>2026-10-05T19:39:04.000Z</time>
        <extensions>
          <ns3:TrackPointExtension/>
        </extensions>
      </trkpt>
      <trkpt lat="44.27461199462413787841796875" lon="-80.1839439757168292999267578125">
        <ele>474.79998779296875</ele>
        <time>2026-10-05T19:39:07.000Z</time>
        <extensions>
          <ns3:TrackPointExtension/>
        </extensions>
      </trkpt>
      <trkpt lat="44.2746825702488422393798828125" lon="-80.18394104205071926116943359375">
        <ele>474.600006103515625</ele>
        <time>2026-10-05T19:39:12.000Z</time>
        <extensions>
          <ns3:TrackPointExtension/>
        </extensions>
      </trkpt>
      <trkpt lat="44.27479748614132404327392578125" lon="-80.18391321413218975067138671875">
        <ele>474.600006103515625</ele>
        <time>2026-10-05T19:39:20.000Z</time>
        <extensions>
          <ns3:TrackPointExtension/>
        </extensions>
      </trkpt>
      <trkpt lat="44.27486236207187175750732421875" lon="-80.18382738344371318817138671875">
        <ele>474.79998779296875</ele>
        <time>2026-10-05T19:39:27.000Z</time>
        <extensions>
          <ns3:TrackPointExtension/>
        </extensions>
      </trkpt>
      <trkpt lat="44.274893961846828460693359375" lon="-80.1838123798370361328125">
        <ele>474.79998779296875</ele>
        <time>2026-10-05T19:39:29.000Z</time>
        <extensions>
          <ns3:TrackPointExtension/>
        </extensions>
      </trkpt>
      <trkpt lat="44.274918101727962493896484375" lon="-80.18376351334154605865478515625">
        <ele>475</ele>
        <time>2026-10-05T19:39:32.000Z</time>
        <extensions>
          <ns3:TrackPointExtension/>
        </extensions>
      </trkpt>
      <trkpt lat="44.27491868846118450164794921875" lon="-80.1837377808988094329833984375">
        <ele>475</ele>
        <time>2026-10-05T19:39:33.000Z</time>
        <extensions>
          <ns3:TrackPointExtension/>
        </extensions>
      </trkpt>
      <trkpt lat="44.2750181816518306732177734375" lon="-80.1837210170924663543701171875">
        <ele>474.79998779296875</ele>
        <time>2026-10-05T19:39:42.000Z</time>
        <extensions>
          <ns3:TrackPointExtension/>
        </extensions>
      </trkpt>
      <trkpt lat="44.27504072897136211395263671875" lon="-80.183716826140880584716796875">
        <ele>474.600006103515625</ele>
        <time>2026-10-05T19:39:45.000Z</time>
        <extensions>
          <ns3:TrackPointExtension/>
        </extensions>
      </trkpt>
      <trkpt lat="44.27506134845316410064697265625" lon="-80.183698050677776336669921875">
        <ele>474</ele>
        <time>2026-10-05T19:39:50.000Z</time>
        <extensions>
          <ns3:TrackPointExtension/>
        </extensions>
      </trkpt>
      <trkpt lat="44.2750728316605091094970703125" lon="-80.1836948655545711517333984375">
        <ele>473.79998779296875</ele>
        <time>2026-10-05T19:39:52.000Z</time>
        <extensions>
          <ns3:TrackPointExtension/>
        </extensions>
      </trkpt>
      <trkpt lat="44.275090433657169342041015625" lon="-80.18365253694355487823486328125">
        <ele>473</ele>
        <time>2026-10-05T19:39:58.000Z</time>
        <extensions>
          <ns3:TrackPointExtension/>
        </extensions>
      </trkpt>
      <trkpt lat="44.2751194350421428680419921875" lon="-80.1836542971432209014892578125">
        <ele>473</ele>
        <time>2026-10-05T19:40:00.000Z</time>
        <extensions>
          <ns3:TrackPointExtension/>
        </extensions>
      </trkpt>
      <trkpt lat="44.27518204785883426666259765625" lon="-80.1836257986724376678466796875">
        <ele>473</ele>
        <time>2026-10-05T19:40:06.000Z</time>
        <extensions>
          <ns3:TrackPointExtension/>
        </extensions>
      </trkpt>
      <trkpt lat="44.27518825046718120574951171875" lon="-80.1836130581796169281005859375">
        <ele>475.600006103515625</ele>
        <time>2026-10-05T19:40:07.000Z</time>
        <extensions>
          <ns3:TrackPointExtension/>
        </extensions>
      </trkpt>
      <trkpt lat="44.27519126795232295989990234375" lon="-80.18360693939030170440673828125">
        <ele>477</ele>
        <time>2026-10-05T19:40:08.000Z</time>
        <extensions>
          <ns3:TrackPointExtension/>
        </extensions>
      </trkpt>
      <trkpt lat="44.27521012723445892333984375" lon="-80.18359721638262271881103515625">
        <ele>478.20001220703125</ele>
        <time>2026-10-05T19:40:11.000Z</time>
        <extensions>
          <ns3:TrackPointExtension/>
        </extensions>
      </trkpt>
      <trkpt lat="44.2752602510154247283935546875" lon="-80.18359042704105377197265625">
        <ele>478.20001220703125</ele>
        <time>2026-10-05T19:40:14.000Z</time>
        <extensions>
          <ns3:TrackPointExtension/>
        </extensions>
      </trkpt>
      <trkpt lat="44.2753028310835361480712890625" lon="-80.18352479673922061920166015625">
        <ele>477.600006103515625</ele>
        <time>2026-10-05T19:40:21.000Z</time>
        <extensions>
          <ns3:TrackPointExtension/>
        </extensions>
      </trkpt>
      <trkpt lat="44.27533661015331745147705078125" lon="-80.18340107984840869903564453125">
        <ele>477.399993896484375</ele>
        <time>2026-10-05T19:40:31.000Z</time>
        <extensions>
          <ns3:TrackPointExtension/>
        </extensions>
      </trkpt>
      <trkpt lat="44.27536611445248126983642578125" lon="-80.18331818282604217529296875">
        <ele>477.600006103515625</ele>
        <time>2026-10-05T19:40:39.000Z</time>
        <extensions>
          <ns3:TrackPointExtension/>
        </extensions>
      </trkpt>
      <trkpt lat="44.27540995180606842041015625" lon="-80.1832911930978298187255859375">
        <ele>477.600006103515625</ele>
        <time>2026-10-05T19:40:46.000Z</time>
        <extensions>
          <ns3:TrackPointExtension/>
        </extensions>
      </trkpt>
      <trkpt lat="44.27544876001775264739990234375" lon="-80.18329278565943241119384765625">
        <ele>477.600006103515625</ele>
        <time>2026-10-05T19:40:53.000Z</time>
        <extensions>
          <ns3:TrackPointExtension/>
        </extensions>
      </trkpt>
      <trkpt lat="44.275417327880859375" lon="-80.18323930911719799041748046875">
        <ele>477.600006103515625</ele>
        <time>2026-10-05T19:41:03.000Z</time>
        <extensions>
          <ns3:TrackPointExtension/>
        </extensions>
      </trkpt>
      <trkpt lat="44.275313057005405426025390625" lon="-80.1831641234457492828369140625">
        <ele>477.20001220703125</ele>
        <time>2026-10-05T19:41:13.000Z</time>
        <extensions>
          <ns3:TrackPointExtension/>
        </extensions>
      </trkpt>
      <trkpt lat="44.275315739214420318603515625" lon="-80.1831704936921596527099609375">
        <ele>477</ele>
        <time>2026-10-05T19:41:17.000Z</time>
        <extensions>
          <ns3:TrackPointExtension/>
        </extensions>
      </trkpt>
      <trkpt lat="44.27542445249855518341064453125" lon="-80.183265209197998046875">
        <ele>477</ele>
        <time>2026-10-05T19:41:21.000Z</time>
        <extensions>
          <ns3:TrackPointExtension/>
        </extensions>
      </trkpt>
      <trkpt lat="44.27544213831424713134765625" lon="-80.18322573043406009674072265625">
        <ele>477.20001220703125</ele>
        <time>2026-10-05T19:41:30.000Z</time>
        <extensions>
          <ns3:TrackPointExtension/>
        </extensions>
      </trkpt>
      <trkpt lat="44.27549821324646472930908203125" lon="-80.1831512153148651123046875">
        <ele>477.79998779296875</ele>
        <time>2026-10-05T19:41:38.000Z</time>
        <extensions>
          <ns3:TrackPointExtension/>
        </extensions>
      </trkpt>
      <trkpt lat="44.27552855573594570159912109375" lon="-80.18308407627046108245849609375">
        <ele>477.600006103515625</ele>
        <time>2026-10-05T19:41:46.000Z</time>
        <extensions>
          <ns3:TrackPointExtension/>
        </extensions>
      </trkpt>
      <trkpt lat="44.2755730636417865753173828125" lon="-80.18298433162271976470947265625">
        <ele>476.79998779296875</ele>
        <time>2026-10-05T19:41:55.000Z</time>
        <extensions>
          <ns3:TrackPointExtension/>
        </extensions>
      </trkpt>
      <trkpt lat="44.2756253667175769805908203125" lon="-80.18293018452823162078857421875">
        <ele>476.600006103515625</ele>
        <time>2026-10-05T19:42:04.000Z</time>
        <extensions>
          <ns3:TrackPointExtension/>
        </extensions>
      </trkpt>
      <trkpt lat="44.2756949365139007568359375" lon="-80.182907469570636749267578125">
        <ele>476.399993896484375</ele>
        <time>2026-10-05T19:42:10.000Z</time>
        <extensions>
          <ns3:TrackPointExtension/>
        </extensions>
      </trkpt>
      <trkpt lat="44.27570072002708911895751953125" lon="-80.182892046868801116943359375">
        <ele>476.399993896484375</ele>
        <time>2026-10-05T19:42:11.000Z</time>
        <extensions>
          <ns3:TrackPointExtension/>
        </extensions>
      </trkpt>
      <trkpt lat="44.27570943720638751983642578125" lon="-80.18285776488482952117919921875">
        <ele>476</ele>
        <time>2026-10-05T19:42:14.000Z</time>
        <extensions>
          <ns3:TrackPointExtension/>
        </extensions>
      </trkpt>
      <trkpt lat="44.2757162265479564666748046875" lon="-80.1828640513122081756591796875">
        <ele>475.79998779296875</ele>
        <time>2026-10-05T19:42:17.000Z</time>
        <extensions>
          <ns3:TrackPointExtension/>
        </extensions>
      </trkpt>
      <trkpt lat="44.2757018096745014190673828125" lon="-80.1828962378203868865966796875">
        <ele>475.600006103515625</ele>
        <time>2026-10-05T19:42:26.000Z</time>
        <extensions>
          <ns3:TrackPointExtension/>
        </extensions>
      </trkpt>
      <trkpt lat="44.27572100423276424407958984375" lon="-80.18292523920536041259765625">
        <ele>475.600006103515625</ele>
        <time>2026-10-05T19:42:33.000Z</time>
        <extensions>
          <ns3:TrackPointExtension/>
        </extensions>
      </trkpt>
      <trkpt lat="44.2757413722574710845947265625" lon="-80.18291425891220569610595703125">
        <ele>475.79998779296875</ele>
        <time>2026-10-05T19:42:41.000Z</time>
        <extensions>
          <ns3:TrackPointExtension/>
        </extensions>
      </trkpt>
      <trkpt lat="44.27575268782675266265869140625" lon="-80.18291291780769824981689453125">
        <ele>475.600006103515625</ele>
        <time>2026-10-05T19:42:50.000Z</time>
        <extensions>
          <ns3:TrackPointExtension/>
        </extensions>
      </trkpt>
      <trkpt lat="44.27577749826014041900634765625" lon="-80.1828928850591182708740234375">
        <ele>475.600006103515625</ele>
        <time>2026-10-05T19:43:00.000Z</time>
        <extensions>
          <ns3:TrackPointExtension/>
        </extensions>
      </trkpt>
      <trkpt lat="44.27578990347683429718017578125" lon="-80.18288559280335903167724609375">
        <ele>475.79998779296875</ele>
        <time>2026-10-05T19:43:10.000Z</time>
        <extensions>
          <ns3:TrackPointExtension/>
        </extensions>
      </trkpt>
      <trkpt lat="44.27578470669686794281005859375" lon="-80.182849466800689697265625">
        <ele>475.600006103515625</ele>
        <time>2026-10-05T19:43:19.000Z</time>
        <extensions>
          <ns3:TrackPointExtension/>
        </extensions>
      </trkpt>
      <trkpt lat="44.275752604007720947265625" lon="-80.1828080601990222930908203125">
        <ele>475.600006103515625</ele>
        <time>2026-10-05T19:43:29.000Z</time>
        <extensions>
          <ns3:TrackPointExtension/>
        </extensions>
      </trkpt>
      <trkpt lat="44.2757852934300899505615234375" lon="-80.18277478404343128204345703125">
        <ele>475.600006103515625</ele>
        <time>2026-10-05T19:43:35.000Z</time>
        <extensions>
          <ns3:TrackPointExtension/>
        </extensions>
      </trkpt>
      <trkpt lat="44.27582728676497936248779296875" lon="-80.1827757060527801513671875">
        <ele>475.399993896484375</ele>
        <time>2026-10-05T19:43:43.000Z</time>
        <extensions>
          <ns3:TrackPointExtension/>
        </extensions>
      </trkpt>
      <trkpt lat="44.2758530192077159881591796875" lon="-80.18273756839334964752197265625">
        <ele>475.399993896484375</ele>
        <time>2026-10-05T19:43:49.000Z</time>
        <extensions>
          <ns3:TrackPointExtension/>
        </extensions>
      </trkpt>
      <trkpt lat="44.27584807388484477996826171875" lon="-80.1826575212180614471435546875">
        <ele>476.79998779296875</ele>
        <time>2026-10-05T19:43:57.000Z</time>
        <extensions>
          <ns3:TrackPointExtension/>
        </extensions>
      </trkpt>
      <trkpt lat="44.27584287710487842559814453125" lon="-80.18263950012624263763427734375">
        <ele>477.20001220703125</ele>
        <time>2026-10-05T19:43:59.000Z</time>
        <extensions>
          <ns3:TrackPointExtension/>
        </extensions>
      </trkpt>
      <trkpt lat="44.2758865468204021453857421875" lon="-80.18258367665112018585205078125">
        <ele>477.399993896484375</ele>
        <time>2026-10-05T19:44:05.000Z</time>
        <extensions>
          <ns3:TrackPointExtension/>
        </extensions>
      </trkpt>
      <trkpt lat="44.27590808831155300140380859375" lon="-80.18256850540637969970703125">
        <ele>477.399993896484375</ele>
        <time>2026-10-05T19:44:08.000Z</time>
        <extensions>
          <ns3:TrackPointExtension/>
        </extensions>
      </trkpt>
      <trkpt lat="44.27594563923776149749755859375" lon="-80.18256272189319133758544921875">
        <ele>477</ele>
        <time>2026-10-05T19:44:14.000Z</time>
        <extensions>
          <ns3:TrackPointExtension/>
        </extensions>
      </trkpt>
      <trkpt lat="44.27600095979869365692138671875" lon="-80.1824922300875186920166015625">
        <ele>476</ele>
        <time>2026-10-05T19:44:21.000Z</time>
        <extensions>
          <ns3:TrackPointExtension/>
        </extensions>
      </trkpt>
      <trkpt lat="44.2760085873305797576904296875" lon="-80.18248141743242740631103515625">
        <ele>476</ele>
        <time>2026-10-05T19:44:22.000Z</time>
        <extensions>
          <ns3:TrackPointExtension/>
        </extensions>
      </trkpt>
      <trkpt lat="44.2760468088090419769287109375" lon="-80.18242743797600269317626953125">
        <ele>475.79998779296875</ele>
        <time>2026-10-05T19:44:29.000Z</time>
        <extensions>
          <ns3:TrackPointExtension/>
        </extensions>
      </trkpt>
      <trkpt lat="44.276107661426067352294921875" lon="-80.18233372829854488372802734375">
        <ele>475.79998779296875</ele>
        <time>2026-10-05T19:44:39.000Z</time>
        <extensions>
          <ns3:TrackPointExtension/>
        </extensions>
      </trkpt>
      <trkpt lat="44.276104979217052459716796875" lon="-80.1823048107326030731201171875">
        <ele>476</ele>
        <time>2026-10-05T19:44:41.000Z</time>
        <extensions>
          <ns3:TrackPointExtension/>
        </extensions>
      </trkpt>
      <trkpt lat="44.2760997824370861053466796875" lon="-80.1822541840374469757080078125">
        <ele>476.79998779296875</ele>
        <time>2026-10-05T19:44:45.000Z</time>
        <extensions>
          <ns3:TrackPointExtension/>
        </extensions>
      </trkpt>
      <trkpt lat="44.27611000835895538330078125" lon="-80.18220816738903522491455078125">
        <ele>477.20001220703125</ele>
        <time>2026-10-05T19:44:50.000Z</time>
        <extensions>
          <ns3:TrackPointExtension/>
        </extensions>
      </trkpt>
      <trkpt lat="44.276112020015716552734375" lon="-80.1821579597890377044677734375">
        <ele>477.20001220703125</ele>
        <time>2026-10-05T19:44:55.000Z</time>
        <extensions>
          <ns3:TrackPointExtension/>
        </extensions>
      </trkpt>
      <trkpt lat="44.27615283988416194915771484375" lon="-80.18208310939371585845947265625">
        <ele>477.20001220703125</ele>
        <time>2026-10-05T19:45:03.000Z</time>
        <extensions>
          <ns3:TrackPointExtension/>
        </extensions>
      </trkpt>
      <trkpt lat="44.2761670053005218505859375" lon="-80.1819718815386295318603515625">
        <ele>477.399993896484375</ele>
        <time>2026-10-05T19:45:10.000Z</time>
        <extensions>
          <ns3:TrackPointExtension/>
        </extensions>
      </trkpt>
      <trkpt lat="44.27618653513491153717041015625" lon="-80.1818897388875484466552734375">
        <ele>478</ele>
        <time>2026-10-05T19:45:19.000Z</time>
        <extensions>
          <ns3:TrackPointExtension/>
        </extensions>
      </trkpt>
      <trkpt lat="44.27622936666011810302734375" lon="-80.18180399201810359954833984375">
        <ele>477.399993896484375</ele>
        <time>2026-10-05T19:45:27.000Z</time>
        <extensions>
          <ns3:TrackPointExtension/>
        </extensions>
      </trkpt>
      <trkpt lat="44.27622341550886631011962890625" lon="-80.181742720305919647216796875">
        <ele>477</ele>
        <time>2026-10-05T19:45:34.000Z</time>
        <extensions>
          <ns3:TrackPointExtension/>
        </extensions>
      </trkpt>
      <trkpt lat="44.27624185569584369659423828125" lon="-80.18171631731092929840087890625">
        <ele>476.600006103515625</ele>
        <time>2026-10-05T19:45:37.000Z</time>
        <extensions>
          <ns3:TrackPointExtension/>
        </extensions>
      </trkpt>
      <trkpt lat="44.27625090815126895904541015625" lon="-80.18168161623179912567138671875">
        <ele>476.399993896484375</ele>
        <time>2026-10-05T19:45:40.000Z</time>
        <extensions>
          <ns3:TrackPointExtension/>
        </extensions>
      </trkpt>
      <trkpt lat="44.27626616321504116058349609375" lon="-80.181664265692234039306640625">
        <ele>476</ele>
        <time>2026-10-05T19:45:42.000Z</time>
        <extensions>
          <ns3:TrackPointExtension/>
        </extensions>
      </trkpt>
      <trkpt lat="44.276286028325557708740234375" lon="-80.1816034130752086639404296875">
        <ele>475.600006103515625</ele>
        <time>2026-10-05T19:45:48.000Z</time>
        <extensions>
          <ns3:TrackPointExtension/>
        </extensions>
      </trkpt>
      <trkpt lat="44.2763230763375759124755859375" lon="-80.181501321494579315185546875">
        <ele>475.399993896484375</ele>
        <time>2026-10-05T19:45:56.000Z</time>
        <extensions>
          <ns3:TrackPointExtension/>
        </extensions>
      </trkpt>
      <trkpt lat="44.27633305080235004425048828125" lon="-80.18141171894967555999755859375">
        <ele>475.399993896484375</ele>
        <time>2026-10-05T19:46:04.000Z</time>
        <extensions>
          <ns3:TrackPointExtension/>
        </extensions>
      </trkpt>
      <trkpt lat="44.27632332779467105865478515625" lon="-80.18136947415769100189208984375">
        <ele>475.399993896484375</ele>
        <time>2026-10-05T19:46:12.000Z</time>
        <extensions>
          <ns3:TrackPointExtension/>
        </extensions>
      </trkpt>
      <trkpt lat="44.27629910409450531005859375" lon="-80.1813298277556896209716796875">
        <ele>474.79998779296875</ele>
        <time>2026-10-05T19:46:21.000Z</time>
        <extensions>
          <ns3:TrackPointExtension/>
        </extensions>
      </trkpt>
      <trkpt lat="44.2763053067028522491455078125" lon="-80.18130945973098278045654296875">
        <ele>474</ele>
        <time>2026-10-05T19:46:29.000Z</time>
        <extensions>
          <ns3:TrackPointExtension/>
        </extensions>
      </trkpt>
      <trkpt lat="44.27630471996963024139404296875" lon="-80.18130778335034847259521484375">
        <ele>473.79998779296875</ele>
        <time>2026-10-05T19:46:30.000Z</time>
        <extensions>
          <ns3:TrackPointExtension/>
        </extensions>
      </trkpt>
      <trkpt lat="44.27631662227213382720947265625" lon="-80.1812803745269775390625">
        <ele>473.399993896484375</ele>
        <time>2026-10-05T19:46:44.000Z</time>
        <extensions>
          <ns3:TrackPointExtension/>
        </extensions>
      </trkpt>
      <trkpt lat="44.27639641799032688140869140625" lon="-80.18114584498107433319091796875">
        <ele>473.399993896484375</ele>
        <time>2026-10-05T19:46:55.000Z</time>
        <extensions>
          <ns3:TrackPointExtension/>
        </extensions>
      </trkpt>
      <trkpt lat="44.27645944990217685699462890625" lon="-80.18098541535437107086181640625">
        <ele>473</ele>
        <time>2026-10-05T19:47:08.000Z</time>
        <extensions>
          <ns3:TrackPointExtension/>
        </extensions>
      </trkpt>
      <trkpt lat="44.2764890380203723907470703125" lon="-80.18085516057908535003662109375">
        <ele>472.79998779296875</ele>
        <time>2026-10-05T19:47:19.000Z</time>
        <extensions>
          <ns3:TrackPointExtension/>
        </extensions>
      </trkpt>
      <trkpt lat="44.27650504745543003082275390625" lon="-80.18082548864185810089111328125">
        <ele>472.600006103515625</ele>
        <time>2026-10-05T19:47:22.000Z</time>
        <extensions>
          <ns3:TrackPointExtension/>
        </extensions>
      </trkpt>
      <trkpt lat="44.27658936940133571624755859375" lon="-80.18061175011098384857177734375">
        <ele>473.399993896484375</ele>
        <time>2026-10-05T19:47:38.000Z</time>
        <extensions>
          <ns3:TrackPointExtension/>
        </extensions>
      </trkpt>
      <trkpt lat="44.276664219796657562255859375" lon="-80.18042248673737049102783203125">
        <ele>473.20001220703125</ele>
        <time>2026-10-05T19:47:53.000Z</time>
        <extensions>
          <ns3:TrackPointExtension/>
        </extensions>
      </trkpt>
      <trkpt lat="44.27676714956760406494140625" lon="-80.18032592721283435821533203125">
        <ele>472.79998779296875</ele>
        <time>2026-10-05T19:48:07.000Z</time>
        <extensions>
          <ns3:TrackPointExtension/>
        </extensions>
      </trkpt>
      <trkpt lat="44.2768134176731109619140625" lon="-80.1802217401564121246337890625">
        <ele>472.399993896484375</ele>
        <time>2026-10-05T19:48:22.000Z</time>
        <extensions>
          <ns3:TrackPointExtension/>
        </extensions>
      </trkpt>
      <trkpt lat="44.27685122005641460418701171875" lon="-80.18004991114139556884765625">
        <ele>472</ele>
        <time>2026-10-05T19:48:36.000Z</time>
        <extensions>
          <ns3:TrackPointExtension/>
        </extensions>
      </trkpt>
      <trkpt lat="44.2768937163054943084716796875" lon="-80.17987347207963466644287109375">
        <ele>471.79998779296875</ele>
        <time>2026-10-05T19:48:49.000Z</time>
        <extensions>
          <ns3:TrackPointExtension/>
        </extensions>
      </trkpt>
      <trkpt lat="44.2769295908510684967041015625" lon="-80.17981865443289279937744140625">
        <ele>471.79998779296875</ele>
        <time>2026-10-05T19:48:53.000Z</time>
        <extensions>
          <ns3:TrackPointExtension/>
        </extensions>
      </trkpt>
      <trkpt lat="44.2770172655582427978515625" lon="-80.17962343990802764892578125">
        <ele>471.20001220703125</ele>
        <time>2026-10-05T19:49:09.000Z</time>
        <extensions>
          <ns3:TrackPointExtension/>
        </extensions>
      </trkpt>
      <trkpt lat="44.27713192999362945556640625" lon="-80.17951254732906818389892578125">
        <ele>471.20001220703125</ele>
        <time>2026-10-05T19:49:20.000Z</time>
        <extensions>
          <ns3:TrackPointExtension/>
        </extensions>
      </trkpt>
      <trkpt lat="44.27715531550347805023193359375" lon="-80.17949159257113933563232421875">
        <ele>471</ele>
        <time>2026-10-05T19:49:22.000Z</time>
        <extensions>
          <ns3:TrackPointExtension/>
        </extensions>
      </trkpt>
      <trkpt lat="44.27718867547810077667236328125" lon="-80.179446078836917877197265625">
        <ele>470.600006103515625</ele>
        <time>2026-10-05T19:49:25.000Z</time>
        <extensions>
          <ns3:TrackPointExtension/>
        </extensions>
      </trkpt>
      <trkpt lat="44.27722857333719730377197265625" lon="-80.17931875772774219512939453125">
        <ele>470</ele>
        <time>2026-10-05T19:49:36.000Z</time>
        <extensions>
          <ns3:TrackPointExtension/>
        </extensions>
      </trkpt>
      <trkpt lat="44.27727065049111843109130859375" lon="-80.1791361160576343536376953125">
        <ele>470</ele>
        <time>2026-10-05T19:49:51.000Z</time>
        <extensions>
          <ns3:TrackPointExtension/>
        </extensions>
      </trkpt>
      <trkpt lat="44.27727668546140193939208984375" lon="-80.1790938712656497955322265625">
        <ele>469.600006103515625</ele>
        <time>2026-10-05T19:49:54.000Z</time>
        <extensions>
          <ns3:TrackPointExtension/>
        </extensions>
      </trkpt>
      <trkpt lat="44.27731473930180072784423828125" lon="-80.17891089431941509246826171875">
        <ele>469.600006103515625</ele>
        <time>2026-10-05T19:50:07.000Z</time>
        <extensions>
          <ns3:TrackPointExtension/>
        </extensions>
      </trkpt>
      <trkpt lat="44.27734516561031341552734375" lon="-80.178844593465328216552734375">
        <ele>470.20001220703125</ele>
        <time>2026-10-05T19:50:20.000Z</time>
        <extensions>
          <ns3:TrackPointExtension/>
        </extensions>
      </trkpt>
      <trkpt lat="44.2774536274373531341552734375" lon="-80.1787270791828632354736328125">
        <ele>470.600006103515625</ele>
        <time>2026-10-05T19:50:35.000Z</time>
        <extensions>
          <ns3:TrackPointExtension/>
        </extensions>
      </trkpt>
      <trkpt lat="44.27748707123100757598876953125" lon="-80.17869346775114536285400390625">
        <ele>470.600006103515625</ele>
        <time>2026-10-05T19:50:39.000Z</time>
        <extensions>
          <ns3:TrackPointExtension/>
        </extensions>
      </trkpt>
      <trkpt lat="44.27749210037291049957275390625" lon="-80.1786285080015659332275390625">
        <ele>471</ele>
        <time>2026-10-05T19:50:49.000Z</time>
        <extensions>
          <ns3:TrackPointExtension/>
        </extensions>
      </trkpt>
      <trkpt lat="44.2775009013712406158447265625" lon="-80.17851627431809902191162109375">
        <ele>470.20001220703125</ele>
        <time>2026-10-05T19:51:05.000Z</time>
        <extensions>
          <ns3:TrackPointExtension/>
        </extensions>
      </trkpt>
      <trkpt lat="44.27756301127374172210693359375" lon="-80.178359113633632659912109375">
        <ele>470.600006103515625</ele>
        <time>2026-10-05T19:51:18.000Z</time>
        <extensions>
          <ns3:TrackPointExtension/>
        </extensions>
      </trkpt>
      <trkpt lat="44.27765839733183383941650390625" lon="-80.17820731736719608306884765625">
        <ele>470.20001220703125</ele>
        <time>2026-10-05T19:51:33.000Z</time>
        <extensions>
          <ns3:TrackPointExtension/>
        </extensions>
      </trkpt>
      <trkpt lat="44.27767499350011348724365234375" lon="-80.17809852026402950286865234375">
        <ele>470.399993896484375</ele>
        <time>2026-10-05T19:51:44.000Z</time>
        <extensions>
          <ns3:TrackPointExtension/>
        </extensions>
      </trkpt>
      <trkpt lat="44.27772209979593753814697265625" lon="-80.17791244201362133026123046875">
        <ele>470.79998779296875</ele>
        <time>2026-10-05T19:51:58.000Z</time>
        <extensions>
          <ns3:TrackPointExtension/>
        </extensions>
      </trkpt>
      <trkpt lat="44.27781061269342899322509765625" lon="-80.17773977480828762054443359375">
        <ele>471.600006103515625</ele>
        <time>2026-10-05T19:52:13.000Z</time>
        <extensions>
          <ns3:TrackPointExtension/>
        </extensions>
      </trkpt>
      <trkpt lat="44.27781564183533191680908203125" lon="-80.17773055471479892730712890625">
        <ele>471.600006103515625</ele>
        <time>2026-10-05T19:52:14.000Z</time>
        <extensions>
          <ns3:TrackPointExtension/>
        </extensions>
      </trkpt>
      <trkpt lat="44.27786392159759998321533203125" lon="-80.17755973152816295623779296875">
        <ele>471.79998779296875</ele>
        <time>2026-10-05T19:52:28.000Z</time>
        <extensions>
          <ns3:TrackPointExtension/>
        </extensions>
      </trkpt>
      <trkpt lat="44.2779515124857425689697265625" lon="-80.17738111317157745361328125">
        <ele>472</ele>
        <time>2026-10-05T19:52:44.000Z</time>
        <extensions>
          <ns3:TrackPointExtension/>
        </extensions>
      </trkpt>
      <trkpt lat="44.278032481670379638671875" lon="-80.17714784480631351470947265625">
        <ele>471.600006103515625</ele>
        <time>2026-10-05T19:53:00.000Z</time>
        <extensions>
          <ns3:TrackPointExtension/>
        </extensions>
      </trkpt>
      <trkpt lat="44.27804932929575443267822265625" lon="-80.17712496221065521240234375">
        <ele>471.600006103515625</ele>
        <time>2026-10-05T19:53:01.000Z</time>
        <extensions>
          <ns3:TrackPointExtension/>
        </extensions>
      </trkpt>
      <trkpt lat="44.27814438007771968841552734375" lon="-80.17694852314889430999755859375">
        <ele>472</ele>
        <time>2026-10-05T19:53:18.000Z</time>
        <extensions>
          <ns3:TrackPointExtension/>
        </extensions>
      </trkpt>
      <trkpt lat="44.2782505787909030914306640625" lon="-80.1767375506460666656494140625">
        <ele>472.20001220703125</ele>
        <time>2026-10-05T19:53:34.000Z</time>
        <extensions>
          <ns3:TrackPointExtension/>
        </extensions>
      </trkpt>
      <trkpt lat="44.27826943807303905487060546875" lon="-80.1767073757946491241455078125">
        <ele>472.399993896484375</ele>
        <time>2026-10-05T19:53:36.000Z</time>
        <extensions>
          <ns3:TrackPointExtension/>
        </extensions>
      </trkpt>
      <trkpt lat="44.27834990434348583221435546875" lon="-80.17661056481301784515380859375">
        <ele>472</ele>
        <time>2026-10-05T19:53:49.000Z</time>
        <extensions>
          <ns3:TrackPointExtension/>
        </extensions>
      </trkpt>
      <trkpt lat="44.2784262634813785552978515625" lon="-80.1764763705432415008544921875">
        <ele>472.20001220703125</ele>
        <time>2026-10-05T19:54:03.000Z</time>
        <extensions>
          <ns3:TrackPointExtension/>
        </extensions>
      </trkpt>
      <trkpt lat="44.27843841724097728729248046875" lon="-80.17636321485042572021484375">
        <ele>471.79998779296875</ele>
        <time>2026-10-05T19:54:15.000Z</time>
        <extensions>
          <ns3:TrackPointExtension/>
        </extensions>
      </trkpt>
      <trkpt lat="44.278454594314098358154296875" lon="-80.17624611966311931610107421875">
        <ele>471.600006103515625</ele>
        <time>2026-10-05T19:54:27.000Z</time>
        <extensions>
          <ns3:TrackPointExtension/>
        </extensions>
      </trkpt>
      <trkpt lat="44.278498850762844085693359375" lon="-80.17605434171855449676513671875">
        <ele>471.399993896484375</ele>
        <time>2026-10-05T19:54:45.000Z</time>
        <extensions>
          <ns3:TrackPointExtension/>
        </extensions>
      </trkpt>
      <trkpt lat="44.27854947745800018310546875" lon="-80.17585468478500843048095703125">
        <ele>471.600006103515625</ele>
        <time>2026-10-05T19:55:00.000Z</time>
        <extensions>
          <ns3:TrackPointExtension/>
        </extensions>
      </trkpt>
      <trkpt lat="44.27858945913612842559814453125" lon="-80.1757535152137279510498046875">
        <ele>471.399993896484375</ele>
        <time>2026-10-05T19:55:12.000Z</time>
        <extensions>
          <ns3:TrackPointExtension/>
        </extensions>
      </trkpt>
      <trkpt lat="44.2787018604576587677001953125" lon="-80.17560557462275028228759765625">
        <ele>470.79998779296875</ele>
        <time>2026-10-05T19:55:25.000Z</time>
        <extensions>
          <ns3:TrackPointExtension/>
        </extensions>
      </trkpt>
      <trkpt lat="44.27872574888169765472412109375" lon="-80.1755764894187450408935546875">
        <ele>470.600006103515625</ele>
        <time>2026-10-05T19:55:28.000Z</time>
        <extensions>
          <ns3:TrackPointExtension/>
        </extensions>
      </trkpt>
      <trkpt lat="44.27881426177918910980224609375" lon="-80.17541916109621524810791015625">
        <ele>469.600006103515625</ele>
        <time>2026-10-05T19:55:41.000Z</time>
        <extensions>
          <ns3:TrackPointExtension/>
        </extensions>
      </trkpt>
      <trkpt lat="44.27890218794345855712890625" lon="-80.175329558551311492919921875">
        <ele>468.399993896484375</ele>
        <time>2026-10-05T19:55:52.000Z</time>
        <extensions>
          <ns3:TrackPointExtension/>
        </extensions>
      </trkpt>
      <trkpt lat="44.278923310339450836181640625" lon="-80.17530784942209720611572265625">
        <ele>468</ele>
        <time>2026-10-05T19:55:55.000Z</time>
        <extensions>
          <ns3:TrackPointExtension/>
        </extensions>
      </trkpt>
      <trkpt lat="44.2790119908750057220458984375" lon="-80.17520039342343807220458984375">
        <ele>467.399993896484375</ele>
        <time>2026-10-05T19:56:05.000Z</time>
        <extensions>
          <ns3:TrackPointExtension/>
        </extensions>
      </trkpt>
      <trkpt lat="44.27901752293109893798828125" lon="-80.17515311948955059051513671875">
        <ele>467.20001220703125</ele>
        <time>2026-10-05T19:56:09.000Z</time>
        <extensions>
          <ns3:TrackPointExtension/>
        </extensions>
      </trkpt>
      <trkpt lat="44.27907460369169712066650390625" lon="-80.174931250512599945068359375">
        <ele>467.600006103515625</ele>
        <time>2026-10-05T19:56:26.000Z</time>
        <extensions>
          <ns3:TrackPointExtension/>
        </extensions>
      </trkpt>
      <trkpt lat="44.2790599353611469268798828125" lon="-80.174717344343662261962890625">
        <ele>467.399993896484375</ele>
        <time>2026-10-05T19:56:39.000Z</time>
        <extensions>
          <ns3:TrackPointExtension/>
        </extensions>
      </trkpt>
      <trkpt lat="44.2790582589805126190185546875" lon="-80.174702592194080352783203125">
        <ele>467.399993896484375</ele>
        <time>2026-10-05T19:56:40.000Z</time>
        <extensions>
          <ns3:TrackPointExtension/>
        </extensions>
      </trkpt>
      <trkpt lat="44.27903051488101482391357421875" lon="-80.1744855009019374847412109375">
        <ele>468.20001220703125</ele>
        <time>2026-10-05T19:56:54.000Z</time>
        <extensions>
          <ns3:TrackPointExtension/>
        </extensions>
      </trkpt>
      <trkpt lat="44.278997741639614105224609375" lon="-80.1743748597800731658935546875">
        <ele>468.399993896484375</ele>
        <time>2026-10-05T19:57:02.000Z</time>
        <extensions>
          <ns3:TrackPointExtension/>
        </extensions>
      </trkpt>
      <trkpt lat="44.279019199311733245849609375" lon="-80.17432666383683681488037109375">
        <ele>469</ele>
        <time>2026-10-05T19:57:07.000Z</time>
        <extensions>
          <ns3:TrackPointExtension/>
        </extensions>
      </trkpt>
      <trkpt lat="44.2790549062192440032958984375" lon="-80.17425977624952793121337890625">
        <ele>469.399993896484375</ele>
        <time>2026-10-05T19:57:13.000Z</time>
        <extensions>
          <ns3:TrackPointExtension/>
        </extensions>
      </trkpt>
      <trkpt lat="44.279120452702045440673828125" lon="-80.17418048344552516937255859375">
        <ele>469.399993896484375</ele>
        <time>2026-10-05T19:57:21.000Z</time>
        <extensions>
          <ns3:TrackPointExtension/>
        </extensions>
      </trkpt>
      <trkpt lat="44.27919044159352779388427734375" lon="-80.17411007545888423919677734375">
        <ele>469.399993896484375</ele>
        <time>2026-10-05T19:57:28.000Z</time>
        <extensions>
          <ns3:TrackPointExtension/>
        </extensions>
      </trkpt>
      <trkpt lat="44.279239811003208160400390625" lon="-80.1740194670855998992919921875">
        <ele>469.399993896484375</ele>
        <time>2026-10-05T19:57:35.000Z</time>
        <extensions>
          <ns3:TrackPointExtension/>
        </extensions>
      </trkpt>
      <trkpt lat="44.2793452553451061248779296875" lon="-80.17384319566190242767333984375">
        <ele>469</ele>
        <time>2026-10-05T19:57:52.000Z</time>
        <extensions>
          <ns3:TrackPointExtension/>
        </extensions>
      </trkpt>
      <trkpt lat="44.27942194975912570953369140625" lon="-80.173637755215167999267578125">
        <ele>468.79998779296875</ele>
        <time>2026-10-05T19:58:08.000Z</time>
        <extensions>
          <ns3:TrackPointExtension/>
        </extensions>
      </trkpt>
      <trkpt lat="44.27952588535845279693603515625" lon="-80.1734756492078304290771484375">
        <ele>468.79998779296875</ele>
        <time>2026-10-05T19:58:21.000Z</time>
        <extensions>
          <ns3:TrackPointExtension/>
        </extensions>
      </trkpt>
      <trkpt lat="44.27957952953875064849853515625" lon="-80.1733227632939815521240234375">
        <ele>469.20001220703125</ele>
        <time>2026-10-05T19:58:34.000Z</time>
        <extensions>
          <ns3:TrackPointExtension/>
        </extensions>
      </trkpt>
      <trkpt lat="44.2796781845390796661376953125" lon="-80.17312587238848209381103515625">
        <ele>469</ele>
        <time>2026-10-05T19:58:50.000Z</time>
        <extensions>
          <ns3:TrackPointExtension/>
        </extensions>
      </trkpt>
      <trkpt lat="44.27976108156144618988037109375" lon="-80.17300131730735301971435546875">
        <ele>468.600006103515625</ele>
        <time>2026-10-05T19:59:04.000Z</time>
        <extensions>
          <ns3:TrackPointExtension/>
        </extensions>
      </trkpt>
      <trkpt lat="44.27983601577579975128173828125" lon="-80.17293744720518589019775390625">
        <ele>469</ele>
        <time>2026-10-05T19:59:15.000Z</time>
        <extensions>
          <ns3:TrackPointExtension/>
        </extensions>
      </trkpt>
      <trkpt lat="44.27994883619248867034912109375" lon="-80.17284222878515720367431640625">
        <ele>469.600006103515625</ele>
        <time>2026-10-05T19:59:28.000Z</time>
        <extensions>
          <ns3:TrackPointExtension/>
        </extensions>
      </trkpt>
      <trkpt lat="44.28004925139248371124267578125" lon="-80.172694288194179534912109375">
        <ele>470</ele>
        <time>2026-10-05T19:59:42.000Z</time>
        <extensions>
          <ns3:TrackPointExtension/>
        </extensions>
      </trkpt>
      <trkpt lat="44.280112870037555694580078125" lon="-80.1725080423057079315185546875">
        <ele>470.399993896484375</ele>
        <time>2026-10-05T19:59:56.000Z</time>
        <extensions>
          <ns3:TrackPointExtension/>
        </extensions>
      </trkpt>
      <trkpt lat="44.28022694773972034454345703125" lon="-80.172351300716400146484375">
        <ele>470.399993896484375</ele>
        <time>2026-10-05T20:00:10.000Z</time>
        <extensions>
          <ns3:TrackPointExtension/>
        </extensions>
      </trkpt>
      <trkpt lat="44.2802493274211883544921875" lon="-80.17231844365596771240234375">
        <ele>470.600006103515625</ele>
        <time>2026-10-05T20:00:13.000Z</time>
        <extensions>
          <ns3:TrackPointExtension/>
        </extensions>
      </trkpt>
      <trkpt lat="44.28027941845357418060302734375" lon="-80.17227041535079479217529296875">
        <ele>470.600006103515625</ele>
        <time>2026-10-05T20:00:17.000Z</time>
        <extensions>
          <ns3:TrackPointExtension/>
        </extensions>
      </trkpt>
      <trkpt lat="44.2803286202251911163330078125" lon="-80.1721633784472942352294921875">
        <ele>470.79998779296875</ele>
        <time>2026-10-05T20:00:25.000Z</time>
        <extensions>
          <ns3:TrackPointExtension/>
        </extensions>
      </trkpt>
      <trkpt lat="44.28045342676341533660888671875" lon="-80.1720535755157470703125">
        <ele>471</ele>
        <time>2026-10-05T20:00:38.000Z</time>
        <extensions>
          <ns3:TrackPointExtension/>
        </extensions>
      </trkpt>
      <trkpt lat="44.28052760660648345947265625" lon="-80.17188719473779201507568359375">
        <ele>470.79998779296875</ele>
        <time>2026-10-05T20:00:51.000Z</time>
        <extensions>
          <ns3:TrackPointExtension/>
        </extensions>
      </trkpt>
      <trkpt lat="44.28062357939779758453369140625" lon="-80.17177663743495941162109375">
        <ele>471.600006103515625</ele>
        <time>2026-10-05T20:01:00.000Z</time>
        <extensions>
          <ns3:TrackPointExtension/>
        </extensions>
      </trkpt>
      <trkpt lat="44.28062994964420795440673828125" lon="-80.17171167768537998199462890625">
        <ele>471.600006103515625</ele>
        <time>2026-10-05T20:01:05.000Z</time>
        <extensions>
          <ns3:TrackPointExtension/>
        </extensions>
      </trkpt>
      <trkpt lat="44.2806558497250080108642578125" lon="-80.17164948396384716033935546875">
        <ele>471.79998779296875</ele>
        <time>2026-10-05T20:01:09.000Z</time>
        <extensions>
          <ns3:TrackPointExtension/>
        </extensions>
      </trkpt>
      <trkpt lat="44.28069851361215114593505859375" lon="-80.1714616455137729644775390625">
        <ele>472</ele>
        <time>2026-10-05T20:01:21.000Z</time>
        <extensions>
          <ns3:TrackPointExtension/>
        </extensions>
      </trkpt>
      <trkpt lat="44.2807031236588954925537109375" lon="-80.1712851226329803466796875">
        <ele>471.600006103515625</ele>
        <time>2026-10-05T20:01:34.000Z</time>
        <extensions>
          <ns3:TrackPointExtension/>
        </extensions>
      </trkpt>
      <trkpt lat="44.28074511699378490447998046875" lon="-80.17108504660427570343017578125">
        <ele>471.79998779296875</ele>
        <time>2026-10-05T20:01:47.000Z</time>
        <extensions>
          <ns3:TrackPointExtension/>
        </extensions>
      </trkpt>
      <trkpt lat="44.28077395074069499969482421875" lon="-80.170828141272068023681640625">
        <ele>471.600006103515625</ele>
        <time>2026-10-05T20:02:04.000Z</time>
        <extensions>
          <ns3:TrackPointExtension/>
        </extensions>
      </trkpt>
      <trkpt lat="44.280779398977756500244140625" lon="-80.17058280296623706817626953125">
        <ele>471.79998779296875</ele>
        <time>2026-10-05T20:02:20.000Z</time>
        <extensions>
          <ns3:TrackPointExtension/>
        </extensions>
      </trkpt>
      <trkpt lat="44.2807802371680736541748046875" lon="-80.1703968085348606109619140625">
        <ele>471.399993896484375</ele>
        <time>2026-10-05T20:02:35.000Z</time>
        <extensions>
          <ns3:TrackPointExtension/>
        </extensions>
      </trkpt>
      <trkpt lat="44.280702285468578338623046875" lon="-80.17028558067977428436279296875">
        <ele>471</ele>
        <time>2026-10-05T20:02:48.000Z</time>
        <extensions>
          <ns3:TrackPointExtension/>
        </extensions>
      </trkpt>
      <trkpt lat="44.280666075646877288818359375" lon="-80.17028859816491603851318359375">
        <ele>470.79998779296875</ele>
        <time>2026-10-05T20:02:51.000Z</time>
        <extensions>
          <ns3:TrackPointExtension/>
        </extensions>
      </trkpt>
      <trkpt lat="44.2805767245590686798095703125" lon="-80.17030787654221057891845703125">
        <ele>470.399993896484375</ele>
        <time>2026-10-05T20:02:59.000Z</time>
        <extensions>
          <ns3:TrackPointExtension/>
        </extensions>
      </trkpt>
      <trkpt lat="44.28056876175105571746826171875" lon="-80.17030351795256137847900390625">
        <ele>470.399993896484375</ele>
        <time>2026-10-05T20:03:00.000Z</time>
        <extensions>
          <ns3:TrackPointExtension/>
        </extensions>
      </trkpt>
      <trkpt lat="44.28043515421450138092041015625" lon="-80.1703193597495555877685546875">
        <ele>469.79998779296875</ele>
        <time>2026-10-05T20:03:15.000Z</time>
        <extensions>
          <ns3:TrackPointExtension/>
        </extensions>
      </trkpt>
      <trkpt lat="44.28034261800348758697509765625" lon="-80.17020779661834239959716796875">
        <ele>469.79998779296875</ele>
        <time>2026-10-05T20:03:28.000Z</time>
        <extensions>
          <ns3:TrackPointExtension/>
        </extensions>
      </trkpt>
      <trkpt lat="44.28022376261651515960693359375" lon="-80.17018851824104785919189453125">
        <ele>469.600006103515625</ele>
        <time>2026-10-05T20:03:38.000Z</time>
        <extensions>
          <ns3:TrackPointExtension/>
        </extensions>
      </trkpt>
      <trkpt lat="44.28006148897111415863037109375" lon="-80.17027703113853931427001953125">
        <ele>469.79998779296875</ele>
        <time>2026-10-05T20:03:52.000Z</time>
        <extensions>
          <ns3:TrackPointExtension/>
        </extensions>
      </trkpt>
      <trkpt lat="44.27992503158748149871826171875" lon="-80.17039286904036998748779296875">
        <ele>469.79998779296875</ele>
        <time>2026-10-05T20:04:06.000Z</time>
        <extensions>
          <ns3:TrackPointExtension/>
        </extensions>
      </trkpt>
      <trkpt lat="44.2798112891614437103271484375" lon="-80.17035347409546375274658203125">
        <ele>470.399993896484375</ele>
        <time>2026-10-05T20:04:19.000Z</time>
        <extensions>
          <ns3:TrackPointExtension/>
        </extensions>
      </trkpt>
      <trkpt lat="44.2797056771814823150634765625" lon="-80.17024953849613666534423828125">
        <ele>471.399993896484375</ele>
        <time>2026-10-05T20:04:30.000Z</time>
        <extensions>
          <ns3:TrackPointExtension/>
        </extensions>
      </trkpt>
      <trkpt lat="44.27967541851103305816650390625" lon="-80.170216262340545654296875">
        <ele>471.399993896484375</ele>
        <time>2026-10-05T20:04:33.000Z</time>
        <extensions>
          <ns3:TrackPointExtension/>
        </extensions>
      </trkpt>
      <trkpt lat="44.279601573944091796875" lon="-80.17012280412018299102783203125">
        <ele>471.79998779296875</ele>
        <time>2026-10-05T20:04:42.000Z</time>
        <extensions>
          <ns3:TrackPointExtension/>
        </extensions>
      </trkpt>
      <trkpt lat="44.2794961296021938323974609375" lon="-80.1700806431472301483154296875">
        <ele>472.20001220703125</ele>
        <time>2026-10-05T20:04:54.000Z</time>
        <extensions>
          <ns3:TrackPointExtension/>
        </extensions>
      </trkpt>
      <trkpt lat="44.279398061335086822509765625" lon="-80.1700150966644287109375">
        <ele>472</ele>
        <time>2026-10-05T20:05:02.000Z</time>
        <extensions>
          <ns3:TrackPointExtension/>
        </extensions>
      </trkpt>
      <trkpt lat="44.27933712489902973175048828125" lon="-80.17002356238663196563720703125">
        <ele>471.79998779296875</ele>
        <time>2026-10-05T20:05:06.000Z</time>
        <extensions>
          <ns3:TrackPointExtension/>
        </extensions>
      </trkpt>
      <trkpt lat="44.27915431559085845947265625" lon="-80.170007050037384033203125">
        <ele>471.399993896484375</ele>
        <time>2026-10-05T20:05:18.000Z</time>
        <extensions>
          <ns3:TrackPointExtension/>
        </extensions>
      </trkpt>
      <trkpt lat="44.279115758836269378662109375" lon="-80.1699949800968170166015625">
        <ele>471.399993896484375</ele>
        <time>2026-10-05T20:05:21.000Z</time>
        <extensions>
          <ns3:TrackPointExtension/>
        </extensions>
      </trkpt>
      <trkpt lat="44.2790274135768413543701171875" lon="-80.1699708402156829833984375">
        <ele>471.600006103515625</ele>
        <time>2026-10-05T20:05:36.000Z</time>
        <extensions>
          <ns3:TrackPointExtension/>
        </extensions>
      </trkpt>
      <trkpt lat="44.2788626253604888916015625" lon="-80.16988308168947696685791015625">
        <ele>471.600006103515625</ele>
        <time>2026-10-05T20:05:52.000Z</time>
        <extensions>
          <ns3:TrackPointExtension/>
        </extensions>
      </trkpt>
      <trkpt lat="44.2787124216556549072265625" lon="-80.16984519548714160919189453125">
        <ele>472</ele>
        <time>2026-10-05T20:06:06.000Z</time>
        <extensions>
          <ns3:TrackPointExtension/>
        </extensions>
      </trkpt>
      <trkpt lat="44.2785327136516571044921875" lon="-80.16981418244540691375732421875">
        <ele>472.399993896484375</ele>
        <time>2026-10-05T20:06:18.000Z</time>
        <extensions>
          <ns3:TrackPointExtension/>
        </extensions>
      </trkpt>
      <trkpt lat="44.2785164527595043182373046875" lon="-80.169811248779296875">
        <ele>472.600006103515625</ele>
        <time>2026-10-05T20:06:19.000Z</time>
        <extensions>
          <ns3:TrackPointExtension/>
        </extensions>
      </trkpt>
      <trkpt lat="44.278334565460681915283203125" lon="-80.1697554253041744232177734375">
        <ele>472.79998779296875</ele>
        <time>2026-10-05T20:06:31.000Z</time>
        <extensions>
          <ns3:TrackPointExtension/>
        </extensions>
      </trkpt>
      <trkpt lat="44.27814220078289508819580078125" lon="-80.16973354853689670562744140625">
        <ele>473.399993896484375</ele>
        <time>2026-10-05T20:06:45.000Z</time>
        <extensions>
          <ns3:TrackPointExtension/>
        </extensions>
      </trkpt>
      <trkpt lat="44.27813197486102581024169921875" lon="-80.16973271034657955169677734375">
        <ele>473.399993896484375</ele>
        <time>2026-10-05T20:06:46.000Z</time>
        <extensions>
          <ns3:TrackPointExtension/>
        </extensions>
      </trkpt>
      <trkpt lat="44.27806005813181400299072265625" lon="-80.169686190783977508544921875">
        <ele>473.600006103515625</ele>
        <time>2026-10-05T20:06:52.000Z</time>
        <extensions>
          <ns3:TrackPointExtension/>
        </extensions>
      </trkpt>
      <trkpt lat="44.27801764570176601409912109375" lon="-80.16962039284408092498779296875">
        <ele>473.79998779296875</ele>
        <time>2026-10-05T20:06:57.000Z</time>
        <extensions>
          <ns3:TrackPointExtension/>
        </extensions>
      </trkpt>
      <trkpt lat="44.2780547775328159332275390625" lon="-80.16954495571553707122802734375">
        <ele>474</ele>
        <time>2026-10-05T20:07:04.000Z</time>
        <extensions>
          <ns3:TrackPointExtension/>
        </extensions>
      </trkpt>
      <trkpt lat="44.27806290797889232635498046875" lon="-80.169534981250762939453125">
        <ele>474</ele>
        <time>2026-10-05T20:07:05.000Z</time>
        <extensions>
          <ns3:TrackPointExtension/>
        </extensions>
      </trkpt>
      <trkpt lat="44.27808319218456745147705078125" lon="-80.16933272592723369598388671875">
        <ele>474.20001220703125</ele>
        <time>2026-10-05T20:07:18.000Z</time>
        <extensions>
          <ns3:TrackPointExtension/>
        </extensions>
      </trkpt>
      <trkpt lat="44.2780527658760547637939453125" lon="-80.1691210828721523284912109375">
        <ele>474</ele>
        <time>2026-10-05T20:07:30.000Z</time>
        <extensions>
          <ns3:TrackPointExtension/>
        </extensions>
      </trkpt>
      <trkpt lat="44.27803457714617252349853515625" lon="-80.1689135469496250152587890625">
        <ele>473.20001220703125</ele>
        <time>2026-10-05T20:07:44.000Z</time>
        <extensions>
          <ns3:TrackPointExtension/>
        </extensions>
      </trkpt>
      <trkpt lat="44.27800633013248443603515625" lon="-80.168740712106227874755859375">
        <ele>474.20001220703125</ele>
        <time>2026-10-05T20:07:57.000Z</time>
        <extensions>
          <ns3:TrackPointExtension/>
        </extensions>
      </trkpt>
      <trkpt lat="44.27791371010243892669677734375" lon="-80.168516747653484344482421875">
        <ele>474.20001220703125</ele>
        <time>2026-10-05T20:08:11.000Z</time>
        <extensions>
          <ns3:TrackPointExtension/>
        </extensions>
      </trkpt>
      <trkpt lat="44.2779055796563625335693359375" lon="-80.168504007160663604736328125">
        <ele>474</ele>
        <time>2026-10-05T20:08:12.000Z</time>
        <extensions>
          <ns3:TrackPointExtension/>
        </extensions>
      </trkpt>
      <trkpt lat="44.27783659659326076507568359375" lon="-80.16842245124280452728271484375">
        <ele>473.600006103515625</ele>
        <time>2026-10-05T20:08:23.000Z</time>
        <extensions>
          <ns3:TrackPointExtension/>
        </extensions>
      </trkpt>
      <trkpt lat="44.27787565626204013824462890625" lon="-80.16842748038470745086669921875">
        <ele>473.399993896484375</ele>
        <time>2026-10-05T20:08:33.000Z</time>
        <extensions>
          <ns3:TrackPointExtension/>
        </extensions>
      </trkpt>
      <trkpt lat="44.27790583111345767974853515625" lon="-80.16837425529956817626953125">
        <ele>473.399993896484375</ele>
        <time>2026-10-05T20:08:51.000Z</time>
        <extensions>
          <ns3:TrackPointExtension/>
        </extensions>
      </trkpt>
      <trkpt lat="44.27787783555686473846435546875" lon="-80.1683479361236095428466796875">
        <ele>473.399993896484375</ele>
        <time>2026-10-05T20:08:59.000Z</time>
        <extensions>
          <ns3:TrackPointExtension/>
        </extensions>
      </trkpt>
      <trkpt lat="44.277872554957866668701171875" lon="-80.168353132903575897216796875">
        <ele>473.20001220703125</ele>
        <time>2026-10-05T20:09:06.000Z</time>
        <extensions>
          <ns3:TrackPointExtension/>
        </extensions>
      </trkpt>
      <trkpt lat="44.277873896062374114990234375" lon="-80.168365873396396636962890625">
        <ele>474.20001220703125</ele>
        <time>2026-10-05T20:09:22.000Z</time>
        <extensions>
          <ns3:TrackPointExtension/>
        </extensions>
      </trkpt>
      <trkpt lat="44.27786610089242458343505859375" lon="-80.1683821342885494232177734375">
        <ele>474.20001220703125</ele>
        <time>2026-10-05T20:09:37.000Z</time>
        <extensions>
          <ns3:TrackPointExtension/>
        </extensions>
      </trkpt>
      <trkpt lat="44.27784984000027179718017578125" lon="-80.1683533005416393280029296875">
        <ele>473.79998779296875</ele>
        <time>2026-10-05T20:09:55.000Z</time>
        <extensions>
          <ns3:TrackPointExtension/>
        </extensions>
      </trkpt>
      <trkpt lat="44.27786023356020450592041015625" lon="-80.16837316565215587615966796875">
        <ele>473</ele>
        <time>2026-10-05T20:10:15.000Z</time>
        <extensions>
          <ns3:TrackPointExtension/>
        </extensions>
      </trkpt>
      <trkpt lat="44.27788621746003627777099609375" lon="-80.16839562915265560150146484375">
        <ele>474.79998779296875</ele>
        <time>2026-10-05T20:10:24.000Z</time>
        <extensions>
          <ns3:TrackPointExtension/>
        </extensions>
      </trkpt>
      <trkpt lat="44.27789359353482723236083984375" lon="-80.168402083218097686767578125">
        <ele>474.79998779296875</ele>
        <time>2026-10-05T20:10:30.000Z</time>
        <extensions>
          <ns3:TrackPointExtension/>
        </extensions>
      </trkpt>
      <trkpt lat="44.27789493463933467864990234375" lon="-80.1684025861322879791259765625">
        <ele>474.79998779296875</ele>
        <time>2026-10-05T20:10:47.000Z</time>
        <extensions>
          <ns3:TrackPointExtension/>
        </extensions>
      </trkpt>
      <trkpt lat="44.27787548862397670745849609375" lon="-80.16834852285683155059814453125">
        <ele>474.79998779296875</ele>
        <time>2026-10-05T20:11:05.000Z</time>
        <extensions>
          <ns3:TrackPointExtension/>
        </extensions>
      </trkpt>
      <trkpt lat="44.27784732542932033538818359375" lon="-80.16836662776768207550048828125">
        <ele>474.79998779296875</ele>
        <time>2026-10-05T20:11:14.000Z</time>
        <extensions>
          <ns3:TrackPointExtension/>
        </extensions>
      </trkpt>
      <trkpt lat="44.27785906009376049041748046875" lon="-80.16838758252561092376708984375">
        <ele>474.79998779296875</ele>
        <time>2026-10-05T20:11:29.000Z</time>
        <extensions>
          <ns3:TrackPointExtension/>
        </extensions>
      </trkpt>
      <trkpt lat="44.277851097285747528076171875" lon="-80.16830108128488063812255859375">
        <ele>474.79998779296875</ele>
        <time>2026-10-05T20:11:42.000Z</time>
        <extensions>
          <ns3:TrackPointExtension/>
        </extensions>
      </trkpt>
      <trkpt lat="44.27780524827539920806884765625" lon="-80.1681048609316349029541015625">
        <ele>474.79998779296875</ele>
        <time>2026-10-05T20:11:56.000Z</time>
        <extensions>
          <ns3:TrackPointExtension/>
        </extensions>
      </trkpt>
      <trkpt lat="44.27780122496187686920166015625" lon="-80.16808734275400638580322265625">
        <ele>474.79998779296875</ele>
        <time>2026-10-05T20:11:57.000Z</time>
        <extensions>
          <ns3:TrackPointExtension/>
        </extensions>
      </trkpt>
      <trkpt lat="44.2777154780924320220947265625" lon="-80.16789279878139495849609375">
        <ele>474.79998779296875</ele>
        <time>2026-10-05T20:12:11.000Z</time>
        <extensions>
          <ns3:TrackPointExtension/>
        </extensions>
      </trkpt>
      <trkpt lat="44.27770852111279964447021484375" lon="-80.16769389621913433074951171875">
        <ele>474.79998779296875</ele>
        <time>2026-10-05T20:12:23.000Z</time>
        <extensions>
          <ns3:TrackPointExtension/>
        </extensions>
      </trkpt>
      <trkpt lat="44.27770500071346759796142578125" lon="-80.16756816767156124114990234375">
        <ele>474.79998779296875</ele>
        <time>2026-10-05T20:12:36.000Z</time>
        <extensions>
          <ns3:TrackPointExtension/>
        </extensions>
      </trkpt>
      <trkpt lat="44.27765269763767719268798828125" lon="-80.16756800003349781036376953125">
        <ele>474.79998779296875</ele>
        <time>2026-10-05T20:12:49.000Z</time>
        <extensions>
          <ns3:TrackPointExtension/>
        </extensions>
      </trkpt>
      <trkpt lat="44.27755211479961872100830078125" lon="-80.16751217655837535858154296875">
        <ele>474.79998779296875</ele>
        <time>2026-10-05T20:13:03.000Z</time>
        <extensions>
          <ns3:TrackPointExtension/>
        </extensions>
      </trkpt>
      <trkpt lat="44.2774410545825958251953125" lon="-80.16751502640545368194580078125">
        <ele>474.79998779296875</ele>
        <time>2026-10-05T20:13:17.000Z</time>
        <extensions>
          <ns3:TrackPointExtension/>
        </extensions>
      </trkpt>
      <trkpt lat="44.2772511206567287445068359375" lon="-80.16752533614635467529296875">
        <ele>473.399993896484375</ele>
        <time>2026-10-05T20:13:33.000Z</time>
        <extensions>
          <ns3:TrackPointExtension/>
        </extensions>
      </trkpt>
      <trkpt lat="44.2772266454994678497314453125" lon="-80.1675141043961048126220703125">
        <ele>472</ele>
        <time>2026-10-05T20:13:35.000Z</time>
        <extensions>
          <ns3:TrackPointExtension/>
        </extensions>
      </trkpt>
      <trkpt lat="44.27713997662067413330078125" lon="-80.16753447242081165313720703125">
        <ele>471</ele>
        <time>2026-10-05T20:13:45.000Z</time>
        <extensions>
          <ns3:TrackPointExtension/>
        </extensions>
      </trkpt>
      <trkpt lat="44.277142994105815887451171875" lon="-80.16755375079810619354248046875">
        <ele>470.399993896484375</ele>
        <time>2026-10-05T20:13:48.000Z</time>
        <extensions>
          <ns3:TrackPointExtension/>
        </extensions>
      </trkpt>
      <trkpt lat="44.27712296135723590850830078125" lon="-80.167694985866546630859375">
        <ele>470.399993896484375</ele>
        <time>2026-10-05T20:14:02.000Z</time>
        <extensions>
          <ns3:TrackPointExtension/>
        </extensions>
      </trkpt>
      <trkpt lat="44.2770254798233509063720703125" lon="-80.167771093547344207763671875">
        <ele>470.600006103515625</ele>
        <time>2026-10-05T20:14:15.000Z</time>
        <extensions>
          <ns3:TrackPointExtension/>
        </extensions>
      </trkpt>
      <trkpt lat="44.27693252451717853546142578125" lon="-80.16770948655903339385986328125">
        <ele>470.600006103515625</ele>
        <time>2026-10-05T20:14:26.000Z</time>
        <extensions>
          <ns3:TrackPointExtension/>
        </extensions>
      </trkpt>
      <trkpt lat="44.27684602327644824981689453125" lon="-80.167738236486911773681640625">
        <ele>470.600006103515625</ele>
        <time>2026-10-05T20:14:38.000Z</time>
        <extensions>
          <ns3:TrackPointExtension/>
        </extensions>
      </trkpt>
      <trkpt lat="44.276769161224365234375" lon="-80.1677548326551914215087890625">
        <ele>470</ele>
        <time>2026-10-05T20:14:54.000Z</time>
        <extensions>
          <ns3:TrackPointExtension/>
        </extensions>
      </trkpt>
      <trkpt lat="44.2767042852938175201416015625" lon="-80.167752988636493682861328125">
        <ele>470.399993896484375</ele>
        <time>2026-10-05T20:15:10.000Z</time>
        <extensions>
          <ns3:TrackPointExtension/>
        </extensions>
      </trkpt>
      <trkpt lat="44.27664251066744327545166015625" lon="-80.167763046920299530029296875">
        <ele>470.600006103515625</ele>
        <time>2026-10-05T20:15:21.000Z</time>
        <extensions>
          <ns3:TrackPointExtension/>
        </extensions>
      </trkpt>
      <trkpt lat="44.27654829807579517364501953125" lon="-80.16780068166553974151611328125">
        <ele>470.600006103515625</ele>
        <time>2026-10-05T20:15:37.000Z</time>
        <extensions>
          <ns3:TrackPointExtension/>
        </extensions>
      </trkpt>
      <trkpt lat="44.27645240910351276397705078125" lon="-80.1677819900214672088623046875">
        <ele>470.399993896484375</ele>
        <time>2026-10-05T20:15:52.000Z</time>
        <extensions>
          <ns3:TrackPointExtension/>
        </extensions>
      </trkpt>
      <trkpt lat="44.2763770557940006256103515625" lon="-80.16776916570961475372314453125">
        <ele>470</ele>
        <time>2026-10-05T20:16:00.000Z</time>
        <extensions>
          <ns3:TrackPointExtension/>
        </extensions>
      </trkpt>
      <trkpt lat="44.2763091623783111572265625" lon="-80.16775391064584255218505859375">
        <ele>469.600006103515625</ele>
        <time>2026-10-05T20:16:06.000Z</time>
        <extensions>
          <ns3:TrackPointExtension/>
        </extensions>
      </trkpt>
      <trkpt lat="44.276219643652439117431640625" lon="-80.16770630143582820892333984375">
        <ele>469.399993896484375</ele>
        <time>2026-10-05T20:16:16.000Z</time>
        <extensions>
          <ns3:TrackPointExtension/>
        </extensions>
      </trkpt>
      <trkpt lat="44.27614219486713409423828125" lon="-80.167655088007450103759765625">
        <ele>468.79998779296875</ele>
        <time>2026-10-05T20:16:27.000Z</time>
        <extensions>
          <ns3:TrackPointExtension/>
        </extensions>
      </trkpt>
      <trkpt lat="44.276121072471141815185546875" lon="-80.16764628700911998748779296875">
        <ele>468</ele>
        <time>2026-10-05T20:16:31.000Z</time>
        <extensions>
          <ns3:TrackPointExtension/>
        </extensions>
      </trkpt>
      <trkpt lat="44.27611595951020717620849609375" lon="-80.16764678992331027984619140625">
        <ele>467.79998779296875</ele>
        <time>2026-10-05T20:16:32.000Z</time>
        <extensions>
          <ns3:TrackPointExtension/>
        </extensions>
      </trkpt>
      <trkpt lat="44.27606164477765560150146484375" lon="-80.16756766475737094879150390625">
        <ele>466.600006103515625</ele>
        <time>2026-10-05T20:16:43.000Z</time>
        <extensions>
          <ns3:TrackPointExtension/>
        </extensions>
      </trkpt>
      <trkpt lat="44.2759980261325836181640625" lon="-80.16751133836805820465087890625">
        <ele>465.600006103515625</ele>
        <time>2026-10-05T20:16:53.000Z</time>
        <extensions>
          <ns3:TrackPointExtension/>
        </extensions>
      </trkpt>
      <trkpt lat="44.27594748325645923614501953125" lon="-80.16748049296438694000244140625">
        <ele>464.79998779296875</ele>
        <time>2026-10-05T20:16:58.000Z</time>
        <extensions>
          <ns3:TrackPointExtension/>
        </extensions>
      </trkpt>
      <trkpt lat="44.27592786960303783416748046875" lon="-80.16746825538575649261474609375">
        <ele>464.600006103515625</ele>
        <time>2026-10-05T20:17:01.000Z</time>
        <extensions>
          <ns3:TrackPointExtension/>
        </extensions>
      </trkpt>
      <trkpt lat="44.2758436314761638641357421875" lon="-80.1674549281597137451171875">
        <ele>464</ele>
        <time>2026-10-05T20:17:11.000Z</time>
        <extensions>
          <ns3:TrackPointExtension/>
        </extensions>
      </trkpt>
      <trkpt lat="44.275785796344280242919921875" lon="-80.1674805767834186553955078125">
        <ele>464.399993896484375</ele>
        <time>2026-10-05T20:17:25.000Z</time>
        <extensions>
          <ns3:TrackPointExtension/>
        </extensions>
      </trkpt>
      <trkpt lat="44.27568127401173114776611328125" lon="-80.16748434863984584808349609375">
        <ele>464.79998779296875</ele>
        <time>2026-10-05T20:17:37.000Z</time>
        <extensions>
          <ns3:TrackPointExtension/>
        </extensions>
      </trkpt>
      <trkpt lat="44.275637604296207427978515625" lon="-80.1673826761543750762939453125">
        <ele>465</ele>
        <time>2026-10-05T20:17:48.000Z</time>
        <extensions>
          <ns3:TrackPointExtension/>
        </extensions>
      </trkpt>
      <trkpt lat="44.2755455709993839263916015625" lon="-80.16720078885555267333984375">
        <ele>464.600006103515625</ele>
        <time>2026-10-05T20:18:03.000Z</time>
        <extensions>
          <ns3:TrackPointExtension/>
        </extensions>
      </trkpt>
      <trkpt lat="44.27547357045114040374755859375" lon="-80.16713297925889492034912109375">
        <ele>463.79998779296875</ele>
        <time>2026-10-05T20:18:16.000Z</time>
        <extensions>
          <ns3:TrackPointExtension/>
        </extensions>
      </trkpt>
      <trkpt lat="44.27540190517902374267578125" lon="-80.167088471353054046630859375">
        <ele>464</ele>
        <time>2026-10-05T20:18:32.000Z</time>
        <extensions>
          <ns3:TrackPointExtension/>
        </extensions>
      </trkpt>
      <trkpt lat="44.2753172479569911956787109375" lon="-80.16704010777175426483154296875">
        <ele>464.399993896484375</ele>
        <time>2026-10-05T20:18:48.000Z</time>
        <extensions>
          <ns3:TrackPointExtension/>
        </extensions>
      </trkpt>
      <trkpt lat="44.27522144280374050140380859375" lon="-80.1669783331453800201416015625">
        <ele>464.20001220703125</ele>
        <time>2026-10-05T20:19:04.000Z</time>
        <extensions>
          <ns3:TrackPointExtension/>
        </extensions>
      </trkpt>
      <trkpt lat="44.275150783360004425048828125" lon="-80.16696341335773468017578125">
        <ele>464.600006103515625</ele>
        <time>2026-10-05T20:19:18.000Z</time>
        <extensions>
          <ns3:TrackPointExtension/>
        </extensions>
      </trkpt>
      <trkpt lat="44.27508381195366382598876953125" lon="-80.16688168980181217193603515625">
        <ele>465.399993896484375</ele>
        <time>2026-10-05T20:19:30.000Z</time>
        <extensions>
          <ns3:TrackPointExtension/>
        </extensions>
      </trkpt>
      <trkpt lat="44.2750178463757038116455078125" lon="-80.16679652966558933258056640625">
        <ele>465</ele>
        <time>2026-10-05T20:19:43.000Z</time>
        <extensions>
          <ns3:TrackPointExtension/>
        </extensions>
      </trkpt>
      <trkpt lat="44.27494584582746028900146484375" lon="-80.1666943542659282684326171875">
        <ele>464.79998779296875</ele>
        <time>2026-10-05T20:19:56.000Z</time>
        <extensions>
          <ns3:TrackPointExtension/>
        </extensions>
      </trkpt>
      <trkpt lat="44.27497283555567264556884765625" lon="-80.16666778363287448883056640625">
        <ele>465</ele>
        <time>2026-10-05T20:20:09.000Z</time>
        <extensions>
          <ns3:TrackPointExtension/>
        </extensions>
      </trkpt>
      <trkpt lat="44.274980127811431884765625" lon="-80.166635178029537200927734375">
        <ele>464.79998779296875</ele>
        <time>2026-10-05T20:20:26.000Z</time>
        <extensions>
          <ns3:TrackPointExtension/>
        </extensions>
      </trkpt>
      <trkpt lat="44.27494366653263568878173828125" lon="-80.1665991358458995819091796875">
        <ele>465</ele>
        <time>2026-10-05T20:20:41.000Z</time>
        <extensions>
          <ns3:TrackPointExtension/>
        </extensions>
      </trkpt>
      <trkpt lat="44.27488968707621097564697265625" lon="-80.16654389910399913787841796875">
        <ele>464.79998779296875</ele>
        <time>2026-10-05T20:20:46.000Z</time>
        <extensions>
          <ns3:TrackPointExtension/>
        </extensions>
      </trkpt>
      <trkpt lat="44.27482564933598041534423828125" lon="-80.16652193851768970489501953125">
        <ele>464</ele>
        <time>2026-10-05T20:20:51.000Z</time>
        <extensions>
          <ns3:TrackPointExtension/>
        </extensions>
      </trkpt>
      <trkpt lat="44.27478524856269359588623046875" lon="-80.1665389537811279296875">
        <ele>463.79998779296875</ele>
        <time>2026-10-05T20:20:55.000Z</time>
        <extensions>
          <ns3:TrackPointExtension/>
        </extensions>
      </trkpt>
      <trkpt lat="44.2747499607503414154052734375" lon="-80.166599638760089874267578125">
        <ele>463.79998779296875</ele>
        <time>2026-10-05T20:21:00.000Z</time>
        <extensions>
          <ns3:TrackPointExtension/>
        </extensions>
      </trkpt>
      <trkpt lat="44.27467460744082927703857421875" lon="-80.16669326461851596832275390625">
        <ele>465.600006103515625</ele>
        <time>2026-10-05T20:21:10.000Z</time>
        <extensions>
          <ns3:TrackPointExtension/>
        </extensions>
      </trkpt>
      <trkpt lat="44.27460839040577411651611328125" lon="-80.16677641309797763824462890625">
        <ele>466.600006103515625</ele>
        <time>2026-10-05T20:21:18.000Z</time>
        <extensions>
          <ns3:TrackPointExtension/>
        </extensions>
      </trkpt>
      <trkpt lat="44.27459766156971454620361328125" lon="-80.166785717010498046875">
        <ele>466.79998779296875</ele>
        <time>2026-10-05T20:21:19.000Z</time>
        <extensions>
          <ns3:TrackPointExtension/>
        </extensions>
      </trkpt>
      <trkpt lat="44.27451199851930141448974609375" lon="-80.1667858846485614776611328125">
        <ele>467.600006103515625</ele>
        <time>2026-10-05T20:21:29.000Z</time>
        <extensions>
          <ns3:TrackPointExtension/>
        </extensions>
      </trkpt>
      <trkpt lat="44.27448190748691558837890625" lon="-80.16676937229931354522705078125">
        <ele>467.600006103515625</ele>
        <time>2026-10-05T20:21:31.000Z</time>
        <extensions>
          <ns3:TrackPointExtension/>
        </extensions>
      </trkpt>
      <trkpt lat="44.2744217254221439361572265625" lon="-80.1667587272822856903076171875">
        <ele>467.79998779296875</ele>
        <time>2026-10-05T20:21:37.000Z</time>
        <extensions>
          <ns3:TrackPointExtension/>
        </extensions>
      </trkpt>
      <trkpt lat="44.27438694052398204803466796875" lon="-80.16675956547260284423828125">
        <ele>468</ele>
        <time>2026-10-05T20:21:42.000Z</time>
        <extensions>
          <ns3:TrackPointExtension/>
        </extensions>
      </trkpt>
      <trkpt lat="44.27432365715503692626953125" lon="-80.1667550392448902130126953125">
        <ele>468.79998779296875</ele>
        <time>2026-10-05T20:21:51.000Z</time>
        <extensions>
          <ns3:TrackPointExtension/>
        </extensions>
      </trkpt>
      <trkpt lat="44.27426054142415523529052734375" lon="-80.16673433594405651092529296875">
        <ele>469.20001220703125</ele>
        <time>2026-10-05T20:21:59.000Z</time>
        <extensions>
          <ns3:TrackPointExtension/>
        </extensions>
      </trkpt>
      <trkpt lat="44.27408603020012378692626953125" lon="-80.1667106151580810546875">
        <ele>469.399993896484375</ele>
        <time>2026-10-05T20:22:15.000Z</time>
        <extensions>
          <ns3:TrackPointExtension/>
        </extensions>
      </trkpt>
      <trkpt lat="44.27392191253602504730224609375" lon="-80.1666363514959812164306640625">
        <ele>469.20001220703125</ele>
        <time>2026-10-05T20:22:28.000Z</time>
        <extensions>
          <ns3:TrackPointExtension/>
        </extensions>
      </trkpt>
      <trkpt lat="44.2737367562949657440185546875" lon="-80.16657977364957332611083984375">
        <ele>469.20001220703125</ele>
        <time>2026-10-05T20:22:40.000Z</time>
        <extensions>
          <ns3:TrackPointExtension/>
        </extensions>
      </trkpt>
      <trkpt lat="44.2737243510782718658447265625" lon="-80.166570134460926055908203125">
        <ele>469.20001220703125</ele>
        <time>2026-10-05T20:22:41.000Z</time>
        <extensions>
          <ns3:TrackPointExtension/>
        </extensions>
      </trkpt>
      <trkpt lat="44.27355444990098476409912109375" lon="-80.16656518913805484771728515625">
        <ele>469</ele>
        <time>2026-10-05T20:22:55.000Z</time>
        <extensions>
          <ns3:TrackPointExtension/>
        </extensions>
      </trkpt>
      <trkpt lat="44.273368455469608306884765625" lon="-80.16655093990266323089599609375">
        <ele>469.399993896484375</ele>
        <time>2026-10-05T20:23:10.000Z</time>
        <extensions>
          <ns3:TrackPointExtension/>
        </extensions>
      </trkpt>
      <trkpt lat="44.27334439940750598907470703125" lon="-80.1665483415126800537109375">
        <ele>469.399993896484375</ele>
        <time>2026-10-05T20:23:12.000Z</time>
        <extensions>
          <ns3:TrackPointExtension/>
        </extensions>
      </trkpt>
      <trkpt lat="44.27322520874440670013427734375" lon="-80.16652562655508518218994140625">
        <ele>469.79998779296875</ele>
        <time>2026-10-05T20:23:23.000Z</time>
        <extensions>
          <ns3:TrackPointExtension/>
        </extensions>
      </trkpt>
      <trkpt lat="44.27313677966594696044921875" lon="-80.16652621328830718994140625">
        <ele>470.79998779296875</ele>
        <time>2026-10-05T20:23:29.000Z</time>
        <extensions>
          <ns3:TrackPointExtension/>
        </extensions>
      </trkpt>
      <trkpt lat="44.27295397035777568817138671875" lon="-80.16648321412503719329833984375">
        <ele>471.600006103515625</ele>
        <time>2026-10-05T20:23:44.000Z</time>
        <extensions>
          <ns3:TrackPointExtension/>
        </extensions>
      </trkpt>
      <trkpt lat="44.2729200236499309539794921875" lon="-80.166464857757091522216796875">
        <ele>471.600006103515625</ele>
        <time>2026-10-05T20:23:47.000Z</time>
        <extensions>
          <ns3:TrackPointExtension/>
        </extensions>
      </trkpt>
      <trkpt lat="44.2727337777614593505859375" lon="-80.16640844754874706268310546875">
        <ele>471.600006103515625</ele>
        <time>2026-10-05T20:24:01.000Z</time>
        <extensions>
          <ns3:TrackPointExtension/>
        </extensions>
      </trkpt>
      <trkpt lat="44.27270988933742046356201171875" lon="-80.1664006523787975311279296875">
        <ele>471.600006103515625</ele>
        <time>2026-10-05T20:24:03.000Z</time>
        <extensions>
          <ns3:TrackPointExtension/>
        </extensions>
      </trkpt>
      <trkpt lat="44.27254040725529193878173828125" lon="-80.16635698266327381134033203125">
        <ele>469.79998779296875</ele>
        <time>2026-10-05T20:24:18.000Z</time>
        <extensions>
          <ns3:TrackPointExtension/>
        </extensions>
      </trkpt>
      <trkpt lat="44.272417612373828887939453125" lon="-80.166260339319705963134765625">
        <ele>468.79998779296875</ele>
        <time>2026-10-05T20:24:29.000Z</time>
        <extensions>
          <ns3:TrackPointExtension/>
        </extensions>
      </trkpt>
      <trkpt lat="44.27240562625229358673095703125" lon="-80.16624927520751953125">
        <ele>468.399993896484375</ele>
        <time>2026-10-05T20:24:30.000Z</time>
        <extensions>
          <ns3:TrackPointExtension/>
        </extensions>
      </trkpt>
      <trkpt lat="44.2723389901220798492431640625" lon="-80.1662118919193744659423828125">
        <ele>467.600006103515625</ele>
        <time>2026-10-05T20:24:35.000Z</time>
        <extensions>
          <ns3:TrackPointExtension/>
        </extensions>
      </trkpt>
      <trkpt lat="44.2722732760012149810791015625" lon="-80.16616201959550380706787109375">
        <ele>466.600006103515625</ele>
        <time>2026-10-05T20:24:42.000Z</time>
        <extensions>
          <ns3:TrackPointExtension/>
        </extensions>
      </trkpt>
      <trkpt lat="44.27221150137484073638916015625" lon="-80.16612094826996326446533203125">
        <ele>465.79998779296875</ele>
        <time>2026-10-05T20:24:47.000Z</time>
        <extensions>
          <ns3:TrackPointExtension/>
        </extensions>
      </trkpt>
      <trkpt lat="44.272174201905727386474609375" lon="-80.16611323691904544830322265625">
        <ele>465</ele>
        <time>2026-10-05T20:24:50.000Z</time>
        <extensions>
          <ns3:TrackPointExtension/>
        </extensions>
      </trkpt>
      <trkpt lat="44.27206934429705142974853515625" lon="-80.1661005802452564239501953125">
        <ele>464</ele>
        <time>2026-10-05T20:24:58.000Z</time>
        <extensions>
          <ns3:TrackPointExtension/>
        </extensions>
      </trkpt>
      <trkpt lat="44.2720203101634979248046875" lon="-80.16611759550869464874267578125">
        <ele>463.79998779296875</ele>
        <time>2026-10-05T20:25:02.000Z</time>
        <extensions>
          <ns3:TrackPointExtension/>
        </extensions>
      </trkpt>
      <trkpt lat="44.271893240511417388916015625" lon="-80.16615162603557109832763671875">
        <ele>463</ele>
        <time>2026-10-05T20:25:11.000Z</time>
        <extensions>
          <ns3:TrackPointExtension/>
        </extensions>
      </trkpt>
      <trkpt lat="44.2718400992453098297119140625" lon="-80.16615984030067920684814453125">
        <ele>462.600006103515625</ele>
        <time>2026-10-05T20:25:15.000Z</time>
        <extensions>
          <ns3:TrackPointExtension/>
        </extensions>
      </trkpt>
      <trkpt lat="44.27177614532411098480224609375" lon="-80.1661874167621135711669921875">
        <ele>462</ele>
        <time>2026-10-05T20:25:22.000Z</time>
        <extensions>
          <ns3:TrackPointExtension/>
        </extensions>
      </trkpt>
      <trkpt lat="44.271705485880374908447265625" lon="-80.16618330962955951690673828125">
        <ele>461</ele>
        <time>2026-10-05T20:25:30.000Z</time>
        <extensions>
          <ns3:TrackPointExtension/>
        </extensions>
      </trkpt>
      <trkpt lat="44.27169735543429851531982421875" lon="-80.16617744229733943939208984375">
        <ele>460.79998779296875</ele>
        <time>2026-10-05T20:25:31.000Z</time>
        <extensions>
          <ns3:TrackPointExtension/>
        </extensions>
      </trkpt>
      <trkpt lat="44.2716555297374725341796875" lon="-80.16616855747997760772705078125">
        <ele>459.79998779296875</ele>
        <time>2026-10-05T20:25:36.000Z</time>
        <extensions>
          <ns3:TrackPointExtension/>
        </extensions>
      </trkpt>
      <trkpt lat="44.27162929438054561614990234375" lon="-80.16617056913673877716064453125">
        <ele>458.600006103515625</ele>
        <time>2026-10-05T20:25:40.000Z</time>
        <extensions>
          <ns3:TrackPointExtension/>
        </extensions>
      </trkpt>
      <trkpt lat="44.27160364575684070587158203125" lon="-80.1661545597016811370849609375">
        <ele>458</ele>
        <time>2026-10-05T20:25:43.000Z</time>
        <extensions>
          <ns3:TrackPointExtension/>
        </extensions>
      </trkpt>
      <trkpt lat="44.27155436016619205474853515625" lon="-80.16612396575510501861572265625">
        <ele>457.600006103515625</ele>
        <time>2026-10-05T20:25:48.000Z</time>
        <extensions>
          <ns3:TrackPointExtension/>
        </extensions>
      </trkpt>
      <trkpt lat="44.271470122039318084716796875" lon="-80.16612111590802669525146484375">
        <ele>456.600006103515625</ele>
        <time>2026-10-05T20:25:57.000Z</time>
        <extensions>
          <ns3:TrackPointExtension/>
        </extensions>
      </trkpt>
      <trkpt lat="44.27145847119390964508056640625" lon="-80.16612295992672443389892578125">
        <ele>456.399993896484375</ele>
        <time>2026-10-05T20:25:58.000Z</time>
        <extensions>
          <ns3:TrackPointExtension/>
        </extensions>
      </trkpt>
      <trkpt lat="44.271441288292407989501953125" lon="-80.16614399850368499755859375">
        <ele>455.600006103515625</ele>
        <time>2026-10-05T20:26:04.000Z</time>
        <extensions>
          <ns3:TrackPointExtension/>
        </extensions>
      </trkpt>
      <trkpt lat="44.2714438028633594512939453125" lon="-80.1661579124629497528076171875">
        <ele>455.20001220703125</ele>
        <time>2026-10-05T20:26:08.000Z</time>
        <extensions>
          <ns3:TrackPointExtension/>
        </extensions>
      </trkpt>
      <trkpt lat="44.27139476872980594635009765625" lon="-80.16614424996078014373779296875">
        <ele>454.79998779296875</ele>
        <time>2026-10-05T20:26:24.000Z</time>
        <extensions>
          <ns3:TrackPointExtension/>
        </extensions>
      </trkpt>
      <trkpt lat="44.271299131214618682861328125" lon="-80.16607333905994892120361328125">
        <ele>454.399993896484375</ele>
        <time>2026-10-05T20:26:32.000Z</time>
        <extensions>
          <ns3:TrackPointExtension/>
        </extensions>
      </trkpt>
      <trkpt lat="44.271285720169544219970703125" lon="-80.166062526404857635498046875">
        <ele>454.399993896484375</ele>
        <time>2026-10-05T20:26:33.000Z</time>
        <extensions>
          <ns3:TrackPointExtension/>
        </extensions>
      </trkpt>
      <trkpt lat="44.2711219377815723419189453125" lon="-80.16596621833741664886474609375">
        <ele>454</ele>
        <time>2026-10-05T20:26:48.000Z</time>
        <extensions>
          <ns3:TrackPointExtension/>
        </extensions>
      </trkpt>
      <trkpt lat="44.27094197832047939300537109375" lon="-80.1659312658011913299560546875">
        <ele>453.600006103515625</ele>
        <time>2026-10-05T20:27:00.000Z</time>
        <extensions>
          <ns3:TrackPointExtension/>
        </extensions>
      </trkpt>
      <trkpt lat="44.27092202939093112945556640625" lon="-80.165925063192844390869140625">
        <ele>453.600006103515625</ele>
        <time>2026-10-05T20:27:01.000Z</time>
        <extensions>
          <ns3:TrackPointExtension/>
        </extensions>
      </trkpt>
      <trkpt lat="44.2708986438810825347900390625" lon="-80.1659180223941802978515625">
        <ele>453.399993896484375</ele>
        <time>2026-10-05T20:27:02.000Z</time>
        <extensions>
          <ns3:TrackPointExtension/>
        </extensions>
      </trkpt>
      <trkpt lat="44.27074986509978771209716796875" lon="-80.1658611930906772613525390625">
        <ele>453</ele>
        <time>2026-10-05T20:27:10.000Z</time>
        <extensions>
          <ns3:TrackPointExtension/>
        </extensions>
      </trkpt>
      <trkpt lat="44.27062849514186382293701171875" lon="-80.165842585265636444091796875">
        <ele>452.79998779296875</ele>
        <time>2026-10-05T20:27:18.000Z</time>
        <extensions>
          <ns3:TrackPointExtension/>
        </extensions>
      </trkpt>
      <trkpt lat="44.270521961152553558349609375" lon="-80.1658263243734836578369140625">
        <ele>452.600006103515625</ele>
        <time>2026-10-05T20:27:25.000Z</time>
        <extensions>
          <ns3:TrackPointExtension/>
        </extensions>
      </trkpt>
      <trkpt lat="44.27041978575289249420166015625" lon="-80.16579128801822662353515625">
        <ele>452.600006103515625</ele>
        <time>2026-10-05T20:27:33.000Z</time>
        <extensions>
          <ns3:TrackPointExtension/>
        </extensions>
      </trkpt>
      <trkpt lat="44.270271845161914825439453125" lon="-80.16575382091104984283447265625">
        <ele>453</ele>
        <time>2026-10-05T20:27:43.000Z</time>
        <extensions>
          <ns3:TrackPointExtension/>
        </extensions>
      </trkpt>
      <trkpt lat="44.27017587237060070037841796875" lon="-80.1657508872449398040771484375">
        <ele>453</ele>
        <time>2026-10-05T20:27:51.000Z</time>
        <extensions>
          <ns3:TrackPointExtension/>
        </extensions>
      </trkpt>
      <trkpt lat="44.2700918018817901611328125" lon="-80.165737979114055633544921875">
        <ele>453</ele>
        <time>2026-10-05T20:27:58.000Z</time>
        <extensions>
          <ns3:TrackPointExtension/>
        </extensions>
      </trkpt>
      <trkpt lat="44.2700135149061679840087890625" lon="-80.16572280786931514739990234375">
        <ele>453</ele>
        <time>2026-10-05T20:28:04.000Z</time>
        <extensions>
          <ns3:TrackPointExtension/>
        </extensions>
      </trkpt>
      <trkpt lat="44.2699189670383930206298828125" lon="-80.16569565050303936004638671875">
        <ele>452.79998779296875</ele>
        <time>2026-10-05T20:28:12.000Z</time>
        <extensions>
          <ns3:TrackPointExtension/>
        </extensions>
      </trkpt>
      <trkpt lat="44.2698103375732898712158203125" lon="-80.165669582784175872802734375">
        <ele>452.600006103515625</ele>
        <time>2026-10-05T20:28:20.000Z</time>
        <extensions>
          <ns3:TrackPointExtension/>
        </extensions>
      </trkpt>
      <trkpt lat="44.26973515190184116363525390625" lon="-80.16566120088100433349609375">
        <ele>452.600006103515625</ele>
        <time>2026-10-05T20:28:26.000Z</time>
        <extensions>
          <ns3:TrackPointExtension/>
        </extensions>
      </trkpt>
      <trkpt lat="44.26961462013423442840576171875" lon="-80.1656268350780010223388671875">
        <ele>452.79998779296875</ele>
        <time>2026-10-05T20:28:33.000Z</time>
        <extensions>
          <ns3:TrackPointExtension/>
        </extensions>
      </trkpt>
      <trkpt lat="44.26950179971754550933837890625" lon="-80.1655835844576358795166015625">
        <ele>452.79998779296875</ele>
        <time>2026-10-05T20:28:41.000Z</time>
        <extensions>
          <ns3:TrackPointExtension/>
        </extensions>
      </trkpt>
      <trkpt lat="44.26942267455160617828369140625" lon="-80.16556623391807079315185546875">
        <ele>452.79998779296875</ele>
        <time>2026-10-05T20:28:48.000Z</time>
        <extensions>
          <ns3:TrackPointExtension/>
        </extensions>
      </trkpt>
      <trkpt lat="44.26934120245277881622314453125" lon="-80.165550224483013153076171875">
        <ele>453</ele>
        <time>2026-10-05T20:28:55.000Z</time>
        <extensions>
          <ns3:TrackPointExtension/>
        </extensions>
      </trkpt>
      <trkpt lat="44.26923123188316822052001953125" lon="-80.16552985645830631256103515625">
        <ele>453.20001220703125</ele>
        <time>2026-10-05T20:29:03.000Z</time>
        <extensions>
          <ns3:TrackPointExtension/>
        </extensions>
      </trkpt>
      <trkpt lat="44.26914540119469165802001953125" lon="-80.1655192114412784576416015625">
        <ele>453.20001220703125</ele>
        <time>2026-10-05T20:29:10.000Z</time>
        <extensions>
          <ns3:TrackPointExtension/>
        </extensions>
      </trkpt>
      <trkpt lat="44.269031994044780731201171875" lon="-80.165477804839611053466796875">
        <ele>453.20001220703125</ele>
        <time>2026-10-05T20:29:18.000Z</time>
        <extensions>
          <ns3:TrackPointExtension/>
        </extensions>
      </trkpt>
      <trkpt lat="44.2689429782330989837646484375" lon="-80.16544318757951259613037109375">
        <ele>453.79998779296875</ele>
        <time>2026-10-05T20:29:25.000Z</time>
        <extensions>
          <ns3:TrackPointExtension/>
        </extensions>
      </trkpt>
      <trkpt lat="44.2688229493796825408935546875" lon="-80.16543497331440448760986328125">
        <ele>454</ele>
        <time>2026-10-05T20:29:34.000Z</time>
        <extensions>
          <ns3:TrackPointExtension/>
        </extensions>
      </trkpt>
      <trkpt lat="44.2687545530498027801513671875" lon="-80.16542994417250156402587890625">
        <ele>454</ele>
        <time>2026-10-05T20:29:40.000Z</time>
        <extensions>
          <ns3:TrackPointExtension/>
        </extensions>
      </trkpt>
      <trkpt lat="44.26866260357201099395751953125" lon="-80.165440924465656280517578125">
        <ele>454.20001220703125</ele>
        <time>2026-10-05T20:29:48.000Z</time>
        <extensions>
          <ns3:TrackPointExtension/>
        </extensions>
      </trkpt>
      <trkpt lat="44.26855154335498809814453125" lon="-80.16542139463126659393310546875">
        <ele>454.399993896484375</ele>
        <time>2026-10-05T20:29:55.000Z</time>
        <extensions>
          <ns3:TrackPointExtension/>
        </extensions>
      </trkpt>
      <trkpt lat="44.26841952838003635406494140625" lon="-80.1653716899454593658447265625">
        <ele>454.399993896484375</ele>
        <time>2026-10-05T20:30:04.000Z</time>
        <extensions>
          <ns3:TrackPointExtension/>
        </extensions>
      </trkpt>
      <trkpt lat="44.26830804906785488128662109375" lon="-80.16534025780856609344482421875">
        <ele>454.399993896484375</ele>
        <time>2026-10-05T20:30:11.000Z</time>
        <extensions>
          <ns3:TrackPointExtension/>
        </extensions>
      </trkpt>
      <trkpt lat="44.26829346455633640289306640625" lon="-80.16533908434212207794189453125">
        <ele>454.600006103515625</ele>
        <time>2026-10-05T20:30:12.000Z</time>
        <extensions>
          <ns3:TrackPointExtension/>
        </extensions>
      </trkpt>
      <trkpt lat="44.26819690503180027008056640625" lon="-80.16532248817384243011474609375">
        <ele>454.20001220703125</ele>
        <time>2026-10-05T20:30:19.000Z</time>
        <extensions>
          <ns3:TrackPointExtension/>
        </extensions>
      </trkpt>
      <trkpt lat="44.26810185424983501434326171875" lon="-80.16529784537851810455322265625">
        <ele>454.20001220703125</ele>
        <time>2026-10-05T20:30:27.000Z</time>
        <extensions>
          <ns3:TrackPointExtension/>
        </extensions>
      </trkpt>
      <trkpt lat="44.2680011875927448272705078125" lon="-80.1652697660028934478759765625">
        <ele>454.20001220703125</ele>
        <time>2026-10-05T20:30:36.000Z</time>
        <extensions>
          <ns3:TrackPointExtension/>
        </extensions>
      </trkpt>
      <trkpt lat="44.26791477017104625701904296875" lon="-80.165253840386867523193359375">
        <ele>453.600006103515625</ele>
        <time>2026-10-05T20:30:42.000Z</time>
        <extensions>
          <ns3:TrackPointExtension/>
        </extensions>
      </trkpt>
      <trkpt lat="44.26785794086754322052001953125" lon="-80.1652255095541477203369140625">
        <ele>453.399993896484375</ele>
        <time>2026-10-05T20:30:46.000Z</time>
        <extensions>
          <ns3:TrackPointExtension/>
        </extensions>
      </trkpt>
      <trkpt lat="44.26782843656837940216064453125" lon="-80.16522240824997425079345703125">
        <ele>453.399993896484375</ele>
        <time>2026-10-05T20:30:48.000Z</time>
        <extensions>
          <ns3:TrackPointExtension/>
        </extensions>
      </trkpt>
      <trkpt lat="44.26772701554000377655029296875" lon="-80.1652124337852001190185546875">
        <ele>453.399993896484375</ele>
        <time>2026-10-05T20:30:56.000Z</time>
        <extensions>
          <ns3:TrackPointExtension/>
        </extensions>
      </trkpt>
      <trkpt lat="44.267650656402111053466796875" lon="-80.165199525654315948486328125">
        <ele>453.399993896484375</ele>
        <time>2026-10-05T20:31:03.000Z</time>
        <extensions>
          <ns3:TrackPointExtension/>
        </extensions>
      </trkpt>
      <trkpt lat="44.26756289787590503692626953125" lon="-80.16518066637217998504638671875">
        <ele>453.399993896484375</ele>
        <time>2026-10-05T20:31:10.000Z</time>
        <extensions>
          <ns3:TrackPointExtension/>
        </extensions>
      </trkpt>
      <trkpt lat="44.2675281129777431488037109375" lon="-80.1651685126125812530517578125">
        <ele>453</ele>
        <time>2026-10-05T20:31:13.000Z</time>
        <extensions>
          <ns3:TrackPointExtension/>
        </extensions>
      </trkpt>
      <trkpt lat="44.26747824065387248992919921875" lon="-80.16514956951141357421875">
        <ele>453</ele>
        <time>2026-10-05T20:31:17.000Z</time>
        <extensions>
          <ns3:TrackPointExtension/>
        </extensions>
      </trkpt>
      <trkpt lat="44.2674147896468639373779296875" lon="-80.16512718982994556427001953125">
        <ele>453</ele>
        <time>2026-10-05T20:31:22.000Z</time>
        <extensions>
          <ns3:TrackPointExtension/>
        </extensions>
      </trkpt>
      <trkpt lat="44.26732954569160938262939453125" lon="-80.1650950871407985687255859375">
        <ele>452.79998779296875</ele>
        <time>2026-10-05T20:31:30.000Z</time>
        <extensions>
          <ns3:TrackPointExtension/>
        </extensions>
      </trkpt>
      <trkpt lat="44.267280511558055877685546875" lon="-80.16508880071341991424560546875">
        <ele>452.600006103515625</ele>
        <time>2026-10-05T20:31:36.000Z</time>
        <extensions>
          <ns3:TrackPointExtension/>
        </extensions>
      </trkpt>
      <trkpt lat="44.26722058095037937164306640625" lon="-80.1650508306920528411865234375">
        <ele>452.399993896484375</ele>
        <time>2026-10-05T20:31:43.000Z</time>
        <extensions>
          <ns3:TrackPointExtension/>
        </extensions>
      </trkpt>
      <trkpt lat="44.26713173277676105499267578125" lon="-80.164965502917766571044921875">
        <ele>451.79998779296875</ele>
        <time>2026-10-05T20:31:53.000Z</time>
        <extensions>
          <ns3:TrackPointExtension/>
        </extensions>
      </trkpt>
      <trkpt lat="44.26711253821849822998046875" lon="-80.16493105329573154449462890625">
        <ele>451.79998779296875</ele>
        <time>2026-10-05T20:31:55.000Z</time>
        <extensions>
          <ns3:TrackPointExtension/>
        </extensions>
      </trkpt>
      <trkpt lat="44.26708462648093700408935546875" lon="-80.16475670970976352691650390625">
        <ele>453</ele>
        <time>2026-10-05T20:32:06.000Z</time>
        <extensions>
          <ns3:TrackPointExtension/>
        </extensions>
      </trkpt>
      <trkpt lat="44.26709401421248912811279296875" lon="-80.164541043341159820556640625">
        <ele>452.79998779296875</ele>
        <time>2026-10-05T20:32:19.000Z</time>
        <extensions>
          <ns3:TrackPointExtension/>
        </extensions>
      </trkpt>
      <trkpt lat="44.26713190041482448577880859375" lon="-80.16433107666671276092529296875">
        <ele>452.399993896484375</ele>
        <time>2026-10-05T20:32:33.000Z</time>
        <extensions>
          <ns3:TrackPointExtension/>
        </extensions>
      </trkpt>
      <trkpt lat="44.267167188227176666259765625" lon="-80.16408397816121578216552734375">
        <ele>452</ele>
        <time>2026-10-05T20:32:48.000Z</time>
        <extensions>
          <ns3:TrackPointExtension/>
        </extensions>
      </trkpt>
      <trkpt lat="44.2671703733503818511962890625" lon="-80.16407224349677562713623046875">
        <ele>452</ele>
        <time>2026-10-05T20:32:49.000Z</time>
        <extensions>
          <ns3:TrackPointExtension/>
        </extensions>
      </trkpt>
      <trkpt lat="44.26719610579311847686767578125" lon="-80.16381357796490192413330078125">
        <ele>451.399993896484375</ele>
        <time>2026-10-05T20:33:04.000Z</time>
        <extensions>
          <ns3:TrackPointExtension/>
        </extensions>
      </trkpt>
      <trkpt lat="44.26722058095037937164306640625" lon="-80.16363621689379215240478515625">
        <ele>450.600006103515625</ele>
        <time>2026-10-05T20:33:18.000Z</time>
        <extensions>
          <ns3:TrackPointExtension/>
        </extensions>
      </trkpt>
      <trkpt lat="44.26724790595471858978271484375" lon="-80.1635367237031459808349609375">
        <ele>451.600006103515625</ele>
        <time>2026-10-05T20:33:28.000Z</time>
        <extensions>
          <ns3:TrackPointExtension/>
        </extensions>
      </trkpt>
      <trkpt lat="44.2672562040388584136962890625" lon="-80.16336766071617603302001953125">
        <ele>452</ele>
        <time>2026-10-05T20:33:43.000Z</time>
        <extensions>
          <ns3:TrackPointExtension/>
        </extensions>
      </trkpt>
      <trkpt lat="44.26722778938710689544677734375" lon="-80.16334938816726207733154296875">
        <ele>452</ele>
        <time>2026-10-05T20:33:56.000Z</time>
        <extensions>
          <ns3:TrackPointExtension/>
        </extensions>
      </trkpt>
      <trkpt lat="44.2672411166131496429443359375" lon="-80.1633878611028194427490234375">
        <ele>452</ele>
        <time>2026-10-05T20:34:10.000Z</time>
        <extensions>
          <ns3:TrackPointExtension/>
        </extensions>
      </trkpt>
      <trkpt lat="44.267245642840862274169921875" lon="-80.1634404994547367095947265625">
        <ele>452.399993896484375</ele>
        <time>2026-10-05T20:34:27.000Z</time>
        <extensions>
          <ns3:TrackPointExtension/>
        </extensions>
      </trkpt>
      <trkpt lat="44.26725494675338268280029296875" lon="-80.16343094408512115478515625">
        <ele>452.79998779296875</ele>
        <time>2026-10-05T20:34:42.000Z</time>
        <extensions>
          <ns3:TrackPointExtension/>
        </extensions>
      </trkpt>
      <trkpt lat="44.2672486603260040283203125" lon="-80.16341275535523891448974609375">
        <ele>453.399993896484375</ele>
        <time>2026-10-05T20:34:54.000Z</time>
        <extensions>
          <ns3:TrackPointExtension/>
        </extensions>
      </trkpt>
      <trkpt lat="44.26724807359278202056884765625" lon="-80.1634093187749385833740234375">
        <ele>453.399993896484375</ele>
        <time>2026-10-05T20:34:55.000Z</time>
        <extensions>
          <ns3:TrackPointExtension/>
        </extensions>
      </trkpt>
      <trkpt lat="44.26723483018577098846435546875" lon="-80.1633868552744388580322265625">
        <ele>454</ele>
        <time>2026-10-05T20:35:08.000Z</time>
        <extensions>
          <ns3:TrackPointExtension/>
        </extensions>
      </trkpt>
      <trkpt lat="44.2672364227473735809326171875" lon="-80.16336799599230289459228515625">
        <ele>454.399993896484375</ele>
        <time>2026-10-05T20:35:29.000Z</time>
        <extensions>
          <ns3:TrackPointExtension/>
        </extensions>
      </trkpt>
      <trkpt lat="44.26723684184253215789794921875" lon="-80.16336682252585887908935546875">
        <ele>454.600006103515625</ele>
        <time>2026-10-05T20:35:30.000Z</time>
        <extensions>
          <ns3:TrackPointExtension/>
        </extensions>
      </trkpt>
      <trkpt lat="44.26724522374570369720458984375" lon="-80.16336598433554172515869140625">
        <ele>455.600006103515625</ele>
        <time>2026-10-05T20:35:46.000Z</time>
        <extensions>
          <ns3:TrackPointExtension/>
        </extensions>
      </trkpt>
      <trkpt lat="44.26724254153668880462646484375" lon="-80.1633677445352077484130859375">
        <ele>455.600006103515625</ele>
        <time>2026-10-05T20:35:47.000Z</time>
        <extensions>
          <ns3:TrackPointExtension/>
        </extensions>
      </trkpt>
      <trkpt lat="44.26729752682149410247802734375" lon="-80.16333748586475849151611328125">
        <ele>456</ele>
        <time>2026-10-05T20:35:56.000Z</time>
        <extensions>
          <ns3:TrackPointExtension/>
        </extensions>
      </trkpt>
      <trkpt lat="44.2673142068088054656982421875" lon="-80.16319046728312969207763671875">
        <ele>456</ele>
        <time>2026-10-05T20:36:06.000Z</time>
        <extensions>
          <ns3:TrackPointExtension/>
        </extensions>
      </trkpt>
      <trkpt lat="44.2673567868769168853759765625" lon="-80.1629851944744586944580078125">
        <ele>456</ele>
        <time>2026-10-05T20:36:19.000Z</time>
        <extensions>
          <ns3:TrackPointExtension/>
        </extensions>
      </trkpt>
      <trkpt lat="44.26741294562816619873046875" lon="-80.16274706460535526275634765625">
        <ele>456</ele>
        <time>2026-10-05T20:36:32.000Z</time>
        <extensions>
          <ns3:TrackPointExtension/>
        </extensions>
      </trkpt>
      <trkpt lat="44.26745728589594364166259765625" lon="-80.16250147484242916107177734375">
        <ele>455.79998779296875</ele>
        <time>2026-10-05T20:36:46.000Z</time>
        <extensions>
          <ns3:TrackPointExtension/>
        </extensions>
      </trkpt>
      <trkpt lat="44.2674932442605495452880859375" lon="-80.162401981651782989501953125">
        <ele>455.600006103515625</ele>
        <time>2026-10-05T20:36:52.000Z</time>
        <extensions>
          <ns3:TrackPointExtension/>
        </extensions>
      </trkpt>
      <trkpt lat="44.2675240896642208099365234375" lon="-80.16225068829953670501708984375">
        <ele>455.20001220703125</ele>
        <time>2026-10-05T20:37:01.000Z</time>
        <extensions>
          <ns3:TrackPointExtension/>
        </extensions>
      </trkpt>
      <trkpt lat="44.26757496781647205352783203125" lon="-80.16199939884245395660400390625">
        <ele>454.79998779296875</ele>
        <time>2026-10-05T20:37:15.000Z</time>
        <extensions>
          <ns3:TrackPointExtension/>
        </extensions>
      </trkpt>
      <trkpt lat="44.26758234389126300811767578125" lon="-80.161970146000385284423828125">
        <ele>454.79998779296875</ele>
        <time>2026-10-05T20:37:17.000Z</time>
        <extensions>
          <ns3:TrackPointExtension/>
        </extensions>
      </trkpt>
      <trkpt lat="44.2676266841590404510498046875" lon="-80.16177493147552013397216796875">
        <ele>454.79998779296875</ele>
        <time>2026-10-05T20:37:30.000Z</time>
        <extensions>
          <ns3:TrackPointExtension/>
        </extensions>
      </trkpt>
      <trkpt lat="44.2676970921456813812255859375" lon="-80.16158198006451129913330078125">
        <ele>455</ele>
        <time>2026-10-05T20:37:41.000Z</time>
        <extensions>
          <ns3:TrackPointExtension/>
        </extensions>
      </trkpt>
      <trkpt lat="44.267728440463542938232421875" lon="-80.161436386406421661376953125">
        <ele>455.399993896484375</ele>
        <time>2026-10-05T20:37:49.000Z</time>
        <extensions>
          <ns3:TrackPointExtension/>
        </extensions>
      </trkpt>
      <trkpt lat="44.26776230335235595703125" lon="-80.161335133016109466552734375">
        <ele>455</ele>
        <time>2026-10-05T20:37:56.000Z</time>
        <extensions>
          <ns3:TrackPointExtension/>
        </extensions>
      </trkpt>
      <trkpt lat="44.2678065598011016845703125" lon="-80.16117529012262821197509765625">
        <ele>454.600006103515625</ele>
        <time>2026-10-05T20:38:05.000Z</time>
        <extensions>
          <ns3:TrackPointExtension/>
        </extensions>
      </trkpt>
      <trkpt lat="44.2678241617977619171142578125" lon="-80.161003880202770233154296875">
        <ele>454.399993896484375</ele>
        <time>2026-10-05T20:38:14.000Z</time>
        <extensions>
          <ns3:TrackPointExtension/>
        </extensions>
      </trkpt>
      <trkpt lat="44.267846457660198211669921875" lon="-80.16087613999843597412109375">
        <ele>454</ele>
        <time>2026-10-05T20:38:22.000Z</time>
        <extensions>
          <ns3:TrackPointExtension/>
        </extensions>
      </trkpt>
      <trkpt lat="44.2678684182465076446533203125" lon="-80.1607703603804111480712890625">
        <ele>453.600006103515625</ele>
        <time>2026-10-05T20:38:29.000Z</time>
        <extensions>
          <ns3:TrackPointExtension/>
        </extensions>
      </trkpt>
      <trkpt lat="44.26786984317004680633544921875" lon="-80.16075518913567066192626953125">
        <ele>453.399993896484375</ele>
        <time>2026-10-05T20:38:30.000Z</time>
        <extensions>
          <ns3:TrackPointExtension/>
        </extensions>
      </trkpt>
      <trkpt lat="44.267908819019794464111328125" lon="-80.160589478909969329833984375">
        <ele>452.79998779296875</ele>
        <time>2026-10-05T20:38:40.000Z</time>
        <extensions>
          <ns3:TrackPointExtension/>
        </extensions>
      </trkpt>
      <trkpt lat="44.26793874241411685943603515625" lon="-80.16043282113969326019287109375">
        <ele>452.79998779296875</ele>
        <time>2026-10-05T20:38:49.000Z</time>
        <extensions>
          <ns3:TrackPointExtension/>
        </extensions>
      </trkpt>
      <trkpt lat="44.2679646424949169158935546875" lon="-80.16026191413402557373046875">
        <ele>452.79998779296875</ele>
        <time>2026-10-05T20:38:59.000Z</time>
        <extensions>
          <ns3:TrackPointExtension/>
        </extensions>
      </trkpt>
      <trkpt lat="44.2679820768535137176513671875" lon="-80.1601380296051502227783203125">
        <ele>452.399993896484375</ele>
        <time>2026-10-05T20:39:07.000Z</time>
        <extensions>
          <ns3:TrackPointExtension/>
        </extensions>
      </trkpt>
      <trkpt lat="44.2679867707192897796630859375" lon="-80.160121433436870574951171875">
        <ele>452.399993896484375</ele>
        <time>2026-10-05T20:39:08.000Z</time>
        <extensions>
          <ns3:TrackPointExtension/>
        </extensions>
      </trkpt>
      <trkpt lat="44.26801334135234355926513671875" lon="-80.159971229732036590576171875">
        <ele>452</ele>
        <time>2026-10-05T20:39:16.000Z</time>
        <extensions>
          <ns3:TrackPointExtension/>
        </extensions>
      </trkpt>
      <trkpt lat="44.26804200746119022369384765625" lon="-80.1598362810909748077392578125">
        <ele>451.399993896484375</ele>
        <time>2026-10-05T20:39:24.000Z</time>
        <extensions>
          <ns3:TrackPointExtension/>
        </extensions>
      </trkpt>
      <trkpt lat="44.26804787479341030120849609375" lon="-80.1598178409039974212646484375">
        <ele>451.399993896484375</ele>
        <time>2026-10-05T20:39:25.000Z</time>
        <extensions>
          <ns3:TrackPointExtension/>
        </extensions>
      </trkpt>
      <trkpt lat="44.26808877848088741302490234375" lon="-80.1596797071397304534912109375">
        <ele>450.79998779296875</ele>
        <time>2026-10-05T20:39:34.000Z</time>
        <extensions>
          <ns3:TrackPointExtension/>
        </extensions>
      </trkpt>
      <trkpt lat="44.26811057142913341522216796875" lon="-80.15953796915709972381591796875">
        <ele>450.399993896484375</ele>
        <time>2026-10-05T20:39:42.000Z</time>
        <extensions>
          <ns3:TrackPointExtension/>
        </extensions>
      </trkpt>
      <trkpt lat="44.26812448538839817047119140625" lon="-80.15938005410134792327880859375">
        <ele>450</ele>
        <time>2026-10-05T20:39:51.000Z</time>
        <extensions>
          <ns3:TrackPointExtension/>
        </extensions>
      </trkpt>
      <trkpt lat="44.268151558935642242431640625" lon="-80.1592864282429218292236328125">
        <ele>449.399993896484375</ele>
        <time>2026-10-05T20:39:57.000Z</time>
        <extensions>
          <ns3:TrackPointExtension/>
        </extensions>
      </trkpt>
      <trkpt lat="44.26815633662045001983642578125" lon="-80.15927175991237163543701171875">
        <ele>449.20001220703125</ele>
        <time>2026-10-05T20:39:58.000Z</time>
        <extensions>
          <ns3:TrackPointExtension/>
        </extensions>
      </trkpt>
      <trkpt lat="44.26818936131894588470458984375" lon="-80.15911837108433246612548828125">
        <ele>448.399993896484375</ele>
        <time>2026-10-05T20:40:07.000Z</time>
        <extensions>
          <ns3:TrackPointExtension/>
        </extensions>
      </trkpt>
      <trkpt lat="44.2682134173810482025146484375" lon="-80.15897973440587520599365234375">
        <ele>448.20001220703125</ele>
        <time>2026-10-05T20:40:14.000Z</time>
        <extensions>
          <ns3:TrackPointExtension/>
        </extensions>
      </trkpt>
      <trkpt lat="44.26824384368956089019775390625" lon="-80.158831290900707244873046875">
        <ele>448</ele>
        <time>2026-10-05T20:40:23.000Z</time>
        <extensions>
          <ns3:TrackPointExtension/>
        </extensions>
      </trkpt>
      <trkpt lat="44.2682851664721965789794921875" lon="-80.15867899172008037567138671875">
        <ele>448.20001220703125</ele>
        <time>2026-10-05T20:40:32.000Z</time>
        <extensions>
          <ns3:TrackPointExtension/>
        </extensions>
      </trkpt>
      <trkpt lat="44.26831726916134357452392578125" lon="-80.158548317849636077880859375">
        <ele>448.600006103515625</ele>
        <time>2026-10-05T20:40:40.000Z</time>
        <extensions>
          <ns3:TrackPointExtension/>
        </extensions>
      </trkpt>
      <trkpt lat="44.26832757890224456787109375" lon="-80.15842904336750507354736328125">
        <ele>449</ele>
        <time>2026-10-05T20:40:47.000Z</time>
        <extensions>
          <ns3:TrackPointExtension/>
        </extensions>
      </trkpt>
      <trkpt lat="44.2683468572795391082763671875" lon="-80.158298201858997344970703125">
        <ele>449.20001220703125</ele>
        <time>2026-10-05T20:40:56.000Z</time>
        <extensions>
          <ns3:TrackPointExtension/>
        </extensions>
      </trkpt>
      <trkpt lat="44.26834627054631710052490234375" lon="-80.158246569335460662841796875">
        <ele>449.399993896484375</ele>
        <time>2026-10-05T20:40:59.000Z</time>
        <extensions>
          <ns3:TrackPointExtension/>
        </extensions>
      </trkpt>
      <trkpt lat="44.268359430134296417236328125" lon="-80.15816970728337764739990234375">
        <ele>449.79998779296875</ele>
        <time>2026-10-05T20:41:04.000Z</time>
        <extensions>
          <ns3:TrackPointExtension/>
        </extensions>
      </trkpt>
      <trkpt lat="44.26837585866451263427734375" lon="-80.15808396041393280029296875">
        <ele>450.600006103515625</ele>
        <time>2026-10-05T20:41:09.000Z</time>
        <extensions>
          <ns3:TrackPointExtension/>
        </extensions>
      </trkpt>
      <trkpt lat="44.26838382147252559661865234375" lon="-80.15804582275450229644775390625">
        <ele>450.79998779296875</ele>
        <time>2026-10-05T20:41:11.000Z</time>
        <extensions>
          <ns3:TrackPointExtension/>
        </extensions>
      </trkpt>
      <trkpt lat="44.26841676235198974609375" lon="-80.1579017378389835357666015625">
        <ele>451.20001220703125</ele>
        <time>2026-10-05T20:41:19.000Z</time>
        <extensions>
          <ns3:TrackPointExtension/>
        </extensions>
      </trkpt>
      <trkpt lat="44.26846629939973354339599609375" lon="-80.15772697515785694122314453125">
        <ele>451.399993896484375</ele>
        <time>2026-10-05T20:41:29.000Z</time>
        <extensions>
          <ns3:TrackPointExtension/>
        </extensions>
      </trkpt>
      <trkpt lat="44.2684846557676792144775390625" lon="-80.1575902663171291351318359375">
        <ele>451.600006103515625</ele>
        <time>2026-10-05T20:41:37.000Z</time>
        <extensions>
          <ns3:TrackPointExtension/>
        </extensions>
      </trkpt>
      <trkpt lat="44.26848457194864749908447265625" lon="-80.15757375396788120269775390625">
        <ele>451.600006103515625</ele>
        <time>2026-10-05T20:41:38.000Z</time>
        <extensions>
          <ns3:TrackPointExtension/>
        </extensions>
      </trkpt>
      <trkpt lat="44.26851592026650905609130859375" lon="-80.15743486583232879638671875">
        <ele>451.600006103515625</ele>
        <time>2026-10-05T20:41:46.000Z</time>
        <extensions>
          <ns3:TrackPointExtension/>
        </extensions>
      </trkpt>
      <trkpt lat="44.268529415130615234375" lon="-80.1573327742516994476318359375">
        <ele>451.399993896484375</ele>
        <time>2026-10-05T20:41:53.000Z</time>
        <extensions>
          <ns3:TrackPointExtension/>
        </extensions>
      </trkpt>
      <trkpt lat="44.268589429557323455810546875" lon="-80.15722422860562801361083984375">
        <ele>451</ele>
        <time>2026-10-05T20:42:00.000Z</time>
        <extensions>
          <ns3:TrackPointExtension/>
        </extensions>
      </trkpt>
      <trkpt lat="44.26859806291759014129638671875" lon="-80.157179720699787139892578125">
        <ele>450.399993896484375</ele>
        <time>2026-10-05T20:42:03.000Z</time>
        <extensions>
          <ns3:TrackPointExtension/>
        </extensions>
      </trkpt>
      <trkpt lat="44.2686134018003940582275390625" lon="-80.1571118272840976715087890625">
        <ele>449.79998779296875</ele>
        <time>2026-10-05T20:42:07.000Z</time>
        <extensions>
          <ns3:TrackPointExtension/>
        </extensions>
      </trkpt>
      <trkpt lat="44.26864097826182842254638671875" lon="-80.156993307173252105712890625">
        <ele>449.399993896484375</ele>
        <time>2026-10-05T20:42:14.000Z</time>
        <extensions>
          <ns3:TrackPointExtension/>
        </extensions>
      </trkpt>
      <trkpt lat="44.268639385700225830078125" lon="-80.1569736935198307037353515625">
        <ele>449.399993896484375</ele>
        <time>2026-10-05T20:42:15.000Z</time>
        <extensions>
          <ns3:TrackPointExtension/>
        </extensions>
      </trkpt>
      <trkpt lat="44.26864835433661937713623046875" lon="-80.1568623818457126617431640625">
        <ele>448.600006103515625</ele>
        <time>2026-10-05T20:42:22.000Z</time>
        <extensions>
          <ns3:TrackPointExtension/>
        </extensions>
      </trkpt>
      <trkpt lat="44.26865271292626857757568359375" lon="-80.15683044679462909698486328125">
        <ele>448.20001220703125</ele>
        <time>2026-10-05T20:42:24.000Z</time>
        <extensions>
          <ns3:TrackPointExtension/>
        </extensions>
      </trkpt>
      <trkpt lat="44.2686703987419605255126953125" lon="-80.15674964524805545806884765625">
        <ele>447.20001220703125</ele>
        <time>2026-10-05T20:42:29.000Z</time>
        <extensions>
          <ns3:TrackPointExtension/>
        </extensions>
      </trkpt>
      <trkpt lat="44.26867702044546604156494140625" lon="-80.1567151956260204315185546875">
        <ele>446.600006103515625</ele>
        <time>2026-10-05T20:42:31.000Z</time>
        <extensions>
          <ns3:TrackPointExtension/>
        </extensions>
      </trkpt>
      <trkpt lat="44.26868020556867122650146484375" lon="-80.15668057836592197418212890625">
        <ele>446.20001220703125</ele>
        <time>2026-10-05T20:42:33.000Z</time>
        <extensions>
          <ns3:TrackPointExtension/>
        </extensions>
      </trkpt>
      <trkpt lat="44.26868791691958904266357421875" lon="-80.156614780426025390625">
        <ele>445.20001220703125</ele>
        <time>2026-10-05T20:42:38.000Z</time>
        <extensions>
          <ns3:TrackPointExtension/>
        </extensions>
      </trkpt>
      <trkpt lat="44.2686943709850311279296875" lon="-80.1566025428473949432373046875">
        <ele>445</ele>
        <time>2026-10-05T20:42:39.000Z</time>
        <extensions>
          <ns3:TrackPointExtension/>
        </extensions>
      </trkpt>
      <trkpt lat="44.26869504153728485107421875" lon="-80.15650950372219085693359375">
        <ele>444.20001220703125</ele>
        <time>2026-10-05T20:42:46.000Z</time>
        <extensions>
          <ns3:TrackPointExtension/>
        </extensions>
      </trkpt>
      <trkpt lat="44.26869814284145832061767578125" lon="-80.15649366192519664764404296875">
        <ele>443.79998779296875</ele>
        <time>2026-10-05T20:42:47.000Z</time>
        <extensions>
          <ns3:TrackPointExtension/>
        </extensions>
      </trkpt>
      <trkpt lat="44.26872747950255870819091796875" lon="-80.15640531666576862335205078125">
        <ele>442.79998779296875</ele>
        <time>2026-10-05T20:42:52.000Z</time>
        <extensions>
          <ns3:TrackPointExtension/>
        </extensions>
      </trkpt>
      <trkpt lat="44.26875262521207332611083984375" lon="-80.15636877156794071197509765625">
        <ele>442.600006103515625</ele>
        <time>2026-10-05T20:42:54.000Z</time>
        <extensions>
          <ns3:TrackPointExtension/>
        </extensions>
      </trkpt>
      <trkpt lat="44.26877508871257305145263671875" lon="-80.15630339272320270538330078125">
        <ele>441.79998779296875</ele>
        <time>2026-10-05T20:42:58.000Z</time>
        <extensions>
          <ns3:TrackPointExtension/>
        </extensions>
      </trkpt>
      <trkpt lat="44.2687910981476306915283203125" lon="-80.15624170191586017608642578125">
        <ele>441.20001220703125</ele>
        <time>2026-10-05T20:43:02.000Z</time>
        <extensions>
          <ns3:TrackPointExtension/>
        </extensions>
      </trkpt>
      <trkpt lat="44.2688031680881977081298828125" lon="-80.15619778074324131011962890625">
        <ele>440.600006103515625</ele>
        <time>2026-10-05T20:43:05.000Z</time>
        <extensions>
          <ns3:TrackPointExtension/>
        </extensions>
      </trkpt>
      <trkpt lat="44.26881884224712848663330078125" lon="-80.1561110280454158782958984375">
        <ele>439.399993896484375</ele>
        <time>2026-10-05T20:43:11.000Z</time>
        <extensions>
          <ns3:TrackPointExtension/>
        </extensions>
      </trkpt>
      <trkpt lat="44.2688226141035556793212890625" lon="-80.156080685555934906005859375">
        <ele>439.20001220703125</ele>
        <time>2026-10-05T20:43:13.000Z</time>
        <extensions>
          <ns3:TrackPointExtension/>
        </extensions>
      </trkpt>
      <trkpt lat="44.2688309960067272186279296875" lon="-80.1560091041028499603271484375">
        <ele>438.20001220703125</ele>
        <time>2026-10-05T20:43:18.000Z</time>
        <extensions>
          <ns3:TrackPointExtension/>
        </extensions>
      </trkpt>
      <trkpt lat="44.26884130574762821197509765625" lon="-80.155941545963287353515625">
        <ele>436.79998779296875</ele>
        <time>2026-10-05T20:43:22.000Z</time>
        <extensions>
          <ns3:TrackPointExtension/>
        </extensions>
      </trkpt>
      <trkpt lat="44.2688631825149059295654296875" lon="-80.15582227148115634918212890625">
        <ele>435.79998779296875</ele>
        <time>2026-10-05T20:43:29.000Z</time>
        <extensions>
          <ns3:TrackPointExtension/>
        </extensions>
      </trkpt>
      <trkpt lat="44.26887047477066516876220703125" lon="-80.155785642564296722412109375">
        <ele>435.79998779296875</ele>
        <time>2026-10-05T20:43:31.000Z</time>
        <extensions>
          <ns3:TrackPointExtension/>
        </extensions>
      </trkpt>
      <trkpt lat="44.26888908259570598602294921875" lon="-80.15566720627248287200927734375">
        <ele>434.79998779296875</ele>
        <time>2026-10-05T20:43:38.000Z</time>
        <extensions>
          <ns3:TrackPointExtension/>
        </extensions>
      </trkpt>
      <trkpt lat="44.268892519176006317138671875" lon="-80.15563602559268474578857421875">
        <ele>434.399993896484375</ele>
        <time>2026-10-05T20:43:40.000Z</time>
        <extensions>
          <ns3:TrackPointExtension/>
        </extensions>
      </trkpt>
      <trkpt lat="44.26890064962208271026611328125" lon="-80.155603587627410888671875">
        <ele>433.600006103515625</ele>
        <time>2026-10-05T20:43:42.000Z</time>
        <extensions>
          <ns3:TrackPointExtension/>
        </extensions>
      </trkpt>
      <trkpt lat="44.2688963748514652252197265625" lon="-80.15551096759736537933349609375">
        <ele>432.79998779296875</ele>
        <time>2026-10-05T20:43:48.000Z</time>
        <extensions>
          <ns3:TrackPointExtension/>
        </extensions>
      </trkpt>
      <trkpt lat="44.26889377646148204803466796875" lon="-80.15548196621239185333251953125">
        <ele>432.600006103515625</ele>
        <time>2026-10-05T20:43:50.000Z</time>
        <extensions>
          <ns3:TrackPointExtension/>
        </extensions>
      </trkpt>
      <trkpt lat="44.2689384520053863525390625" lon="-80.15535523183643817901611328125">
        <ele>432.20001220703125</ele>
        <time>2026-10-05T20:43:58.000Z</time>
        <extensions>
          <ns3:TrackPointExtension/>
        </extensions>
      </trkpt>
      <trkpt lat="44.26895965822041034698486328125" lon="-80.15524961985647678375244140625">
        <ele>431.600006103515625</ele>
        <time>2026-10-05T20:44:05.000Z</time>
        <extensions>
          <ns3:TrackPointExtension/>
        </extensions>
      </trkpt>
      <trkpt lat="44.26896384917199611663818359375" lon="-80.15519999898970127105712890625">
        <ele>431.399993896484375</ele>
        <time>2026-10-05T20:44:08.000Z</time>
        <extensions>
          <ns3:TrackPointExtension/>
        </extensions>
      </trkpt>
      <trkpt lat="44.2690135538578033447265625" lon="-80.1550176925957202911376953125">
        <ele>431</ele>
        <time>2026-10-05T20:44:18.000Z</time>
        <extensions>
          <ns3:TrackPointExtension/>
        </extensions>
      </trkpt>
      <trkpt lat="44.2690435610711574554443359375" lon="-80.15484510920941829681396484375">
        <ele>430.600006103515625</ele>
        <time>2026-10-05T20:44:28.000Z</time>
        <extensions>
          <ns3:TrackPointExtension/>
        </extensions>
      </trkpt>
      <trkpt lat="44.26905177533626556396484375" lon="-80.1547638885676860809326171875">
        <ele>430.399993896484375</ele>
        <time>2026-10-05T20:44:33.000Z</time>
        <extensions>
          <ns3:TrackPointExtension/>
        </extensions>
      </trkpt>
      <trkpt lat="44.26908605732023715972900390625" lon="-80.1546458713710308074951171875">
        <ele>430.20001220703125</ele>
        <time>2026-10-05T20:44:39.000Z</time>
        <extensions>
          <ns3:TrackPointExtension/>
        </extensions>
      </trkpt>
      <trkpt lat="44.269099719822406768798828125" lon="-80.154540427029132843017578125">
        <ele>430</ele>
        <time>2026-10-05T20:44:45.000Z</time>
        <extensions>
          <ns3:TrackPointExtension/>
        </extensions>
      </trkpt>
      <trkpt lat="44.26913131959736347198486328125" lon="-80.154396928846836090087890625">
        <ele>430</ele>
        <time>2026-10-05T20:44:53.000Z</time>
        <extensions>
          <ns3:TrackPointExtension/>
        </extensions>
      </trkpt>
      <trkpt lat="44.2691599018871784210205078125" lon="-80.15423557721078395843505859375">
        <ele>430</ele>
        <time>2026-10-05T20:45:02.000Z</time>
        <extensions>
          <ns3:TrackPointExtension/>
        </extensions>
      </trkpt>
      <trkpt lat="44.2692054994404315948486328125" lon="-80.1541131176054477691650390625">
        <ele>429.79998779296875</ele>
        <time>2026-10-05T20:45:09.000Z</time>
        <extensions>
          <ns3:TrackPointExtension/>
        </extensions>
      </trkpt>
      <trkpt lat="44.26924296654760837554931640625" lon="-80.15396098606288433074951171875">
        <ele>429.600006103515625</ele>
        <time>2026-10-05T20:45:18.000Z</time>
        <extensions>
          <ns3:TrackPointExtension/>
        </extensions>
      </trkpt>
      <trkpt lat="44.269241206347942352294921875" lon="-80.1539433002471923828125">
        <ele>429.600006103515625</ele>
        <time>2026-10-05T20:45:19.000Z</time>
        <extensions>
          <ns3:TrackPointExtension/>
        </extensions>
      </trkpt>
      <trkpt lat="44.26924581639468669891357421875" lon="-80.15387423336505889892578125">
        <ele>429.600006103515625</ele>
        <time>2026-10-05T20:45:23.000Z</time>
        <extensions>
          <ns3:TrackPointExtension/>
        </extensions>
      </trkpt>
      <trkpt lat="44.2692909948527812957763671875" lon="-80.15374724753201007843017578125">
        <ele>429.600006103515625</ele>
        <time>2026-10-05T20:45:30.000Z</time>
        <extensions>
          <ns3:TrackPointExtension/>
        </extensions>
      </trkpt>
      <trkpt lat="44.26935059018433094024658203125" lon="-80.15360592864453792572021484375">
        <ele>429.600006103515625</ele>
        <time>2026-10-05T20:45:39.000Z</time>
        <extensions>
          <ns3:TrackPointExtension/>
        </extensions>
      </trkpt>
      <trkpt lat="44.2693624086678028106689453125" lon="-80.15352948568761348724365234375">
        <ele>429.399993896484375</ele>
        <time>2026-10-05T20:45:44.000Z</time>
        <extensions>
          <ns3:TrackPointExtension/>
        </extensions>
      </trkpt>
      <trkpt lat="44.26936198957264423370361328125" lon="-80.15349947847425937652587890625">
        <ele>429.600006103515625</ele>
        <time>2026-10-05T20:45:46.000Z</time>
        <extensions>
          <ns3:TrackPointExtension/>
        </extensions>
      </trkpt>
      <trkpt lat="44.2693536914885044097900390625" lon="-80.15336888842284679412841796875">
        <ele>429.600006103515625</ele>
        <time>2026-10-05T20:45:53.000Z</time>
        <extensions>
          <ns3:TrackPointExtension/>
        </extensions>
      </trkpt>
      <trkpt lat="44.26941948942840099334716796875" lon="-80.15323360450565814971923828125">
        <ele>429.79998779296875</ele>
        <time>2026-10-05T20:46:01.000Z</time>
        <extensions>
          <ns3:TrackPointExtension/>
        </extensions>
      </trkpt>
      <trkpt lat="44.26944128237664699554443359375" lon="-80.1531813852488994598388671875">
        <ele>429.79998779296875</ele>
        <time>2026-10-05T20:46:05.000Z</time>
        <extensions>
          <ns3:TrackPointExtension/>
        </extensions>
      </trkpt>
      <trkpt lat="44.26944782026112079620361328125" lon="-80.15313687734305858612060546875">
        <ele>429.79998779296875</ele>
        <time>2026-10-05T20:46:08.000Z</time>
        <extensions>
          <ns3:TrackPointExtension/>
        </extensions>
      </trkpt>
      <trkpt lat="44.269500039517879486083984375" lon="-80.1529818959534168243408203125">
        <ele>429.399993896484375</ele>
        <time>2026-10-05T20:46:17.000Z</time>
        <extensions>
          <ns3:TrackPointExtension/>
        </extensions>
      </trkpt>
      <trkpt lat="44.26950775086879730224609375" lon="-80.15296538360416889190673828125">
        <ele>429.399993896484375</ele>
        <time>2026-10-05T20:46:18.000Z</time>
        <extensions>
          <ns3:TrackPointExtension/>
        </extensions>
      </trkpt>
      <trkpt lat="44.26952644251286983489990234375" lon="-80.15285541303455829620361328125">
        <ele>429.399993896484375</ele>
        <time>2026-10-05T20:46:24.000Z</time>
        <extensions>
          <ns3:TrackPointExtension/>
        </extensions>
      </trkpt>
      <trkpt lat="44.269560389220714569091796875" lon="-80.1527069695293903350830078125">
        <ele>429.399993896484375</ele>
        <time>2026-10-05T20:46:32.000Z</time>
        <extensions>
          <ns3:TrackPointExtension/>
        </extensions>
      </trkpt>
      <trkpt lat="44.2696125246584415435791015625" lon="-80.15254410915076732635498046875">
        <ele>429.399993896484375</ele>
        <time>2026-10-05T20:46:41.000Z</time>
        <extensions>
          <ns3:TrackPointExtension/>
        </extensions>
      </trkpt>
      <trkpt lat="44.26964320242404937744140625" lon="-80.152414776384830474853515625">
        <ele>429</ele>
        <time>2026-10-05T20:46:49.000Z</time>
        <extensions>
          <ns3:TrackPointExtension/>
        </extensions>
      </trkpt>
      <trkpt lat="44.26965502090752124786376953125" lon="-80.152259878814220428466796875">
        <ele>428.79998779296875</ele>
        <time>2026-10-05T20:46:58.000Z</time>
        <extensions>
          <ns3:TrackPointExtension/>
        </extensions>
      </trkpt>
      <trkpt lat="44.26968486048281192779541015625" lon="-80.15212501399219036102294921875">
        <ele>428.79998779296875</ele>
        <time>2026-10-05T20:47:05.000Z</time>
        <extensions>
          <ns3:TrackPointExtension/>
        </extensions>
      </trkpt>
      <trkpt lat="44.26973280496895313262939453125" lon="-80.15195779502391815185546875">
        <ele>429</ele>
        <time>2026-10-05T20:47:14.000Z</time>
        <extensions>
          <ns3:TrackPointExtension/>
        </extensions>
      </trkpt>
      <trkpt lat="44.26975786685943603515625" lon="-80.15182293020188808441162109375">
        <ele>429.20001220703125</ele>
        <time>2026-10-05T20:47:22.000Z</time>
        <extensions>
          <ns3:TrackPointExtension/>
        </extensions>
      </trkpt>
      <trkpt lat="44.26978158764541149139404296875" lon="-80.15166400931775569915771484375">
        <ele>429.79998779296875</ele>
        <time>2026-10-05T20:47:32.000Z</time>
        <extensions>
          <ns3:TrackPointExtension/>
        </extensions>
      </trkpt>
      <trkpt lat="44.269820563495159149169921875" lon="-80.1514929346740245819091796875">
        <ele>430.600006103515625</ele>
        <time>2026-10-05T20:47:43.000Z</time>
        <extensions>
          <ns3:TrackPointExtension/>
        </extensions>
      </trkpt>
      <trkpt lat="44.26985216327011585235595703125" lon="-80.1513444073498249053955078125">
        <ele>430.79998779296875</ele>
        <time>2026-10-05T20:47:51.000Z</time>
        <extensions>
          <ns3:TrackPointExtension/>
        </extensions>
      </trkpt>
      <trkpt lat="44.26989323459565639495849609375" lon="-80.15119068324565887451171875">
        <ele>431.20001220703125</ele>
        <time>2026-10-05T20:48:00.000Z</time>
        <extensions>
          <ns3:TrackPointExtension/>
        </extensions>
      </trkpt>
      <trkpt lat="44.269910752773284912109375" lon="-80.15112622641026973724365234375">
        <ele>431.600006103515625</ele>
        <time>2026-10-05T20:48:04.000Z</time>
        <extensions>
          <ns3:TrackPointExtension/>
        </extensions>
      </trkpt>
      <trkpt lat="44.26992508582770824432373046875" lon="-80.1510557346045970916748046875">
        <ele>432</ele>
        <time>2026-10-05T20:48:08.000Z</time>
        <extensions>
          <ns3:TrackPointExtension/>
        </extensions>
      </trkpt>
      <trkpt lat="44.26995375193655490875244140625" lon="-80.1509377174079418182373046875">
        <ele>432.20001220703125</ele>
        <time>2026-10-05T20:48:16.000Z</time>
        <extensions>
          <ns3:TrackPointExtension/>
        </extensions>
      </trkpt>
      <trkpt lat="44.26997185684740543365478515625" lon="-80.15084333717823028564453125">
        <ele>432.79998779296875</ele>
        <time>2026-10-05T20:48:22.000Z</time>
        <extensions>
          <ns3:TrackPointExtension/>
        </extensions>
      </trkpt>
      <trkpt lat="44.26998979412019252777099609375" lon="-80.15078994445502758026123046875">
        <ele>433</ele>
        <time>2026-10-05T20:48:25.000Z</time>
        <extensions>
          <ns3:TrackPointExtension/>
        </extensions>
      </trkpt>
      <trkpt lat="44.27001778967678546905517578125" lon="-80.150650553405284881591796875">
        <ele>433.600006103515625</ele>
        <time>2026-10-05T20:48:33.000Z</time>
        <extensions>
          <ns3:TrackPointExtension/>
        </extensions>
      </trkpt>
      <trkpt lat="44.27002449519932270050048828125" lon="-80.15060738660395145416259765625">
        <ele>433.79998779296875</ele>
        <time>2026-10-05T20:48:36.000Z</time>
        <extensions>
          <ns3:TrackPointExtension/>
        </extensions>
      </trkpt>
      <trkpt lat="44.27003270946443080902099609375" lon="-80.1505145989358425140380859375">
        <ele>434.399993896484375</ele>
        <time>2026-10-05T20:48:42.000Z</time>
        <extensions>
          <ns3:TrackPointExtension/>
        </extensions>
      </trkpt>
      <trkpt lat="44.27004025317728519439697265625" lon="-80.15045039355754852294921875">
        <ele>434.79998779296875</ele>
        <time>2026-10-05T20:48:46.000Z</time>
        <extensions>
          <ns3:TrackPointExtension/>
        </extensions>
      </trkpt>
      <trkpt lat="44.270051904022693634033203125" lon="-80.150386355817317962646484375">
        <ele>435.399993896484375</ele>
        <time>2026-10-05T20:48:50.000Z</time>
        <extensions>
          <ns3:TrackPointExtension/>
        </extensions>
      </trkpt>
      <trkpt lat="44.27006070502102375030517578125" lon="-80.15035592950880527496337890625">
        <ele>435.79998779296875</ele>
        <time>2026-10-05T20:48:52.000Z</time>
        <extensions>
          <ns3:TrackPointExtension/>
        </extensions>
      </trkpt>
      <trkpt lat="44.27007948048412799835205078125" lon="-80.15027043409645557403564453125">
        <ele>436.79998779296875</ele>
        <time>2026-10-05T20:48:58.000Z</time>
        <extensions>
          <ns3:TrackPointExtension/>
        </extensions>
      </trkpt>
      <trkpt lat="44.2700866051018238067626953125" lon="-80.15025551430881023406982421875">
        <ele>437</ele>
        <time>2026-10-05T20:48:59.000Z</time>
        <extensions>
          <ns3:TrackPointExtension/>
        </extensions>
      </trkpt>
      <trkpt lat="44.270112924277782440185546875" lon="-80.1501541770994663238525390625">
        <ele>438</ele>
        <time>2026-10-05T20:49:06.000Z</time>
        <extensions>
          <ns3:TrackPointExtension/>
        </extensions>
      </trkpt>
      <trkpt lat="44.2701161094009876251220703125" lon="-80.15013934113085269927978515625">
        <ele>438</ele>
        <time>2026-10-05T20:49:07.000Z</time>
        <extensions>
          <ns3:TrackPointExtension/>
        </extensions>
      </trkpt>
      <trkpt lat="44.270133711397647857666015625" lon="-80.15009189955890178680419921875">
        <ele>439</ele>
        <time>2026-10-05T20:49:10.000Z</time>
        <extensions>
          <ns3:TrackPointExtension/>
        </extensions>
      </trkpt>
      <trkpt lat="44.27014787681400775909423828125" lon="-80.15003741718828678131103515625">
        <ele>439.399993896484375</ele>
        <time>2026-10-05T20:49:14.000Z</time>
        <extensions>
          <ns3:TrackPointExtension/>
        </extensions>
      </trkpt>
      <trkpt lat="44.270167239010334014892578125" lon="-80.14995284378528594970703125">
        <ele>440</ele>
        <time>2026-10-05T20:49:20.000Z</time>
        <extensions>
          <ns3:TrackPointExtension/>
        </extensions>
      </trkpt>
      <trkpt lat="44.27017050795257091522216796875" lon="-80.14993130229413509368896484375">
        <ele>440</ele>
        <time>2026-10-05T20:49:22.000Z</time>
        <extensions>
          <ns3:TrackPointExtension/>
        </extensions>
      </trkpt>
      <trkpt lat="44.270192049443721771240234375" lon="-80.14981982298195362091064453125">
        <ele>440.600006103515625</ele>
        <time>2026-10-05T20:49:30.000Z</time>
        <extensions>
          <ns3:TrackPointExtension/>
        </extensions>
      </trkpt>
      <trkpt lat="44.27019967697560787200927734375" lon="-80.14979191124439239501953125">
        <ele>441</ele>
        <time>2026-10-05T20:49:32.000Z</time>
        <extensions>
          <ns3:TrackPointExtension/>
        </extensions>
      </trkpt>
      <trkpt lat="44.2702125012874603271484375" lon="-80.149719826877117156982421875">
        <ele>442</ele>
        <time>2026-10-05T20:49:37.000Z</time>
        <extensions>
          <ns3:TrackPointExtension/>
        </extensions>
      </trkpt>
      <trkpt lat="44.270224906504154205322265625" lon="-80.14968437142670154571533203125">
        <ele>442.600006103515625</ele>
        <time>2026-10-05T20:49:40.000Z</time>
        <extensions>
          <ns3:TrackPointExtension/>
        </extensions>
      </trkpt>
      <trkpt lat="44.2702388204634189605712890625" lon="-80.1496318168938159942626953125">
        <ele>443</ele>
        <time>2026-10-05T20:49:43.000Z</time>
        <extensions>
          <ns3:TrackPointExtension/>
        </extensions>
      </trkpt>
      <trkpt lat="44.270243681967258453369140625" lon="-80.14955461956560611724853515625">
        <ele>443.600006103515625</ele>
        <time>2026-10-05T20:49:48.000Z</time>
        <extensions>
          <ns3:TrackPointExtension/>
        </extensions>
      </trkpt>
      <trkpt lat="44.270255751907825469970703125" lon="-80.1495117880403995513916015625">
        <ele>444</ele>
        <time>2026-10-05T20:49:51.000Z</time>
        <extensions>
          <ns3:TrackPointExtension/>
        </extensions>
      </trkpt>
      <trkpt lat="44.27027008496224880218505859375" lon="-80.14943442307412624359130859375">
        <ele>445.399993896484375</ele>
        <time>2026-10-05T20:49:56.000Z</time>
        <extensions>
          <ns3:TrackPointExtension/>
        </extensions>
      </trkpt>
      <trkpt lat="44.27027796395123004913330078125" lon="-80.1493736542761325836181640625">
        <ele>446.399993896484375</ele>
        <time>2026-10-05T20:50:01.000Z</time>
        <extensions>
          <ns3:TrackPointExtension/>
        </extensions>
      </trkpt>
      <trkpt lat="44.2702787183225154876708984375" lon="-80.14932327903807163238525390625">
        <ele>447.600006103515625</ele>
        <time>2026-10-05T20:50:05.000Z</time>
        <extensions>
          <ns3:TrackPointExtension/>
        </extensions>
      </trkpt>
      <trkpt lat="44.27029590122401714324951171875" lon="-80.14920450747013092041015625">
        <ele>448.600006103515625</ele>
        <time>2026-10-05T20:50:14.000Z</time>
        <extensions>
          <ns3:TrackPointExtension/>
        </extensions>
      </trkpt>
      <trkpt lat="44.2703045345842838287353515625" lon="-80.1491282321512699127197265625">
        <ele>449.600006103515625</ele>
        <time>2026-10-05T20:50:20.000Z</time>
        <extensions>
          <ns3:TrackPointExtension/>
        </extensions>
      </trkpt>
      <trkpt lat="44.27030763588845729827880859375" lon="-80.14908908866345882415771484375">
        <ele>450</ele>
        <time>2026-10-05T20:50:23.000Z</time>
        <extensions>
          <ns3:TrackPointExtension/>
        </extensions>
      </trkpt>
      <trkpt lat="44.27032372914254665374755859375" lon="-80.148948691785335540771484375">
        <ele>450.399993896484375</ele>
        <time>2026-10-05T20:50:33.000Z</time>
        <extensions>
          <ns3:TrackPointExtension/>
        </extensions>
      </trkpt>
      <trkpt lat="44.27036379463970661163330078125" lon="-80.1488149166107177734375">
        <ele>450.600006103515625</ele>
        <time>2026-10-05T20:50:42.000Z</time>
        <extensions>
          <ns3:TrackPointExtension/>
        </extensions>
      </trkpt>
      <trkpt lat="44.27036815322935581207275390625" lon="-80.1488001644611358642578125">
        <ele>450.600006103515625</ele>
        <time>2026-10-05T20:50:43.000Z</time>
        <extensions>
          <ns3:TrackPointExtension/>
        </extensions>
      </trkpt>
      <trkpt lat="44.27039246074855327606201171875" lon="-80.14865909703075885772705078125">
        <ele>450.79998779296875</ele>
        <time>2026-10-05T20:50:52.000Z</time>
        <extensions>
          <ns3:TrackPointExtension/>
        </extensions>
      </trkpt>
      <trkpt lat="44.27042447961866855621337890625" lon="-80.14847503043711185455322265625">
        <ele>449.79998779296875</ele>
        <time>2026-10-05T20:51:03.000Z</time>
        <extensions>
          <ns3:TrackPointExtension/>
        </extensions>
      </trkpt>
      <trkpt lat="44.2704721726477146148681640625" lon="-80.14833522029221057891845703125">
        <ele>449.600006103515625</ele>
        <time>2026-10-05T20:51:12.000Z</time>
        <extensions>
          <ns3:TrackPointExtension/>
        </extensions>
      </trkpt>
      <trkpt lat="44.270475693047046661376953125" lon="-80.14832063578069210052490234375">
        <ele>449.600006103515625</ele>
        <time>2026-10-05T20:51:13.000Z</time>
        <extensions>
          <ns3:TrackPointExtension/>
        </extensions>
      </trkpt>
      <trkpt lat="44.27051198668777942657470703125" lon="-80.14819809235632419586181640625">
        <ele>449.399993896484375</ele>
        <time>2026-10-05T20:51:21.000Z</time>
        <extensions>
          <ns3:TrackPointExtension/>
        </extensions>
      </trkpt>
      <trkpt lat="44.27055054344236850738525390625" lon="-80.14803330413997173309326171875">
        <ele>448.600006103515625</ele>
        <time>2026-10-05T20:51:31.000Z</time>
        <extensions>
          <ns3:TrackPointExtension/>
        </extensions>
      </trkpt>
      <trkpt lat="44.27055238746106624603271484375" lon="-80.14801838435232639312744140625">
        <ele>448.399993896484375</ele>
        <time>2026-10-05T20:51:32.000Z</time>
        <extensions>
          <ns3:TrackPointExtension/>
        </extensions>
      </trkpt>
      <trkpt lat="44.2705814726650714874267578125" lon="-80.14788041822612285614013671875">
        <ele>448.20001220703125</ele>
        <time>2026-10-05T20:51:41.000Z</time>
        <extensions>
          <ns3:TrackPointExtension/>
        </extensions>
      </trkpt>
      <trkpt lat="44.2705610208213329315185546875" lon="-80.14776893891394138336181640625">
        <ele>447.600006103515625</ele>
        <time>2026-10-05T20:51:49.000Z</time>
        <extensions>
          <ns3:TrackPointExtension/>
        </extensions>
      </trkpt>
      <trkpt lat="44.27054149098694324493408203125" lon="-80.14773658476769924163818359375">
        <ele>447.600006103515625</ele>
        <time>2026-10-05T20:51:52.000Z</time>
        <extensions>
          <ns3:TrackPointExtension/>
        </extensions>
      </trkpt>
      <trkpt lat="44.27050829865038394927978515625" lon="-80.1477106846868991851806640625">
        <ele>447.399993896484375</ele>
        <time>2026-10-05T20:51:56.000Z</time>
        <extensions>
          <ns3:TrackPointExtension/>
        </extensions>
      </trkpt>
      <trkpt lat="44.2704138346016407012939453125" lon="-80.14767237938940525054931640625">
        <ele>446.79998779296875</ele>
        <time>2026-10-05T20:52:04.000Z</time>
        <extensions>
          <ns3:TrackPointExtension/>
        </extensions>
      </trkpt>
      <trkpt lat="44.27031501196324825286865234375" lon="-80.14764077961444854736328125">
        <ele>446.600006103515625</ele>
        <time>2026-10-05T20:52:12.000Z</time>
        <extensions>
          <ns3:TrackPointExtension/>
        </extensions>
      </trkpt>
      <trkpt lat="44.27029154263436794281005859375" lon="-80.1476308889687061309814453125">
        <ele>446.399993896484375</ele>
        <time>2026-10-05T20:52:14.000Z</time>
        <extensions>
          <ns3:TrackPointExtension/>
        </extensions>
      </trkpt>
      <trkpt lat="44.27021761424839496612548828125" lon="-80.14762493781745433807373046875">
        <ele>446</ele>
        <time>2026-10-05T20:52:21.000Z</time>
        <extensions>
          <ns3:TrackPointExtension/>
        </extensions>
      </trkpt>
      <trkpt lat="44.270126335322856903076171875" lon="-80.14759493060410022735595703125">
        <ele>445.79998779296875</ele>
        <time>2026-10-05T20:52:30.000Z</time>
        <extensions>
          <ns3:TrackPointExtension/>
        </extensions>
      </trkpt>
      <trkpt lat="44.27003924734890460968017578125" lon="-80.147561319172382354736328125">
        <ele>446.20001220703125</ele>
        <time>2026-10-05T20:52:37.000Z</time>
        <extensions>
          <ns3:TrackPointExtension/>
        </extensions>
      </trkpt>
      <trkpt lat="44.26995056681334972381591796875" lon="-80.1475470699369907379150390625">
        <ele>446.79998779296875</ele>
        <time>2026-10-05T20:52:46.000Z</time>
        <extensions>
          <ns3:TrackPointExtension/>
        </extensions>
      </trkpt>
      <trkpt lat="44.269854761660099029541015625" lon="-80.147522427141666412353515625">
        <ele>447</ele>
        <time>2026-10-05T20:52:53.000Z</time>
        <extensions>
          <ns3:TrackPointExtension/>
        </extensions>
      </trkpt>
      <trkpt lat="44.269757531583309173583984375" lon="-80.14749736525118350982666015625">
        <ele>447</ele>
        <time>2026-10-05T20:53:01.000Z</time>
        <extensions>
          <ns3:TrackPointExtension/>
        </extensions>
      </trkpt>
      <trkpt lat="44.26963876001536846160888671875" lon="-80.14746082015335559844970703125">
        <ele>447.20001220703125</ele>
        <time>2026-10-05T20:53:10.000Z</time>
        <extensions>
          <ns3:TrackPointExtension/>
        </extensions>
      </trkpt>
      <trkpt lat="44.26958461292088031768798828125" lon="-80.14744699001312255859375">
        <ele>447.600006103515625</ele>
        <time>2026-10-05T20:53:14.000Z</time>
        <extensions>
          <ns3:TrackPointExtension/>
        </extensions>
      </trkpt>
      <trkpt lat="44.26953147165477275848388671875" lon="-80.14743424952030181884765625">
        <ele>447.600006103515625</ele>
        <time>2026-10-05T20:53:19.000Z</time>
        <extensions>
          <ns3:TrackPointExtension/>
        </extensions>
      </trkpt>
      <trkpt lat="44.2694975249469280242919921875" lon="-80.14742310158908367156982421875">
        <ele>448.600006103515625</ele>
        <time>2026-10-05T20:53:23.000Z</time>
        <extensions>
          <ns3:TrackPointExtension/>
        </extensions>
      </trkpt>
      <trkpt lat="44.26947296597063541412353515625" lon="-80.14743693172931671142578125">
        <ele>448.79998779296875</ele>
        <time>2026-10-05T20:53:25.000Z</time>
        <extensions>
          <ns3:TrackPointExtension/>
        </extensions>
      </trkpt>
      <trkpt lat="44.2693453095853328704833984375" lon="-80.14740583486855030059814453125">
        <ele>448.399993896484375</ele>
        <time>2026-10-05T20:53:37.000Z</time>
        <extensions>
          <ns3:TrackPointExtension/>
        </extensions>
      </trkpt>
      <trkpt lat="44.26923575811088085174560546875" lon="-80.1473623327910900115966796875">
        <ele>447.600006103515625</ele>
        <time>2026-10-05T20:53:47.000Z</time>
        <extensions>
          <ns3:TrackPointExtension/>
        </extensions>
      </trkpt>
      <trkpt lat="44.26921329461038112640380859375" lon="-80.147362835705280303955078125">
        <ele>447.600006103515625</ele>
        <time>2026-10-05T20:53:51.000Z</time>
        <extensions>
          <ns3:TrackPointExtension/>
        </extensions>
      </trkpt>
      <trkpt lat="44.26919703371822834014892578125" lon="-80.1473630033433437347412109375">
        <ele>447.600006103515625</ele>
        <time>2026-10-05T20:54:03.000Z</time>
        <extensions>
          <ns3:TrackPointExtension/>
        </extensions>
      </trkpt>
      <trkpt lat="44.2691179923713207244873046875" lon="-80.14736987650394439697265625">
        <ele>448</ele>
        <time>2026-10-05T20:54:11.000Z</time>
        <extensions>
          <ns3:TrackPointExtension/>
        </extensions>
      </trkpt>
      <trkpt lat="44.269017241895198822021484375" lon="-80.14732486568391323089599609375">
        <ele>447</ele>
        <time>2026-10-05T20:54:22.000Z</time>
        <extensions>
          <ns3:TrackPointExtension/>
        </extensions>
      </trkpt>
      <trkpt lat="44.26895831711590290069580078125" lon="-80.14730441384017467498779296875">
        <ele>446.399993896484375</ele>
        <time>2026-10-05T20:54:28.000Z</time>
        <extensions>
          <ns3:TrackPointExtension/>
        </extensions>
      </trkpt>
      <trkpt lat="44.2689178325235843658447265625" lon="-80.14729469083249568939208984375">
        <ele>445.399993896484375</ele>
        <time>2026-10-05T20:54:33.000Z</time>
        <extensions>
          <ns3:TrackPointExtension/>
        </extensions>
      </trkpt>
      <trkpt lat="44.2689124681055545806884765625" lon="-80.1472892425954341888427734375">
        <ele>445.20001220703125</ele>
        <time>2026-10-05T20:54:34.000Z</time>
        <extensions>
          <ns3:TrackPointExtension/>
        </extensions>
      </trkpt>
      <trkpt lat="44.268861673772335052490234375" lon="-80.1472131349146366119384765625">
        <ele>444.399993896484375</ele>
        <time>2026-10-05T20:54:42.000Z</time>
        <extensions>
          <ns3:TrackPointExtension/>
        </extensions>
      </trkpt>
      <trkpt lat="44.268847592175006866455078125" lon="-80.147211290895938873291015625">
        <ele>444.20001220703125</ele>
        <time>2026-10-05T20:54:43.000Z</time>
        <extensions>
          <ns3:TrackPointExtension/>
        </extensions>
      </trkpt>
      <trkpt lat="44.26878078840672969818115234375" lon="-80.1472074352204799652099609375">
        <ele>443.600006103515625</ele>
        <time>2026-10-05T20:54:50.000Z</time>
        <extensions>
          <ns3:TrackPointExtension/>
        </extensions>
      </trkpt>
      <trkpt lat="44.26876620389521121978759765625" lon="-80.14721321873366832733154296875">
        <ele>443.399993896484375</ele>
        <time>2026-10-05T20:54:51.000Z</time>
        <extensions>
          <ns3:TrackPointExtension/>
        </extensions>
      </trkpt>
      <trkpt lat="44.26874575205147266387939453125" lon="-80.14721405692398548126220703125">
        <ele>443.20001220703125</ele>
        <time>2026-10-05T20:54:53.000Z</time>
        <extensions>
          <ns3:TrackPointExtension/>
        </extensions>
      </trkpt>
      <trkpt lat="44.2686962150037288665771484375" lon="-80.14721791259944438934326171875">
        <ele>442.20001220703125</ele>
        <time>2026-10-05T20:54:58.000Z</time>
        <extensions>
          <ns3:TrackPointExtension/>
        </extensions>
      </trkpt>
      <trkpt lat="44.268645755946636199951171875" lon="-80.14720316044986248016357421875">
        <ele>441</ele>
        <time>2026-10-05T20:55:04.000Z</time>
        <extensions>
          <ns3:TrackPointExtension/>
        </extensions>
      </trkpt>
      <trkpt lat="44.26860678009688854217529296875" lon="-80.14719980768859386444091796875">
        <ele>440</ele>
        <time>2026-10-05T20:55:08.000Z</time>
        <extensions>
          <ns3:TrackPointExtension/>
        </extensions>
      </trkpt>
      <trkpt lat="44.26854425109922885894775390625" lon="-80.14718907885253429412841796875">
        <ele>439</ele>
        <time>2026-10-05T20:55:14.000Z</time>
        <extensions>
          <ns3:TrackPointExtension/>
        </extensions>
      </trkpt>
      <trkpt lat="44.26846479065716266632080078125" lon="-80.1471718959510326385498046875">
        <ele>438.20001220703125</ele>
        <time>2026-10-05T20:55:21.000Z</time>
        <extensions>
          <ns3:TrackPointExtension/>
        </extensions>
      </trkpt>
      <trkpt lat="44.2684340290725231170654296875" lon="-80.14717097394168376922607421875">
        <ele>438</ele>
        <time>2026-10-05T20:55:24.000Z</time>
        <extensions>
          <ns3:TrackPointExtension/>
        </extensions>
      </trkpt>
      <trkpt lat="44.268299080431461334228515625" lon="-80.1471264660358428955078125">
        <ele>438.20001220703125</ele>
        <time>2026-10-05T20:55:36.000Z</time>
        <extensions>
          <ns3:TrackPointExtension/>
        </extensions>
      </trkpt>
      <trkpt lat="44.268208555877208709716796875" lon="-80.147116072475910186767578125">
        <ele>439</ele>
        <time>2026-10-05T20:55:45.000Z</time>
        <extensions>
          <ns3:TrackPointExtension/>
        </extensions>
      </trkpt>
      <trkpt lat="44.268161952495574951171875" lon="-80.1470954529941082000732421875">
        <ele>439.600006103515625</ele>
        <time>2026-10-05T20:55:50.000Z</time>
        <extensions>
          <ns3:TrackPointExtension/>
        </extensions>
      </trkpt>
      <trkpt lat="44.26813638769090175628662109375" lon="-80.1470756717026233673095703125">
        <ele>440</ele>
        <time>2026-10-05T20:55:53.000Z</time>
        <extensions>
          <ns3:TrackPointExtension/>
        </extensions>
      </trkpt>
      <trkpt lat="44.2680585198104381561279296875" lon="-80.14705982990562915802001953125">
        <ele>441.20001220703125</ele>
        <time>2026-10-05T20:56:01.000Z</time>
        <extensions>
          <ns3:TrackPointExtension/>
        </extensions>
      </trkpt>
      <trkpt lat="44.26804862916469573974609375" lon="-80.14705982990562915802001953125">
        <ele>441.20001220703125</ele>
        <time>2026-10-05T20:56:02.000Z</time>
        <extensions>
          <ns3:TrackPointExtension/>
        </extensions>
      </trkpt>
      <trkpt lat="44.26800227724015712738037109375" lon="-80.14705530367791652679443359375">
        <ele>442.20001220703125</ele>
        <time>2026-10-05T20:56:06.000Z</time>
        <extensions>
          <ns3:TrackPointExtension/>
        </extensions>
      </trkpt>
      <trkpt lat="44.26787839271128177642822265625" lon="-80.14704356901347637176513671875">
        <ele>443.20001220703125</ele>
        <time>2026-10-05T20:56:17.000Z</time>
        <extensions>
          <ns3:TrackPointExtension/>
        </extensions>
      </trkpt>
      <trkpt lat="44.267868585884571075439453125" lon="-80.1470418088138103485107421875">
        <ele>443.399993896484375</ele>
        <time>2026-10-05T20:56:18.000Z</time>
        <extensions>
          <ns3:TrackPointExtension/>
        </extensions>
      </trkpt>
      <trkpt lat="44.2677527479827404022216796875" lon="-80.147006772458553314208984375">
        <ele>443.79998779296875</ele>
        <time>2026-10-05T20:56:29.000Z</time>
        <extensions>
          <ns3:TrackPointExtension/>
        </extensions>
      </trkpt>
      <trkpt lat="44.2676001973450183868408203125" lon="-80.146960504353046417236328125">
        <ele>443.600006103515625</ele>
        <time>2026-10-05T20:56:44.000Z</time>
        <extensions>
          <ns3:TrackPointExtension/>
        </extensions>
      </trkpt>
      <trkpt lat="44.26748779602348804473876953125" lon="-80.14692940749228000640869140625">
        <ele>443.399993896484375</ele>
        <time>2026-10-05T20:56:55.000Z</time>
        <extensions>
          <ns3:TrackPointExtension/>
        </extensions>
      </trkpt>
      <trkpt lat="44.26734723150730133056640625" lon="-80.1469100452959537506103515625">
        <ele>443.399993896484375</ele>
        <time>2026-10-05T20:57:08.000Z</time>
        <extensions>
          <ns3:TrackPointExtension/>
        </extensions>
      </trkpt>
      <trkpt lat="44.26720951683819293975830078125" lon="-80.14689068309962749481201171875">
        <ele>443.79998779296875</ele>
        <time>2026-10-05T20:57:21.000Z</time>
        <extensions>
          <ns3:TrackPointExtension/>
        </extensions>
      </trkpt>
      <trkpt lat="44.26706987433135509490966796875" lon="-80.14685028232634067535400390625">
        <ele>443.399993896484375</ele>
        <time>2026-10-05T20:57:34.000Z</time>
        <extensions>
          <ns3:TrackPointExtension/>
        </extensions>
      </trkpt>
      <trkpt lat="44.26692034117877483367919921875" lon="-80.1468597538769245147705078125">
        <ele>443.20001220703125</ele>
        <time>2026-10-05T20:57:49.000Z</time>
        <extensions>
          <ns3:TrackPointExtension/>
        </extensions>
      </trkpt>
      <trkpt lat="44.26674800924956798553466796875" lon="-80.14683033339679241180419921875">
        <ele>442.79998779296875</ele>
        <time>2026-10-05T20:58:02.000Z</time>
        <extensions>
          <ns3:TrackPointExtension/>
        </extensions>
      </trkpt>
      <trkpt lat="44.2666138149797916412353515625" lon="-80.1467839814722537994384765625">
        <ele>442.399993896484375</ele>
        <time>2026-10-05T20:58:13.000Z</time>
        <extensions>
          <ns3:TrackPointExtension/>
        </extensions>
      </trkpt>
      <trkpt lat="44.2665293253958225250244140625" lon="-80.14675305224955081939697265625">
        <ele>442.20001220703125</ele>
        <time>2026-10-05T20:58:21.000Z</time>
        <extensions>
          <ns3:TrackPointExtension/>
        </extensions>
      </trkpt>
      <trkpt lat="44.26645807921886444091796875" lon="-80.14674249105155467987060546875">
        <ele>441.79998779296875</ele>
        <time>2026-10-05T20:58:27.000Z</time>
        <extensions>
          <ns3:TrackPointExtension/>
        </extensions>
      </trkpt>
      <trkpt lat="44.266308881342411041259765625" lon="-80.146719776093959808349609375">
        <ele>442</ele>
        <time>2026-10-05T20:58:39.000Z</time>
        <extensions>
          <ns3:TrackPointExtension/>
        </extensions>
      </trkpt>
      <trkpt lat="44.26617619581520557403564453125" lon="-80.1466317661106586456298828125">
        <ele>443.20001220703125</ele>
        <time>2026-10-05T20:58:52.000Z</time>
        <extensions>
          <ns3:TrackPointExtension/>
        </extensions>
      </trkpt>
      <trkpt lat="44.2661377228796482086181640625" lon="-80.146619193255901336669921875">
        <ele>443.399993896484375</ele>
        <time>2026-10-05T20:58:55.000Z</time>
        <extensions>
          <ns3:TrackPointExtension/>
        </extensions>
      </trkpt>
      <trkpt lat="44.2660136707127094268798828125" lon="-80.146615840494632720947265625">
        <ele>443.600006103515625</ele>
        <time>2026-10-05T20:59:04.000Z</time>
        <extensions>
          <ns3:TrackPointExtension/>
        </extensions>
      </trkpt>
      <trkpt lat="44.2658968269824981689453125" lon="-80.1465958915650844573974609375">
        <ele>443.20001220703125</ele>
        <time>2026-10-05T20:59:18.000Z</time>
        <extensions>
          <ns3:TrackPointExtension/>
        </extensions>
      </trkpt>
      <trkpt lat="44.2658721841871738433837890625" lon="-80.1465915329754352569580078125">
        <ele>443.399993896484375</ele>
        <time>2026-10-05T20:59:31.000Z</time>
        <extensions>
          <ns3:TrackPointExtension/>
        </extensions>
      </trkpt>
      <trkpt lat="44.2657776363193988800048828125" lon="-80.14657904393970966339111328125">
        <ele>443.399993896484375</ele>
        <time>2026-10-05T20:59:43.000Z</time>
        <extensions>
          <ns3:TrackPointExtension/>
        </extensions>
      </trkpt>
      <trkpt lat="44.2656693421304225921630859375" lon="-80.1465291716158390045166015625">
        <ele>443.399993896484375</ele>
        <time>2026-10-05T20:59:56.000Z</time>
        <extensions>
          <ns3:TrackPointExtension/>
        </extensions>
      </trkpt>
      <trkpt lat="44.265508241951465606689453125" lon="-80.14647133648395538330078125">
        <ele>443.399993896484375</ele>
        <time>2026-10-05T21:00:12.000Z</time>
        <extensions>
          <ns3:TrackPointExtension/>
        </extensions>
      </trkpt>
      <trkpt lat="44.265364073216915130615234375" lon="-80.14643705449998378753662109375">
        <ele>443.399993896484375</ele>
        <time>2026-10-05T21:00:26.000Z</time>
        <extensions>
          <ns3:TrackPointExtension/>
        </extensions>
      </trkpt>
      <trkpt lat="44.26524044014513492584228515625" lon="-80.1464074663817882537841796875">
        <ele>444.399993896484375</ele>
        <time>2026-10-05T21:00:34.000Z</time>
        <extensions>
          <ns3:TrackPointExtension/>
        </extensions>
      </trkpt>
      <trkpt lat="44.265160895884037017822265625" lon="-80.14641794376075267791748046875">
        <ele>445.20001220703125</ele>
        <time>2026-10-05T21:00:39.000Z</time>
        <extensions>
          <ns3:TrackPointExtension/>
        </extensions>
      </trkpt>
      <trkpt lat="44.26502502523362636566162109375" lon="-80.146423391997814178466796875">
        <ele>445.399993896484375</ele>
        <time>2026-10-05T21:00:49.000Z</time>
        <extensions>
          <ns3:TrackPointExtension/>
        </extensions>
      </trkpt>
      <trkpt lat="44.26496031694114208221435546875" lon="-80.1464081369340419769287109375">
        <ele>446</ele>
        <time>2026-10-05T21:00:55.000Z</time>
        <extensions>
          <ns3:TrackPointExtension/>
        </extensions>
      </trkpt>
      <trkpt lat="44.26478513516485691070556640625" lon="-80.1463246531784534454345703125">
        <ele>446.399993896484375</ele>
        <time>2026-10-05T21:01:10.000Z</time>
        <extensions>
          <ns3:TrackPointExtension/>
        </extensions>
      </trkpt>
      <trkpt lat="44.26477172411978244781494140625" lon="-80.14631937257945537567138671875">
        <ele>446.399993896484375</ele>
        <time>2026-10-05T21:01:11.000Z</time>
        <extensions>
          <ns3:TrackPointExtension/>
        </extensions>
      </trkpt>
      <trkpt lat="44.26476166583597660064697265625" lon="-80.14631367288529872894287109375">
        <ele>446.600006103515625</ele>
        <time>2026-10-05T21:01:12.000Z</time>
        <extensions>
          <ns3:TrackPointExtension/>
        </extensions>
      </trkpt>
      <trkpt lat="44.264594279229640960693359375" lon="-80.14627930708229541778564453125">
        <ele>446.79998779296875</ele>
        <time>2026-10-05T21:01:26.000Z</time>
        <extensions>
          <ns3:TrackPointExtension/>
        </extensions>
      </trkpt>
      <trkpt lat="44.2644123919308185577392578125" lon="-80.1462425105273723602294921875">
        <ele>447</ele>
        <time>2026-10-05T21:01:40.000Z</time>
        <extensions>
          <ns3:TrackPointExtension/>
        </extensions>
      </trkpt>
      <trkpt lat="44.26437593065202236175537109375" lon="-80.146248042583465576171875">
        <ele>447</ele>
        <time>2026-10-05T21:01:43.000Z</time>
        <extensions>
          <ns3:TrackPointExtension/>
        </extensions>
      </trkpt>
      <trkpt lat="44.2641963064670562744140625" lon="-80.14622054994106292724609375">
        <ele>447</ele>
        <time>2026-10-05T21:01:58.000Z</time>
        <extensions>
          <ns3:TrackPointExtension/>
        </extensions>
      </trkpt>
      <trkpt lat="44.26418482325971126556396484375" lon="-80.146220214664936065673828125">
        <ele>447</ele>
        <time>2026-10-05T21:01:59.000Z</time>
        <extensions>
          <ns3:TrackPointExtension/>
        </extensions>
      </trkpt>
      <trkpt lat="44.26400159485638141632080078125" lon="-80.1461689174175262451171875">
        <ele>446</ele>
        <time>2026-10-05T21:02:15.000Z</time>
        <extensions>
          <ns3:TrackPointExtension/>
        </extensions>
      </trkpt>
      <trkpt lat="44.26383630372583866119384765625" lon="-80.14614268206059932708740234375">
        <ele>445.600006103515625</ele>
        <time>2026-10-05T21:02:29.000Z</time>
        <extensions>
          <ns3:TrackPointExtension/>
        </extensions>
      </trkpt>
      <trkpt lat="44.26375281997025012969970703125" lon="-80.14610932208597660064697265625">
        <ele>445.399993896484375</ele>
        <time>2026-10-05T21:02:36.000Z</time>
        <extensions>
          <ns3:TrackPointExtension/>
        </extensions>
      </trkpt>
      <trkpt lat="44.26367587409913539886474609375" lon="-80.14608518220484256744384765625">
        <ele>445</ele>
        <time>2026-10-05T21:02:44.000Z</time>
        <extensions>
          <ns3:TrackPointExtension/>
        </extensions>
      </trkpt>
      <trkpt lat="44.26355634815990924835205078125" lon="-80.1460369862616062164306640625">
        <ele>444.399993896484375</ele>
        <time>2026-10-05T21:02:57.000Z</time>
        <extensions>
          <ns3:TrackPointExtension/>
        </extensions>
      </trkpt>
      <trkpt lat="44.26346733234822750091552734375" lon="-80.146003626286983489990234375">
        <ele>444.399993896484375</ele>
        <time>2026-10-05T21:03:05.000Z</time>
        <extensions>
          <ns3:TrackPointExtension/>
        </extensions>
      </trkpt>
      <trkpt lat="44.263409413397312164306640625" lon="-80.14598828740417957305908203125">
        <ele>444.20001220703125</ele>
        <time>2026-10-05T21:03:10.000Z</time>
        <extensions>
          <ns3:TrackPointExtension/>
        </extensions>
      </trkpt>
      <trkpt lat="44.26324051804840564727783203125" lon="-80.14595794491469860076904296875">
        <ele>443.399993896484375</ele>
        <time>2026-10-05T21:03:25.000Z</time>
        <extensions>
          <ns3:TrackPointExtension/>
        </extensions>
      </trkpt>
      <trkpt lat="44.2630991153419017791748046875" lon="-80.1459384150803089141845703125">
        <ele>442.399993896484375</ele>
        <time>2026-10-05T21:03:39.000Z</time>
        <extensions>
          <ns3:TrackPointExtension/>
        </extensions>
      </trkpt>
      <trkpt lat="44.26307120360434055328369140625" lon="-80.1459296979010105133056640625">
        <ele>442.20001220703125</ele>
        <time>2026-10-05T21:03:42.000Z</time>
        <extensions>
          <ns3:TrackPointExtension/>
        </extensions>
      </trkpt>
      <trkpt lat="44.262994341552257537841796875" lon="-80.145933888852596282958984375">
        <ele>441.20001220703125</ele>
        <time>2026-10-05T21:03:53.000Z</time>
        <extensions>
          <ns3:TrackPointExtension/>
        </extensions>
      </trkpt>
      <trkpt lat="44.26297564990818500518798828125" lon="-80.145938582718372344970703125">
        <ele>440.20001220703125</ele>
        <time>2026-10-05T21:03:58.000Z</time>
        <extensions>
          <ns3:TrackPointExtension/>
        </extensions>
      </trkpt>
      <trkpt lat="44.262923263013362884521484375" lon="-80.145931541919708251953125">
        <ele>439.20001220703125</ele>
        <time>2026-10-05T21:04:05.000Z</time>
        <extensions>
          <ns3:TrackPointExtension/>
        </extensions>
      </trkpt>
      <trkpt lat="44.26286919973790645599365234375" lon="-80.14589156024158000946044921875">
        <ele>438.20001220703125</ele>
        <time>2026-10-05T21:04:11.000Z</time>
        <extensions>
          <ns3:TrackPointExtension/>
        </extensions>
      </trkpt>
      <trkpt lat="44.2628605663776397705078125" lon="-80.14588259160518646240234375">
        <ele>438</ele>
        <time>2026-10-05T21:04:12.000Z</time>
        <extensions>
          <ns3:TrackPointExtension/>
        </extensions>
      </trkpt>
      <trkpt lat="44.26271237432956695556640625" lon="-80.14584747143089771270751953125">
        <ele>436.79998779296875</ele>
        <time>2026-10-05T21:04:25.000Z</time>
        <extensions>
          <ns3:TrackPointExtension/>
        </extensions>
      </trkpt>
      <trkpt lat="44.26270441152155399322509765625" lon="-80.1458443701267242431640625">
        <ele>436.79998779296875</ele>
        <time>2026-10-05T21:04:26.000Z</time>
        <extensions>
          <ns3:TrackPointExtension/>
        </extensions>
      </trkpt>
      <trkpt lat="44.26257818005979061126708984375" lon="-80.145853422582149505615234375">
        <ele>436</ele>
        <time>2026-10-05T21:04:43.000Z</time>
        <extensions>
          <ns3:TrackPointExtension/>
        </extensions>
      </trkpt>
      <trkpt lat="44.2625569738447666168212890625" lon="-80.14585384167730808258056640625">
        <ele>435.79998779296875</ele>
        <time>2026-10-05T21:04:46.000Z</time>
        <extensions>
          <ns3:TrackPointExtension/>
        </extensions>
      </trkpt>
      <trkpt lat="44.26248899661004543304443359375" lon="-80.1458229124546051025390625">
        <ele>434.600006103515625</ele>
        <time>2026-10-05T21:04:54.000Z</time>
        <extensions>
          <ns3:TrackPointExtension/>
        </extensions>
      </trkpt>
      <trkpt lat="44.26245831884443759918212890625" lon="-80.14580992050468921661376953125">
        <ele>434.20001220703125</ele>
        <time>2026-10-05T21:04:57.000Z</time>
        <extensions>
          <ns3:TrackPointExtension/>
        </extensions>
      </trkpt>
      <trkpt lat="44.2623346857726573944091796875" lon="-80.14576256275177001953125">
        <ele>433.600006103515625</ele>
        <time>2026-10-05T21:05:10.000Z</time>
        <extensions>
          <ns3:TrackPointExtension/>
        </extensions>
      </trkpt>
      <trkpt lat="44.26232538186013698577880859375" lon="-80.14575979672372341156005859375">
        <ele>433.600006103515625</ele>
        <time>2026-10-05T21:05:11.000Z</time>
        <extensions>
          <ns3:TrackPointExtension/>
        </extensions>
      </trkpt>
      <trkpt lat="44.26228933967649936676025390625" lon="-80.14573951251804828643798828125">
        <ele>432.399993896484375</ele>
        <time>2026-10-05T21:05:16.000Z</time>
        <extensions>
          <ns3:TrackPointExtension/>
        </extensions>
      </trkpt>
      <trkpt lat="44.2622029222548007965087890625" lon="-80.14574110507965087890625">
        <ele>431.399993896484375</ele>
        <time>2026-10-05T21:05:24.000Z</time>
        <extensions>
          <ns3:TrackPointExtension/>
        </extensions>
      </trkpt>
      <trkpt lat="44.26218624226748943328857421875" lon="-80.1457338966429233551025390625">
        <ele>431.399993896484375</ele>
        <time>2026-10-05T21:05:25.000Z</time>
        <extensions>
          <ns3:TrackPointExtension/>
        </extensions>
      </trkpt>
      <trkpt lat="44.262045510113239288330078125" lon="-80.14568804763257503509521484375">
        <ele>430.20001220703125</ele>
        <time>2026-10-05T21:05:38.000Z</time>
        <extensions>
          <ns3:TrackPointExtension/>
        </extensions>
      </trkpt>
      <trkpt lat="44.26186806522309780120849609375" lon="-80.14566172845661640167236328125">
        <ele>429.79998779296875</ele>
        <time>2026-10-05T21:05:54.000Z</time>
        <extensions>
          <ns3:TrackPointExtension/>
        </extensions>
      </trkpt>
      <trkpt lat="44.26171886734664440155029296875" lon="-80.1455971039831638336181640625">
        <ele>430.20001220703125</ele>
        <time>2026-10-05T21:06:11.000Z</time>
        <extensions>
          <ns3:TrackPointExtension/>
        </extensions>
      </trkpt>
      <trkpt lat="44.2616765387356281280517578125" lon="-80.14557288028299808502197265625">
        <ele>431.20001220703125</ele>
        <time>2026-10-05T21:06:19.000Z</time>
        <extensions>
          <ns3:TrackPointExtension/>
        </extensions>
      </trkpt>
      <trkpt lat="44.26163546741008758544921875" lon="-80.14556751586496829986572265625">
        <ele>432.399993896484375</ele>
        <time>2026-10-05T21:06:26.000Z</time>
        <extensions>
          <ns3:TrackPointExtension/>
        </extensions>
      </trkpt>
      <trkpt lat="44.2616252414882183074951171875" lon="-80.14556952752172946929931640625">
        <ele>432.79998779296875</ele>
        <time>2026-10-05T21:06:27.000Z</time>
        <extensions>
          <ns3:TrackPointExtension/>
        </extensions>
      </trkpt>
      <trkpt lat="44.2615731060504913330078125" lon="-80.1455769874155521392822265625">
        <ele>433.600006103515625</ele>
        <time>2026-10-05T21:06:35.000Z</time>
        <extensions>
          <ns3:TrackPointExtension/>
        </extensions>
      </trkpt>
      <trkpt lat="44.26149155013263225555419921875" lon="-80.14557086862623691558837890625">
        <ele>434.600006103515625</ele>
        <time>2026-10-05T21:06:43.000Z</time>
        <extensions>
          <ns3:TrackPointExtension/>
        </extensions>
      </trkpt>
      <trkpt lat="44.26146187819540500640869140625" lon="-80.145553685724735260009765625">
        <ele>435</ele>
        <time>2026-10-05T21:06:46.000Z</time>
        <extensions>
          <ns3:TrackPointExtension/>
        </extensions>
      </trkpt>
      <trkpt lat="44.2613804899156093597412109375" lon="-80.14553298242390155792236328125">
        <ele>435.79998779296875</ele>
        <time>2026-10-05T21:06:54.000Z</time>
        <extensions>
          <ns3:TrackPointExtension/>
        </extensions>
      </trkpt>
      <trkpt lat="44.26131066866219043731689453125" lon="-80.14549710787832736968994140625">
        <ele>436.600006103515625</ele>
        <time>2026-10-05T21:07:03.000Z</time>
        <extensions>
          <ns3:TrackPointExtension/>
        </extensions>
      </trkpt>
      <trkpt lat="44.26127663813531398773193359375" lon="-80.145496688783168792724609375">
        <ele>436.79998779296875</ele>
        <time>2026-10-05T21:07:06.000Z</time>
        <extensions>
          <ns3:TrackPointExtension/>
        </extensions>
      </trkpt>
      <trkpt lat="44.26119902171194553375244140625" lon="-80.14546643011271953582763671875">
        <ele>437.79998779296875</ele>
        <time>2026-10-05T21:07:17.000Z</time>
        <extensions>
          <ns3:TrackPointExtension/>
        </extensions>
      </trkpt>
      <trkpt lat="44.261159710586071014404296875" lon="-80.14546039514243602752685546875">
        <ele>438</ele>
        <time>2026-10-05T21:07:20.000Z</time>
        <extensions>
          <ns3:TrackPointExtension/>
        </extensions>
      </trkpt>
      <trkpt lat="44.26105820573866367340087890625" lon="-80.1454448886215686798095703125">
        <ele>438.20001220703125</ele>
        <time>2026-10-05T21:07:29.000Z</time>
        <extensions>
          <ns3:TrackPointExtension/>
        </extensions>
      </trkpt>
      <trkpt lat="44.26097706891596317291259765625" lon="-80.1454381830990314483642578125">
        <ele>439</ele>
        <time>2026-10-05T21:07:37.000Z</time>
        <extensions>
          <ns3:TrackPointExtension/>
        </extensions>
      </trkpt>
      <trkpt lat="44.2609033919870853424072265625" lon="-80.1453972794115543365478515625">
        <ele>439.399993896484375</ele>
        <time>2026-10-05T21:07:44.000Z</time>
        <extensions>
          <ns3:TrackPointExtension/>
        </extensions>
      </trkpt>
      <trkpt lat="44.2607676051557064056396484375" lon="-80.145330391824245452880859375">
        <ele>438.600006103515625</ele>
        <time>2026-10-05T21:07:58.000Z</time>
        <extensions>
          <ns3:TrackPointExtension/>
        </extensions>
      </trkpt>
      <trkpt lat="44.26067632623016834259033203125" lon="-80.14520801603794097900390625">
        <ele>438.79998779296875</ele>
        <time>2026-10-05T21:08:10.000Z</time>
        <extensions>
          <ns3:TrackPointExtension/>
        </extensions>
      </trkpt>
      <trkpt lat="44.2606764100492000579833984375" lon="-80.145119838416576385498046875">
        <ele>438.79998779296875</ele>
        <time>2026-10-05T21:08:17.000Z</time>
        <extensions>
          <ns3:TrackPointExtension/>
        </extensions>
      </trkpt>
      <trkpt lat="44.2606827802956104278564453125" lon="-80.1450469158589839935302734375">
        <ele>439</ele>
        <time>2026-10-05T21:08:23.000Z</time>
        <extensions>
          <ns3:TrackPointExtension/>
        </extensions>
      </trkpt>
      <trkpt lat="44.26072460599243640899658203125" lon="-80.1449597440659999847412109375">
        <ele>439.20001220703125</ele>
        <time>2026-10-05T21:08:33.000Z</time>
        <extensions>
          <ns3:TrackPointExtension/>
        </extensions>
      </trkpt>
      <trkpt lat="44.2607818543910980224609375" lon="-80.1447699777781963348388671875">
        <ele>439.20001220703125</ele>
        <time>2026-10-05T21:08:46.000Z</time>
        <extensions>
          <ns3:TrackPointExtension/>
        </extensions>
      </trkpt>
      <trkpt lat="44.26081043668091297149658203125" lon="-80.14454643242061138153076171875">
        <ele>440</ele>
        <time>2026-10-05T21:09:01.000Z</time>
        <extensions>
          <ns3:TrackPointExtension/>
        </extensions>
      </trkpt>
      <trkpt lat="44.2608152143657207489013671875" lon="-80.14450728893280029296875">
        <ele>440.20001220703125</ele>
        <time>2026-10-05T21:09:03.000Z</time>
        <extensions>
          <ns3:TrackPointExtension/>
        </extensions>
      </trkpt>
      <trkpt lat="44.26085234619677066802978515625" lon="-80.1442925445735454559326171875">
        <ele>441</ele>
        <time>2026-10-05T21:09:16.000Z</time>
        <extensions>
          <ns3:TrackPointExtension/>
        </extensions>
      </trkpt>
      <trkpt lat="44.26085586659610271453857421875" lon="-80.14424049295485019683837890625">
        <ele>441</ele>
        <time>2026-10-05T21:09:19.000Z</time>
        <extensions>
          <ns3:TrackPointExtension/>
        </extensions>
      </trkpt>
      <trkpt lat="44.26085016690194606781005859375" lon="-80.14412976801395416259765625">
        <ele>441.20001220703125</ele>
        <time>2026-10-05T21:09:27.000Z</time>
        <extensions>
          <ns3:TrackPointExtension/>
        </extensions>
      </trkpt>
      <trkpt lat="44.26079216413199901580810546875" lon="-80.144081823527812957763671875">
        <ele>441.600006103515625</ele>
        <time>2026-10-05T21:09:35.000Z</time>
        <extensions>
          <ns3:TrackPointExtension/>
        </extensions>
      </trkpt>
      <trkpt lat="44.26075897179543972015380859375" lon="-80.14411929063498973846435546875">
        <ele>442.20001220703125</ele>
        <time>2026-10-05T21:09:39.000Z</time>
        <extensions>
          <ns3:TrackPointExtension/>
        </extensions>
      </trkpt>
      <trkpt lat="44.2607427947223186492919921875" lon="-80.14413974247872829437255859375">
        <ele>442.600006103515625</ele>
        <time>2026-10-05T21:09:42.000Z</time>
        <extensions>
          <ns3:TrackPointExtension/>
        </extensions>
      </trkpt>
      <trkpt lat="44.26067565567791461944580078125" lon="-80.144230015575885772705078125">
        <ele>442.79998779296875</ele>
        <time>2026-10-05T21:09:50.000Z</time>
        <extensions>
          <ns3:TrackPointExtension/>
        </extensions>
      </trkpt>
      <trkpt lat="44.26062620244920253753662109375" lon="-80.1443015970289707183837890625">
        <ele>442.20001220703125</ele>
        <time>2026-10-05T21:09:57.000Z</time>
        <extensions>
          <ns3:TrackPointExtension/>
        </extensions>
      </trkpt>
      <trkpt lat="44.260629974305629730224609375" lon="-80.144329257309436798095703125">
        <ele>442</ele>
        <time>2026-10-05T21:10:03.000Z</time>
        <extensions>
          <ns3:TrackPointExtension/>
        </extensions>
      </trkpt>
      <trkpt lat="44.2606113664805889129638671875" lon="-80.14435465447604656219482421875">
        <ele>442.20001220703125</ele>
        <time>2026-10-05T21:10:11.000Z</time>
        <extensions>
          <ns3:TrackPointExtension/>
        </extensions>
      </trkpt>
      <trkpt lat="44.2606220953166484832763671875" lon="-80.1443584263324737548828125">
        <ele>442.20001220703125</ele>
        <time>2026-10-05T21:10:17.000Z</time>
        <extensions>
          <ns3:TrackPointExtension/>
        </extensions>
      </trkpt>
    </trkseg>
  </trk>
</gpx>
