<?xml version="1.0" encoding="UTF-8"?>
<gpx creator="Garmin Connect" version="1.1"
  xsi:schemaLocation="http://www.topografix.com/GPX/1/1 http://www.topografix.com/GPX/11.xsd"
  xmlns:ns3="http://www.garmin.com/xmlschemas/TrackPointExtension/v1"
  xmlns="http://www.topografix.com/GPX/1/1"
  xmlns:xsi="http://www.w3.org/2001/XMLSchema-instance" xmlns:ns2="http://www.garmin.com/xmlschemas/GpxExtensions/v3">
  <metadata>
    <link href="connect.garmin.com">
      <text>Garmin Connect</text>
    </link>
    <time>2026-09-05T18:02:13.000Z</time>
  </metadata>
  <trk>
    <name>Hamilton Walking</name>
    <type>walking</type>
    <trkseg>
      <trkpt lat="43.2904315553605556488037109375" lon="-79.93710874579846858978271484375">
        <ele>202.1999969482421875</ele>
        <time>2026-09-05T18:02:13.000Z</time>
        <extensions>
          <ns3:TrackPointExtension/>
        </extensions>
      </trkpt>
      <trkpt lat="43.29041940160095691680908203125" lon="-79.93706750683486461639404296875">
        <ele>201.8000030517578125</ele>
        <time>2026-09-05T18:02:24.000Z</time>
        <extensions>
          <ns3:TrackPointExtension/>
        </extensions>
      </trkpt>
      <trkpt lat="43.2904231734573841094970703125" lon="-79.93705761618912220001220703125">
        <ele>201.8000030517578125</ele>
        <time>2026-09-05T18:02:37.000Z</time>
        <extensions>
          <ns3:TrackPointExtension/>
        </extensions>
      </trkpt>
      <trkpt lat="43.29043918289244174957275390625" lon="-79.93707798421382904052734375">
        <ele>202</ele>
        <time>2026-09-05T18:02:51.000Z</time>
        <extensions>
          <ns3:TrackPointExtension/>
        </extensions>
      </trkpt>
      <trkpt lat="43.29044739715754985809326171875" lon="-79.9370905570685863494873046875">
        <ele>201.600006103515625</ele>
        <time>2026-09-05T18:03:07.000Z</time>
        <extensions>
          <ns3:TrackPointExtension/>
        </extensions>
      </trkpt>
      <trkpt lat="43.29044790007174015045166015625" lon="-79.93709365837275981903076171875">
        <ele>202</ele>
        <time>2026-09-05T18:03:24.000Z</time>
        <extensions>
          <ns3:TrackPointExtension/>
        </extensions>
      </trkpt>
      <trkpt lat="43.29045946709811687469482421875" lon="-79.9370959214866161346435546875">
        <ele>202</ele>
        <time>2026-09-05T18:03:42.000Z</time>
        <extensions>
          <ns3:TrackPointExtension/>
        </extensions>
      </trkpt>
      <trkpt lat="43.29046231694519519805908203125" lon="-79.93710824288427829742431640625">
        <ele>202</ele>
        <time>2026-09-05T18:03:55.000Z</time>
        <extensions>
          <ns3:TrackPointExtension/>
        </extensions>
      </trkpt>
      <trkpt lat="43.29051478765904903411865234375" lon="-79.93707806803286075592041015625">
        <ele>202</ele>
        <time>2026-09-05T18:04:15.000Z</time>
        <extensions>
          <ns3:TrackPointExtension/>
        </extensions>
      </trkpt>
      <trkpt lat="43.29051663167774677276611328125" lon="-79.93707136251032352447509765625">
        <ele>202</ele>
        <time>2026-09-05T18:04:33.000Z</time>
        <extensions>
          <ns3:TrackPointExtension/>
        </extensions>
      </trkpt>
      <trkpt lat="43.29052149318158626556396484375" lon="-79.93709969334304332733154296875">
        <ele>202</ele>
        <time>2026-09-05T18:04:49.000Z</time>
        <extensions>
          <ns3:TrackPointExtension/>
        </extensions>
      </trkpt>
      <trkpt lat="43.29051487147808074951171875" lon="-79.93709349073469638824462890625">
        <ele>202</ele>
        <time>2026-09-05T18:05:04.000Z</time>
        <extensions>
          <ns3:TrackPointExtension/>
        </extensions>
      </trkpt>
      <trkpt lat="43.2905136980116367340087890625" lon="-79.93708946742117404937744140625">
        <ele>202</ele>
        <time>2026-09-05T18:05:23.000Z</time>
        <extensions>
          <ns3:TrackPointExtension/>
        </extensions>
      </trkpt>
      <trkpt lat="43.29051084816455841064453125" lon="-79.93709734641015529632568359375">
        <ele>202</ele>
        <time>2026-09-05T18:05:40.000Z</time>
        <extensions>
          <ns3:TrackPointExtension/>
        </extensions>
      </trkpt>
      <trkpt lat="43.2905073277652263641357421875" lon="-79.93708829395473003387451171875">
        <ele>202</ele>
        <time>2026-09-05T18:05:58.000Z</time>
        <extensions>
          <ns3:TrackPointExtension/>
        </extensions>
      </trkpt>
      <trkpt lat="43.29050690867006778717041015625" lon="-79.937102459371089935302734375">
        <ele>202</ele>
        <time>2026-09-05T18:06:16.000Z</time>
        <extensions>
          <ns3:TrackPointExtension/>
        </extensions>
      </trkpt>
      <trkpt lat="43.2905090041458606719970703125" lon="-79.93712685070931911468505859375">
        <ele>202</ele>
        <time>2026-09-05T18:06:36.000Z</time>
        <extensions>
          <ns3:TrackPointExtension/>
        </extensions>
      </trkpt>
      <trkpt lat="43.290472291409969329833984375" lon="-79.9371485598385334014892578125">
        <ele>202</ele>
        <time>2026-09-05T18:06:51.000Z</time>
        <extensions>
          <ns3:TrackPointExtension/>
        </extensions>
      </trkpt>
      <trkpt lat="43.2904080860316753387451171875" lon="-79.93724352680146694183349609375">
        <ele>202</ele>
        <time>2026-09-05T18:07:05.000Z</time>
        <extensions>
          <ns3:TrackPointExtension/>
        </extensions>
      </trkpt>
      <trkpt lat="43.2903256081044673919677734375" lon="-79.937368668615818023681640625">
        <ele>202</ele>
        <time>2026-09-05T18:07:19.000Z</time>
        <extensions>
          <ns3:TrackPointExtension/>
        </extensions>
      </trkpt>
      <trkpt lat="43.2902545295655727386474609375" lon="-79.9374006874859333038330078125">
        <ele>202</ele>
        <time>2026-09-05T18:07:33.000Z</time>
        <extensions>
          <ns3:TrackPointExtension/>
        </extensions>
      </trkpt>
      <trkpt lat="43.2902733050286769866943359375" lon="-79.9373339675366878509521484375">
        <ele>202</ele>
        <time>2026-09-05T18:07:46.000Z</time>
        <extensions>
          <ns3:TrackPointExtension/>
        </extensions>
      </trkpt>
      <trkpt lat="43.2903916575014591217041015625" lon="-79.93724964559078216552734375">
        <ele>202</ele>
        <time>2026-09-05T18:07:59.000Z</time>
        <extensions>
          <ns3:TrackPointExtension/>
        </extensions>
      </trkpt>
      <trkpt lat="43.2904198206961154937744140625" lon="-79.93723363615572452545166015625">
        <ele>202</ele>
        <time>2026-09-05T18:08:16.000Z</time>
        <extensions>
          <ns3:TrackPointExtension/>
        </extensions>
      </trkpt>
      <trkpt lat="43.29042443074285984039306640625" lon="-79.93722072802484035491943359375">
        <ele>202</ele>
        <time>2026-09-05T18:08:32.000Z</time>
        <extensions>
          <ns3:TrackPointExtension/>
        </extensions>
      </trkpt>
      <trkpt lat="43.290421664714813232421875" lon="-79.93721921928226947784423828125">
        <ele>202</ele>
        <time>2026-09-05T18:08:43.000Z</time>
        <extensions>
          <ns3:TrackPointExtension/>
        </extensions>
      </trkpt>
      <trkpt lat="43.29045779071748256683349609375" lon="-79.93717722594738006591796875">
        <ele>202</ele>
        <time>2026-09-05T18:08:53.000Z</time>
        <extensions>
          <ns3:TrackPointExtension/>
        </extensions>
      </trkpt>
      <trkpt lat="43.29052870161831378936767578125" lon="-79.93702056817710399627685546875">
        <ele>202</ele>
        <time>2026-09-05T18:09:04.000Z</time>
        <extensions>
          <ns3:TrackPointExtension/>
        </extensions>
      </trkpt>
      <trkpt lat="43.2905841059982776641845703125" lon="-79.9369494058191776275634765625">
        <ele>202</ele>
        <time>2026-09-05T18:09:12.000Z</time>
        <extensions>
          <ns3:TrackPointExtension/>
        </extensions>
      </trkpt>
      <trkpt lat="43.290607072412967681884765625" lon="-79.9369413591921329498291015625">
        <ele>202</ele>
        <time>2026-09-05T18:09:14.000Z</time>
        <extensions>
          <ns3:TrackPointExtension/>
        </extensions>
      </trkpt>
      <trkpt lat="43.2906927354633808135986328125" lon="-79.93689383380115032196044921875">
        <ele>202</ele>
        <time>2026-09-05T18:09:24.000Z</time>
        <extensions>
          <ns3:TrackPointExtension/>
        </extensions>
      </trkpt>
      <trkpt lat="43.290704973042011260986328125" lon="-79.93690372444689273834228515625">
        <ele>202</ele>
        <time>2026-09-05T18:09:33.000Z</time>
        <extensions>
          <ns3:TrackPointExtension/>
        </extensions>
      </trkpt>
      <trkpt lat="43.29069281928241252899169921875" lon="-79.9368598870933055877685546875">
        <ele>202</ele>
        <time>2026-09-05T18:09:47.000Z</time>
        <extensions>
          <ns3:TrackPointExtension/>
        </extensions>
      </trkpt>
      <trkpt lat="43.29062526114284992218017578125" lon="-79.93678771890699863433837890625">
        <ele>202</ele>
        <time>2026-09-05T18:09:56.000Z</time>
        <extensions>
          <ns3:TrackPointExtension/>
        </extensions>
      </trkpt>
      <trkpt lat="43.29059475101530551910400390625" lon="-79.93676592595875263214111328125">
        <ele>202</ele>
        <time>2026-09-05T18:09:59.000Z</time>
        <extensions>
          <ns3:TrackPointExtension/>
        </extensions>
      </trkpt>
      <trkpt lat="43.2904587127268314361572265625" lon="-79.93664346635341644287109375">
        <ele>202</ele>
        <time>2026-09-05T18:10:13.000Z</time>
        <extensions>
          <ns3:TrackPointExtension/>
        </extensions>
      </trkpt>
      <trkpt lat="43.2903812639415264129638671875" lon="-79.93641279637813568115234375">
        <ele>201.8000030517578125</ele>
        <time>2026-09-05T18:10:26.000Z</time>
        <extensions>
          <ns3:TrackPointExtension/>
        </extensions>
      </trkpt>
      <trkpt lat="43.290276825428009033203125" lon="-79.93620551191270351409912109375">
        <ele>201.600006103515625</ele>
        <time>2026-09-05T18:10:39.000Z</time>
        <extensions>
          <ns3:TrackPointExtension/>
        </extensions>
      </trkpt>
      <trkpt lat="43.290169537067413330078125" lon="-79.93602395989000797271728515625">
        <ele>201.600006103515625</ele>
        <time>2026-09-05T18:10:52.000Z</time>
        <extensions>
          <ns3:TrackPointExtension/>
        </extensions>
      </trkpt>
      <trkpt lat="43.29010340385138988494873046875" lon="-79.93593377061188220977783203125">
        <ele>201.600006103515625</ele>
        <time>2026-09-05T18:10:58.000Z</time>
        <extensions>
          <ns3:TrackPointExtension/>
        </extensions>
      </trkpt>
      <trkpt lat="43.2900034077465534210205078125" lon="-79.9357880093157291412353515625">
        <ele>201.399993896484375</ele>
        <time>2026-09-05T18:11:07.000Z</time>
        <extensions>
          <ns3:TrackPointExtension/>
        </extensions>
      </trkpt>
      <trkpt lat="43.28993660397827625274658203125" lon="-79.9356679804623126983642578125">
        <ele>201.1999969482421875</ele>
        <time>2026-09-05T18:11:14.000Z</time>
        <extensions>
          <ns3:TrackPointExtension/>
        </extensions>
      </trkpt>
      <trkpt lat="43.28992704860866069793701171875" lon="-79.93565465323626995086669921875">
        <ele>201.1999969482421875</ele>
        <time>2026-09-05T18:11:15.000Z</time>
        <extensions>
          <ns3:TrackPointExtension/>
        </extensions>
      </trkpt>
      <trkpt lat="43.28983224928379058837890625" lon="-79.93555189110338687896728515625">
        <ele>201.399993896484375</ele>
        <time>2026-09-05T18:11:24.000Z</time>
        <extensions>
          <ns3:TrackPointExtension/>
        </extensions>
      </trkpt>
      <trkpt lat="43.28976242803037166595458984375" lon="-79.935492463409900665283203125">
        <ele>201.399993896484375</ele>
        <time>2026-09-05T18:11:32.000Z</time>
        <extensions>
          <ns3:TrackPointExtension/>
        </extensions>
      </trkpt>
      <trkpt lat="43.28968606889247894287109375" lon="-79.93543119169771671295166015625">
        <ele>201.399993896484375</ele>
        <time>2026-09-05T18:11:39.000Z</time>
        <extensions>
          <ns3:TrackPointExtension/>
        </extensions>
      </trkpt>
      <trkpt lat="43.28960635699331760406494140625" lon="-79.93537880480289459228515625">
        <ele>201.399993896484375</ele>
        <time>2026-09-05T18:11:46.000Z</time>
        <extensions>
          <ns3:TrackPointExtension/>
        </extensions>
      </trkpt>
      <trkpt lat="43.2895303331315517425537109375" lon="-79.9353430978953838348388671875">
        <ele>201.600006103515625</ele>
        <time>2026-09-05T18:11:53.000Z</time>
        <extensions>
          <ns3:TrackPointExtension/>
        </extensions>
      </trkpt>
      <trkpt lat="43.2895092107355594635009765625" lon="-79.9353350512683391571044921875">
        <ele>201.600006103515625</ele>
        <time>2026-09-05T18:11:55.000Z</time>
        <extensions>
          <ns3:TrackPointExtension/>
        </extensions>
      </trkpt>
      <trkpt lat="43.2894505374133586883544921875" lon="-79.93531468324363231658935546875">
        <ele>201.600006103515625</ele>
        <time>2026-09-05T18:12:00.000Z</time>
        <extensions>
          <ns3:TrackPointExtension/>
        </extensions>
      </trkpt>
      <trkpt lat="43.28932438977062702178955078125" lon="-79.9352988414466381072998046875">
        <ele>201.600006103515625</ele>
        <time>2026-09-05T18:12:08.000Z</time>
        <extensions>
          <ns3:TrackPointExtension/>
        </extensions>
      </trkpt>
      <trkpt lat="43.2892916165292263031005859375" lon="-79.93530512787401676177978515625">
        <ele>201.600006103515625</ele>
        <time>2026-09-05T18:12:11.000Z</time>
        <extensions>
          <ns3:TrackPointExtension/>
        </extensions>
      </trkpt>
      <trkpt lat="43.28923688270151615142822265625" lon="-79.93530747480690479278564453125">
        <ele>201.600006103515625</ele>
        <time>2026-09-05T18:12:15.000Z</time>
        <extensions>
          <ns3:TrackPointExtension/>
        </extensions>
      </trkpt>
      <trkpt lat="43.2891169376671314239501953125" lon="-79.93532247841358184814453125">
        <ele>201.600006103515625</ele>
        <time>2026-09-05T18:12:23.000Z</time>
        <extensions>
          <ns3:TrackPointExtension/>
        </extensions>
      </trkpt>
      <trkpt lat="43.28900503925979137420654296875" lon="-79.93535935878753662109375">
        <ele>201.399993896484375</ele>
        <time>2026-09-05T18:12:32.000Z</time>
        <extensions>
          <ns3:TrackPointExtension/>
        </extensions>
      </trkpt>
      <trkpt lat="43.28889640979468822479248046875" lon="-79.93537821806967258453369140625">
        <ele>201.399993896484375</ele>
        <time>2026-09-05T18:12:41.000Z</time>
        <extensions>
          <ns3:TrackPointExtension/>
        </extensions>
      </trkpt>
      <trkpt lat="43.28881041146814823150634765625" lon="-79.93536547757685184478759765625">
        <ele>201.399993896484375</ele>
        <time>2026-09-05T18:12:47.000Z</time>
        <extensions>
          <ns3:TrackPointExtension/>
        </extensions>
      </trkpt>
      <trkpt lat="43.28872852027416229248046875" lon="-79.93533446453511714935302734375">
        <ele>201.1999969482421875</ele>
        <time>2026-09-05T18:12:54.000Z</time>
        <extensions>
          <ns3:TrackPointExtension/>
        </extensions>
      </trkpt>
      <trkpt lat="43.28861653804779052734375" lon="-79.93529926054179668426513671875">
        <ele>201</ele>
        <time>2026-09-05T18:13:02.000Z</time>
        <extensions>
          <ns3:TrackPointExtension/>
        </extensions>
      </trkpt>
      <trkpt lat="43.28851260244846343994140625" lon="-79.9353043735027313232421875">
        <ele>201</ele>
        <time>2026-09-05T18:13:09.000Z</time>
        <extensions>
          <ns3:TrackPointExtension/>
        </extensions>
      </trkpt>
      <trkpt lat="43.28839349560439586639404296875" lon="-79.93534259498119354248046875">
        <ele>200.8000030517578125</ele>
        <time>2026-09-05T18:13:18.000Z</time>
        <extensions>
          <ns3:TrackPointExtension/>
        </extensions>
      </trkpt>
      <trkpt lat="43.28832845203578472137451171875" lon="-79.9353920482099056243896484375">
        <ele>200.600006103515625</ele>
        <time>2026-09-05T18:13:25.000Z</time>
        <extensions>
          <ns3:TrackPointExtension/>
        </extensions>
      </trkpt>
      <trkpt lat="43.28831152059137821197509765625" lon="-79.9354282580316066741943359375">
        <ele>200.399993896484375</ele>
        <time>2026-09-05T18:13:35.000Z</time>
        <extensions>
          <ns3:TrackPointExtension/>
        </extensions>
      </trkpt>
      <trkpt lat="43.28828151337802410125732421875" lon="-79.9354373104870319366455078125">
        <ele>200.399993896484375</ele>
        <time>2026-09-05T18:13:45.000Z</time>
        <extensions>
          <ns3:TrackPointExtension/>
        </extensions>
      </trkpt>
      <trkpt lat="43.2882438786327838897705078125" lon="-79.93543135933578014373779296875">
        <ele>200.399993896484375</ele>
        <time>2026-09-05T18:13:54.000Z</time>
        <extensions>
          <ns3:TrackPointExtension/>
        </extensions>
      </trkpt>
      <trkpt lat="43.28821563161909580230712890625" lon="-79.93545264936983585357666015625">
        <ele>200.1999969482421875</ele>
        <time>2026-09-05T18:14:04.000Z</time>
        <extensions>
          <ns3:TrackPointExtension/>
        </extensions>
      </trkpt>
      <trkpt lat="43.2881391048431396484375" lon="-79.93549791164696216583251953125">
        <ele>200.1999969482421875</ele>
        <time>2026-09-05T18:14:15.000Z</time>
        <extensions>
          <ns3:TrackPointExtension/>
        </extensions>
      </trkpt>
      <trkpt lat="43.28797993250191211700439453125" lon="-79.93558399379253387451171875">
        <ele>200</ele>
        <time>2026-09-05T18:14:29.000Z</time>
        <extensions>
          <ns3:TrackPointExtension/>
        </extensions>
      </trkpt>
      <trkpt lat="43.287801481783390045166015625" lon="-79.93568834848701953887939453125">
        <ele>199.8000030517578125</ele>
        <time>2026-09-05T18:14:43.000Z</time>
        <extensions>
          <ns3:TrackPointExtension/>
        </extensions>
      </trkpt>
      <trkpt lat="43.2877872325479984283447265625" lon="-79.9356927908957004547119140625">
        <ele>199.8000030517578125</ele>
        <time>2026-09-05T18:14:44.000Z</time>
        <extensions>
          <ns3:TrackPointExtension/>
        </extensions>
      </trkpt>
      <trkpt lat="43.28761138021945953369140625" lon="-79.935762695968151092529296875">
        <ele>200.1999969482421875</ele>
        <time>2026-09-05T18:14:59.000Z</time>
        <extensions>
          <ns3:TrackPointExtension/>
        </extensions>
      </trkpt>
      <trkpt lat="43.28743301331996917724609375" lon="-79.93584156967699527740478515625">
        <ele>200.1999969482421875</ele>
        <time>2026-09-05T18:15:13.000Z</time>
        <extensions>
          <ns3:TrackPointExtension/>
        </extensions>
      </trkpt>
      <trkpt lat="43.28741197474300861358642578125" lon="-79.935858584940433502197265625">
        <ele>200.1999969482421875</ele>
        <time>2026-09-05T18:15:15.000Z</time>
        <extensions>
          <ns3:TrackPointExtension/>
        </extensions>
      </trkpt>
      <trkpt lat="43.28725607134401798248291015625" lon="-79.93601440452039241790771484375">
        <ele>200</ele>
        <time>2026-09-05T18:15:27.000Z</time>
        <extensions>
          <ns3:TrackPointExtension/>
        </extensions>
      </trkpt>
      <trkpt lat="43.28721843659877777099609375" lon="-79.93605178780853748321533203125">
        <ele>200</ele>
        <time>2026-09-05T18:15:30.000Z</time>
        <extensions>
          <ns3:TrackPointExtension/>
        </extensions>
      </trkpt>
      <trkpt lat="43.2870568335056304931640625" lon="-79.93619377724826335906982421875">
        <ele>200</ele>
        <time>2026-09-05T18:15:44.000Z</time>
        <extensions>
          <ns3:TrackPointExtension/>
        </extensions>
      </trkpt>
      <trkpt lat="43.286908306181430816650390625" lon="-79.93633258156478404998779296875">
        <ele>200</ele>
        <time>2026-09-05T18:15:59.000Z</time>
        <extensions>
          <ns3:TrackPointExtension/>
        </extensions>
      </trkpt>
      <trkpt lat="43.28673739917576313018798828125" lon="-79.93640483357012271881103515625">
        <ele>199.8000030517578125</ele>
        <time>2026-09-05T18:16:12.000Z</time>
        <extensions>
          <ns3:TrackPointExtension/>
        </extensions>
      </trkpt>
      <trkpt lat="43.286556936800479888916015625" lon="-79.9364469945430755615234375">
        <ele>199.600006103515625</ele>
        <time>2026-09-05T18:16:24.000Z</time>
        <extensions>
          <ns3:TrackPointExtension/>
        </extensions>
      </trkpt>
      <trkpt lat="43.286544866859912872314453125" lon="-79.93644640780985355377197265625">
        <ele>199.600006103515625</ele>
        <time>2026-09-05T18:16:25.000Z</time>
        <extensions>
          <ns3:TrackPointExtension/>
        </extensions>
      </trkpt>
      <trkpt lat="43.28640128485858440399169921875" lon="-79.9365018121898174285888671875">
        <ele>199.600006103515625</ele>
        <time>2026-09-05T18:16:38.000Z</time>
        <extensions>
          <ns3:TrackPointExtension/>
        </extensions>
      </trkpt>
      <trkpt lat="43.286259211599826812744140625" lon="-79.936673305928707122802734375">
        <ele>199.8000030517578125</ele>
        <time>2026-09-05T18:16:50.000Z</time>
        <extensions>
          <ns3:TrackPointExtension/>
        </extensions>
      </trkpt>
      <trkpt lat="43.28625124879181385040283203125" lon="-79.93668596260249614715576171875">
        <ele>199.600006103515625</ele>
        <time>2026-09-05T18:16:51.000Z</time>
        <extensions>
          <ns3:TrackPointExtension/>
        </extensions>
      </trkpt>
      <trkpt lat="43.28610624186694622039794921875" lon="-79.93675050325691699981689453125">
        <ele>199.600006103515625</ele>
        <time>2026-09-05T18:17:03.000Z</time>
        <extensions>
          <ns3:TrackPointExtension/>
        </extensions>
      </trkpt>
      <trkpt lat="43.2859697006642818450927734375" lon="-79.9367740564048290252685546875">
        <ele>199.600006103515625</ele>
        <time>2026-09-05T18:17:14.000Z</time>
        <extensions>
          <ns3:TrackPointExtension/>
        </extensions>
      </trkpt>
      <trkpt lat="43.28595821745693683624267578125" lon="-79.936781264841556549072265625">
        <ele>199.600006103515625</ele>
        <time>2026-09-05T18:17:15.000Z</time>
        <extensions>
          <ns3:TrackPointExtension/>
        </extensions>
      </trkpt>
      <trkpt lat="43.2857930101454257965087890625" lon="-79.93688411079347133636474609375">
        <ele>199.8000030517578125</ele>
        <time>2026-09-05T18:17:25.000Z</time>
        <extensions>
          <ns3:TrackPointExtension/>
        </extensions>
      </trkpt>
      <trkpt lat="43.28578068874776363372802734375" lon="-79.93689048103988170623779296875">
        <ele>199.8000030517578125</ele>
        <time>2026-09-05T18:17:26.000Z</time>
        <extensions>
          <ns3:TrackPointExtension/>
        </extensions>
      </trkpt>
      <trkpt lat="43.285684883594512939453125" lon="-79.93692032061517238616943359375">
        <ele>199.8000030517578125</ele>
        <time>2026-09-05T18:17:33.000Z</time>
        <extensions>
          <ns3:TrackPointExtension/>
        </extensions>
      </trkpt>
      <trkpt lat="43.28558086417615413665771484375" lon="-79.93695057928562164306640625">
        <ele>199.8000030517578125</ele>
        <time>2026-09-05T18:17:42.000Z</time>
        <extensions>
          <ns3:TrackPointExtension/>
        </extensions>
      </trkpt>
      <trkpt lat="43.285492770373821258544921875" lon="-79.93701151572167873382568359375">
        <ele>200</ele>
        <time>2026-09-05T18:17:50.000Z</time>
        <extensions>
          <ns3:TrackPointExtension/>
        </extensions>
      </trkpt>
      <trkpt lat="43.28541289083659648895263671875" lon="-79.9370630644261837005615234375">
        <ele>200</ele>
        <time>2026-09-05T18:17:57.000Z</time>
        <extensions>
          <ns3:TrackPointExtension/>
        </extensions>
      </trkpt>
      <trkpt lat="43.2854007370769977569580078125" lon="-79.93706499226391315460205078125">
        <ele>200</ele>
        <time>2026-09-05T18:17:58.000Z</time>
        <extensions>
          <ns3:TrackPointExtension/>
        </extensions>
      </trkpt>
      <trkpt lat="43.28536528162658214569091796875" lon="-79.93707622401416301727294921875">
        <ele>200</ele>
        <time>2026-09-05T18:18:01.000Z</time>
        <extensions>
          <ns3:TrackPointExtension/>
        </extensions>
      </trkpt>
      <trkpt lat="43.285332508385181427001953125" lon="-79.9370892159640789031982421875">
        <ele>200</ele>
        <time>2026-09-05T18:18:04.000Z</time>
        <extensions>
          <ns3:TrackPointExtension/>
        </extensions>
      </trkpt>
      <trkpt lat="43.28524701297283172607421875" lon="-79.93716071359813213348388671875">
        <ele>200</ele>
        <time>2026-09-05T18:18:11.000Z</time>
        <extensions>
          <ns3:TrackPointExtension/>
        </extensions>
      </trkpt>
      <trkpt lat="43.28515958972275257110595703125" lon="-79.93723221123218536376953125">
        <ele>200</ele>
        <time>2026-09-05T18:18:19.000Z</time>
        <extensions>
          <ns3:TrackPointExtension/>
        </extensions>
      </trkpt>
      <trkpt lat="43.2850389741361141204833984375" lon="-79.93729264475405216217041015625">
        <ele>199.8000030517578125</ele>
        <time>2026-09-05T18:18:28.000Z</time>
        <extensions>
          <ns3:TrackPointExtension/>
        </extensions>
      </trkpt>
      <trkpt lat="43.284944929182529449462890625" lon="-79.93734159506857395172119140625">
        <ele>199.600006103515625</ele>
        <time>2026-09-05T18:18:35.000Z</time>
        <extensions>
          <ns3:TrackPointExtension/>
        </extensions>
      </trkpt>
      <trkpt lat="43.28488047234714031219482421875" lon="-79.93738132528960704803466796875">
        <ele>199.399993896484375</ele>
        <time>2026-09-05T18:18:40.000Z</time>
        <extensions>
          <ns3:TrackPointExtension/>
        </extensions>
      </trkpt>
      <trkpt lat="43.28485851176083087921142578125" lon="-79.93740295059978961944580078125">
        <ele>199.1999969482421875</ele>
        <time>2026-09-05T18:18:42.000Z</time>
        <extensions>
          <ns3:TrackPointExtension/>
        </extensions>
      </trkpt>
      <trkpt lat="43.2848252356052398681640625" lon="-79.9374265037477016448974609375">
        <ele>199.1999969482421875</ele>
        <time>2026-09-05T18:18:45.000Z</time>
        <extensions>
          <ns3:TrackPointExtension/>
        </extensions>
      </trkpt>
      <trkpt lat="43.28480738215148448944091796875" lon="-79.9374342150986194610595703125">
        <ele>199.1999969482421875</ele>
        <time>2026-09-05T18:18:46.000Z</time>
        <extensions>
          <ns3:TrackPointExtension/>
        </extensions>
      </trkpt>
      <trkpt lat="43.28477972187101840972900390625" lon="-79.93744150735437870025634765625">
        <ele>199</ele>
        <time>2026-09-05T18:18:48.000Z</time>
        <extensions>
          <ns3:TrackPointExtension/>
        </extensions>
      </trkpt>
      <trkpt lat="43.28468433581292629241943359375" lon="-79.93748911656439304351806640625">
        <ele>199</ele>
        <time>2026-09-05T18:18:56.000Z</time>
        <extensions>
          <ns3:TrackPointExtension/>
        </extensions>
      </trkpt>
      <trkpt lat="43.28455642797052860260009765625" lon="-79.9375723488628864288330078125">
        <ele>198.8000030517578125</ele>
        <time>2026-09-05T18:19:05.000Z</time>
        <extensions>
          <ns3:TrackPointExtension/>
        </extensions>
      </trkpt>
      <trkpt lat="43.28448199667036533355712890625" lon="-79.9376524798572063446044921875">
        <ele>198.8000030517578125</ele>
        <time>2026-09-05T18:19:12.000Z</time>
        <extensions>
          <ns3:TrackPointExtension/>
        </extensions>
      </trkpt>
      <trkpt lat="43.2843888737261295318603515625" lon="-79.9377021007239818572998046875">
        <ele>198.600006103515625</ele>
        <time>2026-09-05T18:19:20.000Z</time>
        <extensions>
          <ns3:TrackPointExtension/>
        </extensions>
      </trkpt>
      <trkpt lat="43.28428368084132671356201171875" lon="-79.93778608739376068115234375">
        <ele>198.600006103515625</ele>
        <time>2026-09-05T18:19:29.000Z</time>
        <extensions>
          <ns3:TrackPointExtension/>
        </extensions>
      </trkpt>
      <trkpt lat="43.284195251762866973876953125" lon="-79.93784232996404170989990234375">
        <ele>198.399993896484375</ele>
        <time>2026-09-05T18:19:36.000Z</time>
        <extensions>
          <ns3:TrackPointExtension/>
        </extensions>
      </trkpt>
      <trkpt lat="43.28408293426036834716796875" lon="-79.93790569715201854705810546875">
        <ele>198.399993896484375</ele>
        <time>2026-09-05T18:19:44.000Z</time>
        <extensions>
          <ns3:TrackPointExtension/>
        </extensions>
      </trkpt>
      <trkpt lat="43.2839741371572017669677734375" lon="-79.9379649572074413299560546875">
        <ele>198.399993896484375</ele>
        <time>2026-09-05T18:19:53.000Z</time>
        <extensions>
          <ns3:TrackPointExtension/>
        </extensions>
      </trkpt>
      <trkpt lat="43.28392107971012592315673828125" lon="-79.938045255839824676513671875">
        <ele>198.600006103515625</ele>
        <time>2026-09-05T18:19:59.000Z</time>
        <extensions>
          <ns3:TrackPointExtension/>
        </extensions>
      </trkpt>
      <trkpt lat="43.28384748660027980804443359375" lon="-79.938176013529300689697265625">
        <ele>198.600006103515625</ele>
        <time>2026-09-05T18:20:07.000Z</time>
        <extensions>
          <ns3:TrackPointExtension/>
        </extensions>
      </trkpt>
      <trkpt lat="43.28381278552114963531494140625" lon="-79.9383159913122653961181640625">
        <ele>198.600006103515625</ele>
        <time>2026-09-05T18:20:15.000Z</time>
        <extensions>
          <ns3:TrackPointExtension/>
        </extensions>
      </trkpt>
      <trkpt lat="43.28379970975220203399658203125" lon="-79.93847499601542949676513671875">
        <ele>198.600006103515625</ele>
        <time>2026-09-05T18:20:23.000Z</time>
        <extensions>
          <ns3:TrackPointExtension/>
        </extensions>
      </trkpt>
      <trkpt lat="43.28379736281931400299072265625" lon="-79.9386140517890453338623046875">
        <ele>198.399993896484375</ele>
        <time>2026-09-05T18:20:30.000Z</time>
        <extensions>
          <ns3:TrackPointExtension/>
        </extensions>
      </trkpt>
      <trkpt lat="43.283804319798946380615234375" lon="-79.93874497711658477783203125">
        <ele>198.1999969482421875</ele>
        <time>2026-09-05T18:20:38.000Z</time>
        <extensions>
          <ns3:TrackPointExtension/>
        </extensions>
      </trkpt>
      <trkpt lat="43.28380775637924671173095703125" lon="-79.938849247992038726806640625">
        <ele>198</ele>
        <time>2026-09-05T18:20:45.000Z</time>
        <extensions>
          <ns3:TrackPointExtension/>
        </extensions>
      </trkpt>
      <trkpt lat="43.28379551880061626434326171875" lon="-79.93888168595731258392333984375">
        <ele>197.8000030517578125</ele>
        <time>2026-09-05T18:20:47.000Z</time>
        <extensions>
          <ns3:TrackPointExtension/>
        </extensions>
      </trkpt>
      <trkpt lat="43.28376065008342266082763671875" lon="-79.93904597125947475433349609375">
        <ele>197.8000030517578125</ele>
        <time>2026-09-05T18:20:56.000Z</time>
        <extensions>
          <ns3:TrackPointExtension/>
        </extensions>
      </trkpt>
      <trkpt lat="43.2837347500026226043701171875" lon="-79.939178489148616790771484375">
        <ele>197.8000030517578125</ele>
        <time>2026-09-05T18:21:04.000Z</time>
        <extensions>
          <ns3:TrackPointExtension/>
        </extensions>
      </trkpt>
      <trkpt lat="43.283711113035678863525390625" lon="-79.93922752328217029571533203125">
        <ele>197.8000030517578125</ele>
        <time>2026-09-05T18:21:08.000Z</time>
        <extensions>
          <ns3:TrackPointExtension/>
        </extensions>
      </trkpt>
      <trkpt lat="43.28368538059294223785400390625" lon="-79.93924244306981563568115234375">
        <ele>197.8000030517578125</ele>
        <time>2026-09-05T18:21:10.000Z</time>
        <extensions>
          <ns3:TrackPointExtension/>
        </extensions>
      </trkpt>
      <trkpt lat="43.28360508196055889129638671875" lon="-79.93926800787448883056640625">
        <ele>197.8000030517578125</ele>
        <time>2026-09-05T18:21:18.000Z</time>
        <extensions>
          <ns3:TrackPointExtension/>
        </extensions>
      </trkpt>
      <trkpt lat="43.28359150327742099761962890625" lon="-79.939263649284839630126953125">
        <ele>197.8000030517578125</ele>
        <time>2026-09-05T18:21:19.000Z</time>
        <extensions>
          <ns3:TrackPointExtension/>
        </extensions>
      </trkpt>
      <trkpt lat="43.28352830372750759124755859375" lon="-79.9392182193696498870849609375">
        <ele>198</ele>
        <time>2026-09-05T18:21:24.000Z</time>
        <extensions>
          <ns3:TrackPointExtension/>
        </extensions>
      </trkpt>
      <trkpt lat="43.2834363542497158050537109375" lon="-79.93920790962874889373779296875">
        <ele>198.1999969482421875</ele>
        <time>2026-09-05T18:21:32.000Z</time>
        <extensions>
          <ns3:TrackPointExtension/>
        </extensions>
      </trkpt>
      <trkpt lat="43.28334105201065540313720703125" lon="-79.939256273210048675537109375">
        <ele>198.399993896484375</ele>
        <time>2026-09-05T18:21:39.000Z</time>
        <extensions>
          <ns3:TrackPointExtension/>
        </extensions>
      </trkpt>
      <trkpt lat="43.28327634371817111968994140625" lon="-79.93931293487548828125">
        <ele>198.399993896484375</ele>
        <time>2026-09-05T18:21:46.000Z</time>
        <extensions>
          <ns3:TrackPointExtension/>
        </extensions>
      </trkpt>
      <trkpt lat="43.28318514861166477203369140625" lon="-79.9394161999225616455078125">
        <ele>198.399993896484375</ele>
        <time>2026-09-05T18:21:56.000Z</time>
        <extensions>
          <ns3:TrackPointExtension/>
        </extensions>
      </trkpt>
      <trkpt lat="43.28314223326742649078369140625" lon="-79.93946707807481288909912109375">
        <ele>198.600006103515625</ele>
        <time>2026-09-05T18:22:01.000Z</time>
        <extensions>
          <ns3:TrackPointExtension/>
        </extensions>
      </trkpt>
      <trkpt lat="43.28311356715857982635498046875" lon="-79.93947453796863555908203125">
        <ele>198.600006103515625</ele>
        <time>2026-09-05T18:22:03.000Z</time>
        <extensions>
          <ns3:TrackPointExtension/>
        </extensions>
      </trkpt>
      <trkpt lat="43.2830321788787841796875" lon="-79.939492642879486083984375">
        <ele>198.399993896484375</ele>
        <time>2026-09-05T18:22:10.000Z</time>
        <extensions>
          <ns3:TrackPointExtension/>
        </extensions>
      </trkpt>
      <trkpt lat="43.2830041833221912384033203125" lon="-79.93949457071721553802490234375">
        <ele>198.600006103515625</ele>
        <time>2026-09-05T18:22:12.000Z</time>
        <extensions>
          <ns3:TrackPointExtension/>
        </extensions>
      </trkpt>
      <trkpt lat="43.28292111866176128387451171875" lon="-79.9394891224801540374755859375">
        <ele>198.600006103515625</ele>
        <time>2026-09-05T18:22:18.000Z</time>
        <extensions>
          <ns3:TrackPointExtension/>
        </extensions>
      </trkpt>
      <trkpt lat="43.282879292964935302734375" lon="-79.93947696872055530548095703125">
        <ele>198.600006103515625</ele>
        <time>2026-09-05T18:22:21.000Z</time>
        <extensions>
          <ns3:TrackPointExtension/>
        </extensions>
      </trkpt>
      <trkpt lat="43.28283797018229961395263671875" lon="-79.93947763927280902862548828125">
        <ele>198.600006103515625</ele>
        <time>2026-09-05T18:22:24.000Z</time>
        <extensions>
          <ns3:TrackPointExtension/>
        </extensions>
      </trkpt>
      <trkpt lat="43.282742835581302642822265625" lon="-79.93953782133758068084716796875">
        <ele>198.8000030517578125</ele>
        <time>2026-09-05T18:22:32.000Z</time>
        <extensions>
          <ns3:TrackPointExtension/>
        </extensions>
      </trkpt>
      <trkpt lat="43.28264317475259304046630859375" lon="-79.93961493484675884246826171875">
        <ele>198.8000030517578125</ele>
        <time>2026-09-05T18:22:40.000Z</time>
        <extensions>
          <ns3:TrackPointExtension/>
        </extensions>
      </trkpt>
      <trkpt lat="43.28256212174892425537109375" lon="-79.9397150985896587371826171875">
        <ele>198.8000030517578125</ele>
        <time>2026-09-05T18:22:48.000Z</time>
        <extensions>
          <ns3:TrackPointExtension/>
        </extensions>
      </trkpt>
      <trkpt lat="43.28255566768348217010498046875" lon="-79.939733706414699554443359375">
        <ele>198.8000030517578125</ele>
        <time>2026-09-05T18:22:49.000Z</time>
        <extensions>
          <ns3:TrackPointExtension/>
        </extensions>
      </trkpt>
      <trkpt lat="43.28251593746244907379150390625" lon="-79.93982716463506221771240234375">
        <ele>199</ele>
        <time>2026-09-05T18:22:54.000Z</time>
        <extensions>
          <ns3:TrackPointExtension/>
        </extensions>
      </trkpt>
      <trkpt lat="43.282466232776641845703125" lon="-79.9399752728641033172607421875">
        <ele>199</ele>
        <time>2026-09-05T18:23:03.000Z</time>
        <extensions>
          <ns3:TrackPointExtension/>
        </extensions>
      </trkpt>
      <trkpt lat="43.2823946513235569000244140625" lon="-79.94014634750783443450927734375">
        <ele>199.1999969482421875</ele>
        <time>2026-09-05T18:23:13.000Z</time>
        <extensions>
          <ns3:TrackPointExtension/>
        </extensions>
      </trkpt>
      <trkpt lat="43.282342851161956787109375" lon="-79.94025506079196929931640625">
        <ele>199</ele>
        <time>2026-09-05T18:23:21.000Z</time>
        <extensions>
          <ns3:TrackPointExtension/>
        </extensions>
      </trkpt>
      <trkpt lat="43.28226582147181034088134765625" lon="-79.94035941548645496368408203125">
        <ele>198.8000030517578125</ele>
        <time>2026-09-05T18:23:29.000Z</time>
        <extensions>
          <ns3:TrackPointExtension/>
        </extensions>
      </trkpt>
      <trkpt lat="43.2822464592754840850830078125" lon="-79.9404112994670867919921875">
        <ele>198.8000030517578125</ele>
        <time>2026-09-05T18:23:32.000Z</time>
        <extensions>
          <ns3:TrackPointExtension/>
        </extensions>
      </trkpt>
      <trkpt lat="43.2822290249168872833251953125" lon="-79.94046301580965518951416015625">
        <ele>198.8000030517578125</ele>
        <time>2026-09-05T18:23:36.000Z</time>
        <extensions>
          <ns3:TrackPointExtension/>
        </extensions>
      </trkpt>
      <trkpt lat="43.2821832597255706787109375" lon="-79.94060316123068332672119140625">
        <ele>198.8000030517578125</ele>
        <time>2026-09-05T18:23:45.000Z</time>
        <extensions>
          <ns3:TrackPointExtension/>
        </extensions>
      </trkpt>
      <trkpt lat="43.282122910022735595703125" lon="-79.94071078486740589141845703125">
        <ele>198.600006103515625</ele>
        <time>2026-09-05T18:23:54.000Z</time>
        <extensions>
          <ns3:TrackPointExtension/>
        </extensions>
      </trkpt>
      <trkpt lat="43.28209751285612583160400390625" lon="-79.9407242797315120697021484375">
        <ele>198.399993896484375</ele>
        <time>2026-09-05T18:23:56.000Z</time>
        <extensions>
          <ns3:TrackPointExtension/>
        </extensions>
      </trkpt>
      <trkpt lat="43.2820251770317554473876953125" lon="-79.94077063165605068206787109375">
        <ele>198.399993896484375</ele>
        <time>2026-09-05T18:24:02.000Z</time>
        <extensions>
          <ns3:TrackPointExtension/>
        </extensions>
      </trkpt>
      <trkpt lat="43.28194932080805301666259765625" lon="-79.94086232967674732208251953125">
        <ele>198.600006103515625</ele>
        <time>2026-09-05T18:24:10.000Z</time>
        <extensions>
          <ns3:TrackPointExtension/>
        </extensions>
      </trkpt>
      <trkpt lat="43.28185762278735637664794921875" lon="-79.9409703724086284637451171875">
        <ele>198.399993896484375</ele>
        <time>2026-09-05T18:24:18.000Z</time>
        <extensions>
          <ns3:TrackPointExtension/>
        </extensions>
      </trkpt>
      <trkpt lat="43.28170993365347385406494140625" lon="-79.94113105349242687225341796875">
        <ele>198.8000030517578125</ele>
        <time>2026-09-05T18:24:32.000Z</time>
        <extensions>
          <ns3:TrackPointExtension/>
        </extensions>
      </trkpt>
      <trkpt lat="43.281698115170001983642578125" lon="-79.94114211760461330413818359375">
        <ele>198.8000030517578125</ele>
        <time>2026-09-05T18:24:33.000Z</time>
        <extensions>
          <ns3:TrackPointExtension/>
        </extensions>
      </trkpt>
      <trkpt lat="43.28154087066650390625" lon="-79.9412838555872440338134765625">
        <ele>198.600006103515625</ele>
        <time>2026-09-05T18:24:46.000Z</time>
        <extensions>
          <ns3:TrackPointExtension/>
        </extensions>
      </trkpt>
      <trkpt lat="43.2813759148120880126953125" lon="-79.94140346534550189971923828125">
        <ele>198.8000030517578125</ele>
        <time>2026-09-05T18:25:00.000Z</time>
        <extensions>
          <ns3:TrackPointExtension/>
        </extensions>
      </trkpt>
      <trkpt lat="43.28130626119673252105712890625" lon="-79.94156858883798122406005859375">
        <ele>198.8000030517578125</ele>
        <time>2026-09-05T18:25:12.000Z</time>
        <extensions>
          <ns3:TrackPointExtension/>
        </extensions>
      </trkpt>
      <trkpt lat="43.28127139247953891754150390625" lon="-79.94180395267903804779052734375">
        <ele>198.8000030517578125</ele>
        <time>2026-09-05T18:25:27.000Z</time>
        <extensions>
          <ns3:TrackPointExtension/>
        </extensions>
      </trkpt>
      <trkpt lat="43.281199894845485687255859375" lon="-79.9419577606022357940673828125">
        <ele>198.8000030517578125</ele>
        <time>2026-09-05T18:25:41.000Z</time>
        <extensions>
          <ns3:TrackPointExtension/>
        </extensions>
      </trkpt>
      <trkpt lat="43.2811320014297962188720703125" lon="-79.94204535149037837982177734375">
        <ele>199</ele>
        <time>2026-09-05T18:25:52.000Z</time>
        <extensions>
          <ns3:TrackPointExtension/>
        </extensions>
      </trkpt>
      <trkpt lat="43.28100887127220630645751953125" lon="-79.94221173226833343505859375">
        <ele>199</ele>
        <time>2026-09-05T18:26:07.000Z</time>
        <extensions>
          <ns3:TrackPointExtension/>
        </extensions>
      </trkpt>
      <trkpt lat="43.2809844799339771270751953125" lon="-79.94222656823694705963134765625">
        <ele>199</ele>
        <time>2026-09-05T18:26:09.000Z</time>
        <extensions>
          <ns3:TrackPointExtension/>
        </extensions>
      </trkpt>
      <trkpt lat="43.28096075914800167083740234375" lon="-79.94224257767200469970703125">
        <ele>199.1999969482421875</ele>
        <time>2026-09-05T18:26:11.000Z</time>
        <extensions>
          <ns3:TrackPointExtension/>
        </extensions>
      </trkpt>
      <trkpt lat="43.28088012523949146270751953125" lon="-79.94233536534011363983154296875">
        <ele>199.399993896484375</ele>
        <time>2026-09-05T18:26:20.000Z</time>
        <extensions>
          <ns3:TrackPointExtension/>
        </extensions>
      </trkpt>
      <trkpt lat="43.2808745093643665313720703125" lon="-79.942349530756473541259765625">
        <ele>199.399993896484375</ele>
        <time>2026-09-05T18:26:21.000Z</time>
        <extensions>
          <ns3:TrackPointExtension/>
        </extensions>
      </trkpt>
      <trkpt lat="43.2807823084294795989990234375" lon="-79.94252622127532958984375">
        <ele>199.399993896484375</ele>
        <time>2026-09-05T18:26:34.000Z</time>
        <extensions>
          <ns3:TrackPointExtension/>
        </extensions>
      </trkpt>
      <trkpt lat="43.28065716661512851715087890625" lon="-79.94267282076179981231689453125">
        <ele>199</ele>
        <time>2026-09-05T18:26:46.000Z</time>
        <extensions>
          <ns3:TrackPointExtension/>
        </extensions>
      </trkpt>
      <trkpt lat="43.28051626682281494140625" lon="-79.94279620237648487091064453125">
        <ele>199.1999969482421875</ele>
        <time>2026-09-05T18:26:59.000Z</time>
        <extensions>
          <ns3:TrackPointExtension/>
        </extensions>
      </trkpt>
      <trkpt lat="43.28042917884886264801025390625" lon="-79.94290416128933429718017578125">
        <ele>199</ele>
        <time>2026-09-05T18:27:09.000Z</time>
        <extensions>
          <ns3:TrackPointExtension/>
        </extensions>
      </trkpt>
      <trkpt lat="43.28039984218776226043701171875" lon="-79.9429444782435894012451171875">
        <ele>199</ele>
        <time>2026-09-05T18:27:12.000Z</time>
        <extensions>
          <ns3:TrackPointExtension/>
        </extensions>
      </trkpt>
      <trkpt lat="43.28028819523751735687255859375" lon="-79.9430712126195430755615234375">
        <ele>199.1999969482421875</ele>
        <time>2026-09-05T18:27:24.000Z</time>
        <extensions>
          <ns3:TrackPointExtension/>
        </extensions>
      </trkpt>
      <trkpt lat="43.2801340520381927490234375" lon="-79.94320683181285858154296875">
        <ele>199.399993896484375</ele>
        <time>2026-09-05T18:27:38.000Z</time>
        <extensions>
          <ns3:TrackPointExtension/>
        </extensions>
      </trkpt>
      <trkpt lat="43.28012558631598949432373046875" lon="-79.94321965612471103668212890625">
        <ele>199.600006103515625</ele>
        <time>2026-09-05T18:27:39.000Z</time>
        <extensions>
          <ns3:TrackPointExtension/>
        </extensions>
      </trkpt>
      <trkpt lat="43.28013229183852672576904296875" lon="-79.943365752696990966796875">
        <ele>199.399993896484375</ele>
        <time>2026-09-05T18:27:48.000Z</time>
        <extensions>
          <ns3:TrackPointExtension/>
        </extensions>
      </trkpt>
      <trkpt lat="43.28014452941715717315673828125" lon="-79.94352542795240879058837890625">
        <ele>199.1999969482421875</ele>
        <time>2026-09-05T18:27:59.000Z</time>
        <extensions>
          <ns3:TrackPointExtension/>
        </extensions>
      </trkpt>
      <trkpt lat="43.28012692742049694061279296875" lon="-79.9435764737427234649658203125">
        <ele>199.1999969482421875</ele>
        <time>2026-09-05T18:28:02.000Z</time>
        <extensions>
          <ns3:TrackPointExtension/>
        </extensions>
      </trkpt>
      <trkpt lat="43.28004864044487476348876953125" lon="-79.94370161555707454681396484375">
        <ele>199</ele>
        <time>2026-09-05T18:28:11.000Z</time>
        <extensions>
          <ns3:TrackPointExtension/>
        </extensions>
      </trkpt>
      <trkpt lat="43.27993623912334442138671875" lon="-79.94388819672167301177978515625">
        <ele>199.600006103515625</ele>
        <time>2026-09-05T18:28:26.000Z</time>
        <extensions>
          <ns3:TrackPointExtension/>
        </extensions>
      </trkpt>
      <trkpt lat="43.2798443734645843505859375" lon="-79.9439801461994647979736328125">
        <ele>199.600006103515625</ele>
        <time>2026-09-05T18:28:36.000Z</time>
        <extensions>
          <ns3:TrackPointExtension/>
        </extensions>
      </trkpt>
      <trkpt lat="43.27977530658245086669921875" lon="-79.94403161108493804931640625">
        <ele>199.600006103515625</ele>
        <time>2026-09-05T18:28:42.000Z</time>
        <extensions>
          <ns3:TrackPointExtension/>
        </extensions>
      </trkpt>
      <trkpt lat="43.27962568961083889007568359375" lon="-79.94414024055004119873046875">
        <ele>199.600006103515625</ele>
        <time>2026-09-05T18:28:58.000Z</time>
        <extensions>
          <ns3:TrackPointExtension/>
        </extensions>
      </trkpt>
      <trkpt lat="43.27953767962753772735595703125" lon="-79.9442725069820880889892578125">
        <ele>199.8000030517578125</ele>
        <time>2026-09-05T18:29:09.000Z</time>
        <extensions>
          <ns3:TrackPointExtension/>
        </extensions>
      </trkpt>
      <trkpt lat="43.27940273098647594451904296875" lon="-79.944392703473567962646484375">
        <ele>199.600006103515625</ele>
        <time>2026-09-05T18:29:22.000Z</time>
        <extensions>
          <ns3:TrackPointExtension/>
        </extensions>
      </trkpt>
      <trkpt lat="43.27933031134307384490966796875" lon="-79.94453896768391132354736328125">
        <ele>199.8000030517578125</ele>
        <time>2026-09-05T18:29:33.000Z</time>
        <extensions>
          <ns3:TrackPointExtension/>
        </extensions>
      </trkpt>
      <trkpt lat="43.27925588004291057586669921875" lon="-79.9447591602802276611328125">
        <ele>199.600006103515625</ele>
        <time>2026-09-05T18:29:46.000Z</time>
        <extensions>
          <ns3:TrackPointExtension/>
        </extensions>
      </trkpt>
      <trkpt lat="43.27927239239215850830078125" lon="-79.94498689658939838409423828125">
        <ele>199.600006103515625</ele>
        <time>2026-09-05T18:29:58.000Z</time>
        <extensions>
          <ns3:TrackPointExtension/>
        </extensions>
      </trkpt>
      <trkpt lat="43.279356546700000762939453125" lon="-79.94511849246919155120849609375">
        <ele>199.8000030517578125</ele>
        <time>2026-09-05T18:30:09.000Z</time>
        <extensions>
          <ns3:TrackPointExtension/>
        </extensions>
      </trkpt>
      <trkpt lat="43.279463164508342742919921875" lon="-79.94520449079573154449462890625">
        <ele>199.8000030517578125</ele>
        <time>2026-09-05T18:30:21.000Z</time>
        <extensions>
          <ns3:TrackPointExtension/>
        </extensions>
      </trkpt>
      <trkpt lat="43.2795412838459014892578125" lon="-79.9453239329159259796142578125">
        <ele>200.1999969482421875</ele>
        <time>2026-09-05T18:30:31.000Z</time>
        <extensions>
          <ns3:TrackPointExtension/>
        </extensions>
      </trkpt>
      <trkpt lat="43.2795649208128452301025390625" lon="-79.94538218714296817779541015625">
        <ele>200.1999969482421875</ele>
        <time>2026-09-05T18:30:35.000Z</time>
        <extensions>
          <ns3:TrackPointExtension/>
        </extensions>
      </trkpt>
      <trkpt lat="43.2795907370746135711669921875" lon="-79.9455193988978862762451171875">
        <ele>201</ele>
        <time>2026-09-05T18:30:48.000Z</time>
        <extensions>
          <ns3:TrackPointExtension/>
        </extensions>
      </trkpt>
      <trkpt lat="43.27957942150533199310302734375" lon="-79.945529960095882415771484375">
        <ele>201.1999969482421875</ele>
        <time>2026-09-05T18:30:53.000Z</time>
        <extensions>
          <ns3:TrackPointExtension/>
        </extensions>
      </trkpt>
      <trkpt lat="43.27957187779247760772705078125" lon="-79.9455264396965503692626953125">
        <ele>201.1999969482421875</ele>
        <time>2026-09-05T18:31:02.000Z</time>
        <extensions>
          <ns3:TrackPointExtension/>
        </extensions>
      </trkpt>
      <trkpt lat="43.279546983540058135986328125" lon="-79.94559005834162235260009765625">
        <ele>201.399993896484375</ele>
        <time>2026-09-05T18:31:17.000Z</time>
        <extensions>
          <ns3:TrackPointExtension/>
        </extensions>
      </trkpt>
      <trkpt lat="43.279516808688640594482421875" lon="-79.945737831294536590576171875">
        <ele>201.399993896484375</ele>
        <time>2026-09-05T18:31:25.000Z</time>
        <extensions>
          <ns3:TrackPointExtension/>
        </extensions>
      </trkpt>
      <trkpt lat="43.279485963284969329833984375" lon="-79.9459247477352619171142578125">
        <ele>201.8000030517578125</ele>
        <time>2026-09-05T18:31:34.000Z</time>
        <extensions>
          <ns3:TrackPointExtension/>
        </extensions>
      </trkpt>
      <trkpt lat="43.2794660143554210662841796875" lon="-79.94599792174994945526123046875">
        <ele>201.8000030517578125</ele>
        <time>2026-09-05T18:31:38.000Z</time>
        <extensions>
          <ns3:TrackPointExtension/>
        </extensions>
      </trkpt>
      <trkpt lat="43.2794487476348876953125" lon="-79.9460514821112155914306640625">
        <ele>201.8000030517578125</ele>
        <time>2026-09-05T18:31:41.000Z</time>
        <extensions>
          <ns3:TrackPointExtension/>
        </extensions>
      </trkpt>
      <trkpt lat="43.27941119670867919921875" lon="-79.94617746211588382720947265625">
        <ele>202.1999969482421875</ele>
        <time>2026-09-05T18:31:48.000Z</time>
        <extensions>
          <ns3:TrackPointExtension/>
        </extensions>
      </trkpt>
      <trkpt lat="43.27938973903656005859375" lon="-79.94623160921037197113037109375">
        <ele>202.1999969482421875</ele>
        <time>2026-09-05T18:31:51.000Z</time>
        <extensions>
          <ns3:TrackPointExtension/>
        </extensions>
      </trkpt>
      <trkpt lat="43.27935344539582729339599609375" lon="-79.94633202441036701202392578125">
        <ele>202.600006103515625</ele>
        <time>2026-09-05T18:31:57.000Z</time>
        <extensions>
          <ns3:TrackPointExtension/>
        </extensions>
      </trkpt>
      <trkpt lat="43.279301561415195465087890625" lon="-79.946484826505184173583984375">
        <ele>203.1999969482421875</ele>
        <time>2026-09-05T18:32:06.000Z</time>
        <extensions>
          <ns3:TrackPointExtension/>
        </extensions>
      </trkpt>
      <trkpt lat="43.279295861721038818359375" lon="-79.946534447371959686279296875">
        <ele>203.1999969482421875</ele>
        <time>2026-09-05T18:32:09.000Z</time>
        <extensions>
          <ns3:TrackPointExtension/>
        </extensions>
      </trkpt>
      <trkpt lat="43.27927381731569766998291015625" lon="-79.94664114899933338165283203125">
        <ele>203.600006103515625</ele>
        <time>2026-09-05T18:32:15.000Z</time>
        <extensions>
          <ns3:TrackPointExtension/>
        </extensions>
      </trkpt>
      <trkpt lat="43.27922277152538299560546875" lon="-79.9468309991061687469482421875">
        <ele>204.1999969482421875</ele>
        <time>2026-09-05T18:32:26.000Z</time>
        <extensions>
          <ns3:TrackPointExtension/>
        </extensions>
      </trkpt>
      <trkpt lat="43.2792118750512599945068359375" lon="-79.94686829857528209686279296875">
        <ele>204.399993896484375</ele>
        <time>2026-09-05T18:32:28.000Z</time>
        <extensions>
          <ns3:TrackPointExtension/>
        </extensions>
      </trkpt>
      <trkpt lat="43.27919133938848972320556640625" lon="-79.9469402991235256195068359375">
        <ele>204.399993896484375</ele>
        <time>2026-09-05T18:32:32.000Z</time>
        <extensions>
          <ns3:TrackPointExtension/>
        </extensions>
      </trkpt>
      <trkpt lat="43.27915362082421779632568359375" lon="-79.94710869155824184417724609375">
        <ele>204.399993896484375</ele>
        <time>2026-09-05T18:32:41.000Z</time>
        <extensions>
          <ns3:TrackPointExtension/>
        </extensions>
      </trkpt>
      <trkpt lat="43.27913015149533748626708984375" lon="-79.9472397007048130035400390625">
        <ele>204.600006103515625</ele>
        <time>2026-09-05T18:32:48.000Z</time>
        <extensions>
          <ns3:TrackPointExtension/>
        </extensions>
      </trkpt>
      <trkpt lat="43.27908807434141635894775390625" lon="-79.9474019743502140045166015625">
        <ele>204.8000030517578125</ele>
        <time>2026-09-05T18:32:57.000Z</time>
        <extensions>
          <ns3:TrackPointExtension/>
        </extensions>
      </trkpt>
      <trkpt lat="43.2790613360702991485595703125" lon="-79.9475193209946155548095703125">
        <ele>205.399993896484375</ele>
        <time>2026-09-05T18:33:03.000Z</time>
        <extensions>
          <ns3:TrackPointExtension/>
        </extensions>
      </trkpt>
      <trkpt lat="43.2790553011000156402587890625" lon="-79.94758562184870243072509765625">
        <ele>205.399993896484375</ele>
        <time>2026-09-05T18:33:06.000Z</time>
        <extensions>
          <ns3:TrackPointExtension/>
        </extensions>
      </trkpt>
      <trkpt lat="43.27902521006762981414794921875" lon="-79.94774781167507171630859375">
        <ele>205.8000030517578125</ele>
        <time>2026-09-05T18:33:15.000Z</time>
        <extensions>
          <ns3:TrackPointExtension/>
        </extensions>
      </trkpt>
      <trkpt lat="43.2789778523147106170654296875" lon="-79.94790648110210895538330078125">
        <ele>206.1999969482421875</ele>
        <time>2026-09-05T18:33:25.000Z</time>
        <extensions>
          <ns3:TrackPointExtension/>
        </extensions>
      </trkpt>
      <trkpt lat="43.2789592444896697998046875" lon="-79.94804687798023223876953125">
        <ele>206.399993896484375</ele>
        <time>2026-09-05T18:33:32.000Z</time>
        <extensions>
          <ns3:TrackPointExtension/>
        </extensions>
      </trkpt>
      <trkpt lat="43.2789258845150470733642578125" lon="-79.9482056312263011932373046875">
        <ele>206.399993896484375</ele>
        <time>2026-09-05T18:33:41.000Z</time>
        <extensions>
          <ns3:TrackPointExtension/>
        </extensions>
      </trkpt>
      <trkpt lat="43.2789208553731441497802734375" lon="-79.94838508777320384979248046875">
        <ele>206.1999969482421875</ele>
        <time>2026-09-05T18:33:51.000Z</time>
        <extensions>
          <ns3:TrackPointExtension/>
        </extensions>
      </trkpt>
      <trkpt lat="43.27893569134175777435302734375" lon="-79.94852405972778797149658203125">
        <ele>206.1999969482421875</ele>
        <time>2026-09-05T18:33:59.000Z</time>
        <extensions>
          <ns3:TrackPointExtension/>
        </extensions>
      </trkpt>
      <trkpt lat="43.27892479486763477325439453125" lon="-79.948694296181201934814453125">
        <ele>206.1999969482421875</ele>
        <time>2026-09-05T18:34:08.000Z</time>
        <extensions>
          <ns3:TrackPointExtension/>
        </extensions>
      </trkpt>
      <trkpt lat="43.27893552370369434356689453125" lon="-79.9488688074052333831787109375">
        <ele>206.1999969482421875</ele>
        <time>2026-09-05T18:34:17.000Z</time>
        <extensions>
          <ns3:TrackPointExtension/>
        </extensions>
      </trkpt>
      <trkpt lat="43.27897408045828342437744140625" lon="-79.94899461977183818817138671875">
        <ele>206.1999969482421875</ele>
        <time>2026-09-05T18:34:25.000Z</time>
        <extensions>
          <ns3:TrackPointExtension/>
        </extensions>
      </trkpt>
      <trkpt lat="43.27899117954075336456298828125" lon="-79.94900082238018512725830078125">
        <ele>206.1999969482421875</ele>
        <time>2026-09-05T18:34:33.000Z</time>
        <extensions>
          <ns3:TrackPointExtension/>
        </extensions>
      </trkpt>
      <trkpt lat="43.2789929397404193878173828125" lon="-79.94910903275012969970703125">
        <ele>206.399993896484375</ele>
        <time>2026-09-05T18:34:42.000Z</time>
        <extensions>
          <ns3:TrackPointExtension/>
        </extensions>
      </trkpt>
      <trkpt lat="43.27898950316011905670166015625" lon="-79.94913275353610515594482421875">
        <ele>206.600006103515625</ele>
        <time>2026-09-05T18:34:51.000Z</time>
        <extensions>
          <ns3:TrackPointExtension/>
        </extensions>
      </trkpt>
      <trkpt lat="43.2789278961718082427978515625" lon="-79.94912286289036273956298828125">
        <ele>206.600006103515625</ele>
        <time>2026-09-05T18:34:59.000Z</time>
        <extensions>
          <ns3:TrackPointExtension/>
        </extensions>
      </trkpt>
      <trkpt lat="43.2787636108696460723876953125" lon="-79.94914784096181392669677734375">
        <ele>206</ele>
        <time>2026-09-05T18:35:12.000Z</time>
        <extensions>
          <ns3:TrackPointExtension/>
        </extensions>
      </trkpt>
      <trkpt lat="43.27858868055045604705810546875" lon="-79.94921095669269561767578125">
        <ele>205.399993896484375</ele>
        <time>2026-09-05T18:35:24.000Z</time>
        <extensions>
          <ns3:TrackPointExtension/>
        </extensions>
      </trkpt>
      <trkpt lat="43.27857728116214275360107421875" lon="-79.94921841658651828765869140625">
        <ele>205.1999969482421875</ele>
        <time>2026-09-05T18:35:25.000Z</time>
        <extensions>
          <ns3:TrackPointExtension/>
        </extensions>
      </trkpt>
      <trkpt lat="43.27856537885963916778564453125" lon="-79.949225373566150665283203125">
        <ele>205.1999969482421875</ele>
        <time>2026-09-05T18:35:26.000Z</time>
        <extensions>
          <ns3:TrackPointExtension/>
        </extensions>
      </trkpt>
      <trkpt lat="43.27844384126365184783935546875" lon="-79.9492785148322582244873046875">
        <ele>204.600006103515625</ele>
        <time>2026-09-05T18:35:38.000Z</time>
        <extensions>
          <ns3:TrackPointExtension/>
        </extensions>
      </trkpt>
      <trkpt lat="43.278417102992534637451171875" lon="-79.94928915984928607940673828125">
        <ele>204.1999969482421875</ele>
        <time>2026-09-05T18:35:41.000Z</time>
        <extensions>
          <ns3:TrackPointExtension/>
        </extensions>
      </trkpt>
      <trkpt lat="43.2783210463821887969970703125" lon="-79.94933811016380786895751953125">
        <ele>203.399993896484375</ele>
        <time>2026-09-05T18:35:53.000Z</time>
        <extensions>
          <ns3:TrackPointExtension/>
        </extensions>
      </trkpt>
      <trkpt lat="43.2783066295087337493896484375" lon="-79.94934129528701305389404296875">
        <ele>203.1999969482421875</ele>
        <time>2026-09-05T18:36:02.000Z</time>
        <extensions>
          <ns3:TrackPointExtension/>
        </extensions>
      </trkpt>
      <trkpt lat="43.2782959006726741790771484375" lon="-79.94933626614511013031005859375">
        <ele>203</ele>
        <time>2026-09-05T18:36:05.000Z</time>
        <extensions>
          <ns3:TrackPointExtension/>
        </extensions>
      </trkpt>
      <trkpt lat="43.27826899476349353790283203125" lon="-79.949315227568149566650390625">
        <ele>202</ele>
        <time>2026-09-05T18:36:13.000Z</time>
        <extensions>
          <ns3:TrackPointExtension/>
        </extensions>
      </trkpt>
      <trkpt lat="43.27824032865464687347412109375" lon="-79.9492949433624744415283203125">
        <ele>201</ele>
        <time>2026-09-05T18:36:18.000Z</time>
        <extensions>
          <ns3:TrackPointExtension/>
        </extensions>
      </trkpt>
      <trkpt lat="43.2782332040369510650634765625" lon="-79.94929284788668155670166015625">
        <ele>200.8000030517578125</ele>
        <time>2026-09-05T18:36:19.000Z</time>
        <extensions>
          <ns3:TrackPointExtension/>
        </extensions>
      </trkpt>
      <trkpt lat="43.27820009551942348480224609375" lon="-79.9492932669818401336669921875">
        <ele>199.600006103515625</ele>
        <time>2026-09-05T18:36:22.000Z</time>
        <extensions>
          <ns3:TrackPointExtension/>
        </extensions>
      </trkpt>
      <trkpt lat="43.2781510613858699798583984375" lon="-79.949311874806880950927734375">
        <ele>198.399993896484375</ele>
        <time>2026-09-05T18:36:26.000Z</time>
        <extensions>
          <ns3:TrackPointExtension/>
        </extensions>
      </trkpt>
      <trkpt lat="43.27813069336116313934326171875" lon="-79.94933173991739749908447265625">
        <ele>198</ele>
        <time>2026-09-05T18:36:28.000Z</time>
        <extensions>
          <ns3:TrackPointExtension/>
        </extensions>
      </trkpt>
      <trkpt lat="43.278107307851314544677734375" lon="-79.94933861307799816131591796875">
        <ele>197.399993896484375</ele>
        <time>2026-09-05T18:36:30.000Z</time>
        <extensions>
          <ns3:TrackPointExtension/>
        </extensions>
      </trkpt>
      <trkpt lat="43.27803547494113445281982421875" lon="-79.94939276017248630523681640625">
        <ele>196.1999969482421875</ele>
        <time>2026-09-05T18:36:39.000Z</time>
        <extensions>
          <ns3:TrackPointExtension/>
        </extensions>
      </trkpt>
      <trkpt lat="43.27800965867936611175537109375" lon="-79.9494069255888462066650390625">
        <ele>195.8000030517578125</ele>
        <time>2026-09-05T18:36:42.000Z</time>
        <extensions>
          <ns3:TrackPointExtension/>
        </extensions>
      </trkpt>
      <trkpt lat="43.2779936492443084716796875" lon="-79.94941421784460544586181640625">
        <ele>195.1999969482421875</ele>
        <time>2026-09-05T18:36:44.000Z</time>
        <extensions>
          <ns3:TrackPointExtension/>
        </extensions>
      </trkpt>
      <trkpt lat="43.2779534161090850830078125" lon="-79.94943064637482166290283203125">
        <ele>194</ele>
        <time>2026-09-05T18:36:50.000Z</time>
        <extensions>
          <ns3:TrackPointExtension/>
        </extensions>
      </trkpt>
      <trkpt lat="43.27794226817786693572998046875" lon="-79.94943232275545597076416015625">
        <ele>192.8000030517578125</ele>
        <time>2026-09-05T18:36:54.000Z</time>
        <extensions>
          <ns3:TrackPointExtension/>
        </extensions>
      </trkpt>
      <trkpt lat="43.27793505974113941192626953125" lon="-79.949430562555789947509765625">
        <ele>192.399993896484375</ele>
        <time>2026-09-05T18:36:56.000Z</time>
        <extensions>
          <ns3:TrackPointExtension/>
        </extensions>
      </trkpt>
      <trkpt lat="43.2779321260750293731689453125" lon="-79.94942075572907924652099609375">
        <ele>191.600006103515625</ele>
        <time>2026-09-05T18:37:02.000Z</time>
        <extensions>
          <ns3:TrackPointExtension/>
        </extensions>
      </trkpt>
      <trkpt lat="43.277933634817600250244140625" lon="-79.9494116194546222686767578125">
        <ele>190.600006103515625</ele>
        <time>2026-09-05T18:37:10.000Z</time>
        <extensions>
          <ns3:TrackPointExtension/>
        </extensions>
      </trkpt>
      <trkpt lat="43.27795551158487796783447265625" lon="-79.9493653513491153717041015625">
        <ele>189.399993896484375</ele>
        <time>2026-09-05T18:37:20.000Z</time>
        <extensions>
          <ns3:TrackPointExtension/>
        </extensions>
      </trkpt>
      <trkpt lat="43.27797512523829936981201171875" lon="-79.94933978654444217681884765625">
        <ele>188.8000030517578125</ele>
        <time>2026-09-05T18:37:25.000Z</time>
        <extensions>
          <ns3:TrackPointExtension/>
        </extensions>
      </trkpt>
      <trkpt lat="43.27799373306334018707275390625" lon="-79.94932805188000202178955078125">
        <ele>188.399993896484375</ele>
        <time>2026-09-05T18:37:29.000Z</time>
        <extensions>
          <ns3:TrackPointExtension/>
        </extensions>
      </trkpt>
      <trkpt lat="43.27800094150006771087646484375" lon="-79.94929804466664791107177734375">
        <ele>187.399993896484375</ele>
        <time>2026-09-05T18:37:35.000Z</time>
        <extensions>
          <ns3:TrackPointExtension/>
        </extensions>
      </trkpt>
      <trkpt lat="43.27802524901926517486572265625" lon="-79.94924238882958889007568359375">
        <ele>186.1999969482421875</ele>
        <time>2026-09-05T18:37:41.000Z</time>
        <extensions>
          <ns3:TrackPointExtension/>
        </extensions>
      </trkpt>
      <trkpt lat="43.27805575914680957794189453125" lon="-79.94918371550738811492919921875">
        <ele>185</ele>
        <time>2026-09-05T18:37:47.000Z</time>
        <extensions>
          <ns3:TrackPointExtension/>
        </extensions>
      </trkpt>
      <trkpt lat="43.27806397341191768646240234375" lon="-79.9491524510085582733154296875">
        <ele>183.8000030517578125</ele>
        <time>2026-09-05T18:37:51.000Z</time>
        <extensions>
          <ns3:TrackPointExtension/>
        </extensions>
      </trkpt>
      <trkpt lat="43.2780628837645053863525390625" lon="-79.94912286289036273956298828125">
        <ele>183.1999969482421875</ele>
        <time>2026-09-05T18:37:55.000Z</time>
        <extensions>
          <ns3:TrackPointExtension/>
        </extensions>
      </trkpt>
      <trkpt lat="43.2780447788536548614501953125" lon="-79.94908983819186687469482421875">
        <ele>182.8000030517578125</ele>
        <time>2026-09-05T18:37:59.000Z</time>
        <extensions>
          <ns3:TrackPointExtension/>
        </extensions>
      </trkpt>
      <trkpt lat="43.27802239917218685150146484375" lon="-79.94905966334044933319091796875">
        <ele>181.399993896484375</ele>
        <time>2026-09-05T18:38:04.000Z</time>
        <extensions>
          <ns3:TrackPointExtension/>
        </extensions>
      </trkpt>
      <trkpt lat="43.2780025340616703033447265625" lon="-79.9490548856556415557861328125">
        <ele>180.8000030517578125</ele>
        <time>2026-09-05T18:38:07.000Z</time>
        <extensions>
          <ns3:TrackPointExtension/>
        </extensions>
      </trkpt>
      <trkpt lat="43.2779954932630062103271484375" lon="-79.94905564002692699432373046875">
        <ele>180.399993896484375</ele>
        <time>2026-09-05T18:38:08.000Z</time>
        <extensions>
          <ns3:TrackPointExtension/>
        </extensions>
      </trkpt>
      <trkpt lat="43.2779748737812042236328125" lon="-79.949055723845958709716796875">
        <ele>179.399993896484375</ele>
        <time>2026-09-05T18:38:11.000Z</time>
        <extensions>
          <ns3:TrackPointExtension/>
        </extensions>
      </trkpt>
      <trkpt lat="43.2779331319034099578857421875" lon="-79.94905538856983184814453125">
        <ele>178.1999969482421875</ele>
        <time>2026-09-05T18:38:16.000Z</time>
        <extensions>
          <ns3:TrackPointExtension/>
        </extensions>
      </trkpt>
      <trkpt lat="43.2778868637979030609130859375" lon="-79.94904709048569202423095703125">
        <ele>177.1999969482421875</ele>
        <time>2026-09-05T18:38:21.000Z</time>
        <extensions>
          <ns3:TrackPointExtension/>
        </extensions>
      </trkpt>
      <trkpt lat="43.27787806279957294464111328125" lon="-79.94904390536248683929443359375">
        <ele>177</ele>
        <time>2026-09-05T18:38:22.000Z</time>
        <extensions>
          <ns3:TrackPointExtension/>
        </extensions>
      </trkpt>
      <trkpt lat="43.27784788794815540313720703125" lon="-79.94902311824262142181396484375">
        <ele>175.8000030517578125</ele>
        <time>2026-09-05T18:38:26.000Z</time>
        <extensions>
          <ns3:TrackPointExtension/>
        </extensions>
      </trkpt>
      <trkpt lat="43.277808912098407745361328125" lon="-79.948972575366497039794921875">
        <ele>174.600006103515625</ele>
        <time>2026-09-05T18:38:31.000Z</time>
        <extensions>
          <ns3:TrackPointExtension/>
        </extensions>
      </trkpt>
      <trkpt lat="43.27779575251042842864990234375" lon="-79.94896075688302516937255859375">
        <ele>174.399993896484375</ele>
        <time>2026-09-05T18:38:32.000Z</time>
        <extensions>
          <ns3:TrackPointExtension/>
        </extensions>
      </trkpt>
      <trkpt lat="43.27775426208972930908203125" lon="-79.94893661700189113616943359375">
        <ele>173.600006103515625</ele>
        <time>2026-09-05T18:38:35.000Z</time>
        <extensions>
          <ns3:TrackPointExtension/>
        </extensions>
      </trkpt>
      <trkpt lat="43.2777145318686962127685546875" lon="-79.9489667080342769622802734375">
        <ele>172.8000030517578125</ele>
        <time>2026-09-05T18:38:40.000Z</time>
        <extensions>
          <ns3:TrackPointExtension/>
        </extensions>
      </trkpt>
      <trkpt lat="43.27770371921360492706298828125" lon="-79.94898104108870029449462890625">
        <ele>172.399993896484375</ele>
        <time>2026-09-05T18:38:43.000Z</time>
        <extensions>
          <ns3:TrackPointExtension/>
        </extensions>
      </trkpt>
      <trkpt lat="43.27767002396285533905029296875" lon="-79.949004761874675750732421875">
        <ele>172.399993896484375</ele>
        <time>2026-09-05T18:38:50.000Z</time>
        <extensions>
          <ns3:TrackPointExtension/>
        </extensions>
      </trkpt>
      <trkpt lat="43.27759743668138980865478515625" lon="-79.94899881072342395782470703125">
        <ele>171.399993896484375</ele>
        <time>2026-09-05T18:39:00.000Z</time>
        <extensions>
          <ns3:TrackPointExtension/>
        </extensions>
      </trkpt>
      <trkpt lat="43.27759735286235809326171875" lon="-79.94898431003093719482421875">
        <ele>171.399993896484375</ele>
        <time>2026-09-05T18:39:01.000Z</time>
        <extensions>
          <ns3:TrackPointExtension/>
        </extensions>
      </trkpt>
      <trkpt lat="43.2775629870593547821044921875" lon="-79.94890116155147552490234375">
        <ele>170.1999969482421875</ele>
        <time>2026-09-05T18:39:13.000Z</time>
        <extensions>
          <ns3:TrackPointExtension/>
        </extensions>
      </trkpt>
      <trkpt lat="43.27752551995217800140380859375" lon="-79.94889177381992340087890625">
        <ele>169.1999969482421875</ele>
        <time>2026-09-05T18:39:18.000Z</time>
        <extensions>
          <ns3:TrackPointExtension/>
        </extensions>
      </trkpt>
      <trkpt lat="43.2775108516216278076171875" lon="-79.94890962727367877960205078125">
        <ele>168</ele>
        <time>2026-09-05T18:39:25.000Z</time>
        <extensions>
          <ns3:TrackPointExtension/>
        </extensions>
      </trkpt>
      <trkpt lat="43.27747807838022708892822265625" lon="-79.94891582988202571868896484375">
        <ele>167</ele>
        <time>2026-09-05T18:39:32.000Z</time>
        <extensions>
          <ns3:TrackPointExtension/>
        </extensions>
      </trkpt>
      <trkpt lat="43.27744522131979465484619140625" lon="-79.94894332252442836761474609375">
        <ele>166.600006103515625</ele>
        <time>2026-09-05T18:39:38.000Z</time>
        <extensions>
          <ns3:TrackPointExtension/>
        </extensions>
      </trkpt>
      <trkpt lat="43.27737338840961456298828125" lon="-79.94903703220188617706298828125">
        <ele>167</ele>
        <time>2026-09-05T18:39:48.000Z</time>
        <extensions>
          <ns3:TrackPointExtension/>
        </extensions>
      </trkpt>
      <trkpt lat="43.2773574627935886383056640625" lon="-79.9490582384169101715087890625">
        <ele>167.1999969482421875</ele>
        <time>2026-09-05T18:39:50.000Z</time>
        <extensions>
          <ns3:TrackPointExtension/>
        </extensions>
      </trkpt>
      <trkpt lat="43.27730893157422542572021484375" lon="-79.9491527862846851348876953125">
        <ele>168.1999969482421875</ele>
        <time>2026-09-05T18:39:59.000Z</time>
        <extensions>
          <ns3:TrackPointExtension/>
        </extensions>
      </trkpt>
      <trkpt lat="43.27725780196487903594970703125" lon="-79.9492523632943630218505859375">
        <ele>169.1999969482421875</ele>
        <time>2026-09-05T18:40:08.000Z</time>
        <extensions>
          <ns3:TrackPointExtension/>
        </extensions>
      </trkpt>
      <trkpt lat="43.27724154107272624969482421875" lon="-79.9493673630058765411376953125">
        <ele>170.1999969482421875</ele>
        <time>2026-09-05T18:40:17.000Z</time>
        <extensions>
          <ns3:TrackPointExtension/>
        </extensions>
      </trkpt>
      <trkpt lat="43.27724330127239227294921875" lon="-79.94939175434410572052001953125">
        <ele>170.600006103515625</ele>
        <time>2026-09-05T18:40:20.000Z</time>
        <extensions>
          <ns3:TrackPointExtension/>
        </extensions>
      </trkpt>
      <trkpt lat="43.27724673785269260406494140625" lon="-79.94943165220320224761962890625">
        <ele>171.399993896484375</ele>
        <time>2026-09-05T18:40:24.000Z</time>
        <extensions>
          <ns3:TrackPointExtension/>
        </extensions>
      </trkpt>
      <trkpt lat="43.277207426726818084716796875" lon="-79.94947515428066253662109375">
        <ele>171.8000030517578125</ele>
        <time>2026-09-05T18:40:31.000Z</time>
        <extensions>
          <ns3:TrackPointExtension/>
        </extensions>
      </trkpt>
      <trkpt lat="43.2771499268710613250732421875" lon="-79.9496295489370822906494140625">
        <ele>170.8000030517578125</ele>
        <time>2026-09-05T18:40:44.000Z</time>
        <extensions>
          <ns3:TrackPointExtension/>
        </extensions>
      </trkpt>
      <trkpt lat="43.2770979590713977813720703125" lon="-79.94979408569633960723876953125">
        <ele>171.600006103515625</ele>
        <time>2026-09-05T18:40:58.000Z</time>
        <extensions>
          <ns3:TrackPointExtension/>
        </extensions>
      </trkpt>
      <trkpt lat="43.27702595852315425872802734375" lon="-79.94994512759149074554443359375">
        <ele>172</ele>
        <time>2026-09-05T18:41:12.000Z</time>
        <extensions>
          <ns3:TrackPointExtension/>
        </extensions>
      </trkpt>
      <trkpt lat="43.27695638872683048248291015625" lon="-79.95008544065058231353759765625">
        <ele>171.600006103515625</ele>
        <time>2026-09-05T18:41:26.000Z</time>
        <extensions>
          <ns3:TrackPointExtension/>
        </extensions>
      </trkpt>
      <trkpt lat="43.276921100914478302001953125" lon="-79.95025777257978916168212890625">
        <ele>171.600006103515625</ele>
        <time>2026-09-05T18:41:40.000Z</time>
        <extensions>
          <ns3:TrackPointExtension/>
        </extensions>
      </trkpt>
      <trkpt lat="43.2768698036670684814453125" lon="-79.95035030879080295562744140625">
        <ele>172.1999969482421875</ele>
        <time>2026-09-05T18:41:48.000Z</time>
        <extensions>
          <ns3:TrackPointExtension/>
        </extensions>
      </trkpt>
      <trkpt lat="43.27685178257524967193603515625" lon="-79.95037679560482501983642578125">
        <ele>172.399993896484375</ele>
        <time>2026-09-05T18:41:51.000Z</time>
        <extensions>
          <ns3:TrackPointExtension/>
        </extensions>
      </trkpt>
      <trkpt lat="43.27674751169979572296142578125" lon="-79.9504596926271915435791015625">
        <ele>172.1999969482421875</ele>
        <time>2026-09-05T18:42:06.000Z</time>
        <extensions>
          <ns3:TrackPointExtension/>
        </extensions>
      </trkpt>
      <trkpt lat="43.27666268683969974517822265625" lon="-79.95058651082217693328857421875">
        <ele>171.399993896484375</ele>
        <time>2026-09-05T18:42:19.000Z</time>
        <extensions>
          <ns3:TrackPointExtension/>
        </extensions>
      </trkpt>
      <trkpt lat="43.27662932686507701873779296875" lon="-79.950626157224178314208984375">
        <ele>171.399993896484375</ele>
        <time>2026-09-05T18:42:25.000Z</time>
        <extensions>
          <ns3:TrackPointExtension/>
        </extensions>
      </trkpt>
      <trkpt lat="43.27657719142735004425048828125" lon="-79.9506970681250095367431640625">
        <ele>170.1999969482421875</ele>
        <time>2026-09-05T18:42:33.000Z</time>
        <extensions>
          <ns3:TrackPointExtension/>
        </extensions>
      </trkpt>
      <trkpt lat="43.2765310071408748626708984375" lon="-79.95075347833335399627685546875">
        <ele>169.1999969482421875</ele>
        <time>2026-09-05T18:42:40.000Z</time>
        <extensions>
          <ns3:TrackPointExtension/>
        </extensions>
      </trkpt>
      <trkpt lat="43.27649706043303012847900390625" lon="-79.95081885717809200286865234375">
        <ele>168.399993896484375</ele>
        <time>2026-09-05T18:42:48.000Z</time>
        <extensions>
          <ns3:TrackPointExtension/>
        </extensions>
      </trkpt>
      <trkpt lat="43.2764942944049835205078125" lon="-79.95085540227591991424560546875">
        <ele>168.1999969482421875</ele>
        <time>2026-09-05T18:42:51.000Z</time>
        <extensions>
          <ns3:TrackPointExtension/>
        </extensions>
      </trkpt>
      <trkpt lat="43.27647828496992588043212890625" lon="-79.95100091211497783660888671875">
        <ele>168.399993896484375</ele>
        <time>2026-09-05T18:43:02.000Z</time>
        <extensions>
          <ns3:TrackPointExtension/>
        </extensions>
      </trkpt>
      <trkpt lat="43.276418857276439666748046875" lon="-79.9511084519326686859130859375">
        <ele>169.1999969482421875</ele>
        <time>2026-09-05T18:43:10.000Z</time>
        <extensions>
          <ns3:TrackPointExtension/>
        </extensions>
      </trkpt>
      <trkpt lat="43.27640536241233348846435546875" lon="-79.951127730309963226318359375">
        <ele>169.600006103515625</ele>
        <time>2026-09-05T18:43:12.000Z</time>
        <extensions>
          <ns3:TrackPointExtension/>
        </extensions>
      </trkpt>
      <trkpt lat="43.27630662359297275543212890625" lon="-79.9512170813977718353271484375">
        <ele>169</ele>
        <time>2026-09-05T18:43:26.000Z</time>
        <extensions>
          <ns3:TrackPointExtension/>
        </extensions>
      </trkpt>
      <trkpt lat="43.2762944698333740234375" lon="-79.95125614106655120849609375">
        <ele>168.1999969482421875</ele>
        <time>2026-09-05T18:43:31.000Z</time>
        <extensions>
          <ns3:TrackPointExtension/>
        </extensions>
      </trkpt>
      <trkpt lat="43.2762674801051616668701171875" lon="-79.9513371102511882781982421875">
        <ele>167.600006103515625</ele>
        <time>2026-09-05T18:43:38.000Z</time>
        <extensions>
          <ns3:TrackPointExtension/>
        </extensions>
      </trkpt>
      <trkpt lat="43.276216685771942138671875" lon="-79.9514014832675457000732421875">
        <ele>167.1999969482421875</ele>
        <time>2026-09-05T18:43:45.000Z</time>
        <extensions>
          <ns3:TrackPointExtension/>
        </extensions>
      </trkpt>
      <trkpt lat="43.27615256421267986297607421875" lon="-79.95146895758807659149169921875">
        <ele>166.8000030517578125</ele>
        <time>2026-09-05T18:43:53.000Z</time>
        <extensions>
          <ns3:TrackPointExtension/>
        </extensions>
      </trkpt>
      <trkpt lat="43.27609539963304996490478515625" lon="-79.95157021097838878631591796875">
        <ele>166</ele>
        <time>2026-09-05T18:44:05.000Z</time>
        <extensions>
          <ns3:TrackPointExtension/>
        </extensions>
      </trkpt>
      <trkpt lat="43.27609489671885967254638671875" lon="-79.95158739387989044189453125">
        <ele>165.600006103515625</ele>
        <time>2026-09-05T18:44:07.000Z</time>
        <extensions>
          <ns3:TrackPointExtension/>
        </extensions>
      </trkpt>
      <trkpt lat="43.2760723493993282318115234375" lon="-79.9516646750271320343017578125">
        <ele>165</ele>
        <time>2026-09-05T18:44:14.000Z</time>
        <extensions>
          <ns3:TrackPointExtension/>
        </extensions>
      </trkpt>
      <trkpt lat="43.2760371454060077667236328125" lon="-79.95173432864248752593994140625">
        <ele>163.600006103515625</ele>
        <time>2026-09-05T18:44:21.000Z</time>
        <extensions>
          <ns3:TrackPointExtension/>
        </extensions>
      </trkpt>
      <trkpt lat="43.2759905420243740081787109375" lon="-79.95183558203279972076416015625">
        <ele>162.600006103515625</ele>
        <time>2026-09-05T18:44:29.000Z</time>
        <extensions>
          <ns3:TrackPointExtension/>
        </extensions>
      </trkpt>
      <trkpt lat="43.2759499736130237579345703125" lon="-79.95187145657837390899658203125">
        <ele>162.399993896484375</ele>
        <time>2026-09-05T18:44:35.000Z</time>
        <extensions>
          <ns3:TrackPointExtension/>
        </extensions>
      </trkpt>
      <trkpt lat="43.2758849300444126129150390625" lon="-79.95192468166351318359375">
        <ele>161.399993896484375</ele>
        <time>2026-09-05T18:44:43.000Z</time>
        <extensions>
          <ns3:TrackPointExtension/>
        </extensions>
      </trkpt>
      <trkpt lat="43.2758403383195400238037109375" lon="-79.95197296142578125">
        <ele>161</ele>
        <time>2026-09-05T18:44:50.000Z</time>
        <extensions>
          <ns3:TrackPointExtension/>
        </extensions>
      </trkpt>
      <trkpt lat="43.2758359797298908233642578125" lon="-79.95198193006217479705810546875">
        <ele>161</ele>
        <time>2026-09-05T18:44:51.000Z</time>
        <extensions>
          <ns3:TrackPointExtension/>
        </extensions>
      </trkpt>
      <trkpt lat="43.27579381875693798065185546875" lon="-79.95207128114998340606689453125">
        <ele>161.1999969482421875</ele>
        <time>2026-09-05T18:45:02.000Z</time>
        <extensions>
          <ns3:TrackPointExtension/>
        </extensions>
      </trkpt>
      <trkpt lat="43.2757846824824810028076171875" lon="-79.9520579539239406585693359375">
        <ele>161.1999969482421875</ele>
        <time>2026-09-05T18:45:16.000Z</time>
        <extensions>
          <ns3:TrackPointExtension/>
        </extensions>
      </trkpt>
      <trkpt lat="43.27579515986144542694091796875" lon="-79.9520690180361270904541015625">
        <ele>161.1999969482421875</ele>
        <time>2026-09-05T18:45:32.000Z</time>
        <extensions>
          <ns3:TrackPointExtension/>
        </extensions>
      </trkpt>
      <trkpt lat="43.27581100165843963623046875" lon="-79.952097348868846893310546875">
        <ele>161.1999969482421875</ele>
        <time>2026-09-05T18:45:48.000Z</time>
        <extensions>
          <ns3:TrackPointExtension/>
        </extensions>
      </trkpt>
      <trkpt lat="43.27577252872288227081298828125" lon="-79.952084608376026153564453125">
        <ele>161.1999969482421875</ele>
        <time>2026-09-05T18:46:04.000Z</time>
        <extensions>
          <ns3:TrackPointExtension/>
        </extensions>
      </trkpt>
      <trkpt lat="43.27576540410518646240234375" lon="-79.9520857818424701690673828125">
        <ele>161</ele>
        <time>2026-09-05T18:46:20.000Z</time>
        <extensions>
          <ns3:TrackPointExtension/>
        </extensions>
      </trkpt>
      <trkpt lat="43.27577613294124603271484375" lon="-79.952102713286876678466796875">
        <ele>161.1999969482421875</ele>
        <time>2026-09-05T18:46:33.000Z</time>
        <extensions>
          <ns3:TrackPointExtension/>
        </extensions>
      </trkpt>
      <trkpt lat="43.275773786008358001708984375" lon="-79.952106066048145294189453125">
        <ele>161.1999969482421875</ele>
        <time>2026-09-05T18:46:51.000Z</time>
        <extensions>
          <ns3:TrackPointExtension/>
        </extensions>
      </trkpt>
      <trkpt lat="43.27576682902872562408447265625" lon="-79.952082596719264984130859375">
        <ele>161.1999969482421875</ele>
        <time>2026-09-05T18:47:04.000Z</time>
        <extensions>
          <ns3:TrackPointExtension/>
        </extensions>
      </trkpt>
      <trkpt lat="43.27575744129717350006103515625" lon="-79.95206105522811412811279296875">
        <ele>161.1999969482421875</ele>
        <time>2026-09-05T18:47:22.000Z</time>
        <extensions>
          <ns3:TrackPointExtension/>
        </extensions>
      </trkpt>
      <trkpt lat="43.27575827948749065399169921875" lon="-79.952115118503570556640625">
        <ele>161.1999969482421875</ele>
        <time>2026-09-05T18:47:37.000Z</time>
        <extensions>
          <ns3:TrackPointExtension/>
        </extensions>
      </trkpt>
      <trkpt lat="43.2757816649973392486572265625" lon="-79.9521189741790294647216796875">
        <ele>160.8000030517578125</ele>
        <time>2026-09-05T18:47:50.000Z</time>
        <extensions>
          <ns3:TrackPointExtension/>
        </extensions>
      </trkpt>
      <trkpt lat="43.27581209130585193634033203125" lon="-79.95214353315532207489013671875">
        <ele>160.8000030517578125</ele>
        <time>2026-09-05T18:48:07.000Z</time>
        <extensions>
          <ns3:TrackPointExtension/>
        </extensions>
      </trkpt>
      <trkpt lat="43.2757987640798091888427734375" lon="-79.95217169634997844696044921875">
        <ele>161</ele>
        <time>2026-09-05T18:48:23.000Z</time>
        <extensions>
          <ns3:TrackPointExtension/>
        </extensions>
      </trkpt>
      <trkpt lat="43.275788538157939910888671875" lon="-79.95216649957001209259033203125">
        <ele>160.8000030517578125</ele>
        <time>2026-09-05T18:48:37.000Z</time>
        <extensions>
          <ns3:TrackPointExtension/>
        </extensions>
      </trkpt>
      <trkpt lat="43.27578426338732242584228515625" lon="-79.95217077434062957763671875">
        <ele>161</ele>
        <time>2026-09-05T18:48:52.000Z</time>
        <extensions>
          <ns3:TrackPointExtension/>
        </extensions>
      </trkpt>
      <trkpt lat="43.27579759061336517333984375" lon="-79.95214688591659069061279296875">
        <ele>160.8000030517578125</ele>
        <time>2026-09-05T18:49:09.000Z</time>
        <extensions>
          <ns3:TrackPointExtension/>
        </extensions>
      </trkpt>
      <trkpt lat="43.27581209130585193634033203125" lon="-79.952140934765338897705078125">
        <ele>160.399993896484375</ele>
        <time>2026-09-05T18:49:16.000Z</time>
        <extensions>
          <ns3:TrackPointExtension/>
        </extensions>
      </trkpt>
      <trkpt lat="43.27582382597029209136962890625" lon="-79.9521260149776935577392578125">
        <ele>160.399993896484375</ele>
        <time>2026-09-05T18:49:26.000Z</time>
        <extensions>
          <ns3:TrackPointExtension/>
        </extensions>
      </trkpt>
      <trkpt lat="43.2757957465946674346923828125" lon="-79.95198578573763370513916015625">
        <ele>160.399993896484375</ele>
        <time>2026-09-05T18:49:42.000Z</time>
        <extensions>
          <ns3:TrackPointExtension/>
        </extensions>
      </trkpt>
      <trkpt lat="43.275791220366954803466796875" lon="-79.9519533477723598480224609375">
        <ele>160.399993896484375</ele>
        <time>2026-09-05T18:50:00.000Z</time>
        <extensions>
          <ns3:TrackPointExtension/>
        </extensions>
      </trkpt>
      <trkpt lat="43.27577923424541950225830078125" lon="-79.95198176242411136627197265625">
        <ele>160.399993896484375</ele>
        <time>2026-09-05T18:50:14.000Z</time>
        <extensions>
          <ns3:TrackPointExtension/>
        </extensions>
      </trkpt>
      <trkpt lat="43.275803290307521820068359375" lon="-79.95205049403011798858642578125">
        <ele>160.399993896484375</ele>
        <time>2026-09-05T18:50:29.000Z</time>
        <extensions>
          <ns3:TrackPointExtension/>
        </extensions>
      </trkpt>
      <trkpt lat="43.2758058048784732818603515625" lon="-79.95205636136233806610107421875">
        <ele>160.399993896484375</ele>
        <time>2026-09-05T18:50:45.000Z</time>
        <extensions>
          <ns3:TrackPointExtension/>
        </extensions>
      </trkpt>
      <trkpt lat="43.275787867605686187744140625" lon="-79.95210774242877960205078125">
        <ele>160.399993896484375</ele>
        <time>2026-09-05T18:50:58.000Z</time>
        <extensions>
          <ns3:TrackPointExtension/>
        </extensions>
      </trkpt>
      <trkpt lat="43.27570329420268535614013671875" lon="-79.95225316844880580902099609375">
        <ele>160.399993896484375</ele>
        <time>2026-09-05T18:51:11.000Z</time>
        <extensions>
          <ns3:TrackPointExtension/>
        </extensions>
      </trkpt>
      <trkpt lat="43.2756867818534374237060546875" lon="-79.95240571908652782440185546875">
        <ele>160.399993896484375</ele>
        <time>2026-09-05T18:51:21.000Z</time>
        <extensions>
          <ns3:TrackPointExtension/>
        </extensions>
      </trkpt>
      <trkpt lat="43.27565409243106842041015625" lon="-79.95259297080338001251220703125">
        <ele>160.399993896484375</ele>
        <time>2026-09-05T18:51:33.000Z</time>
        <extensions>
          <ns3:TrackPointExtension/>
        </extensions>
      </trkpt>
      <trkpt lat="43.27562098391354084014892578125" lon="-79.9527787975966930389404296875">
        <ele>160.399993896484375</ele>
        <time>2026-09-05T18:51:47.000Z</time>
        <extensions>
          <ns3:TrackPointExtension/>
        </extensions>
      </trkpt>
      <trkpt lat="43.2755432836711406707763671875" lon="-79.95291885919868946075439453125">
        <ele>160.399993896484375</ele>
        <time>2026-09-05T18:51:59.000Z</time>
        <extensions>
          <ns3:TrackPointExtension/>
        </extensions>
      </trkpt>
      <trkpt lat="43.2754675112664699554443359375" lon="-79.9531261436641216278076171875">
        <ele>160.399993896484375</ele>
        <time>2026-09-05T18:52:14.000Z</time>
        <extensions>
          <ns3:TrackPointExtension/>
        </extensions>
      </trkpt>
      <trkpt lat="43.27544756233692169189453125" lon="-79.9533195979893207550048828125">
        <ele>161.600006103515625</ele>
        <time>2026-09-05T18:52:26.000Z</time>
        <extensions>
          <ns3:TrackPointExtension/>
        </extensions>
      </trkpt>
      <trkpt lat="43.27544714324176311492919921875" lon="-79.95333242230117321014404296875">
        <ele>161.600006103515625</ele>
        <time>2026-09-05T18:52:27.000Z</time>
        <extensions>
          <ns3:TrackPointExtension/>
        </extensions>
      </trkpt>
      <trkpt lat="43.27543272636830806732177734375" lon="-79.953398220241069793701171875">
        <ele>162.600006103515625</ele>
        <time>2026-09-05T18:52:32.000Z</time>
        <extensions>
          <ns3:TrackPointExtension/>
        </extensions>
      </trkpt>
      <trkpt lat="43.2753914035856723785400390625" lon="-79.95353509671986103057861328125">
        <ele>163.1999969482421875</ele>
        <time>2026-09-05T18:52:41.000Z</time>
        <extensions>
          <ns3:TrackPointExtension/>
        </extensions>
      </trkpt>
      <trkpt lat="43.27534756623208522796630859375" lon="-79.95371513999998569488525390625">
        <ele>162.600006103515625</ele>
        <time>2026-09-05T18:52:53.000Z</time>
        <extensions>
          <ns3:TrackPointExtension/>
        </extensions>
      </trkpt>
      <trkpt lat="43.27533633448183536529541015625" lon="-79.95383399538695812225341796875">
        <ele>162.399993896484375</ele>
        <time>2026-09-05T18:53:02.000Z</time>
        <extensions>
          <ns3:TrackPointExtension/>
        </extensions>
      </trkpt>
      <trkpt lat="43.2752415351569652557373046875" lon="-79.95400800369679927825927734375">
        <ele>161.600006103515625</ele>
        <time>2026-09-05T18:53:12.000Z</time>
        <extensions>
          <ns3:TrackPointExtension/>
        </extensions>
      </trkpt>
      <trkpt lat="43.27515210025012493133544921875" lon="-79.95411244221031665802001953125">
        <ele>160.8000030517578125</ele>
        <time>2026-09-05T18:53:20.000Z</time>
        <extensions>
          <ns3:TrackPointExtension/>
        </extensions>
      </trkpt>
      <trkpt lat="43.27511438168585300445556640625" lon="-79.954146556556224822998046875">
        <ele>160.399993896484375</ele>
        <time>2026-09-05T18:53:23.000Z</time>
        <extensions>
          <ns3:TrackPointExtension/>
        </extensions>
      </trkpt>
      <trkpt lat="43.2750464044511318206787109375" lon="-79.9541916511952877044677734375">
        <ele>160.1999969482421875</ele>
        <time>2026-09-05T18:53:28.000Z</time>
        <extensions>
          <ns3:TrackPointExtension/>
        </extensions>
      </trkpt>
      <trkpt lat="43.27495872974395751953125" lon="-79.954263232648372650146484375">
        <ele>159.8000030517578125</ele>
        <time>2026-09-05T18:53:34.000Z</time>
        <extensions>
          <ns3:TrackPointExtension/>
        </extensions>
      </trkpt>
      <trkpt lat="43.27491254545748233795166015625" lon="-79.95431117713451385498046875">
        <ele>159.399993896484375</ele>
        <time>2026-09-05T18:53:38.000Z</time>
        <extensions>
          <ns3:TrackPointExtension/>
        </extensions>
      </trkpt>
      <trkpt lat="43.27486074529588222503662109375" lon="-79.95436574332416057586669921875">
        <ele>159.1999969482421875</ele>
        <time>2026-09-05T18:53:43.000Z</time>
        <extensions>
          <ns3:TrackPointExtension/>
        </extensions>
      </trkpt>
      <trkpt lat="43.2747910916805267333984375" lon="-79.95443321764469146728515625">
        <ele>158.1999969482421875</ele>
        <time>2026-09-05T18:53:49.000Z</time>
        <extensions>
          <ns3:TrackPointExtension/>
        </extensions>
      </trkpt>
      <trkpt lat="43.2747496850788593292236328125" lon="-79.9544830061495304107666015625">
        <ele>157.8000030517578125</ele>
        <time>2026-09-05T18:53:53.000Z</time>
        <extensions>
          <ns3:TrackPointExtension/>
        </extensions>
      </trkpt>
      <trkpt lat="43.27468975447118282318115234375" lon="-79.95456372387707233428955078125">
        <ele>157.1999969482421875</ele>
        <time>2026-09-05T18:53:59.000Z</time>
        <extensions>
          <ns3:TrackPointExtension/>
        </extensions>
      </trkpt>
      <trkpt lat="43.27463409863412380218505859375" lon="-79.95462206192314624786376953125">
        <ele>156.8000030517578125</ele>
        <time>2026-09-05T18:54:04.000Z</time>
        <extensions>
          <ns3:TrackPointExtension/>
        </extensions>
      </trkpt>
      <trkpt lat="43.2745532132685184478759765625" lon="-79.95473035611212253570556640625">
        <ele>156.1999969482421875</ele>
        <time>2026-09-05T18:54:12.000Z</time>
        <extensions>
          <ns3:TrackPointExtension/>
        </extensions>
      </trkpt>
      <trkpt lat="43.2745320908725261688232421875" lon="-79.95476036332547664642333984375">
        <ele>156</ele>
        <time>2026-09-05T18:54:14.000Z</time>
        <extensions>
          <ns3:TrackPointExtension/>
        </extensions>
      </trkpt>
      <trkpt lat="43.274454809725284576416015625" lon="-79.95487033389508724212646484375">
        <ele>155</ele>
        <time>2026-09-05T18:54:22.000Z</time>
        <extensions>
          <ns3:TrackPointExtension/>
        </extensions>
      </trkpt>
      <trkpt lat="43.2744476012885570526123046875" lon="-79.954886175692081451416015625">
        <ele>154.8000030517578125</ele>
        <time>2026-09-05T18:54:23.000Z</time>
        <extensions>
          <ns3:TrackPointExtension/>
        </extensions>
      </trkpt>
      <trkpt lat="43.2744147442281246185302734375" lon="-79.95496270246803760528564453125">
        <ele>154</ele>
        <time>2026-09-05T18:54:28.000Z</time>
        <extensions>
          <ns3:TrackPointExtension/>
        </extensions>
      </trkpt>
      <trkpt lat="43.27438951469957828521728515625" lon="-79.95502808131277561187744140625">
        <ele>153.600006103515625</ele>
        <time>2026-09-05T18:54:32.000Z</time>
        <extensions>
          <ns3:TrackPointExtension/>
        </extensions>
      </trkpt>
      <trkpt lat="43.27433302067220211029052734375" lon="-79.95514207519590854644775390625">
        <ele>153</ele>
        <time>2026-09-05T18:54:39.000Z</time>
        <extensions>
          <ns3:TrackPointExtension/>
        </extensions>
      </trkpt>
      <trkpt lat="43.27432665042579174041748046875" lon="-79.9551626108586788177490234375">
        <ele>152.8000030517578125</ele>
        <time>2026-09-05T18:54:40.000Z</time>
        <extensions>
          <ns3:TrackPointExtension/>
        </extensions>
      </trkpt>
      <trkpt lat="43.27427837066352367401123046875" lon="-79.9553168378770351409912109375">
        <ele>151.8000030517578125</ele>
        <time>2026-09-05T18:54:48.000Z</time>
        <extensions>
          <ns3:TrackPointExtension/>
        </extensions>
      </trkpt>
      <trkpt lat="43.27427451498806476593017578125" lon="-79.95533770881593227386474609375">
        <ele>151.8000030517578125</ele>
        <time>2026-09-05T18:54:49.000Z</time>
        <extensions>
          <ns3:TrackPointExtension/>
        </extensions>
      </trkpt>
      <trkpt lat="43.274236880242824554443359375" lon="-79.9554811231791973114013671875">
        <ele>150.8000030517578125</ele>
        <time>2026-09-05T18:54:57.000Z</time>
        <extensions>
          <ns3:TrackPointExtension/>
        </extensions>
      </trkpt>
      <trkpt lat="43.27422305010259151458740234375" lon="-79.95555815286934375762939453125">
        <ele>149.8000030517578125</ele>
        <time>2026-09-05T18:55:01.000Z</time>
        <extensions>
          <ns3:TrackPointExtension/>
        </extensions>
      </trkpt>
      <trkpt lat="43.27419773675501346588134765625" lon="-79.95566560886800289154052734375">
        <ele>148.8000030517578125</ele>
        <time>2026-09-05T18:55:07.000Z</time>
        <extensions>
          <ns3:TrackPointExtension/>
        </extensions>
      </trkpt>
      <trkpt lat="43.27419253997504711151123046875" lon="-79.95568178594112396240234375">
        <ele>148.600006103515625</ele>
        <time>2026-09-05T18:55:08.000Z</time>
        <extensions>
          <ns3:TrackPointExtension/>
        </extensions>
      </trkpt>
      <trkpt lat="43.2741589285433292388916015625" lon="-79.955825619399547576904296875">
        <ele>147.600006103515625</ele>
        <time>2026-09-05T18:55:16.000Z</time>
        <extensions>
          <ns3:TrackPointExtension/>
        </extensions>
      </trkpt>
      <trkpt lat="43.2741317711770534515380859375" lon="-79.9559216760098934173583984375">
        <ele>146.600006103515625</ele>
        <time>2026-09-05T18:55:21.000Z</time>
        <extensions>
          <ns3:TrackPointExtension/>
        </extensions>
      </trkpt>
      <trkpt lat="43.2741280831396579742431640625" lon="-79.95593768544495105743408203125">
        <ele>146.399993896484375</ele>
        <time>2026-09-05T18:55:22.000Z</time>
        <extensions>
          <ns3:TrackPointExtension/>
        </extensions>
      </trkpt>
      <trkpt lat="43.27411626465618610382080078125" lon="-79.95597389526665210723876953125">
        <ele>146.1999969482421875</ele>
        <time>2026-09-05T18:55:24.000Z</time>
        <extensions>
          <ns3:TrackPointExtension/>
        </extensions>
      </trkpt>
      <trkpt lat="43.27410603873431682586669921875" lon="-79.95605595409870147705078125">
        <ele>145.399993896484375</ele>
        <time>2026-09-05T18:55:29.000Z</time>
        <extensions>
          <ns3:TrackPointExtension/>
        </extensions>
      </trkpt>
      <trkpt lat="43.27410335652530193328857421875" lon="-79.956071376800537109375">
        <ele>145.399993896484375</ele>
        <time>2026-09-05T18:55:30.000Z</time>
        <extensions>
          <ns3:TrackPointExtension/>
        </extensions>
      </trkpt>
      <trkpt lat="43.27408927492797374725341796875" lon="-79.956183023750782012939453125">
        <ele>144.399993896484375</ele>
        <time>2026-09-05T18:55:37.000Z</time>
        <extensions>
          <ns3:TrackPointExtension/>
        </extensions>
      </trkpt>
      <trkpt lat="43.27408072538673877716064453125" lon="-79.9562121927738189697265625">
        <ele>144.1999969482421875</ele>
        <time>2026-09-05T18:55:39.000Z</time>
        <extensions>
          <ns3:TrackPointExtension/>
        </extensions>
      </trkpt>
      <trkpt lat="43.274076618254184722900390625" lon="-79.95629374869167804718017578125">
        <ele>143.399993896484375</ele>
        <time>2026-09-05T18:55:45.000Z</time>
        <extensions>
          <ns3:TrackPointExtension/>
        </extensions>
      </trkpt>
      <trkpt lat="43.2740690745413303375244140625" lon="-79.9563206546008586883544921875">
        <ele>143.1999969482421875</ele>
        <time>2026-09-05T18:55:47.000Z</time>
        <extensions>
          <ns3:TrackPointExtension/>
        </extensions>
      </trkpt>
      <trkpt lat="43.27404317446053028106689453125" lon="-79.9563786573708057403564453125">
        <ele>142.600006103515625</ele>
        <time>2026-09-05T18:55:54.000Z</time>
        <extensions>
          <ns3:TrackPointExtension/>
        </extensions>
      </trkpt>
      <trkpt lat="43.2740375585854053497314453125" lon="-79.95638276450335979461669921875">
        <ele>142.399993896484375</ele>
        <time>2026-09-05T18:55:55.000Z</time>
        <extensions>
          <ns3:TrackPointExtension/>
        </extensions>
      </trkpt>
      <trkpt lat="43.27406228519976139068603515625" lon="-79.9563716165721416473388671875">
        <ele>141.8000030517578125</ele>
        <time>2026-09-05T18:56:00.000Z</time>
        <extensions>
          <ns3:TrackPointExtension/>
        </extensions>
      </trkpt>
      <trkpt lat="43.2740834914147853851318359375" lon="-79.95636080391705036163330078125">
        <ele>141.8000030517578125</ele>
        <time>2026-09-05T18:56:02.000Z</time>
        <extensions>
          <ns3:TrackPointExtension/>
        </extensions>
      </trkpt>
      <trkpt lat="43.27415607869625091552734375" lon="-79.95627949945628643035888671875">
        <ele>142</ele>
        <time>2026-09-05T18:56:11.000Z</time>
        <extensions>
          <ns3:TrackPointExtension/>
        </extensions>
      </trkpt>
      <trkpt lat="43.274185247719287872314453125" lon="-79.956375472247600555419921875">
        <ele>142.399993896484375</ele>
        <time>2026-09-05T18:56:17.000Z</time>
        <extensions>
          <ns3:TrackPointExtension/>
        </extensions>
      </trkpt>
      <trkpt lat="43.2741394825279712677001953125" lon="-79.95659734122455120086669921875">
        <ele>141.399993896484375</ele>
        <time>2026-09-05T18:56:29.000Z</time>
        <extensions>
          <ns3:TrackPointExtension/>
        </extensions>
      </trkpt>
      <trkpt lat="43.27413554303348064422607421875" lon="-79.956616200506687164306640625">
        <ele>141.1999969482421875</ele>
        <time>2026-09-05T18:56:30.000Z</time>
        <extensions>
          <ns3:TrackPointExtension/>
        </extensions>
      </trkpt>
      <trkpt lat="43.2741143368184566497802734375" lon="-79.9567789770662784576416015625">
        <ele>140.1999969482421875</ele>
        <time>2026-09-05T18:56:38.000Z</time>
        <extensions>
          <ns3:TrackPointExtension/>
        </extensions>
      </trkpt>
      <trkpt lat="43.274106793105602264404296875" lon="-79.95682314969599246978759765625">
        <ele>140</ele>
        <time>2026-09-05T18:56:40.000Z</time>
        <extensions>
          <ns3:TrackPointExtension/>
        </extensions>
      </trkpt>
      <trkpt lat="43.27408491633832454681396484375" lon="-79.95693035423755645751953125">
        <ele>139.1999969482421875</ele>
        <time>2026-09-05T18:56:46.000Z</time>
        <extensions>
          <ns3:TrackPointExtension/>
        </extensions>
      </trkpt>
      <trkpt lat="43.274081312119960784912109375" lon="-79.9569637142121791839599609375">
        <ele>138.8000030517578125</ele>
        <time>2026-09-05T18:56:48.000Z</time>
        <extensions>
          <ns3:TrackPointExtension/>
        </extensions>
      </trkpt>
      <trkpt lat="43.2740586809813976287841796875" lon="-79.9570490419864654541015625">
        <ele>138.1999969482421875</ele>
        <time>2026-09-05T18:56:54.000Z</time>
        <extensions>
          <ns3:TrackPointExtension/>
        </extensions>
      </trkpt>
      <trkpt lat="43.2740519754588603973388671875" lon="-79.95706178247928619384765625">
        <ele>138</ele>
        <time>2026-09-05T18:56:55.000Z</time>
        <extensions>
          <ns3:TrackPointExtension/>
        </extensions>
      </trkpt>
      <trkpt lat="43.2740177772939205169677734375" lon="-79.95717032812535762786865234375">
        <ele>137.399993896484375</ele>
        <time>2026-09-05T18:57:02.000Z</time>
        <extensions>
          <ns3:TrackPointExtension/>
        </extensions>
      </trkpt>
      <trkpt lat="43.27401484362781047821044921875" lon="-79.9572470225393772125244140625">
        <ele>137</ele>
        <time>2026-09-05T18:57:06.000Z</time>
        <extensions>
          <ns3:TrackPointExtension/>
        </extensions>
      </trkpt>
      <trkpt lat="43.2740105688571929931640625" lon="-79.95731768198311328887939453125">
        <ele>137</ele>
        <time>2026-09-05T18:57:10.000Z</time>
        <extensions>
          <ns3:TrackPointExtension/>
        </extensions>
      </trkpt>
      <trkpt lat="43.273982070386409759521484375" lon="-79.957450367510318756103515625">
        <ele>136.600006103515625</ele>
        <time>2026-09-05T18:57:19.000Z</time>
        <extensions>
          <ns3:TrackPointExtension/>
        </extensions>
      </trkpt>
      <trkpt lat="43.2739584334194660186767578125" lon="-79.95755438692867755889892578125">
        <ele>136.8000030517578125</ele>
        <time>2026-09-05T18:57:25.000Z</time>
        <extensions>
          <ns3:TrackPointExtension/>
        </extensions>
      </trkpt>
      <trkpt lat="43.27395625412464141845703125" lon="-79.9575725756585597991943359375">
        <ele>136.8000030517578125</ele>
        <time>2026-09-05T18:57:26.000Z</time>
        <extensions>
          <ns3:TrackPointExtension/>
        </extensions>
      </trkpt>
      <trkpt lat="43.27395281754434108734130859375" lon="-79.95763753540813922882080078125">
        <ele>136.8000030517578125</ele>
        <time>2026-09-05T18:57:33.000Z</time>
        <extensions>
          <ns3:TrackPointExtension/>
        </extensions>
      </trkpt>
      <trkpt lat="43.27394493855535984039306640625" lon="-79.95770911686122417449951171875">
        <ele>136.399993896484375</ele>
        <time>2026-09-05T18:57:40.000Z</time>
        <extensions>
          <ns3:TrackPointExtension/>
        </extensions>
      </trkpt>
      <trkpt lat="43.27394158579409122467041015625" lon="-79.957752116024494171142578125">
        <ele>136</ele>
        <time>2026-09-05T18:57:43.000Z</time>
        <extensions>
          <ns3:TrackPointExtension/>
        </extensions>
      </trkpt>
      <trkpt lat="43.27393052168190479278564453125" lon="-79.95781757868826389312744140625">
        <ele>135.600006103515625</ele>
        <time>2026-09-05T18:57:47.000Z</time>
        <extensions>
          <ns3:TrackPointExtension/>
        </extensions>
      </trkpt>
      <trkpt lat="43.27393068931996822357177734375" lon="-79.95783367194235324859619140625">
        <ele>135.399993896484375</ele>
        <time>2026-09-05T18:57:48.000Z</time>
        <extensions>
          <ns3:TrackPointExtension/>
        </extensions>
      </trkpt>
      <trkpt lat="43.27389447949826717376708984375" lon="-79.957889579236507415771484375">
        <ele>135.1999969482421875</ele>
        <time>2026-09-05T18:57:53.000Z</time>
        <extensions>
          <ns3:TrackPointExtension/>
        </extensions>
      </trkpt>
      <trkpt lat="43.2738866843283176422119140625" lon="-79.9578951112926006317138671875">
        <ele>135</ele>
        <time>2026-09-05T18:57:54.000Z</time>
        <extensions>
          <ns3:TrackPointExtension/>
        </extensions>
      </trkpt>
      <trkpt lat="43.27377864159643650054931640625" lon="-79.957898966968059539794921875">
        <ele>134</ele>
        <time>2026-09-05T18:58:02.000Z</time>
        <extensions>
          <ns3:TrackPointExtension/>
        </extensions>
      </trkpt>
      <trkpt lat="43.27376179397106170654296875" lon="-79.9578937701880931854248046875">
        <ele>134</ele>
        <time>2026-09-05T18:58:03.000Z</time>
        <extensions>
          <ns3:TrackPointExtension/>
        </extensions>
      </trkpt>
      <trkpt lat="43.27369297854602336883544921875" lon="-79.95786912739276885986328125">
        <ele>133</ele>
        <time>2026-09-05T18:58:08.000Z</time>
        <extensions>
          <ns3:TrackPointExtension/>
        </extensions>
      </trkpt>
      <trkpt lat="43.27367126941680908203125" lon="-79.95785973966121673583984375">
        <ele>132.8000030517578125</ele>
        <time>2026-09-05T18:58:10.000Z</time>
        <extensions>
          <ns3:TrackPointExtension/>
        </extensions>
      </trkpt>
      <trkpt lat="43.27361972071230411529541015625" lon="-79.95784054510295391082763671875">
        <ele>131.8000030517578125</ele>
        <time>2026-09-05T18:58:16.000Z</time>
        <extensions>
          <ns3:TrackPointExtension/>
        </extensions>
      </trkpt>
      <trkpt lat="43.2735980115830898284912109375" lon="-79.95782981626689434051513671875">
        <ele>131.600006103515625</ele>
        <time>2026-09-05T18:58:18.000Z</time>
        <extensions>
          <ns3:TrackPointExtension/>
        </extensions>
      </trkpt>
      <trkpt lat="43.27352852560579776763916015625" lon="-79.957828223705291748046875">
        <ele>130.8000030517578125</ele>
        <time>2026-09-05T18:58:23.000Z</time>
        <extensions>
          <ns3:TrackPointExtension/>
        </extensions>
      </trkpt>
      <trkpt lat="43.2735197246074676513671875" lon="-79.95782621204853057861328125">
        <ele>130.600006103515625</ele>
        <time>2026-09-05T18:58:24.000Z</time>
        <extensions>
          <ns3:TrackPointExtension/>
        </extensions>
      </trkpt>
      <trkpt lat="43.27349818311631679534912109375" lon="-79.9578136391937732696533203125">
        <ele>130.399993896484375</ele>
        <time>2026-09-05T18:58:26.000Z</time>
        <extensions>
          <ns3:TrackPointExtension/>
        </extensions>
      </trkpt>
      <trkpt lat="43.2734555192291736602783203125" lon="-79.957783631980419158935546875">
        <ele>129.600006103515625</ele>
        <time>2026-09-05T18:58:30.000Z</time>
        <extensions>
          <ns3:TrackPointExtension/>
        </extensions>
      </trkpt>
      <trkpt lat="43.27343322336673736572265625" lon="-79.95777147822082042694091796875">
        <ele>129.600006103515625</ele>
        <time>2026-09-05T18:58:32.000Z</time>
        <extensions>
          <ns3:TrackPointExtension/>
        </extensions>
      </trkpt>
      <trkpt lat="43.273420818150043487548828125" lon="-79.95776762254536151885986328125">
        <ele>129.600006103515625</ele>
        <time>2026-09-05T18:58:33.000Z</time>
        <extensions>
          <ns3:TrackPointExtension/>
        </extensions>
      </trkpt>
      <trkpt lat="43.27330715954303741455078125" lon="-79.9577489309012889862060546875">
        <ele>129</ele>
        <time>2026-09-05T18:58:41.000Z</time>
        <extensions>
          <ns3:TrackPointExtension/>
        </extensions>
      </trkpt>
      <trkpt lat="43.27326063998043537139892578125" lon="-79.95773761533200740814208984375">
        <ele>128.600006103515625</ele>
        <time>2026-09-05T18:58:45.000Z</time>
        <extensions>
          <ns3:TrackPointExtension/>
        </extensions>
      </trkpt>
      <trkpt lat="43.27318805269896984100341796875" lon="-79.957711212337017059326171875">
        <ele>127.8000030517578125</ele>
        <time>2026-09-05T18:58:50.000Z</time>
        <extensions>
          <ns3:TrackPointExtension/>
        </extensions>
      </trkpt>
      <trkpt lat="43.2731732167303562164306640625" lon="-79.9577090330421924591064453125">
        <ele>127.59999847412109375</ele>
        <time>2026-09-05T18:58:51.000Z</time>
        <extensions>
          <ns3:TrackPointExtension/>
        </extensions>
      </trkpt>
      <trkpt lat="43.273070789873600006103515625" lon="-79.9576793611049652099609375">
        <ele>126.59999847412109375</ele>
        <time>2026-09-05T18:58:59.000Z</time>
        <extensions>
          <ns3:TrackPointExtension/>
        </extensions>
      </trkpt>
      <trkpt lat="43.27306232415139675140380859375" lon="-79.95767139829695224761962890625">
        <ele>126.59999847412109375</ele>
        <time>2026-09-05T18:59:00.000Z</time>
        <extensions>
          <ns3:TrackPointExtension/>
        </extensions>
      </trkpt>
      <trkpt lat="43.273011781275272369384765625" lon="-79.957641474902629852294921875">
        <ele>125.8000030517578125</ele>
        <time>2026-09-05T18:59:05.000Z</time>
        <extensions>
          <ns3:TrackPointExtension/>
        </extensions>
      </trkpt>
      <trkpt lat="43.27295579016208648681640625" lon="-79.9576242081820964813232421875">
        <ele>125.40000152587890625</ele>
        <time>2026-09-05T18:59:09.000Z</time>
        <extensions>
          <ns3:TrackPointExtension/>
        </extensions>
      </trkpt>
      <trkpt lat="43.27292603440582752227783203125" lon="-79.957616329193115234375">
        <ele>125.1999969482421875</ele>
        <time>2026-09-05T18:59:11.000Z</time>
        <extensions>
          <ns3:TrackPointExtension/>
        </extensions>
      </trkpt>
      <trkpt lat="43.27283517457544803619384765625" lon="-79.9575786106288433074951171875">
        <ele>124.40000152587890625</ele>
        <time>2026-09-05T18:59:18.000Z</time>
        <extensions>
          <ns3:TrackPointExtension/>
        </extensions>
      </trkpt>
      <trkpt lat="43.27273844741284847259521484375" lon="-79.95751515962183475494384765625">
        <ele>123.1999969482421875</ele>
        <time>2026-09-05T18:59:26.000Z</time>
        <extensions>
          <ns3:TrackPointExtension/>
        </extensions>
      </trkpt>
      <trkpt lat="43.27267088927328586578369140625" lon="-79.95747677050530910491943359375">
        <ele>122.40000152587890625</ele>
        <time>2026-09-05T18:59:32.000Z</time>
        <extensions>
          <ns3:TrackPointExtension/>
        </extensions>
      </trkpt>
      <trkpt lat="43.27264524064958095550537109375" lon="-79.9574512057006359100341796875">
        <ele>122</ele>
        <time>2026-09-05T18:59:34.000Z</time>
        <extensions>
          <ns3:TrackPointExtension/>
        </extensions>
      </trkpt>
      <trkpt lat="43.2725774310529232025146484375" lon="-79.9574103020131587982177734375">
        <ele>121.40000152587890625</ele>
        <time>2026-09-05T18:59:39.000Z</time>
        <extensions>
          <ns3:TrackPointExtension/>
        </extensions>
      </trkpt>
      <trkpt lat="43.27254675328731536865234375" lon="-79.95739026926457881927490234375">
        <ele>121</ele>
        <time>2026-09-05T18:59:41.000Z</time>
        <extensions>
          <ns3:TrackPointExtension/>
        </extensions>
      </trkpt>
      <trkpt lat="43.2724838890135288238525390625" lon="-79.95735992677509784698486328125">
        <ele>120.1999969482421875</ele>
        <time>2026-09-05T18:59:46.000Z</time>
        <extensions>
          <ns3:TrackPointExtension/>
        </extensions>
      </trkpt>
      <trkpt lat="43.27245916239917278289794921875" lon="-79.95734651573002338409423828125">
        <ele>119.8000030517578125</ele>
        <time>2026-09-05T18:59:48.000Z</time>
        <extensions>
          <ns3:TrackPointExtension/>
        </extensions>
      </trkpt>
      <trkpt lat="43.2723755948245525360107421875" lon="-79.9572181887924671173095703125">
        <ele>119</ele>
        <time>2026-09-05T18:59:55.000Z</time>
        <extensions>
          <ns3:TrackPointExtension/>
        </extensions>
      </trkpt>
      <trkpt lat="43.27237199060618877410888671875" lon="-79.95720067061483860015869140625">
        <ele>119</ele>
        <time>2026-09-05T18:59:56.000Z</time>
        <extensions>
          <ns3:TrackPointExtension/>
        </extensions>
      </trkpt>
      <trkpt lat="43.2723601721227169036865234375" lon="-79.95716731064021587371826171875">
        <ele>118.8000030517578125</ele>
        <time>2026-09-05T18:59:58.000Z</time>
        <extensions>
          <ns3:TrackPointExtension/>
        </extensions>
      </trkpt>
      <trkpt lat="43.27232689596712589263916015625" lon="-79.957134537398815155029296875">
        <ele>118.40000152587890625</ele>
        <time>2026-09-05T19:00:01.000Z</time>
        <extensions>
          <ns3:TrackPointExtension/>
        </extensions>
      </trkpt>
      <trkpt lat="43.27225363813340663909912109375" lon="-79.9570787139236927032470703125">
        <ele>117.59999847412109375</ele>
        <time>2026-09-05T19:00:09.000Z</time>
        <extensions>
          <ns3:TrackPointExtension/>
        </extensions>
      </trkpt>
      <trkpt lat="43.27218876220285892486572265625" lon="-79.9570123292505741119384765625">
        <ele>116.8000030517578125</ele>
        <time>2026-09-05T19:00:18.000Z</time>
        <extensions>
          <ns3:TrackPointExtension/>
        </extensions>
      </trkpt>
      <trkpt lat="43.27217602171003818511962890625" lon="-79.95699942111968994140625">
        <ele>116.59999847412109375</ele>
        <time>2026-09-05T19:00:20.000Z</time>
        <extensions>
          <ns3:TrackPointExtension/>
        </extensions>
      </trkpt>
      <trkpt lat="43.27210058458149433135986328125" lon="-79.9569442681968212127685546875">
        <ele>116</ele>
        <time>2026-09-05T19:00:26.000Z</time>
        <extensions>
          <ns3:TrackPointExtension/>
        </extensions>
      </trkpt>
      <trkpt lat="43.2720470242202281951904296875" lon="-79.95690613053739070892333984375">
        <ele>115.59999847412109375</ele>
        <time>2026-09-05T19:00:30.000Z</time>
        <extensions>
          <ns3:TrackPointExtension/>
        </extensions>
      </trkpt>
      <trkpt lat="43.27198307029902935028076171875" lon="-79.9568681605160236358642578125">
        <ele>115</ele>
        <time>2026-09-05T19:00:35.000Z</time>
        <extensions>
          <ns3:TrackPointExtension/>
        </extensions>
      </trkpt>
      <trkpt lat="43.27193277888000011444091796875" lon="-79.95683941058814525604248046875">
        <ele>114.40000152587890625</ele>
        <time>2026-09-05T19:00:39.000Z</time>
        <extensions>
          <ns3:TrackPointExtension/>
        </extensions>
      </trkpt>
      <trkpt lat="43.2718703337013721466064453125" lon="-79.95679699815809726715087890625">
        <ele>114</ele>
        <time>2026-09-05T19:00:44.000Z</time>
        <extensions>
          <ns3:TrackPointExtension/>
        </extensions>
      </trkpt>
      <trkpt lat="43.27181375585496425628662109375" lon="-79.95677118189632892608642578125">
        <ele>113.40000152587890625</ele>
        <time>2026-09-05T19:00:49.000Z</time>
        <extensions>
          <ns3:TrackPointExtension/>
        </extensions>
      </trkpt>
      <trkpt lat="43.27175952494144439697265625" lon="-79.95672374032437801361083984375">
        <ele>113.1999969482421875</ele>
        <time>2026-09-05T19:00:53.000Z</time>
        <extensions>
          <ns3:TrackPointExtension/>
        </extensions>
      </trkpt>
      <trkpt lat="43.27165483497083187103271484375" lon="-79.95664260350167751312255859375">
        <ele>112.40000152587890625</ele>
        <time>2026-09-05T19:01:01.000Z</time>
        <extensions>
          <ns3:TrackPointExtension/>
        </extensions>
      </trkpt>
      <trkpt lat="43.27163354493677616119384765625" lon="-79.95663019828498363494873046875">
        <ele>112.1999969482421875</ele>
        <time>2026-09-05T19:01:03.000Z</time>
        <extensions>
          <ns3:TrackPointExtension/>
        </extensions>
      </trkpt>
      <trkpt lat="43.27154402621090412139892578125" lon="-79.9565942399203777313232421875">
        <ele>111.40000152587890625</ele>
        <time>2026-09-05T19:01:11.000Z</time>
        <extensions>
          <ns3:TrackPointExtension/>
        </extensions>
      </trkpt>
      <trkpt lat="43.27150848694145679473876953125" lon="-79.95657202787697315216064453125">
        <ele>111</ele>
        <time>2026-09-05T19:01:14.000Z</time>
        <extensions>
          <ns3:TrackPointExtension/>
        </extensions>
      </trkpt>
      <trkpt lat="43.27141821384429931640625" lon="-79.9565245024859905242919921875">
        <ele>110.40000152587890625</ele>
        <time>2026-09-05T19:01:21.000Z</time>
        <extensions>
          <ns3:TrackPointExtension/>
        </extensions>
      </trkpt>
      <trkpt lat="43.2714083231985569000244140625" lon="-79.95651955716311931610107421875">
        <ele>110.1999969482421875</ele>
        <time>2026-09-05T19:01:22.000Z</time>
        <extensions>
          <ns3:TrackPointExtension/>
        </extensions>
      </trkpt>
      <trkpt lat="43.27129676006734371185302734375" lon="-79.95647597126662731170654296875">
        <ele>109.59999847412109375</ele>
        <time>2026-09-05T19:01:31.000Z</time>
        <extensions>
          <ns3:TrackPointExtension/>
        </extensions>
      </trkpt>
      <trkpt lat="43.2712534256279468536376953125" lon="-79.95646499097347259521484375">
        <ele>109.1999969482421875</ele>
        <time>2026-09-05T19:01:34.000Z</time>
        <extensions>
          <ns3:TrackPointExtension/>
        </extensions>
      </trkpt>
      <trkpt lat="43.27115493826568126678466796875" lon="-79.956414364278316497802734375">
        <ele>108.8000030517578125</ele>
        <time>2026-09-05T19:01:41.000Z</time>
        <extensions>
          <ns3:TrackPointExtension/>
        </extensions>
      </trkpt>
      <trkpt lat="43.2710914872586727142333984375" lon="-79.9563625641167163848876953125">
        <ele>108.1999969482421875</ele>
        <time>2026-09-05T19:01:46.000Z</time>
        <extensions>
          <ns3:TrackPointExtension/>
        </extensions>
      </trkpt>
      <trkpt lat="43.2710378430783748626708984375" lon="-79.95632425881922245025634765625">
        <ele>107.8000030517578125</ele>
        <time>2026-09-05T19:01:50.000Z</time>
        <extensions>
          <ns3:TrackPointExtension/>
        </extensions>
      </trkpt>
      <trkpt lat="43.27096156775951385498046875" lon="-79.95626960881054401397705078125">
        <ele>107.1999969482421875</ele>
        <time>2026-09-05T19:01:56.000Z</time>
        <extensions>
          <ns3:TrackPointExtension/>
        </extensions>
      </trkpt>
      <trkpt lat="43.27091320417821407318115234375" lon="-79.956227950751781463623046875">
        <ele>107</ele>
        <time>2026-09-05T19:02:00.000Z</time>
        <extensions>
          <ns3:TrackPointExtension/>
        </extensions>
      </trkpt>
      <trkpt lat="43.2707624137401580810546875" lon="-79.95612158440053462982177734375">
        <ele>106.1999969482421875</ele>
        <time>2026-09-05T19:02:10.000Z</time>
        <extensions>
          <ns3:TrackPointExtension/>
        </extensions>
      </trkpt>
      <trkpt lat="43.27071405015885829925537109375" lon="-79.95612711645662784576416015625">
        <ele>106.1999969482421875</ele>
        <time>2026-09-05T19:02:13.000Z</time>
        <extensions>
          <ns3:TrackPointExtension/>
        </extensions>
      </trkpt>
      <trkpt lat="43.27065940015017986297607421875" lon="-79.95614957995712757110595703125">
        <ele>106</ele>
        <time>2026-09-05T19:02:17.000Z</time>
        <extensions>
          <ns3:TrackPointExtension/>
        </extensions>
      </trkpt>
      <trkpt lat="43.27053702436387538909912109375" lon="-79.95616852305829524993896484375">
        <ele>105.1999969482421875</ele>
        <time>2026-09-05T19:02:26.000Z</time>
        <extensions>
          <ns3:TrackPointExtension/>
        </extensions>
      </trkpt>
      <trkpt lat="43.27051439322531223297119140625" lon="-79.95617958717048168182373046875">
        <ele>105.1999969482421875</ele>
        <time>2026-09-05T19:02:28.000Z</time>
        <extensions>
          <ns3:TrackPointExtension/>
        </extensions>
      </trkpt>
      <trkpt lat="43.27043208293616771697998046875" lon="-79.95621621608734130859375">
        <ele>104.8000030517578125</ele>
        <time>2026-09-05T19:02:35.000Z</time>
        <extensions>
          <ns3:TrackPointExtension/>
        </extensions>
      </trkpt>
      <trkpt lat="43.270293362438678741455078125" lon="-79.956294000148773193359375">
        <ele>104.1999969482421875</ele>
        <time>2026-09-05T19:02:46.000Z</time>
        <extensions>
          <ns3:TrackPointExtension/>
        </extensions>
      </trkpt>
      <trkpt lat="43.270222283899784088134765625" lon="-79.9563162960112094879150390625">
        <ele>104</ele>
        <time>2026-09-05T19:02:51.000Z</time>
        <extensions>
          <ns3:TrackPointExtension/>
        </extensions>
      </trkpt>
      <trkpt lat="43.27015112154185771942138671875" lon="-79.956326521933078765869140625">
        <ele>103.8000030517578125</ele>
        <time>2026-09-05T19:02:56.000Z</time>
        <extensions>
          <ns3:TrackPointExtension/>
        </extensions>
      </trkpt>
      <trkpt lat="43.27002304606139659881591796875" lon="-79.9563370831310749053955078125">
        <ele>103.59999847412109375</ele>
        <time>2026-09-05T19:03:06.000Z</time>
        <extensions>
          <ns3:TrackPointExtension/>
        </extensions>
      </trkpt>
      <trkpt lat="43.2699202001094818115234375" lon="-79.95634957216680049896240234375">
        <ele>103.1999969482421875</ele>
        <time>2026-09-05T19:03:13.000Z</time>
        <extensions>
          <ns3:TrackPointExtension/>
        </extensions>
      </trkpt>
      <trkpt lat="43.269801177084445953369140625" lon="-79.95635661296546459197998046875">
        <ele>103</ele>
        <time>2026-09-05T19:03:21.000Z</time>
        <extensions>
          <ns3:TrackPointExtension/>
        </extensions>
      </trkpt>
      <trkpt lat="43.26978868804872035980224609375" lon="-79.956364072859287261962890625">
        <ele>103</ele>
        <time>2026-09-05T19:03:22.000Z</time>
        <extensions>
          <ns3:TrackPointExtension/>
        </extensions>
      </trkpt>
      <trkpt lat="43.2696930505335330963134765625" lon="-79.95637170039117336273193359375">
        <ele>102.8000030517578125</ele>
        <time>2026-09-05T19:03:30.000Z</time>
        <extensions>
          <ns3:TrackPointExtension/>
        </extensions>
      </trkpt>
      <trkpt lat="43.269571848213672637939453125" lon="-79.95639123022556304931640625">
        <ele>102.59999847412109375</ele>
        <time>2026-09-05T19:03:39.000Z</time>
        <extensions>
          <ns3:TrackPointExtension/>
        </extensions>
      </trkpt>
      <trkpt lat="43.269439749419689178466796875" lon="-79.95643188245594501495361328125">
        <ele>102.59999847412109375</ele>
        <time>2026-09-05T19:03:50.000Z</time>
        <extensions>
          <ns3:TrackPointExtension/>
        </extensions>
      </trkpt>
      <trkpt lat="43.269327096641063690185546875" lon="-79.95643607340753078460693359375">
        <ele>102.59999847412109375</ele>
        <time>2026-09-05T19:03:58.000Z</time>
        <extensions>
          <ns3:TrackPointExtension/>
        </extensions>
      </trkpt>
      <trkpt lat="43.269232548773288726806640625" lon="-79.95644814334809780120849609375">
        <ele>102.40000152587890625</ele>
        <time>2026-09-05T19:04:05.000Z</time>
        <extensions>
          <ns3:TrackPointExtension/>
        </extensions>
      </trkpt>
      <trkpt lat="43.2691331394016742706298828125" lon="-79.95648502372205257415771484375">
        <ele>102.1999969482421875</ele>
        <time>2026-09-05T19:04:13.000Z</time>
        <extensions>
          <ns3:TrackPointExtension/>
        </extensions>
      </trkpt>
      <trkpt lat="43.26902878470718860626220703125" lon="-79.95648519136011600494384765625">
        <ele>102.1999969482421875</ele>
        <time>2026-09-05T19:04:21.000Z</time>
        <extensions>
          <ns3:TrackPointExtension/>
        </extensions>
      </trkpt>
      <trkpt lat="43.26889299787580966949462890625" lon="-79.95650011114776134490966796875">
        <ele>102.1999969482421875</ele>
        <time>2026-09-05T19:04:31.000Z</time>
        <extensions>
          <ns3:TrackPointExtension/>
        </extensions>
      </trkpt>
      <trkpt lat="43.26881638728082180023193359375" lon="-79.9565308727324008941650390625">
        <ele>102.1999969482421875</ele>
        <time>2026-09-05T19:04:39.000Z</time>
        <extensions>
          <ns3:TrackPointExtension/>
        </extensions>
      </trkpt>
      <trkpt lat="43.26875620521605014801025390625" lon="-79.9565674178302288055419921875">
        <ele>102</ele>
        <time>2026-09-05T19:04:47.000Z</time>
        <extensions>
          <ns3:TrackPointExtension/>
        </extensions>
      </trkpt>
      <trkpt lat="43.2687519304454326629638671875" lon="-79.95657286606729030609130859375">
        <ele>102.59999847412109375</ele>
        <time>2026-09-05T19:04:57.000Z</time>
        <extensions>
          <ns3:TrackPointExtension/>
        </extensions>
      </trkpt>
      <trkpt lat="43.2686858810484409332275390625" lon="-79.956563226878643035888671875">
        <ele>102.59999847412109375</ele>
        <time>2026-09-05T19:05:04.000Z</time>
        <extensions>
          <ns3:TrackPointExtension/>
        </extensions>
      </trkpt>
      <trkpt lat="43.26857632957398891448974609375" lon="-79.95659750886261463165283203125">
        <ele>102</ele>
        <time>2026-09-05T19:05:14.000Z</time>
        <extensions>
          <ns3:TrackPointExtension/>
        </extensions>
      </trkpt>
      <trkpt lat="43.268574066460132598876953125" lon="-79.9566145241260528564453125">
        <ele>102</ele>
        <time>2026-09-05T19:05:15.000Z</time>
        <extensions>
          <ns3:TrackPointExtension/>
        </extensions>
      </trkpt>
      <trkpt lat="43.2685715518891811370849609375" lon="-79.9566431902348995208740234375">
        <ele>102</ele>
        <time>2026-09-05T19:05:17.000Z</time>
        <extensions>
          <ns3:TrackPointExtension/>
        </extensions>
      </trkpt>
      <trkpt lat="43.26859711669385433197021484375" lon="-79.9568118341267108917236328125">
        <ele>101.40000152587890625</ele>
        <time>2026-09-05T19:05:27.000Z</time>
        <extensions>
          <ns3:TrackPointExtension/>
        </extensions>
      </trkpt>
      <trkpt lat="43.26862310059368610382080078125" lon="-79.95706941001117229461669921875">
        <ele>101</ele>
        <time>2026-09-05T19:05:40.000Z</time>
        <extensions>
          <ns3:TrackPointExtension/>
        </extensions>
      </trkpt>
      <trkpt lat="43.2686319015920162200927734375" lon="-79.95726588182151317596435546875">
        <ele>101</ele>
        <time>2026-09-05T19:05:50.000Z</time>
        <extensions>
          <ns3:TrackPointExtension/>
        </extensions>
      </trkpt>
      <trkpt lat="43.26865327544510364532470703125" lon="-79.9574165046215057373046875">
        <ele>101</ele>
        <time>2026-09-05T19:05:58.000Z</time>
        <extensions>
          <ns3:TrackPointExtension/>
        </extensions>
      </trkpt>
      <trkpt lat="43.26867439784109592437744140625" lon="-79.9575501121580600738525390625">
        <ele>101.1999969482421875</ele>
        <time>2026-09-05T19:06:05.000Z</time>
        <extensions>
          <ns3:TrackPointExtension/>
        </extensions>
      </trkpt>
      <trkpt lat="43.268695771694183349609375" lon="-79.957716576755046844482421875">
        <ele>101.40000152587890625</ele>
        <time>2026-09-05T19:06:14.000Z</time>
        <extensions>
          <ns3:TrackPointExtension/>
        </extensions>
      </trkpt>
      <trkpt lat="43.268696106970310211181640625" lon="-79.95781120844185352325439453125">
        <ele>101.8000030517578125</ele>
        <time>2026-09-05T19:06:21.000Z</time>
        <extensions>
          <ns3:TrackPointExtension/>
        </extensions>
      </trkpt>
      <trkpt lat="43.26872728765010833740234375" lon="-79.95797364972531795501708984375">
        <ele>102.40000152587890625</ele>
        <time>2026-09-05T19:06:31.000Z</time>
        <extensions>
          <ns3:TrackPointExtension/>
        </extensions>
      </trkpt>
      <trkpt lat="43.26873608864843845367431640625" lon="-79.95813810266554355621337890625">
        <ele>102.59999847412109375</ele>
        <time>2026-09-05T19:06:39.000Z</time>
        <extensions>
          <ns3:TrackPointExtension/>
        </extensions>
      </trkpt>
      <trkpt lat="43.2687489129602909088134765625" lon="-79.95826249010860919952392578125">
        <ele>103</ele>
        <time>2026-09-05T19:06:46.000Z</time>
        <extensions>
          <ns3:TrackPointExtension/>
        </extensions>
      </trkpt>
      <trkpt lat="43.26876576058566570281982421875" lon="-79.95833340100944042205810546875">
        <ele>103.1999969482421875</ele>
        <time>2026-09-05T19:06:50.000Z</time>
        <extensions>
          <ns3:TrackPointExtension/>
        </extensions>
      </trkpt>
      <trkpt lat="43.26879861764609813690185546875" lon="-79.958517216145992279052734375">
        <ele>103.8000030517578125</ele>
        <time>2026-09-05T19:07:00.000Z</time>
        <extensions>
          <ns3:TrackPointExtension/>
        </extensions>
      </trkpt>
      <trkpt lat="43.26881035231053829193115234375" lon="-79.958589971065521240234375">
        <ele>104</ele>
        <time>2026-09-05T19:07:04.000Z</time>
        <extensions>
          <ns3:TrackPointExtension/>
        </extensions>
      </trkpt>
      <trkpt lat="43.26882560737431049346923828125" lon="-79.95868988335132598876953125">
        <ele>104.1999969482421875</ele>
        <time>2026-09-05T19:07:10.000Z</time>
        <extensions>
          <ns3:TrackPointExtension/>
        </extensions>
      </trkpt>
      <trkpt lat="43.2688541896641254425048828125" lon="-79.95887520723044872283935546875">
        <ele>104.40000152587890625</ele>
        <time>2026-09-05T19:07:21.000Z</time>
        <extensions>
          <ns3:TrackPointExtension/>
        </extensions>
      </trkpt>
      <trkpt lat="43.26888746581971645355224609375" lon="-79.9590819887816905975341796875">
        <ele>104.59999847412109375</ele>
        <time>2026-09-05T19:07:32.000Z</time>
        <extensions>
          <ns3:TrackPointExtension/>
        </extensions>
      </trkpt>
      <trkpt lat="43.2689383439719676971435546875" lon="-79.95922607369720935821533203125">
        <ele>104.8000030517578125</ele>
        <time>2026-09-05T19:07:41.000Z</time>
        <extensions>
          <ns3:TrackPointExtension/>
        </extensions>
      </trkpt>
      <trkpt lat="43.2689691893756389617919921875" lon="-79.95933830738067626953125">
        <ele>105</ele>
        <time>2026-09-05T19:07:47.000Z</time>
        <extensions>
          <ns3:TrackPointExtension/>
        </extensions>
      </trkpt>
      <trkpt lat="43.2689631544053554534912109375" lon="-79.95938013307750225067138671875">
        <ele>105.1999969482421875</ele>
        <time>2026-09-05T19:07:49.000Z</time>
        <extensions>
          <ns3:TrackPointExtension/>
        </extensions>
      </trkpt>
      <trkpt lat="43.26899173669517040252685546875" lon="-79.95956185273826122283935546875">
        <ele>105.40000152587890625</ele>
        <time>2026-09-05T19:07:58.000Z</time>
        <extensions>
          <ns3:TrackPointExtension/>
        </extensions>
      </trkpt>
      <trkpt lat="43.26901034452021121978759765625" lon="-79.959732256829738616943359375">
        <ele>105.59999847412109375</ele>
        <time>2026-09-05T19:08:07.000Z</time>
        <extensions>
          <ns3:TrackPointExtension/>
        </extensions>
      </trkpt>
      <trkpt lat="43.2690114341676235198974609375" lon="-79.95988690294325351715087890625">
        <ele>105.8000030517578125</ele>
        <time>2026-09-05T19:08:15.000Z</time>
        <extensions>
          <ns3:TrackPointExtension/>
        </extensions>
      </trkpt>
      <trkpt lat="43.269034065306186676025390625" lon="-79.9600636772811412811279296875">
        <ele>106</ele>
        <time>2026-09-05T19:08:24.000Z</time>
        <extensions>
          <ns3:TrackPointExtension/>
        </extensions>
      </trkpt>
      <trkpt lat="43.26903113164007663726806640625" lon="-79.96008655987679958343505859375">
        <ele>106.1999969482421875</ele>
        <time>2026-09-05T19:08:25.000Z</time>
        <extensions>
          <ns3:TrackPointExtension/>
        </extensions>
      </trkpt>
      <trkpt lat="43.269033730030059814453125" lon="-79.9602745659649372100830078125">
        <ele>106.1999969482421875</ele>
        <time>2026-09-05T19:08:35.000Z</time>
        <extensions>
          <ns3:TrackPointExtension/>
        </extensions>
      </trkpt>
      <trkpt lat="43.26905292458832263946533203125" lon="-79.9604090116918087005615234375">
        <ele>106.40000152587890625</ele>
        <time>2026-09-05T19:08:42.000Z</time>
        <extensions>
          <ns3:TrackPointExtension/>
        </extensions>
      </trkpt>
      <trkpt lat="43.26906952075660228729248046875" lon="-79.9605625681579113006591796875">
        <ele>107</ele>
        <time>2026-09-05T19:08:50.000Z</time>
        <extensions>
          <ns3:TrackPointExtension/>
        </extensions>
      </trkpt>
      <trkpt lat="43.2690992765128612518310546875" lon="-79.9607157893478870391845703125">
        <ele>107.1999969482421875</ele>
        <time>2026-09-05T19:08:59.000Z</time>
        <extensions>
          <ns3:TrackPointExtension/>
        </extensions>
      </trkpt>
      <trkpt lat="43.2691247574985027313232421875" lon="-79.96084101498126983642578125">
        <ele>107.59999847412109375</ele>
        <time>2026-09-05T19:09:06.000Z</time>
        <extensions>
          <ns3:TrackPointExtension/>
        </extensions>
      </trkpt>
      <trkpt lat="43.269135318696498870849609375" lon="-79.96099079959094524383544921875">
        <ele>108.1999969482421875</ele>
        <time>2026-09-05T19:09:14.000Z</time>
        <extensions>
          <ns3:TrackPointExtension/>
        </extensions>
      </trkpt>
      <trkpt lat="43.269138000905513763427734375" lon="-79.961057268083095550537109375">
        <ele>108.1999969482421875</ele>
        <time>2026-09-05T19:09:17.000Z</time>
        <extensions>
          <ns3:TrackPointExtension/>
        </extensions>
      </trkpt>
      <trkpt lat="43.2691519148647785186767578125" lon="-79.9611922167241573333740234375">
        <ele>108.59999847412109375</ele>
        <time>2026-09-05T19:09:24.000Z</time>
        <extensions>
          <ns3:TrackPointExtension/>
        </extensions>
      </trkpt>
      <trkpt lat="43.269167505204677581787109375" lon="-79.96137502603232860565185546875">
        <ele>109.1999969482421875</ele>
        <time>2026-09-05T19:09:33.000Z</time>
        <extensions>
          <ns3:TrackPointExtension/>
        </extensions>
      </trkpt>
      <trkpt lat="43.26916943304240703582763671875" lon="-79.96139296330511569976806640625">
        <ele>109.1999969482421875</ele>
        <time>2026-09-05T19:09:34.000Z</time>
        <extensions>
          <ns3:TrackPointExtension/>
        </extensions>
      </trkpt>
      <trkpt lat="43.2691879570484161376953125" lon="-79.9615331925451755523681640625">
        <ele>109.8000030517578125</ele>
        <time>2026-09-05T19:09:42.000Z</time>
        <extensions>
          <ns3:TrackPointExtension/>
        </extensions>
      </trkpt>
      <trkpt lat="43.26921922154724597930908203125" lon="-79.9616838991641998291015625">
        <ele>110.40000152587890625</ele>
        <time>2026-09-05T19:09:50.000Z</time>
        <extensions>
          <ns3:TrackPointExtension/>
        </extensions>
      </trkpt>
      <trkpt lat="43.26923296786844730377197265625" lon="-79.96170896105468273162841796875">
        <ele>110.59999847412109375</ele>
        <time>2026-09-05T19:09:52.000Z</time>
        <extensions>
          <ns3:TrackPointExtension/>
        </extensions>
      </trkpt>
      <trkpt lat="43.2692706026136875152587890625" lon="-79.96187509037554264068603515625">
        <ele>111</ele>
        <time>2026-09-05T19:10:02.000Z</time>
        <extensions>
          <ns3:TrackPointExtension/>
        </extensions>
      </trkpt>
      <trkpt lat="43.2693068124353885650634765625" lon="-79.96199830435216426849365234375">
        <ele>111.40000152587890625</ele>
        <time>2026-09-05T19:10:09.000Z</time>
        <extensions>
          <ns3:TrackPointExtension/>
        </extensions>
      </trkpt>
      <trkpt lat="43.26932148076593875885009765625" lon="-79.96205731295049190521240234375">
        <ele>111.40000152587890625</ele>
        <time>2026-09-05T19:10:12.000Z</time>
        <extensions>
          <ns3:TrackPointExtension/>
        </extensions>
      </trkpt>
      <trkpt lat="43.26935534365475177764892578125" lon="-79.96224137954413890838623046875">
        <ele>112.1999969482421875</ele>
        <time>2026-09-05T19:10:22.000Z</time>
        <extensions>
          <ns3:TrackPointExtension/>
        </extensions>
      </trkpt>
      <trkpt lat="43.26940395869314670562744140625" lon="-79.9623898230493068695068359375">
        <ele>112.40000152587890625</ele>
        <time>2026-09-05T19:10:32.000Z</time>
        <extensions>
          <ns3:TrackPointExtension/>
        </extensions>
      </trkpt>
      <trkpt lat="43.26940747909247875213623046875" lon="-79.96240465901792049407958984375">
        <ele>112.40000152587890625</ele>
        <time>2026-09-05T19:10:33.000Z</time>
        <extensions>
          <ns3:TrackPointExtension/>
        </extensions>
      </trkpt>
      <trkpt lat="43.26940747909247875213623046875" lon="-79.9625582993030548095703125">
        <ele>112.8000030517578125</ele>
        <time>2026-09-05T19:10:40.000Z</time>
        <extensions>
          <ns3:TrackPointExtension/>
        </extensions>
      </trkpt>
      <trkpt lat="43.269409239292144775390625" lon="-79.96271143667399883270263671875">
        <ele>113.1999969482421875</ele>
        <time>2026-09-05T19:10:48.000Z</time>
        <extensions>
          <ns3:TrackPointExtension/>
        </extensions>
      </trkpt>
      <trkpt lat="43.26943715102970600128173828125" lon="-79.962826184928417205810546875">
        <ele>113.40000152587890625</ele>
        <time>2026-09-05T19:10:54.000Z</time>
        <extensions>
          <ns3:TrackPointExtension/>
        </extensions>
      </trkpt>
      <trkpt lat="43.2694627158343791961669921875" lon="-79.96290522627532482147216796875">
        <ele>113.8000030517578125</ele>
        <time>2026-09-05T19:10:59.000Z</time>
        <extensions>
          <ns3:TrackPointExtension/>
        </extensions>
      </trkpt>
      <trkpt lat="43.269503116607666015625" lon="-79.96308661065995693206787109375">
        <ele>114.1999969482421875</ele>
        <time>2026-09-05T19:11:09.000Z</time>
        <extensions>
          <ns3:TrackPointExtension/>
        </extensions>
      </trkpt>
      <trkpt lat="43.269540332257747650146484375" lon="-79.96318199671804904937744140625">
        <ele>114.40000152587890625</ele>
        <time>2026-09-05T19:11:15.000Z</time>
        <extensions>
          <ns3:TrackPointExtension/>
        </extensions>
      </trkpt>
      <trkpt lat="43.26956086792051792144775390625" lon="-79.96322860009968280792236328125">
        <ele>114.59999847412109375</ele>
        <time>2026-09-05T19:11:18.000Z</time>
        <extensions>
          <ns3:TrackPointExtension/>
        </extensions>
      </trkpt>
      <trkpt lat="43.26960571110248565673828125" lon="-79.96336271055042743682861328125">
        <ele>115</ele>
        <time>2026-09-05T19:11:27.000Z</time>
        <extensions>
          <ns3:TrackPointExtension/>
        </extensions>
      </trkpt>
      <trkpt lat="43.269662372767925262451171875" lon="-79.96350889094173908233642578125">
        <ele>115.40000152587890625</ele>
        <time>2026-09-05T19:11:36.000Z</time>
        <extensions>
          <ns3:TrackPointExtension/>
        </extensions>
      </trkpt>
      <trkpt lat="43.2696685753762722015380859375" lon="-79.96352255344390869140625">
        <ele>115.40000152587890625</ele>
        <time>2026-09-05T19:11:37.000Z</time>
        <extensions>
          <ns3:TrackPointExtension/>
        </extensions>
      </trkpt>
      <trkpt lat="43.26966480351984500885009765625" lon="-79.9635773710906505584716796875">
        <ele>115.8000030517578125</ele>
        <time>2026-09-05T19:11:44.000Z</time>
        <extensions>
          <ns3:TrackPointExtension/>
        </extensions>
      </trkpt>
      <trkpt lat="43.26970092952251434326171875" lon="-79.96366362087428569793701171875">
        <ele>116</ele>
        <time>2026-09-05T19:11:51.000Z</time>
        <extensions>
          <ns3:TrackPointExtension/>
        </extensions>
      </trkpt>
      <trkpt lat="43.2698053680360317230224609375" lon="-79.963831007480621337890625">
        <ele>116.1999969482421875</ele>
        <time>2026-09-05T19:12:02.000Z</time>
        <extensions>
          <ns3:TrackPointExtension/>
        </extensions>
      </trkpt>
      <trkpt lat="43.2698804698884487152099609375" lon="-79.963933266699314117431640625">
        <ele>116.59999847412109375</ele>
        <time>2026-09-05T19:12:09.000Z</time>
        <extensions>
          <ns3:TrackPointExtension/>
        </extensions>
      </trkpt>
      <trkpt lat="43.26990318484604358673095703125" lon="-79.96396243572235107421875">
        <ele>116.59999847412109375</ele>
        <time>2026-09-05T19:12:11.000Z</time>
        <extensions>
          <ns3:TrackPointExtension/>
        </extensions>
      </trkpt>
      <trkpt lat="43.26998029835522174835205078125" lon="-79.9641193449497222900390625">
        <ele>117</ele>
        <time>2026-09-05T19:12:21.000Z</time>
        <extensions>
          <ns3:TrackPointExtension/>
        </extensions>
      </trkpt>
      <trkpt lat="43.27006529085338115692138671875" lon="-79.96425286866724491119384765625">
        <ele>117.40000152587890625</ele>
        <time>2026-09-05T19:12:30.000Z</time>
        <extensions>
          <ns3:TrackPointExtension/>
        </extensions>
      </trkpt>
      <trkpt lat="43.27007400803267955780029296875" lon="-79.964266531169414520263671875">
        <ele>117.59999847412109375</ele>
        <time>2026-09-05T19:12:31.000Z</time>
        <extensions>
          <ns3:TrackPointExtension/>
        </extensions>
      </trkpt>
      <trkpt lat="43.27014357782900333404541015625" lon="-79.9643776752054691314697265625">
        <ele>117.8000030517578125</ele>
        <time>2026-09-05T19:12:39.000Z</time>
        <extensions>
          <ns3:TrackPointExtension/>
        </extensions>
      </trkpt>
      <trkpt lat="43.27022303827106952667236328125" lon="-79.96457087807357311248779296875">
        <ele>118.40000152587890625</ele>
        <time>2026-09-05T19:12:51.000Z</time>
        <extensions>
          <ns3:TrackPointExtension/>
        </extensions>
      </trkpt>
      <trkpt lat="43.2702368684113025665283203125" lon="-79.9646008014678955078125">
        <ele>118.59999847412109375</ele>
        <time>2026-09-05T19:12:53.000Z</time>
        <extensions>
          <ns3:TrackPointExtension/>
        </extensions>
      </trkpt>
      <trkpt lat="43.2702774368226528167724609375" lon="-79.96467565186321735382080078125">
        <ele>119</ele>
        <time>2026-09-05T19:12:58.000Z</time>
        <extensions>
          <ns3:TrackPointExtension/>
        </extensions>
      </trkpt>
      <trkpt lat="43.2703404687345027923583984375" lon="-79.9648245982825756072998046875">
        <ele>119.40000152587890625</ele>
        <time>2026-09-05T19:13:07.000Z</time>
        <extensions>
          <ns3:TrackPointExtension/>
        </extensions>
      </trkpt>
      <trkpt lat="43.270365111529827117919921875" lon="-79.9648970179259777069091796875">
        <ele>119.59999847412109375</ele>
        <time>2026-09-05T19:13:12.000Z</time>
        <extensions>
          <ns3:TrackPointExtension/>
        </extensions>
      </trkpt>
      <trkpt lat="43.27039771713316440582275390625" lon="-79.96496264822781085968017578125">
        <ele>120</ele>
        <time>2026-09-05T19:13:16.000Z</time>
        <extensions>
          <ns3:TrackPointExtension/>
        </extensions>
      </trkpt>
      <trkpt lat="43.2704754173755645751953125" lon="-79.96508921496570110321044921875">
        <ele>120.40000152587890625</ele>
        <time>2026-09-05T19:13:24.000Z</time>
        <extensions>
          <ns3:TrackPointExtension/>
        </extensions>
      </trkpt>
      <trkpt lat="43.27050718478858470916748046875" lon="-79.96514151804149150848388671875">
        <ele>120.59999847412109375</ele>
        <time>2026-09-05T19:13:28.000Z</time>
        <extensions>
          <ns3:TrackPointExtension/>
        </extensions>
      </trkpt>
      <trkpt lat="43.2705382816493511199951171875" lon="-79.9652587808668613433837890625">
        <ele>120.8000030517578125</ele>
        <time>2026-09-05T19:13:35.000Z</time>
        <extensions>
          <ns3:TrackPointExtension/>
        </extensions>
      </trkpt>
      <trkpt lat="43.2706304825842380523681640625" lon="-79.96541954576969146728515625">
        <ele>121.1999969482421875</ele>
        <time>2026-09-05T19:13:46.000Z</time>
        <extensions>
          <ns3:TrackPointExtension/>
        </extensions>
      </trkpt>
      <trkpt lat="43.27070885337889194488525390625" lon="-79.965544603765010833740234375">
        <ele>121.40000152587890625</ele>
        <time>2026-09-05T19:13:55.000Z</time>
        <extensions>
          <ns3:TrackPointExtension/>
        </extensions>
      </trkpt>
      <trkpt lat="43.27077222056686878204345703125" lon="-79.965668655931949615478515625">
        <ele>121.40000152587890625</ele>
        <time>2026-09-05T19:14:03.000Z</time>
        <extensions>
          <ns3:TrackPointExtension/>
        </extensions>
      </trkpt>
      <trkpt lat="43.2708088494837284088134765625" lon="-79.96570427902042865753173828125">
        <ele>121.40000152587890625</ele>
        <time>2026-09-05T19:14:06.000Z</time>
        <extensions>
          <ns3:TrackPointExtension/>
        </extensions>
      </trkpt>
      <trkpt lat="43.27083709649741649627685546875" lon="-79.96573411859571933746337890625">
        <ele>121.59999847412109375</ele>
        <time>2026-09-05T19:14:09.000Z</time>
        <extensions>
          <ns3:TrackPointExtension/>
        </extensions>
      </trkpt>
      <trkpt lat="43.27085419557988643646240234375" lon="-79.96576177887618541717529296875">
        <ele>121.59999847412109375</ele>
        <time>2026-09-05T19:14:11.000Z</time>
        <extensions>
          <ns3:TrackPointExtension/>
        </extensions>
      </trkpt>
      <trkpt lat="43.270882777869701385498046875" lon="-79.965767227113246917724609375">
        <ele>121.8000030517578125</ele>
        <time>2026-09-05T19:14:16.000Z</time>
        <extensions>
          <ns3:TrackPointExtension/>
        </extensions>
      </trkpt>
      <trkpt lat="43.27092133462429046630859375" lon="-79.96579564176499843597412109375">
        <ele>122.1999969482421875</ele>
        <time>2026-09-05T19:14:21.000Z</time>
        <extensions>
          <ns3:TrackPointExtension/>
        </extensions>
      </trkpt>
      <trkpt lat="43.27102418057620525360107421875" lon="-79.96596042998135089874267578125">
        <ele>122.40000152587890625</ele>
        <time>2026-09-05T19:14:32.000Z</time>
        <extensions>
          <ns3:TrackPointExtension/>
        </extensions>
      </trkpt>
      <trkpt lat="43.27106080949306488037109375" lon="-79.96603720821440219879150390625">
        <ele>122.59999847412109375</ele>
        <time>2026-09-05T19:14:37.000Z</time>
        <extensions>
          <ns3:TrackPointExtension/>
        </extensions>
      </trkpt>
      <trkpt lat="43.27110397629439830780029296875" lon="-79.9661328457295894622802734375">
        <ele>122.8000030517578125</ele>
        <time>2026-09-05T19:14:43.000Z</time>
        <extensions>
          <ns3:TrackPointExtension/>
        </extensions>
      </trkpt>
      <trkpt lat="43.2711434550583362579345703125" lon="-79.9662971310317516326904296875">
        <ele>123.1999969482421875</ele>
        <time>2026-09-05T19:14:52.000Z</time>
        <extensions>
          <ns3:TrackPointExtension/>
        </extensions>
      </trkpt>
      <trkpt lat="43.2712286151945590972900390625" lon="-79.9664099514484405517578125">
        <ele>123.1999969482421875</ele>
        <time>2026-09-05T19:15:02.000Z</time>
        <extensions>
          <ns3:TrackPointExtension/>
        </extensions>
      </trkpt>
      <trkpt lat="43.2712785713374614715576171875" lon="-79.96656593866646289825439453125">
        <ele>123.40000152587890625</ele>
        <time>2026-09-05T19:15:11.000Z</time>
        <extensions>
          <ns3:TrackPointExtension/>
        </extensions>
      </trkpt>
      <trkpt lat="43.27132391743361949920654296875" lon="-79.9667318165302276611328125">
        <ele>123.59999847412109375</ele>
        <time>2026-09-05T19:15:20.000Z</time>
        <extensions>
          <ns3:TrackPointExtension/>
        </extensions>
      </trkpt>
      <trkpt lat="43.27136817388236522674560546875" lon="-79.9668124504387378692626953125">
        <ele>123.59999847412109375</ele>
        <time>2026-09-05T19:15:25.000Z</time>
        <extensions>
          <ns3:TrackPointExtension/>
        </extensions>
      </trkpt>
      <trkpt lat="43.27140413224697113037109375" lon="-79.9668751470744609832763671875">
        <ele>123.59999847412109375</ele>
        <time>2026-09-05T19:15:29.000Z</time>
        <extensions>
          <ns3:TrackPointExtension/>
        </extensions>
      </trkpt>
      <trkpt lat="43.271466828882694244384765625" lon="-79.9669787473976612091064453125">
        <ele>123.8000030517578125</ele>
        <time>2026-09-05T19:15:37.000Z</time>
        <extensions>
          <ns3:TrackPointExtension/>
        </extensions>
      </trkpt>
      <trkpt lat="43.271560370922088623046875" lon="-79.9670877121388912200927734375">
        <ele>124</ele>
        <time>2026-09-05T19:15:46.000Z</time>
        <extensions>
          <ns3:TrackPointExtension/>
        </extensions>
      </trkpt>
      <trkpt lat="43.27163203619420528411865234375" lon="-79.967165999114513397216796875">
        <ele>124.1999969482421875</ele>
        <time>2026-09-05T19:15:53.000Z</time>
        <extensions>
          <ns3:TrackPointExtension/>
        </extensions>
      </trkpt>
      <trkpt lat="43.2717003487050533294677734375" lon="-79.9673022888600826263427734375">
        <ele>124.1999969482421875</ele>
        <time>2026-09-05T19:16:02.000Z</time>
        <extensions>
          <ns3:TrackPointExtension/>
        </extensions>
      </trkpt>
      <trkpt lat="43.27179883606731891632080078125" lon="-79.96743866242468357086181640625">
        <ele>124</ele>
        <time>2026-09-05T19:16:12.000Z</time>
        <extensions>
          <ns3:TrackPointExtension/>
        </extensions>
      </trkpt>
      <trkpt lat="43.27188265509903430938720703125" lon="-79.96759121306240558624267578125">
        <ele>124.40000152587890625</ele>
        <time>2026-09-05T19:16:22.000Z</time>
        <extensions>
          <ns3:TrackPointExtension/>
        </extensions>
      </trkpt>
      <trkpt lat="43.27195054851472377777099609375" lon="-79.967678971588611602783203125">
        <ele>124.59999847412109375</ele>
        <time>2026-09-05T19:16:29.000Z</time>
        <extensions>
          <ns3:TrackPointExtension/>
        </extensions>
      </trkpt>
      <trkpt lat="43.2719705812633037567138671875" lon="-79.9677012674510478973388671875">
        <ele>124.8000030517578125</ele>
        <time>2026-09-05T19:16:31.000Z</time>
        <extensions>
          <ns3:TrackPointExtension/>
        </extensions>
      </trkpt>
      <trkpt lat="43.2720554061233997344970703125" lon="-79.96784334070980548858642578125">
        <ele>125</ele>
        <time>2026-09-05T19:16:41.000Z</time>
        <extensions>
          <ns3:TrackPointExtension/>
        </extensions>
      </trkpt>
      <trkpt lat="43.2721124030649662017822265625" lon="-79.96796336956322193145751953125">
        <ele>125.1999969482421875</ele>
        <time>2026-09-05T19:16:49.000Z</time>
        <extensions>
          <ns3:TrackPointExtension/>
        </extensions>
      </trkpt>
      <trkpt lat="43.272150792181491851806640625" lon="-79.9680549837648868560791015625">
        <ele>125.59999847412109375</ele>
        <time>2026-09-05T19:16:55.000Z</time>
        <extensions>
          <ns3:TrackPointExtension/>
        </extensions>
      </trkpt>
      <trkpt lat="43.27217384241521358489990234375" lon="-79.9681089632213115692138671875">
        <ele>125.8000030517578125</ele>
        <time>2026-09-05T19:16:59.000Z</time>
        <extensions>
          <ns3:TrackPointExtension/>
        </extensions>
      </trkpt>
      <trkpt lat="43.2721921987831592559814453125" lon="-79.96817291714251041412353515625">
        <ele>125.8000030517578125</ele>
        <time>2026-09-05T19:17:03.000Z</time>
        <extensions>
          <ns3:TrackPointExtension/>
        </extensions>
      </trkpt>
      <trkpt lat="43.272172920405864715576171875" lon="-79.96831356547772884368896484375">
        <ele>126.1999969482421875</ele>
        <time>2026-09-05T19:17:10.000Z</time>
        <extensions>
          <ns3:TrackPointExtension/>
        </extensions>
      </trkpt>
      <trkpt lat="43.27211357653141021728515625" lon="-79.9683788605034351348876953125">
        <ele>127.40000152587890625</ele>
        <time>2026-09-05T19:17:15.000Z</time>
        <extensions>
          <ns3:TrackPointExtension/>
        </extensions>
      </trkpt>
      <trkpt lat="43.2720882631838321685791015625" lon="-79.96839704923331737518310546875">
        <ele>130.399993896484375</ele>
        <time>2026-09-05T19:17:17.000Z</time>
        <extensions>
          <ns3:TrackPointExtension/>
        </extensions>
      </trkpt>
      <trkpt lat="43.27206663787364959716796875" lon="-79.968416579067707061767578125">
        <ele>131.8000030517578125</ele>
        <time>2026-09-05T19:17:19.000Z</time>
        <extensions>
          <ns3:TrackPointExtension/>
        </extensions>
      </trkpt>
      <trkpt lat="43.27200167812407016754150390625" lon="-79.968473911285400390625">
        <ele>132.399993896484375</ele>
        <time>2026-09-05T19:17:25.000Z</time>
        <extensions>
          <ns3:TrackPointExtension/>
        </extensions>
      </trkpt>
      <trkpt lat="43.2719551585614681243896484375" lon="-79.9685793556272983551025390625">
        <ele>132</ele>
        <time>2026-09-05T19:17:32.000Z</time>
        <extensions>
          <ns3:TrackPointExtension/>
        </extensions>
      </trkpt>
      <trkpt lat="43.27187058515846729278564453125" lon="-79.9686641804873943328857421875">
        <ele>131.600006103515625</ele>
        <time>2026-09-05T19:17:40.000Z</time>
        <extensions>
          <ns3:TrackPointExtension/>
        </extensions>
      </trkpt>
      <trkpt lat="43.27178944833576679229736328125" lon="-79.9687300622463226318359375">
        <ele>131.1999969482421875</ele>
        <time>2026-09-05T19:17:47.000Z</time>
        <extensions>
          <ns3:TrackPointExtension/>
        </extensions>
      </trkpt>
      <trkpt lat="43.27168467454612255096435546875" lon="-79.96882922016084194183349609375">
        <ele>130.8000030517578125</ele>
        <time>2026-09-05T19:17:56.000Z</time>
        <extensions>
          <ns3:TrackPointExtension/>
        </extensions>
      </trkpt>
      <trkpt lat="43.27166832983493804931640625" lon="-79.9689070880413055419921875">
        <ele>130.600006103515625</ele>
        <time>2026-09-05T19:18:00.000Z</time>
        <extensions>
          <ns3:TrackPointExtension/>
        </extensions>
      </trkpt>
      <trkpt lat="43.27168031595647335052490234375" lon="-79.9689464829862117767333984375">
        <ele>130.600006103515625</ele>
        <time>2026-09-05T19:18:02.000Z</time>
        <extensions>
          <ns3:TrackPointExtension/>
        </extensions>
      </trkpt>
      <trkpt lat="43.2717174477875232696533203125" lon="-79.9691295437514781951904296875">
        <ele>130.1999969482421875</ele>
        <time>2026-09-05T19:18:11.000Z</time>
        <extensions>
          <ns3:TrackPointExtension/>
        </extensions>
      </trkpt>
      <trkpt lat="43.27179548330605030059814453125" lon="-79.96924445964395999908447265625">
        <ele>130</ele>
        <time>2026-09-05T19:18:19.000Z</time>
        <extensions>
          <ns3:TrackPointExtension/>
        </extensions>
      </trkpt>
      <trkpt lat="43.271836973726749420166015625" lon="-79.96930061839520931243896484375">
        <ele>129.8000030517578125</ele>
        <time>2026-09-05T19:18:23.000Z</time>
        <extensions>
          <ns3:TrackPointExtension/>
        </extensions>
      </trkpt>
      <trkpt lat="43.2718824036419391632080078125" lon="-79.9693783186376094818115234375">
        <ele>129.600006103515625</ele>
        <time>2026-09-05T19:18:28.000Z</time>
        <extensions>
          <ns3:TrackPointExtension/>
        </extensions>
      </trkpt>
      <trkpt lat="43.27193252742290496826171875" lon="-79.9695124290883541107177734375">
        <ele>129.399993896484375</ele>
        <time>2026-09-05T19:18:36.000Z</time>
        <extensions>
          <ns3:TrackPointExtension/>
        </extensions>
      </trkpt>
      <trkpt lat="43.272016681730747222900390625" lon="-79.96966539882123470306396484375">
        <ele>129.1999969482421875</ele>
        <time>2026-09-05T19:18:46.000Z</time>
        <extensions>
          <ns3:TrackPointExtension/>
        </extensions>
      </trkpt>
      <trkpt lat="43.27210863120853900909423828125" lon="-79.96981174685060977935791015625">
        <ele>129</ele>
        <time>2026-09-05T19:18:56.000Z</time>
        <extensions>
          <ns3:TrackPointExtension/>
        </extensions>
      </trkpt>
      <trkpt lat="43.27217602171003818511962890625" lon="-79.96993093751370906829833984375">
        <ele>129</ele>
        <time>2026-09-05T19:19:04.000Z</time>
        <extensions>
          <ns3:TrackPointExtension/>
        </extensions>
      </trkpt>
      <trkpt lat="43.2722401432693004608154296875" lon="-79.97004258446395397186279296875">
        <ele>129</ele>
        <time>2026-09-05T19:19:12.000Z</time>
        <extensions>
          <ns3:TrackPointExtension/>
        </extensions>
      </trkpt>
      <trkpt lat="43.27229328453540802001953125" lon="-79.97014199383556842803955078125">
        <ele>129</ele>
        <time>2026-09-05T19:19:20.000Z</time>
        <extensions>
          <ns3:TrackPointExtension/>
        </extensions>
      </trkpt>
      <trkpt lat="43.2722974754869937896728515625" lon="-79.97015758417546749114990234375">
        <ele>129</ele>
        <time>2026-09-05T19:19:21.000Z</time>
        <extensions>
          <ns3:TrackPointExtension/>
        </extensions>
      </trkpt>
      <trkpt lat="43.2723377086222171783447265625" lon="-79.97023201547563076019287109375">
        <ele>129</ele>
        <time>2026-09-05T19:19:27.000Z</time>
        <extensions>
          <ns3:TrackPointExtension/>
        </extensions>
      </trkpt>
      <trkpt lat="43.27233460731804370880126953125" lon="-79.97024911455810070037841796875">
        <ele>129</ele>
        <time>2026-09-05T19:19:28.000Z</time>
        <extensions>
          <ns3:TrackPointExtension/>
        </extensions>
      </trkpt>
      <trkpt lat="43.27226956374943256378173828125" lon="-79.9703662097454071044921875">
        <ele>129</ele>
        <time>2026-09-05T19:19:36.000Z</time>
        <extensions>
          <ns3:TrackPointExtension/>
        </extensions>
      </trkpt>
      <trkpt lat="43.27218423597514629364013671875" lon="-79.97041909955441951751708984375">
        <ele>129</ele>
        <time>2026-09-05T19:19:43.000Z</time>
        <extensions>
          <ns3:TrackPointExtension/>
        </extensions>
      </trkpt>
      <trkpt lat="43.27206797897815704345703125" lon="-79.97050157748162746429443359375">
        <ele>129</ele>
        <time>2026-09-05T19:19:52.000Z</time>
        <extensions>
          <ns3:TrackPointExtension/>
        </extensions>
      </trkpt>
      <trkpt lat="43.27195993624627590179443359375" lon="-79.97061339206993579864501953125">
        <ele>129</ele>
        <time>2026-09-05T19:20:01.000Z</time>
        <extensions>
          <ns3:TrackPointExtension/>
        </extensions>
      </trkpt>
      <trkpt lat="43.2718756981194019317626953125" lon="-79.97070576064288616180419921875">
        <ele>129</ele>
        <time>2026-09-05T19:20:09.000Z</time>
        <extensions>
          <ns3:TrackPointExtension/>
        </extensions>
      </trkpt>
      <trkpt lat="43.27178793959319591522216796875" lon="-79.97079242952167987823486328125">
        <ele>129</ele>
        <time>2026-09-05T19:20:18.000Z</time>
        <extensions>
          <ns3:TrackPointExtension/>
        </extensions>
      </trkpt>
      <trkpt lat="43.271716944873332977294921875" lon="-79.970874488353729248046875">
        <ele>129</ele>
        <time>2026-09-05T19:20:26.000Z</time>
        <extensions>
          <ns3:TrackPointExtension/>
        </extensions>
      </trkpt>
      <trkpt lat="43.27171820215880870819091796875" lon="-79.97089033015072345733642578125">
        <ele>129</ele>
        <time>2026-09-05T19:20:27.000Z</time>
        <extensions>
          <ns3:TrackPointExtension/>
        </extensions>
      </trkpt>
      <trkpt lat="43.27177050523459911346435546875" lon="-79.9709749035537242889404296875">
        <ele>129</ele>
        <time>2026-09-05T19:20:32.000Z</time>
        <extensions>
          <ns3:TrackPointExtension/>
        </extensions>
      </trkpt>
      <trkpt lat="43.27183722518384456634521484375" lon="-79.97108629904687404632568359375">
        <ele>129</ele>
        <time>2026-09-05T19:20:40.000Z</time>
        <extensions>
          <ns3:TrackPointExtension/>
        </extensions>
      </trkpt>
      <trkpt lat="43.2719152607023715972900390625" lon="-79.9712166376411914825439453125">
        <ele>129</ele>
        <time>2026-09-05T19:20:49.000Z</time>
        <extensions>
          <ns3:TrackPointExtension/>
        </extensions>
      </trkpt>
      <trkpt lat="43.2719814777374267578125" lon="-79.9713814258575439453125">
        <ele>129</ele>
        <time>2026-09-05T19:20:58.000Z</time>
        <extensions>
          <ns3:TrackPointExtension/>
        </extensions>
      </trkpt>
      <trkpt lat="43.27204878441989421844482421875" lon="-79.97153900563716888427734375">
        <ele>129</ele>
        <time>2026-09-05T19:21:07.000Z</time>
        <extensions>
          <ns3:TrackPointExtension/>
        </extensions>
      </trkpt>
      <trkpt lat="43.272080719470977783203125" lon="-79.9716075696051120758056640625">
        <ele>129.1999969482421875</ele>
        <time>2026-09-05T19:21:14.000Z</time>
        <extensions>
          <ns3:TrackPointExtension/>
        </extensions>
      </trkpt>
      <trkpt lat="43.2720740139484405517578125" lon="-79.97166347689926624298095703125">
        <ele>129.1999969482421875</ele>
        <time>2026-09-05T19:21:28.000Z</time>
        <extensions>
          <ns3:TrackPointExtension/>
        </extensions>
      </trkpt>
      <trkpt lat="43.27211768366396427154541015625" lon="-79.97170790098607540130615234375">
        <ele>129.399993896484375</ele>
        <time>2026-09-05T19:21:41.000Z</time>
        <extensions>
          <ns3:TrackPointExtension/>
        </extensions>
      </trkpt>
      <trkpt lat="43.2721893489360809326171875" lon="-79.97186162509024143218994140625">
        <ele>129.600006103515625</ele>
        <time>2026-09-05T19:21:53.000Z</time>
        <extensions>
          <ns3:TrackPointExtension/>
        </extensions>
      </trkpt>
      <trkpt lat="43.2722911052405834197998046875" lon="-79.972070418298244476318359375">
        <ele>130</ele>
        <time>2026-09-05T19:22:09.000Z</time>
        <extensions>
          <ns3:TrackPointExtension/>
        </extensions>
      </trkpt>
      <trkpt lat="43.27232790179550647735595703125" lon="-79.9721279181540012359619140625">
        <ele>130.1999969482421875</ele>
        <time>2026-09-05T19:22:13.000Z</time>
        <extensions>
          <ns3:TrackPointExtension/>
        </extensions>
      </trkpt>
      <trkpt lat="43.27239864505827426910400390625" lon="-79.972227327525615692138671875">
        <ele>130.399993896484375</ele>
        <time>2026-09-05T19:22:20.000Z</time>
        <extensions>
          <ns3:TrackPointExtension/>
        </extensions>
      </trkpt>
      <trkpt lat="43.27246896922588348388671875" lon="-79.9723414890468120574951171875">
        <ele>130.8000030517578125</ele>
        <time>2026-09-05T19:22:29.000Z</time>
        <extensions>
          <ns3:TrackPointExtension/>
        </extensions>
      </trkpt>
      <trkpt lat="43.2724758423864841461181640625" lon="-79.97235364280641078948974609375">
        <ele>130.8000030517578125</ele>
        <time>2026-09-05T19:22:30.000Z</time>
        <extensions>
          <ns3:TrackPointExtension/>
        </extensions>
      </trkpt>
      <trkpt lat="43.27255345880985260009765625" lon="-79.97248859144747257232666015625">
        <ele>131.399993896484375</ele>
        <time>2026-09-05T19:22:40.000Z</time>
        <extensions>
          <ns3:TrackPointExtension/>
        </extensions>
      </trkpt>
      <trkpt lat="43.27258505858480930328369140625" lon="-79.97259713709354400634765625">
        <ele>131.600006103515625</ele>
        <time>2026-09-05T19:22:47.000Z</time>
        <extensions>
          <ns3:TrackPointExtension/>
        </extensions>
      </trkpt>
      <trkpt lat="43.27258036471903324127197265625" lon="-79.9726519547402858734130859375">
        <ele>131.8000030517578125</ele>
        <time>2026-09-05T19:22:50.000Z</time>
        <extensions>
          <ns3:TrackPointExtension/>
        </extensions>
      </trkpt>
      <trkpt lat="43.2725854776799678802490234375" lon="-79.9727344326674938201904296875">
        <ele>132.1999969482421875</ele>
        <time>2026-09-05T19:22:56.000Z</time>
        <extensions>
          <ns3:TrackPointExtension/>
        </extensions>
      </trkpt>
      <trkpt lat="43.2726066000759601593017578125" lon="-79.97291221283376216888427734375">
        <ele>132.8000030517578125</ele>
        <time>2026-09-05T19:23:08.000Z</time>
        <extensions>
          <ns3:TrackPointExtension/>
        </extensions>
      </trkpt>
      <trkpt lat="43.272579945623874664306640625" lon="-79.97311103157699108123779296875">
        <ele>133.600006103515625</ele>
        <time>2026-09-05T19:23:21.000Z</time>
        <extensions>
          <ns3:TrackPointExtension/>
        </extensions>
      </trkpt>
      <trkpt lat="43.27255605719983577728271484375" lon="-79.97318093664944171905517578125">
        <ele>134</ele>
        <time>2026-09-05T19:23:25.000Z</time>
        <extensions>
          <ns3:TrackPointExtension/>
        </extensions>
      </trkpt>
      <trkpt lat="43.27252403832972049713134765625" lon="-79.9733211658895015716552734375">
        <ele>134.399993896484375</ele>
        <time>2026-09-05T19:23:33.000Z</time>
        <extensions>
          <ns3:TrackPointExtension/>
        </extensions>
      </trkpt>
      <trkpt lat="43.272511549293994903564453125" lon="-79.9734334833920001983642578125">
        <ele>135</ele>
        <time>2026-09-05T19:23:40.000Z</time>
        <extensions>
          <ns3:TrackPointExtension/>
        </extensions>
      </trkpt>
      <trkpt lat="43.27248464338481426239013671875" lon="-79.9735327251255512237548828125">
        <ele>135.399993896484375</ele>
        <time>2026-09-05T19:23:46.000Z</time>
        <extensions>
          <ns3:TrackPointExtension/>
        </extensions>
      </trkpt>
      <trkpt lat="43.27246419154107570648193359375" lon="-79.9736787378787994384765625">
        <ele>136</ele>
        <time>2026-09-05T19:23:54.000Z</time>
        <extensions>
          <ns3:TrackPointExtension/>
        </extensions>
      </trkpt>
      <trkpt lat="43.27243921346962451934814453125" lon="-79.97376029379665851593017578125">
        <ele>136.399993896484375</ele>
        <time>2026-09-05T19:23:59.000Z</time>
        <extensions>
          <ns3:TrackPointExtension/>
        </extensions>
      </trkpt>
      <trkpt lat="43.27241666615009307861328125" lon="-79.97389398515224456787109375">
        <ele>137</ele>
        <time>2026-09-05T19:24:08.000Z</time>
        <extensions>
          <ns3:TrackPointExtension/>
        </extensions>
      </trkpt>
      <trkpt lat="43.27238908968865871429443359375" lon="-79.97397738508880138397216796875">
        <ele>137.399993896484375</ele>
        <time>2026-09-05T19:24:14.000Z</time>
        <extensions>
          <ns3:TrackPointExtension/>
        </extensions>
      </trkpt>
      <trkpt lat="43.27237500809133052825927734375" lon="-79.97409858740866184234619140625">
        <ele>138</ele>
        <time>2026-09-05T19:24:22.000Z</time>
        <extensions>
          <ns3:TrackPointExtension/>
        </extensions>
      </trkpt>
      <trkpt lat="43.27236679382622241973876953125" lon="-79.974164552986621856689453125">
        <ele>138.399993896484375</ele>
        <time>2026-09-05T19:24:26.000Z</time>
        <extensions>
          <ns3:TrackPointExtension/>
        </extensions>
      </trkpt>
      <trkpt lat="43.27233796007931232452392578125" lon="-79.97430696152150630950927734375">
        <ele>139.1999969482421875</ele>
        <time>2026-09-05T19:24:35.000Z</time>
        <extensions>
          <ns3:TrackPointExtension/>
        </extensions>
      </trkpt>
      <trkpt lat="43.27232052572071552276611328125" lon="-79.97440201230347156524658203125">
        <ele>139.600006103515625</ele>
        <time>2026-09-05T19:24:41.000Z</time>
        <extensions>
          <ns3:TrackPointExtension/>
        </extensions>
      </trkpt>
      <trkpt lat="43.27230610884726047515869140625" lon="-79.97450561262667179107666015625">
        <ele>140.1999969482421875</ele>
        <time>2026-09-05T19:24:47.000Z</time>
        <extensions>
          <ns3:TrackPointExtension/>
        </extensions>
      </trkpt>
      <trkpt lat="43.27227476052939891815185546875" lon="-79.974640309810638427734375">
        <ele>140.8000030517578125</ele>
        <time>2026-09-05T19:24:56.000Z</time>
        <extensions>
          <ns3:TrackPointExtension/>
        </extensions>
      </trkpt>
      <trkpt lat="43.27226872555911540985107421875" lon="-79.9746840633451938629150390625">
        <ele>141.1999969482421875</ele>
        <time>2026-09-05T19:24:59.000Z</time>
        <extensions>
          <ns3:TrackPointExtension/>
        </extensions>
      </trkpt>
      <trkpt lat="43.27222782187163829803466796875" lon="-79.97485530562698841094970703125">
        <ele>142</ele>
        <time>2026-09-05T19:25:10.000Z</time>
        <extensions>
          <ns3:TrackPointExtension/>
        </extensions>
      </trkpt>
      <trkpt lat="43.272219859063625335693359375" lon="-79.9748671241104602813720703125">
        <ele>142.1999969482421875</ele>
        <time>2026-09-05T19:25:11.000Z</time>
        <extensions>
          <ns3:TrackPointExtension/>
        </extensions>
      </trkpt>
      <trkpt lat="43.27216529287397861480712890625" lon="-79.97502386569976806640625">
        <ele>143.1999969482421875</ele>
        <time>2026-09-05T19:25:23.000Z</time>
        <extensions>
          <ns3:TrackPointExtension/>
        </extensions>
      </trkpt>
      <trkpt lat="43.27216076664626598358154296875" lon="-79.97504959814250469207763671875">
        <ele>143.399993896484375</ele>
        <time>2026-09-05T19:25:25.000Z</time>
        <extensions>
          <ns3:TrackPointExtension/>
        </extensions>
      </trkpt>
      <trkpt lat="43.27213042415678501129150390625" lon="-79.97518823482096195220947265625">
        <ele>144.1999969482421875</ele>
        <time>2026-09-05T19:25:35.000Z</time>
        <extensions>
          <ns3:TrackPointExtension/>
        </extensions>
      </trkpt>
      <trkpt lat="43.272118605673313140869140625" lon="-79.97525629587471485137939453125">
        <ele>144.600006103515625</ele>
        <time>2026-09-05T19:25:39.000Z</time>
        <extensions>
          <ns3:TrackPointExtension/>
        </extensions>
      </trkpt>
      <trkpt lat="43.2720979861915111541748046875" lon="-79.97534749098122119903564453125">
        <ele>145.1999969482421875</ele>
        <time>2026-09-05T19:25:47.000Z</time>
        <extensions>
          <ns3:TrackPointExtension/>
        </extensions>
      </trkpt>
      <trkpt lat="43.27207443304359912872314453125" lon="-79.97536643408238887786865234375">
        <ele>145.600006103515625</ele>
        <time>2026-09-05T19:25:51.000Z</time>
        <extensions>
          <ns3:TrackPointExtension/>
        </extensions>
      </trkpt>
      <trkpt lat="43.27200184576213359832763671875" lon="-79.97539241798222064971923828125">
        <ele>146.1999969482421875</ele>
        <time>2026-09-05T19:25:59.000Z</time>
        <extensions>
          <ns3:TrackPointExtension/>
        </extensions>
      </trkpt>
      <trkpt lat="43.27200201340019702911376953125" lon="-79.9754220061004161834716796875">
        <ele>146.600006103515625</ele>
        <time>2026-09-05T19:26:02.000Z</time>
        <extensions>
          <ns3:TrackPointExtension/>
        </extensions>
      </trkpt>
      <trkpt lat="43.2720014266669750213623046875" lon="-79.97554756700992584228515625">
        <ele>147.1999969482421875</ele>
        <time>2026-09-05T19:26:11.000Z</time>
        <extensions>
          <ns3:TrackPointExtension/>
        </extensions>
      </trkpt>
      <trkpt lat="43.27200452797114849090576171875" lon="-79.975594840943813323974609375">
        <ele>147.600006103515625</ele>
        <time>2026-09-05T19:26:14.000Z</time>
        <extensions>
          <ns3:TrackPointExtension/>
        </extensions>
      </trkpt>
      <trkpt lat="43.27201542444527149200439453125" lon="-79.9757574498653411865234375">
        <ele>148.399993896484375</ele>
        <time>2026-09-05T19:26:23.000Z</time>
        <extensions>
          <ns3:TrackPointExtension/>
        </extensions>
      </trkpt>
      <trkpt lat="43.2720218785107135772705078125" lon="-79.975830204784870147705078125">
        <ele>148.600006103515625</ele>
        <time>2026-09-05T19:26:27.000Z</time>
        <extensions>
          <ns3:TrackPointExtension/>
        </extensions>
      </trkpt>
      <trkpt lat="43.27199396677315235137939453125" lon="-79.97596599161624908447265625">
        <ele>149.399993896484375</ele>
        <time>2026-09-05T19:26:35.000Z</time>
        <extensions>
          <ns3:TrackPointExtension/>
        </extensions>
      </trkpt>
      <trkpt lat="43.27198139391839504241943359375" lon="-79.9760261736810207366943359375">
        <ele>149.8000030517578125</ele>
        <time>2026-09-05T19:26:40.000Z</time>
        <extensions>
          <ns3:TrackPointExtension/>
        </extensions>
      </trkpt>
      <trkpt lat="43.2719479501247406005859375" lon="-79.9761539138853549957275390625">
        <ele>150.399993896484375</ele>
        <time>2026-09-05T19:26:48.000Z</time>
        <extensions>
          <ns3:TrackPointExtension/>
        </extensions>
      </trkpt>
      <trkpt lat="43.27190545387566089630126953125" lon="-79.976227842271327972412109375">
        <ele>150.8000030517578125</ele>
        <time>2026-09-05T19:26:53.000Z</time>
        <extensions>
          <ns3:TrackPointExtension/>
        </extensions>
      </trkpt>
      <trkpt lat="43.27184946276247501373291015625" lon="-79.97637142427265644073486328125">
        <ele>151.1999969482421875</ele>
        <time>2026-09-05T19:27:01.000Z</time>
        <extensions>
          <ns3:TrackPointExtension/>
        </extensions>
      </trkpt>
      <trkpt lat="43.27183663845062255859375" lon="-79.976402856409549713134765625">
        <ele>151.399993896484375</ele>
        <time>2026-09-05T19:27:03.000Z</time>
        <extensions>
          <ns3:TrackPointExtension/>
        </extensions>
      </trkpt>
      <trkpt lat="43.2717885263264179229736328125" lon="-79.97651844285428524017333984375">
        <ele>151.8000030517578125</ele>
        <time>2026-09-05T19:27:10.000Z</time>
        <extensions>
          <ns3:TrackPointExtension/>
        </extensions>
      </trkpt>
      <trkpt lat="43.27172658406198024749755859375" lon="-79.97665909118950366973876953125">
        <ele>152.1999969482421875</ele>
        <time>2026-09-05T19:27:18.000Z</time>
        <extensions>
          <ns3:TrackPointExtension/>
        </extensions>
      </trkpt>
      <trkpt lat="43.27168098650872707366943359375" lon="-79.97676537372171878814697265625">
        <ele>152.399993896484375</ele>
        <time>2026-09-05T19:27:24.000Z</time>
        <extensions>
          <ns3:TrackPointExtension/>
        </extensions>
      </trkpt>
      <trkpt lat="43.2716617919504642486572265625" lon="-79.97681482695043087005615234375">
        <ele>152.600006103515625</ele>
        <time>2026-09-05T19:27:27.000Z</time>
        <extensions>
          <ns3:TrackPointExtension/>
        </extensions>
      </trkpt>
      <trkpt lat="43.27159683220088481903076171875" lon="-79.97697223909199237823486328125">
        <ele>153</ele>
        <time>2026-09-05T19:27:38.000Z</time>
        <extensions>
          <ns3:TrackPointExtension/>
        </extensions>
      </trkpt>
      <trkpt lat="43.27155140228569507598876953125" lon="-79.9770980514585971832275390625">
        <ele>153.1999969482421875</ele>
        <time>2026-09-05T19:27:46.000Z</time>
        <extensions>
          <ns3:TrackPointExtension/>
        </extensions>
      </trkpt>
      <trkpt lat="43.2715122587978839874267578125" lon="-79.97726015746593475341796875">
        <ele>153.399993896484375</ele>
        <time>2026-09-05T19:27:56.000Z</time>
        <extensions>
          <ns3:TrackPointExtension/>
        </extensions>
      </trkpt>
      <trkpt lat="43.2714965008199214935302734375" lon="-79.9773169867694377899169921875">
        <ele>153.399993896484375</ele>
        <time>2026-09-05T19:27:59.000Z</time>
        <extensions>
          <ns3:TrackPointExtension/>
        </extensions>
      </trkpt>
      <trkpt lat="43.271431960165500640869140625" lon="-79.97744263149797916412353515625">
        <ele>153.600006103515625</ele>
        <time>2026-09-05T19:28:08.000Z</time>
        <extensions>
          <ns3:TrackPointExtension/>
        </extensions>
      </trkpt>
      <trkpt lat="43.2713846862316131591796875" lon="-79.97756953351199626922607421875">
        <ele>153.8000030517578125</ele>
        <time>2026-09-05T19:28:16.000Z</time>
        <extensions>
          <ns3:TrackPointExtension/>
        </extensions>
      </trkpt>
      <trkpt lat="43.27139298431575298309326171875" lon="-79.97762233950197696685791015625">
        <ele>153.8000030517578125</ele>
        <time>2026-09-05T19:28:23.000Z</time>
        <extensions>
          <ns3:TrackPointExtension/>
        </extensions>
      </trkpt>
      <trkpt lat="43.271404467523097991943359375" lon="-79.97760741971433162689208984375">
        <ele>154</ele>
        <time>2026-09-05T19:28:31.000Z</time>
        <extensions>
          <ns3:TrackPointExtension/>
        </extensions>
      </trkpt>
      <trkpt lat="43.27140220440924167633056640625" lon="-79.977566264569759368896484375">
        <ele>154.1999969482421875</ele>
        <time>2026-09-05T19:28:40.000Z</time>
        <extensions>
          <ns3:TrackPointExtension/>
        </extensions>
      </trkpt>
      <trkpt lat="43.2713954150676727294921875" lon="-79.9775865487754344940185546875">
        <ele>154.399993896484375</ele>
        <time>2026-09-05T19:28:49.000Z</time>
        <extensions>
          <ns3:TrackPointExtension/>
        </extensions>
      </trkpt>
      <trkpt lat="43.27139097265899181365966796875" lon="-79.97759786434471607208251953125">
        <ele>154.399993896484375</ele>
        <time>2026-09-05T19:28:53.000Z</time>
        <extensions>
          <ns3:TrackPointExtension/>
        </extensions>
      </trkpt>
      <trkpt lat="43.2713110931217670440673828125" lon="-79.97756400145590305328369140625">
        <ele>154.600006103515625</ele>
        <time>2026-09-05T19:28:58.000Z</time>
        <extensions>
          <ns3:TrackPointExtension/>
        </extensions>
      </trkpt>
      <trkpt lat="43.2712960056960582733154296875" lon="-79.9775706231594085693359375">
        <ele>154.8000030517578125</ele>
        <time>2026-09-05T19:29:09.000Z</time>
        <extensions>
          <ns3:TrackPointExtension/>
        </extensions>
      </trkpt>
      <trkpt lat="43.27130111865699291229248046875" lon="-79.97766626067459583282470703125">
        <ele>154.8000030517578125</ele>
        <time>2026-09-05T19:29:17.000Z</time>
        <extensions>
          <ns3:TrackPointExtension/>
        </extensions>
      </trkpt>
      <trkpt lat="43.27126842923462390899658203125" lon="-79.97780925594270229339599609375">
        <ele>155</ele>
        <time>2026-09-05T19:29:27.000Z</time>
        <extensions>
          <ns3:TrackPointExtension/>
        </extensions>
      </trkpt>
      <trkpt lat="43.27121905982494354248046875" lon="-79.97793741524219512939453125">
        <ele>155.1999969482421875</ele>
        <time>2026-09-05T19:29:37.000Z</time>
        <extensions>
          <ns3:TrackPointExtension/>
        </extensions>
      </trkpt>
      <trkpt lat="43.27119626104831695556640625" lon="-79.977973960340023040771484375">
        <ele>155.399993896484375</ele>
        <time>2026-09-05T19:29:44.000Z</time>
        <extensions>
          <ns3:TrackPointExtension/>
        </extensions>
      </trkpt>
      <trkpt lat="43.2711860351264476776123046875" lon="-79.9779744632542133331298828125">
        <ele>155.8000030517578125</ele>
        <time>2026-09-05T19:29:57.000Z</time>
        <extensions>
          <ns3:TrackPointExtension/>
        </extensions>
      </trkpt>
      <trkpt lat="43.2711853645741939544677734375" lon="-79.9779714457690715789794921875">
        <ele>156</ele>
        <time>2026-09-05T19:30:13.000Z</time>
        <extensions>
          <ns3:TrackPointExtension/>
        </extensions>
      </trkpt>
      <trkpt lat="43.27118729241192340850830078125" lon="-79.9779808335006237030029296875">
        <ele>156.399993896484375</ele>
        <time>2026-09-05T19:30:33.000Z</time>
        <extensions>
          <ns3:TrackPointExtension/>
        </extensions>
      </trkpt>
      <trkpt lat="43.27118746004998683929443359375" lon="-79.97798091731965541839599609375">
        <ele>156.399993896484375</ele>
        <time>2026-09-05T19:30:34.000Z</time>
        <extensions>
          <ns3:TrackPointExtension/>
        </extensions>
      </trkpt>
      <trkpt lat="43.27119114808738231658935546875" lon="-79.97797454707324504852294921875">
        <ele>156.600006103515625</ele>
        <time>2026-09-05T19:30:47.000Z</time>
        <extensions>
          <ns3:TrackPointExtension/>
        </extensions>
      </trkpt>
      <trkpt lat="43.2712115161120891571044921875" lon="-79.978016875684261322021484375">
        <ele>156.8000030517578125</ele>
        <time>2026-09-05T19:30:59.000Z</time>
        <extensions>
          <ns3:TrackPointExtension/>
        </extensions>
      </trkpt>
      <trkpt lat="43.27120506204664707183837890625" lon="-79.97802014462649822235107421875">
        <ele>157</ele>
        <time>2026-09-05T19:31:12.000Z</time>
        <extensions>
          <ns3:TrackPointExtension/>
        </extensions>
      </trkpt>
      <trkpt lat="43.2711913995444774627685546875" lon="-79.978048391640186309814453125">
        <ele>157</ele>
        <time>2026-09-05T19:31:27.000Z</time>
        <extensions>
          <ns3:TrackPointExtension/>
        </extensions>
      </trkpt>
      <trkpt lat="43.27119181863963603973388671875" lon="-79.97803925536572933197021484375">
        <ele>157.1999969482421875</ele>
        <time>2026-09-05T19:31:43.000Z</time>
        <extensions>
          <ns3:TrackPointExtension/>
        </extensions>
      </trkpt>
      <trkpt lat="43.27119491994380950927734375" lon="-79.9780435301363468170166015625">
        <ele>157.399993896484375</ele>
        <time>2026-09-05T19:31:51.000Z</time>
        <extensions>
          <ns3:TrackPointExtension/>
        </extensions>
      </trkpt>
      <trkpt lat="43.27120221219956874847412109375" lon="-79.9780472181737422943115234375">
        <ele>157.600006103515625</ele>
        <time>2026-09-05T19:31:56.000Z</time>
        <extensions>
          <ns3:TrackPointExtension/>
        </extensions>
      </trkpt>
      <trkpt lat="43.27119047753512859344482421875" lon="-79.9780887924134731292724609375">
        <ele>157.600006103515625</ele>
        <time>2026-09-05T19:32:12.000Z</time>
        <extensions>
          <ns3:TrackPointExtension/>
        </extensions>
      </trkpt>
      <trkpt lat="43.27123607508838176727294921875" lon="-79.97811636887490749359130859375">
        <ele>157.8000030517578125</ele>
        <time>2026-09-05T19:32:28.000Z</time>
        <extensions>
          <ns3:TrackPointExtension/>
        </extensions>
      </trkpt>
      <trkpt lat="43.27119399793446063995361328125" lon="-79.9780364893376827239990234375">
        <ele>157.8000030517578125</ele>
        <time>2026-09-05T19:32:45.000Z</time>
        <extensions>
          <ns3:TrackPointExtension/>
        </extensions>
      </trkpt>
      <trkpt lat="43.27120355330407619476318359375" lon="-79.97804336249828338623046875">
        <ele>158.600006103515625</ele>
        <time>2026-09-05T19:33:02.000Z</time>
        <extensions>
          <ns3:TrackPointExtension/>
        </extensions>
      </trkpt>
      <trkpt lat="43.2712038047611713409423828125" lon="-79.97804361395537853240966796875">
        <ele>158.600006103515625</ele>
        <time>2026-09-05T19:33:03.000Z</time>
        <extensions>
          <ns3:TrackPointExtension/>
        </extensions>
      </trkpt>
      <trkpt lat="43.271225430071353912353515625" lon="-79.97803942300379276275634765625">
        <ele>159</ele>
        <time>2026-09-05T19:33:25.000Z</time>
        <extensions>
          <ns3:TrackPointExtension/>
        </extensions>
      </trkpt>
      <trkpt lat="43.271236829459667205810546875" lon="-79.97803724370896816253662109375">
        <ele>159.1999969482421875</ele>
        <time>2026-09-05T19:33:42.000Z</time>
        <extensions>
          <ns3:TrackPointExtension/>
        </extensions>
      </trkpt>
      <trkpt lat="43.27126239426434040069580078125" lon="-79.978073537349700927734375">
        <ele>159.1999969482421875</ele>
        <time>2026-09-05T19:34:00.000Z</time>
        <extensions>
          <ns3:TrackPointExtension/>
        </extensions>
      </trkpt>
      <trkpt lat="43.27128351666033267974853515625" lon="-79.97809943743050098419189453125">
        <ele>159.1999969482421875</ele>
        <time>2026-09-05T19:34:13.000Z</time>
        <extensions>
          <ns3:TrackPointExtension/>
        </extensions>
      </trkpt>
      <trkpt lat="43.27125518582761287689208984375" lon="-79.978086948394775390625">
        <ele>159.1999969482421875</ele>
        <time>2026-09-05T19:34:29.000Z</time>
        <extensions>
          <ns3:TrackPointExtension/>
        </extensions>
      </trkpt>
      <trkpt lat="43.2712457142770290374755859375" lon="-79.9780435301363468170166015625">
        <ele>159.399993896484375</ele>
        <time>2026-09-05T19:34:47.000Z</time>
        <extensions>
          <ns3:TrackPointExtension/>
        </extensions>
      </trkpt>
      <trkpt lat="43.2712437026202678680419921875" lon="-79.9780346453189849853515625">
        <ele>159.600006103515625</ele>
        <time>2026-09-05T19:34:48.000Z</time>
        <extensions>
          <ns3:TrackPointExtension/>
        </extensions>
      </trkpt>
      <trkpt lat="43.271230123937129974365234375" lon="-79.97797488234937191009521484375">
        <ele>160.600006103515625</ele>
        <time>2026-09-05T19:34:57.000Z</time>
        <extensions>
          <ns3:TrackPointExtension/>
        </extensions>
      </trkpt>
      <trkpt lat="43.27122040092945098876953125" lon="-79.97798879630863666534423828125">
        <ele>160.8000030517578125</ele>
        <time>2026-09-05T19:35:02.000Z</time>
        <extensions>
          <ns3:TrackPointExtension/>
        </extensions>
      </trkpt>
      <trkpt lat="43.271219730377197265625" lon="-79.9780036322772502899169921875">
        <ele>160.600006103515625</ele>
        <time>2026-09-05T19:35:20.000Z</time>
        <extensions>
          <ns3:TrackPointExtension/>
        </extensions>
      </trkpt>
      <trkpt lat="43.2712138630449771881103515625" lon="-79.97799986042082309722900390625">
        <ele>160.399993896484375</ele>
        <time>2026-09-05T19:35:35.000Z</time>
        <extensions>
          <ns3:TrackPointExtension/>
        </extensions>
      </trkpt>
      <trkpt lat="43.27123590745031833648681640625" lon="-79.97805182822048664093017578125">
        <ele>160.1999969482421875</ele>
        <time>2026-09-05T19:35:47.000Z</time>
        <extensions>
          <ns3:TrackPointExtension/>
        </extensions>
      </trkpt>
      <trkpt lat="43.27125258743762969970703125" lon="-79.978157691657543182373046875">
        <ele>160.1999969482421875</ele>
        <time>2026-09-05T19:36:03.000Z</time>
        <extensions>
          <ns3:TrackPointExtension/>
        </extensions>
      </trkpt>
      <trkpt lat="43.27120757661759853363037109375" lon="-79.978225417435169219970703125">
        <ele>160.1999969482421875</ele>
        <time>2026-09-05T19:36:16.000Z</time>
        <extensions>
          <ns3:TrackPointExtension/>
        </extensions>
      </trkpt>
      <trkpt lat="43.27113515697419643402099609375" lon="-79.97831468470394611358642578125">
        <ele>160.1999969482421875</ele>
        <time>2026-09-05T19:36:27.000Z</time>
        <extensions>
          <ns3:TrackPointExtension/>
        </extensions>
      </trkpt>
      <trkpt lat="43.271072208881378173828125" lon="-79.97844527475535869598388671875">
        <ele>160.1999969482421875</ele>
        <time>2026-09-05T19:36:40.000Z</time>
        <extensions>
          <ns3:TrackPointExtension/>
        </extensions>
      </trkpt>
      <trkpt lat="43.271050751209259033203125" lon="-79.978557340800762176513671875">
        <ele>160.1999969482421875</ele>
        <time>2026-09-05T19:36:52.000Z</time>
        <extensions>
          <ns3:TrackPointExtension/>
        </extensions>
      </trkpt>
      <trkpt lat="43.2710043154656887054443359375" lon="-79.97868047095835208892822265625">
        <ele>160.1999969482421875</ele>
        <time>2026-09-05T19:37:04.000Z</time>
        <extensions>
          <ns3:TrackPointExtension/>
        </extensions>
      </trkpt>
      <trkpt lat="43.270965255796909332275390625" lon="-79.9787965603172779083251953125">
        <ele>160.1999969482421875</ele>
        <time>2026-09-05T19:37:16.000Z</time>
        <extensions>
          <ns3:TrackPointExtension/>
        </extensions>
      </trkpt>
      <trkpt lat="43.2709394395351409912109375" lon="-79.9788934551179409027099609375">
        <ele>160.1999969482421875</ele>
        <time>2026-09-05T19:37:29.000Z</time>
        <extensions>
          <ns3:TrackPointExtension/>
        </extensions>
      </trkpt>
      <trkpt lat="43.27084346674382686614990234375" lon="-79.97902572154998779296875">
        <ele>160.1999969482421875</ele>
        <time>2026-09-05T19:37:42.000Z</time>
        <extensions>
          <ns3:TrackPointExtension/>
        </extensions>
      </trkpt>
      <trkpt lat="43.27080675400793552398681640625" lon="-79.979183636605739593505859375">
        <ele>160.1999969482421875</ele>
        <time>2026-09-05T19:37:54.000Z</time>
        <extensions>
          <ns3:TrackPointExtension/>
        </extensions>
      </trkpt>
      <trkpt lat="43.270708434283733367919921875" lon="-79.97927248477935791015625">
        <ele>160.1999969482421875</ele>
        <time>2026-09-05T19:38:04.000Z</time>
        <extensions>
          <ns3:TrackPointExtension/>
        </extensions>
      </trkpt>
      <trkpt lat="43.27067348174750804901123046875" lon="-79.9793489277362823486328125">
        <ele>160.1999969482421875</ele>
        <time>2026-09-05T19:38:15.000Z</time>
        <extensions>
          <ns3:TrackPointExtension/>
        </extensions>
      </trkpt>
      <trkpt lat="43.2706757448613643646240234375" lon="-79.979376085102558135986328125">
        <ele>160.1999969482421875</ele>
        <time>2026-09-05T19:38:27.000Z</time>
        <extensions>
          <ns3:TrackPointExtension/>
        </extensions>
      </trkpt>
      <trkpt lat="43.2706499285995960235595703125" lon="-79.97940232045948505401611328125">
        <ele>160.1999969482421875</ele>
        <time>2026-09-05T19:38:44.000Z</time>
        <extensions>
          <ns3:TrackPointExtension/>
        </extensions>
      </trkpt>
      <trkpt lat="43.27059670351445674896240234375" lon="-79.97949988581240177154541015625">
        <ele>160.1999969482421875</ele>
        <time>2026-09-05T19:38:55.000Z</time>
        <extensions>
          <ns3:TrackPointExtension/>
        </extensions>
      </trkpt>
      <trkpt lat="43.270552866160869598388671875" lon="-79.97967523522675037384033203125">
        <ele>160.1999969482421875</ele>
        <time>2026-09-05T19:39:08.000Z</time>
        <extensions>
          <ns3:TrackPointExtension/>
        </extensions>
      </trkpt>
      <trkpt lat="43.27048991806805133819580078125" lon="-79.9797641672194004058837890625">
        <ele>160.1999969482421875</ele>
        <time>2026-09-05T19:39:18.000Z</time>
        <extensions>
          <ns3:TrackPointExtension/>
        </extensions>
      </trkpt>
      <trkpt lat="43.2704816199839115142822265625" lon="-79.97977632097899913787841796875">
        <ele>160.1999969482421875</ele>
        <time>2026-09-05T19:39:19.000Z</time>
        <extensions>
          <ns3:TrackPointExtension/>
        </extensions>
      </trkpt>
      <trkpt lat="43.27040676958858966827392578125" lon="-79.9799287877976894378662109375">
        <ele>160.1999969482421875</ele>
        <time>2026-09-05T19:39:32.000Z</time>
        <extensions>
          <ns3:TrackPointExtension/>
        </extensions>
      </trkpt>
      <trkpt lat="43.2702905125916004180908203125" lon="-79.9800903908908367156982421875">
        <ele>160.1999969482421875</ele>
        <time>2026-09-05T19:39:46.000Z</time>
        <extensions>
          <ns3:TrackPointExtension/>
        </extensions>
      </trkpt>
      <trkpt lat="43.2702653668820858001708984375" lon="-79.9802447855472564697265625">
        <ele>160.1999969482421875</ele>
        <time>2026-09-05T19:39:55.000Z</time>
        <extensions>
          <ns3:TrackPointExtension/>
        </extensions>
      </trkpt>
      <trkpt lat="43.2702554762363433837890625" lon="-79.98041569255292415618896484375">
        <ele>160</ele>
        <time>2026-09-05T19:40:09.000Z</time>
        <extensions>
          <ns3:TrackPointExtension/>
        </extensions>
      </trkpt>
      <trkpt lat="43.2701875828206539154052734375" lon="-79.980551898479461669921875">
        <ele>160.1999969482421875</ele>
        <time>2026-09-05T19:40:20.000Z</time>
        <extensions>
          <ns3:TrackPointExtension/>
        </extensions>
      </trkpt>
      <trkpt lat="43.2701004110276699066162109375" lon="-79.98068776912987232208251953125">
        <ele>160.1999969482421875</ele>
        <time>2026-09-05T19:40:31.000Z</time>
        <extensions>
          <ns3:TrackPointExtension/>
        </extensions>
      </trkpt>
      <trkpt lat="43.27005154453217983245849609375" lon="-79.9808870069682598114013671875">
        <ele>160.1999969482421875</ele>
        <time>2026-09-05T19:40:44.000Z</time>
        <extensions>
          <ns3:TrackPointExtension/>
        </extensions>
      </trkpt>
      <trkpt lat="43.2700033485889434814453125" lon="-79.981071911752223968505859375">
        <ele>160.399993896484375</ele>
        <time>2026-09-05T19:40:56.000Z</time>
        <extensions>
          <ns3:TrackPointExtension/>
        </extensions>
      </trkpt>
      <trkpt lat="43.26996001414954662322998046875" lon="-79.9812491051852703094482421875">
        <ele>160.600006103515625</ele>
        <time>2026-09-05T19:41:08.000Z</time>
        <extensions>
          <ns3:TrackPointExtension/>
        </extensions>
      </trkpt>
      <trkpt lat="43.269955404102802276611328125" lon="-79.98126737773418426513671875">
        <ele>160.600006103515625</ele>
        <time>2026-09-05T19:41:09.000Z</time>
        <extensions>
          <ns3:TrackPointExtension/>
        </extensions>
      </trkpt>
      <trkpt lat="43.2699307613074779510498046875" lon="-79.981462173163890838623046875">
        <ele>160.8000030517578125</ele>
        <time>2026-09-05T19:41:23.000Z</time>
        <extensions>
          <ns3:TrackPointExtension/>
        </extensions>
      </trkpt>
      <trkpt lat="43.26987166889011859893798828125" lon="-79.9816970340907573699951171875">
        <ele>161</ele>
        <time>2026-09-05T19:41:40.000Z</time>
        <extensions>
          <ns3:TrackPointExtension/>
        </extensions>
      </trkpt>
      <trkpt lat="43.26977041549980640411376953125" lon="-79.98191177845001220703125">
        <ele>161.1999969482421875</ele>
        <time>2026-09-05T19:41:54.000Z</time>
        <extensions>
          <ns3:TrackPointExtension/>
        </extensions>
      </trkpt>
      <trkpt lat="43.269665054976940155029296875" lon="-79.9821275286376476287841796875">
        <ele>161.399993896484375</ele>
        <time>2026-09-05T19:42:07.000Z</time>
        <extensions>
          <ns3:TrackPointExtension/>
        </extensions>
      </trkpt>
      <trkpt lat="43.2696491293609142303466796875" lon="-79.9821593798696994781494140625">
        <ele>161.600006103515625</ele>
        <time>2026-09-05T19:42:09.000Z</time>
        <extensions>
          <ns3:TrackPointExtension/>
        </extensions>
      </trkpt>
      <trkpt lat="43.26962046325206756591796875" lon="-79.9822683446109294891357421875">
        <ele>161.600006103515625</ele>
        <time>2026-09-05T19:42:16.000Z</time>
        <extensions>
          <ns3:TrackPointExtension/>
        </extensions>
      </trkpt>
      <trkpt lat="43.2696005143225193023681640625" lon="-79.9823333881795406341552734375">
        <ele>161.600006103515625</ele>
        <time>2026-09-05T19:42:20.000Z</time>
        <extensions>
          <ns3:TrackPointExtension/>
        </extensions>
      </trkpt>
      <trkpt lat="43.26954192481935024261474609375" lon="-79.9825727753341197967529296875">
        <ele>161.8000030517578125</ele>
        <time>2026-09-05T19:42:33.000Z</time>
        <extensions>
          <ns3:TrackPointExtension/>
        </extensions>
      </trkpt>
      <trkpt lat="43.26952130533754825592041015625" lon="-79.9826596118509769439697265625">
        <ele>161.8000030517578125</ele>
        <time>2026-09-05T19:42:38.000Z</time>
        <extensions>
          <ns3:TrackPointExtension/>
        </extensions>
      </trkpt>
      <trkpt lat="43.26946766115725040435791015625" lon="-79.98289153911173343658447265625">
        <ele>162</ele>
        <time>2026-09-05T19:42:53.000Z</time>
        <extensions>
          <ns3:TrackPointExtension/>
        </extensions>
      </trkpt>
      <trkpt lat="43.26935266144573688507080078125" lon="-79.98309756629168987274169921875">
        <ele>162.1999969482421875</ele>
        <time>2026-09-05T19:43:05.000Z</time>
        <extensions>
          <ns3:TrackPointExtension/>
        </extensions>
      </trkpt>
      <trkpt lat="43.269328437745571136474609375" lon="-79.98315070755779743194580078125">
        <ele>162.1999969482421875</ele>
        <time>2026-09-05T19:43:08.000Z</time>
        <extensions>
          <ns3:TrackPointExtension/>
        </extensions>
      </trkpt>
      <trkpt lat="43.26923363842070102691650390625" lon="-79.983361177146434783935546875">
        <ele>162.399993896484375</ele>
        <time>2026-09-05T19:43:23.000Z</time>
        <extensions>
          <ns3:TrackPointExtension/>
        </extensions>
      </trkpt>
      <trkpt lat="43.269218467175960540771484375" lon="-79.98338975943624973297119140625">
        <ele>162.399993896484375</ele>
        <time>2026-09-05T19:43:25.000Z</time>
        <extensions>
          <ns3:TrackPointExtension/>
        </extensions>
      </trkpt>
      <trkpt lat="43.26913942582905292510986328125" lon="-79.9836128018796443939208984375">
        <ele>162.600006103515625</ele>
        <time>2026-09-05T19:43:40.000Z</time>
        <extensions>
          <ns3:TrackPointExtension/>
        </extensions>
      </trkpt>
      <trkpt lat="43.26912852935492992401123046875" lon="-79.98364775441586971282958984375">
        <ele>162.600006103515625</ele>
        <time>2026-09-05T19:43:42.000Z</time>
        <extensions>
          <ns3:TrackPointExtension/>
        </extensions>
      </trkpt>
      <trkpt lat="43.2690600492060184478759765625" lon="-79.983876831829547882080078125">
        <ele>162.600006103515625</ele>
        <time>2026-09-05T19:43:54.000Z</time>
        <extensions>
          <ns3:TrackPointExtension/>
        </extensions>
      </trkpt>
      <trkpt lat="43.26904973946511745452880859375" lon="-79.98390625230967998504638671875">
        <ele>162.600006103515625</ele>
        <time>2026-09-05T19:43:56.000Z</time>
        <extensions>
          <ns3:TrackPointExtension/>
        </extensions>
      </trkpt>
      <trkpt lat="43.269046135246753692626953125" lon="-79.9839192442595958709716796875">
        <ele>162.600006103515625</ele>
        <time>2026-09-05T19:43:57.000Z</time>
        <extensions>
          <ns3:TrackPointExtension/>
        </extensions>
      </trkpt>
      <trkpt lat="43.26896659098565578460693359375" lon="-79.984147064387798309326171875">
        <ele>162.8000030517578125</ele>
        <time>2026-09-05T19:44:12.000Z</time>
        <extensions>
          <ns3:TrackPointExtension/>
        </extensions>
      </trkpt>
      <trkpt lat="43.26889517717063426971435546875" lon="-79.9843805842101573944091796875">
        <ele>162.8000030517578125</ele>
        <time>2026-09-05T19:44:26.000Z</time>
        <extensions>
          <ns3:TrackPointExtension/>
        </extensions>
      </trkpt>
      <trkpt lat="43.26888159848749637603759765625" lon="-79.9844198115170001983642578125">
        <ele>162.8000030517578125</ele>
        <time>2026-09-05T19:44:28.000Z</time>
        <extensions>
          <ns3:TrackPointExtension/>
        </extensions>
      </trkpt>
      <trkpt lat="43.26882158406078815460205078125" lon="-79.984655678272247314453125">
        <ele>162.8000030517578125</ele>
        <time>2026-09-05T19:44:41.000Z</time>
        <extensions>
          <ns3:TrackPointExtension/>
        </extensions>
      </trkpt>
      <trkpt lat="43.26879677362740039825439453125" lon="-79.9847175367176532745361328125">
        <ele>162.8000030517578125</ele>
        <time>2026-09-05T19:44:45.000Z</time>
        <extensions>
          <ns3:TrackPointExtension/>
        </extensions>
      </trkpt>
      <trkpt lat="43.268712200224399566650390625" lon="-79.98486346565186977386474609375">
        <ele>163</ele>
        <time>2026-09-05T19:44:58.000Z</time>
        <extensions>
          <ns3:TrackPointExtension/>
        </extensions>
      </trkpt>
      <trkpt lat="43.26862544752657413482666015625" lon="-79.98505842871963977813720703125">
        <ele>163.1999969482421875</ele>
        <time>2026-09-05T19:45:12.000Z</time>
        <extensions>
          <ns3:TrackPointExtension/>
        </extensions>
      </trkpt>
      <trkpt lat="43.2685683667659759521484375" lon="-79.9852053634822368621826171875">
        <ele>163.600006103515625</ele>
        <time>2026-09-05T19:45:25.000Z</time>
        <extensions>
          <ns3:TrackPointExtension/>
        </extensions>
      </trkpt>
      <trkpt lat="43.26852746307849884033203125" lon="-79.98529580421745777130126953125">
        <ele>163.600006103515625</ele>
        <time>2026-09-05T19:45:32.000Z</time>
        <extensions>
          <ns3:TrackPointExtension/>
        </extensions>
      </trkpt>
      <trkpt lat="43.26850734651088714599609375" lon="-79.98540468513965606689453125">
        <ele>163.8000030517578125</ele>
        <time>2026-09-05T19:45:39.000Z</time>
        <extensions>
          <ns3:TrackPointExtension/>
        </extensions>
      </trkpt>
      <trkpt lat="43.26844976283609867095947265625" lon="-79.9856459163129329681396484375">
        <ele>164</ele>
        <time>2026-09-05T19:45:52.000Z</time>
        <extensions>
          <ns3:TrackPointExtension/>
        </extensions>
      </trkpt>
      <trkpt lat="43.26844431459903717041015625" lon="-79.9856593273580074310302734375">
        <ele>164</ele>
        <time>2026-09-05T19:45:53.000Z</time>
        <extensions>
          <ns3:TrackPointExtension/>
        </extensions>
      </trkpt>
      <trkpt lat="43.26835538260638713836669921875" lon="-79.9858645163476467132568359375">
        <ele>164.1999969482421875</ele>
        <time>2026-09-05T19:46:10.000Z</time>
        <extensions>
          <ns3:TrackPointExtension/>
        </extensions>
      </trkpt>
      <trkpt lat="43.26831330545246601104736328125" lon="-79.9860475771129131317138671875">
        <ele>164.1999969482421875</ele>
        <time>2026-09-05T19:46:24.000Z</time>
        <extensions>
          <ns3:TrackPointExtension/>
        </extensions>
      </trkpt>
      <trkpt lat="43.268355466425418853759765625" lon="-79.98607967980206012725830078125">
        <ele>164.1999969482421875</ele>
        <time>2026-09-05T19:46:39.000Z</time>
        <extensions>
          <ns3:TrackPointExtension/>
        </extensions>
      </trkpt>
      <trkpt lat="43.2683747448027133941650390625" lon="-79.98603927902877330780029296875">
        <ele>164.1999969482421875</ele>
        <time>2026-09-05T19:46:54.000Z</time>
        <extensions>
          <ns3:TrackPointExtension/>
        </extensions>
      </trkpt>
      <trkpt lat="43.26835454441606998443603515625" lon="-79.9859942682087421417236328125">
        <ele>164.399993896484375</ele>
        <time>2026-09-05T19:47:11.000Z</time>
        <extensions>
          <ns3:TrackPointExtension/>
        </extensions>
      </trkpt>
      <trkpt lat="43.26834331266582012176513671875" lon="-79.98597926460206508636474609375">
        <ele>164.399993896484375</ele>
        <time>2026-09-05T19:47:29.000Z</time>
        <extensions>
          <ns3:TrackPointExtension/>
        </extensions>
      </trkpt>
      <trkpt lat="43.26834783889353275299072265625" lon="-79.9860026501119136810302734375">
        <ele>164.600006103515625</ele>
        <time>2026-09-05T19:47:47.000Z</time>
        <extensions>
          <ns3:TrackPointExtension/>
        </extensions>
      </trkpt>
      <trkpt lat="43.26835890300571918487548828125" lon="-79.98600189574062824249267578125">
        <ele>164.600006103515625</ele>
        <time>2026-09-05T19:47:56.000Z</time>
        <extensions>
          <ns3:TrackPointExtension/>
        </extensions>
      </trkpt>
      <trkpt lat="43.26836074702441692352294921875" lon="-79.986015222966670989990234375">
        <ele>164.8000030517578125</ele>
        <time>2026-09-05T19:48:01.000Z</time>
        <extensions>
          <ns3:TrackPointExtension/>
        </extensions>
      </trkpt>
      <trkpt lat="43.2683522813022136688232421875" lon="-79.9860435537993907928466796875">
        <ele>164.8000030517578125</ele>
        <time>2026-09-05T19:48:18.000Z</time>
        <extensions>
          <ns3:TrackPointExtension/>
        </extensions>
      </trkpt>
      <trkpt lat="43.26835437677800655364990234375" lon="-79.98603634536266326904296875">
        <ele>165</ele>
        <time>2026-09-05T19:48:34.000Z</time>
        <extensions>
          <ns3:TrackPointExtension/>
        </extensions>
      </trkpt>
      <trkpt lat="43.26833845116198062896728515625" lon="-79.98602251522243022918701171875">
        <ele>165.1999969482421875</ele>
        <time>2026-09-05T19:48:47.000Z</time>
        <extensions>
          <ns3:TrackPointExtension/>
        </extensions>
      </trkpt>
      <trkpt lat="43.26834180392324924468994140625" lon="-79.9860459007322788238525390625">
        <ele>165.1999969482421875</ele>
        <time>2026-09-05T19:49:04.000Z</time>
        <extensions>
          <ns3:TrackPointExtension/>
        </extensions>
      </trkpt>
      <trkpt lat="43.26838932931423187255859375" lon="-79.9860834516584873199462890625">
        <ele>165.8000030517578125</ele>
        <time>2026-09-05T19:49:15.000Z</time>
        <extensions>
          <ns3:TrackPointExtension/>
        </extensions>
      </trkpt>
      <trkpt lat="43.26840047724545001983642578125" lon="-79.9860955215990543365478515625">
        <ele>165.8000030517578125</ele>
        <time>2026-09-05T19:49:18.000Z</time>
        <extensions>
          <ns3:TrackPointExtension/>
        </extensions>
      </trkpt>
      <trkpt lat="43.2683905027806758880615234375" lon="-79.98612125404179096221923828125">
        <ele>165.8000030517578125</ele>
        <time>2026-09-05T19:49:31.000Z</time>
        <extensions>
          <ns3:TrackPointExtension/>
        </extensions>
      </trkpt>
      <trkpt lat="43.2682734914124011993408203125" lon="-79.986256621778011322021484375">
        <ele>165.8000030517578125</ele>
        <time>2026-09-05T19:49:47.000Z</time>
        <extensions>
          <ns3:TrackPointExtension/>
        </extensions>
      </trkpt>
      <trkpt lat="43.2681537978351116180419921875" lon="-79.9864100106060504913330078125">
        <ele>165.8000030517578125</ele>
        <time>2026-09-05T19:50:01.000Z</time>
        <extensions>
          <ns3:TrackPointExtension/>
        </extensions>
      </trkpt>
      <trkpt lat="43.26804223470389842987060546875" lon="-79.98645334504544734954833984375">
        <ele>165.8000030517578125</ele>
        <time>2026-09-05T19:50:13.000Z</time>
        <extensions>
          <ns3:TrackPointExtension/>
        </extensions>
      </trkpt>
      <trkpt lat="43.26798456721007823944091796875" lon="-79.9864307977259159088134765625">
        <ele>165.8000030517578125</ele>
        <time>2026-09-05T19:50:17.000Z</time>
        <extensions>
          <ns3:TrackPointExtension/>
        </extensions>
      </trkpt>
      <trkpt lat="43.26788767240941524505615234375" lon="-79.98648351989686489105224609375">
        <ele>165.399993896484375</ele>
        <time>2026-09-05T19:50:25.000Z</time>
        <extensions>
          <ns3:TrackPointExtension/>
        </extensions>
      </trkpt>
      <trkpt lat="43.26778071932494640350341796875" lon="-79.986670352518558502197265625">
        <ele>164.8000030517578125</ele>
        <time>2026-09-05T19:50:38.000Z</time>
        <extensions>
          <ns3:TrackPointExtension/>
        </extensions>
      </trkpt>
      <trkpt lat="43.2677395641803741455078125" lon="-79.9869159422814846038818359375">
        <ele>164.399993896484375</ele>
        <time>2026-09-05T19:50:50.000Z</time>
        <extensions>
          <ns3:TrackPointExtension/>
        </extensions>
      </trkpt>
      <trkpt lat="43.267722465097904205322265625" lon="-79.98695575632154941558837890625">
        <ele>164.1999969482421875</ele>
        <time>2026-09-05T19:50:53.000Z</time>
        <extensions>
          <ns3:TrackPointExtension/>
        </extensions>
      </trkpt>
      <trkpt lat="43.26769455336034297943115234375" lon="-79.98702683486044406890869140625">
        <ele>164</ele>
        <time>2026-09-05T19:50:57.000Z</time>
        <extensions>
          <ns3:TrackPointExtension/>
        </extensions>
      </trkpt>
      <trkpt lat="43.26763621531426906585693359375" lon="-79.98710880987346172332763671875">
        <ele>164</ele>
        <time>2026-09-05T19:51:04.000Z</time>
        <extensions>
          <ns3:TrackPointExtension/>
        </extensions>
      </trkpt>
      <trkpt lat="43.2676019333302974700927734375" lon="-79.9871697463095188140869140625">
        <ele>163.8000030517578125</ele>
        <time>2026-09-05T19:51:09.000Z</time>
        <extensions>
          <ns3:TrackPointExtension/>
        </extensions>
      </trkpt>
      <trkpt lat="43.26757603324949741363525390625" lon="-79.98720620758831501007080078125">
        <ele>163.8000030517578125</ele>
        <time>2026-09-05T19:51:12.000Z</time>
        <extensions>
          <ns3:TrackPointExtension/>
        </extensions>
      </trkpt>
      <trkpt lat="43.26756262220442295074462890625" lon="-79.98723328113555908203125">
        <ele>163.8000030517578125</ele>
        <time>2026-09-05T19:51:14.000Z</time>
        <extensions>
          <ns3:TrackPointExtension/>
        </extensions>
      </trkpt>
      <trkpt lat="43.2675429247319698333740234375" lon="-79.987267814576625823974609375">
        <ele>163.600006103515625</ele>
        <time>2026-09-05T19:51:18.000Z</time>
        <extensions>
          <ns3:TrackPointExtension/>
        </extensions>
      </trkpt>
      <trkpt lat="43.26749891974031925201416015625" lon="-79.98735104687511920928955078125">
        <ele>163.600006103515625</ele>
        <time>2026-09-05T19:51:27.000Z</time>
        <extensions>
          <ns3:TrackPointExtension/>
        </extensions>
      </trkpt>
      <trkpt lat="43.26747980900108814239501953125" lon="-79.98738273046910762786865234375">
        <ele>163.600006103515625</ele>
        <time>2026-09-05T19:51:35.000Z</time>
        <extensions>
          <ns3:TrackPointExtension/>
        </extensions>
      </trkpt>
      <trkpt lat="43.26748467050492763519287109375" lon="-79.98739731498062610626220703125">
        <ele>163.600006103515625</ele>
        <time>2026-09-05T19:51:44.000Z</time>
        <extensions>
          <ns3:TrackPointExtension/>
        </extensions>
      </trkpt>
      <trkpt lat="43.2674728520214557647705078125" lon="-79.9873789586126804351806640625">
        <ele>163.600006103515625</ele>
        <time>2026-09-05T19:51:53.000Z</time>
        <extensions>
          <ns3:TrackPointExtension/>
        </extensions>
      </trkpt>
      <trkpt lat="43.2674391567707061767578125" lon="-79.987456910312175750732421875">
        <ele>163.600006103515625</ele>
        <time>2026-09-05T19:52:00.000Z</time>
        <extensions>
          <ns3:TrackPointExtension/>
        </extensions>
      </trkpt>
      <trkpt lat="43.26740420423448085784912109375" lon="-79.987528659403324127197265625">
        <ele>163.600006103515625</ele>
        <time>2026-09-05T19:52:09.000Z</time>
        <extensions>
          <ns3:TrackPointExtension/>
        </extensions>
      </trkpt>
      <trkpt lat="43.2673613727092742919921875" lon="-79.9876361154019832611083984375">
        <ele>163.8000030517578125</ele>
        <time>2026-09-05T19:52:17.000Z</time>
        <extensions>
          <ns3:TrackPointExtension/>
        </extensions>
      </trkpt>
      <trkpt lat="43.267291299998760223388671875" lon="-79.9877252988517284393310546875">
        <ele>163.8000030517578125</ele>
        <time>2026-09-05T19:52:26.000Z</time>
        <extensions>
          <ns3:TrackPointExtension/>
        </extensions>
      </trkpt>
      <trkpt lat="43.26727277599275112152099609375" lon="-79.98777936212718486785888671875">
        <ele>163.8000030517578125</ele>
        <time>2026-09-05T19:52:29.000Z</time>
        <extensions>
          <ns3:TrackPointExtension/>
        </extensions>
      </trkpt>
      <trkpt lat="43.2672636397182941436767578125" lon="-79.98782529495656490325927734375">
        <ele>163.8000030517578125</ele>
        <time>2026-09-05T19:52:32.000Z</time>
        <extensions>
          <ns3:TrackPointExtension/>
        </extensions>
      </trkpt>
      <trkpt lat="43.26725634746253490447998046875" lon="-79.98783200047910213470458984375">
        <ele>163.8000030517578125</ele>
        <time>2026-09-05T19:52:41.000Z</time>
        <extensions>
          <ns3:TrackPointExtension/>
        </extensions>
      </trkpt>
      <trkpt lat="43.26722617261111736297607421875" lon="-79.9878929369151592254638671875">
        <ele>163.8000030517578125</ele>
        <time>2026-09-05T19:52:49.000Z</time>
        <extensions>
          <ns3:TrackPointExtension/>
        </extensions>
      </trkpt>
      <trkpt lat="43.26724628917872905731201171875" lon="-79.9878889136016368865966796875">
        <ele>163.8000030517578125</ele>
        <time>2026-09-05T19:52:57.000Z</time>
        <extensions>
          <ns3:TrackPointExtension/>
        </extensions>
      </trkpt>
      <trkpt lat="43.267236985266208648681640625" lon="-79.98788346536457538604736328125">
        <ele>163.8000030517578125</ele>
        <time>2026-09-05T19:53:04.000Z</time>
        <extensions>
          <ns3:TrackPointExtension/>
        </extensions>
      </trkpt>
      <trkpt lat="43.26721980236470699310302734375" lon="-79.98790089972317218780517578125">
        <ele>163.8000030517578125</ele>
        <time>2026-09-05T19:53:13.000Z</time>
        <extensions>
          <ns3:TrackPointExtension/>
        </extensions>
      </trkpt>
      <trkpt lat="43.2672200538218021392822265625" lon="-79.98796761967241764068603515625">
        <ele>163.8000030517578125</ele>
        <time>2026-09-05T19:53:20.000Z</time>
        <extensions>
          <ns3:TrackPointExtension/>
        </extensions>
      </trkpt>
      <trkpt lat="43.2672113366425037384033203125" lon="-79.988152943551540374755859375">
        <ele>163.8000030517578125</ele>
        <time>2026-09-05T19:53:31.000Z</time>
        <extensions>
          <ns3:TrackPointExtension/>
        </extensions>
      </trkpt>
      <trkpt lat="43.26719432137906551361083984375" lon="-79.98832703568041324615478515625">
        <ele>164</ele>
        <time>2026-09-05T19:53:40.000Z</time>
        <extensions>
          <ns3:TrackPointExtension/>
        </extensions>
      </trkpt>
      <trkpt lat="43.26718644239008426666259765625" lon="-79.98845410533249378204345703125">
        <ele>164.1999969482421875</ele>
        <time>2026-09-05T19:53:48.000Z</time>
        <extensions>
          <ns3:TrackPointExtension/>
        </extensions>
      </trkpt>
      <trkpt lat="43.2671452872455120086669921875" lon="-79.98854563571512699127197265625">
        <ele>164.399993896484375</ele>
        <time>2026-09-05T19:53:57.000Z</time>
        <extensions>
          <ns3:TrackPointExtension/>
        </extensions>
      </trkpt>
      <trkpt lat="43.26714084483683109283447265625" lon="-79.988560974597930908203125">
        <ele>164.399993896484375</ele>
        <time>2026-09-05T19:53:58.000Z</time>
        <extensions>
          <ns3:TrackPointExtension/>
        </extensions>
      </trkpt>
      <trkpt lat="43.26713782735168933868408203125" lon="-79.98866432346403598785400390625">
        <ele>164.8000030517578125</ele>
        <time>2026-09-05T19:54:05.000Z</time>
        <extensions>
          <ns3:TrackPointExtension/>
        </extensions>
      </trkpt>
      <trkpt lat="43.2671395875513553619384765625" lon="-79.988728947937488555908203125">
        <ele>164.8000030517578125</ele>
        <time>2026-09-05T19:54:08.000Z</time>
        <extensions>
          <ns3:TrackPointExtension/>
        </extensions>
      </trkpt>
      <trkpt lat="43.2671305350959300994873046875" lon="-79.98876725323498249053955078125">
        <ele>165</ele>
        <time>2026-09-05T19:54:11.000Z</time>
        <extensions>
          <ns3:TrackPointExtension/>
        </extensions>
      </trkpt>
      <trkpt lat="43.2671000249683856964111328125" lon="-79.98888107948005199432373046875">
        <ele>165.1999969482421875</ele>
        <time>2026-09-05T19:54:18.000Z</time>
        <extensions>
          <ns3:TrackPointExtension/>
        </extensions>
      </trkpt>
      <trkpt lat="43.2670882903039455413818359375" lon="-79.98892114497721195220947265625">
        <ele>165.1999969482421875</ele>
        <time>2026-09-05T19:54:20.000Z</time>
        <extensions>
          <ns3:TrackPointExtension/>
        </extensions>
      </trkpt>
      <trkpt lat="43.26704420149326324462890625" lon="-79.98900932259857654571533203125">
        <ele>165.600006103515625</ele>
        <time>2026-09-05T19:54:27.000Z</time>
        <extensions>
          <ns3:TrackPointExtension/>
        </extensions>
      </trkpt>
      <trkpt lat="43.26697320677340030670166015625" lon="-79.9891093187034130096435546875">
        <ele>165.8000030517578125</ele>
        <time>2026-09-05T19:54:35.000Z</time>
        <extensions>
          <ns3:TrackPointExtension/>
        </extensions>
      </trkpt>
      <trkpt lat="43.26696817763149738311767578125" lon="-79.98912566341459751129150390625">
        <ele>165.8000030517578125</ele>
        <time>2026-09-05T19:54:36.000Z</time>
        <extensions>
          <ns3:TrackPointExtension/>
        </extensions>
      </trkpt>
      <trkpt lat="43.26693917624652385711669921875" lon="-79.989232532680034637451171875">
        <ele>166</ele>
        <time>2026-09-05T19:54:43.000Z</time>
        <extensions>
          <ns3:TrackPointExtension/>
        </extensions>
      </trkpt>
      <trkpt lat="43.26689592562615871429443359375" lon="-79.98939589597284793853759765625">
        <ele>166.399993896484375</ele>
        <time>2026-09-05T19:54:52.000Z</time>
        <extensions>
          <ns3:TrackPointExtension/>
        </extensions>
      </trkpt>
      <trkpt lat="43.2668646611273288726806640625" lon="-79.98951910994946956634521484375">
        <ele>166.600006103515625</ele>
        <time>2026-09-05T19:55:01.000Z</time>
        <extensions>
          <ns3:TrackPointExtension/>
        </extensions>
      </trkpt>
      <trkpt lat="43.26681512407958507537841796875" lon="-79.98961432836949825286865234375">
        <ele>166.8000030517578125</ele>
        <time>2026-09-05T19:55:10.000Z</time>
        <extensions>
          <ns3:TrackPointExtension/>
        </extensions>
      </trkpt>
      <trkpt lat="43.26678729616105556488037109375" lon="-79.98966847546398639678955078125">
        <ele>166.8000030517578125</ele>
        <time>2026-09-05T19:55:15.000Z</time>
        <extensions>
          <ns3:TrackPointExtension/>
        </extensions>
      </trkpt>
      <trkpt lat="43.26676147989928722381591796875" lon="-79.98970619402825832366943359375">
        <ele>167</ele>
        <time>2026-09-05T19:55:18.000Z</time>
        <extensions>
          <ns3:TrackPointExtension/>
        </extensions>
      </trkpt>
      <trkpt lat="43.2667506672441959381103515625" lon="-79.98971625231206417083740234375">
        <ele>167</ele>
        <time>2026-09-05T19:55:19.000Z</time>
        <extensions>
          <ns3:TrackPointExtension/>
        </extensions>
      </trkpt>
      <trkpt lat="43.2666795887053012847900390625" lon="-79.9897939525544643402099609375">
        <ele>167</ele>
        <time>2026-09-05T19:55:25.000Z</time>
        <extensions>
          <ns3:TrackPointExtension/>
        </extensions>
      </trkpt>
      <trkpt lat="43.2666490785777568817138671875" lon="-79.98990551568567752838134765625">
        <ele>167</ele>
        <time>2026-09-05T19:55:31.000Z</time>
        <extensions>
          <ns3:TrackPointExtension/>
        </extensions>
      </trkpt>
      <trkpt lat="43.2666279561817646026611328125" lon="-79.99000878073275089263916015625">
        <ele>167</ele>
        <time>2026-09-05T19:55:38.000Z</time>
        <extensions>
          <ns3:TrackPointExtension/>
        </extensions>
      </trkpt>
      <trkpt lat="43.26662284322082996368408203125" lon="-79.9901520274579524993896484375">
        <ele>167</ele>
        <time>2026-09-05T19:55:46.000Z</time>
        <extensions>
          <ns3:TrackPointExtension/>
        </extensions>
      </trkpt>
      <trkpt lat="43.2666157186031341552734375" lon="-79.99026828445494174957275390625">
        <ele>167</ele>
        <time>2026-09-05T19:55:54.000Z</time>
        <extensions>
          <ns3:TrackPointExtension/>
        </extensions>
      </trkpt>
      <trkpt lat="43.26655201613903045654296875" lon="-79.99038177542388439178466796875">
        <ele>167</ele>
        <time>2026-09-05T19:56:03.000Z</time>
        <extensions>
          <ns3:TrackPointExtension/>
        </extensions>
      </trkpt>
      <trkpt lat="43.2664655148983001708984375" lon="-79.9904802627861499786376953125">
        <ele>167.1999969482421875</ele>
        <time>2026-09-05T19:56:11.000Z</time>
        <extensions>
          <ns3:TrackPointExtension/>
        </extensions>
      </trkpt>
      <trkpt lat="43.2664177380502223968505859375" lon="-79.99051840044558048248291015625">
        <ele>167.399993896484375</ele>
        <time>2026-09-05T19:56:18.000Z</time>
        <extensions>
          <ns3:TrackPointExtension/>
        </extensions>
      </trkpt>
      <trkpt lat="43.26636300422251224517822265625" lon="-79.99056123197078704833984375">
        <ele>167.399993896484375</ele>
        <time>2026-09-05T19:56:24.000Z</time>
        <extensions>
          <ns3:TrackPointExtension/>
        </extensions>
      </trkpt>
      <trkpt lat="43.26632142998278141021728515625" lon="-79.99060205183923244476318359375">
        <ele>167.399993896484375</ele>
        <time>2026-09-05T19:56:28.000Z</time>
        <extensions>
          <ns3:TrackPointExtension/>
        </extensions>
      </trkpt>
      <trkpt lat="43.2662903331220149993896484375" lon="-79.990654774010181427001953125">
        <ele>167.399993896484375</ele>
        <time>2026-09-05T19:56:35.000Z</time>
        <extensions>
          <ns3:TrackPointExtension/>
        </extensions>
      </trkpt>
      <trkpt lat="43.26623643748462200164794921875" lon="-79.99071017839014530181884765625">
        <ele>167.1999969482421875</ele>
        <time>2026-09-05T19:56:43.000Z</time>
        <extensions>
          <ns3:TrackPointExtension/>
        </extensions>
      </trkpt>
      <trkpt lat="43.26613971032202243804931640625" lon="-79.9907903932034969329833984375">
        <ele>167.1999969482421875</ele>
        <time>2026-09-05T19:56:56.000Z</time>
        <extensions>
          <ns3:TrackPointExtension/>
        </extensions>
      </trkpt>
      <trkpt lat="43.26610635034739971160888671875" lon="-79.990908913314342498779296875">
        <ele>167.1999969482421875</ele>
        <time>2026-09-05T19:57:07.000Z</time>
        <extensions>
          <ns3:TrackPointExtension/>
        </extensions>
      </trkpt>
      <trkpt lat="43.26607684604823589324951171875" lon="-79.99106758274137973785400390625">
        <ele>166.8000030517578125</ele>
        <time>2026-09-05T19:57:21.000Z</time>
        <extensions>
          <ns3:TrackPointExtension/>
        </extensions>
      </trkpt>
      <trkpt lat="43.26605379581451416015625" lon="-79.99124192632734775543212890625">
        <ele>166</ele>
        <time>2026-09-05T19:57:38.000Z</time>
        <extensions>
          <ns3:TrackPointExtension/>
        </extensions>
      </trkpt>
      <trkpt lat="43.26605287380516529083251953125" lon="-79.991258941590785980224609375">
        <ele>165.8000030517578125</ele>
        <time>2026-09-05T19:57:39.000Z</time>
        <extensions>
          <ns3:TrackPointExtension/>
        </extensions>
      </trkpt>
      <trkpt lat="43.2660578191280364990234375" lon="-79.9913204647600650787353515625">
        <ele>165.600006103515625</ele>
        <time>2026-09-05T19:57:43.000Z</time>
        <extensions>
          <ns3:TrackPointExtension/>
        </extensions>
      </trkpt>
      <trkpt lat="43.266107104718685150146484375" lon="-79.99146052636206150054931640625">
        <ele>165</ele>
        <time>2026-09-05T19:57:51.000Z</time>
        <extensions>
          <ns3:TrackPointExtension/>
        </extensions>
      </trkpt>
      <trkpt lat="43.2661223597824573516845703125" lon="-79.991480894386768341064453125">
        <ele>164.8000030517578125</ele>
        <time>2026-09-05T19:57:53.000Z</time>
        <extensions>
          <ns3:TrackPointExtension/>
        </extensions>
      </trkpt>
      <trkpt lat="43.266111798584461212158203125" lon="-79.9916161783039569854736328125">
        <ele>164.1999969482421875</ele>
        <time>2026-09-05T19:58:01.000Z</time>
        <extensions>
          <ns3:TrackPointExtension/>
        </extensions>
      </trkpt>
      <trkpt lat="43.26607500202953815460205078125" lon="-79.99171793460845947265625">
        <ele>163.8000030517578125</ele>
        <time>2026-09-05T19:58:09.000Z</time>
        <extensions>
          <ns3:TrackPointExtension/>
        </extensions>
      </trkpt>
      <trkpt lat="43.2660325057804584503173828125" lon="-79.9917650409042835235595703125">
        <ele>163.600006103515625</ele>
        <time>2026-09-05T19:58:14.000Z</time>
        <extensions>
          <ns3:TrackPointExtension/>
        </extensions>
      </trkpt>
      <trkpt lat="43.26597425155341625213623046875" lon="-79.99195153824985027313232421875">
        <ele>162.8000030517578125</ele>
        <time>2026-09-05T19:58:29.000Z</time>
        <extensions>
          <ns3:TrackPointExtension/>
        </extensions>
      </trkpt>
      <trkpt lat="43.2659007422626018524169921875" lon="-79.99209620989859104156494140625">
        <ele>162.399993896484375</ele>
        <time>2026-09-05T19:58:41.000Z</time>
        <extensions>
          <ns3:TrackPointExtension/>
        </extensions>
      </trkpt>
      <trkpt lat="43.265850953757762908935546875" lon="-79.99233593232929706573486328125">
        <ele>162.1999969482421875</ele>
        <time>2026-09-05T19:58:54.000Z</time>
        <extensions>
          <ns3:TrackPointExtension/>
        </extensions>
      </trkpt>
      <trkpt lat="43.2657646201550960540771484375" lon="-79.9925412051379680633544921875">
        <ele>161.8000030517578125</ele>
        <time>2026-09-05T19:59:07.000Z</time>
        <extensions>
          <ns3:TrackPointExtension/>
        </extensions>
      </trkpt>
      <trkpt lat="43.2657587528228759765625" lon="-79.99255277216434478759765625">
        <ele>161.600006103515625</ele>
        <time>2026-09-05T19:59:08.000Z</time>
        <extensions>
          <ns3:TrackPointExtension/>
        </extensions>
      </trkpt>
      <trkpt lat="43.26565020717680454254150390625" lon="-79.9927289597690105438232421875">
        <ele>161.1999969482421875</ele>
        <time>2026-09-05T19:59:23.000Z</time>
        <extensions>
          <ns3:TrackPointExtension/>
        </extensions>
      </trkpt>
      <trkpt lat="43.2655999995768070220947265625" lon="-79.9928734637796878814697265625">
        <ele>161</ele>
        <time>2026-09-05T19:59:34.000Z</time>
        <extensions>
          <ns3:TrackPointExtension/>
        </extensions>
      </trkpt>
      <trkpt lat="43.26560058631002902984619140625" lon="-79.992894418537616729736328125">
        <ele>161</ele>
        <time>2026-09-05T19:59:35.000Z</time>
        <extensions>
          <ns3:TrackPointExtension/>
        </extensions>
      </trkpt>
      <trkpt lat="43.265590779483318328857421875" lon="-79.99312098138034343719482421875">
        <ele>160.8000030517578125</ele>
        <time>2026-09-05T19:59:50.000Z</time>
        <extensions>
          <ns3:TrackPointExtension/>
        </extensions>
      </trkpt>
      <trkpt lat="43.265585415065288543701171875" lon="-79.9931515753269195556640625">
        <ele>160.8000030517578125</ele>
        <time>2026-09-05T19:59:52.000Z</time>
        <extensions>
          <ns3:TrackPointExtension/>
        </extensions>
      </trkpt>
      <trkpt lat="43.2655215449631214141845703125" lon="-79.993308484554290771484375">
        <ele>160.8000030517578125</ele>
        <time>2026-09-05T20:00:05.000Z</time>
        <extensions>
          <ns3:TrackPointExtension/>
        </extensions>
      </trkpt>
      <trkpt lat="43.265450634062290191650390625" lon="-79.9934390746057033538818359375">
        <ele>161</ele>
        <time>2026-09-05T20:00:18.000Z</time>
        <extensions>
          <ns3:TrackPointExtension/>
        </extensions>
      </trkpt>
      <trkpt lat="43.26538919471204280853271484375" lon="-79.99354125000536441802978515625">
        <ele>161.399993896484375</ele>
        <time>2026-09-05T20:00:30.000Z</time>
        <extensions>
          <ns3:TrackPointExtension/>
        </extensions>
      </trkpt>
      <trkpt lat="43.26530487276613712310791015625" lon="-79.9937414936721324920654296875">
        <ele>161.399993896484375</ele>
        <time>2026-09-05T20:00:48.000Z</time>
        <extensions>
          <ns3:TrackPointExtension/>
        </extensions>
      </trkpt>
      <trkpt lat="43.265268914401531219482421875" lon="-79.99379069544374942779541015625">
        <ele>161.399993896484375</ele>
        <time>2026-09-05T20:00:52.000Z</time>
        <extensions>
          <ns3:TrackPointExtension/>
        </extensions>
      </trkpt>
      <trkpt lat="43.2652127556502819061279296875" lon="-79.99390921555459499359130859375">
        <ele>161.399993896484375</ele>
        <time>2026-09-05T20:01:01.000Z</time>
        <extensions>
          <ns3:TrackPointExtension/>
        </extensions>
      </trkpt>
      <trkpt lat="43.26510605402290821075439453125" lon="-79.99407635070383548736572265625">
        <ele>161.399993896484375</ele>
        <time>2026-09-05T20:01:13.000Z</time>
        <extensions>
          <ns3:TrackPointExtension/>
        </extensions>
      </trkpt>
      <trkpt lat="43.2649887911975383758544921875" lon="-79.9942350201308727264404296875">
        <ele>161.399993896484375</ele>
        <time>2026-09-05T20:01:27.000Z</time>
        <extensions>
          <ns3:TrackPointExtension/>
        </extensions>
      </trkpt>
      <trkpt lat="43.264856524765491485595703125" lon="-79.994328729808330535888671875">
        <ele>161.399993896484375</ele>
        <time>2026-09-05T20:01:40.000Z</time>
        <extensions>
          <ns3:TrackPointExtension/>
        </extensions>
      </trkpt>
      <trkpt lat="43.26471881009638309478759765625" lon="-79.99441799707710742950439453125">
        <ele>161.1999969482421875</ele>
        <time>2026-09-05T20:01:55.000Z</time>
        <extensions>
          <ns3:TrackPointExtension/>
        </extensions>
      </trkpt>
      <trkpt lat="43.264664076268672943115234375" lon="-79.99458479695022106170654296875">
        <ele>161.1999969482421875</ele>
        <time>2026-09-05T20:02:08.000Z</time>
        <extensions>
          <ns3:TrackPointExtension/>
        </extensions>
      </trkpt>
      <trkpt lat="43.2646228373050689697265625" lon="-79.9946990422904491424560546875">
        <ele>161.1999969482421875</ele>
        <time>2026-09-05T20:02:15.000Z</time>
        <extensions>
          <ns3:TrackPointExtension/>
        </extensions>
      </trkpt>
      <trkpt lat="43.26460330747067928314208984375" lon="-79.994815550744533538818359375">
        <ele>161.1999969482421875</ele>
        <time>2026-09-05T20:02:22.000Z</time>
        <extensions>
          <ns3:TrackPointExtension/>
        </extensions>
      </trkpt>
      <trkpt lat="43.2645582966506481170654296875" lon="-79.99506725929677486419677734375">
        <ele>161.1999969482421875</ele>
        <time>2026-09-05T20:02:36.000Z</time>
        <extensions>
          <ns3:TrackPointExtension/>
        </extensions>
      </trkpt>
      <trkpt lat="43.26453910209238529205322265625" lon="-79.99511855654418468475341796875">
        <ele>161.1999969482421875</ele>
        <time>2026-09-05T20:02:39.000Z</time>
        <extensions>
          <ns3:TrackPointExtension/>
        </extensions>
      </trkpt>
      <trkpt lat="43.2645100168883800506591796875" lon="-79.9953441135585308074951171875">
        <ele>161.1999969482421875</ele>
        <time>2026-09-05T20:02:51.000Z</time>
        <extensions>
          <ns3:TrackPointExtension/>
        </extensions>
      </trkpt>
      <trkpt lat="43.26448260806500911712646484375" lon="-79.9955881945788860321044921875">
        <ele>161.1999969482421875</ele>
        <time>2026-09-05T20:03:04.000Z</time>
        <extensions>
          <ns3:TrackPointExtension/>
        </extensions>
      </trkpt>
      <trkpt lat="43.2644825242459774017333984375" lon="-79.9956049583852291107177734375">
        <ele>161.1999969482421875</ele>
        <time>2026-09-05T20:03:05.000Z</time>
        <extensions>
          <ns3:TrackPointExtension/>
        </extensions>
      </trkpt>
      <trkpt lat="43.26444790698587894439697265625" lon="-79.995780475437641143798828125">
        <ele>161.1999969482421875</ele>
        <time>2026-09-05T20:03:16.000Z</time>
        <extensions>
          <ns3:TrackPointExtension/>
        </extensions>
      </trkpt>
      <trkpt lat="43.26441806741058826446533203125" lon="-79.9959603510797023773193359375">
        <ele>161.1999969482421875</ele>
        <time>2026-09-05T20:03:28.000Z</time>
        <extensions>
          <ns3:TrackPointExtension/>
        </extensions>
      </trkpt>
      <trkpt lat="43.2643973641097545623779296875" lon="-79.9961313419044017791748046875">
        <ele>161.399993896484375</ele>
        <time>2026-09-05T20:03:42.000Z</time>
        <extensions>
          <ns3:TrackPointExtension/>
        </extensions>
      </trkpt>
      <trkpt lat="43.2643197476863861083984375" lon="-79.99632270075380802154541015625">
        <ele>161.600006103515625</ele>
        <time>2026-09-05T20:03:58.000Z</time>
        <extensions>
          <ns3:TrackPointExtension/>
        </extensions>
      </trkpt>
      <trkpt lat="43.26428328640758991241455078125" lon="-79.99649570323526859283447265625">
        <ele>161.8000030517578125</ele>
        <time>2026-09-05T20:04:09.000Z</time>
        <extensions>
          <ns3:TrackPointExtension/>
        </extensions>
      </trkpt>
      <trkpt lat="43.264279849827289581298828125" lon="-79.99650609679520130157470703125">
        <ele>161.8000030517578125</ele>
        <time>2026-09-05T20:04:10.000Z</time>
        <extensions>
          <ns3:TrackPointExtension/>
        </extensions>
      </trkpt>
      <trkpt lat="43.26425109989941120147705078125" lon="-79.99668815173208713531494140625">
        <ele>162.1999969482421875</ele>
        <time>2026-09-05T20:04:24.000Z</time>
        <extensions>
          <ns3:TrackPointExtension/>
        </extensions>
      </trkpt>
      <trkpt lat="43.2641596533358097076416015625" lon="-79.99686819501221179962158203125">
        <ele>162.600006103515625</ele>
        <time>2026-09-05T20:04:39.000Z</time>
        <extensions>
          <ns3:TrackPointExtension/>
        </extensions>
      </trkpt>
      <trkpt lat="43.26412654481828212738037109375" lon="-79.9969822727143764495849609375">
        <ele>162.8000030517578125</ele>
        <time>2026-09-05T20:04:47.000Z</time>
        <extensions>
          <ns3:TrackPointExtension/>
        </extensions>
      </trkpt>
      <trkpt lat="43.264103494584560394287109375" lon="-79.99705678783357143402099609375">
        <ele>163</ele>
        <time>2026-09-05T20:04:55.000Z</time>
        <extensions>
          <ns3:TrackPointExtension/>
        </extensions>
      </trkpt>
      <trkpt lat="43.2640020735561847686767578125" lon="-79.99715183861553668975830078125">
        <ele>163.399993896484375</ele>
        <time>2026-09-05T20:05:08.000Z</time>
        <extensions>
          <ns3:TrackPointExtension/>
        </extensions>
      </trkpt>
      <trkpt lat="43.263969719409942626953125" lon="-79.99731092713773250579833984375">
        <ele>163.600006103515625</ele>
        <time>2026-09-05T20:05:20.000Z</time>
        <extensions>
          <ns3:TrackPointExtension/>
        </extensions>
      </trkpt>
      <trkpt lat="43.2639742456376552581787109375" lon="-79.99735660851001739501953125">
        <ele>163.8000030517578125</ele>
        <time>2026-09-05T20:05:23.000Z</time>
        <extensions>
          <ns3:TrackPointExtension/>
        </extensions>
      </trkpt>
      <trkpt lat="43.2639420591294765472412109375" lon="-79.9975383281707763671875">
        <ele>164</ele>
        <time>2026-09-05T20:05:34.000Z</time>
        <extensions>
          <ns3:TrackPointExtension/>
        </extensions>
      </trkpt>
      <trkpt lat="43.26393141411244869232177734375" lon="-79.99766196124255657196044921875">
        <ele>164.399993896484375</ele>
        <time>2026-09-05T20:05:42.000Z</time>
        <extensions>
          <ns3:TrackPointExtension/>
        </extensions>
      </trkpt>
      <trkpt lat="43.26391984708607196807861328125" lon="-79.9978083930909633636474609375">
        <ele>164.8000030517578125</ele>
        <time>2026-09-05T20:05:51.000Z</time>
        <extensions>
          <ns3:TrackPointExtension/>
        </extensions>
      </trkpt>
      <trkpt lat="43.2639216072857379913330078125" lon="-79.9978355504572391510009765625">
        <ele>164.8000030517578125</ele>
        <time>2026-09-05T20:05:53.000Z</time>
        <extensions>
          <ns3:TrackPointExtension/>
        </extensions>
      </trkpt>
      <trkpt lat="43.263857066631317138671875" lon="-79.99799086712300777435302734375">
        <ele>165.1999969482421875</ele>
        <time>2026-09-05T20:06:04.000Z</time>
        <extensions>
          <ns3:TrackPointExtension/>
        </extensions>
      </trkpt>
      <trkpt lat="43.263835944235324859619140625" lon="-79.9980063736438751220703125">
        <ele>165.1999969482421875</ele>
        <time>2026-09-05T20:06:06.000Z</time>
        <extensions>
          <ns3:TrackPointExtension/>
        </extensions>
      </trkpt>
      <trkpt lat="43.26376159675419330596923828125" lon="-79.99812112189829349517822265625">
        <ele>165.600006103515625</ele>
        <time>2026-09-05T20:06:16.000Z</time>
        <extensions>
          <ns3:TrackPointExtension/>
        </extensions>
      </trkpt>
      <trkpt lat="43.263717927038669586181640625" lon="-79.99820158816874027252197265625">
        <ele>165.8000030517578125</ele>
        <time>2026-09-05T20:06:23.000Z</time>
        <extensions>
          <ns3:TrackPointExtension/>
        </extensions>
      </trkpt>
      <trkpt lat="43.2636342756450176239013671875" lon="-79.9982774443924427032470703125">
        <ele>166</ele>
        <time>2026-09-05T20:06:34.000Z</time>
        <extensions>
          <ns3:TrackPointExtension/>
        </extensions>
      </trkpt>
      <trkpt lat="43.2635303400456905364990234375" lon="-79.998436532914638519287109375">
        <ele>166.1999969482421875</ele>
        <time>2026-09-05T20:06:47.000Z</time>
        <extensions>
          <ns3:TrackPointExtension/>
        </extensions>
      </trkpt>
      <trkpt lat="43.2634373009204864501953125" lon="-79.99861313961446285247802734375">
        <ele>166.1999969482421875</ele>
        <time>2026-09-05T20:07:02.000Z</time>
        <extensions>
          <ns3:TrackPointExtension/>
        </extensions>
      </trkpt>
      <trkpt lat="43.2633487880229949951171875" lon="-79.99875940382480621337890625">
        <ele>166.1999969482421875</ele>
        <time>2026-09-05T20:07:16.000Z</time>
        <extensions>
          <ns3:TrackPointExtension/>
        </extensions>
      </trkpt>
      <trkpt lat="43.2632637955248355865478515625" lon="-79.99893282540142536163330078125">
        <ele>166.1999969482421875</ele>
        <time>2026-09-05T20:07:30.000Z</time>
        <extensions>
          <ns3:TrackPointExtension/>
        </extensions>
      </trkpt>
      <trkpt lat="43.26321073807775974273681640625" lon="-79.99914698302745819091796875">
        <ele>166</ele>
        <time>2026-09-05T20:07:46.000Z</time>
        <extensions>
          <ns3:TrackPointExtension/>
        </extensions>
      </trkpt>
      <trkpt lat="43.26322951354086399078369140625" lon="-79.999287128448486328125">
        <ele>166</ele>
        <time>2026-09-05T20:08:01.000Z</time>
        <extensions>
          <ns3:TrackPointExtension/>
        </extensions>
      </trkpt>
      <trkpt lat="43.26323303394019603729248046875" lon="-79.999434314668178558349609375">
        <ele>166.399993896484375</ele>
        <time>2026-09-05T20:08:14.000Z</time>
        <extensions>
          <ns3:TrackPointExtension/>
        </extensions>
      </trkpt>
      <trkpt lat="43.26318576000630855560302734375" lon="-79.99958309344947338104248046875">
        <ele>166.600006103515625</ele>
        <time>2026-09-05T20:08:29.000Z</time>
        <extensions>
          <ns3:TrackPointExtension/>
        </extensions>
      </trkpt>
      <trkpt lat="43.2631323672831058502197265625" lon="-79.99968484975397586822509765625">
        <ele>166.8000030517578125</ele>
        <time>2026-09-05T20:08:38.000Z</time>
        <extensions>
          <ns3:TrackPointExtension/>
        </extensions>
      </trkpt>
      <trkpt lat="43.263065814971923828125" lon="-79.99977436847984790802001953125">
        <ele>167</ele>
        <time>2026-09-05T20:08:44.000Z</time>
        <extensions>
          <ns3:TrackPointExtension/>
        </extensions>
      </trkpt>
      <trkpt lat="43.26295726932585239410400390625" lon="-79.999816529452800750732421875">
        <ele>167</ele>
        <time>2026-09-05T20:08:55.000Z</time>
        <extensions>
          <ns3:TrackPointExtension/>
        </extensions>
      </trkpt>
      <trkpt lat="43.26282969675958156585693359375" lon="-79.9998542480170726776123046875">
        <ele>167.1999969482421875</ele>
        <time>2026-09-05T20:09:10.000Z</time>
        <extensions>
          <ns3:TrackPointExtension/>
        </extensions>
      </trkpt>
      <trkpt lat="43.26265317387878894805908203125" lon="-79.9999134242534637451171875">
        <ele>167.1999969482421875</ele>
        <time>2026-09-05T20:09:26.000Z</time>
        <extensions>
          <ns3:TrackPointExtension/>
        </extensions>
      </trkpt>
      <trkpt lat="43.262462317943572998046875" lon="-79.999939240515232086181640625">
        <ele>167.1999969482421875</ele>
        <time>2026-09-05T20:09:39.000Z</time>
        <extensions>
          <ns3:TrackPointExtension/>
        </extensions>
      </trkpt>
      <trkpt lat="43.26245200820267200469970703125" lon="-79.99994502402842044830322265625">
        <ele>167</ele>
        <time>2026-09-05T20:09:40.000Z</time>
        <extensions>
          <ns3:TrackPointExtension/>
        </extensions>
      </trkpt>
      <trkpt lat="43.262262158095836639404296875" lon="-79.9999628774821758270263671875">
        <ele>166.8000030517578125</ele>
        <time>2026-09-05T20:09:55.000Z</time>
        <extensions>
          <ns3:TrackPointExtension/>
        </extensions>
      </trkpt>
      <trkpt lat="43.262078426778316497802734375" lon="-79.9998921342194080352783203125">
        <ele>166.399993896484375</ele>
        <time>2026-09-05T20:10:10.000Z</time>
        <extensions>
          <ns3:TrackPointExtension/>
        </extensions>
      </trkpt>
      <trkpt lat="43.26192277483642101287841796875" lon="-79.99986941926181316375732421875">
        <ele>166.1999969482421875</ele>
        <time>2026-09-05T20:10:23.000Z</time>
        <extensions>
          <ns3:TrackPointExtension/>
        </extensions>
      </trkpt>
      <trkpt lat="43.2617689669132232666015625" lon="-79.9997954070568084716796875">
        <ele>166.1999969482421875</ele>
        <time>2026-09-05T20:10:40.000Z</time>
        <extensions>
          <ns3:TrackPointExtension/>
        </extensions>
      </trkpt>
      <trkpt lat="43.2615897618234157562255859375" lon="-79.99971301294863224029541015625">
        <ele>166.399993896484375</ele>
        <time>2026-09-05T20:10:55.000Z</time>
        <extensions>
          <ns3:TrackPointExtension/>
        </extensions>
      </trkpt>
      <trkpt lat="43.2615790329873561859130859375" lon="-79.9997060559689998626708984375">
        <ele>166.399993896484375</ele>
        <time>2026-09-05T20:10:56.000Z</time>
        <extensions>
          <ns3:TrackPointExtension/>
        </extensions>
      </trkpt>
      <trkpt lat="43.26140929944813251495361328125" lon="-79.9996373243629932403564453125">
        <ele>167</ele>
        <time>2026-09-05T20:11:13.000Z</time>
        <extensions>
          <ns3:TrackPointExtension/>
        </extensions>
      </trkpt>
      <trkpt lat="43.26127619482576847076416015625" lon="-79.9996064789593219757080078125">
        <ele>167.8000030517578125</ele>
        <time>2026-09-05T20:11:27.000Z</time>
        <extensions>
          <ns3:TrackPointExtension/>
        </extensions>
      </trkpt>
      <trkpt lat="43.26113303191959857940673828125" lon="-79.9995699338614940643310546875">
        <ele>169</ele>
        <time>2026-09-05T20:11:41.000Z</time>
        <extensions>
          <ns3:TrackPointExtension/>
        </extensions>
      </trkpt>
      <trkpt lat="43.26111392118036746978759765625" lon="-79.99956616200506687164306640625">
        <ele>169</ele>
        <time>2026-09-05T20:11:43.000Z</time>
        <extensions>
          <ns3:TrackPointExtension/>
        </extensions>
      </trkpt>
      <trkpt lat="43.2609869353473186492919921875" lon="-79.99953783117234706878662109375">
        <ele>170</ele>
        <time>2026-09-05T20:11:55.000Z</time>
        <extensions>
          <ns3:TrackPointExtension/>
        </extensions>
      </trkpt>
      <trkpt lat="43.26092951931059360504150390625" lon="-79.99951670877635478973388671875">
        <ele>170.399993896484375</ele>
        <time>2026-09-05T20:12:00.000Z</time>
        <extensions>
          <ns3:TrackPointExtension/>
        </extensions>
      </trkpt>
      <trkpt lat="43.26083430089056491851806640625" lon="-79.99950815923511981964111328125">
        <ele>171</ele>
        <time>2026-09-05T20:12:09.000Z</time>
        <extensions>
          <ns3:TrackPointExtension/>
        </extensions>
      </trkpt>
      <trkpt lat="43.26076372526586055755615234375" lon="-79.99950346536934375762939453125">
        <ele>171.399993896484375</ele>
        <time>2026-09-05T20:12:16.000Z</time>
        <extensions>
          <ns3:TrackPointExtension/>
        </extensions>
      </trkpt>
      <trkpt lat="43.26069214381277561187744140625" lon="-79.9994968436658382415771484375">
        <ele>172</ele>
        <time>2026-09-05T20:12:23.000Z</time>
        <extensions>
          <ns3:TrackPointExtension/>
        </extensions>
      </trkpt>
      <trkpt lat="43.2606198079884052276611328125" lon="-79.99948603101074695587158203125">
        <ele>172.600006103515625</ele>
        <time>2026-09-05T20:12:30.000Z</time>
        <extensions>
          <ns3:TrackPointExtension/>
        </extensions>
      </trkpt>
      <trkpt lat="43.26054059900343418121337890625" lon="-79.99946742318570613861083984375">
        <ele>173</ele>
        <time>2026-09-05T20:12:37.000Z</time>
        <extensions>
          <ns3:TrackPointExtension/>
        </extensions>
      </trkpt>
      <trkpt lat="43.26047136448323726654052734375" lon="-79.99942727386951446533203125">
        <ele>173.8000030517578125</ele>
        <time>2026-09-05T20:12:47.000Z</time>
        <extensions>
          <ns3:TrackPointExtension/>
        </extensions>
      </trkpt>
      <trkpt lat="43.26043113134801387786865234375" lon="-79.9993877112865447998046875">
        <ele>174</ele>
        <time>2026-09-05T20:12:52.000Z</time>
        <extensions>
          <ns3:TrackPointExtension/>
        </extensions>
      </trkpt>
      <trkpt lat="43.2602912373840808868408203125" lon="-79.99928637407720088958740234375">
        <ele>174.600006103515625</ele>
        <time>2026-09-05T20:13:04.000Z</time>
        <extensions>
          <ns3:TrackPointExtension/>
        </extensions>
      </trkpt>
      <trkpt lat="43.26011898927390575408935546875" lon="-79.999260641634464263916015625">
        <ele>174.600006103515625</ele>
        <time>2026-09-05T20:13:19.000Z</time>
        <extensions>
          <ns3:TrackPointExtension/>
        </extensions>
      </trkpt>
      <trkpt lat="43.259938023984432220458984375" lon="-79.999214373528957366943359375">
        <ele>174.600006103515625</ele>
        <time>2026-09-05T20:13:33.000Z</time>
        <extensions>
          <ns3:TrackPointExtension/>
        </extensions>
      </trkpt>
      <trkpt lat="43.2599264569580554962158203125" lon="-79.99921026639640331268310546875">
        <ele>174.600006103515625</ele>
        <time>2026-09-05T20:13:34.000Z</time>
        <extensions>
          <ns3:TrackPointExtension/>
        </extensions>
      </trkpt>
      <trkpt lat="43.25974884442985057830810546875" lon="-79.99916366301476955413818359375">
        <ele>174.399993896484375</ele>
        <time>2026-09-05T20:13:48.000Z</time>
        <extensions>
          <ns3:TrackPointExtension/>
        </extensions>
      </trkpt>
      <trkpt lat="43.259738869965076446533203125" lon="-79.99916533939540386199951171875">
        <ele>174.399993896484375</ele>
        <time>2026-09-05T20:13:49.000Z</time>
        <extensions>
          <ns3:TrackPointExtension/>
        </extensions>
      </trkpt>
      <trkpt lat="43.2595546357333660125732421875" lon="-79.99916483648121356964111328125">
        <ele>174</ele>
        <time>2026-09-05T20:14:05.000Z</time>
        <extensions>
          <ns3:TrackPointExtension/>
        </extensions>
      </trkpt>
      <trkpt lat="43.2595432363450527191162109375" lon="-79.99915997497737407684326171875">
        <ele>174</ele>
        <time>2026-09-05T20:14:06.000Z</time>
        <extensions>
          <ns3:TrackPointExtension/>
        </extensions>
      </trkpt>
      <trkpt lat="43.25940929353237152099609375" lon="-79.99911747872829437255859375">
        <ele>173.1999969482421875</ele>
        <time>2026-09-05T20:14:21.000Z</time>
        <extensions>
          <ns3:TrackPointExtension/>
        </extensions>
      </trkpt>
      <trkpt lat="43.259393535554409027099609375" lon="-79.99911345541477203369140625">
        <ele>173</ele>
        <time>2026-09-05T20:14:23.000Z</time>
        <extensions>
          <ns3:TrackPointExtension/>
        </extensions>
      </trkpt>
      <trkpt lat="43.25923117808997631072998046875" lon="-79.99905134551227092742919921875">
        <ele>172</ele>
        <time>2026-09-05T20:14:36.000Z</time>
        <extensions>
          <ns3:TrackPointExtension/>
        </extensions>
      </trkpt>
      <trkpt lat="43.25919882394373416900634765625" lon="-79.99904380179941654205322265625">
        <ele>171.8000030517578125</ele>
        <time>2026-09-05T20:14:38.000Z</time>
        <extensions>
          <ns3:TrackPointExtension/>
        </extensions>
      </trkpt>
      <trkpt lat="43.2590818963944911956787109375" lon="-79.99901664443314075469970703125">
        <ele>171</ele>
        <time>2026-09-05T20:14:47.000Z</time>
        <extensions>
          <ns3:TrackPointExtension/>
        </extensions>
      </trkpt>
      <trkpt lat="43.25902414508163928985595703125" lon="-79.99900809489190578460693359375">
        <ele>170.399993896484375</ele>
        <time>2026-09-05T20:14:53.000Z</time>
        <extensions>
          <ns3:TrackPointExtension/>
        </extensions>
      </trkpt>
      <trkpt lat="43.25898340903222560882568359375" lon="-79.99899141490459442138671875">
        <ele>170</ele>
        <time>2026-09-05T20:14:57.000Z</time>
        <extensions>
          <ns3:TrackPointExtension/>
        </extensions>
      </trkpt>
      <trkpt lat="43.258904702961444854736328125" lon="-79.9989386089146137237548828125">
        <ele>169.1999969482421875</ele>
        <time>2026-09-05T20:15:04.000Z</time>
        <extensions>
          <ns3:TrackPointExtension/>
        </extensions>
      </trkpt>
      <trkpt lat="43.25886203907430171966552734375" lon="-79.99891899526119232177734375">
        <ele>169</ele>
        <time>2026-09-05T20:15:07.000Z</time>
        <extensions>
          <ns3:TrackPointExtension/>
        </extensions>
      </trkpt>
      <trkpt lat="43.2587568461894989013671875" lon="-79.998878426849842071533203125">
        <ele>167.8000030517578125</ele>
        <time>2026-09-05T20:15:17.000Z</time>
        <extensions>
          <ns3:TrackPointExtension/>
        </extensions>
      </trkpt>
      <trkpt lat="43.258750140666961669921875" lon="-79.9988705478608608245849609375">
        <ele>167.8000030517578125</ele>
        <time>2026-09-05T20:15:18.000Z</time>
        <extensions>
          <ns3:TrackPointExtension/>
        </extensions>
      </trkpt>
      <trkpt lat="43.258658610284328460693359375" lon="-79.9988075159490108489990234375">
        <ele>166.8000030517578125</ele>
        <time>2026-09-05T20:15:27.000Z</time>
        <extensions>
          <ns3:TrackPointExtension/>
        </extensions>
      </trkpt>
      <trkpt lat="43.2585930638015270233154296875" lon="-79.99878354370594024658203125">
        <ele>166.399993896484375</ele>
        <time>2026-09-05T20:15:31.000Z</time>
        <extensions>
          <ns3:TrackPointExtension/>
        </extensions>
      </trkpt>
      <trkpt lat="43.25851268135011196136474609375" lon="-79.9987652711570262908935546875">
        <ele>165.8000030517578125</ele>
        <time>2026-09-05T20:15:37.000Z</time>
        <extensions>
          <ns3:TrackPointExtension/>
        </extensions>
      </trkpt>
      <trkpt lat="43.25838527642190456390380859375" lon="-79.998720847070217132568359375">
        <ele>165</ele>
        <time>2026-09-05T20:15:46.000Z</time>
        <extensions>
          <ns3:TrackPointExtension/>
        </extensions>
      </trkpt>
      <trkpt lat="43.25834051705896854400634765625" lon="-79.998699724674224853515625">
        <ele>164.600006103515625</ele>
        <time>2026-09-05T20:15:49.000Z</time>
        <extensions>
          <ns3:TrackPointExtension/>
        </extensions>
      </trkpt>
      <trkpt lat="43.2581533491611480712890625" lon="-79.99869008548557758331298828125">
        <ele>163.600006103515625</ele>
        <time>2026-09-05T20:16:02.000Z</time>
        <extensions>
          <ns3:TrackPointExtension/>
        </extensions>
      </trkpt>
      <trkpt lat="43.2581399381160736083984375" lon="-79.99868606217205524444580078125">
        <ele>163.600006103515625</ele>
        <time>2026-09-05T20:16:03.000Z</time>
        <extensions>
          <ns3:TrackPointExtension/>
        </extensions>
      </trkpt>
      <trkpt lat="43.2579803466796875" lon="-79.99861699528992176055908203125">
        <ele>162.8000030517578125</ele>
        <time>2026-09-05T20:16:16.000Z</time>
        <extensions>
          <ns3:TrackPointExtension/>
        </extensions>
      </trkpt>
      <trkpt lat="43.25793935917317867279052734375" lon="-79.998608529567718505859375">
        <ele>162.600006103515625</ele>
        <time>2026-09-05T20:16:19.000Z</time>
        <extensions>
          <ns3:TrackPointExtension/>
        </extensions>
      </trkpt>
      <trkpt lat="43.25776644051074981689453125" lon="-79.998567961156368255615234375">
        <ele>161.8000030517578125</ele>
        <time>2026-09-05T20:16:32.000Z</time>
        <extensions>
          <ns3:TrackPointExtension/>
        </extensions>
      </trkpt>
      <trkpt lat="43.2576821185648441314697265625" lon="-79.998565278947353363037109375">
        <ele>161.600006103515625</ele>
        <time>2026-09-05T20:16:38.000Z</time>
        <extensions>
          <ns3:TrackPointExtension/>
        </extensions>
      </trkpt>
      <trkpt lat="43.25753979384899139404296875" lon="-79.9985453300178050994873046875">
        <ele>161.1999969482421875</ele>
        <time>2026-09-05T20:16:48.000Z</time>
        <extensions>
          <ns3:TrackPointExtension/>
        </extensions>
      </trkpt>
      <trkpt lat="43.2573921047151088714599609375" lon="-79.99851775355637073516845703125">
        <ele>160.8000030517578125</ele>
        <time>2026-09-05T20:17:01.000Z</time>
        <extensions>
          <ns3:TrackPointExtension/>
        </extensions>
      </trkpt>
      <trkpt lat="43.25725304894149303436279296875" lon="-79.9984330125153064727783203125">
        <ele>160.600006103515625</ele>
        <time>2026-09-05T20:17:18.000Z</time>
        <extensions>
          <ns3:TrackPointExtension/>
        </extensions>
      </trkpt>
      <trkpt lat="43.25708272866904735565185546875" lon="-79.99835179187357425689697265625">
        <ele>160.600006103515625</ele>
        <time>2026-09-05T20:17:32.000Z</time>
        <extensions>
          <ns3:TrackPointExtension/>
        </extensions>
      </trkpt>
      <trkpt lat="43.25705322436988353729248046875" lon="-79.998341314494609832763671875">
        <ele>160.600006103515625</ele>
        <time>2026-09-05T20:17:35.000Z</time>
        <extensions>
          <ns3:TrackPointExtension/>
        </extensions>
      </trkpt>
      <trkpt lat="43.2568881846964359283447265625" lon="-79.9983255565166473388671875">
        <ele>160.8000030517578125</ele>
        <time>2026-09-05T20:17:49.000Z</time>
        <extensions>
          <ns3:TrackPointExtension/>
        </extensions>
      </trkpt>
      <trkpt lat="43.256706297397613525390625" lon="-79.99830133281648159027099609375">
        <ele>161.1999969482421875</ele>
        <time>2026-09-05T20:18:06.000Z</time>
        <extensions>
          <ns3:TrackPointExtension/>
        </extensions>
      </trkpt>
      <trkpt lat="43.25652868486940860748291015625" lon="-79.99824182130396366119384765625">
        <ele>161</ele>
        <time>2026-09-05T20:18:22.000Z</time>
        <extensions>
          <ns3:TrackPointExtension/>
        </extensions>
      </trkpt>
      <trkpt lat="43.25652499683201313018798828125" lon="-79.9982368759810924530029296875">
        <ele>161</ele>
        <time>2026-09-05T20:18:23.000Z</time>
        <extensions>
          <ns3:TrackPointExtension/>
        </extensions>
      </trkpt>
      <trkpt lat="43.25639440678060054779052734375" lon="-79.99820058234035968780517578125">
        <ele>160.600006103515625</ele>
        <time>2026-09-05T20:18:36.000Z</time>
        <extensions>
          <ns3:TrackPointExtension/>
        </extensions>
      </trkpt>
      <trkpt lat="43.2563401758670806884765625" lon="-79.99820544384419918060302734375">
        <ele>160.399993896484375</ele>
        <time>2026-09-05T20:18:40.000Z</time>
        <extensions>
          <ns3:TrackPointExtension/>
        </extensions>
      </trkpt>
      <trkpt lat="43.25615569017827510833740234375" lon="-79.99815163202583789825439453125">
        <ele>159.600006103515625</ele>
        <time>2026-09-05T20:18:53.000Z</time>
        <extensions>
          <ns3:TrackPointExtension/>
        </extensions>
      </trkpt>
      <trkpt lat="43.256116546690464019775390625" lon="-79.9981339462101459503173828125">
        <ele>159.600006103515625</ele>
        <time>2026-09-05T20:18:56.000Z</time>
        <extensions>
          <ns3:TrackPointExtension/>
        </extensions>
      </trkpt>
      <trkpt lat="43.25610305182635784149169921875" lon="-79.9981275759637355804443359375">
        <ele>159.399993896484375</ele>
        <time>2026-09-05T20:18:57.000Z</time>
        <extensions>
          <ns3:TrackPointExtension/>
        </extensions>
      </trkpt>
      <trkpt lat="43.2559142075479030609130859375" lon="-79.99808357097208499908447265625">
        <ele>158.600006103515625</ele>
        <time>2026-09-05T20:19:11.000Z</time>
        <extensions>
          <ns3:TrackPointExtension/>
        </extensions>
      </trkpt>
      <trkpt lat="43.25590322725474834442138671875" lon="-79.998083151876926422119140625">
        <ele>158.600006103515625</ele>
        <time>2026-09-05T20:19:12.000Z</time>
        <extensions>
          <ns3:TrackPointExtension/>
        </extensions>
      </trkpt>
      <trkpt lat="43.2558790035545825958251953125" lon="-79.9980776198208332061767578125">
        <ele>158.600006103515625</ele>
        <time>2026-09-05T20:19:14.000Z</time>
        <extensions>
          <ns3:TrackPointExtension/>
        </extensions>
      </trkpt>
      <trkpt lat="43.25576224364340305328369140625" lon="-79.99801584519445896148681640625">
        <ele>158</ele>
        <time>2026-09-05T20:19:24.000Z</time>
        <extensions>
          <ns3:TrackPointExtension/>
        </extensions>
      </trkpt>
      <trkpt lat="43.2557284645736217498779296875" lon="-79.99799774028360843658447265625">
        <ele>157.600006103515625</ele>
        <time>2026-09-05T20:19:33.000Z</time>
        <extensions>
          <ns3:TrackPointExtension/>
        </extensions>
      </trkpt>
      <trkpt lat="43.255721591413021087646484375" lon="-79.99799539335072040557861328125">
        <ele>157.399993896484375</ele>
        <time>2026-09-05T20:19:34.000Z</time>
        <extensions>
          <ns3:TrackPointExtension/>
        </extensions>
      </trkpt>
      <trkpt lat="43.25559074990451335906982421875" lon="-79.9979688227176666259765625">
        <ele>157</ele>
        <time>2026-09-05T20:19:45.000Z</time>
        <extensions>
          <ns3:TrackPointExtension/>
        </extensions>
      </trkpt>
      <trkpt lat="43.25545026920735836029052734375" lon="-79.99790553934872150421142578125">
        <ele>156.399993896484375</ele>
        <time>2026-09-05T20:19:59.000Z</time>
        <extensions>
          <ns3:TrackPointExtension/>
        </extensions>
      </trkpt>
      <trkpt lat="43.255437277257442474365234375" lon="-79.9979056231677532196044921875">
        <ele>156.399993896484375</ele>
        <time>2026-09-05T20:20:00.000Z</time>
        <extensions>
          <ns3:TrackPointExtension/>
        </extensions>
      </trkpt>
      <trkpt lat="43.25527039356529712677001953125" lon="-79.99787628650665283203125">
        <ele>155.600006103515625</ele>
        <time>2026-09-05T20:20:16.000Z</time>
        <extensions>
          <ns3:TrackPointExtension/>
        </extensions>
      </trkpt>
      <trkpt lat="43.25523619540035724639892578125" lon="-79.99786329455673694610595703125">
        <ele>155.399993896484375</ele>
        <time>2026-09-05T20:20:19.000Z</time>
        <extensions>
          <ns3:TrackPointExtension/>
        </extensions>
      </trkpt>
      <trkpt lat="43.25512186624109745025634765625" lon="-79.9978067167103290557861328125">
        <ele>154.600006103515625</ele>
        <time>2026-09-05T20:20:30.000Z</time>
        <extensions>
          <ns3:TrackPointExtension/>
        </extensions>
      </trkpt>
      <trkpt lat="43.2550746761262416839599609375" lon="-79.997787438333034515380859375">
        <ele>154.399993896484375</ele>
        <time>2026-09-05T20:20:34.000Z</time>
        <extensions>
          <ns3:TrackPointExtension/>
        </extensions>
      </trkpt>
      <trkpt lat="43.25499161146581172943115234375" lon="-79.99775449745357036590576171875">
        <ele>153.8000030517578125</ele>
        <time>2026-09-05T20:20:43.000Z</time>
        <extensions>
          <ns3:TrackPointExtension/>
        </extensions>
      </trkpt>
      <trkpt lat="43.2549479417502880096435546875" lon="-79.99772482551634311676025390625">
        <ele>153.399993896484375</ele>
        <time>2026-09-05T20:20:49.000Z</time>
        <extensions>
          <ns3:TrackPointExtension/>
        </extensions>
      </trkpt>
      <trkpt lat="43.254886753857135772705078125" lon="-79.99771870672702789306640625">
        <ele>153</ele>
        <time>2026-09-05T20:20:54.000Z</time>
        <extensions>
          <ns3:TrackPointExtension/>
        </extensions>
      </trkpt>
      <trkpt lat="43.25479530729353427886962890625" lon="-79.997831694781780242919921875">
        <ele>152.399993896484375</ele>
        <time>2026-09-05T20:21:04.000Z</time>
        <extensions>
          <ns3:TrackPointExtension/>
        </extensions>
      </trkpt>
      <trkpt lat="43.25478516519069671630859375" lon="-79.99785960651934146881103515625">
        <ele>152.1999969482421875</ele>
        <time>2026-09-05T20:21:06.000Z</time>
        <extensions>
          <ns3:TrackPointExtension/>
        </extensions>
      </trkpt>
      <trkpt lat="43.25478524900972843170166015625" lon="-79.99800142832100391387939453125">
        <ele>151.8000030517578125</ele>
        <time>2026-09-05T20:21:14.000Z</time>
        <extensions>
          <ns3:TrackPointExtension/>
        </extensions>
      </trkpt>
      <trkpt lat="43.25474493205547332763671875" lon="-79.99824165366590023040771484375">
        <ele>151.1999969482421875</ele>
        <time>2026-09-05T20:21:27.000Z</time>
        <extensions>
          <ns3:TrackPointExtension/>
        </extensions>
      </trkpt>
      <trkpt lat="43.25473931618034839630126953125" lon="-79.99829311855137348175048828125">
        <ele>151.1999969482421875</ele>
        <time>2026-09-05T20:21:30.000Z</time>
        <extensions>
          <ns3:TrackPointExtension/>
        </extensions>
      </trkpt>
      <trkpt lat="43.25471484102308750152587890625" lon="-79.9985446594655513763427734375">
        <ele>150.8000030517578125</ele>
        <time>2026-09-05T20:21:44.000Z</time>
        <extensions>
          <ns3:TrackPointExtension/>
        </extensions>
      </trkpt>
      <trkpt lat="43.254674188792705535888671875" lon="-79.9987307377159595489501953125">
        <ele>150.399993896484375</ele>
        <time>2026-09-05T20:21:57.000Z</time>
        <extensions>
          <ns3:TrackPointExtension/>
        </extensions>
      </trkpt>
      <trkpt lat="43.254630602896213531494140625" lon="-79.99886660836637020111083984375">
        <ele>150.399993896484375</ele>
        <time>2026-09-05T20:22:07.000Z</time>
        <extensions>
          <ns3:TrackPointExtension/>
        </extensions>
      </trkpt>
      <trkpt lat="43.25461895205080509185791015625" lon="-79.9991099350154399871826171875">
        <ele>150.399993896484375</ele>
        <time>2026-09-05T20:22:19.000Z</time>
        <extensions>
          <ns3:TrackPointExtension/>
        </extensions>
      </trkpt>
      <trkpt lat="43.2545992545783519744873046875" lon="-79.99928905628621578216552734375">
        <ele>150.399993896484375</ele>
        <time>2026-09-05T20:22:28.000Z</time>
        <extensions>
          <ns3:TrackPointExtension/>
        </extensions>
      </trkpt>
      <trkpt lat="43.25459363870322704315185546875" lon="-79.9994458816945552825927734375">
        <ele>150.399993896484375</ele>
        <time>2026-09-05T20:22:37.000Z</time>
        <extensions>
          <ns3:TrackPointExtension/>
        </extensions>
      </trkpt>
      <trkpt lat="43.25459514744579792022705078125" lon="-79.99954369850456714630126953125">
        <ele>150.399993896484375</ele>
        <time>2026-09-05T20:22:44.000Z</time>
        <extensions>
          <ns3:TrackPointExtension/>
        </extensions>
      </trkpt>
      <trkpt lat="43.25458559207618236541748046875" lon="-79.99955459497869014739990234375">
        <ele>150.399993896484375</ele>
        <time>2026-09-05T20:22:45.000Z</time>
        <extensions>
          <ns3:TrackPointExtension/>
        </extensions>
      </trkpt>
      <trkpt lat="43.2545104064047336578369140625" lon="-79.999601282179355621337890625">
        <ele>150.600006103515625</ele>
        <time>2026-09-05T20:22:51.000Z</time>
        <extensions>
          <ns3:TrackPointExtension/>
        </extensions>
      </trkpt>
      <trkpt lat="43.25444142334163188934326171875" lon="-79.99961343593895435333251953125">
        <ele>150.600006103515625</ele>
        <time>2026-09-05T20:22:58.000Z</time>
        <extensions>
          <ns3:TrackPointExtension/>
        </extensions>
      </trkpt>
      <trkpt lat="43.25439934618771076202392578125" lon="-79.999567084014415740966796875">
        <ele>150.8000030517578125</ele>
        <time>2026-09-05T20:23:05.000Z</time>
        <extensions>
          <ns3:TrackPointExtension/>
        </extensions>
      </trkpt>
      <trkpt lat="43.25438107363879680633544921875" lon="-79.9994961731135845184326171875">
        <ele>151</ele>
        <time>2026-09-05T20:23:13.000Z</time>
        <extensions>
          <ns3:TrackPointExtension/>
        </extensions>
      </trkpt>
      <trkpt lat="43.2543836720287799835205078125" lon="-79.99945468269288539886474609375">
        <ele>151</ele>
        <time>2026-09-05T20:23:15.000Z</time>
        <extensions>
          <ns3:TrackPointExtension/>
        </extensions>
      </trkpt>
      <trkpt lat="43.254384510219097137451171875" lon="-79.9993637390434741973876953125">
        <ele>151.1999969482421875</ele>
        <time>2026-09-05T20:23:21.000Z</time>
        <extensions>
          <ns3:TrackPointExtension/>
        </extensions>
      </trkpt>
      <trkpt lat="43.25436414219439029693603515625" lon="-79.99923742376267910003662109375">
        <ele>151.600006103515625</ele>
        <time>2026-09-05T20:23:30.000Z</time>
        <extensions>
          <ns3:TrackPointExtension/>
        </extensions>
      </trkpt>
      <trkpt lat="43.2543122582137584686279296875" lon="-79.99912284314632415771484375">
        <ele>152</ele>
        <time>2026-09-05T20:23:38.000Z</time>
        <extensions>
          <ns3:TrackPointExtension/>
        </extensions>
      </trkpt>
      <trkpt lat="43.25430630706250667572021484375" lon="-79.99907649122178554534912109375">
        <ele>152.399993896484375</ele>
        <time>2026-09-05T20:23:42.000Z</time>
        <extensions>
          <ns3:TrackPointExtension/>
        </extensions>
      </trkpt>
      <trkpt lat="43.25429557822644710540771484375" lon="-79.99904195778071880340576171875">
        <ele>152.600006103515625</ele>
        <time>2026-09-05T20:23:46.000Z</time>
        <extensions>
          <ns3:TrackPointExtension/>
        </extensions>
      </trkpt>
      <trkpt lat="43.25426079332828521728515625" lon="-79.9990113638341426849365234375">
        <ele>153</ele>
        <time>2026-09-05T20:23:52.000Z</time>
        <extensions>
          <ns3:TrackPointExtension/>
        </extensions>
      </trkpt>
      <trkpt lat="43.25422248803079128265380859375" lon="-79.99900591559708118438720703125">
        <ele>153.399993896484375</ele>
        <time>2026-09-05T20:23:57.000Z</time>
        <extensions>
          <ns3:TrackPointExtension/>
        </extensions>
      </trkpt>
      <trkpt lat="43.25420723296701908111572265625" lon="-79.9989987909793853759765625">
        <ele>153.600006103515625</ele>
        <time>2026-09-05T20:24:00.000Z</time>
        <extensions>
          <ns3:TrackPointExtension/>
        </extensions>
      </trkpt>
      <trkpt lat="43.254189379513263702392578125" lon="-79.9990106932818889617919921875">
        <ele>154.399993896484375</ele>
        <time>2026-09-05T20:24:10.000Z</time>
        <extensions>
          <ns3:TrackPointExtension/>
        </extensions>
      </trkpt>
      <trkpt lat="43.25418594293296337127685546875" lon="-79.9990190751850605010986328125">
        <ele>155</ele>
        <time>2026-09-05T20:24:18.000Z</time>
        <extensions>
          <ns3:TrackPointExtension/>
        </extensions>
      </trkpt>
      <trkpt lat="43.25417906977236270904541015625" lon="-79.9990106932818889617919921875">
        <ele>155.399993896484375</ele>
        <time>2026-09-05T20:24:24.000Z</time>
        <extensions>
          <ns3:TrackPointExtension/>
        </extensions>
      </trkpt>
      <trkpt lat="43.25416465289890766143798828125" lon="-79.999001137912273406982421875">
        <ele>155.399993896484375</ele>
        <time>2026-09-05T20:24:26.000Z</time>
        <extensions>
          <ns3:TrackPointExtension/>
        </extensions>
      </trkpt>
      <trkpt lat="43.2541456259787082672119140625" lon="-79.99899887479841709136962890625">
        <ele>156.1999969482421875</ele>
        <time>2026-09-05T20:24:36.000Z</time>
        <extensions>
          <ns3:TrackPointExtension/>
        </extensions>
      </trkpt>
      <trkpt lat="43.25412794016301631927490234375" lon="-79.99900306575000286102294921875">
        <ele>156.399993896484375</ele>
        <time>2026-09-05T20:24:40.000Z</time>
        <extensions>
          <ns3:TrackPointExtension/>
        </extensions>
      </trkpt>
      <trkpt lat="43.25410296209156513214111328125" lon="-79.9989878945052623748779296875">
        <ele>156.600006103515625</ele>
        <time>2026-09-05T20:24:44.000Z</time>
        <extensions>
          <ns3:TrackPointExtension/>
        </extensions>
      </trkpt>
      <trkpt lat="43.25403749942779541015625" lon="-79.9989610724151134490966796875">
        <ele>157.1999969482421875</ele>
        <time>2026-09-05T20:24:53.000Z</time>
        <extensions>
          <ns3:TrackPointExtension/>
        </extensions>
      </trkpt>
      <trkpt lat="43.25401805341243743896484375" lon="-79.99894849956035614013671875">
        <ele>157.399993896484375</ele>
        <time>2026-09-05T20:24:57.000Z</time>
        <extensions>
          <ns3:TrackPointExtension/>
        </extensions>
      </trkpt>
      <trkpt lat="43.25399969704449176788330078125" lon="-79.99894338659942150115966796875">
        <ele>157.600006103515625</ele>
        <time>2026-09-05T20:25:00.000Z</time>
        <extensions>
          <ns3:TrackPointExtension/>
        </extensions>
      </trkpt>
      <trkpt lat="43.253949321806430816650390625" lon="-79.99891203828155994415283203125">
        <ele>158.399993896484375</ele>
        <time>2026-09-05T20:25:09.000Z</time>
        <extensions>
          <ns3:TrackPointExtension/>
        </extensions>
      </trkpt>
      <trkpt lat="43.253935240209102630615234375" lon="-79.99890281818807125091552734375">
        <ele>158.399993896484375</ele>
        <time>2026-09-05T20:25:11.000Z</time>
        <extensions>
          <ns3:TrackPointExtension/>
        </extensions>
      </trkpt>
      <trkpt lat="43.2538847811520099639892578125" lon="-79.9989181570708751678466796875">
        <ele>158.8000030517578125</ele>
        <time>2026-09-05T20:25:16.000Z</time>
        <extensions>
          <ns3:TrackPointExtension/>
        </extensions>
      </trkpt>
      <trkpt lat="43.25383105315268039703369140625" lon="-79.99899401329457759857177734375">
        <ele>159.399993896484375</ele>
        <time>2026-09-05T20:25:23.000Z</time>
        <extensions>
          <ns3:TrackPointExtension/>
        </extensions>
      </trkpt>
      <trkpt lat="43.25381780974566936492919921875" lon="-79.99901195056736469268798828125">
        <ele>159.600006103515625</ele>
        <time>2026-09-05T20:25:26.000Z</time>
        <extensions>
          <ns3:TrackPointExtension/>
        </extensions>
      </trkpt>
      <trkpt lat="43.25377455912530422210693359375" lon="-79.9990284629166126251220703125">
        <ele>159.8000030517578125</ele>
        <time>2026-09-05T20:25:32.000Z</time>
        <extensions>
          <ns3:TrackPointExtension/>
        </extensions>
      </trkpt>
      <trkpt lat="43.25372661463916301727294921875" lon="-79.99905587173998355865478515625">
        <ele>160.1999969482421875</ele>
        <time>2026-09-05T20:25:40.000Z</time>
        <extensions>
          <ns3:TrackPointExtension/>
        </extensions>
      </trkpt>
      <trkpt lat="43.2537164725363254547119140625" lon="-79.99905872158706188201904296875">
        <ele>160.1999969482421875</ele>
        <time>2026-09-05T20:25:41.000Z</time>
        <extensions>
          <ns3:TrackPointExtension/>
        </extensions>
      </trkpt>
      <trkpt lat="43.25365888886153697967529296875" lon="-79.999048411846160888671875">
        <ele>160.1999969482421875</ele>
        <time>2026-09-05T20:25:50.000Z</time>
        <extensions>
          <ns3:TrackPointExtension/>
        </extensions>
      </trkpt>
      <trkpt lat="43.25362871401011943817138671875" lon="-79.9989832006394863128662109375">
        <ele>160.1999969482421875</ele>
        <time>2026-09-05T20:25:59.000Z</time>
        <extensions>
          <ns3:TrackPointExtension/>
        </extensions>
      </trkpt>
      <trkpt lat="43.25358713977038860321044921875" lon="-79.998897202312946319580078125">
        <ele>160</ele>
        <time>2026-09-05T20:26:10.000Z</time>
        <extensions>
          <ns3:TrackPointExtension/>
        </extensions>
      </trkpt>
      <trkpt lat="43.25351321138441562652587890625" lon="-79.998896531760692596435546875">
        <ele>159.600006103515625</ele>
        <time>2026-09-05T20:26:18.000Z</time>
        <extensions>
          <ns3:TrackPointExtension/>
        </extensions>
      </trkpt>
      <trkpt lat="43.253439031541347503662109375" lon="-79.99891757033765316009521484375">
        <ele>159</ele>
        <time>2026-09-05T20:26:26.000Z</time>
        <extensions>
          <ns3:TrackPointExtension/>
        </extensions>
      </trkpt>
      <trkpt lat="43.2533610798418521881103515625" lon="-79.99887582845985889434814453125">
        <ele>158.600006103515625</ele>
        <time>2026-09-05T20:26:34.000Z</time>
        <extensions>
          <ns3:TrackPointExtension/>
        </extensions>
      </trkpt>
      <trkpt lat="43.25335177592933177947998046875" lon="-79.99886962585151195526123046875">
        <ele>158.600006103515625</ele>
        <time>2026-09-05T20:26:35.000Z</time>
        <extensions>
          <ns3:TrackPointExtension/>
        </extensions>
      </trkpt>
      <trkpt lat="43.25329243205487728118896484375" lon="-79.99883324839174747467041015625">
        <ele>158</ele>
        <time>2026-09-05T20:26:42.000Z</time>
        <extensions>
          <ns3:TrackPointExtension/>
        </extensions>
      </trkpt>
      <trkpt lat="43.2532323338091373443603515625" lon="-79.9987578950822353363037109375">
        <ele>157.399993896484375</ele>
        <time>2026-09-05T20:26:50.000Z</time>
        <extensions>
          <ns3:TrackPointExtension/>
        </extensions>
      </trkpt>
      <trkpt lat="43.25322839431464672088623046875" lon="-79.99874892644584178924560546875">
        <ele>157.399993896484375</ele>
        <time>2026-09-05T20:26:51.000Z</time>
        <extensions>
          <ns3:TrackPointExtension/>
        </extensions>
      </trkpt>
      <trkpt lat="43.253214396536350250244140625" lon="-79.99872545711696147918701171875">
        <ele>156.8000030517578125</ele>
        <time>2026-09-05T20:26:59.000Z</time>
        <extensions>
          <ns3:TrackPointExtension/>
        </extensions>
      </trkpt>
      <trkpt lat="43.2532061822712421417236328125" lon="-79.99871506355702877044677734375">
        <ele>156.399993896484375</ele>
        <time>2026-09-05T20:27:03.000Z</time>
        <extensions>
          <ns3:TrackPointExtension/>
        </extensions>
      </trkpt>
      <trkpt lat="43.2531823776662349700927734375" lon="-79.9986915104091167449951171875">
        <ele>156.1999969482421875</ele>
        <time>2026-09-05T20:27:07.000Z</time>
        <extensions>
          <ns3:TrackPointExtension/>
        </extensions>
      </trkpt>
      <trkpt lat="43.2531327567994594573974609375" lon="-79.998643398284912109375">
        <ele>155.399993896484375</ele>
        <time>2026-09-05T20:27:15.000Z</time>
        <extensions>
          <ns3:TrackPointExtension/>
        </extensions>
      </trkpt>
      <trkpt lat="43.25305237434804439544677734375" lon="-79.99865069054067134857177734375">
        <ele>154.399993896484375</ele>
        <time>2026-09-05T20:27:25.000Z</time>
        <extensions>
          <ns3:TrackPointExtension/>
        </extensions>
      </trkpt>
      <trkpt lat="43.2530437409877777099609375" lon="-79.99864876270294189453125">
        <ele>154.399993896484375</ele>
        <time>2026-09-05T20:27:26.000Z</time>
        <extensions>
          <ns3:TrackPointExtension/>
        </extensions>
      </trkpt>
      <trkpt lat="43.2529820501804351806640625" lon="-79.99864314682781696319580078125">
        <ele>153.399993896484375</ele>
        <time>2026-09-05T20:27:34.000Z</time>
        <extensions>
          <ns3:TrackPointExtension/>
        </extensions>
      </trkpt>
      <trkpt lat="43.25297358445823192596435546875" lon="-79.99865270219743251800537109375">
        <ele>153.1999969482421875</ele>
        <time>2026-09-05T20:27:36.000Z</time>
        <extensions>
          <ns3:TrackPointExtension/>
        </extensions>
      </trkpt>
      <trkpt lat="43.2529325969517230987548828125" lon="-79.998684637248516082763671875">
        <ele>152.600006103515625</ele>
        <time>2026-09-05T20:27:42.000Z</time>
        <extensions>
          <ns3:TrackPointExtension/>
        </extensions>
      </trkpt>
      <trkpt lat="43.25290493667125701904296875" lon="-79.99869679100811481475830078125">
        <ele>152.1999969482421875</ele>
        <time>2026-09-05T20:27:46.000Z</time>
        <extensions>
          <ns3:TrackPointExtension/>
        </extensions>
      </trkpt>
      <trkpt lat="43.252879120409488677978515625" lon="-79.998687990009784698486328125">
        <ele>151.8000030517578125</ele>
        <time>2026-09-05T20:27:49.000Z</time>
        <extensions>
          <ns3:TrackPointExtension/>
        </extensions>
      </trkpt>
      <trkpt lat="43.2528591714799404144287109375" lon="-79.99867365695536136627197265625">
        <ele>151.600006103515625</ele>
        <time>2026-09-05T20:27:51.000Z</time>
        <extensions>
          <ns3:TrackPointExtension/>
        </extensions>
      </trkpt>
      <trkpt lat="43.25280209071934223175048828125" lon="-79.99865555204451084136962890625">
        <ele>151.1999969482421875</ele>
        <time>2026-09-05T20:27:56.000Z</time>
        <extensions>
          <ns3:TrackPointExtension/>
        </extensions>
      </trkpt>
      <trkpt lat="43.2527646236121654510498046875" lon="-79.99864884652197360992431640625">
        <ele>150.8000030517578125</ele>
        <time>2026-09-05T20:27:59.000Z</time>
        <extensions>
          <ns3:TrackPointExtension/>
        </extensions>
      </trkpt>
      <trkpt lat="43.2527461834251880645751953125" lon="-79.998634345829486846923828125">
        <ele>150.600006103515625</ele>
        <time>2026-09-05T20:28:01.000Z</time>
        <extensions>
          <ns3:TrackPointExtension/>
        </extensions>
      </trkpt>
      <trkpt lat="43.25269144959747791290283203125" lon="-79.9986170791089534759521484375">
        <ele>150.1999969482421875</ele>
        <time>2026-09-05T20:28:06.000Z</time>
        <extensions>
          <ns3:TrackPointExtension/>
        </extensions>
      </trkpt>
      <trkpt lat="43.25268072076141834259033203125" lon="-79.9986184202134609222412109375">
        <ele>150.1999969482421875</ele>
        <time>2026-09-05T20:28:07.000Z</time>
        <extensions>
          <ns3:TrackPointExtension/>
        </extensions>
      </trkpt>
      <trkpt lat="43.2525889389216899871826171875" lon="-79.9986046738922595977783203125">
        <ele>149.399993896484375</ele>
        <time>2026-09-05T20:28:15.000Z</time>
        <extensions>
          <ns3:TrackPointExtension/>
        </extensions>
      </trkpt>
      <trkpt lat="43.25253546237945556640625" lon="-79.9986097030341625213623046875">
        <ele>149</ele>
        <time>2026-09-05T20:28:19.000Z</time>
        <extensions>
          <ns3:TrackPointExtension/>
        </extensions>
      </trkpt>
      <trkpt lat="43.2524831593036651611328125" lon="-79.9986254610121250152587890625">
        <ele>148.600006103515625</ele>
        <time>2026-09-05T20:28:24.000Z</time>
        <extensions>
          <ns3:TrackPointExtension/>
        </extensions>
      </trkpt>
      <trkpt lat="43.2524243183434009552001953125" lon="-79.9986098706722259521484375">
        <ele>148</ele>
        <time>2026-09-05T20:28:32.000Z</time>
        <extensions>
          <ns3:TrackPointExtension/>
        </extensions>
      </trkpt>
      <trkpt lat="43.2523785531520843505859375" lon="-79.99860224314033985137939453125">
        <ele>147.600006103515625</ele>
        <time>2026-09-05T20:28:38.000Z</time>
        <extensions>
          <ns3:TrackPointExtension/>
        </extensions>
      </trkpt>
      <trkpt lat="43.2523673214018344879150390625" lon="-79.99859956093132495880126953125">
        <ele>147.600006103515625</ele>
        <time>2026-09-05T20:28:39.000Z</time>
        <extensions>
          <ns3:TrackPointExtension/>
        </extensions>
      </trkpt>
      <trkpt lat="43.25234301388263702392578125" lon="-79.99859889037907123565673828125">
        <ele>147.399993896484375</ele>
        <time>2026-09-05T20:28:41.000Z</time>
        <extensions>
          <ns3:TrackPointExtension/>
        </extensions>
      </trkpt>
      <trkpt lat="43.25229381211102008819580078125" lon="-79.9986098706722259521484375">
        <ele>147</ele>
        <time>2026-09-05T20:28:46.000Z</time>
        <extensions>
          <ns3:TrackPointExtension/>
        </extensions>
      </trkpt>
      <trkpt lat="43.2522804848849773406982421875" lon="-79.99861816875636577606201171875">
        <ele>146.8000030517578125</ele>
        <time>2026-09-05T20:28:48.000Z</time>
        <extensions>
          <ns3:TrackPointExtension/>
        </extensions>
      </trkpt>
      <trkpt lat="43.25229431502521038055419921875" lon="-79.99864406883716583251953125">
        <ele>146.399993896484375</ele>
        <time>2026-09-05T20:28:54.000Z</time>
        <extensions>
          <ns3:TrackPointExtension/>
        </extensions>
      </trkpt>
      <trkpt lat="43.25231912545859813690185546875" lon="-79.99865119345486164093017578125">
        <ele>146</ele>
        <time>2026-09-05T20:29:01.000Z</time>
        <extensions>
          <ns3:TrackPointExtension/>
        </extensions>
      </trkpt>
      <trkpt lat="43.25232021510601043701171875" lon="-79.998651109635829925537109375">
        <ele>146</ele>
        <time>2026-09-05T20:29:02.000Z</time>
        <extensions>
          <ns3:TrackPointExtension/>
        </extensions>
      </trkpt>
      <trkpt lat="43.2523086480796337127685546875" lon="-79.998633004724979400634765625">
        <ele>145.399993896484375</ele>
        <time>2026-09-05T20:29:10.000Z</time>
        <extensions>
          <ns3:TrackPointExtension/>
        </extensions>
      </trkpt>
      <trkpt lat="43.25228844769299030303955078125" lon="-79.99862185679376125335693359375">
        <ele>145</ele>
        <time>2026-09-05T20:29:18.000Z</time>
        <extensions>
          <ns3:TrackPointExtension/>
        </extensions>
      </trkpt>
      <trkpt lat="43.25228358618915081024169921875" lon="-79.99863442964851856231689453125">
        <ele>144.399993896484375</ele>
        <time>2026-09-05T20:29:27.000Z</time>
        <extensions>
          <ns3:TrackPointExtension/>
        </extensions>
      </trkpt>
      <trkpt lat="43.25228534638881683349609375" lon="-79.99863870441913604736328125">
        <ele>144</ele>
        <time>2026-09-05T20:29:36.000Z</time>
        <extensions>
          <ns3:TrackPointExtension/>
        </extensions>
      </trkpt>
      <trkpt lat="43.25228710658848285675048828125" lon="-79.99863334000110626220703125">
        <ele>144</ele>
        <time>2026-09-05T20:29:38.000Z</time>
        <extensions>
          <ns3:TrackPointExtension/>
        </extensions>
      </trkpt>
      <trkpt lat="43.252278976142406463623046875" lon="-79.99865136109292507171630859375">
        <ele>143.600006103515625</ele>
        <time>2026-09-05T20:29:44.000Z</time>
        <extensions>
          <ns3:TrackPointExtension/>
        </extensions>
      </trkpt>
      <trkpt lat="43.2522757910192012786865234375" lon="-79.9986117146909236907958984375">
        <ele>143.399993896484375</ele>
        <time>2026-09-05T20:29:52.000Z</time>
        <extensions>
          <ns3:TrackPointExtension/>
        </extensions>
      </trkpt>
      <trkpt lat="43.2522778026759624481201171875" lon="-79.99860777519643306732177734375">
        <ele>143.1999969482421875</ele>
        <time>2026-09-05T20:29:59.000Z</time>
        <extensions>
          <ns3:TrackPointExtension/>
        </extensions>
      </trkpt>
      <trkpt lat="43.25227956287562847137451171875" lon="-79.99861188232898712158203125">
        <ele>143</ele>
        <time>2026-09-05T20:30:05.000Z</time>
        <extensions>
          <ns3:TrackPointExtension/>
        </extensions>
      </trkpt>
      <trkpt lat="43.25229062698781490325927734375" lon="-79.99861364252865314483642578125">
        <ele>142.600006103515625</ele>
        <time>2026-09-05T20:30:16.000Z</time>
        <extensions>
          <ns3:TrackPointExtension/>
        </extensions>
      </trkpt>
      <trkpt lat="43.2522871904075145721435546875" lon="-79.9985976330935955047607421875">
        <ele>142.1999969482421875</ele>
        <time>2026-09-05T20:30:31.000Z</time>
        <extensions>
          <ns3:TrackPointExtension/>
        </extensions>
      </trkpt>
      <trkpt lat="43.25229029171168804168701171875" lon="-79.9985560588538646697998046875">
        <ele>142</ele>
        <time>2026-09-05T20:30:45.000Z</time>
        <extensions>
          <ns3:TrackPointExtension/>
        </extensions>
      </trkpt>
      <trkpt lat="43.25229012407362461090087890625" lon="-79.99855555593967437744140625">
        <ele>142</ele>
        <time>2026-09-05T20:30:48.000Z</time>
        <extensions>
          <ns3:TrackPointExtension/>
        </extensions>
      </trkpt>
      <trkpt lat="43.25228492729365825653076171875" lon="-79.9985634349286556243896484375">
        <ele>141.8000030517578125</ele>
        <time>2026-09-05T20:30:56.000Z</time>
        <extensions>
          <ns3:TrackPointExtension/>
        </extensions>
      </trkpt>
      <trkpt lat="43.25224108994007110595703125" lon="-79.99858078546822071075439453125">
        <ele>141.399993896484375</ele>
        <time>2026-09-05T20:31:14.000Z</time>
        <extensions>
          <ns3:TrackPointExtension/>
        </extensions>
      </trkpt>
      <trkpt lat="43.25223849155008792877197265625" lon="-79.998592436313629150390625">
        <ele>141.1999969482421875</ele>
        <time>2026-09-05T20:31:31.000Z</time>
        <extensions>
          <ns3:TrackPointExtension/>
        </extensions>
      </trkpt>
      <trkpt lat="43.25228392146527767181396484375" lon="-79.998575337231159210205078125">
        <ele>141</ele>
        <time>2026-09-05T20:31:48.000Z</time>
        <extensions>
          <ns3:TrackPointExtension/>
        </extensions>
      </trkpt>
      <trkpt lat="43.252259194850921630859375" lon="-79.99866343103349208831787109375">
        <ele>140.8000030517578125</ele>
        <time>2026-09-05T20:32:07.000Z</time>
        <extensions>
          <ns3:TrackPointExtension/>
        </extensions>
      </trkpt>
      <trkpt lat="43.2523130066692829132080078125" lon="-79.99865991063416004180908203125">
        <ele>140.600006103515625</ele>
        <time>2026-09-05T20:32:20.000Z</time>
        <extensions>
          <ns3:TrackPointExtension/>
        </extensions>
      </trkpt>
      <trkpt lat="43.252321891486644744873046875" lon="-79.99862152151763439178466796875">
        <ele>140.399993896484375</ele>
        <time>2026-09-05T20:32:36.000Z</time>
        <extensions>
          <ns3:TrackPointExtension/>
        </extensions>
      </trkpt>
      <trkpt lat="43.25229615904390811920166015625" lon="-79.9985885806381702423095703125">
        <ele>140.1999969482421875</ele>
        <time>2026-09-05T20:32:53.000Z</time>
        <extensions>
          <ns3:TrackPointExtension/>
        </extensions>
      </trkpt>
      <trkpt lat="43.25230336748063564300537109375" lon="-79.9985959567129611968994140625">
        <ele>140.1999969482421875</ele>
        <time>2026-09-05T20:33:09.000Z</time>
        <extensions>
          <ns3:TrackPointExtension/>
        </extensions>
      </trkpt>
      <trkpt lat="43.25228760950267314910888671875" lon="-79.99855547212064266204833984375">
        <ele>140.1999969482421875</ele>
        <time>2026-09-05T20:33:27.000Z</time>
        <extensions>
          <ns3:TrackPointExtension/>
        </extensions>
      </trkpt>
      <trkpt lat="43.252295069396495819091796875" lon="-79.998559914529323577880859375">
        <ele>140.1999969482421875</ele>
        <time>2026-09-05T20:33:45.000Z</time>
        <extensions>
          <ns3:TrackPointExtension/>
        </extensions>
      </trkpt>
      <trkpt lat="43.252270929515361785888671875" lon="-79.99863736331462860107421875">
        <ele>140.1999969482421875</ele>
        <time>2026-09-05T20:34:02.000Z</time>
        <extensions>
          <ns3:TrackPointExtension/>
        </extensions>
      </trkpt>
      <trkpt lat="43.25229414738714694976806640625" lon="-79.99865286983549594879150390625">
        <ele>140.1999969482421875</ele>
        <time>2026-09-05T20:34:20.000Z</time>
        <extensions>
          <ns3:TrackPointExtension/>
        </extensions>
      </trkpt>
      <trkpt lat="43.2522892020642757415771484375" lon="-79.998600818216800689697265625">
        <ele>140.1999969482421875</ele>
        <time>2026-09-05T20:34:37.000Z</time>
        <extensions>
          <ns3:TrackPointExtension/>
        </extensions>
      </trkpt>
      <trkpt lat="43.2522747851908206939697265625" lon="-79.9986465834081172943115234375">
        <ele>140.1999969482421875</ele>
        <time>2026-09-05T20:34:57.000Z</time>
        <extensions>
          <ns3:TrackPointExtension/>
        </extensions>
      </trkpt>
      <trkpt lat="43.25227461755275726318359375" lon="-79.99860073439776897430419921875">
        <ele>140.1999969482421875</ele>
        <time>2026-09-05T20:35:12.000Z</time>
        <extensions>
          <ns3:TrackPointExtension/>
        </extensions>
      </trkpt>
      <trkpt lat="43.2522627152502536773681640625" lon="-79.998623616993427276611328125">
        <ele>140.1999969482421875</ele>
        <time>2026-09-05T20:35:27.000Z</time>
        <extensions>
          <ns3:TrackPointExtension/>
        </extensions>
      </trkpt>
      <trkpt lat="43.25226598419249057769775390625" lon="-79.99865622259676456451416015625">
        <ele>140.1999969482421875</ele>
        <time>2026-09-05T20:35:43.000Z</time>
        <extensions>
          <ns3:TrackPointExtension/>
        </extensions>
      </trkpt>
      <trkpt lat="43.2523234002292156219482421875" lon="-79.99857692979276180267333984375">
        <ele>140.1999969482421875</ele>
        <time>2026-09-05T20:36:03.000Z</time>
        <extensions>
          <ns3:TrackPointExtension/>
        </extensions>
      </trkpt>
      <trkpt lat="43.25230957008898258209228515625" lon="-79.9985964596271514892578125">
        <ele>140.1999969482421875</ele>
        <time>2026-09-05T20:36:19.000Z</time>
        <extensions>
          <ns3:TrackPointExtension/>
        </extensions>
      </trkpt>
      <trkpt lat="43.25231216847896575927734375" lon="-79.99860291369259357452392578125">
        <ele>140.1999969482421875</ele>
        <time>2026-09-05T20:36:35.000Z</time>
        <extensions>
          <ns3:TrackPointExtension/>
        </extensions>
      </trkpt>
      <trkpt lat="43.2522452808916568756103515625" lon="-79.9986019916832447052001953125">
        <ele>140.1999969482421875</ele>
        <time>2026-09-05T20:36:50.000Z</time>
        <extensions>
          <ns3:TrackPointExtension/>
        </extensions>
      </trkpt>
      <trkpt lat="43.25223748572170734405517578125" lon="-79.99857491813600063323974609375">
        <ele>140.1999969482421875</ele>
        <time>2026-09-05T20:37:08.000Z</time>
        <extensions>
          <ns3:TrackPointExtension/>
        </extensions>
      </trkpt>
      <trkpt lat="43.25224117375910282135009765625" lon="-79.998526386916637420654296875">
        <ele>140.1999969482421875</ele>
        <time>2026-09-05T20:37:24.000Z</time>
        <extensions>
          <ns3:TrackPointExtension/>
        </extensions>
      </trkpt>
      <trkpt lat="43.2522922195494174957275390625" lon="-79.998466707766056060791015625">
        <ele>140.1999969482421875</ele>
        <time>2026-09-05T20:37:44.000Z</time>
        <extensions>
          <ns3:TrackPointExtension/>
        </extensions>
      </trkpt>
      <trkpt lat="43.25226665474474430084228515625" lon="-79.99860978685319423675537109375">
        <ele>140.1999969482421875</ele>
        <time>2026-09-05T20:37:55.000Z</time>
        <extensions>
          <ns3:TrackPointExtension/>
        </extensions>
      </trkpt>
      <trkpt lat="43.25227788649499416351318359375" lon="-79.9986125528812408447265625">
        <ele>140.1999969482421875</ele>
        <time>2026-09-05T20:38:11.000Z</time>
        <extensions>
          <ns3:TrackPointExtension/>
        </extensions>
      </trkpt>
      <trkpt lat="43.2523150183260440826416015625" lon="-79.9986130557954311370849609375">
        <ele>140.1999969482421875</ele>
        <time>2026-09-05T20:38:21.000Z</time>
        <extensions>
          <ns3:TrackPointExtension/>
        </extensions>
      </trkpt>
      <trkpt lat="43.25228802859783172607421875" lon="-79.9986325018107891082763671875">
        <ele>140.1999969482421875</ele>
        <time>2026-09-05T20:38:36.000Z</time>
        <extensions>
          <ns3:TrackPointExtension/>
        </extensions>
      </trkpt>
      <trkpt lat="43.2523275911808013916015625" lon="-79.99858397059142589569091796875">
        <ele>140.1999969482421875</ele>
        <time>2026-09-05T20:38:51.000Z</time>
        <extensions>
          <ns3:TrackPointExtension/>
        </extensions>
      </trkpt>
      <trkpt lat="43.25223849155008792877197265625" lon="-79.9985952861607074737548828125">
        <ele>140.1999969482421875</ele>
        <time>2026-09-05T20:39:02.000Z</time>
        <extensions>
          <ns3:TrackPointExtension/>
        </extensions>
      </trkpt>
      <trkpt lat="43.2522298581898212432861328125" lon="-79.9986060149967670440673828125">
        <ele>140.1999969482421875</ele>
        <time>2026-09-05T20:39:03.000Z</time>
        <extensions>
          <ns3:TrackPointExtension/>
        </extensions>
      </trkpt>
      <trkpt lat="43.25210555456578731536865234375" lon="-79.9986858107149600982666015625">
        <ele>140.1999969482421875</ele>
        <time>2026-09-05T20:39:15.000Z</time>
        <extensions>
          <ns3:TrackPointExtension/>
        </extensions>
      </trkpt>
      <trkpt lat="43.2520196400582790374755859375" lon="-79.998638369143009185791015625">
        <ele>140.399993896484375</ele>
        <time>2026-09-05T20:39:26.000Z</time>
        <extensions>
          <ns3:TrackPointExtension/>
        </extensions>
      </trkpt>
      <trkpt lat="43.25194478966295719146728515625" lon="-79.998513646423816680908203125">
        <ele>140.8000030517578125</ele>
        <time>2026-09-05T20:39:39.000Z</time>
        <extensions>
          <ns3:TrackPointExtension/>
        </extensions>
      </trkpt>
      <trkpt lat="43.251941017806529998779296875" lon="-79.99849914573132991790771484375">
        <ele>140.8000030517578125</ele>
        <time>2026-09-05T20:39:40.000Z</time>
        <extensions>
          <ns3:TrackPointExtension/>
        </extensions>
      </trkpt>
      <trkpt lat="43.25183817185461521148681640625" lon="-79.998386241495609283447265625">
        <ele>141.399993896484375</ele>
        <time>2026-09-05T20:39:52.000Z</time>
        <extensions>
          <ns3:TrackPointExtension/>
        </extensions>
      </trkpt>
      <trkpt lat="43.2517014630138874053955078125" lon="-79.99842169694602489471435546875">
        <ele>142</ele>
        <time>2026-09-05T20:40:05.000Z</time>
        <extensions>
          <ns3:TrackPointExtension/>
        </extensions>
      </trkpt>
      <trkpt lat="43.2516903989017009735107421875" lon="-79.9984259717166423797607421875">
        <ele>142</ele>
        <time>2026-09-05T20:40:06.000Z</time>
        <extensions>
          <ns3:TrackPointExtension/>
        </extensions>
      </trkpt>
      <trkpt lat="43.251572549343109130859375" lon="-79.99841834418475627899169921875">
        <ele>142.600006103515625</ele>
        <time>2026-09-05T20:40:18.000Z</time>
        <extensions>
          <ns3:TrackPointExtension/>
        </extensions>
      </trkpt>
      <trkpt lat="43.25149543583393096923828125" lon="-79.9984269775450229644775390625">
        <ele>143</ele>
        <time>2026-09-05T20:40:25.000Z</time>
        <extensions>
          <ns3:TrackPointExtension/>
        </extensions>
      </trkpt>
      <trkpt lat="43.2514013908803462982177734375" lon="-79.9984430707991123199462890625">
        <ele>143.399993896484375</ele>
        <time>2026-09-05T20:40:32.000Z</time>
        <extensions>
          <ns3:TrackPointExtension/>
        </extensions>
      </trkpt>
      <trkpt lat="43.25131438672542572021484375" lon="-79.99844416044652462005615234375">
        <ele>144</ele>
        <time>2026-09-05T20:40:40.000Z</time>
        <extensions>
          <ns3:TrackPointExtension/>
        </extensions>
      </trkpt>
      <trkpt lat="43.25130625627934932708740234375" lon="-79.99847282655537128448486328125">
        <ele>144.1999969482421875</ele>
        <time>2026-09-05T20:40:42.000Z</time>
        <extensions>
          <ns3:TrackPointExtension/>
        </extensions>
      </trkpt>
      <trkpt lat="43.25129888020455837249755859375" lon="-79.99849411658942699432373046875">
        <ele>144.1999969482421875</ele>
        <time>2026-09-05T20:40:44.000Z</time>
        <extensions>
          <ns3:TrackPointExtension/>
        </extensions>
      </trkpt>
      <trkpt lat="43.25128865428268909454345703125" lon="-79.99866141937673091888427734375">
        <ele>145</ele>
        <time>2026-09-05T20:40:54.000Z</time>
        <extensions>
          <ns3:TrackPointExtension/>
        </extensions>
      </trkpt>
      <trkpt lat="43.25128664262592792510986328125" lon="-79.99868237413465976715087890625">
        <ele>145</ele>
        <time>2026-09-05T20:40:55.000Z</time>
        <extensions>
          <ns3:TrackPointExtension/>
        </extensions>
      </trkpt>
      <trkpt lat="43.25130307115614414215087890625" lon="-79.99890667386353015899658203125">
        <ele>145.600006103515625</ele>
        <time>2026-09-05T20:41:07.000Z</time>
        <extensions>
          <ns3:TrackPointExtension/>
        </extensions>
      </trkpt>
      <trkpt lat="43.25134431011974811553955078125" lon="-79.9991243518888950347900390625">
        <ele>146</ele>
        <time>2026-09-05T20:41:21.000Z</time>
        <extensions>
          <ns3:TrackPointExtension/>
        </extensions>
      </trkpt>
      <trkpt lat="43.25134129263460636138916015625" lon="-79.99935510568320751190185546875">
        <ele>146.399993896484375</ele>
        <time>2026-09-05T20:41:34.000Z</time>
        <extensions>
          <ns3:TrackPointExtension/>
        </extensions>
      </trkpt>
      <trkpt lat="43.25138823129236698150634765625" lon="-79.9995880387723445892333984375">
        <ele>146.8000030517578125</ele>
        <time>2026-09-05T20:41:48.000Z</time>
        <extensions>
          <ns3:TrackPointExtension/>
        </extensions>
      </trkpt>
      <trkpt lat="43.25140600092709064483642578125" lon="-79.99976799823343753814697265625">
        <ele>147</ele>
        <time>2026-09-05T20:41:59.000Z</time>
        <extensions>
          <ns3:TrackPointExtension/>
        </extensions>
      </trkpt>
      <trkpt lat="43.25140583328902721405029296875" lon="-79.99979549087584018707275390625">
        <ele>147.1999969482421875</ele>
        <time>2026-09-05T20:42:02.000Z</time>
        <extensions>
          <ns3:TrackPointExtension/>
        </extensions>
      </trkpt>
      <trkpt lat="43.2513423822820186614990234375" lon="-79.9999402463436126708984375">
        <ele>147.600006103515625</ele>
        <time>2026-09-05T20:42:13.000Z</time>
        <extensions>
          <ns3:TrackPointExtension/>
        </extensions>
      </trkpt>
      <trkpt lat="43.2512739859521389007568359375" lon="-80.00006069429218769073486328125">
        <ele>148</ele>
        <time>2026-09-05T20:42:23.000Z</time>
        <extensions>
          <ns3:TrackPointExtension/>
        </extensions>
      </trkpt>
      <trkpt lat="43.25123886577785015106201171875" lon="-80.00011467374861240386962890625">
        <ele>148.399993896484375</ele>
        <time>2026-09-05T20:42:29.000Z</time>
        <extensions>
          <ns3:TrackPointExtension/>
        </extensions>
      </trkpt>
      <trkpt lat="43.25116544030606746673583984375" lon="-80.00025632791221141815185546875">
        <ele>149.1999969482421875</ele>
        <time>2026-09-05T20:42:40.000Z</time>
        <extensions>
          <ns3:TrackPointExtension/>
        </extensions>
      </trkpt>
      <trkpt lat="43.25115990824997425079345703125" lon="-80.000292956829071044921875">
        <ele>149.399993896484375</ele>
        <time>2026-09-05T20:42:43.000Z</time>
        <extensions>
          <ns3:TrackPointExtension/>
        </extensions>
      </trkpt>
      <trkpt lat="43.251169212162494659423828125" lon="-80.00042296014726161956787109375">
        <ele>150</ele>
        <time>2026-09-05T20:42:53.000Z</time>
        <extensions>
          <ns3:TrackPointExtension/>
        </extensions>
      </trkpt>
      <trkpt lat="43.25117222964763641357421875" lon="-80.00047023408114910125732421875">
        <ele>150.1999969482421875</ele>
        <time>2026-09-05T20:42:56.000Z</time>
        <extensions>
          <ns3:TrackPointExtension/>
        </extensions>
      </trkpt>
      <trkpt lat="43.2511697150766849517822265625" lon="-80.00064675696194171905517578125">
        <ele>151.1999969482421875</ele>
        <time>2026-09-05T20:43:09.000Z</time>
        <extensions>
          <ns3:TrackPointExtension/>
        </extensions>
      </trkpt>
      <trkpt lat="43.25116393156349658966064453125" lon="-80.0006579048931598663330078125">
        <ele>151.1999969482421875</ele>
        <time>2026-09-05T20:43:10.000Z</time>
        <extensions>
          <ns3:TrackPointExtension/>
        </extensions>
      </trkpt>
      <trkpt lat="43.251110203564167022705078125" lon="-80.00077164731919765472412109375">
        <ele>152</ele>
        <time>2026-09-05T20:43:20.000Z</time>
        <extensions>
          <ns3:TrackPointExtension/>
        </extensions>
      </trkpt>
      <trkpt lat="43.25109570287168025970458984375" lon="-80.0007940270006656646728515625">
        <ele>152.1999969482421875</ele>
        <time>2026-09-05T20:43:22.000Z</time>
        <extensions>
          <ns3:TrackPointExtension/>
        </extensions>
      </trkpt>
      <trkpt lat="43.25102613307535648345947265625" lon="-80.00085244886577129364013671875">
        <ele>153.1999969482421875</ele>
        <time>2026-09-05T20:43:32.000Z</time>
        <extensions>
          <ns3:TrackPointExtension/>
        </extensions>
      </trkpt>
      <trkpt lat="43.25101925991475582122802734375" lon="-80.00085747800767421722412109375">
        <ele>153.1999969482421875</ele>
        <time>2026-09-05T20:43:33.000Z</time>
        <extensions>
          <ns3:TrackPointExtension/>
        </extensions>
      </trkpt>
      <trkpt lat="43.25093912892043590545654296875" lon="-80.000873990356922149658203125">
        <ele>154.399993896484375</ele>
        <time>2026-09-05T20:43:44.000Z</time>
        <extensions>
          <ns3:TrackPointExtension/>
        </extensions>
      </trkpt>
      <trkpt lat="43.2509085349738597869873046875" lon="-80.00087927095592021942138671875">
        <ele>154.600006103515625</ele>
        <time>2026-09-05T20:43:46.000Z</time>
        <extensions>
          <ns3:TrackPointExtension/>
        </extensions>
      </trkpt>
      <trkpt lat="43.250812478363513946533203125" lon="-80.000886730849742889404296875">
        <ele>155.399993896484375</ele>
        <time>2026-09-05T20:43:55.000Z</time>
        <extensions>
          <ns3:TrackPointExtension/>
        </extensions>
      </trkpt>
      <trkpt lat="43.25078037567436695098876953125" lon="-80.00087792985141277313232421875">
        <ele>155.8000030517578125</ele>
        <time>2026-09-05T20:43:59.000Z</time>
        <extensions>
          <ns3:TrackPointExtension/>
        </extensions>
      </trkpt>
      <trkpt lat="43.25073243118822574615478515625" lon="-80.00085663981735706329345703125">
        <ele>156.399993896484375</ele>
        <time>2026-09-05T20:44:06.000Z</time>
        <extensions>
          <ns3:TrackPointExtension/>
        </extensions>
      </trkpt>
      <trkpt lat="43.2506765238940715789794921875" lon="-80.00083870254456996917724609375">
        <ele>157</ele>
        <time>2026-09-05T20:44:12.000Z</time>
        <extensions>
          <ns3:TrackPointExtension/>
        </extensions>
      </trkpt>
      <trkpt lat="43.2506270706653594970703125" lon="-80.00083618797361850738525390625">
        <ele>157.399993896484375</ele>
        <time>2026-09-05T20:44:16.000Z</time>
        <extensions>
          <ns3:TrackPointExtension/>
        </extensions>
      </trkpt>
      <trkpt lat="43.2504991628229618072509765625" lon="-80.00081271864473819732666015625">
        <ele>158.399993896484375</ele>
        <time>2026-09-05T20:44:26.000Z</time>
        <extensions>
          <ns3:TrackPointExtension/>
        </extensions>
      </trkpt>
      <trkpt lat="43.2504891045391559600830078125" lon="-80.00081020407378673553466796875">
        <ele>158.600006103515625</ele>
        <time>2026-09-05T20:44:27.000Z</time>
        <extensions>
          <ns3:TrackPointExtension/>
        </extensions>
      </trkpt>
      <trkpt lat="43.2503573410212993621826171875" lon="-80.00078086741268634796142578125">
        <ele>159.600006103515625</ele>
        <time>2026-09-05T20:44:39.000Z</time>
        <extensions>
          <ns3:TrackPointExtension/>
        </extensions>
      </trkpt>
      <trkpt lat="43.25033848173916339874267578125" lon="-80.00077701173722743988037109375">
        <ele>159.8000030517578125</ele>
        <time>2026-09-05T20:44:41.000Z</time>
        <extensions>
          <ns3:TrackPointExtension/>
        </extensions>
      </trkpt>
      <trkpt lat="43.25026019476354122161865234375" lon="-80.00080861151218414306640625">
        <ele>160.600006103515625</ele>
        <time>2026-09-05T20:44:54.000Z</time>
        <extensions>
          <ns3:TrackPointExtension/>
        </extensions>
      </trkpt>
      <trkpt lat="43.250241167843341827392578125" lon="-80.00081355683505535125732421875">
        <ele>160.600006103515625</ele>
        <time>2026-09-05T20:44:56.000Z</time>
        <extensions>
          <ns3:TrackPointExtension/>
        </extensions>
      </trkpt>
      <trkpt lat="43.25012977235019207000732421875" lon="-80.00093291513621807098388671875">
        <ele>161</ele>
        <time>2026-09-05T20:45:10.000Z</time>
        <extensions>
          <ns3:TrackPointExtension/>
        </extensions>
      </trkpt>
      <trkpt lat="43.2500825822353363037109375" lon="-80.00112242996692657470703125">
        <ele>161</ele>
        <time>2026-09-05T20:45:24.000Z</time>
        <extensions>
          <ns3:TrackPointExtension/>
        </extensions>
      </trkpt>
      <trkpt lat="43.250076882541179656982421875" lon="-80.0011440552771091461181640625">
        <ele>161</ele>
        <time>2026-09-05T20:45:25.000Z</time>
        <extensions>
          <ns3:TrackPointExtension/>
        </extensions>
      </trkpt>
      <trkpt lat="43.249987028539180755615234375" lon="-80.0013314746320247650146484375">
        <ele>161</ele>
        <time>2026-09-05T20:45:35.000Z</time>
        <extensions>
          <ns3:TrackPointExtension/>
        </extensions>
      </trkpt>
      <trkpt lat="43.2499164529144763946533203125" lon="-80.001572035253047943115234375">
        <ele>161</ele>
        <time>2026-09-05T20:45:49.000Z</time>
        <extensions>
          <ns3:TrackPointExtension/>
        </extensions>
      </trkpt>
      <trkpt lat="43.24991251341998577117919921875" lon="-80.00160799361765384674072265625">
        <ele>161</ele>
        <time>2026-09-05T20:45:51.000Z</time>
        <extensions>
          <ns3:TrackPointExtension/>
        </extensions>
      </trkpt>
      <trkpt lat="43.24992525391280651092529296875" lon="-80.00181452371180057525634765625">
        <ele>160.8000030517578125</ele>
        <time>2026-09-05T20:46:03.000Z</time>
        <extensions>
          <ns3:TrackPointExtension/>
        </extensions>
      </trkpt>
      <trkpt lat="43.24996800161898136138916015625" lon="-80.002062879502773284912109375">
        <ele>160.8000030517578125</ele>
        <time>2026-09-05T20:46:15.000Z</time>
        <extensions>
          <ns3:TrackPointExtension/>
        </extensions>
      </trkpt>
      <trkpt lat="43.24996364302933216094970703125" lon="-80.0020848400890827178955078125">
        <ele>160.8000030517578125</ele>
        <time>2026-09-05T20:46:16.000Z</time>
        <extensions>
          <ns3:TrackPointExtension/>
        </extensions>
      </trkpt>
      <trkpt lat="43.24998040683567523956298828125" lon="-80.002227164804935455322265625">
        <ele>160.8000030517578125</ele>
        <time>2026-09-05T20:46:30.000Z</time>
        <extensions>
          <ns3:TrackPointExtension/>
        </extensions>
      </trkpt>
      <trkpt lat="43.24993832968175411224365234375" lon="-80.002171508967876434326171875">
        <ele>160.8000030517578125</ele>
        <time>2026-09-05T20:46:43.000Z</time>
        <extensions>
          <ns3:TrackPointExtension/>
        </extensions>
      </trkpt>
      <trkpt lat="43.24990932829678058624267578125" lon="-80.00223646871745586395263671875">
        <ele>160.8000030517578125</ele>
        <time>2026-09-05T20:46:55.000Z</time>
        <extensions>
          <ns3:TrackPointExtension/>
        </extensions>
      </trkpt>
      <trkpt lat="43.249841518700122833251953125" lon="-80.00237342901527881622314453125">
        <ele>160.8000030517578125</ele>
        <time>2026-09-05T20:47:12.000Z</time>
        <extensions>
          <ns3:TrackPointExtension/>
        </extensions>
      </trkpt>
      <trkpt lat="43.24970212765038013458251953125" lon="-80.00251441262662410736083984375">
        <ele>161</ele>
        <time>2026-09-05T20:47:28.000Z</time>
        <extensions>
          <ns3:TrackPointExtension/>
        </extensions>
      </trkpt>
      <trkpt lat="43.249543793499469757080078125" lon="-80.00263008289039134979248046875">
        <ele>161</ele>
        <time>2026-09-05T20:47:42.000Z</time>
        <extensions>
          <ns3:TrackPointExtension/>
        </extensions>
      </trkpt>
      <trkpt lat="43.24951588176190853118896484375" lon="-80.0026474334299564361572265625">
        <ele>161.1999969482421875</ele>
        <time>2026-09-05T20:47:45.000Z</time>
        <extensions>
          <ns3:TrackPointExtension/>
        </extensions>
      </trkpt>
      <trkpt lat="43.24934153817594051361083984375" lon="-80.002736784517765045166015625">
        <ele>161.399993896484375</ele>
        <time>2026-09-05T20:47:58.000Z</time>
        <extensions>
          <ns3:TrackPointExtension/>
        </extensions>
      </trkpt>
      <trkpt lat="43.2492951862514019012451171875" lon="-80.00276260077953338623046875">
        <ele>161.600006103515625</ele>
        <time>2026-09-05T20:48:02.000Z</time>
        <extensions>
          <ns3:TrackPointExtension/>
        </extensions>
      </trkpt>
      <trkpt lat="43.2492857985198497772216796875" lon="-80.00276637263596057891845703125">
        <ele>161.600006103515625</ele>
        <time>2026-09-05T20:48:03.000Z</time>
        <extensions>
          <ns3:TrackPointExtension/>
        </extensions>
      </trkpt>
      <trkpt lat="43.2490960322320461273193359375" lon="-80.00280392356216907501220703125">
        <ele>162</ele>
        <time>2026-09-05T20:48:19.000Z</time>
        <extensions>
          <ns3:TrackPointExtension/>
        </extensions>
      </trkpt>
      <trkpt lat="43.24891037307679653167724609375" lon="-80.00273443758487701416015625">
        <ele>162.399993896484375</ele>
        <time>2026-09-05T20:48:34.000Z</time>
        <extensions>
          <ns3:TrackPointExtension/>
        </extensions>
      </trkpt>
      <trkpt lat="43.2488603331148624420166015625" lon="-80.00272102653980255126953125">
        <ele>162.600006103515625</ele>
        <time>2026-09-05T20:48:38.000Z</time>
        <extensions>
          <ns3:TrackPointExtension/>
        </extensions>
      </trkpt>
      <trkpt lat="43.248700238764286041259765625" lon="-80.00267266295850276947021484375">
        <ele>163</ele>
        <time>2026-09-05T20:48:52.000Z</time>
        <extensions>
          <ns3:TrackPointExtension/>
        </extensions>
      </trkpt>
      <trkpt lat="43.24861348606646060943603515625" lon="-80.002505443990230560302734375">
        <ele>163.600006103515625</ele>
        <time>2026-09-05T20:49:06.000Z</time>
        <extensions>
          <ns3:TrackPointExtension/>
        </extensions>
      </trkpt>
      <trkpt lat="43.24862807057797908782958984375" lon="-80.0024563260376453399658203125">
        <ele>163.600006103515625</ele>
        <time>2026-09-05T20:49:10.000Z</time>
        <extensions>
          <ns3:TrackPointExtension/>
        </extensions>
      </trkpt>
      <trkpt lat="43.24866578914225101470947265625" lon="-80.0024092197418212890625">
        <ele>163.8000030517578125</ele>
        <time>2026-09-05T20:49:18.000Z</time>
        <extensions>
          <ns3:TrackPointExtension/>
        </extensions>
      </trkpt>
      <trkpt lat="43.248757906258106231689453125" lon="-80.00236295163631439208984375">
        <ele>163.8000030517578125</ele>
        <time>2026-09-05T20:49:33.000Z</time>
        <extensions>
          <ns3:TrackPointExtension/>
        </extensions>
      </trkpt>
      <trkpt lat="43.24891506694257259368896484375" lon="-80.00224149785935878753662109375">
        <ele>163.8000030517578125</ele>
        <time>2026-09-05T20:49:48.000Z</time>
        <extensions>
          <ns3:TrackPointExtension/>
        </extensions>
      </trkpt>
      <trkpt lat="43.2489344291388988494873046875" lon="-80.00222272239625453948974609375">
        <ele>163.8000030517578125</ele>
        <time>2026-09-05T20:49:50.000Z</time>
        <extensions>
          <ns3:TrackPointExtension/>
        </extensions>
      </trkpt>
      <trkpt lat="43.24894725345075130462646484375" lon="-80.00220947898924350738525390625">
        <ele>163.8000030517578125</ele>
        <time>2026-09-05T20:49:51.000Z</time>
        <extensions>
          <ns3:TrackPointExtension/>
        </extensions>
      </trkpt>
      <trkpt lat="43.249018751084804534912109375" lon="-80.00201216898858547210693359375">
        <ele>163.8000030517578125</ele>
        <time>2026-09-05T20:50:03.000Z</time>
        <extensions>
          <ns3:TrackPointExtension/>
        </extensions>
      </trkpt>
      <trkpt lat="43.24905370362102985382080078125" lon="-80.00174713321030139923095703125">
        <ele>164</ele>
        <time>2026-09-05T20:50:15.000Z</time>
        <extensions>
          <ns3:TrackPointExtension/>
        </extensions>
      </trkpt>
      <trkpt lat="43.24906208552420139312744140625" lon="-80.0017051398754119873046875">
        <ele>164</ele>
        <time>2026-09-05T20:50:17.000Z</time>
        <extensions>
          <ns3:TrackPointExtension/>
        </extensions>
      </trkpt>
      <trkpt lat="43.24906107969582080841064453125" lon="-80.00150975771248340606689453125">
        <ele>164</ele>
        <time>2026-09-05T20:50:27.000Z</time>
        <extensions>
          <ns3:TrackPointExtension/>
        </extensions>
      </trkpt>
      <trkpt lat="43.24905722402036190032958984375" lon="-80.00135854817926883697509765625">
        <ele>164</ele>
        <time>2026-09-05T20:50:35.000Z</time>
        <extensions>
          <ns3:TrackPointExtension/>
        </extensions>
      </trkpt>
      <trkpt lat="43.24898446910083293914794921875" lon="-80.0012598931789398193359375">
        <ele>164</ele>
        <time>2026-09-05T20:50:42.000Z</time>
        <extensions>
          <ns3:TrackPointExtension/>
        </extensions>
      </trkpt>
      <trkpt lat="43.24889780022203922271728515625" lon="-80.00119778327643871307373046875">
        <ele>164</ele>
        <time>2026-09-05T20:50:50.000Z</time>
        <extensions>
          <ns3:TrackPointExtension/>
        </extensions>
      </trkpt>
      <trkpt lat="43.248788081109523773193359375" lon="-80.00115084461867809295654296875">
        <ele>164</ele>
        <time>2026-09-05T20:50:59.000Z</time>
        <extensions>
          <ns3:TrackPointExtension/>
        </extensions>
      </trkpt>
      <trkpt lat="43.248682804405689239501953125" lon="-80.001111365854740142822265625">
        <ele>164.1999969482421875</ele>
        <time>2026-09-05T20:51:07.000Z</time>
        <extensions>
          <ns3:TrackPointExtension/>
        </extensions>
      </trkpt>
      <trkpt lat="43.24865656904876232147216796875" lon="-80.00109351240098476409912109375">
        <ele>164.1999969482421875</ele>
        <time>2026-09-05T20:51:09.000Z</time>
        <extensions>
          <ns3:TrackPointExtension/>
        </extensions>
      </trkpt>
      <trkpt lat="43.24862723238766193389892578125" lon="-80.00104506500065326690673828125">
        <ele>164.1999969482421875</ele>
        <time>2026-09-05T20:51:14.000Z</time>
        <extensions>
          <ns3:TrackPointExtension/>
        </extensions>
      </trkpt>
      <trkpt lat="43.2485636137425899505615234375" lon="-80.00093291513621807098388671875">
        <ele>164.399993896484375</ele>
        <time>2026-09-05T20:51:22.000Z</time>
        <extensions>
          <ns3:TrackPointExtension/>
        </extensions>
      </trkpt>
      <trkpt lat="43.24854240752756595611572265625" lon="-80.00079243443906307220458984375">
        <ele>164.600006103515625</ele>
        <time>2026-09-05T20:51:30.000Z</time>
        <extensions>
          <ns3:TrackPointExtension/>
        </extensions>
      </trkpt>
      <trkpt lat="43.24853955768048763275146484375" lon="-80.00073543749749660491943359375">
        <ele>164.600006103515625</ele>
        <time>2026-09-05T20:51:32.000Z</time>
        <extensions>
          <ns3:TrackPointExtension/>
        </extensions>
      </trkpt>
      <trkpt lat="43.2485381327569484710693359375" lon="-80.00065228901803493499755859375">
        <ele>164.8000030517578125</ele>
        <time>2026-09-05T20:51:38.000Z</time>
        <extensions>
          <ns3:TrackPointExtension/>
        </extensions>
      </trkpt>
      <trkpt lat="43.24854911305010318756103515625" lon="-80.0005978904664516448974609375">
        <ele>165</ele>
        <time>2026-09-05T20:51:41.000Z</time>
        <extensions>
          <ns3:TrackPointExtension/>
        </extensions>
      </trkpt>
      <trkpt lat="43.24858901090919971466064453125" lon="-80.00053058378398418426513671875">
        <ele>165.1999969482421875</ele>
        <time>2026-09-05T20:51:45.000Z</time>
        <extensions>
          <ns3:TrackPointExtension/>
        </extensions>
      </trkpt>
      <trkpt lat="43.248631842434406280517578125" lon="-80.00039882026612758636474609375">
        <ele>165.399993896484375</ele>
        <time>2026-09-05T20:51:54.000Z</time>
        <extensions>
          <ns3:TrackPointExtension/>
        </extensions>
      </trkpt>
      <trkpt lat="43.24865170754492282867431640625" lon="-80.00033260323107242584228515625">
        <ele>165.600006103515625</ele>
        <time>2026-09-05T20:51:58.000Z</time>
        <extensions>
          <ns3:TrackPointExtension/>
        </extensions>
      </trkpt>
      <trkpt lat="43.24867777526378631591796875" lon="-80.00021659769117832183837890625">
        <ele>166</ele>
        <time>2026-09-05T20:52:04.000Z</time>
        <extensions>
          <ns3:TrackPointExtension/>
        </extensions>
      </trkpt>
      <trkpt lat="43.2486417330801486968994140625" lon="-80.00009019859135150909423828125">
        <ele>166.1999969482421875</ele>
        <time>2026-09-05T20:52:11.000Z</time>
        <extensions>
          <ns3:TrackPointExtension/>
        </extensions>
      </trkpt>
      <trkpt lat="43.24856319464743137359619140625" lon="-79.9999558366835117340087890625">
        <ele>166.600006103515625</ele>
        <time>2026-09-05T20:52:20.000Z</time>
        <extensions>
          <ns3:TrackPointExtension/>
        </extensions>
      </trkpt>
      <trkpt lat="43.2484865002334117889404296875" lon="-79.99984678812325000762939453125">
        <ele>167</ele>
        <time>2026-09-05T20:52:29.000Z</time>
        <extensions>
          <ns3:TrackPointExtension/>
        </extensions>
      </trkpt>
      <trkpt lat="43.24838130734860897064208984375" lon="-79.999743439257144927978515625">
        <ele>167.1999969482421875</ele>
        <time>2026-09-05T20:52:38.000Z</time>
        <extensions>
          <ns3:TrackPointExtension/>
        </extensions>
      </trkpt>
      <trkpt lat="43.2483081333339214324951171875" lon="-79.999671019613742828369140625">
        <ele>167.1999969482421875</ele>
        <time>2026-09-05T20:52:45.000Z</time>
        <extensions>
          <ns3:TrackPointExtension/>
        </extensions>
      </trkpt>
      <trkpt lat="43.2482212968170642852783203125" lon="-79.9996155314147472381591796875">
        <ele>167.399993896484375</ele>
        <time>2026-09-05T20:52:53.000Z</time>
        <extensions>
          <ns3:TrackPointExtension/>
        </extensions>
      </trkpt>
      <trkpt lat="43.248100765049457550048828125" lon="-79.9996049702167510986328125">
        <ele>167.1999969482421875</ele>
        <time>2026-09-05T20:53:01.000Z</time>
        <extensions>
          <ns3:TrackPointExtension/>
        </extensions>
      </trkpt>
      <trkpt lat="43.2479792274534702301025390625" lon="-79.99959214590489864349365234375">
        <ele>167.1999969482421875</ele>
        <time>2026-09-05T20:53:10.000Z</time>
        <extensions>
          <ns3:TrackPointExtension/>
        </extensions>
      </trkpt>
      <trkpt lat="43.247884176671504974365234375" lon="-79.99961276538670063018798828125">
        <ele>167</ele>
        <time>2026-09-05T20:53:18.000Z</time>
        <extensions>
          <ns3:TrackPointExtension/>
        </extensions>
      </trkpt>
      <trkpt lat="43.24775652028620243072509765625" lon="-79.99961662106215953826904296875">
        <ele>166.399993896484375</ele>
        <time>2026-09-05T20:53:27.000Z</time>
        <extensions>
          <ns3:TrackPointExtension/>
        </extensions>
      </trkpt>
      <trkpt lat="43.24762961827218532562255859375" lon="-79.99962734989821910858154296875">
        <ele>166</ele>
        <time>2026-09-05T20:53:36.000Z</time>
        <extensions>
          <ns3:TrackPointExtension/>
        </extensions>
      </trkpt>
      <trkpt lat="43.2475665025413036346435546875" lon="-79.99963439069688320159912109375">
        <ele>165.600006103515625</ele>
        <time>2026-09-05T20:53:41.000Z</time>
        <extensions>
          <ns3:TrackPointExtension/>
        </extensions>
      </trkpt>
      <trkpt lat="43.24751411564648151397705078125" lon="-79.99962709844112396240234375">
        <ele>165.399993896484375</ele>
        <time>2026-09-05T20:53:45.000Z</time>
        <extensions>
          <ns3:TrackPointExtension/>
        </extensions>
      </trkpt>
      <trkpt lat="43.247412778437137603759765625" lon="-79.99957739375531673431396484375">
        <ele>164.600006103515625</ele>
        <time>2026-09-05T20:53:54.000Z</time>
        <extensions>
          <ns3:TrackPointExtension/>
        </extensions>
      </trkpt>
      <trkpt lat="43.2474002055823802947998046875" lon="-79.9995571933686733245849609375">
        <ele>164.600006103515625</ele>
        <time>2026-09-05T20:53:55.000Z</time>
        <extensions>
          <ns3:TrackPointExtension/>
        </extensions>
      </trkpt>
      <trkpt lat="43.24731412343680858612060546875" lon="-79.99947446398437023162841796875">
        <ele>164</ele>
        <time>2026-09-05T20:54:02.000Z</time>
        <extensions>
          <ns3:TrackPointExtension/>
        </extensions>
      </trkpt>
      <trkpt lat="43.24725746177136898040771484375" lon="-79.999386370182037353515625">
        <ele>163.600006103515625</ele>
        <time>2026-09-05T20:54:08.000Z</time>
        <extensions>
          <ns3:TrackPointExtension/>
        </extensions>
      </trkpt>
      <trkpt lat="43.2472453080117702484130859375" lon="-79.99935611151158809661865234375">
        <ele>163.399993896484375</ele>
        <time>2026-09-05T20:54:10.000Z</time>
        <extensions>
          <ns3:TrackPointExtension/>
        </extensions>
      </trkpt>
      <trkpt lat="43.24719241820275783538818359375" lon="-79.99926994554698467254638671875">
        <ele>162.8000030517578125</ele>
        <time>2026-09-05T20:54:17.000Z</time>
        <extensions>
          <ns3:TrackPointExtension/>
        </extensions>
      </trkpt>
      <trkpt lat="43.24715654365718364715576171875" lon="-79.99923138879239559173583984375">
        <ele>162.600006103515625</ele>
        <time>2026-09-05T20:54:21.000Z</time>
        <extensions>
          <ns3:TrackPointExtension/>
        </extensions>
      </trkpt>
      <trkpt lat="43.24710859917104244232177734375" lon="-79.99920238740742206573486328125">
        <ele>162.1999969482421875</ele>
        <time>2026-09-05T20:54:25.000Z</time>
        <extensions>
          <ns3:TrackPointExtension/>
        </extensions>
      </trkpt>
      <trkpt lat="43.2470461539924144744873046875" lon="-79.9991712905466556549072265625">
        <ele>161.8000030517578125</ele>
        <time>2026-09-05T20:54:30.000Z</time>
        <extensions>
          <ns3:TrackPointExtension/>
        </extensions>
      </trkpt>
      <trkpt lat="43.2470159791409969329833984375" lon="-79.99914027750492095947265625">
        <ele>161.600006103515625</ele>
        <time>2026-09-05T20:54:33.000Z</time>
        <extensions>
          <ns3:TrackPointExtension/>
        </extensions>
      </trkpt>
      <trkpt lat="43.24696241877973079681396484375" lon="-79.9990971945226192474365234375">
        <ele>161</ele>
        <time>2026-09-05T20:54:40.000Z</time>
        <extensions>
          <ns3:TrackPointExtension/>
        </extensions>
      </trkpt>
      <trkpt lat="43.2469395361840724945068359375" lon="-79.99905553646385669708251953125">
        <ele>160.600006103515625</ele>
        <time>2026-09-05T20:54:45.000Z</time>
        <extensions>
          <ns3:TrackPointExtension/>
        </extensions>
      </trkpt>
      <trkpt lat="43.24687843210995197296142578125" lon="-79.99896819703280925750732421875">
        <ele>160</ele>
        <time>2026-09-05T20:54:52.000Z</time>
        <extensions>
          <ns3:TrackPointExtension/>
        </extensions>
      </trkpt>
      <trkpt lat="43.24685429222881793975830078125" lon="-79.99887733720242977142333984375">
        <ele>159.399993896484375</ele>
        <time>2026-09-05T20:54:57.000Z</time>
        <extensions>
          <ns3:TrackPointExtension/>
        </extensions>
      </trkpt>
      <trkpt lat="43.24684943072497844696044921875" lon="-79.99878245405852794647216796875">
        <ele>159</ele>
        <time>2026-09-05T20:55:02.000Z</time>
        <extensions>
          <ns3:TrackPointExtension/>
        </extensions>
      </trkpt>
      <trkpt lat="43.246874324977397918701171875" lon="-79.99865840189158916473388671875">
        <ele>158.399993896484375</ele>
        <time>2026-09-05T20:55:09.000Z</time>
        <extensions>
          <ns3:TrackPointExtension/>
        </extensions>
      </trkpt>
      <trkpt lat="43.24689854867756366729736328125" lon="-79.99854608438909053802490234375">
        <ele>158</ele>
        <time>2026-09-05T20:55:14.000Z</time>
        <extensions>
          <ns3:TrackPointExtension/>
        </extensions>
      </trkpt>
      <trkpt lat="43.246886394917964935302734375" lon="-79.998388923704624176025390625">
        <ele>157.399993896484375</ele>
        <time>2026-09-05T20:55:22.000Z</time>
        <extensions>
          <ns3:TrackPointExtension/>
        </extensions>
      </trkpt>
      <trkpt lat="43.24688228778541088104248046875" lon="-79.9983666278421878814697265625">
        <ele>157.1999969482421875</ele>
        <time>2026-09-05T20:55:23.000Z</time>
        <extensions>
          <ns3:TrackPointExtension/>
        </extensions>
      </trkpt>
      <trkpt lat="43.24685253202915191650390625" lon="-79.998201169073581695556640625">
        <ele>156.399993896484375</ele>
        <time>2026-09-05T20:55:33.000Z</time>
        <extensions>
          <ns3:TrackPointExtension/>
        </extensions>
      </trkpt>
      <trkpt lat="43.246848173439502716064453125" lon="-79.99815163202583789825439453125">
        <ele>156.1999969482421875</ele>
        <time>2026-09-05T20:55:36.000Z</time>
        <extensions>
          <ns3:TrackPointExtension/>
        </extensions>
      </trkpt>
      <trkpt lat="43.24683803133666515350341796875" lon="-79.99809312634170055389404296875">
        <ele>156</ele>
        <time>2026-09-05T20:55:40.000Z</time>
        <extensions>
          <ns3:TrackPointExtension/>
        </extensions>
      </trkpt>
      <trkpt lat="43.2467910088598728179931640625" lon="-79.99794560484588146209716796875">
        <ele>155.399993896484375</ele>
        <time>2026-09-05T20:55:49.000Z</time>
        <extensions>
          <ns3:TrackPointExtension/>
        </extensions>
      </trkpt>
      <trkpt lat="43.2467779330909252166748046875" lon="-79.99790352769196033477783203125">
        <ele>155.1999969482421875</ele>
        <time>2026-09-05T20:55:51.000Z</time>
        <extensions>
          <ns3:TrackPointExtension/>
        </extensions>
      </trkpt>
      <trkpt lat="43.246723450720310211181640625" lon="-79.997828006744384765625">
        <ele>155</ele>
        <time>2026-09-05T20:55:57.000Z</time>
        <extensions>
          <ns3:TrackPointExtension/>
        </extensions>
      </trkpt>
      <trkpt lat="43.24662295170128345489501953125" lon="-79.99773974530398845672607421875">
        <ele>154.399993896484375</ele>
        <time>2026-09-05T20:56:06.000Z</time>
        <extensions>
          <ns3:TrackPointExtension/>
        </extensions>
      </trkpt>
      <trkpt lat="43.24659076519310474395751953125" lon="-79.9977027811110019683837890625">
        <ele>154.1999969482421875</ele>
        <time>2026-09-05T20:56:09.000Z</time>
        <extensions>
          <ns3:TrackPointExtension/>
        </extensions>
      </trkpt>
      <trkpt lat="43.24653577990829944610595703125" lon="-79.99766447581350803375244140625">
        <ele>154</ele>
        <time>2026-09-05T20:56:13.000Z</time>
        <extensions>
          <ns3:TrackPointExtension/>
        </extensions>
      </trkpt>
      <trkpt lat="43.24645020067691802978515625" lon="-79.99753824435174465179443359375">
        <ele>153.600006103515625</ele>
        <time>2026-09-05T20:56:23.000Z</time>
        <extensions>
          <ns3:TrackPointExtension/>
        </extensions>
      </trkpt>
      <trkpt lat="43.2464101351797580718994140625" lon="-79.99749549664556980133056640625">
        <ele>153.1999969482421875</ele>
        <time>2026-09-05T20:56:28.000Z</time>
        <extensions>
          <ns3:TrackPointExtension/>
        </extensions>
      </trkpt>
      <trkpt lat="43.24636378325521945953369140625" lon="-79.99743263237178325653076171875">
        <ele>153</ele>
        <time>2026-09-05T20:56:33.000Z</time>
        <extensions>
          <ns3:TrackPointExtension/>
        </extensions>
      </trkpt>
      <trkpt lat="43.2462693192064762115478515625" lon="-79.99737412668764591217041015625">
        <ele>152.399993896484375</ele>
        <time>2026-09-05T20:56:41.000Z</time>
        <extensions>
          <ns3:TrackPointExtension/>
        </extensions>
      </trkpt>
      <trkpt lat="43.24623369611799716949462890625" lon="-79.9973494000732898712158203125">
        <ele>152.1999969482421875</ele>
        <time>2026-09-05T20:56:45.000Z</time>
        <extensions>
          <ns3:TrackPointExtension/>
        </extensions>
      </trkpt>
      <trkpt lat="43.2461741007864475250244140625" lon="-79.99730858020484447479248046875">
        <ele>151.8000030517578125</ele>
        <time>2026-09-05T20:56:51.000Z</time>
        <extensions>
          <ns3:TrackPointExtension/>
        </extensions>
      </trkpt>
      <trkpt lat="43.24610075913369655609130859375" lon="-79.99726063571870326995849609375">
        <ele>151.399993896484375</ele>
        <time>2026-09-05T20:56:59.000Z</time>
        <extensions>
          <ns3:TrackPointExtension/>
        </extensions>
      </trkpt>
      <trkpt lat="43.246066980063915252685546875" lon="-79.99723968096077442169189453125">
        <ele>151.1999969482421875</ele>
        <time>2026-09-05T20:57:04.000Z</time>
        <extensions>
          <ns3:TrackPointExtension/>
        </extensions>
      </trkpt>
      <trkpt lat="43.246046863496303558349609375" lon="-79.99721855856478214263916015625">
        <ele>151.1999969482421875</ele>
        <time>2026-09-05T20:57:06.000Z</time>
        <extensions>
          <ns3:TrackPointExtension/>
        </extensions>
      </trkpt>
      <trkpt lat="43.2460269145667552947998046875" lon="-79.9971800856292247772216796875">
        <ele>151</ele>
        <time>2026-09-05T20:57:09.000Z</time>
        <extensions>
          <ns3:TrackPointExtension/>
        </extensions>
      </trkpt>
      <trkpt lat="43.2460000924766063690185546875" lon="-79.997142367064952850341796875">
        <ele>150.8000030517578125</ele>
        <time>2026-09-05T20:57:13.000Z</time>
        <extensions>
          <ns3:TrackPointExtension/>
        </extensions>
      </trkpt>
      <trkpt lat="43.24593295343220233917236328125" lon="-79.99703080393373966217041015625">
        <ele>150.8000030517578125</ele>
        <time>2026-09-05T20:57:21.000Z</time>
        <extensions>
          <ns3:TrackPointExtension/>
        </extensions>
      </trkpt>
      <trkpt lat="43.245838321745395660400390625" lon="-79.99691127799451351165771484375">
        <ele>150.600006103515625</ele>
        <time>2026-09-05T20:57:29.000Z</time>
        <extensions>
          <ns3:TrackPointExtension/>
        </extensions>
      </trkpt>
      <trkpt lat="43.24572893790900707244873046875" lon="-79.996827878057956695556640625">
        <ele>150.600006103515625</ele>
        <time>2026-09-05T20:57:38.000Z</time>
        <extensions>
          <ns3:TrackPointExtension/>
        </extensions>
      </trkpt>
      <trkpt lat="43.24569658376276493072509765625" lon="-79.99681337736546993255615234375">
        <ele>150.600006103515625</ele>
        <time>2026-09-05T20:57:40.000Z</time>
        <extensions>
          <ns3:TrackPointExtension/>
        </extensions>
      </trkpt>
      <trkpt lat="43.24562408030033111572265625" lon="-79.99679468572139739990234375">
        <ele>150.600006103515625</ele>
        <time>2026-09-05T20:57:46.000Z</time>
        <extensions>
          <ns3:TrackPointExtension/>
        </extensions>
      </trkpt>
      <trkpt lat="43.245537243783473968505859375" lon="-79.9967770837247371673583984375">
        <ele>150.600006103515625</ele>
        <time>2026-09-05T20:57:54.000Z</time>
        <extensions>
          <ns3:TrackPointExtension/>
        </extensions>
      </trkpt>
      <trkpt lat="43.24550698511302471160888671875" lon="-79.99676308594644069671630859375">
        <ele>150.600006103515625</ele>
        <time>2026-09-05T20:58:04.000Z</time>
        <extensions>
          <ns3:TrackPointExtension/>
        </extensions>
      </trkpt>
      <trkpt lat="43.24539030902087688446044921875" lon="-79.9967505969107151031494140625">
        <ele>150.600006103515625</ele>
        <time>2026-09-05T20:58:13.000Z</time>
        <extensions>
          <ns3:TrackPointExtension/>
        </extensions>
      </trkpt>
      <trkpt lat="43.245204649865627288818359375" lon="-79.99675470404326915740966796875">
        <ele>150.600006103515625</ele>
        <time>2026-09-05T20:58:27.000Z</time>
        <extensions>
          <ns3:TrackPointExtension/>
        </extensions>
      </trkpt>
      <trkpt lat="43.2450814358890056610107421875" lon="-79.996696449816226959228515625">
        <ele>150.8000030517578125</ele>
        <time>2026-09-05T20:58:40.000Z</time>
        <extensions>
          <ns3:TrackPointExtension/>
        </extensions>
      </trkpt>
      <trkpt lat="43.2449604012072086334228515625" lon="-79.996655881404876708984375">
        <ele>151</ele>
        <time>2026-09-05T20:58:54.000Z</time>
        <extensions>
          <ns3:TrackPointExtension/>
        </extensions>
      </trkpt>
      <trkpt lat="43.24485738761723041534423828125" lon="-79.9966161511838436126708984375">
        <ele>151.399993896484375</ele>
        <time>2026-09-05T20:59:06.000Z</time>
        <extensions>
          <ns3:TrackPointExtension/>
        </extensions>
      </trkpt>
      <trkpt lat="43.24474431574344635009765625" lon="-79.99652319587767124176025390625">
        <ele>151.600006103515625</ele>
        <time>2026-09-05T20:59:20.000Z</time>
        <extensions>
          <ns3:TrackPointExtension/>
        </extensions>
      </trkpt>
      <trkpt lat="43.24464197270572185516357421875" lon="-79.99636410735547542572021484375">
        <ele>151.8000030517578125</ele>
        <time>2026-09-05T20:59:36.000Z</time>
        <extensions>
          <ns3:TrackPointExtension/>
        </extensions>
      </trkpt>
      <trkpt lat="43.2445305772125720977783203125" lon="-79.9961568228900432586669921875">
        <ele>151.600006103515625</ele>
        <time>2026-09-05T20:59:49.000Z</time>
        <extensions>
          <ns3:TrackPointExtension/>
        </extensions>
      </trkpt>
      <trkpt lat="43.244498558342456817626953125" lon="-79.99610862694680690765380859375">
        <ele>151.399993896484375</ele>
        <time>2026-09-05T20:59:52.000Z</time>
        <extensions>
          <ns3:TrackPointExtension/>
        </extensions>
      </trkpt>
      <trkpt lat="43.2443740032613277435302734375" lon="-79.99599982984364032745361328125">
        <ele>151</ele>
        <time>2026-09-05T21:00:04.000Z</time>
        <extensions>
          <ns3:TrackPointExtension/>
        </extensions>
      </trkpt>
      <trkpt lat="43.2441983185708522796630859375" lon="-79.99594182707369327545166015625">
        <ele>150.399993896484375</ele>
        <time>2026-09-05T21:00:19.000Z</time>
        <extensions>
          <ns3:TrackPointExtension/>
        </extensions>
      </trkpt>
      <trkpt lat="43.24414811097085475921630859375" lon="-79.99592606909573078155517578125">
        <ele>150.1999969482421875</ele>
        <time>2026-09-05T21:00:23.000Z</time>
        <extensions>
          <ns3:TrackPointExtension/>
        </extensions>
      </trkpt>
      <trkpt lat="43.24403244070708751678466796875" lon="-79.99584040604531764984130859375">
        <ele>149.600006103515625</ele>
        <time>2026-09-05T21:00:33.000Z</time>
        <extensions>
          <ns3:TrackPointExtension/>
        </extensions>
      </trkpt>
      <trkpt lat="43.24393772520124912261962890625" lon="-79.9958176910877227783203125">
        <ele>149.1999969482421875</ele>
        <time>2026-09-05T21:00:41.000Z</time>
        <extensions>
          <ns3:TrackPointExtension/>
        </extensions>
      </trkpt>
      <trkpt lat="43.243891708552837371826171875" lon="-79.99581408686935901641845703125">
        <ele>148.8000030517578125</ele>
        <time>2026-09-05T21:00:45.000Z</time>
        <extensions>
          <ns3:TrackPointExtension/>
        </extensions>
      </trkpt>
      <trkpt lat="43.24372046627104282379150390625" lon="-79.995852895081043243408203125">
        <ele>148</ele>
        <time>2026-09-05T21:00:57.000Z</time>
        <extensions>
          <ns3:TrackPointExtension/>
        </extensions>
      </trkpt>
      <trkpt lat="43.2437084801495075225830078125" lon="-79.9958584271371364593505859375">
        <ele>148</ele>
        <time>2026-09-05T21:00:58.000Z</time>
        <extensions>
          <ns3:TrackPointExtension/>
        </extensions>
      </trkpt>
      <trkpt lat="43.2435299456119537353515625" lon="-79.99590729363262653350830078125">
        <ele>147.1999969482421875</ele>
        <time>2026-09-05T21:01:11.000Z</time>
        <extensions>
          <ns3:TrackPointExtension/>
        </extensions>
      </trkpt>
      <trkpt lat="43.243483006954193115234375" lon="-79.995919950306415557861328125">
        <ele>147</ele>
        <time>2026-09-05T21:01:15.000Z</time>
        <extensions>
          <ns3:TrackPointExtension/>
        </extensions>
      </trkpt>
      <trkpt lat="43.2434737868607044219970703125" lon="-79.9959264881908893585205078125">
        <ele>147</ele>
        <time>2026-09-05T21:01:16.000Z</time>
        <extensions>
          <ns3:TrackPointExtension/>
        </extensions>
      </trkpt>
      <trkpt lat="43.24328661896288394927978515625" lon="-79.995946101844310760498046875">
        <ele>146.399993896484375</ele>
        <time>2026-09-05T21:01:30.000Z</time>
        <extensions>
          <ns3:TrackPointExtension/>
        </extensions>
      </trkpt>
      <trkpt lat="43.2432504929602146148681640625" lon="-79.9959410727024078369140625">
        <ele>146.1999969482421875</ele>
        <time>2026-09-05T21:01:32.000Z</time>
        <extensions>
          <ns3:TrackPointExtension/>
        </extensions>
      </trkpt>
      <trkpt lat="43.243176229298114776611328125" lon="-79.99592305161058902740478515625">
        <ele>146</ele>
        <time>2026-09-05T21:01:38.000Z</time>
        <extensions>
          <ns3:TrackPointExtension/>
        </extensions>
      </trkpt>
      <trkpt lat="43.24307992123067378997802734375" lon="-79.99592833220958709716796875">
        <ele>145.8000030517578125</ele>
        <time>2026-09-05T21:01:46.000Z</time>
        <extensions>
          <ns3:TrackPointExtension/>
        </extensions>
      </trkpt>
      <trkpt lat="43.24289635755121707916259765625" lon="-79.995884411036968231201171875">
        <ele>145.1999969482421875</ele>
        <time>2026-09-05T21:02:00.000Z</time>
        <extensions>
          <ns3:TrackPointExtension/>
        </extensions>
      </trkpt>
      <trkpt lat="43.2428330741822719573974609375" lon="-79.9958537332713603973388671875">
        <ele>145.1999969482421875</ele>
        <time>2026-09-05T21:02:03.000Z</time>
        <extensions>
          <ns3:TrackPointExtension/>
        </extensions>
      </trkpt>
      <trkpt lat="43.24272167868912220001220703125" lon="-79.99585817568004131317138671875">
        <ele>145</ele>
        <time>2026-09-05T21:02:09.000Z</time>
        <extensions>
          <ns3:TrackPointExtension/>
        </extensions>
      </trkpt>
      <trkpt lat="43.2426684536039829254150390625" lon="-79.99587644822895526885986328125">
        <ele>145</ele>
        <time>2026-09-05T21:02:12.000Z</time>
        <extensions>
          <ns3:TrackPointExtension/>
        </extensions>
      </trkpt>
      <trkpt lat="43.2425430603325366973876953125" lon="-79.99596856534481048583984375">
        <ele>144.8000030517578125</ele>
        <time>2026-09-05T21:02:21.000Z</time>
        <extensions>
          <ns3:TrackPointExtension/>
        </extensions>
      </trkpt>
      <trkpt lat="43.24248329736292362213134765625" lon="-79.9960810504853725433349609375">
        <ele>144.600006103515625</ele>
        <time>2026-09-05T21:02:28.000Z</time>
        <extensions>
          <ns3:TrackPointExtension/>
        </extensions>
      </trkpt>
      <trkpt lat="43.24244373477995395660400390625" lon="-79.9962272308766841888427734375">
        <ele>144.600006103515625</ele>
        <time>2026-09-05T21:02:36.000Z</time>
        <extensions>
          <ns3:TrackPointExtension/>
        </extensions>
      </trkpt>
      <trkpt lat="43.2424112968146800994873046875" lon="-79.99637366272509098052978515625">
        <ele>144.600006103515625</ele>
        <time>2026-09-05T21:02:44.000Z</time>
        <extensions>
          <ns3:TrackPointExtension/>
        </extensions>
      </trkpt>
      <trkpt lat="43.24241339229047298431396484375" lon="-79.9965418875217437744140625">
        <ele>144.399993896484375</ele>
        <time>2026-09-05T21:02:52.000Z</time>
        <extensions>
          <ns3:TrackPointExtension/>
        </extensions>
      </trkpt>
      <trkpt lat="43.2424045912921428680419921875" lon="-79.996686391532421112060546875">
        <ele>144.399993896484375</ele>
        <time>2026-09-05T21:03:00.000Z</time>
        <extensions>
          <ns3:TrackPointExtension/>
        </extensions>
      </trkpt>
      <trkpt lat="43.242395706474781036376953125" lon="-79.996816813945770263671875">
        <ele>144.1999969482421875</ele>
        <time>2026-09-05T21:03:07.000Z</time>
        <extensions>
          <ns3:TrackPointExtension/>
        </extensions>
      </trkpt>
      <trkpt lat="43.242393024265766143798828125" lon="-79.99699627049267292022705078125">
        <ele>144.1999969482421875</ele>
        <time>2026-09-05T21:03:16.000Z</time>
        <extensions>
          <ns3:TrackPointExtension/>
        </extensions>
      </trkpt>
      <trkpt lat="43.24241473339498043060302734375" lon="-79.99713473953306674957275390625">
        <ele>144.1999969482421875</ele>
        <time>2026-09-05T21:03:25.000Z</time>
        <extensions>
          <ns3:TrackPointExtension/>
        </extensions>
      </trkpt>
      <trkpt lat="43.24246820993721485137939453125" lon="-79.9972768127918243408203125">
        <ele>144.1999969482421875</ele>
        <time>2026-09-05T21:03:32.000Z</time>
        <extensions>
          <ns3:TrackPointExtension/>
        </extensions>
      </trkpt>
      <trkpt lat="43.24248882941901683807373046875" lon="-79.99739876948297023773193359375">
        <ele>144.1999969482421875</ele>
        <time>2026-09-05T21:03:40.000Z</time>
        <extensions>
          <ns3:TrackPointExtension/>
        </extensions>
      </trkpt>
      <trkpt lat="43.242507018148899078369140625" lon="-79.9975384958088397979736328125">
        <ele>144.1999969482421875</ele>
        <time>2026-09-05T21:03:48.000Z</time>
        <extensions>
          <ns3:TrackPointExtension/>
        </extensions>
      </trkpt>
      <trkpt lat="43.2425185851752758026123046875" lon="-79.99770470894873142242431640625">
        <ele>144.1999969482421875</ele>
        <time>2026-09-05T21:03:57.000Z</time>
        <extensions>
          <ns3:TrackPointExtension/>
        </extensions>
      </trkpt>
      <trkpt lat="43.24254130013287067413330078125" lon="-79.99784468673169612884521484375">
        <ele>144.1999969482421875</ele>
        <time>2026-09-05T21:04:04.000Z</time>
        <extensions>
          <ns3:TrackPointExtension/>
        </extensions>
      </trkpt>
      <trkpt lat="43.24256124906241893768310546875" lon="-79.99800511635839939117431640625">
        <ele>144.399993896484375</ele>
        <time>2026-09-05T21:04:13.000Z</time>
        <extensions>
          <ns3:TrackPointExtension/>
        </extensions>
      </trkpt>
      <trkpt lat="43.242592513561248779296875" lon="-79.99810972250998020172119140625">
        <ele>144.399993896484375</ele>
        <time>2026-09-05T21:04:22.000Z</time>
        <extensions>
          <ns3:TrackPointExtension/>
        </extensions>
      </trkpt>
      <trkpt lat="43.24260047636926174163818359375" lon="-79.998127408325672149658203125">
        <ele>144.399993896484375</ele>
        <time>2026-09-05T21:04:23.000Z</time>
        <extensions>
          <ns3:TrackPointExtension/>
        </extensions>
      </trkpt>
      <trkpt lat="43.24263987131416797637939453125" lon="-79.99817870557308197021484375">
        <ele>144.600006103515625</ele>
        <time>2026-09-05T21:04:29.000Z</time>
        <extensions>
          <ns3:TrackPointExtension/>
        </extensions>
      </trkpt>
      <trkpt lat="43.24265965260565280914306640625" lon="-79.99819974415004253387451171875">
        <ele>144.8000030517578125</ele>
        <time>2026-09-05T21:04:31.000Z</time>
        <extensions>
          <ns3:TrackPointExtension/>
        </extensions>
      </trkpt>
      <trkpt lat="43.24272000230848789215087890625" lon="-79.99827861785888671875">
        <ele>145</ele>
        <time>2026-09-05T21:04:37.000Z</time>
        <extensions>
          <ns3:TrackPointExtension/>
        </extensions>
      </trkpt>
      <trkpt lat="43.2427636720240116119384765625" lon="-79.99836000613868236541748046875">
        <ele>145.1999969482421875</ele>
        <time>2026-09-05T21:04:42.000Z</time>
        <extensions>
          <ns3:TrackPointExtension/>
        </extensions>
      </trkpt>
      <trkpt lat="43.24278202839195728302001953125" lon="-79.99842437915503978729248046875">
        <ele>145.1999969482421875</ele>
        <time>2026-09-05T21:04:45.000Z</time>
        <extensions>
          <ns3:TrackPointExtension/>
        </extensions>
      </trkpt>
      <trkpt lat="43.24277917854487895965576171875" lon="-79.9984635226428508758544921875">
        <ele>145.399993896484375</ele>
        <time>2026-09-05T21:04:47.000Z</time>
        <extensions>
          <ns3:TrackPointExtension/>
        </extensions>
      </trkpt>
      <trkpt lat="43.24274682439863681793212890625" lon="-79.998509623110294342041015625">
        <ele>145.399993896484375</ele>
        <time>2026-09-05T21:04:51.000Z</time>
        <extensions>
          <ns3:TrackPointExtension/>
        </extensions>
      </trkpt>
      <trkpt lat="43.24272888712584972381591796875" lon="-79.9985429830849170684814453125">
        <ele>145.600006103515625</ele>
        <time>2026-09-05T21:04:53.000Z</time>
        <extensions>
          <ns3:TrackPointExtension/>
        </extensions>
      </trkpt>
      <trkpt lat="43.2427023164927959442138671875" lon="-79.99864012934267520904541015625">
        <ele>145.8000030517578125</ele>
        <time>2026-09-05T21:04:59.000Z</time>
        <extensions>
          <ns3:TrackPointExtension/>
        </extensions>
      </trkpt>
      <trkpt lat="43.2426815293729305267333984375" lon="-79.9986687116324901580810546875">
        <ele>146</ele>
        <time>2026-09-05T21:05:02.000Z</time>
        <extensions>
          <ns3:TrackPointExtension/>
        </extensions>
      </trkpt>
      <trkpt lat="43.2426456548273563385009765625" lon="-79.99871858395636081695556640625">
        <ele>146.1999969482421875</ele>
        <time>2026-09-05T21:05:06.000Z</time>
        <extensions>
          <ns3:TrackPointExtension/>
        </extensions>
      </trkpt>
      <trkpt lat="43.24256862513720989227294921875" lon="-79.99878915958106517791748046875">
        <ele>146.600006103515625</ele>
        <time>2026-09-05T21:05:13.000Z</time>
        <extensions>
          <ns3:TrackPointExtension/>
        </extensions>
      </trkpt>
      <trkpt lat="43.24251464568078517913818359375" lon="-79.99886208213865756988525390625">
        <ele>147</ele>
        <time>2026-09-05T21:05:20.000Z</time>
        <extensions>
          <ns3:TrackPointExtension/>
        </extensions>
      </trkpt>
      <trkpt lat="43.24249067343771457672119140625" lon="-79.99890600331127643585205078125">
        <ele>147.1999969482421875</ele>
        <time>2026-09-05T21:05:23.000Z</time>
        <extensions>
          <ns3:TrackPointExtension/>
        </extensions>
      </trkpt>
      <trkpt lat="43.2424263842403888702392578125" lon="-79.999023936688899993896484375">
        <ele>147.600006103515625</ele>
        <time>2026-09-05T21:05:31.000Z</time>
        <extensions>
          <ns3:TrackPointExtension/>
        </extensions>
      </trkpt>
      <trkpt lat="43.24236913584172725677490234375" lon="-79.9990765750408172607421875">
        <ele>148</ele>
        <time>2026-09-05T21:05:38.000Z</time>
        <extensions>
          <ns3:TrackPointExtension/>
        </extensions>
      </trkpt>
      <trkpt lat="43.24231146834790706634521484375" lon="-79.99915343709290027618408203125">
        <ele>148</ele>
        <time>2026-09-05T21:05:45.000Z</time>
        <extensions>
          <ns3:TrackPointExtension/>
        </extensions>
      </trkpt>
      <trkpt lat="43.24228414334356784820556640625" lon="-79.99916953034698963165283203125">
        <ele>148.1999969482421875</ele>
        <time>2026-09-05T21:05:47.000Z</time>
        <extensions>
          <ns3:TrackPointExtension/>
        </extensions>
      </trkpt>
      <trkpt lat="43.242266960442066192626953125" lon="-79.99919216148555278778076171875">
        <ele>148.1999969482421875</ele>
        <time>2026-09-05T21:05:49.000Z</time>
        <extensions>
          <ns3:TrackPointExtension/>
        </extensions>
      </trkpt>
      <trkpt lat="43.24226084165275096893310546875" lon="-79.9992214143276214599609375">
        <ele>148.1999969482421875</ele>
        <time>2026-09-05T21:05:51.000Z</time>
        <extensions>
          <ns3:TrackPointExtension/>
        </extensions>
      </trkpt>
      <trkpt lat="43.24225195683538913726806640625" lon="-79.999255947768688201904296875">
        <ele>148.1999969482421875</ele>
        <time>2026-09-05T21:05:53.000Z</time>
        <extensions>
          <ns3:TrackPointExtension/>
        </extensions>
      </trkpt>
      <trkpt lat="43.24226084165275096893310546875" lon="-79.99939802102744579315185546875">
        <ele>148.1999969482421875</ele>
        <time>2026-09-05T21:06:00.000Z</time>
        <extensions>
          <ns3:TrackPointExtension/>
        </extensions>
      </trkpt>
      <trkpt lat="43.24227266013622283935546875" lon="-79.99955342151224613189697265625">
        <ele>148</ele>
        <time>2026-09-05T21:06:08.000Z</time>
        <extensions>
          <ns3:TrackPointExtension/>
        </extensions>
      </trkpt>
      <trkpt lat="43.2422788627445697784423828125" lon="-79.99974687583744525909423828125">
        <ele>148</ele>
        <time>2026-09-05T21:06:17.000Z</time>
        <extensions>
          <ns3:TrackPointExtension/>
        </extensions>
      </trkpt>
      <trkpt lat="43.24225480668246746063232421875" lon="-79.99978057108819484710693359375">
        <ele>148</ele>
        <time>2026-09-05T21:06:19.000Z</time>
        <extensions>
          <ns3:TrackPointExtension/>
        </extensions>
      </trkpt>
      <trkpt lat="43.242239467799663543701171875" lon="-79.999831616878509521484375">
        <ele>147.8000030517578125</ele>
        <time>2026-09-05T21:06:23.000Z</time>
        <extensions>
          <ns3:TrackPointExtension/>
        </extensions>
      </trkpt>
      <trkpt lat="43.242174088954925537109375" lon="-79.999917782843112945556640625">
        <ele>147.8000030517578125</ele>
        <time>2026-09-05T21:06:30.000Z</time>
        <extensions>
          <ns3:TrackPointExtension/>
        </extensions>
      </trkpt>
      <trkpt lat="43.24211164377629756927490234375" lon="-79.99997838400304317474365234375">
        <ele>147.600006103515625</ele>
        <time>2026-09-05T21:06:37.000Z</time>
        <extensions>
          <ns3:TrackPointExtension/>
        </extensions>
      </trkpt>
      <trkpt lat="43.24201659299433231353759765625" lon="-80.00004510395228862762451171875">
        <ele>147.1999969482421875</ele>
        <time>2026-09-05T21:06:45.000Z</time>
        <extensions>
          <ns3:TrackPointExtension/>
        </extensions>
      </trkpt>
      <trkpt lat="43.24196931906044483184814453125" lon="-80.0001013465225696563720703125">
        <ele>147</ele>
        <time>2026-09-05T21:06:49.000Z</time>
        <extensions>
          <ns3:TrackPointExtension/>
        </extensions>
      </trkpt>
      <trkpt lat="43.241949118673801422119140625" lon="-80.00013344921171665191650390625">
        <ele>147</ele>
        <time>2026-09-05T21:06:51.000Z</time>
        <extensions>
          <ns3:TrackPointExtension/>
        </extensions>
      </trkpt>
      <trkpt lat="43.24186898767948150634765625" lon="-80.000271834433078765869140625">
        <ele>146.399993896484375</ele>
        <time>2026-09-05T21:07:01.000Z</time>
        <extensions>
          <ns3:TrackPointExtension/>
        </extensions>
      </trkpt>
      <trkpt lat="43.24182699434459209442138671875" lon="-80.000422708690166473388671875">
        <ele>146.1999969482421875</ele>
        <time>2026-09-05T21:07:09.000Z</time>
        <extensions>
          <ns3:TrackPointExtension/>
        </extensions>
      </trkpt>
      <trkpt lat="43.2418232224881649017333984375" lon="-80.00044173561036586761474609375">
        <ele>146</ele>
        <time>2026-09-05T21:07:10.000Z</time>
        <extensions>
          <ns3:TrackPointExtension/>
        </extensions>
      </trkpt>
      <trkpt lat="43.24176178313791751861572265625" lon="-80.00058724544942378997802734375">
        <ele>145.600006103515625</ele>
        <time>2026-09-05T21:07:19.000Z</time>
        <extensions>
          <ns3:TrackPointExtension/>
        </extensions>
      </trkpt>
      <trkpt lat="43.2416723482310771942138671875" lon="-80.00070509500801563262939453125">
        <ele>145.1999969482421875</ele>
        <time>2026-09-05T21:07:28.000Z</time>
        <extensions>
          <ns3:TrackPointExtension/>
        </extensions>
      </trkpt>
      <trkpt lat="43.24158609844744205474853515625" lon="-80.00079226680099964141845703125">
        <ele>145</ele>
        <time>2026-09-05T21:07:35.000Z</time>
        <extensions>
          <ns3:TrackPointExtension/>
        </extensions>
      </trkpt>
      <trkpt lat="43.2415526546537876129150390625" lon="-80.00082462094724178314208984375">
        <ele>145</ele>
        <time>2026-09-05T21:07:38.000Z</time>
        <extensions>
          <ns3:TrackPointExtension/>
        </extensions>
      </trkpt>
      <trkpt lat="43.24149238876998424530029296875" lon="-80.000929646193981170654296875">
        <ele>144.600006103515625</ele>
        <time>2026-09-05T21:07:46.000Z</time>
        <extensions>
          <ns3:TrackPointExtension/>
        </extensions>
      </trkpt>
      <trkpt lat="43.2414289377629756927490234375" lon="-80.00102042220532894134521484375">
        <ele>144.600006103515625</ele>
        <time>2026-09-05T21:07:54.000Z</time>
        <extensions>
          <ns3:TrackPointExtension/>
        </extensions>
      </trkpt>
      <trkpt lat="43.24136783368885517120361328125" lon="-80.001127459108829498291015625">
        <ele>144.399993896484375</ele>
        <time>2026-09-05T21:08:02.000Z</time>
        <extensions>
          <ns3:TrackPointExtension/>
        </extensions>
      </trkpt>
      <trkpt lat="43.241308070719242095947265625" lon="-80.00117003917694091796875">
        <ele>144.1999969482421875</ele>
        <time>2026-09-05T21:08:10.000Z</time>
        <extensions>
          <ns3:TrackPointExtension/>
        </extensions>
      </trkpt>
      <trkpt lat="43.24126473627984523773193359375" lon="-80.00116475857794284820556640625">
        <ele>144.1999969482421875</ele>
        <time>2026-09-05T21:08:17.000Z</time>
        <extensions>
          <ns3:TrackPointExtension/>
        </extensions>
      </trkpt>
      <trkpt lat="43.24123372323811054229736328125" lon="-80.0011001341044902801513671875">
        <ele>144</ele>
        <time>2026-09-05T21:08:25.000Z</time>
        <extensions>
          <ns3:TrackPointExtension/>
        </extensions>
      </trkpt>
      <trkpt lat="43.24119315482676029205322265625" lon="-80.00104657374322414398193359375">
        <ele>144</ele>
        <time>2026-09-05T21:08:29.000Z</time>
        <extensions>
          <ns3:TrackPointExtension/>
        </extensions>
      </trkpt>
      <trkpt lat="43.2411560229957103729248046875" lon="-80.00104129314422607421875">
        <ele>144</ele>
        <time>2026-09-05T21:08:33.000Z</time>
        <extensions>
          <ns3:TrackPointExtension/>
        </extensions>
      </trkpt>
      <trkpt lat="43.24112140573561191558837890625" lon="-80.0010468252003192901611328125">
        <ele>144</ele>
        <time>2026-09-05T21:08:36.000Z</time>
        <extensions>
          <ns3:TrackPointExtension/>
        </extensions>
      </trkpt>
      <trkpt lat="43.241106569766998291015625" lon="-80.0010910816490650177001953125">
        <ele>144</ele>
        <time>2026-09-05T21:08:40.000Z</time>
        <extensions>
          <ns3:TrackPointExtension/>
        </extensions>
      </trkpt>
      <trkpt lat="43.24111662805080413818359375" lon="-80.0012037344276905059814453125">
        <ele>144.1999969482421875</ele>
        <time>2026-09-05T21:08:47.000Z</time>
        <extensions>
          <ns3:TrackPointExtension/>
        </extensions>
      </trkpt>
      <trkpt lat="43.24107999913394451141357421875" lon="-80.00127908773720264434814453125">
        <ele>144.399993896484375</ele>
        <time>2026-09-05T21:08:55.000Z</time>
        <extensions>
          <ns3:TrackPointExtension/>
        </extensions>
      </trkpt>
      <trkpt lat="43.24103507213294506072998046875" lon="-80.00127137638628482818603515625">
        <ele>144.8000030517578125</ele>
        <time>2026-09-05T21:09:03.000Z</time>
        <extensions>
          <ns3:TrackPointExtension/>
        </extensions>
      </trkpt>
      <trkpt lat="43.2410333119332790374755859375" lon="-80.00124019570648670196533203125">
        <ele>145</ele>
        <time>2026-09-05T21:09:09.000Z</time>
        <extensions>
          <ns3:TrackPointExtension/>
        </extensions>
      </trkpt>
      <trkpt lat="43.24101495556533336639404296875" lon="-80.0011940114200115203857421875">
        <ele>145.1999969482421875</ele>
        <time>2026-09-05T21:09:12.000Z</time>
        <extensions>
          <ns3:TrackPointExtension/>
        </extensions>
      </trkpt>
      <trkpt lat="43.2409669272601604461669921875" lon="-80.0011504255235195159912109375">
        <ele>145.600006103515625</ele>
        <time>2026-09-05T21:09:20.000Z</time>
        <extensions>
          <ns3:TrackPointExtension/>
        </extensions>
      </trkpt>
      <trkpt lat="43.24094773270189762115478515625" lon="-80.0011202506721019744873046875">
        <ele>146.1999969482421875</ele>
        <time>2026-09-05T21:09:26.000Z</time>
        <extensions>
          <ns3:TrackPointExtension/>
        </extensions>
      </trkpt>
      <trkpt lat="43.24093155562877655029296875" lon="-80.0011081807315349578857421875">
        <ele>146.399993896484375</ele>
        <time>2026-09-05T21:09:29.000Z</time>
        <extensions>
          <ns3:TrackPointExtension/>
        </extensions>
      </trkpt>
      <trkpt lat="43.24086139909923076629638671875" lon="-80.00108680687844753265380859375">
        <ele>147</ele>
        <time>2026-09-05T21:09:37.000Z</time>
        <extensions>
          <ns3:TrackPointExtension/>
        </extensions>
      </trkpt>
      <trkpt lat="43.240842036902904510498046875" lon="-80.00107272528111934661865234375">
        <ele>147.1999969482421875</ele>
        <time>2026-09-05T21:09:39.000Z</time>
        <extensions>
          <ns3:TrackPointExtension/>
        </extensions>
      </trkpt>
      <trkpt lat="43.24077825061976909637451171875" lon="-80.00102729536592960357666015625">
        <ele>147.8000030517578125</ele>
        <time>2026-09-05T21:09:46.000Z</time>
        <extensions>
          <ns3:TrackPointExtension/>
        </extensions>
      </trkpt>
      <trkpt lat="43.24073315598070621490478515625" lon="-80.001010783016681671142578125">
        <ele>148.1999969482421875</ele>
        <time>2026-09-05T21:09:51.000Z</time>
        <extensions>
          <ns3:TrackPointExtension/>
        </extensions>
      </trkpt>
      <trkpt lat="43.24069962836802005767822265625" lon="-80.0009817816317081451416015625">
        <ele>148.600006103515625</ele>
        <time>2026-09-05T21:09:55.000Z</time>
        <extensions>
          <ns3:TrackPointExtension/>
        </extensions>
      </trkpt>
      <trkpt lat="43.24063475243747234344482421875" lon="-80.0008872337639331817626953125">
        <ele>149.1999969482421875</ele>
        <time>2026-09-05T21:10:02.000Z</time>
        <extensions>
          <ns3:TrackPointExtension/>
        </extensions>
      </trkpt>
      <trkpt lat="43.2406168989837169647216796875" lon="-80.000867284834384918212890625">
        <ele>149.399993896484375</ele>
        <time>2026-09-05T21:10:04.000Z</time>
        <extensions>
          <ns3:TrackPointExtension/>
        </extensions>
      </trkpt>
      <trkpt lat="43.24056677520275115966796875" lon="-80.00079344026744365692138671875">
        <ele>150.1999969482421875</ele>
        <time>2026-09-05T21:10:12.000Z</time>
        <extensions>
          <ns3:TrackPointExtension/>
        </extensions>
      </trkpt>
      <trkpt lat="43.24055998586118221282958984375" lon="-80.00077717937529087066650390625">
        <ele>150.399993896484375</ele>
        <time>2026-09-05T21:10:13.000Z</time>
        <extensions>
          <ns3:TrackPointExtension/>
        </extensions>
      </trkpt>
      <trkpt lat="43.240514136850833892822265625" lon="-80.00068145804107189178466796875">
        <ele>151</ele>
        <time>2026-09-05T21:10:20.000Z</time>
        <extensions>
          <ns3:TrackPointExtension/>
        </extensions>
      </trkpt>
      <trkpt lat="43.24049695394933223724365234375" lon="-80.00061892904341220855712890625">
        <ele>151.399993896484375</ele>
        <time>2026-09-05T21:10:24.000Z</time>
        <extensions>
          <ns3:TrackPointExtension/>
        </extensions>
      </trkpt>
      <trkpt lat="43.2404700480401515960693359375" lon="-80.00054801814258098602294921875">
        <ele>151.8000030517578125</ele>
        <time>2026-09-05T21:10:29.000Z</time>
        <extensions>
          <ns3:TrackPointExtension/>
        </extensions>
      </trkpt>
      <trkpt lat="43.24043492786586284637451171875" lon="-80.000456906855106353759765625">
        <ele>152.399993896484375</ele>
        <time>2026-09-05T21:10:37.000Z</time>
        <extensions>
          <ns3:TrackPointExtension/>
        </extensions>
      </trkpt>
      <trkpt lat="43.24033518321812152862548828125" lon="-80.0003055296838283538818359375">
        <ele>153.1999969482421875</ele>
        <time>2026-09-05T21:10:48.000Z</time>
        <extensions>
          <ns3:TrackPointExtension/>
        </extensions>
      </trkpt>
      <trkpt lat="43.24030869640409946441650390625" lon="-80.00025079585611820220947265625">
        <ele>153.399993896484375</ele>
        <time>2026-09-05T21:10:52.000Z</time>
        <extensions>
          <ns3:TrackPointExtension/>
        </extensions>
      </trkpt>
      <trkpt lat="43.24027650989592075347900390625" lon="-80.00016563571989536285400390625">
        <ele>153.8000030517578125</ele>
        <time>2026-09-05T21:10:58.000Z</time>
        <extensions>
          <ns3:TrackPointExtension/>
        </extensions>
      </trkpt>
      <trkpt lat="43.2402675412595272064208984375" lon="-80.00005625188350677490234375">
        <ele>154.399993896484375</ele>
        <time>2026-09-05T21:11:06.000Z</time>
        <extensions>
          <ns3:TrackPointExtension/>
        </extensions>
      </trkpt>
      <trkpt lat="43.2402672059834003448486328125" lon="-80.000028423964977264404296875">
        <ele>154.600006103515625</ele>
        <time>2026-09-05T21:11:08.000Z</time>
        <extensions>
          <ns3:TrackPointExtension/>
        </extensions>
      </trkpt>
      <trkpt lat="43.24025756679475307464599609375" lon="-79.9999360553920269012451171875">
        <ele>155</ele>
        <time>2026-09-05T21:11:14.000Z</time>
        <extensions>
          <ns3:TrackPointExtension/>
        </extensions>
      </trkpt>
      <trkpt lat="43.2402611710131168365478515625" lon="-79.99990512616932392120361328125">
        <ele>155</ele>
        <time>2026-09-05T21:11:16.000Z</time>
        <extensions>
          <ns3:TrackPointExtension/>
        </extensions>
      </trkpt>
      <trkpt lat="43.24025354348123073577880859375" lon="-79.9997875280678272247314453125">
        <ele>155.600006103515625</ele>
        <time>2026-09-05T21:11:22.000Z</time>
        <extensions>
          <ns3:TrackPointExtension/>
        </extensions>
      </trkpt>
      <trkpt lat="43.24025429785251617431640625" lon="-79.99972793273627758026123046875">
        <ele>155.8000030517578125</ele>
        <time>2026-09-05T21:11:25.000Z</time>
        <extensions>
          <ns3:TrackPointExtension/>
        </extensions>
      </trkpt>
      <trkpt lat="43.24026779271662235260009765625" lon="-79.9996004439890384674072265625">
        <ele>156.1999969482421875</ele>
        <time>2026-09-05T21:11:32.000Z</time>
        <extensions>
          <ns3:TrackPointExtension/>
        </extensions>
      </trkpt>
      <trkpt lat="43.240264356136322021484375" lon="-79.99951721169054508209228515625">
        <ele>156.600006103515625</ele>
        <time>2026-09-05T21:11:37.000Z</time>
        <extensions>
          <ns3:TrackPointExtension/>
        </extensions>
      </trkpt>
      <trkpt lat="43.24023862369358539581298828125" lon="-79.99947915785014629364013671875">
        <ele>156.8000030517578125</ele>
        <time>2026-09-05T21:11:40.000Z</time>
        <extensions>
          <ns3:TrackPointExtension/>
        </extensions>
      </trkpt>
      <trkpt lat="43.24012823402881622314453125" lon="-79.999434314668178558349609375">
        <ele>157.1999969482421875</ele>
        <time>2026-09-05T21:11:48.000Z</time>
        <extensions>
          <ns3:TrackPointExtension/>
        </extensions>
      </trkpt>
      <trkpt lat="43.240028321743011474609375" lon="-79.9994264356791973114013671875">
        <ele>157.600006103515625</ele>
        <time>2026-09-05T21:11:55.000Z</time>
        <extensions>
          <ns3:TrackPointExtension/>
        </extensions>
      </trkpt>
      <trkpt lat="43.23991902172565460205078125" lon="-79.99946524389088153839111328125">
        <ele>158</ele>
        <time>2026-09-05T21:12:02.000Z</time>
        <extensions>
          <ns3:TrackPointExtension/>
        </extensions>
      </trkpt>
      <trkpt lat="43.23981718160212039947509765625" lon="-79.9994869530200958251953125">
        <ele>158.399993896484375</ele>
        <time>2026-09-05T21:12:09.000Z</time>
        <extensions>
          <ns3:TrackPointExtension/>
        </extensions>
      </trkpt>
      <trkpt lat="43.23976789601147174835205078125" lon="-79.999514780938625335693359375">
        <ele>158.600006103515625</ele>
        <time>2026-09-05T21:12:13.000Z</time>
        <extensions>
          <ns3:TrackPointExtension/>
        </extensions>
      </trkpt>
      <trkpt lat="43.23970234952867031097412109375" lon="-79.99952224083244800567626953125">
        <ele>159</ele>
        <time>2026-09-05T21:12:18.000Z</time>
        <extensions>
          <ns3:TrackPointExtension/>
        </extensions>
      </trkpt>
      <trkpt lat="43.23958852328360080718994140625" lon="-79.9995662458240985870361328125">
        <ele>159.399993896484375</ele>
        <time>2026-09-05T21:12:26.000Z</time>
        <extensions>
          <ns3:TrackPointExtension/>
        </extensions>
      </trkpt>
      <trkpt lat="43.2395302690565586090087890625" lon="-79.99960790388286113739013671875">
        <ele>159.600006103515625</ele>
        <time>2026-09-05T21:12:31.000Z</time>
        <extensions>
          <ns3:TrackPointExtension/>
        </extensions>
      </trkpt>
      <trkpt lat="43.23950973339378833770751953125" lon="-79.9996225722134113311767578125">
        <ele>159.8000030517578125</ele>
        <time>2026-09-05T21:12:33.000Z</time>
        <extensions>
          <ns3:TrackPointExtension/>
        </extensions>
      </trkpt>
      <trkpt lat="43.2394347153604030609130859375" lon="-79.9997184611856937408447265625">
        <ele>160.399993896484375</ele>
        <time>2026-09-05T21:12:41.000Z</time>
        <extensions>
          <ns3:TrackPointExtension/>
        </extensions>
      </trkpt>
      <trkpt lat="43.23939842171967029571533203125" lon="-79.99975240789353847503662109375">
        <ele>160.8000030517578125</ele>
        <time>2026-09-05T21:12:47.000Z</time>
        <extensions>
          <ns3:TrackPointExtension/>
        </extensions>
      </trkpt>
      <trkpt lat="43.2393966615200042724609375" lon="-79.9997684173285961151123046875">
        <ele>160.8000030517578125</ele>
        <time>2026-09-05T21:12:49.000Z</time>
        <extensions>
          <ns3:TrackPointExtension/>
        </extensions>
      </trkpt>
      <trkpt lat="43.2393763773143291473388671875" lon="-79.9998314492404460906982421875">
        <ele>161.1999969482421875</ele>
        <time>2026-09-05T21:12:55.000Z</time>
        <extensions>
          <ns3:TrackPointExtension/>
        </extensions>
      </trkpt>
      <trkpt lat="43.23936606757342815399169921875" lon="-79.99986422248184680938720703125">
        <ele>161.399993896484375</ele>
        <time>2026-09-05T21:12:57.000Z</time>
        <extensions>
          <ns3:TrackPointExtension/>
        </extensions>
      </trkpt>
      <trkpt lat="43.23933371342718601226806640625" lon="-79.99994820915162563323974609375">
        <ele>161.8000030517578125</ele>
        <time>2026-09-05T21:13:03.000Z</time>
        <extensions>
          <ns3:TrackPointExtension/>
        </extensions>
      </trkpt>
      <trkpt lat="43.23931007646024227142333984375" lon="-79.99999615363776683807373046875">
        <ele>162</ele>
        <time>2026-09-05T21:13:06.000Z</time>
        <extensions>
          <ns3:TrackPointExtension/>
        </extensions>
      </trkpt>
      <trkpt lat="43.23924184776842594146728515625" lon="-80.00008902512490749359130859375">
        <ele>162.399993896484375</ele>
        <time>2026-09-05T21:13:14.000Z</time>
        <extensions>
          <ns3:TrackPointExtension/>
        </extensions>
      </trkpt>
      <trkpt lat="43.2392040453851222991943359375" lon="-80.00011618249118328094482421875">
        <ele>162.8000030517578125</ele>
        <time>2026-09-05T21:13:19.000Z</time>
        <extensions>
          <ns3:TrackPointExtension/>
        </extensions>
      </trkpt>
      <trkpt lat="43.23915534652769565582275390625" lon="-80.00011668540537357330322265625">
        <ele>163</ele>
        <time>2026-09-05T21:13:23.000Z</time>
        <extensions>
          <ns3:TrackPointExtension/>
        </extensions>
      </trkpt>
      <trkpt lat="43.23909516446292400360107421875" lon="-80.00011794269084930419921875">
        <ele>163.600006103515625</ele>
        <time>2026-09-05T21:13:31.000Z</time>
        <extensions>
          <ns3:TrackPointExtension/>
        </extensions>
      </trkpt>
      <trkpt lat="43.23909047059714794158935546875" lon="-80.00012942589819431304931640625">
        <ele>163.8000030517578125</ele>
        <time>2026-09-05T21:13:37.000Z</time>
        <extensions>
          <ns3:TrackPointExtension/>
        </extensions>
      </trkpt>
      <trkpt lat="43.2390934042632579803466796875" lon="-80.000133700668811798095703125">
        <ele>164.1999969482421875</ele>
        <time>2026-09-05T21:13:42.000Z</time>
        <extensions>
          <ns3:TrackPointExtension/>
        </extensions>
      </trkpt>
      <trkpt lat="43.2390913926064968109130859375" lon="-80.000141076743602752685546875">
        <ele>164.600006103515625</ele>
        <time>2026-09-05T21:13:51.000Z</time>
        <extensions>
          <ns3:TrackPointExtension/>
        </extensions>
      </trkpt>
      <trkpt lat="43.2390880398452281951904296875" lon="-80.00014736317098140716552734375">
        <ele>164.8000030517578125</ele>
        <time>2026-09-05T21:13:57.000Z</time>
        <extensions>
          <ns3:TrackPointExtension/>
        </extensions>
      </trkpt>
      <trkpt lat="43.23907068930566310882568359375" lon="-80.00013713724911212921142578125">
        <ele>165</ele>
        <time>2026-09-05T21:14:02.000Z</time>
        <extensions>
          <ns3:TrackPointExtension/>
        </extensions>
      </trkpt>
      <trkpt lat="43.239040262997150421142578125" lon="-80.00006161630153656005859375">
        <ele>165.399993896484375</ele>
        <time>2026-09-05T21:14:10.000Z</time>
        <extensions>
          <ns3:TrackPointExtension/>
        </extensions>
      </trkpt>
      <trkpt lat="43.23904772289097309112548828125" lon="-80.0000523962080478668212890625">
        <ele>165.8000030517578125</ele>
        <time>2026-09-05T21:14:18.000Z</time>
        <extensions>
          <ns3:TrackPointExtension/>
        </extensions>
      </trkpt>
      <trkpt lat="43.23904520832002162933349609375" lon="-80.00005532987415790557861328125">
        <ele>165.8000030517578125</ele>
        <time>2026-09-05T21:14:22.000Z</time>
        <extensions>
          <ns3:TrackPointExtension/>
        </extensions>
      </trkpt>
      <trkpt lat="43.23905191384255886077880859375" lon="-80.0000601075589656829833984375">
        <ele>166</ele>
        <time>2026-09-05T21:14:25.000Z</time>
        <extensions>
          <ns3:TrackPointExtension/>
        </extensions>
      </trkpt>
      <trkpt lat="43.23903531767427921295166015625" lon="-80.00008332543075084686279296875">
        <ele>166.399993896484375</ele>
        <time>2026-09-05T21:14:34.000Z</time>
        <extensions>
          <ns3:TrackPointExtension/>
        </extensions>
      </trkpt>
      <trkpt lat="43.23895518667995929718017578125" lon="-80.0000805594027042388916015625">
        <ele>166.600006103515625</ele>
        <time>2026-09-05T21:14:41.000Z</time>
        <extensions>
          <ns3:TrackPointExtension/>
        </extensions>
      </trkpt>
      <trkpt lat="43.23885795660316944122314453125" lon="-80.00006857328116893768310546875">
        <ele>166.8000030517578125</ele>
        <time>2026-09-05T21:14:50.000Z</time>
        <extensions>
          <ns3:TrackPointExtension/>
        </extensions>
      </trkpt>
      <trkpt lat="43.23875284753739833831787109375" lon="-80.0000762008130550384521484375">
        <ele>166.8000030517578125</ele>
        <time>2026-09-05T21:14:57.000Z</time>
        <extensions>
          <ns3:TrackPointExtension/>
        </extensions>
      </trkpt>
      <trkpt lat="43.23872954584658145904541015625" lon="-80.00006991438567638397216796875">
        <ele>166.8000030517578125</ele>
        <time>2026-09-05T21:14:59.000Z</time>
        <extensions>
          <ns3:TrackPointExtension/>
        </extensions>
      </trkpt>
      <trkpt lat="43.2386706210672855377197265625" lon="-80.00003102235496044158935546875">
        <ele>167</ele>
        <time>2026-09-05T21:15:05.000Z</time>
        <extensions>
          <ns3:TrackPointExtension/>
        </extensions>
      </trkpt>
      <trkpt lat="43.2385914959013462066650390625" lon="-79.99995701014995574951171875">
        <ele>167</ele>
        <time>2026-09-05T21:15:13.000Z</time>
        <extensions>
          <ns3:TrackPointExtension/>
        </extensions>
      </trkpt>
      <trkpt lat="43.23858319781720638275146484375" lon="-79.999947957694530487060546875">
        <ele>167</ele>
        <time>2026-09-05T21:15:14.000Z</time>
        <extensions>
          <ns3:TrackPointExtension/>
        </extensions>
      </trkpt>
      <trkpt lat="43.2385241053998470306396484375" lon="-79.999799430370330810546875">
        <ele>167</ele>
        <time>2026-09-05T21:15:22.000Z</time>
        <extensions>
          <ns3:TrackPointExtension/>
        </extensions>
      </trkpt>
      <trkpt lat="43.23849954642355442047119140625" lon="-79.99964453279972076416015625">
        <ele>167</ele>
        <time>2026-09-05T21:15:31.000Z</time>
        <extensions>
          <ns3:TrackPointExtension/>
        </extensions>
      </trkpt>
      <trkpt lat="43.238489069044589996337890625" lon="-79.99958577565848827362060546875">
        <ele>167</ele>
        <time>2026-09-05T21:15:36.000Z</time>
        <extensions>
          <ns3:TrackPointExtension/>
        </extensions>
      </trkpt>
      <trkpt lat="43.2384788431227207183837890625" lon="-79.999534897506237030029296875">
        <ele>167</ele>
        <time>2026-09-05T21:15:39.000Z</time>
        <extensions>
          <ns3:TrackPointExtension/>
        </extensions>
      </trkpt>
      <trkpt lat="43.23843165300786495208740234375" lon="-79.9993630684912204742431640625">
        <ele>167</ele>
        <time>2026-09-05T21:15:47.000Z</time>
        <extensions>
          <ns3:TrackPointExtension/>
        </extensions>
      </trkpt>
      <trkpt lat="43.2384389452636241912841796875" lon="-79.999233148992061614990234375">
        <ele>167</ele>
        <time>2026-09-05T21:15:56.000Z</time>
        <extensions>
          <ns3:TrackPointExtension/>
        </extensions>
      </trkpt>
      <trkpt lat="43.2383889891207218170166015625" lon="-79.9990928359329700469970703125">
        <ele>167</ele>
        <time>2026-09-05T21:16:05.000Z</time>
        <extensions>
          <ns3:TrackPointExtension/>
        </extensions>
      </trkpt>
      <trkpt lat="43.238354288041591644287109375" lon="-79.9989453144371509552001953125">
        <ele>167</ele>
        <time>2026-09-05T21:16:15.000Z</time>
        <extensions>
          <ns3:TrackPointExtension/>
        </extensions>
      </trkpt>
      <trkpt lat="43.23830374516546726226806640625" lon="-79.9987954460084438323974609375">
        <ele>167.1999969482421875</ele>
        <time>2026-09-05T21:16:23.000Z</time>
        <extensions>
          <ns3:TrackPointExtension/>
        </extensions>
      </trkpt>
      <trkpt lat="43.23823886923491954803466796875" lon="-79.99864951707422733306884765625">
        <ele>167.1999969482421875</ele>
        <time>2026-09-05T21:16:30.000Z</time>
        <extensions>
          <ns3:TrackPointExtension/>
        </extensions>
      </trkpt>
      <trkpt lat="43.238182961940765380859375" lon="-79.998527057468891143798828125">
        <ele>167.399993896484375</ele>
        <time>2026-09-05T21:16:37.000Z</time>
        <extensions>
          <ns3:TrackPointExtension/>
        </extensions>
      </trkpt>
      <trkpt lat="43.23809017427265644073486328125" lon="-79.998419769108295440673828125">
        <ele>167.399993896484375</ele>
        <time>2026-09-05T21:16:45.000Z</time>
        <extensions>
          <ns3:TrackPointExtension/>
        </extensions>
      </trkpt>
      <trkpt lat="43.237980119884014129638671875" lon="-79.99833888374269008636474609375">
        <ele>167.399993896484375</ele>
        <time>2026-09-05T21:16:53.000Z</time>
        <extensions>
          <ns3:TrackPointExtension/>
        </extensions>
      </trkpt>
      <trkpt lat="43.237890265882015228271484375" lon="-79.9983072839677333831787109375">
        <ele>167.600006103515625</ele>
        <time>2026-09-05T21:16:59.000Z</time>
        <extensions>
          <ns3:TrackPointExtension/>
        </extensions>
      </trkpt>
      <trkpt lat="43.2378726638853549957275390625" lon="-79.99829915352165699005126953125">
        <ele>167.600006103515625</ele>
        <time>2026-09-05T21:17:00.000Z</time>
        <extensions>
          <ns3:TrackPointExtension/>
        </extensions>
      </trkpt>
      <trkpt lat="43.23774802498519420623779296875" lon="-79.998278953135013580322265625">
        <ele>167.600006103515625</ele>
        <time>2026-09-05T21:17:08.000Z</time>
        <extensions>
          <ns3:TrackPointExtension/>
        </extensions>
      </trkpt>
      <trkpt lat="43.237635791301727294921875" lon="-79.99830015935003757476806640625">
        <ele>167.600006103515625</ele>
        <time>2026-09-05T21:17:16.000Z</time>
        <extensions>
          <ns3:TrackPointExtension/>
        </extensions>
      </trkpt>
      <trkpt lat="43.23755473829805850982666015625" lon="-79.99833921901881694793701171875">
        <ele>167.600006103515625</ele>
        <time>2026-09-05T21:17:23.000Z</time>
        <extensions>
          <ns3:TrackPointExtension/>
        </extensions>
      </trkpt>
      <trkpt lat="43.23747217655181884765625" lon="-79.99838816933333873748779296875">
        <ele>167.600006103515625</ele>
        <time>2026-09-05T21:17:32.000Z</time>
        <extensions>
          <ns3:TrackPointExtension/>
        </extensions>
      </trkpt>
      <trkpt lat="43.23746404610574245452880859375" lon="-79.998390935361385345458984375">
        <ele>167.8000030517578125</ele>
        <time>2026-09-05T21:17:38.000Z</time>
        <extensions>
          <ns3:TrackPointExtension/>
        </extensions>
      </trkpt>
      <trkpt lat="43.23745985515415668487548828125" lon="-79.99839068390429019927978515625">
        <ele>167.8000030517578125</ele>
        <time>2026-09-05T21:17:45.000Z</time>
        <extensions>
          <ns3:TrackPointExtension/>
        </extensions>
      </trkpt>
      <trkpt lat="43.237454406917095184326171875" lon="-79.99838112853467464447021484375">
        <ele>168</ele>
        <time>2026-09-05T21:17:46.000Z</time>
        <extensions>
          <ns3:TrackPointExtension/>
        </extensions>
      </trkpt>
      <trkpt lat="43.2374166883528232574462890625" lon="-79.9983324296772480010986328125">
        <ele>168</ele>
        <time>2026-09-05T21:17:53.000Z</time>
        <extensions>
          <ns3:TrackPointExtension/>
        </extensions>
      </trkpt>
      <trkpt lat="43.23737100698053836822509765625" lon="-79.998382888734340667724609375">
        <ele>168.1999969482421875</ele>
        <time>2026-09-05T21:18:02.000Z</time>
        <extensions>
          <ns3:TrackPointExtension/>
        </extensions>
      </trkpt>
      <trkpt lat="43.237320967018604278564453125" lon="-79.99838079325854778289794921875">
        <ele>168.399993896484375</ele>
        <time>2026-09-05T21:18:09.000Z</time>
        <extensions>
          <ns3:TrackPointExtension/>
        </extensions>
      </trkpt>
      <trkpt lat="43.23726707138121128082275390625" lon="-79.9983237124979496002197265625">
        <ele>168.600006103515625</ele>
        <time>2026-09-05T21:18:18.000Z</time>
        <extensions>
          <ns3:TrackPointExtension/>
        </extensions>
      </trkpt>
      <trkpt lat="43.2372145168483257293701171875" lon="-79.99827534891664981842041015625">
        <ele>168.600006103515625</ele>
        <time>2026-09-05T21:18:23.000Z</time>
        <extensions>
          <ns3:TrackPointExtension/>
        </extensions>
      </trkpt>
      <trkpt lat="43.23713698424398899078369140625" lon="-79.9982402287423610687255859375">
        <ele>168.8000030517578125</ele>
        <time>2026-09-05T21:18:27.000Z</time>
        <extensions>
          <ns3:TrackPointExtension/>
        </extensions>
      </trkpt>
      <trkpt lat="43.237085603177547454833984375" lon="-79.9982167594134807586669921875">
        <ele>169</ele>
        <time>2026-09-05T21:18:30.000Z</time>
        <extensions>
          <ns3:TrackPointExtension/>
        </extensions>
      </trkpt>
      <trkpt lat="43.23701125569641590118408203125" lon="-79.99820016324520111083984375">
        <ele>169</ele>
        <time>2026-09-05T21:18:34.000Z</time>
        <extensions>
          <ns3:TrackPointExtension/>
        </extensions>
      </trkpt>
      <trkpt lat="43.2369674183428287506103515625" lon="-79.99820795841515064239501953125">
        <ele>169.1999969482421875</ele>
        <time>2026-09-05T21:18:37.000Z</time>
        <extensions>
          <ns3:TrackPointExtension/>
        </extensions>
      </trkpt>
      <trkpt lat="43.236938081681728363037109375" lon="-79.99824467115104198455810546875">
        <ele>169.1999969482421875</ele>
        <time>2026-09-05T21:18:41.000Z</time>
        <extensions>
          <ns3:TrackPointExtension/>
        </extensions>
      </trkpt>
      <trkpt lat="43.2369298674166202545166015625" lon="-79.998281635344028472900390625">
        <ele>169.399993896484375</ele>
        <time>2026-09-05T21:18:44.000Z</time>
        <extensions>
          <ns3:TrackPointExtension/>
        </extensions>
      </trkpt>
      <trkpt lat="43.2369224913418292999267578125" lon="-79.99832262285053730010986328125">
        <ele>169.399993896484375</ele>
        <time>2026-09-05T21:18:48.000Z</time>
        <extensions>
          <ns3:TrackPointExtension/>
        </extensions>
      </trkpt>
      <trkpt lat="43.2369204796850681304931640625" lon="-79.9983341060578823089599609375">
        <ele>169.399993896484375</ele>
        <time>2026-09-05T21:18:49.000Z</time>
        <extensions>
          <ns3:TrackPointExtension/>
        </extensions>
      </trkpt>
    </trkseg>
  </trk>
</gpx>
